{"type":"FeatureCollection","features":[{"type":"Feature","properties":{"n":"光進路","v":"二水鄉","w":3.25,"c":0.75,"r":1},"geometry":{"type":"MultiPolygon","coordinates":[[[[120.616404,23.81443],[120.616389,23.814396],[120.616369,23.814392],[120.616202,23.814179],[120.616182,23.814207],[120.616353,23.814425],[120.616404,23.81443]]]]}},{"type":"Feature","properties":{"n":"光聖巷","v":"二水鄉","w":0.92,"c":0.92,"r":null},"geometry":{"type":"MultiPolygon","coordinates":[[[[120.616863,23.814052],[120.617107,23.813802],[120.617101,23.813797],[120.616857,23.814046],[120.616863,23.814052]]]]}},{"type":"Feature","properties":{"n":"光聖巷","v":"二水鄉","w":3.68,"c":3.68,"r":1},"geometry":{"type":"MultiPolygon","coordinates":[[[[120.616389,23.814396],[120.616404,23.81443],[120.616565,23.81431],[120.616663,23.81423],[120.616639,23.814207],[120.616467,23.814342],[120.616389,23.814396]]]]}},{"type":"Feature","properties":{"n":"惠民路","v":"二水鄉","w":2.95,"c":2.95,"r":5},"geometry":{"type":"MultiPolygon","coordinates":[[[[120.618321,23.812757],[120.618333,23.812765],[120.618347,23.812768],[120.618368,23.812757],[120.619221,23.812155],[120.619223,23.812137],[120.619027,23.812266],[120.61875,23.812459],[120.618742,23.81245],[120.618471,23.812638],[120.618478,23.812646],[120.618345,23.81274],[120.618321,23.812757]]]]}},{"type":"Feature","properties":{"n":"英義路","v":"二水鄉","w":6.14,"c":4.83,"r":null},"geometry":{"type":"MultiPolygon","coordinates":[[[[120.641998,23.798408],[120.641658,23.798386],[120.641655,23.798441],[120.641983,23.798464],[120.641985,23.798443],[120.641995,23.798444],[120.641998,23.798408]]]]}},{"type":"Feature","properties":{"n":"光文路","v":"二水鄉","w":2.28,"c":2.28,"r":2},"geometry":{"type":"MultiPolygon","coordinates":[[[[120.618099,23.812931],[120.617862,23.812708],[120.61785,23.812724],[120.618078,23.81294],[120.618085,23.812943],[120.618092,23.812937],[120.618099,23.812931]]]]}},{"type":"Feature","properties":{"n":"惠民路","v":"二水鄉","w":3.16,"c":0.98,"r":4},"geometry":{"type":"MultiPolygon","coordinates":[[[[120.6196,23.812017],[120.619552,23.812016],[120.619531,23.812028],[120.618209,23.81296],[120.618209,23.812982],[120.618216,23.813002],[120.618574,23.81274],[120.619588,23.812025],[120.6196,23.812017]]]]}},{"type":"Feature","properties":{"n":"光文路","v":"二水鄉","w":2.49,"c":2.49,"r":4},"geometry":{"type":"MultiPolygon","coordinates":[[[[120.61784,23.813205],[120.61785,23.813194],[120.617838,23.813173],[120.617618,23.812954],[120.617708,23.812876],[120.617706,23.812863],[120.617698,23.812856],[120.617584,23.812949],[120.617825,23.813193],[120.61784,23.813205]]]]}},{"type":"Feature","properties":{"n":"沙崙路","v":"二林鎮","w":8.06,"c":3.48,"r":null},"geometry":{"type":"MultiPolygon","coordinates":[[[[120.428232,23.93171],[120.428311,23.931719],[120.428317,23.931678],[120.428346,23.931613],[120.428397,23.931554],[120.428461,23.931512],[120.428892,23.931339],[120.429336,23.93117],[120.429675,23.931053],[120.429999,23.930952],[120.430379,23.930854],[120.43074,23.930778],[120.431124,23.930715],[120.431531,23.930667],[120.432058,23.930627],[120.432123,23.930627],[120.432176,23.93064],[120.432182,23.930622],[120.432233,23.930644],[120.432278,23.930675],[120.432313,23.930714],[120.432337,23.930754],[120.432348,23.930795],[120.4324,23.930792],[120.432392,23.930753],[120.432359,23.930683],[120.43231,23.930627],[120.43228,23.930604],[120.432247,23.930585],[120.432178,23.930561],[120.432091,23.930553],[120.43167,23.930581],[120.431317,23.930616],[120.430937,23.930669],[120.430724,23.930706],[120.430473,23.930757],[120.430263,23.930806],[120.429974,23.930883],[120.429545,23.931018],[120.429123,23.93117],[120.428462,23.931433],[120.428383,23.931471],[120.428356,23.93149],[120.428307,23.931537],[120.428269,23.931592],[120.428256,23.931619],[120.428238,23.931677],[120.428232,23.93171]]]]}},{"type":"Feature","properties":{"n":"無路名","v":"二林鎮","w":5.49,"c":5.49,"r":null},"geometry":{"type":"MultiPolygon","coordinates":[[[[120.430587,23.936001],[120.430602,23.935989],[120.430432,23.935848],[120.430413,23.935819],[120.430404,23.935783],[120.43041,23.935724],[120.430427,23.935688],[120.430471,23.935644],[120.430528,23.93562],[120.430515,23.935582],[120.430481,23.935594],[120.430418,23.935626],[120.430384,23.935662],[120.43037,23.935683],[120.430353,23.935727],[120.430349,23.935776],[120.430365,23.935831],[120.430392,23.935878],[120.430407,23.935896],[120.430562,23.936023],[120.430587,23.936001]]]]}},{"type":"Feature","properties":{"n":"沙崙路","v":"二林鎮","w":7.1,"c":2.91,"r":1},"geometry":{"type":"MultiPolygon","coordinates":[[[[120.449598,23.930293],[120.450932,23.930276],[120.451148,23.930266],[120.451369,23.930234],[120.453064,23.930044],[120.45377,23.929936],[120.453765,23.929912],[120.453091,23.930015],[120.451815,23.930144],[120.451159,23.930198],[120.450999,23.930208],[120.449622,23.930227],[120.449605,23.930257],[120.449598,23.93029],[120.449598,23.930293]]]]}},{"type":"Feature","properties":{"n":"沙崙路","v":"二林鎮","w":7.5,"c":2.36,"r":1},"geometry":{"type":"MultiPolygon","coordinates":[[[[120.445768,23.929846],[120.445692,23.929842],[120.445642,23.929827],[120.445603,23.929803],[120.44556,23.929755],[120.445468,23.929807],[120.44549,23.929838],[120.445531,23.929878],[120.445595,23.929917],[120.445673,23.929939],[120.44577,23.929945],[120.450927,23.929865],[120.451567,23.929863],[120.452114,23.929852],[120.452606,23.929829],[120.453146,23.929792],[120.453555,23.929754],[120.453708,23.929745],[120.453724,23.929736],[120.453729,23.929721],[120.453728,23.929714],[120.453701,23.929719],[120.45344,23.929722],[120.45312,23.929743],[120.45289,23.929745],[120.452073,23.929769],[120.452074,23.929786],[120.451812,23.929792],[120.450926,23.929797],[120.445768,23.929877],[120.445768,23.929846]]]]}},{"type":"Feature","properties":{"n":"沙崙路","v":"二林鎮","w":11.03,"c":3.26,"r":null},"geometry":{"type":"MultiPolygon","coordinates":[[[[120.438071,23.929973],[120.438073,23.930072],[120.441905,23.930009],[120.441951,23.929979],[120.442,23.929978],[120.442022,23.930009],[120.444936,23.929959],[120.44502,23.929947],[120.445097,23.929917],[120.44513,23.929895],[120.445159,23.929868],[120.445193,23.929815],[120.445095,23.929772],[120.445075,23.929805],[120.445041,23.929832],[120.444991,23.929851],[120.444936,23.929859],[120.441904,23.92991],[120.438071,23.929973]]]]}},{"type":"Feature","properties":{"n":"沙崙路","v":"二林鎮","w":8.86,"c":3.66,"r":null},"geometry":{"type":"MultiPolygon","coordinates":[[[[120.435928,23.930554],[120.43625,23.930546],[120.43625,23.930526],[120.437238,23.93051],[120.437461,23.93051],[120.437461,23.930524],[120.437548,23.930526],[120.437548,23.930511],[120.437583,23.930511],[120.43763,23.930522],[120.437657,23.930542],[120.437696,23.930591],[120.437714,23.93065],[120.437758,23.930651],[120.437746,23.93059],[120.437732,23.930557],[120.437706,23.930515],[120.437662,23.93047],[120.437611,23.930444],[120.437582,23.930436],[120.437486,23.930425],[120.436206,23.930449],[120.435279,23.930482],[120.43281,23.930526],[120.432747,23.930532],[120.432695,23.930545],[120.432653,23.930565],[120.432606,23.930598],[120.432571,23.930632],[120.432535,23.930688],[120.432516,23.930742],[120.432508,23.930795],[120.432553,23.930803],[120.432575,23.930731],[120.432607,23.930675],[120.43266,23.930629],[120.43272,23.9306],[120.432726,23.930616],[120.432792,23.930602],[120.433405,23.930587],[120.433708,23.930559],[120.434146,23.930551],[120.43415,23.930578],[120.434189,23.930579],[120.435668,23.930555],[120.435928,23.930554]]]]}},{"type":"Feature","properties":{"n":"無路名","v":"二林鎮","w":5.16,"c":2.13,"r":null},"geometry":{"type":"MultiPolygon","coordinates":[[[[120.430441,23.935429],[120.430192,23.935525],[120.430142,23.935532],[120.430089,23.935519],[120.430022,23.935459],[120.429868,23.935284],[120.429777,23.935172],[120.429667,23.935024],[120.429543,23.93484],[120.429424,23.934644],[120.429317,23.934442],[120.429203,23.934194],[120.428971,23.933581],[120.428968,23.933535],[120.428971,23.933516],[120.428987,23.933478],[120.429,23.933461],[120.429031,23.933434],[120.429099,23.933407],[120.429084,23.933368],[120.429053,23.933377],[120.428999,23.933406],[120.428955,23.933448],[120.428927,23.933499],[120.428921,23.933525],[120.428918,23.933575],[120.428922,23.933601],[120.428941,23.933653],[120.429155,23.93421],[120.429271,23.934461],[120.429348,23.934609],[120.429445,23.934777],[120.429625,23.935049],[120.429736,23.935199],[120.429828,23.935312],[120.430021,23.935533],[120.430053,23.935557],[120.430115,23.935578],[120.43015,23.935581],[120.430191,23.935575],[120.430237,23.935561],[120.430462,23.935471],[120.430441,23.935429]]]]}},{"type":"Feature","properties":{"n":"無路名","v":"二林鎮","w":5.32,"c":2.17,"r":null},"geometry":{"type":"MultiPolygon","coordinates":[[[[120.428551,23.932626],[120.428753,23.933159],[120.428788,23.933219],[120.428834,23.933261],[120.428871,23.93328],[120.42891,23.933291],[120.428973,23.933294],[120.429018,23.933285],[120.429059,23.93327],[120.429021,23.933239],[120.428967,23.933254],[120.428906,23.933248],[120.428864,23.933229],[120.428828,23.933199],[120.428805,23.93315],[120.428575,23.932549],[120.42855,23.932577],[120.428545,23.932598],[120.428548,23.932619],[120.428551,23.932626]]]]}},{"type":"Feature","properties":{"n":"無路名","v":"二林鎮","w":5.22,"c":2.2,"r":null},"geometry":{"type":"MultiPolygon","coordinates":[[[[120.42831,23.931775],[120.428311,23.931719],[120.428232,23.93171],[120.428234,23.931776],[120.428256,23.931859],[120.428469,23.932412],[120.428486,23.932445],[120.428495,23.932454],[120.42852,23.932466],[120.428545,23.932467],[120.428331,23.931906],[120.428309,23.931812],[120.428319,23.93181],[120.428316,23.931801],[120.42831,23.931775]]]]}},{"type":"Feature","properties":{"n":"沙崙路","v":"二林鎮","w":10.72,"c":3.61,"r":null},"geometry":{"type":"MultiPolygon","coordinates":[[[[120.441653,23.93036],[120.441305,23.930362],[120.438092,23.930416],[120.438016,23.930434],[120.437977,23.930453],[120.437934,23.930488],[120.437904,23.930523],[120.437883,23.930562],[120.437869,23.930604],[120.437867,23.930642],[120.437908,23.930651],[120.437921,23.930594],[120.437955,23.930545],[120.437999,23.930513],[120.438034,23.930502],[120.43807,23.930497],[120.438071,23.930516],[120.441306,23.930458],[120.441661,23.930457],[120.441661,23.930437],[120.441729,23.930445],[120.441791,23.930474],[120.441824,23.930502],[120.441849,23.930539],[120.441865,23.930578],[120.441871,23.93062],[120.441913,23.93062],[120.441903,23.930559],[120.441895,23.930534],[120.441853,23.930465],[120.441812,23.930424],[120.441776,23.930399],[120.441722,23.930375],[120.441677,23.930362],[120.441653,23.93036]]]]}},{"type":"Feature","properties":{"n":"沙崙路","v":"二林鎮","w":10.4,"c":3.45,"r":null},"geometry":{"type":"MultiPolygon","coordinates":[[[[120.442071,23.930601],[120.442084,23.930535],[120.442099,23.930507],[120.442122,23.930482],[120.442147,23.93046],[120.442177,23.930444],[120.442208,23.930434],[120.442253,23.930426],[120.442265,23.930427],[120.442265,23.930442],[120.442305,23.930442],[120.445013,23.930385],[120.445052,23.930391],[120.445096,23.930406],[120.445151,23.930446],[120.445169,23.930466],[120.445191,23.930503],[120.445205,23.930564],[120.445296,23.930552],[120.445283,23.930492],[120.445246,23.930422],[120.445199,23.930372],[120.445138,23.930332],[120.445085,23.930313],[120.445036,23.930303],[120.444805,23.930304],[120.442292,23.930346],[120.442235,23.930356],[120.442188,23.930372],[120.442118,23.930416],[120.442075,23.930461],[120.44204,23.930518],[120.442024,23.930596],[120.442071,23.930601]]]]}},{"type":"Feature","properties":{"n":"沙崙路","v":"二林鎮","w":7.22,"c":3.04,"r":null},"geometry":{"type":"MultiPolygon","coordinates":[[[[120.445404,23.93054],[120.445475,23.930557],[120.44549,23.930496],[120.445511,23.930452],[120.445562,23.930403],[120.445597,23.93038],[120.445629,23.930367],[120.445665,23.930361],[120.445785,23.930358],[120.445785,23.930347],[120.449198,23.930299],[120.44954,23.930291],[120.44954,23.930288],[120.449531,23.93025],[120.449514,23.930229],[120.445699,23.93029],[120.445593,23.930307],[120.445527,23.930341],[120.445452,23.930411],[120.445428,23.930454],[120.445415,23.93049],[120.445404,23.93054]]]]}},{"type":"Feature","properties":{"n":"沙崙路","v":"二林鎮","w":8.35,"c":3.99,"r":null},"geometry":{"type":"MultiPolygon","coordinates":[[[[120.426551,23.932338],[120.426648,23.932369],[120.426961,23.932198],[120.427175,23.93209],[120.427576,23.9319],[120.427786,23.931811],[120.427853,23.931805],[120.427893,23.931815],[120.427917,23.931827],[120.42796,23.931865],[120.427995,23.931927],[120.42807,23.931897],[120.428046,23.931849],[120.428018,23.931811],[120.427983,23.931777],[120.42795,23.931758],[120.427914,23.931742],[120.427858,23.93173],[120.427799,23.931732],[120.42776,23.931739],[120.427699,23.931762],[120.42754,23.931833],[120.427136,23.932023],[120.42692,23.932133],[120.426575,23.932322],[120.426551,23.932338]]]]}},{"type":"Feature","properties":{"n":"二林國小","v":"二林鎮","w":3.6,"c":1.51,"r":6},"geometry":{"type":"MultiPolygon","coordinates":[[[[120.374662,23.899689],[120.374663,23.899697],[120.375091,23.899695],[120.375091,23.899686],[120.375219,23.899686],[120.375572,23.899673],[120.375562,23.899643],[120.375219,23.899654],[120.374217,23.899659],[120.374217,23.899691],[120.374612,23.89969],[120.374662,23.899689]]]]}},{"type":"Feature","properties":{"n":"二林高中","v":"二林鎮","w":4.68,"c":1.08,"r":4},"geometry":{"type":"MultiPolygon","coordinates":[[[[120.359461,23.889504],[120.359307,23.889376],[120.359281,23.889403],[120.359378,23.889483],[120.359363,23.889497],[120.359383,23.889511],[120.359356,23.889539],[120.359546,23.889699],[120.359553,23.889693],[120.359636,23.889763],[120.359656,23.889744],[120.35968,23.889764],[120.359655,23.889791],[120.359723,23.889843],[120.35973,23.889836],[120.35974,23.889844],[120.359734,23.88985],[120.359803,23.889909],[120.359789,23.889923],[120.359932,23.890054],[120.359979,23.890011],[120.360135,23.890155],[120.3601,23.89019],[120.360105,23.890193],[120.36013,23.890191],[120.360165,23.890197],[120.360206,23.890159],[120.359839,23.889824],[120.359478,23.889519],[120.359461,23.889504]]]]}},{"type":"Feature","properties":{"n":"二林國小","v":"二林鎮","w":3.25,"c":3.25,"r":1},"geometry":{"type":"MultiPolygon","coordinates":[[[[120.370916,23.901523],[120.372647,23.901515],[120.372692,23.901508],[120.372718,23.901487],[120.370917,23.901495],[120.370916,23.901523]]]]}},{"type":"Feature","properties":{"n":"二林國小","v":"二林鎮","w":4.05,"c":1.39,"r":2},"geometry":{"type":"MultiPolygon","coordinates":[[[[120.372522,23.900035],[120.372686,23.901461],[120.372686,23.901486],[120.372718,23.901487],[120.372726,23.901468],[120.372704,23.901264],[120.372565,23.900047],[120.372556,23.900041],[120.372522,23.900035]]]]}},{"type":"Feature","properties":{"n":"二林高級工商職業","v":"二林鎮","w":3.9,"c":1.57,"r":2},"geometry":{"type":"MultiPolygon","coordinates":[[[[120.378679,23.899604],[120.378754,23.899677],[120.37881,23.899745],[120.378831,23.899762],[120.378814,23.899707],[120.378793,23.899663],[120.378761,23.899623],[120.37873,23.899594],[120.378695,23.899568],[120.378655,23.899548],[120.37859,23.899529],[120.37855,23.899525],[120.376827,23.89959],[120.375745,23.899634],[120.375726,23.899637],[120.375729,23.899666],[120.375764,23.899664],[120.375764,23.899668],[120.37854,23.89956],[120.378586,23.899563],[120.378657,23.899591],[120.378679,23.899604]]]]}},{"type":"Feature","properties":{"n":"建興街","v":"二林鎮","w":3.81,"c":3.81,"r":null},"geometry":{"type":"MultiPolygon","coordinates":[[[[120.370187,23.897969],[120.370254,23.897775],[120.37034,23.897727],[120.370349,23.897713],[120.370312,23.897614],[120.370415,23.897274],[120.370425,23.897203],[120.37042,23.897172],[120.370408,23.897151],[120.370395,23.897152],[120.370404,23.897177],[120.370401,23.897202],[120.370346,23.897389],[120.370237,23.897702],[120.370154,23.897963],[120.370172,23.897968],[120.370187,23.897969]]]]}},{"type":"Feature","properties":{"n":"儒林路","v":"二林鎮","w":3.65,"c":2.98,"r":1},"geometry":{"type":"MultiPolygon","coordinates":[[[[120.375841,23.874658],[120.3759,23.874595],[120.37606,23.874393],[120.376261,23.874101],[120.376229,23.874091],[120.376223,23.874092],[120.376214,23.874101],[120.376149,23.874204],[120.376016,23.874394],[120.375926,23.874512],[120.37582,23.874639],[120.375841,23.874658]]]]}},{"type":"Feature","properties":{"n":"原竹路","v":"二林鎮","w":2.52,"c":1.47,"r":null},"geometry":{"type":"MultiPolygon","coordinates":[[[[120.42604,23.895908],[120.426072,23.895788],[120.426091,23.895687],[120.426099,23.895634],[120.426089,23.895626],[120.426094,23.895605],[120.426109,23.895607],[120.426256,23.894887],[120.426237,23.894884],[120.426087,23.895563],[120.426055,23.895731],[120.426015,23.895895],[120.42604,23.895908]]]]}},{"type":"Feature","properties":{"n":"彰127鄉道","v":"二林鎮","w":1.81,"c":1.81,"r":null},"geometry":{"type":"MultiPolygon","coordinates":[[[[120.394865,23.936959],[120.39486,23.936944],[120.393998,23.937207],[120.394003,23.937222],[120.394778,23.936986],[120.394865,23.936959]]]]}},{"type":"Feature","properties":{"n":"鎮平巷","v":"二林鎮","w":2.7,"c":1.22,"r":null},"geometry":{"type":"MultiPolygon","coordinates":[[[[120.39486,23.936944],[120.394865,23.936959],[120.394876,23.936968],[120.394893,23.936995],[120.394969,23.937041],[120.39499,23.93704],[120.395545,23.93764],[120.39556,23.937634],[120.395009,23.937021],[120.39487,23.936941],[120.39486,23.936944]]]]}},{"type":"Feature","properties":{"n":"二溪路六段","v":"二林鎮","w":2.02,"c":0.36,"r":null},"geometry":{"type":"MultiPolygon","coordinates":[[[[120.415465,23.955579],[120.415908,23.955479],[120.415924,23.955483],[120.415951,23.955478],[120.415968,23.955493],[120.416013,23.955499],[120.416029,23.955493],[120.41603,23.95547],[120.416062,23.955465],[120.416051,23.955406],[120.415901,23.955443],[120.415658,23.955516],[120.414674,23.955738],[120.414678,23.955753],[120.415248,23.955628],[120.415465,23.955579]]]]}},{"type":"Feature","properties":{"n":"中正西路","v":"大村鄉","w":2.64,"c":2.51,"r":1},"geometry":{"type":"MultiPolygon","coordinates":[[[[120.546391,23.993529],[120.545498,23.993863],[120.545508,23.993887],[120.546354,23.993565],[120.546382,23.993554],[120.546391,23.993537],[120.546391,23.993529]]]]}},{"type":"Feature","properties":{"n":"大城國小","v":"大城鄉","w":1.75,"c":1.75,"r":5},"geometry":{"type":"MultiPolygon","coordinates":[[[[120.320816,23.853463],[120.320784,23.853469],[120.320778,23.853486],[120.320766,23.853491],[120.320721,23.853481],[120.320714,23.853454],[120.320669,23.853464],[120.320603,23.85345],[120.3206,23.853477],[120.320179,23.853385],[120.320138,23.853388],[120.320178,23.853402],[120.320783,23.853531],[120.320802,23.853527],[120.320827,23.853513],[120.320824,23.853498],[120.320816,23.853463]]]]}},{"type":"Feature","properties":{"n":"大城國小","v":"大城鄉","w":2,"c":1.06,"r":null},"geometry":{"type":"MultiPolygon","coordinates":[[[[120.320638,23.852249],[120.320658,23.85225],[120.320633,23.851577],[120.320608,23.851582],[120.320638,23.852249]]]]}},{"type":"Feature","properties":{"n":"大城國小","v":"大城鄉","w":3.6,"c":2.76,"r":null},"geometry":{"type":"MultiPolygon","coordinates":[[[[120.320762,23.853351],[120.320792,23.853345],[120.320704,23.852887],[120.320678,23.852772],[120.320688,23.852771],[120.320688,23.852664],[120.320682,23.852567],[120.320683,23.852345],[120.320664,23.85235],[120.320584,23.852429],[120.320611,23.852611],[120.320653,23.852828],[120.320671,23.852903],[120.320687,23.85302],[120.320661,23.853026],[120.320653,23.853036],[120.320647,23.853073],[120.320681,23.85309],[120.320698,23.853155],[120.320678,23.853188],[120.320677,23.8532],[120.320729,23.853357],[120.320762,23.853351]]]]}},{"type":"Feature","properties":{"n":"中山路二段","v":"北斗鎮","w":2.41,"c":0.79,"r":null},"geometry":{"type":"MultiPolygon","coordinates":[[[[120.519847,23.87664],[120.519857,23.876615],[120.519179,23.875849],[120.51916,23.875829],[120.519147,23.875832],[120.519137,23.875839],[120.519847,23.87664]]]]}},{"type":"Feature","properties":{"n":"中山路二段","v":"北斗鎮","w":2.83,"c":1.34,"r":null},"geometry":{"type":"MultiPolygon","coordinates":[[[[120.518097,23.874668],[120.518071,23.874687],[120.518107,23.87472],[120.518135,23.874801],[120.518159,23.874836],[120.518211,23.874797],[120.519089,23.875792],[120.519101,23.875786],[120.519106,23.875775],[120.519102,23.875763],[120.517402,23.873846],[120.517362,23.873802],[120.517328,23.873789],[120.517321,23.873794],[120.517784,23.874315],[120.518097,23.874668]]]]}},{"type":"Feature","properties":{"n":"中華路","v":"北斗鎮","w":2.65,"c":2.65,"r":null},"geometry":{"type":"MultiPolygon","coordinates":[[[[120.526663,23.873232],[120.526634,23.873202],[120.526041,23.873188],[120.525373,23.873175],[120.525355,23.873182],[120.52534,23.873202],[120.52618,23.873215],[120.526663,23.873232]]]]}},{"type":"Feature","properties":{"n":"中華路","v":"北斗鎮","w":3.16,"c":3.16,"r":null},"geometry":{"type":"MultiPolygon","coordinates":[[[[120.526606,23.873054],[120.526658,23.873042],[120.525394,23.873014],[120.525396,23.873027],[120.525407,23.873034],[120.525436,23.87304],[120.526127,23.873059],[120.526606,23.873054]]]]}},{"type":"Feature","properties":{"n":"中華路","v":"北斗鎮","w":3.49,"c":3.49,"r":null},"geometry":{"type":"MultiPolygon","coordinates":[[[[120.525239,23.873197],[120.52524,23.873173],[120.525222,23.873167],[120.524833,23.873158],[120.524505,23.873159],[120.524325,23.873155],[120.524289,23.873163],[120.524302,23.87318],[120.5244,23.873184],[120.525169,23.873198],[120.525239,23.873197]]]]}},{"type":"Feature","properties":{"n":"中華路","v":"北斗鎮","w":2.68,"c":2.68,"r":1},"geometry":{"type":"MultiPolygon","coordinates":[[[[120.526781,23.873235],[120.527089,23.873242],[120.52718,23.873239],[120.527299,23.873227],[120.527296,23.873208],[120.527288,23.873202],[120.527137,23.873216],[120.527032,23.873217],[120.526811,23.873207],[120.526802,23.873212],[120.526781,23.873235]]]]}},{"type":"Feature","properties":{"n":"中華路","v":"北斗鎮","w":2.29,"c":1.25,"r":null},"geometry":{"type":"MultiPolygon","coordinates":[[[[120.527355,23.873213],[120.527415,23.873199],[120.527546,23.873154],[120.527802,23.873045],[120.527945,23.872974],[120.527935,23.87296],[120.527629,23.8731],[120.527518,23.873144],[120.527449,23.873166],[120.527357,23.873187],[120.527355,23.873213]]]]}},{"type":"Feature","properties":{"n":"中華路","v":"北斗鎮","w":2.16,"c":1.25,"r":5},"geometry":{"type":"MultiPolygon","coordinates":[[[[120.526758,23.873053],[120.526912,23.873068],[120.527041,23.873074],[120.52721,23.87307],[120.527325,23.873055],[120.527399,23.873036],[120.52748,23.873006],[120.527901,23.872807],[120.527893,23.872796],[120.527471,23.872988],[120.527392,23.873018],[120.52732,23.873036],[120.527238,23.873049],[120.527111,23.873054],[120.526758,23.873044],[120.526758,23.873053]]]]}},{"type":"Feature","properties":{"n":"中華路","v":"北斗鎮","w":1.52,"c":1.52,"r":1},"geometry":{"type":"MultiPolygon","coordinates":[[[[120.523958,23.873007],[120.52411,23.87301],[120.524125,23.872996],[120.523961,23.872994],[120.523958,23.873007]]]]}},{"type":"Feature","properties":{"n":"中華路","v":"北斗鎮","w":2.32,"c":2.32,"r":2},"geometry":{"type":"MultiPolygon","coordinates":[[[[120.525249,23.873037],[120.525291,23.873032],[120.525311,23.873013],[120.524381,23.872999],[120.524374,23.873001],[120.524372,23.873009],[120.524368,23.873003],[120.524274,23.873003],[120.524285,23.873015],[120.524336,23.873019],[120.525237,23.873037],[120.525249,23.873037]]]]}},{"type":"Feature","properties":{"n":"復興路","v":"北斗鎮","w":3.91,"c":3.91,"r":1},"geometry":{"type":"MultiPolygon","coordinates":[[[[120.522969,23.88058],[120.522941,23.880613],[120.522895,23.88065],[120.522841,23.880688],[120.522767,23.880728],[120.522398,23.880867],[120.522294,23.880892],[120.522242,23.88089],[120.52217,23.880871],[120.522112,23.88082],[120.52208,23.880879],[120.522105,23.880883],[120.522183,23.880912],[120.522223,23.880922],[120.522299,23.880926],[120.522368,23.880915],[120.522808,23.880749],[120.522896,23.880694],[120.522975,23.88063],[120.523003,23.880603],[120.522969,23.88058]]]]}},{"type":"Feature","properties":{"n":"光復路","v":"北斗鎮","w":4.18,"c":2.4,"r":5},"geometry":{"type":"MultiPolygon","coordinates":[[[[120.523506,23.878204],[120.523489,23.878256],[120.523505,23.878292],[120.523508,23.878345],[120.523454,23.878627],[120.523077,23.880391],[120.523059,23.880455],[120.523026,23.88051],[120.522969,23.88058],[120.523003,23.880603],[120.52308,23.8805],[120.5231,23.880458],[120.523135,23.880304],[120.523466,23.878768],[120.52353,23.878456],[120.523561,23.878275],[120.523557,23.878258],[120.523547,23.878242],[120.523521,23.878216],[120.523506,23.878204]]]]}},{"type":"Feature","properties":{"n":"學府路","v":"北斗鎮","w":8.61,"c":6.59,"r":4},"geometry":{"type":"MultiPolygon","coordinates":[[[[120.520863,23.878078],[120.520956,23.878156],[120.521123,23.878165],[120.521759,23.878192],[120.522557,23.878218],[120.523063,23.878242],[120.523489,23.878256],[120.523506,23.878204],[120.523481,23.87819],[120.523425,23.878183],[120.520872,23.878077],[120.520863,23.878078]]]]}},{"type":"Feature","properties":{"n":"中山路二段","v":"北斗鎮","w":6.64,"c":3.3,"r":null},"geometry":{"type":"MultiPolygon","coordinates":[[[[120.520863,23.878078],[120.520834,23.878104],[120.520824,23.878127],[120.520839,23.878167],[120.521256,23.879104],[120.52127,23.879124],[120.521284,23.879131],[120.521315,23.8792],[120.52131,23.879221],[120.52204,23.880871],[120.522051,23.880882],[120.52208,23.880879],[120.522112,23.88082],[120.522082,23.880795],[120.521406,23.879297],[120.520924,23.878193],[120.520956,23.878156],[120.520863,23.878078]]]]}},{"type":"Feature","properties":{"n":"學府路","v":"北斗鎮","w":4.95,"c":2.8,"r":4},"geometry":{"type":"MultiPolygon","coordinates":[[[[120.522562,23.877969],[120.52254,23.877975],[120.522553,23.878017],[120.522599,23.878075],[120.522632,23.87809],[120.523522,23.878127],[120.523546,23.878122],[120.523561,23.878113],[120.523599,23.878075],[120.523558,23.878066],[120.523552,23.878089],[120.523541,23.878097],[120.523515,23.878104],[120.523453,23.878102],[120.523412,23.878072],[120.522913,23.878058],[120.52263,23.878041],[120.522562,23.877969]]]]}},{"type":"Feature","properties":{"n":"文苑路一段","v":"北斗鎮","w":4.15,"c":1.81,"r":null},"geometry":{"type":"MultiPolygon","coordinates":[[[[120.524023,23.875355],[120.522855,23.875417],[120.522868,23.87545],[120.523041,23.875439],[120.523708,23.87541],[120.524013,23.875391],[120.524023,23.875355]]]]}},{"type":"Feature","properties":{"n":"神社路","v":"北斗鎮","w":2.19,"c":1.52,"r":14},"geometry":{"type":"MultiPolygon","coordinates":[[[[120.522868,23.87545],[120.522855,23.875417],[120.522809,23.875473],[120.522792,23.875515],[120.522772,23.875595],[120.52254,23.877975],[120.522562,23.877969],[120.522628,23.87736],[120.522671,23.877139],[120.522643,23.877136],[120.522656,23.877033],[120.522704,23.876503],[120.522727,23.876497],[120.522735,23.876491],[120.52275,23.876475],[120.522757,23.876454],[120.522743,23.876419],[120.522751,23.876355],[120.522719,23.876352],[120.522795,23.875592],[120.522808,23.875533],[120.522823,23.875504],[120.522864,23.875455],[120.522868,23.87545]]]]}},{"type":"Feature","properties":{"n":"光復路","v":"北斗鎮","w":4.02,"c":2.29,"r":6},"geometry":{"type":"MultiPolygon","coordinates":[[[[120.524013,23.875391],[120.524,23.875858],[120.523993,23.875935],[120.523717,23.87727],[120.52363,23.877727],[120.523558,23.878066],[120.523599,23.878075],[120.523765,23.87723],[120.524029,23.875946],[120.524053,23.875378],[120.524049,23.875362],[120.524023,23.875355],[120.524013,23.875391]]]]}},{"type":"Feature","properties":{"n":"神社路","v":"北斗鎮","w":2.29,"c":1.63,"r":3},"geometry":{"type":"MultiPolygon","coordinates":[[[[120.522561,23.875467],[120.522549,23.875489],[120.522639,23.875584],[120.522519,23.876805],[120.522494,23.876808],[120.52249,23.876816],[120.522454,23.87682],[120.522441,23.876912],[120.522458,23.87696],[120.522475,23.876983],[120.522498,23.877],[120.522405,23.877953],[120.522401,23.877977],[120.52238,23.878012],[120.522342,23.878031],[120.522293,23.878031],[120.522328,23.878076],[120.52236,23.878063],[120.522408,23.878011],[120.522419,23.877988],[120.522428,23.877949],[120.52266,23.875591],[120.52265,23.875568],[120.52261,23.875518],[120.522561,23.875467]]]]}},{"type":"Feature","properties":{"n":"中山路二段","v":"北斗鎮","w":6.35,"c":2.15,"r":null},"geometry":{"type":"MultiPolygon","coordinates":[[[[120.520303,23.876787],[120.520244,23.876811],[120.520761,23.877989],[120.520818,23.878016],[120.520838,23.878019],[120.520829,23.877962],[120.520802,23.877928],[120.520305,23.876796],[120.520303,23.876787]]]]}},{"type":"Feature","properties":{"n":"文苑路一段","v":"北斗鎮","w":3.32,"c":1.9,"r":7},"geometry":{"type":"MultiPolygon","coordinates":[[[[120.520244,23.876811],[120.520303,23.876787],[120.520289,23.876688],[120.5203,23.876632],[120.520321,23.876587],[120.52039,23.876504],[120.521036,23.87605],[120.521291,23.875885],[120.521454,23.875771],[120.521728,23.875609],[120.521904,23.87554],[120.522069,23.875496],[120.52251,23.875467],[120.522549,23.875489],[120.522561,23.875467],[120.522512,23.875442],[120.522464,23.875439],[120.522325,23.875443],[120.522056,23.875467],[120.521925,23.875498],[120.521792,23.875544],[120.521638,23.875617],[120.521546,23.87567],[120.520379,23.876472],[120.520325,23.876531],[120.520288,23.87658],[120.520264,23.876638],[120.520251,23.876711],[120.520247,23.876768],[120.520244,23.876811]]]]}},{"type":"Feature","properties":{"n":"宮后街","v":"北斗鎮","w":1.92,"c":1.92,"r":null},"geometry":{"type":"MultiPolygon","coordinates":[[[[120.525237,23.875266],[120.525244,23.87528],[120.525282,23.875242],[120.525286,23.875021],[120.525268,23.87502],[120.525267,23.875051],[120.52523,23.875033],[120.525219,23.875204],[120.525264,23.87523],[120.525264,23.875237],[120.525237,23.875266]]]]}},{"type":"Feature","properties":{"n":"北斗鎮地政事務所","v":"北斗鎮","w":3.57,"c":2.69,"r":null},"geometry":{"type":"MultiPolygon","coordinates":[[[[120.524571,23.874467],[120.524572,23.874498],[120.524808,23.874507],[120.524843,23.874504],[120.525024,23.874509],[120.525022,23.874459],[120.524792,23.874466],[120.524571,23.874467]]]]}},{"type":"Feature","properties":{"n":"北斗鎮民代表會","v":"北斗鎮","w":3.45,"c":3.45,"r":null},"geometry":{"type":"MultiPolygon","coordinates":[[[[120.52424,23.874497],[120.524395,23.874499],[120.524395,23.874468],[120.524242,23.874466],[120.52424,23.874497]]]]}},{"type":"Feature","properties":{"n":"北斗鎮民代表會","v":"北斗鎮","w":2.46,"c":2.46,"r":1},"geometry":{"type":"MultiPolygon","coordinates":[[[[120.52424,23.874497],[120.524242,23.874466],[120.524221,23.874481],[120.524216,23.874494],[120.524186,23.875159],[120.524208,23.875158],[120.524219,23.874931],[120.524237,23.874931],[120.524252,23.874689],[120.524234,23.874688],[120.524236,23.874568],[120.52424,23.874497]]]]}},{"type":"Feature","properties":{"n":"地政路","v":"北斗鎮","w":3.86,"c":1.82,"r":null},"geometry":{"type":"MultiPolygon","coordinates":[[[[120.524061,23.8745],[120.524039,23.874464],[120.523721,23.87447],[120.523721,23.874499],[120.524024,23.8745],[120.524061,23.8745]]]]}},{"type":"Feature","properties":{"n":"文苑東路","v":"北斗鎮","w":1.48,"c":1.48,"r":null},"geometry":{"type":"MultiPolygon","coordinates":[[[[120.525244,23.87528],[120.525237,23.875266],[120.525083,23.87526],[120.525084,23.875272],[120.525244,23.87528]]]]}},{"type":"Feature","properties":{"n":" 光復路","v":"北斗鎮","w":3.89,"c":3.89,"r":2},"geometry":{"type":"MultiPolygon","coordinates":[[[[120.524061,23.8745],[120.524024,23.8745],[120.524002,23.875037],[120.524001,23.875173],[120.52401,23.875213],[120.524039,23.875213],[120.524044,23.874951],[120.524061,23.8745]]]]}},{"type":"Feature","properties":{"n":"思恩公園","v":"北斗鎮","w":3.57,"c":0.4,"r":null},"geometry":{"type":"MultiPolygon","coordinates":[[[[120.524475,23.880039],[120.5255,23.879586],[120.526057,23.879292],[120.526033,23.879257],[120.525936,23.879301],[120.525795,23.87939],[120.525651,23.879471],[120.525092,23.879733],[120.524461,23.88001],[120.524475,23.880039]]]]}},{"type":"Feature","properties":{"n":"斗苑路路二段","v":"北斗鎮","w":3.86,"c":0.96,"r":3},"geometry":{"type":"MultiPolygon","coordinates":[[[[120.51353,23.87591],[120.514079,23.87557],[120.514093,23.875571],[120.5142,23.875504],[120.51424,23.875478],[120.514244,23.875467],[120.514589,23.875243],[120.514563,23.875214],[120.514343,23.875362],[120.513513,23.875881],[120.51353,23.87591]]]]}},{"type":"Feature","properties":{"n":"永興路","v":"永靖鄉","w":1.84,"c":1.2,"r":1},"geometry":{"type":"MultiPolygon","coordinates":[[[[120.566535,23.925112],[120.566539,23.925096],[120.565958,23.924943],[120.565945,23.924955],[120.566137,23.925011],[120.566502,23.925104],[120.566535,23.925112]]]]}},{"type":"Feature","properties":{"n":"福德巷","v":"永靖鄉","w":2.88,"c":1.44,"r":null},"geometry":{"type":"MultiPolygon","coordinates":[[[[120.540916,23.914268],[120.540918,23.914294],[120.541428,23.91407],[120.541433,23.91407],[120.54144,23.914112],[120.541599,23.914111],[120.541613,23.913992],[120.541704,23.913955],[120.541693,23.913934],[120.541633,23.913955],[120.541418,23.914045],[120.541121,23.914178],[120.540916,23.914268]]]]}},{"type":"Feature","properties":{"n":"永靖國小","v":"永靖鄉","w":1.48,"c":1.48,"r":4},"geometry":{"type":"MultiPolygon","coordinates":[[[[120.54741,23.920938],[120.547639,23.920327],[120.547647,23.920316],[120.547661,23.920309],[120.547639,23.920298],[120.547624,23.920326],[120.547398,23.920928],[120.547358,23.921052],[120.547259,23.921323],[120.547245,23.921344],[120.547192,23.921487],[120.547193,23.921505],[120.547202,23.921522],[120.547215,23.921537],[120.547226,23.921541],[120.547239,23.921545],[120.547244,23.921531],[120.547242,23.921518],[120.547228,23.9215],[120.547205,23.921492],[120.54726,23.921346],[120.547269,23.921349],[120.547417,23.92094],[120.54741,23.920938]]]]}},{"type":"Feature","properties":{"n":"中山路二段","v":"永靖鄉","w":2.6,"c":1.04,"r":3},"geometry":{"type":"MultiPolygon","coordinates":[[[[120.547685,23.920316],[120.547737,23.920333],[120.547827,23.920383],[120.547833,23.920374],[120.549058,23.921022],[120.54936,23.921177],[120.549357,23.921182],[120.549843,23.921436],[120.549855,23.921416],[120.547725,23.92029],[120.547715,23.920285],[120.547699,23.920294],[120.547685,23.920316]]]]}},{"type":"Feature","properties":{"n":"中山路二段","v":"永靖鄉","w":2.67,"c":0.7,"r":null},"geometry":{"type":"MultiPolygon","coordinates":[[[[120.55269,23.927259],[120.552684,23.927291],[120.552708,23.927284],[120.552713,23.927268],[120.552704,23.927193],[120.55261,23.926742],[120.552601,23.926736],[120.552585,23.926735],[120.552682,23.927218],[120.55269,23.927259]]]]}},{"type":"Feature","properties":{"n":"永靖國小","v":"永靖鄉","w":1.69,"c":1.69,"r":3},"geometry":{"type":"MultiPolygon","coordinates":[[[[120.548547,23.92196],[120.548554,23.921944],[120.547244,23.921531],[120.547239,23.921545],[120.548322,23.921887],[120.548547,23.92196]]]]}},{"type":"Feature","properties":{"n":"錫壽路","v":"永靖鄉","w":3.67,"c":1.7,"r":null},"geometry":{"type":"MultiPolygon","coordinates":[[[[120.551766,23.930962],[120.551787,23.930928],[120.551369,23.930249],[120.551344,23.929784],[120.550959,23.928616],[120.550924,23.928626],[120.551188,23.929422],[120.551248,23.929507],[120.551255,23.929599],[120.551266,23.92966],[120.551309,23.929791],[120.551336,23.930262],[120.551366,23.93033],[120.551464,23.930476],[120.551756,23.930945],[120.551766,23.930962]]]]}},{"type":"Feature","properties":{"n":"中山路二段","v":"永靖鄉","w":2.48,"c":1.24,"r":1},"geometry":{"type":"MultiPolygon","coordinates":[[[[120.550033,23.921536],[120.550588,23.921829],[120.550598,23.921834],[120.550603,23.921825],[120.550603,23.921815],[120.550594,23.921808],[120.550061,23.921526],[120.550042,23.921521],[120.550033,23.921534],[120.550033,23.921536]]]]}},{"type":"Feature","properties":{"n":"中山路二段","v":"永靖鄉","w":2.56,"c":1.05,"r":null},"geometry":{"type":"MultiPolygon","coordinates":[[[[120.550648,23.92186],[120.551188,23.922148],[120.551297,23.922217],[120.551338,23.922248],[120.551478,23.922372],[120.551566,23.92247],[120.551655,23.922593],[120.551746,23.922771],[120.551759,23.922764],[120.551762,23.922748],[120.551721,23.922664],[120.551676,23.922581],[120.551642,23.922531],[120.55155,23.922413],[120.551481,23.922339],[120.551408,23.922273],[120.551311,23.9222],[120.5512,23.92213],[120.550666,23.921845],[120.550656,23.921848],[120.550649,23.921856],[120.550648,23.92186]]]]}},{"type":"Feature","properties":{"n":"中山路二段","v":"永靖鄉","w":2.51,"c":0.93,"r":null},"geometry":{"type":"MultiPolygon","coordinates":[[[[120.551979,23.923797],[120.552003,23.92379],[120.55191,23.92334],[120.551827,23.922944],[120.551816,23.922932],[120.551797,23.922925],[120.551972,23.923764],[120.551979,23.923797]]]]}},{"type":"Feature","properties":{"n":"中山路二段","v":"永靖鄉","w":2.5,"c":1,"r":null},"geometry":{"type":"MultiPolygon","coordinates":[[[[120.551995,23.923872],[120.552319,23.925437],[120.552329,23.925511],[120.552524,23.926459],[120.552552,23.926578],[120.552564,23.926573],[120.552572,23.926558],[120.552534,23.926371],[120.552023,23.923887],[120.552015,23.923875],[120.552,23.923871],[120.551995,23.923872]]]]}},{"type":"Feature","properties":{"n":"中山路二段","v":"永靖鄉","w":2.52,"c":1.28,"r":null},"geometry":{"type":"MultiPolygon","coordinates":[[[[120.539272,23.905046],[120.539284,23.905039],[120.539287,23.905029],[120.539266,23.904989],[120.539102,23.904708],[120.538999,23.904555],[120.538894,23.904423],[120.538524,23.903999],[120.538502,23.903978],[120.538482,23.90398],[120.538874,23.904437],[120.538978,23.904568],[120.53908,23.90472],[120.539258,23.905024],[120.539272,23.905046]]]]}},{"type":"Feature","properties":{"n":"中山路二段","v":"永靖鄉","w":2.53,"c":0.4,"r":null},"geometry":{"type":"MultiPolygon","coordinates":[[[[120.540126,23.906569],[120.540138,23.906561],[120.540141,23.906545],[120.539349,23.905134],[120.539335,23.905127],[120.53932,23.90513],[120.540097,23.906515],[120.540126,23.906569]]]]}},{"type":"Feature","properties":{"n":"中山路二段","v":"永靖鄉","w":2.52,"c":1.05,"r":null},"geometry":{"type":"MultiPolygon","coordinates":[[[[120.540683,23.907496],[120.540176,23.906607],[120.540162,23.906599],[120.540145,23.906602],[120.540671,23.907524],[120.540683,23.907514],[120.540684,23.907499],[120.540683,23.907496]]]]}},{"type":"Feature","properties":{"n":"中山路二段","v":"永靖鄉","w":2.51,"c":1.69,"r":null},"geometry":{"type":"MultiPolygon","coordinates":[[[[120.541137,23.90833],[120.541148,23.908318],[120.541149,23.908303],[120.54084,23.907765],[120.540718,23.907558],[120.540703,23.90755],[120.540687,23.907552],[120.541073,23.90822],[120.541137,23.90833]]]]}},{"type":"Feature","properties":{"n":"中山路二段","v":"永靖鄉","w":2.45,"c":0.74,"r":null},"geometry":{"type":"MultiPolygon","coordinates":[[[[120.54116,23.90837],[120.541431,23.908836],[120.541437,23.908833],[120.541444,23.908823],[120.541442,23.908808],[120.541192,23.908379],[120.54118,23.908369],[120.541164,23.908369],[120.54116,23.90837]]]]}},{"type":"Feature","properties":{"n":"中山路二段","v":"永靖鄉","w":2.58,"c":1.01,"r":null},"geometry":{"type":"MultiPolygon","coordinates":[[[[120.541486,23.908883],[120.541471,23.908871],[120.541453,23.908874],[120.542133,23.910047],[120.542139,23.910045],[120.542148,23.910033],[120.542145,23.910017],[120.541542,23.908979],[120.541486,23.908883]]]]}},{"type":"Feature","properties":{"n":"中山路二段","v":"永靖鄉","w":2.49,"c":0.79,"r":null},"geometry":{"type":"MultiPolygon","coordinates":[[[[120.542981,23.911608],[120.542995,23.911596],[120.542994,23.911578],[120.542788,23.911162],[120.542713,23.911018],[120.542698,23.911007],[120.54268,23.911009],[120.542766,23.911171],[120.542972,23.911587],[120.542981,23.911608]]]]}},{"type":"Feature","properties":{"n":"中山路二段","v":"永靖鄉","w":2.43,"c":1.3,"r":null},"geometry":{"type":"MultiPolygon","coordinates":[[[[120.542664,23.910979],[120.542678,23.910967],[120.542676,23.910951],[120.542507,23.910643],[120.54219,23.910095],[120.542176,23.910085],[120.542159,23.910088],[120.542486,23.910653],[120.542611,23.910878],[120.542664,23.910979]]]]}},{"type":"Feature","properties":{"n":"中山路二段","v":"永靖鄉","w":2.5,"c":0.91,"r":null},"geometry":{"type":"MultiPolygon","coordinates":[[[[120.543459,23.912585],[120.543472,23.912572],[120.543472,23.912556],[120.543262,23.912125],[120.543032,23.911658],[120.543019,23.911646],[120.543,23.911647],[120.543449,23.912565],[120.543459,23.912585]]]]}},{"type":"Feature","properties":{"n":"中山路二段","v":"永靖鄉","w":2.64,"c":0.88,"r":3},"geometry":{"type":"MultiPolygon","coordinates":[[[[120.545168,23.916176],[120.545184,23.916165],[120.54518,23.916144],[120.544917,23.915564],[120.544184,23.914029],[120.544173,23.914017],[120.544151,23.914017],[120.544893,23.915573],[120.545165,23.916168],[120.545168,23.916176]]]]}},{"type":"Feature","properties":{"n":"中山路二段","v":"永靖鄉","w":2.6,"c":1.19,"r":null},"geometry":{"type":"MultiPolygon","coordinates":[[[[120.543833,23.913293],[120.543504,23.912622],[120.543489,23.912611],[120.543471,23.912611],[120.543819,23.913322],[120.543834,23.91331],[120.543834,23.913295],[120.543833,23.913293]]]]}},{"type":"Feature","properties":{"n":"中山路二段","v":"永靖鄉","w":2.64,"c":1.11,"r":null},"geometry":{"type":"MultiPolygon","coordinates":[[[[120.544148,23.913954],[120.543875,23.913381],[120.543862,23.91337],[120.543841,23.91337],[120.544134,23.913984],[120.544148,23.913972],[120.544149,23.913957],[120.544148,23.913954]]]]}},{"type":"Feature","properties":{"n":"中山路二段","v":"永靖鄉","w":2.56,"c":1.09,"r":null},"geometry":{"type":"MultiPolygon","coordinates":[[[[120.545306,23.916484],[120.545885,23.917747],[120.545893,23.917744],[120.5459,23.917733],[120.545901,23.917723],[120.545872,23.917659],[120.545332,23.91648],[120.54532,23.916478],[120.545306,23.916484]]]]}},{"type":"Feature","properties":{"n":"中山路二段","v":"永靖鄉","w":2.53,"c":1.37,"r":null},"geometry":{"type":"MultiPolygon","coordinates":[[[[120.546371,23.918806],[120.546603,23.919294],[120.546624,23.919284],[120.5464,23.918813],[120.546393,23.918804],[120.546383,23.918802],[120.546371,23.918806]]]]}},{"type":"Feature","properties":{"n":"中山路二段","v":"永靖鄉","w":2.5,"c":1.36,"r":null},"geometry":{"type":"MultiPolygon","coordinates":[[[[120.546168,23.918366],[120.546354,23.918769],[120.546362,23.918767],[120.546371,23.918751],[120.546359,23.918721],[120.546197,23.91837],[120.546188,23.918358],[120.546171,23.918359],[120.546168,23.918366]]]]}},{"type":"Feature","properties":{"n":"中山路二段","v":"永靖鄉","w":2.45,"c":1.16,"r":null},"geometry":{"type":"MultiPolygon","coordinates":[[[[120.546031,23.918012],[120.546016,23.918017],[120.546016,23.918029],[120.546095,23.918205],[120.546112,23.918188],[120.546042,23.918034],[120.546031,23.918012]]]]}},{"type":"Feature","properties":{"n":"中山路二段","v":"永靖鄉","w":2.45,"c":1.43,"r":null},"geometry":{"type":"MultiPolygon","coordinates":[[[[120.545911,23.917805],[120.54599,23.917977],[120.545998,23.917974],[120.546006,23.917965],[120.546005,23.917953],[120.545942,23.917813],[120.54593,23.917802],[120.545913,23.917804],[120.545911,23.917805]]]]}},{"type":"Feature","properties":{"n":"中山路二段","v":"永靖鄉","w":2.64,"c":1.24,"r":null},"geometry":{"type":"MultiPolygon","coordinates":[[[[120.546991,23.919838],[120.547002,23.919827],[120.546999,23.919809],[120.546811,23.919594],[120.546695,23.919422],[120.546685,23.919421],[120.546674,23.919426],[120.546724,23.919511],[120.546792,23.919607],[120.546888,23.919724],[120.546979,23.919824],[120.546991,23.919838]]]]}},{"type":"Feature","properties":{"n":"中山路二段","v":"永靖鄉","w":2.56,"c":0.5,"r":null},"geometry":{"type":"MultiPolygon","coordinates":[[[[120.547162,23.919982],[120.547341,23.920106],[120.54759,23.920244],[120.547595,23.920236],[120.547594,23.920225],[120.547586,23.920216],[120.547355,23.920087],[120.547189,23.919972],[120.547176,23.91997],[120.547164,23.91998],[120.547162,23.919982]]]]}},{"type":"Feature","properties":{"n":"永坡路","v":"永靖鄉","w":3.87,"c":0.6,"r":null},"geometry":{"type":"MultiPolygon","coordinates":[[[[120.545283,23.927391],[120.546187,23.925409],[120.546363,23.924994],[120.546354,23.924976],[120.546337,23.92496],[120.546152,23.925396],[120.545247,23.927378],[120.545283,23.927391]]]]}},{"type":"Feature","properties":{"n":"中山路二段","v":"永靖鄉","w":2.7,"c":1.34,"r":1},"geometry":{"type":"MultiPolygon","coordinates":[[[[120.555618,23.935107],[120.555635,23.935096],[120.555635,23.935085],[120.555195,23.934376],[120.555073,23.934169],[120.554922,23.933876],[120.55446,23.932778],[120.553375,23.930123],[120.553289,23.929883],[120.553238,23.929717],[120.553181,23.929496],[120.553155,23.929502],[120.553213,23.929723],[120.553264,23.92989],[120.55335,23.930131],[120.554435,23.932787],[120.554897,23.933885],[120.555049,23.93418],[120.555171,23.934388],[120.555328,23.934639],[120.555618,23.935107]]]]}},{"type":"Feature","properties":{"n":"中山路二段","v":"永靖鄉","w":2.49,"c":0.96,"r":null},"geometry":{"type":"MultiPolygon","coordinates":[[[[120.552914,23.928335],[120.553112,23.929295],[120.55313,23.929288],[120.553133,23.929279],[120.553085,23.929036],[120.552942,23.928348],[120.552932,23.928338],[120.552917,23.928334],[120.552914,23.928335]]]]}},{"type":"Feature","properties":{"n":"中山路二段","v":"永靖鄉","w":2.51,"c":0.75,"r":null},"geometry":{"type":"MultiPolygon","coordinates":[[[[120.552895,23.928237],[120.552909,23.928228],[120.552915,23.928212],[120.55279,23.927607],[120.552779,23.927594],[120.552761,23.927593],[120.552895,23.928237]]]]}},{"type":"Feature","properties":{"n":"中山路二段","v":"永靖鄉","w":2.47,"c":0.5,"r":null},"geometry":{"type":"MultiPolygon","coordinates":[[[[120.555682,23.935162],[120.555668,23.935156],[120.555654,23.935163],[120.555994,23.935708],[120.556322,23.93614],[120.556654,23.936471],[120.558106,23.937811],[120.558108,23.937792],[120.558099,23.937774],[120.556671,23.936456],[120.556341,23.936126],[120.556015,23.935696],[120.55569,23.935175],[120.555682,23.935162]]]]}},{"type":"Feature","properties":{"n":"員集路二段729巷","v":"田中鎮","w":2.3,"c":0.42,"r":null},"geometry":{"type":"MultiPolygon","coordinates":[[[[120.582326,23.872396],[120.582226,23.872537],[120.582032,23.872755],[120.582059,23.872758],[120.582205,23.872595],[120.582299,23.872477],[120.582363,23.872379],[120.58237,23.872383],[120.582391,23.872349],[120.582384,23.872345],[120.582472,23.872178],[120.58255,23.871983],[120.582618,23.871742],[120.582654,23.871565],[120.582632,23.871558],[120.582613,23.871659],[120.582573,23.871827],[120.582528,23.871976],[120.582495,23.872063],[120.582449,23.872169],[120.58234,23.872375],[120.582326,23.872396]]]]}},{"type":"Feature","properties":{"n":"員集路二段729巷","v":"田中鎮","w":2.37,"c":0.28,"r":1},"geometry":{"type":"MultiPolygon","coordinates":[[[[120.582683,23.871264],[120.582685,23.871237],[120.582692,23.871237],[120.582696,23.871192],[120.582688,23.871192],[120.582707,23.870896],[120.582741,23.870384],[120.582748,23.870384],[120.58275,23.870339],[120.582743,23.870339],[120.58275,23.870169],[120.582738,23.870019],[120.582721,23.869941],[120.582693,23.869853],[120.582593,23.869628],[120.582601,23.869625],[120.582581,23.869582],[120.582573,23.869586],[120.582382,23.869163],[120.582359,23.869077],[120.582357,23.869031],[120.582361,23.868993],[120.582376,23.868942],[120.582408,23.868874],[120.582417,23.868858],[120.582425,23.868862],[120.582448,23.868819],[120.58244,23.868815],[120.582559,23.868587],[120.583324,23.867181],[120.583364,23.867111],[120.583373,23.867115],[120.583398,23.867069],[120.58339,23.867065],[120.583471,23.866924],[120.583454,23.866908],[120.583306,23.867168],[120.58254,23.868574],[120.582387,23.868865],[120.582354,23.868935],[120.582337,23.868997],[120.582335,23.869079],[120.582345,23.869128],[120.582362,23.869175],[120.582634,23.869772],[120.58269,23.869915],[120.582715,23.87002],[120.582726,23.87014],[120.582725,23.870254],[120.58265,23.871423],[120.582673,23.871424],[120.582683,23.871264]]]]}},{"type":"Feature","properties":{"n":"員集路二段729巷","v":"田中鎮","w":2.14,"c":2.14,"r":null},"geometry":{"type":"MultiPolygon","coordinates":[[[[120.57977,23.874443],[120.579743,23.874505],[120.579637,23.874824],[120.579532,23.875119],[120.579492,23.875291],[120.579449,23.875429],[120.579398,23.875546],[120.579308,23.875722],[120.579236,23.875824],[120.57919,23.875881],[120.579158,23.875914],[120.579079,23.875983],[120.578998,23.876038],[120.578855,23.876117],[120.578868,23.876133],[120.578976,23.876075],[120.579095,23.875997],[120.57921,23.87589],[120.579323,23.875737],[120.579417,23.875554],[120.579467,23.875439],[120.579512,23.875295],[120.579552,23.875127],[120.579776,23.874476],[120.579875,23.874272],[120.579921,23.874201],[120.579986,23.87412],[120.579962,23.874115],[120.579886,23.874215],[120.579836,23.874301],[120.579771,23.874439],[120.57977,23.874443]]]]}},{"type":"Feature","properties":{"n":"站區北路","v":"田中鎮","w":3.29,"c":2.43,"r":1},"geometry":{"type":"MultiPolygon","coordinates":[[[[120.574681,23.876488],[120.574682,23.876458],[120.574604,23.876455],[120.574511,23.876441],[120.57442,23.876417],[120.574333,23.876384],[120.573808,23.876117],[120.573609,23.87603],[120.573488,23.875986],[120.573393,23.875957],[120.573193,23.875915],[120.573167,23.875859],[120.573149,23.875887],[120.573144,23.875904],[120.573149,23.875918],[120.573165,23.875936],[120.573182,23.875943],[120.573336,23.875974],[120.573431,23.875999],[120.573523,23.87603],[120.57366,23.876083],[120.573847,23.876169],[120.574275,23.876391],[120.574364,23.876429],[120.574504,23.87647],[120.574601,23.876484],[120.574681,23.87649],[120.574681,23.876488]]]]}},{"type":"Feature","properties":{"n":"站區南路","v":"田中鎮","w":1.49,"c":0.85,"r":null},"geometry":{"type":"MultiPolygon","coordinates":[[[[120.576355,23.870649],[120.574629,23.870451],[120.574627,23.870464],[120.576349,23.870659],[120.576355,23.870649]]]]}},{"type":"Feature","properties":{"n":"三光路","v":"田中鎮","w":1.39,"c":0.74,"r":null},"geometry":{"type":"MultiPolygon","coordinates":[[[[120.568745,23.871634],[120.56921,23.87095],[120.569252,23.87089],[120.569257,23.870889],[120.569244,23.870876],[120.568733,23.871629],[120.568745,23.871634]]]]}},{"type":"Feature","properties":{"n":"站區路三段","v":"田中鎮","w":1.43,"c":0.82,"r":2},"geometry":{"type":"MultiPolygon","coordinates":[[[[120.565576,23.869477],[120.565564,23.869471],[120.565557,23.869487],[120.565562,23.869516],[120.565576,23.869531],[120.56666,23.870271],[120.566685,23.870283],[120.566702,23.870283],[120.565585,23.869521],[120.565576,23.869477]]]]}},{"type":"Feature","properties":{"n":"高鐵一路三段","v":"田中鎮","w":3.56,"c":0.53,"r":3},"geometry":{"type":"MultiPolygon","coordinates":[[[[120.572641,23.87319],[120.572656,23.873154],[120.572665,23.873107],[120.572659,23.87304],[120.57265,23.873013],[120.572627,23.87297],[120.572569,23.872909],[120.570735,23.871785],[120.569352,23.870867],[120.569333,23.870856],[120.569304,23.870851],[120.569272,23.870855],[120.569255,23.870861],[120.569245,23.870874],[120.569257,23.870889],[120.569311,23.870879],[120.570668,23.871783],[120.570825,23.871883],[120.57241,23.872848],[120.572542,23.872934],[120.572583,23.872976],[120.572609,23.873033],[120.572616,23.873094],[120.57261,23.873135],[120.572598,23.873171],[120.572641,23.87319]]]]}},{"type":"Feature","properties":{"n":"大社路二段","v":"田中鎮","w":4.92,"c":1.86,"r":1},"geometry":{"type":"MultiPolygon","coordinates":[[[[120.573623,23.871365],[120.573651,23.871435],[120.573145,23.872264],[120.573105,23.872314],[120.573038,23.872354],[120.573065,23.872389],[120.573134,23.872348],[120.573183,23.872297],[120.57367,23.871493],[120.573689,23.871453],[120.57369,23.871429],[120.573684,23.871402],[120.573663,23.871375],[120.573628,23.871352],[120.573623,23.871365]]]]}},{"type":"Feature","properties":{"n":"大社路二段","v":"田中鎮","w":6.23,"c":2.18,"r":3},"geometry":{"type":"MultiPolygon","coordinates":[[[[120.574036,23.871586],[120.574045,23.871569],[120.57402,23.871558],[120.573975,23.87155],[120.57394,23.871552],[120.573895,23.871563],[120.573867,23.871577],[120.573839,23.871597],[120.573819,23.871619],[120.573338,23.872413],[120.573326,23.872442],[120.57338,23.872462],[120.57389,23.871624],[120.574036,23.871586]]]]}},{"type":"Feature","properties":{"n":"高鐵東一路一段","v":"田中鎮","w":2.01,"c":1.09,"r":2},"geometry":{"type":"MultiPolygon","coordinates":[[[[120.581908,23.877116],[120.581898,23.877129],[120.581908,23.877174],[120.581535,23.877703],[120.581482,23.877714],[120.58146,23.877741],[120.581501,23.877745],[120.581531,23.877733],[120.58155,23.877716],[120.581932,23.877173],[120.581936,23.877158],[120.581925,23.877127],[120.581908,23.877116]]]]}},{"type":"Feature","properties":{"n":"高鐵三路一段","v":"田中鎮","w":1.86,"c":0.79,"r":2},"geometry":{"type":"MultiPolygon","coordinates":[[[[120.580431,23.873963],[120.580424,23.873987],[120.580428,23.874011],[120.580434,23.87402],[120.58046,23.874036],[120.580491,23.874043],[120.582912,23.874462],[120.58293,23.874463],[120.582943,23.874458],[120.582964,23.874437],[120.58297,23.874422],[120.582952,23.87441],[120.582902,23.874443],[120.580475,23.874024],[120.580464,23.87398],[120.580431,23.873963]]]]}},{"type":"Feature","properties":{"n":"高鐵田中路","v":"田中鎮","w":6.73,"c":2.48,"r":1},"geometry":{"type":"MultiPolygon","coordinates":[[[[120.581603,23.872669],[120.581568,23.872651],[120.581518,23.87266],[120.578954,23.87204],[120.578876,23.872019],[120.578836,23.871974],[120.578812,23.871973],[120.57882,23.872016],[120.578834,23.872044],[120.578849,23.872061],[120.578934,23.872099],[120.58146,23.872707],[120.581517,23.872709],[120.581572,23.872689],[120.581603,23.872669]]]]}},{"type":"Feature","properties":{"n":"高鐵五路","v":"田中鎮","w":2.32,"c":1.26,"r":3},"geometry":{"type":"MultiPolygon","coordinates":[[[[120.582213,23.871566],[120.582252,23.871573],[120.582247,23.871548],[120.582237,23.87153],[120.582205,23.871512],[120.582157,23.871508],[120.579359,23.871431],[120.578874,23.871422],[120.578858,23.871426],[120.578836,23.871444],[120.578832,23.871478],[120.578856,23.871479],[120.5789,23.871444],[120.579048,23.871444],[120.582177,23.87153],[120.582213,23.871566]]]]}},{"type":"Feature","properties":{"n":"高鐵東六路","v":"田中鎮","w":2.32,"c":1,"r":null},"geometry":{"type":"MultiPolygon","coordinates":[[[[120.577922,23.873326],[120.577941,23.873338],[120.578093,23.873118],[120.578548,23.872454],[120.578529,23.872439],[120.577942,23.873298],[120.577922,23.873326]]]]}},{"type":"Feature","properties":{"n":"高鐵南路","v":"田中鎮","w":1.77,"c":0.77,"r":2},"geometry":{"type":"MultiPolygon","coordinates":[[[[120.579602,23.875726],[120.581898,23.877129],[120.581908,23.877116],[120.579609,23.875711],[120.579602,23.875726]]]]}},{"type":"Feature","properties":{"n":"高鐵東七路","v":"田中鎮","w":1.65,"c":0.91,"r":2},"geometry":{"type":"MultiPolygon","coordinates":[[[[120.576937,23.870691],[120.576921,23.870692],[120.576907,23.870701],[120.576891,23.870722],[120.576885,23.870739],[120.576805,23.87137],[120.576821,23.87137],[120.576901,23.87074],[120.576937,23.870705],[120.576937,23.870691]]]]}},{"type":"Feature","properties":{"n":"龍潭路","v":"田中鎮","w":1.53,"c":0.89,"r":2},"geometry":{"type":"MultiPolygon","coordinates":[[[[120.576937,23.870705],[120.578697,23.870754],[120.578698,23.870742],[120.576937,23.870691],[120.576937,23.870705]]]]}},{"type":"Feature","properties":{"n":"梅州街","v":"田中鎮","w":5.44,"c":3.3,"r":null},"geometry":{"type":"MultiPolygon","coordinates":[[[[120.580261,23.856874],[120.58021,23.856859],[120.579885,23.857843],[120.579876,23.857881],[120.579796,23.858525],[120.579848,23.85853],[120.579927,23.857895],[120.579951,23.857809],[120.580122,23.857291],[120.580261,23.856874]]]]}},{"type":"Feature","properties":{"n":"中州路一段","v":"田中鎮","w":8.45,"c":4.57,"r":6},"geometry":{"type":"MultiPolygon","coordinates":[[[[120.58021,23.856859],[120.581024,23.857074],[120.581648,23.857246],[120.581628,23.857301],[120.581989,23.857372],[120.582081,23.857379],[120.582147,23.85739],[120.582169,23.857309],[120.581047,23.857001],[120.580287,23.856802],[120.580218,23.856836],[120.58021,23.856859]]]]}},{"type":"Feature","properties":{"n":"高鐵綠園路一段","v":"田中鎮","w":6.86,"c":2.56,"r":2},"geometry":{"type":"MultiPolygon","coordinates":[[[[120.583892,23.874842],[120.583495,23.875522],[120.58339,23.876019],[120.583332,23.876057],[120.583327,23.876071],[120.583347,23.876077],[120.583389,23.876076],[120.583434,23.876052],[120.583453,23.876029],[120.583465,23.875992],[120.58353,23.875688],[120.583575,23.875538],[120.583677,23.875339],[120.583933,23.874902],[120.583947,23.874861],[120.583942,23.874827],[120.583892,23.874842]]]]}},{"type":"Feature","properties":{"n":"高鐵綠園路一段","v":"田中鎮","w":2.44,"c":1.31,"r":3},"geometry":{"type":"MultiPolygon","coordinates":[[[[120.584601,23.873151],[120.584641,23.873149],[120.584676,23.873135],[120.584704,23.873107],[120.58472,23.873066],[120.584957,23.87199],[120.584956,23.871962],[120.584949,23.871949],[120.584939,23.871939],[120.584903,23.871927],[120.584898,23.871948],[120.584932,23.87199],[120.584696,23.873062],[120.584653,23.873095],[120.584609,23.873091],[120.584601,23.873151]]]]}},{"type":"Feature","properties":{"n":"高鐵南一路","v":"田中鎮","w":1.38,"c":0.69,"r":2},"geometry":{"type":"MultiPolygon","coordinates":[[[[120.583323,23.876156],[120.582866,23.876016],[120.582862,23.876027],[120.583318,23.876167],[120.583323,23.876156]]]]}},{"type":"Feature","properties":{"n":"高鐵南路","v":"田中鎮","w":1.49,"c":0.86,"r":1},"geometry":{"type":"MultiPolygon","coordinates":[[[[120.582991,23.877771],[120.582998,23.877759],[120.582846,23.877688],[120.582132,23.877253],[120.582124,23.877263],[120.582693,23.877612],[120.582889,23.877726],[120.582991,23.877771]]]]}},{"type":"Feature","properties":{"n":"高鐵綠園路一段","v":"田中鎮","w":6.9,"c":2.49,"r":1},"geometry":{"type":"MultiPolygon","coordinates":[[[[120.582996,23.877668],[120.583046,23.877677],[120.58309,23.877666],[120.583117,23.877646],[120.583135,23.87761],[120.583404,23.876286],[120.583405,23.876236],[120.583396,23.876211],[120.583368,23.87618],[120.583323,23.876156],[120.583318,23.876167],[120.583348,23.876213],[120.583337,23.876278],[120.583062,23.877633],[120.583001,23.877659],[120.582996,23.877668]]]]}},{"type":"Feature","properties":{"n":"高鐵南路","v":"田中鎮","w":1.13,"c":0.37,"r":2},"geometry":{"type":"MultiPolygon","coordinates":[[[[120.583001,23.877659],[120.582919,23.877619],[120.582747,23.877518],[120.582189,23.877176],[120.582183,23.877185],[120.582856,23.877594],[120.582913,23.877628],[120.582996,23.877668],[120.583001,23.877659]]]]}},{"type":"Feature","properties":{"n":"高鐵南一路","v":"田中鎮","w":1.6,"c":0.83,"r":1},"geometry":{"type":"MultiPolygon","coordinates":[[[[120.579833,23.875083],[120.579829,23.875097],[120.581691,23.875671],[120.582596,23.875947],[120.582602,23.875934],[120.579843,23.875086],[120.579833,23.875083]]]]}},{"type":"Feature","properties":{"n":"高鐵南一路","v":"田中鎮","w":1.6,"c":0.71,"r":2},"geometry":{"type":"MultiPolygon","coordinates":[[[[120.583332,23.876057],[120.582887,23.875921],[120.582882,23.875935],[120.583327,23.876071],[120.583332,23.876057]]]]}},{"type":"Feature","properties":{"n":"高鐵東路一段","v":"田中鎮","w":1.32,"c":0.5,"r":2},"geometry":{"type":"MultiPolygon","coordinates":[[[[120.584346,23.879406],[120.58539,23.87509],[120.585378,23.875088],[120.584334,23.879402],[120.584346,23.879406]]]]}},{"type":"Feature","properties":{"n":"高鐵東六路","v":"田中鎮","w":1.68,"c":1.68,"r":null},"geometry":{"type":"MultiPolygon","coordinates":[[[[120.576776,23.874881],[120.57652,23.875237],[120.576531,23.875237],[120.576546,23.875227],[120.576789,23.874889],[120.576776,23.874881]]]]}},{"type":"Feature","properties":{"n":"高鐵東六路","v":"田中鎮","w":1.67,"c":1.67,"r":null},"geometry":{"type":"MultiPolygon","coordinates":[[[[120.576937,23.874973],[120.576903,23.874994],[120.576695,23.875282],[120.576687,23.875303],[120.576686,23.875322],[120.576937,23.874973]]]]}},{"type":"Feature","properties":{"n":"高鐵東六路","v":"田中鎮","w":1.88,"c":1.14,"r":2},"geometry":{"type":"MultiPolygon","coordinates":[[[[120.577057,23.874779],[120.577041,23.874814],[120.577037,23.874836],[120.577046,23.874886],[120.577082,23.874843],[120.577073,23.874789],[120.577088,23.874767],[120.577905,23.873635],[120.577921,23.873615],[120.57798,23.873603],[120.577987,23.873589],[120.577958,23.873579],[120.577943,23.87358],[120.577928,23.873585],[120.577907,23.873605],[120.577071,23.874761],[120.577057,23.874779]]]]}},{"type":"Feature","properties":{"n":"高鐵東六路","v":"田中鎮","w":2.43,"c":1.27,"r":null},"geometry":{"type":"MultiPolygon","coordinates":[[[[120.578051,23.87339],[120.578681,23.87247],[120.578661,23.872459],[120.578648,23.872477],[120.57803,23.873379],[120.578051,23.87339]]]]}},{"type":"Feature","properties":{"n":"高鐵東五路","v":"田中鎮","w":3.75,"c":2.13,"r":2},"geometry":{"type":"MultiPolygon","coordinates":[[[[120.579689,23.873831],[120.579668,23.873854],[120.579623,23.87387],[120.579615,23.873885],[120.579659,23.873886],[120.579692,23.873874],[120.579868,23.873708],[120.579982,23.873622],[120.580062,23.873568],[120.580964,23.873063],[120.580995,23.873031],[120.580944,23.873034],[120.580081,23.873516],[120.579975,23.873583],[120.579889,23.873648],[120.579815,23.873709],[120.579703,23.873815],[120.579689,23.873831]]]]}},{"type":"Feature","properties":{"n":"高鐵田中路","v":"田中鎮","w":6.63,"c":2.37,"r":2},"geometry":{"type":"MultiPolygon","coordinates":[[[[120.580944,23.873034],[120.580995,23.873031],[120.581005,23.873007],[120.581005,23.872988],[120.581001,23.872972],[120.580987,23.872947],[120.580956,23.872927],[120.580922,23.872915],[120.578814,23.872406],[120.578771,23.872402],[120.578718,23.872414],[120.578682,23.872437],[120.578662,23.87246],[120.578681,23.87247],[120.578736,23.87245],[120.580936,23.872981],[120.580944,23.873034]]]]}},{"type":"Feature","properties":{"n":"站區路二段","v":"田中鎮","w":2.01,"c":2.01,"r":1},"geometry":{"type":"MultiPolygon","coordinates":[[[[120.576082,23.876785],[120.575994,23.876722],[120.575763,23.876579],[120.575765,23.876595],[120.575773,23.876605],[120.576074,23.8768],[120.576082,23.876785]]]]}},{"type":"Feature","properties":{"n":"高鐵東五路","v":"田中鎮","w":3.24,"c":1.92,"r":2},"geometry":{"type":"MultiPolygon","coordinates":[[[[120.582252,23.871573],[120.582213,23.871566],[120.582191,23.871678],[120.582151,23.871814],[120.582096,23.871968],[120.581998,23.87216],[120.581904,23.872299],[120.581813,23.872421],[120.581724,23.872518],[120.58159,23.872639],[120.581568,23.872651],[120.581603,23.872669],[120.581749,23.872539],[120.581813,23.872468],[120.581937,23.872319],[120.582032,23.872177],[120.582133,23.871981],[120.582188,23.871824],[120.58223,23.871686],[120.582245,23.871608],[120.582252,23.871573]]]]}},{"type":"Feature","properties":{"n":"高鐵南一路","v":"田中鎮","w":1.32,"c":0.63,"r":null},"geometry":{"type":"MultiPolygon","coordinates":[[[[120.579851,23.875],[120.582618,23.875854],[120.582623,23.875843],[120.579855,23.874989],[120.579851,23.875]]]]}},{"type":"Feature","properties":{"n":"高鐵東三路一段","v":"田中鎮","w":1.69,"c":1.14,"r":2},"geometry":{"type":"MultiPolygon","coordinates":[[[[120.582893,23.871485],[120.582898,23.871464],[120.582866,23.871426],[120.582866,23.871411],[120.582903,23.870891],[120.582933,23.870866],[120.582932,23.870855],[120.582906,23.870862],[120.582886,23.870886],[120.582866,23.871165],[120.582849,23.871429],[120.582861,23.871461],[120.582869,23.871472],[120.582889,23.871484],[120.582893,23.871485]]]]}},{"type":"Feature","properties":{"n":"高鐵東三路一段","v":"田中鎮","w":3.74,"c":2.26,"r":2},"geometry":{"type":"MultiPolygon","coordinates":[[[[120.582284,23.872758],[120.58233,23.872749],[120.58239,23.872672],[120.58248,23.87255],[120.582608,23.872335],[120.582683,23.872179],[120.582744,23.872023],[120.582797,23.871848],[120.582842,23.871622],[120.582882,23.871598],[120.582887,23.871577],[120.582855,23.871579],[120.582835,23.871586],[120.582817,23.871602],[120.582805,23.871626],[120.582761,23.87184],[120.582709,23.872013],[120.582649,23.872167],[120.582575,23.87232],[120.582449,23.872532],[120.582292,23.872738],[120.582284,23.872758]]]]}},{"type":"Feature","properties":{"n":"高鐵田中路","v":"田中鎮","w":6.69,"c":2.35,"r":2},"geometry":{"type":"MultiPolygon","coordinates":[[[[120.584601,23.873151],[120.584609,23.873091],[120.582349,23.872798],[120.58233,23.872749],[120.582284,23.872758],[120.58228,23.872779],[120.58229,23.872816],[120.582308,23.872839],[120.582348,23.872857],[120.582372,23.872862],[120.584559,23.873146],[120.584601,23.873151]]]]}},{"type":"Feature","properties":{"n":"高鐵東三路一段","v":"田中鎮","w":3.69,"c":2.18,"r":1},"geometry":{"type":"MultiPolygon","coordinates":[[[[120.580431,23.873963],[120.580464,23.87398],[120.58156,23.873366],[120.581753,23.873254],[120.581833,23.873201],[120.581821,23.873168],[120.581733,23.873226],[120.581541,23.873338],[120.58044,23.873954],[120.580431,23.873963]]]]}},{"type":"Feature","properties":{"n":"高鐵東三路一段","v":"田中鎮","w":3.65,"c":2.15,"r":2},"geometry":{"type":"MultiPolygon","coordinates":[[[[120.579833,23.875083],[120.579814,23.875079],[120.579769,23.875084],[120.579748,23.875103],[120.579736,23.875124],[120.579599,23.87556],[120.579601,23.875584],[120.579612,23.875607],[120.579648,23.875634],[120.579657,23.875623],[120.579639,23.875611],[120.579632,23.875576],[120.579776,23.875118],[120.579818,23.875094],[120.579829,23.875097],[120.579833,23.875083]]]]}},{"type":"Feature","properties":{"n":"高鐵東三路一段","v":"田中鎮","w":3.64,"c":2.04,"r":2},"geometry":{"type":"MultiPolygon","coordinates":[[[[120.579602,23.875726],[120.579609,23.875711],[120.579586,23.875705],[120.57955,23.875707],[120.579527,23.875722],[120.579426,23.875869],[120.579322,23.87599],[120.579251,23.876059],[120.57906,23.876203],[120.579054,23.876237],[120.579058,23.876268],[120.579104,23.876263],[120.579104,23.87621],[120.579276,23.876082],[120.579349,23.876012],[120.579455,23.875888],[120.579554,23.875738],[120.579602,23.875726]]]]}},{"type":"Feature","properties":{"n":"高鐵東三路一段","v":"田中鎮","w":3.67,"c":2.23,"r":2},"geometry":{"type":"MultiPolygon","coordinates":[[[[120.579855,23.874989],[120.579832,23.87495],[120.579965,23.874535],[120.580021,23.874411],[120.580092,23.874298],[120.580192,23.874177],[120.58024,23.874163],[120.5803,23.874174],[120.580303,23.874157],[120.580209,23.874146],[120.580187,23.874152],[120.580158,23.874169],[120.580121,23.874206],[120.580062,23.874279],[120.579989,23.874397],[120.57993,23.874531],[120.579805,23.874922],[120.579804,23.874948],[120.579814,23.874974],[120.579826,23.874986],[120.579851,23.875],[120.579855,23.874989]]]]}},{"type":"Feature","properties":{"n":"高鐵三路二段","v":"田中鎮","w":2.01,"c":2.01,"r":null},"geometry":{"type":"MultiPolygon","coordinates":[[[[120.576102,23.872452],[120.576107,23.872436],[120.574068,23.871387],[120.574059,23.871402],[120.576102,23.872453],[120.576102,23.872452]]]]}},{"type":"Feature","properties":{"n":"高鐵東八路","v":"田中鎮","w":3.47,"c":3,"r":null},"geometry":{"type":"MultiPolygon","coordinates":[[[[120.576433,23.871462],[120.576425,23.87144],[120.576403,23.871429],[120.576367,23.871706],[120.576383,23.871704],[120.576402,23.871694],[120.576405,23.871675],[120.576433,23.871462]]]]}},{"type":"Feature","properties":{"n":"高鐵三路二段","v":"田中鎮","w":6.17,"c":5.26,"r":1},"geometry":{"type":"MultiPolygon","coordinates":[[[[120.57659,23.872967],[120.576713,23.873018],[120.576741,23.873014],[120.577393,23.873345],[120.577377,23.873371],[120.5774,23.873377],[120.577421,23.873373],[120.577444,23.873349],[120.577442,23.873318],[120.577424,23.873299],[120.57667,23.872912],[120.576635,23.872905],[120.576612,23.872911],[120.576592,23.872928],[120.576581,23.872963],[120.57659,23.872967]]]]}},{"type":"Feature","properties":{"n":"高鐵東一路一段","v":"田中鎮","w":1.84,"c":0.98,"r":1},"geometry":{"type":"MultiPolygon","coordinates":[[[[120.582903,23.874664],[120.582667,23.87582],[120.582623,23.875843],[120.582619,23.875853],[120.582644,23.875854],[120.58266,23.875849],[120.582677,23.875836],[120.582686,23.875817],[120.582921,23.874662],[120.582903,23.874664]]]]}},{"type":"Feature","properties":{"n":"高鐵南路","v":"田中鎮","w":1.56,"c":0.74,"r":1},"geometry":{"type":"MultiPolygon","coordinates":[[[[120.581956,23.877045],[120.581963,23.877034],[120.579902,23.875777],[120.579657,23.875623],[120.579648,23.875634],[120.579894,23.875789],[120.581947,23.877041],[120.581956,23.877045]]]]}},{"type":"Feature","properties":{"n":"高鐵東一路一段","v":"田中鎮","w":1.97,"c":0.59,"r":3},"geometry":{"type":"MultiPolygon","coordinates":[[[[120.581956,23.877045],[120.581981,23.877055],[120.582012,23.87705],[120.582046,23.877013],[120.582422,23.876476],[120.582496,23.876356],[120.582572,23.8762],[120.582635,23.876026],[120.582645,23.875994],[120.582645,23.875971],[120.582635,23.875952],[120.582625,23.875944],[120.582602,23.875934],[120.582596,23.875947],[120.582623,23.875999],[120.582554,23.876193],[120.582479,23.876348],[120.582405,23.876466],[120.58203,23.877003],[120.58201,23.877027],[120.581963,23.877034],[120.581956,23.877045]]]]}},{"type":"Feature","properties":{"n":"高鐵東一路一段","v":"田中鎮","w":2.03,"c":1.04,"r":2},"geometry":{"type":"MultiPolygon","coordinates":[[[[120.58316,23.873401],[120.582952,23.87441],[120.58297,23.874422],[120.58318,23.873399],[120.58316,23.873401]]]]}},{"type":"Feature","properties":{"n":"高鐵東一路一段","v":"田中鎮","w":2.11,"c":1.22,"r":2},"geometry":{"type":"MultiPolygon","coordinates":[[[[120.582189,23.877176],[120.582178,23.877125],[120.582611,23.876509],[120.582697,23.876349],[120.582756,23.876214],[120.582815,23.876047],[120.582862,23.876027],[120.582866,23.876016],[120.582825,23.876013],[120.582799,23.876033],[120.582737,23.876208],[120.582678,23.876342],[120.582593,23.876499],[120.582154,23.877123],[120.582151,23.877148],[120.582157,23.877162],[120.582168,23.877176],[120.582183,23.877185],[120.582189,23.877176]]]]}},{"type":"Feature","properties":{"n":"高鐵東一路一段","v":"田中鎮","w":2.03,"c":1.04,"r":2},"geometry":{"type":"MultiPolygon","coordinates":[[[[120.583146,23.874447],[120.583353,23.873429],[120.58334,23.873409],[120.58316,23.874267],[120.583125,23.874459],[120.583146,23.874447]]]]}},{"type":"Feature","properties":{"n":"高鐵東一路一段","v":"田中鎮","w":1.81,"c":0.95,"r":2},"geometry":{"type":"MultiPolygon","coordinates":[[[[120.582887,23.875921],[120.582871,23.875916],[120.58285,23.875879],[120.583091,23.874698],[120.583074,23.874695],[120.582832,23.875883],[120.582836,23.875904],[120.582843,23.875914],[120.582862,23.875928],[120.582882,23.875935],[120.582887,23.875921]]]]}},{"type":"Feature","properties":{"n":"高鐵東一路一段","v":"田中鎮","w":2.09,"c":1.05,"r":2},"geometry":{"type":"MultiPolygon","coordinates":[[[[120.582124,23.877263],[120.582132,23.877253],[120.582116,23.877244],[120.582087,23.877243],[120.582071,23.87725],[120.582043,23.877283],[120.581673,23.877813],[120.581669,23.87784],[120.581678,23.877866],[120.581714,23.877857],[120.581703,23.877804],[120.58206,23.877293],[120.582079,23.87727],[120.58212,23.877261],[120.582124,23.877263]]]]}},{"type":"Feature","properties":{"n":"高鐵田中路","v":"田中鎮","w":6.04,"c":2.29,"r":1},"geometry":{"type":"MultiPolygon","coordinates":[[[[120.576821,23.87137],[120.576805,23.87137],[120.576805,23.871406],[120.576817,23.871443],[120.576857,23.871484],[120.576887,23.871496],[120.578619,23.872011],[120.578656,23.872007],[120.578671,23.872001],[120.578697,23.871979],[120.578709,23.871963],[120.578715,23.871945],[120.578718,23.871927],[120.57869,23.871923],[120.57864,23.871959],[120.577906,23.871741],[120.576849,23.87142],[120.576821,23.87137]]]]}},{"type":"Feature","properties":{"n":"高鐵綠園路一段","v":"田中鎮","w":6.57,"c":2.16,"r":2},"geometry":{"type":"MultiPolygon","coordinates":[[[[120.584299,23.873538],[120.584235,23.873565],[120.584004,23.874594],[120.584027,23.87463],[120.584055,23.87461],[120.584062,23.874599],[120.584083,23.874539],[120.584283,23.873649],[120.5843,23.873553],[120.584299,23.873538]]]]}},{"type":"Feature","properties":{"n":"高鐵田中路","v":"田中鎮","w":6.57,"c":2.27,"r":2},"geometry":{"type":"MultiPolygon","coordinates":[[[[120.584235,23.873565],[120.584299,23.873538],[120.584293,23.873509],[120.584272,23.873476],[120.584244,23.873452],[120.584212,23.873438],[120.584158,23.873428],[120.583433,23.873336],[120.583404,23.873341],[120.583372,23.873359],[120.583352,23.873379],[120.58334,23.873409],[120.583353,23.873429],[120.583355,23.873421],[120.583401,23.873392],[120.584175,23.873492],[120.584235,23.873565]]]]}},{"type":"Feature","properties":{"n":"高鐵田中路","v":"田中鎮","w":6.92,"c":2.54,"r":4},"geometry":{"type":"MultiPolygon","coordinates":[[[[120.58318,23.873399],[120.583182,23.873372],[120.583177,23.873355],[120.583156,23.873322],[120.583129,23.873302],[120.583068,23.873286],[120.581966,23.873143],[120.581929,23.87314],[120.581884,23.873143],[120.581821,23.873168],[120.581833,23.873201],[120.58188,23.87319],[120.582319,23.873253],[120.583125,23.873357],[120.58316,23.873401],[120.58318,23.873399]]]]}},{"type":"Feature","properties":{"n":"高鐵田中路","v":"田中鎮","w":6.72,"c":2.39,"r":2},"geometry":{"type":"MultiPolygon","coordinates":[[[[120.576753,23.871907],[120.576803,23.871877],[120.57851,23.872388],[120.578529,23.872439],[120.578546,23.872453],[120.578558,23.872431],[120.578563,23.872398],[120.578551,23.872363],[120.578528,23.872337],[120.5785,23.872323],[120.576868,23.871833],[120.576807,23.871823],[120.576771,23.871831],[120.576739,23.871855],[120.576728,23.871871],[120.576719,23.871902],[120.576753,23.871907]]]]}},{"type":"Feature","properties":{"n":"高鐵五路","v":"田中鎮","w":2.36,"c":1.15,"r":2},"geometry":{"type":"MultiPolygon","coordinates":[[[[120.584903,23.871927],[120.582887,23.871577],[120.582882,23.871598],[120.584898,23.871948],[120.584903,23.871927]]]]}},{"type":"Feature","properties":{"n":"高鐵綠園路一段","v":"田中鎮","w":6.59,"c":2.14,"r":1},"geometry":{"type":"MultiPolygon","coordinates":[[[[120.585086,23.871866],[120.584804,23.873142],[120.584692,23.873469],[120.584669,23.873549],[120.584429,23.874643],[120.58444,23.874683],[120.584449,23.874696],[120.584488,23.874675],[120.584733,23.873562],[120.584861,23.873015],[120.585118,23.87185],[120.58509,23.871845],[120.585086,23.871866]]]]}},{"type":"Feature","properties":{"n":"高鐵五路","v":"田中鎮","w":2.43,"c":1.14,"r":1},"geometry":{"type":"MultiPolygon","coordinates":[[[[120.582898,23.871464],[120.582893,23.871485],[120.582919,23.87149],[120.584604,23.871784],[120.585086,23.871866],[120.58509,23.871845],[120.583459,23.871561],[120.582898,23.871464]]]]}},{"type":"Feature","properties":{"n":"高鐵三路二段","v":"田中鎮","w":2.02,"c":1.44,"r":2},"geometry":{"type":"MultiPolygon","coordinates":[[[[120.576092,23.872623],[120.574045,23.871569],[120.574036,23.871586],[120.575482,23.87233],[120.575454,23.872376],[120.576058,23.872678],[120.576092,23.872623]]]]}},{"type":"Feature","properties":{"n":"高鐵三路三段","v":"田中鎮","w":1.48,"c":0.8,"r":null},"geometry":{"type":"MultiPolygon","coordinates":[[[[120.569792,23.87005],[120.5698,23.870062],[120.569814,23.870056],[120.569833,23.870057],[120.573623,23.871365],[120.573628,23.871352],[120.569837,23.870044],[120.569802,23.870045],[120.569792,23.87005]]]]}},{"type":"Feature","properties":{"n":"高鐵三路三段","v":"田中鎮","w":1.38,"c":0.77,"r":2},"geometry":{"type":"MultiPolygon","coordinates":[[[[120.573708,23.871275],[120.569886,23.869956],[120.569866,23.869913],[120.569888,23.869825],[120.569874,23.869824],[120.569855,23.869906],[120.569853,23.869933],[120.569864,23.869954],[120.569877,23.869965],[120.5699,23.869974],[120.573706,23.871286],[120.573708,23.871275]]]]}},{"type":"Feature","properties":{"n":"高鐵東八路","v":"田中鎮","w":3.74,"c":2.1,"r":3},"geometry":{"type":"MultiPolygon","coordinates":[[[[120.576186,23.87242],[120.576413,23.870715],[120.57641,23.870695],[120.5764,23.870675],[120.576386,23.870661],[120.576355,23.870649],[120.576349,23.870659],[120.576379,23.870695],[120.576152,23.872417],[120.576107,23.872436],[120.576102,23.872452],[120.576124,23.872458],[120.576152,23.872455],[120.57617,23.872445],[120.576183,23.872427],[120.576186,23.87242]]]]}},{"type":"Feature","properties":{"n":"高鐵三路二段","v":"田中鎮","w":1.9,"c":0.72,"r":1},"geometry":{"type":"MultiPolygon","coordinates":[[[[120.579615,23.873885],[120.579623,23.87387],[120.578819,23.873731],[120.578708,23.873707],[120.57859,23.873675],[120.578434,23.873621],[120.578282,23.873553],[120.578066,23.873442],[120.578051,23.87339],[120.57803,23.873379],[120.578021,23.873398],[120.578019,23.873416],[120.578025,23.873433],[120.578063,23.873461],[120.578335,23.873598],[120.578416,23.873633],[120.578554,23.873683],[120.578648,23.87371],[120.578792,23.873744],[120.579589,23.87388],[120.579615,23.873885]]]]}},{"type":"Feature","properties":{"n":"高鐵東七路","v":"田中鎮","w":3.71,"c":2.06,"r":null},"geometry":{"type":"MultiPolygon","coordinates":[[[[120.576753,23.871907],[120.576717,23.871902],[120.576624,23.872601],[120.576618,23.872685],[120.57665,23.872681],[120.57675,23.871933],[120.576753,23.871907]]]]}},{"type":"Feature","properties":{"n":"高鐵綠園路一段","v":"田中鎮","w":6.52,"c":3.65,"r":2},"geometry":{"type":"MultiPolygon","coordinates":[[[[120.584408,23.874919],[120.584352,23.874904],[120.584313,23.87495],[120.58396,23.875559],[120.583915,23.87566],[120.583888,23.87574],[120.58385,23.875895],[120.583263,23.878765],[120.583327,23.878771],[120.583869,23.87612],[120.583913,23.875907],[120.58395,23.875755],[120.583975,23.87568],[120.584018,23.875584],[120.584368,23.87498],[120.584408,23.874919]]]]}},{"type":"Feature","properties":{"n":"高鐵三路一段","v":"田中鎮","w":1.86,"c":0.92,"r":2},"geometry":{"type":"MultiPolygon","coordinates":[[[[120.584475,23.874881],[120.584443,23.874877],[120.5844,23.874882],[120.584352,23.874904],[120.584408,23.874919],[120.584463,23.874897],[120.584473,23.874898],[120.585264,23.875033],[120.585349,23.875049],[120.585378,23.875088],[120.58539,23.87509],[120.585391,23.875065],[120.585382,23.875047],[120.585374,23.87504],[120.585344,23.87503],[120.584491,23.874884],[120.584475,23.874881]]]]}},{"type":"Feature","properties":{"n":"高鐵東路一段","v":"田中鎮","w":1.57,"c":0.5,"r":3},"geometry":{"type":"MultiPolygon","coordinates":[[[[120.585433,23.874849],[120.585448,23.874852],[120.586379,23.871047],[120.586389,23.871007],[120.586388,23.870979],[120.586373,23.870959],[120.586347,23.870949],[120.586329,23.870947],[120.586327,23.870959],[120.586356,23.870965],[120.586373,23.870984],[120.586373,23.871005],[120.586364,23.871044],[120.585469,23.874702],[120.585433,23.874849]]]]}},{"type":"Feature","properties":{"n":"高鐵三路一段","v":"田中鎮","w":1.92,"c":1.13,"r":2},"geometry":{"type":"MultiPolygon","coordinates":[[[[120.585433,23.874849],[120.585394,23.874874],[120.584512,23.874718],[120.584488,23.874675],[120.584449,23.874696],[120.584476,23.874721],[120.584507,23.874735],[120.585393,23.874891],[120.585416,23.874889],[120.585433,23.87488],[120.585448,23.874852],[120.585433,23.874849]]]]}},{"type":"Feature","properties":{"n":"高鐵三路一段","v":"田中鎮","w":1.98,"c":1.34,"r":2},"geometry":{"type":"MultiPolygon","coordinates":[[[[120.583125,23.874459],[120.58313,23.874484],[120.583144,23.874498],[120.583157,23.874504],[120.583945,23.874642],[120.584,23.874641],[120.584027,23.87463],[120.584004,23.874594],[120.583952,23.874625],[120.583175,23.874488],[120.583146,23.874447],[120.583125,23.874459]]]]}},{"type":"Feature","properties":{"n":"高鐵三路一段","v":"田中鎮","w":1.97,"c":1.25,"r":3},"geometry":{"type":"MultiPolygon","coordinates":[[[[120.583892,23.874842],[120.583942,23.874827],[120.583912,23.874792],[120.583871,23.874776],[120.583142,23.874651],[120.583101,23.874653],[120.583084,23.874667],[120.583074,23.874695],[120.583091,23.874698],[120.583138,23.874668],[120.583867,23.874794],[120.583892,23.874842]]]]}},{"type":"Feature","properties":{"n":"高鐵三路二段","v":"田中鎮","w":3.67,"c":2.8,"r":1},"geometry":{"type":"MultiPolygon","coordinates":[[[[120.577558,23.873367],[120.577528,23.873361],[120.577504,23.873368],[120.577489,23.873383],[120.577483,23.873401],[120.577483,23.873423],[120.577494,23.873453],[120.577575,23.873426],[120.577599,23.873431],[120.577632,23.873443],[120.577666,23.873467],[120.577693,23.8735],[120.577703,23.873539],[120.577775,23.873517],[120.577773,23.873492],[120.577753,23.873469],[120.577644,23.873412],[120.577558,23.873367]]]]}},{"type":"Feature","properties":{"n":"高鐵三路二段","v":"田中鎮","w":1.97,"c":1.09,"r":2},"geometry":{"type":"MultiPolygon","coordinates":[[[[120.577922,23.873326],[120.577864,23.873339],[120.576673,23.872727],[120.57665,23.872681],[120.576618,23.872685],[120.576624,23.872704],[120.576636,23.872721],[120.576688,23.872754],[120.577859,23.873357],[120.577903,23.873365],[120.577919,23.873359],[120.577941,23.873338],[120.577922,23.873326]]]]}},{"type":"Feature","properties":{"n":"高鐵三路二段","v":"田中鎮","w":1.86,"c":1.86,"r":1},"geometry":{"type":"MultiPolygon","coordinates":[[[[120.576337,23.872554],[120.576341,23.872576],[120.576518,23.872667],[120.576527,23.872668],[120.576535,23.872659],[120.576536,23.872645],[120.576529,23.872651],[120.576351,23.872561],[120.576337,23.872554]]]]}},{"type":"Feature","properties":{"n":"高鐵三路二段","v":"田中鎮","w":1.83,"c":1.83,"r":1},"geometry":{"type":"MultiPolygon","coordinates":[[[[120.576257,23.872514],[120.57626,23.872533],[120.576295,23.872552],[120.576305,23.872552],[120.576312,23.872542],[120.576257,23.872514]]]]}},{"type":"Feature","properties":{"n":"高鐵三路一段","v":"田中鎮","w":1.73,"c":0.94,"r":1},"geometry":{"type":"MultiPolygon","coordinates":[[[[120.582921,23.874662],[120.582922,23.874639],[120.582914,23.874624],[120.582885,23.874606],[120.580303,23.874157],[120.5803,23.874174],[120.58287,23.874619],[120.582903,23.874664],[120.582921,23.874662]]]]}},{"type":"Feature","properties":{"n":"高鐵東七路","v":"田中鎮","w":9.32,"c":7.3,"r":null},"geometry":{"type":"MultiPolygon","coordinates":[[[[120.57659,23.872967],[120.576581,23.872963],[120.576577,23.873053],[120.576586,23.873225],[120.576689,23.873862],[120.576699,23.873998],[120.576694,23.874134],[120.576674,23.874269],[120.576638,23.874402],[120.57661,23.874478],[120.576682,23.874503],[120.576716,23.874388],[120.576705,23.874331],[120.576708,23.874294],[120.576781,23.874132],[120.576791,23.874098],[120.576794,23.874068],[120.576791,23.874032],[120.576764,23.873961],[120.576758,23.873922],[120.576758,23.873903],[120.576767,23.873877],[120.576791,23.873854],[120.576782,23.873743],[120.57675,23.873686],[120.576737,23.873602],[120.576741,23.873543],[120.576753,23.87351],[120.576775,23.873478],[120.576758,23.873357],[120.576726,23.873358],[120.576705,23.873348],[120.576697,23.873339],[120.576685,23.873308],[120.576678,23.873226],[120.57667,23.873063],[120.576679,23.873041],[120.576713,23.873018],[120.57659,23.872967]]]]}},{"type":"Feature","properties":{"n":"高鐵東八路","v":"田中鎮","w":3.63,"c":1.9,"r":6},"geometry":{"type":"MultiPolygon","coordinates":[[[[120.576114,23.874276],[120.576139,23.874282],[120.576157,23.874281],[120.576177,23.874274],[120.5762,23.874253],[120.57621,23.87423],[120.576224,23.874143],[120.576234,23.874018],[120.576225,23.873899],[120.576122,23.873259],[120.576114,23.873052],[120.576121,23.872885],[120.576143,23.872684],[120.576129,23.872651],[120.576092,23.872623],[120.576058,23.872678],[120.576082,23.873155],[120.576044,23.873171],[120.576019,23.873191],[120.575992,23.873233],[120.576043,23.873225],[120.576032,23.873242],[120.576013,23.87329],[120.576009,23.873326],[120.57602,23.873401],[120.576031,23.873428],[120.576074,23.873487],[120.576122,23.873574],[120.576154,23.873689],[120.576166,23.873794],[120.576156,23.873915],[120.57615,23.873962],[120.57613,23.874041],[120.576097,23.874125],[120.576114,23.874276]]]]}},{"type":"Feature","properties":{"n":"高鐵二路二段","v":"田中鎮","w":1.97,"c":1.05,"r":1},"geometry":{"type":"MultiPolygon","coordinates":[[[[120.576097,23.874125],[120.576074,23.87412],[120.575526,23.873794],[120.574834,23.873401],[120.574802,23.873454],[120.573417,23.872605],[120.57338,23.872462],[120.573326,23.872442],[120.573322,23.872478],[120.573329,23.872525],[120.573356,23.872577],[120.573387,23.872607],[120.576114,23.874276],[120.576097,23.874125]]]]}},{"type":"Feature","properties":{"n":"高鐵二路三段","v":"田中鎮","w":3.67,"c":2.23,"r":3},"geometry":{"type":"MultiPolygon","coordinates":[[[[120.569614,23.870414],[120.569587,23.870429],[120.569603,23.870446],[120.571151,23.871336],[120.571791,23.871738],[120.572818,23.872367],[120.572909,23.872404],[120.572938,23.872407],[120.573006,23.872406],[120.573065,23.872389],[120.573038,23.872354],[120.572982,23.872367],[120.572918,23.872366],[120.572858,23.872348],[120.57282,23.872328],[120.571812,23.87171],[120.57117,23.871308],[120.569682,23.870452],[120.569614,23.870414]]]]}},{"type":"Feature","properties":{"n":"三光路","v":"田中鎮","w":1.46,"c":0.71,"r":1},"geometry":{"type":"MultiPolygon","coordinates":[[[[120.5698,23.870062],[120.569792,23.87005],[120.569781,23.870061],[120.56958,23.87037],[120.569575,23.87038],[120.569576,23.8704],[120.569587,23.870429],[120.569614,23.870414],[120.5696,23.870365],[120.569798,23.870064],[120.5698,23.870062]]]]}},{"type":"Feature","properties":{"n":"高鐵二路二段","v":"田中鎮","w":1.92,"c":0.04,"r":3},"geometry":{"type":"MultiPolygon","coordinates":[[[[120.573252,23.872809],[120.573294,23.87274],[120.575325,23.873982],[120.575321,23.874005],[120.57533,23.87403],[120.575488,23.874122],[120.575499,23.874126],[120.575516,23.874123],[120.575534,23.874112],[120.576782,23.874873],[120.576776,23.874881],[120.57679,23.874887],[120.576792,23.874866],[120.576789,23.874856],[120.576781,23.874851],[120.573322,23.872736],[120.57328,23.872716],[120.57326,23.872711],[120.573228,23.872712],[120.57319,23.87273],[120.573168,23.872761],[120.573252,23.872809]]]]}},{"type":"Feature","properties":{"n":"高鐵二路一段","v":"田中鎮","w":3.94,"c":2.31,"r":2},"geometry":{"type":"MultiPolygon","coordinates":[[[[120.583327,23.878771],[120.583263,23.878765],[120.583262,23.878778],[120.583265,23.878807],[120.583277,23.878831],[120.583297,23.87886],[120.583328,23.878886],[120.584249,23.879446],[120.584273,23.879454],[120.584303,23.879452],[120.584329,23.879437],[120.584339,23.879424],[120.584346,23.879406],[120.584334,23.879402],[120.584286,23.879422],[120.584269,23.879415],[120.583352,23.878858],[120.58334,23.878848],[120.583328,23.878797],[120.583327,23.878771]]]]}},{"type":"Feature","properties":{"n":"高鐵二路一段","v":"田中鎮","w":3.83,"c":2.11,"r":2},"geometry":{"type":"MultiPolygon","coordinates":[[[[120.58146,23.877741],[120.581482,23.877714],[120.579104,23.876263],[120.579058,23.876268],[120.579073,23.876286],[120.579164,23.876343],[120.581447,23.877735],[120.58146,23.877741]]]]}},{"type":"Feature","properties":{"n":"高鐵二路一段","v":"田中鎮","w":3.59,"c":1.98,"r":2},"geometry":{"type":"MultiPolygon","coordinates":[[[[120.582921,23.878533],[120.582885,23.87848],[120.582879,23.878487],[120.582792,23.878518],[120.581714,23.877857],[120.581678,23.877866],[120.581706,23.877894],[120.582779,23.87855],[120.582814,23.878561],[120.582854,23.878563],[120.582897,23.878551],[120.582913,23.87854],[120.582921,23.878533]]]]}},{"type":"Feature","properties":{"n":"高鐵綠園路一段","v":"田中鎮","w":6.73,"c":2.4,"r":2},"geometry":{"type":"MultiPolygon","coordinates":[[[[120.582921,23.878533],[120.582945,23.878508],[120.582953,23.878484],[120.583079,23.877879],[120.583077,23.877848],[120.583054,23.877795],[120.583026,23.877771],[120.582998,23.877759],[120.582991,23.877771],[120.583023,23.877823],[120.582885,23.87848],[120.582921,23.878533]]]]}},{"type":"Feature","properties":{"n":"高鐵東六路","v":"田中鎮","w":1.98,"c":1.15,"r":1},"geometry":{"type":"MultiPolygon","coordinates":[[[[120.576682,23.875422],[120.576659,23.875413],[120.576633,23.875412],[120.576608,23.87542],[120.576581,23.875441],[120.575779,23.87655],[120.575763,23.876579],[120.575776,23.876587],[120.576596,23.875452],[120.576652,23.875442],[120.576664,23.875449],[120.576682,23.875422]]]]}},{"type":"Feature","properties":{"n":"高鐵一路二段","v":"田中鎮","w":3.73,"c":2.12,"r":null},"geometry":{"type":"MultiPolygon","coordinates":[[[[120.577657,23.876031],[120.577677,23.876003],[120.577081,23.875653],[120.576684,23.875421],[120.576664,23.875449],[120.577311,23.875828],[120.577657,23.876031]]]]}},{"type":"Feature","properties":{"n":"高鐵東六路","v":"田中鎮","w":3.53,"c":1.72,"r":2},"geometry":{"type":"MultiPolygon","coordinates":[[[[120.576449,23.875358],[120.576459,23.875322],[120.576456,23.875303],[120.576447,23.875287],[120.576427,23.875266],[120.575978,23.874991],[120.575954,23.874994],[120.575945,23.875007],[120.576109,23.875111],[120.576085,23.875145],[120.576218,23.875225],[120.576266,23.875409],[120.576218,23.875475],[120.576293,23.875564],[120.576307,23.875559],[120.576434,23.87538],[120.576449,23.875358]]]]}},{"type":"Feature","properties":{"n":"高鐵東五路","v":"田中鎮","w":3.7,"c":2.13,"r":2},"geometry":{"type":"MultiPolygon","coordinates":[[[[120.576102,23.876803],[120.576125,23.876793],[120.576285,23.876679],[120.576415,23.876596],[120.57654,23.876523],[120.576677,23.876452],[120.576885,23.87636],[120.577056,23.876296],[120.577197,23.87625],[120.577661,23.876117],[120.577677,23.876108],[120.577701,23.876083],[120.577708,23.87605],[120.577703,23.876036],[120.577676,23.876005],[120.577657,23.876031],[120.577649,23.876085],[120.577186,23.876218],[120.577043,23.876264],[120.576871,23.876329],[120.57666,23.876423],[120.576487,23.876514],[120.576264,23.876652],[120.576108,23.876763],[120.576082,23.876785],[120.576074,23.8768],[120.576101,23.876803],[120.576102,23.876803]]]]}},{"type":"Feature","properties":{"n":"站區路二段","v":"田中鎮","w":1.85,"c":0.92,"r":2},"geometry":{"type":"MultiPolygon","coordinates":[[[[120.574859,23.876277],[120.574866,23.876244],[120.574845,23.876214],[120.574259,23.875859],[120.573514,23.8754],[120.573484,23.875395],[120.573453,23.87541],[120.573457,23.875425],[120.573505,23.875416],[120.574537,23.87605],[120.574832,23.876228],[120.574847,23.876271],[120.574859,23.876277]]]]}},{"type":"Feature","properties":{"n":"站區三路","v":"田中鎮","w":1.34,"c":1.34,"r":1},"geometry":{"type":"MultiPolygon","coordinates":[[[[120.574847,23.876271],[120.574776,23.876421],[120.574721,23.876458],[120.574682,23.876458],[120.574681,23.876488],[120.574734,23.876477],[120.574772,23.87645],[120.574793,23.876418],[120.574859,23.876277],[120.574847,23.876271]]]]}},{"type":"Feature","properties":{"n":"大社路二段","v":"田中鎮","w":10.62,"c":2.5,"r":2},"geometry":{"type":"MultiPolygon","coordinates":[[[[120.573168,23.872761],[120.572749,23.873445],[120.572747,23.873502],[120.57263,23.873694],[120.572555,23.873803],[120.572525,23.873815],[120.572234,23.874293],[120.57234,23.874315],[120.572347,23.874302],[120.57231,23.874283],[120.572564,23.873868],[120.5726,23.873887],[120.572637,23.873834],[120.572693,23.873726],[120.572685,23.873722],[120.5728,23.87353],[120.572806,23.873474],[120.572941,23.873248],[120.57318,23.872858],[120.573211,23.872875],[120.573252,23.872809],[120.573168,23.872761]]]]}},{"type":"Feature","properties":{"n":"站區路二段","v":"田中鎮","w":5.79,"c":4.97,"r":2},"geometry":{"type":"MultiPolygon","coordinates":[[[[120.57234,23.874315],[120.572236,23.874294],[120.572226,23.874311],[120.572219,23.874329],[120.572218,23.874351],[120.572221,23.87439],[120.572233,23.874418],[120.572265,23.874457],[120.57229,23.874476],[120.572995,23.874907],[120.573017,23.874914],[120.573034,23.874914],[120.573062,23.874899],[120.573068,23.87489],[120.573044,23.874875],[120.57302,23.874883],[120.573008,23.874894],[120.572299,23.87446],[120.572285,23.874407],[120.572342,23.874316],[120.57234,23.874315]]]]}},{"type":"Feature","properties":{"n":"站區路三段","v":"田中鎮","w":1.35,"c":0.7,"r":2},"geometry":{"type":"MultiPolygon","coordinates":[[[[120.568649,23.871573],[120.568601,23.871581],[120.566837,23.870377],[120.566847,23.8704],[120.5686,23.871596],[120.568639,23.871595],[120.56866,23.871579],[120.568649,23.871573]]]]}},{"type":"Feature","properties":{"n":"站區路三段","v":"田中鎮","w":1.44,"c":0.43,"r":3},"geometry":{"type":"MultiPolygon","coordinates":[[[[120.568745,23.871634],[120.568733,23.871629],[120.568727,23.871658],[120.56874,23.871682],[120.568758,23.871695],[120.570155,23.872498],[120.570316,23.872605],[120.570478,23.872729],[120.570587,23.872822],[120.57069,23.87292],[120.571897,23.874205],[120.571906,23.874197],[120.570733,23.872945],[120.570597,23.872813],[120.570451,23.872689],[120.570325,23.872595],[120.570159,23.872485],[120.568756,23.871679],[120.568745,23.871634]]]]}},{"type":"Feature","properties":{"n":"站區路二段","v":"田中鎮","w":2,"c":1.09,"r":2},"geometry":{"type":"MultiPolygon","coordinates":[[[[120.572067,23.874556],[120.572075,23.874588],[120.572132,23.874576],[120.573272,23.875273],[120.573349,23.875321],[120.573359,23.875366],[120.573372,23.875371],[120.573377,23.875363],[120.573381,23.875341],[120.573379,23.87533],[120.573355,23.875303],[120.572151,23.874566],[120.572109,23.874552],[120.572082,23.874552],[120.572067,23.874556]]]]}},{"type":"Feature","properties":{"n":"站區路二段","v":"田中鎮","w":4,"c":2.25,"r":4},"geometry":{"type":"MultiPolygon","coordinates":[[[[120.575134,23.876194],[120.574411,23.875752],[120.574415,23.875734],[120.574407,23.875711],[120.574362,23.875678],[120.574363,23.875712],[120.574371,23.875734],[120.574387,23.875755],[120.574405,23.87577],[120.575589,23.876493],[120.57561,23.876499],[120.575624,23.876496],[120.575642,23.876479],[120.575314,23.87628],[120.575301,23.876299],[120.575143,23.876204],[120.575146,23.876201],[120.575134,23.876194]]]]}},{"type":"Feature","properties":{"n":"站區路二段","v":"田中鎮","w":1.99,"c":1.2,"r":2},"geometry":{"type":"MultiPolygon","coordinates":[[[[120.574158,23.875618],[120.574186,23.875629],[120.574217,23.875633],[120.574264,23.875619],[120.574229,23.875594],[120.574208,23.875587],[120.574181,23.875592],[120.574168,23.875602],[120.573231,23.87503],[120.573233,23.875006],[120.573226,23.874986],[120.573211,23.874976],[120.573205,23.874984],[120.573199,23.875013],[120.573208,23.875032],[120.573222,23.875046],[120.573889,23.875454],[120.574158,23.875618]]]]}},{"type":"Feature","properties":{"n":"站區南路","v":"田中鎮","w":1.47,"c":1.47,"r":null},"geometry":{"type":"MultiPolygon","coordinates":[[[[120.575619,23.870481],[120.576508,23.870581],[120.576511,23.870567],[120.575602,23.870466],[120.575605,23.870475],[120.575615,23.87048],[120.575619,23.870481]]]]}},{"type":"Feature","properties":{"n":"站區南路","v":"田中鎮","w":1.48,"c":1.48,"r":null},"geometry":{"type":"MultiPolygon","coordinates":[[[[120.575509,23.870468],[120.57552,23.870466],[120.575526,23.870457],[120.574583,23.870349],[120.574582,23.870363],[120.575499,23.870467],[120.575509,23.870468]]]]}},{"type":"Feature","properties":{"n":"站區北路","v":"田中鎮","w":3.41,"c":2.41,"r":2},"geometry":{"type":"MultiPolygon","coordinates":[[[[120.573065,23.875851],[120.57306,23.875837],[120.572981,23.875862],[120.572668,23.875764],[120.572569,23.875742],[120.572469,23.875726],[120.572319,23.875713],[120.572079,23.875714],[120.571939,23.875707],[120.571805,23.875692],[120.571611,23.875661],[120.571569,23.875677],[120.571591,23.875686],[120.571744,23.875715],[120.571936,23.875737],[120.572078,23.875745],[120.572317,23.875744],[120.572514,23.875763],[120.572706,23.875807],[120.572962,23.87589],[120.573009,23.87589],[120.573039,23.875878],[120.573054,23.875866],[120.573065,23.875851]]]]}},{"type":"Feature","properties":{"n":"高鐵一路三段","v":"田中鎮","w":3.66,"c":2.19,"r":2},"geometry":{"type":"MultiPolygon","coordinates":[[[[120.566047,23.868834],[120.566087,23.868826],[120.566528,23.869097],[120.567206,23.869539],[120.567197,23.869506],[120.56718,23.86948],[120.566525,23.869054],[120.566115,23.868804],[120.566082,23.868798],[120.566038,23.868806],[120.566047,23.868834]]]]}},{"type":"Feature","properties":{"n":"站區八路","v":"田中鎮","w":1.45,"c":0.78,"r":null},"geometry":{"type":"MultiPolygon","coordinates":[[[[120.566038,23.868806],[120.565708,23.86926],[120.565564,23.869471],[120.565576,23.869477],[120.56572,23.869266],[120.56603,23.868837],[120.566047,23.868834],[120.566038,23.868806]]]]}},{"type":"Feature","properties":{"n":"員集路二段729巷","v":"田中鎮","w":2.12,"c":0.4,"r":null},"geometry":{"type":"MultiPolygon","coordinates":[[[[120.580127,23.873959],[120.580154,23.873964],[120.580283,23.873871],[120.580365,23.873825],[120.580368,23.87383],[120.58041,23.873806],[120.580407,23.873801],[120.581534,23.873176],[120.58159,23.873141],[120.581565,23.873133],[120.581513,23.873165],[120.580684,23.873623],[120.580238,23.873875],[120.580129,23.873957],[120.580127,23.873959]]]]}},{"type":"Feature","properties":{"n":"員集路二段729巷","v":"田中鎮","w":1.82,"c":1.82,"r":null},"geometry":{"type":"MultiPolygon","coordinates":[[[[120.581746,23.87303],[120.58194,23.872878],[120.581931,23.872875],[120.58191,23.87288],[120.581738,23.873015],[120.581743,23.873028],[120.581746,23.87303]]]]}},{"type":"Feature","properties":{"n":"文化街","v":"田中鎮","w":3.74,"c":2.42,"r":2},"geometry":{"type":"MultiPolygon","coordinates":[[[[120.589307,23.854941],[120.588348,23.854564],[120.588323,23.854593],[120.589293,23.854972],[120.589307,23.854941]]]]}},{"type":"Feature","properties":{"n":"中新一街","v":"田中鎮","w":3.85,"c":2.38,"r":null},"geometry":{"type":"MultiPolygon","coordinates":[[[[120.589307,23.854941],[120.589293,23.854972],[120.589329,23.854991],[120.589347,23.855019],[120.589314,23.855167],[120.589352,23.855174],[120.589378,23.85505],[120.589376,23.855032],[120.589358,23.854988],[120.589315,23.854944],[120.589307,23.854941]]]]}},{"type":"Feature","properties":{"n":"中潭路","v":"田中鎮","w":1.28,"c":0.59,"r":1},"geometry":{"type":"MultiPolygon","coordinates":[[[[120.586327,23.870959],[120.586328,23.870947],[120.582932,23.870855],[120.582933,23.870866],[120.586174,23.870955],[120.586327,23.870959]]]]}},{"type":"Feature","properties":{"n":"中正路","v":"田中鎮","w":2.05,"c":1.31,"r":null},"geometry":{"type":"MultiPolygon","coordinates":[[[[120.583698,23.863231],[120.583716,23.863222],[120.583583,23.862986],[120.58346,23.862736],[120.583349,23.862455],[120.583275,23.862239],[120.583262,23.862267],[120.583337,23.862482],[120.583424,23.862699],[120.583493,23.862852],[120.583564,23.862993],[120.583694,23.863225],[120.583698,23.863231]]]]}},{"type":"Feature","properties":{"n":"中正路","v":"田中鎮","w":1.83,"c":0.67,"r":null},"geometry":{"type":"MultiPolygon","coordinates":[[[[120.585992,23.865547],[120.586006,23.865535],[120.585286,23.864937],[120.585069,23.864752],[120.585014,23.864711],[120.585005,23.864721],[120.585916,23.865484],[120.585992,23.865547]]]]}},{"type":"Feature","properties":{"n":"建國路","v":"田中鎮","w":3.6,"c":2.25,"r":4},"geometry":{"type":"MultiPolygon","coordinates":[[[[120.585159,23.865178],[120.585165,23.865138],[120.585155,23.86513],[120.585146,23.86513],[120.584966,23.865245],[120.584722,23.865382],[120.584455,23.865498],[120.584321,23.865546],[120.584179,23.865589],[120.584104,23.865601],[120.584104,23.865634],[120.584188,23.86562],[120.584334,23.865576],[120.584469,23.865528],[120.584739,23.865411],[120.584985,23.865272],[120.585136,23.865171],[120.585159,23.865178]]]]}},{"type":"Feature","properties":{"n":"員集路三段","v":"田中鎮","w":2.55,"c":2.55,"r":6},"geometry":{"type":"MultiPolygon","coordinates":[[[[120.586183,23.865981],[120.58645,23.866097],[120.587392,23.868077],[120.587416,23.868073],[120.586476,23.866082],[120.586199,23.865965],[120.586183,23.865981]]]]}},{"type":"Feature","properties":{"n":"中正路","v":"田中鎮","w":1.92,"c":1.17,"r":null},"geometry":{"type":"MultiPolygon","coordinates":[[[[120.583487,23.863287],[120.5834,23.863127],[120.583302,23.862929],[120.583225,23.862756],[120.583147,23.862556],[120.583127,23.862562],[120.583205,23.862763],[120.583306,23.862981],[120.583367,23.863106],[120.58347,23.863294],[120.583487,23.863287]]]]}},{"type":"Feature","properties":{"n":"中正路","v":"田中鎮","w":1.97,"c":1.97,"r":null},"geometry":{"type":"MultiPolygon","coordinates":[[[[120.58352,23.863377],[120.58368,23.863622],[120.583696,23.863612],[120.583537,23.863369],[120.58352,23.863377]]]]}},{"type":"Feature","properties":{"n":"中正路","v":"田中鎮","w":2.1,"c":2.1,"r":4},"geometry":{"type":"MultiPolygon","coordinates":[[[[120.585159,23.865178],[120.585801,23.865704],[120.586006,23.865866],[120.58601,23.865862],[120.586013,23.865852],[120.586007,23.865844],[120.585176,23.86517],[120.585168,23.865173],[120.585159,23.865178]]]]}},{"type":"Feature","properties":{"n":"中正路","v":"田中鎮","w":1.93,"c":1.15,"r":null},"geometry":{"type":"MultiPolygon","coordinates":[[[[120.584037,23.864064],[120.584017,23.86404],[120.584005,23.86405],[120.584147,23.864227],[120.584284,23.864389],[120.584377,23.864489],[120.584543,23.864654],[120.58468,23.864776],[120.585007,23.865052],[120.585023,23.865041],[120.584741,23.864804],[120.584508,23.864595],[120.584347,23.864431],[120.584113,23.864157],[120.584037,23.864064]]]]}},{"type":"Feature","properties":{"n":"中正路","v":"田中鎮","w":1.94,"c":1.24,"r":null},"geometry":{"type":"MultiPolygon","coordinates":[[[[120.583975,23.863985],[120.583857,23.863831],[120.583851,23.863828],[120.583837,23.863833],[120.583966,23.864003],[120.583977,23.86399],[120.583975,23.863985]]]]}},{"type":"Feature","properties":{"n":"員集路三段","v":"田中鎮","w":2.08,"c":0.87,"r":1},"geometry":{"type":"MultiPolygon","coordinates":[[[[120.587438,23.867859],[120.587456,23.867847],[120.586785,23.866343],[120.586557,23.865795],[120.58654,23.86581],[120.586678,23.866148],[120.587414,23.867806],[120.587438,23.867859]]]]}},{"type":"Feature","properties":{"n":"中正路","v":"田中鎮","w":1.8,"c":0.51,"r":null},"geometry":{"type":"MultiPolygon","coordinates":[[[[120.584703,23.864461],[120.584715,23.864451],[120.584704,23.864437],[120.58453,23.864262],[120.584176,23.863851],[120.584065,23.863711],[120.584051,23.863721],[120.584281,23.864005],[120.584407,23.864149],[120.584522,23.864279],[120.584678,23.864438],[120.584703,23.864461]]]]}},{"type":"Feature","properties":{"n":"中正路","v":"田中鎮","w":1.99,"c":1.99,"r":null},"geometry":{"type":"MultiPolygon","coordinates":[[[[120.583914,23.863547],[120.583929,23.863537],[120.583833,23.863405],[120.583742,23.863265],[120.583726,23.863273],[120.583802,23.86339],[120.583899,23.863526],[120.583914,23.863547]]]]}},{"type":"Feature","properties":{"n":"中正路","v":"田中鎮","w":2.04,"c":0.59,"r":null},"geometry":{"type":"MultiPolygon","coordinates":[[[[120.584997,23.855734],[120.585476,23.855449],[120.585613,23.855375],[120.585614,23.855354],[120.585466,23.855434],[120.584988,23.855718],[120.584414,23.856006],[120.584145,23.856162],[120.583958,23.856293],[120.583835,23.856389],[120.583642,23.856559],[120.583451,23.856753],[120.583474,23.856757],[120.583656,23.856572],[120.583751,23.856486],[120.583971,23.856307],[120.584157,23.856177],[120.584424,23.856022],[120.584997,23.855734]]]]}},{"type":"Feature","properties":{"n":"中正路","v":"田中鎮","w":1.88,"c":0.65,"r":1},"geometry":{"type":"MultiPolygon","coordinates":[[[[120.583408,23.856801],[120.583294,23.856948],[120.583204,23.857089],[120.583133,23.857214],[120.583067,23.85736],[120.583075,23.857363],[120.583087,23.85736],[120.583151,23.857221],[120.58322,23.857097],[120.58331,23.856958],[120.583425,23.856813],[120.583423,23.856808],[120.583408,23.856801]]]]}},{"type":"Feature","properties":{"n":"中正路","v":"田中鎮","w":1.94,"c":1.08,"r":null},"geometry":{"type":"MultiPolygon","coordinates":[[[[120.586831,23.855093],[120.586826,23.855082],[120.586816,23.855079],[120.585753,23.855487],[120.585268,23.855779],[120.5845,23.856216],[120.584321,23.856324],[120.584178,23.856418],[120.584079,23.85649],[120.583946,23.856595],[120.583629,23.856886],[120.583568,23.85695],[120.58351,23.857022],[120.583393,23.857176],[120.58334,23.857255],[120.583277,23.857366],[120.583236,23.857455],[120.583243,23.857464],[120.583255,23.857466],[120.583262,23.85744],[120.583322,23.85732],[120.583353,23.85727],[120.583432,23.857156],[120.583642,23.856899],[120.583959,23.856608],[120.584189,23.856432],[120.584331,23.856338],[120.58451,23.85623],[120.584956,23.855982],[120.58528,23.855795],[120.585764,23.855505],[120.586827,23.855095],[120.586831,23.855093]]]]}},{"type":"Feature","properties":{"n":"專用道路","v":"田中鎮","w":1.77,"c":0.88,"r":1},"geometry":{"type":"MultiPolygon","coordinates":[[[[120.58698,23.855037],[120.587066,23.855045],[120.587093,23.855055],[120.587118,23.855071],[120.587139,23.855093],[120.587157,23.855128],[120.587181,23.855224],[120.587195,23.85521],[120.587174,23.855122],[120.587158,23.855089],[120.587136,23.855062],[120.587106,23.855041],[120.587074,23.855028],[120.586981,23.855019],[120.58698,23.855037]]]]}},{"type":"Feature","properties":{"n":"大社路二段","v":"田中鎮","w":4.93,"c":3.5,"r":3},"geometry":{"type":"MultiPolygon","coordinates":[[[[120.574017,23.871335],[120.574023,23.871361],[120.57404,23.871386],[120.574059,23.871402],[120.574068,23.871387],[120.574052,23.871335],[120.574567,23.870488],[120.57462,23.870463],[120.574627,23.870464],[120.574629,23.870453],[120.574598,23.870451],[120.574558,23.87046],[120.574525,23.870478],[120.574502,23.870504],[120.574024,23.871291],[120.574017,23.871333],[120.574017,23.871335]]]]}},{"type":"Feature","properties":{"n":"大社路二段","v":"田中鎮","w":4.86,"c":2.12,"r":3},"geometry":{"type":"MultiPolygon","coordinates":[[[[120.572027,23.874201],[120.572642,23.873191],[120.572598,23.873171],[120.571981,23.874189],[120.57191,23.874196],[120.571898,23.874204],[120.571929,23.874225],[120.571955,23.874231],[120.571986,23.874227],[120.572019,23.874209],[120.572027,23.874201]]]]}},{"type":"Feature","properties":{"n":"大社路二段","v":"田中鎮","w":4.93,"c":4.79,"r":1},"geometry":{"type":"MultiPolygon","coordinates":[[[[120.573708,23.871275],[120.573706,23.871286],[120.57374,23.871291],[120.573779,23.871284],[120.573803,23.871269],[120.573828,23.87124],[120.573998,23.870961],[120.573957,23.870939],[120.573763,23.871256],[120.573733,23.871267],[120.573708,23.871275]]]]}},{"type":"Feature","properties":{"n":"高鐵一路三段","v":"田中鎮","w":3.8,"c":2.24,"r":2},"geometry":{"type":"MultiPolygon","coordinates":[[[[120.569159,23.870825],[120.569175,23.870821],[120.569187,23.870807],[120.569186,23.870792],[120.56918,23.870765],[120.569172,23.870751],[120.569147,23.870731],[120.568896,23.870567],[120.568143,23.870107],[120.567427,23.869641],[120.567402,23.86963],[120.567356,23.869634],[120.568122,23.870135],[120.568925,23.870626],[120.569146,23.870772],[120.569159,23.870825]]]]}},{"type":"Feature","properties":{"n":"三光路","v":"田中鎮","w":1.4,"c":0.34,"r":null},"geometry":{"type":"MultiPolygon","coordinates":[[[[120.568649,23.871573],[120.56866,23.871579],[120.568665,23.871573],[120.569175,23.870821],[120.569159,23.870825],[120.568745,23.871432],[120.568649,23.871573]]]]}},{"type":"Feature","properties":{"n":"三民路","v":"田中鎮","w":1.46,"c":0.15,"r":1},"geometry":{"type":"MultiPolygon","coordinates":[[[[120.569324,23.868638],[120.569342,23.868631],[120.566464,23.867326],[120.5664,23.867292],[120.566323,23.867241],[120.566234,23.867167],[120.566151,23.867075],[120.566055,23.866935],[120.566044,23.866932],[120.566051,23.866954],[120.56611,23.867043],[120.566199,23.867151],[120.566262,23.86721],[120.566314,23.867251],[120.566437,23.867327],[120.569201,23.868582],[120.569324,23.868638]]]]}},{"type":"Feature","properties":{"n":"中山路一段","v":"田尾鄉","w":2.35,"c":0.86,"r":5},"geometry":{"type":"MultiPolygon","coordinates":[[[[120.536159,23.899359],[120.536169,23.899361],[120.536211,23.899338],[120.536177,23.89928],[120.536149,23.899294],[120.535882,23.898865],[120.535548,23.898408],[120.535366,23.898149],[120.535214,23.897954],[120.535206,23.897968],[120.535209,23.897983],[120.535347,23.898161],[120.535529,23.89842],[120.535862,23.898876],[120.535964,23.899035],[120.536159,23.899359],[120.536159,23.899359]]]]}},{"type":"Feature","properties":{"n":"無路名","v":"田尾鄉","w":2.39,"c":2.39,"r":null},"geometry":{"type":"MultiPolygon","coordinates":[[[[120.535821,23.888911],[120.535705,23.888685],[120.53557,23.88851],[120.535559,23.888504],[120.535546,23.888506],[120.535542,23.88851],[120.535685,23.888695],[120.535791,23.888902],[120.53579,23.888913],[120.535783,23.888923],[120.535821,23.888911]]]]}},{"type":"Feature","properties":{"n":"光復路二段","v":"田尾鄉","w":3.69,"c":1.07,"r":4},"geometry":{"type":"MultiPolygon","coordinates":[[[[120.533262,23.889701],[120.533286,23.889722],[120.534086,23.88952],[120.534109,23.889525],[120.534145,23.889516],[120.534146,23.889521],[120.53428,23.889487],[120.53428,23.889483],[120.534314,23.889474],[120.534332,23.889457],[120.534933,23.889303],[120.53578,23.889089],[120.535887,23.889066],[120.536153,23.889018],[120.536153,23.889009],[120.536083,23.889002],[120.535901,23.889024],[120.533267,23.889693],[120.533262,23.889701]]]]}},{"type":"Feature","properties":{"n":"福德巷","v":"田尾鄉","w":3.36,"c":3.36,"r":1},"geometry":{"type":"MultiPolygon","coordinates":[[[[120.536149,23.895379],[120.536161,23.895384],[120.536168,23.895402],[120.536151,23.895621],[120.536163,23.895752],[120.53618,23.895816],[120.536308,23.896155],[120.536309,23.896179],[120.536298,23.896204],[120.536327,23.896214],[120.53634,23.896174],[120.536337,23.896137],[120.536212,23.895807],[120.536191,23.895727],[120.536184,23.895622],[120.5362,23.895402],[120.536195,23.89538],[120.536184,23.895367],[120.536174,23.895358],[120.536156,23.895352],[120.536149,23.895379]]]]}},{"type":"Feature","properties":{"n":"庄頭巷","v":"田尾鄉","w":2.03,"c":1.03,"r":1},"geometry":{"type":"MultiPolygon","coordinates":[[[[120.533773,23.900625],[120.533756,23.900618],[120.533742,23.900641],[120.533542,23.900837],[120.533121,23.901267],[120.533053,23.90133],[120.532984,23.90138],[120.532962,23.901401],[120.532973,23.901405],[120.532985,23.901403],[120.533066,23.901344],[120.533136,23.90128],[120.533556,23.90085],[120.533748,23.900661],[120.533771,23.900628],[120.533773,23.900625]]]]}},{"type":"Feature","properties":{"n":"庄頭巷","v":"田尾鄉","w":2.1,"c":1.2,"r":2},"geometry":{"type":"MultiPolygon","coordinates":[[[[120.532889,23.901709],[120.532982,23.903036],[120.532994,23.903115],[120.533017,23.903203],[120.533075,23.903344],[120.533114,23.903413],[120.533658,23.904268],[120.53367,23.904245],[120.533133,23.903403],[120.533095,23.903336],[120.533038,23.903198],[120.533014,23.903111],[120.532998,23.903001],[120.53291,23.90172],[120.532902,23.901711],[120.532892,23.901709],[120.532889,23.901709]]]]}},{"type":"Feature","properties":{"n":"中學路二段","v":"田尾鄉","w":3.15,"c":1.19,"r":1},"geometry":{"type":"MultiPolygon","coordinates":[[[[120.533262,23.889701],[120.533257,23.889776],[120.533299,23.889925],[120.533342,23.890066],[120.533375,23.890143],[120.533391,23.89014],[120.533278,23.889736],[120.533286,23.889722],[120.533262,23.889701]]]]}},{"type":"Feature","properties":{"n":"光復路二段","v":"田尾鄉","w":3.35,"c":1.45,"r":10},"geometry":{"type":"MultiPolygon","coordinates":[[[[120.535821,23.888911],[120.534812,23.889173],[120.533086,23.889612],[120.533108,23.889629],[120.533128,23.889634],[120.535805,23.888952],[120.535818,23.888946],[120.535822,23.888913],[120.535821,23.888911]]]]}},{"type":"Feature","properties":{"n":"公園一路","v":"田尾鄉","w":3,"c":1.24,"r":null},"geometry":{"type":"MultiPolygon","coordinates":[[[[120.536149,23.895379],[120.536156,23.895352],[120.536152,23.895352],[120.535869,23.895344],[120.535726,23.895354],[120.535709,23.895365],[120.535701,23.895384],[120.53587,23.895371],[120.536148,23.895379],[120.536149,23.895379]]]]}},{"type":"Feature","properties":{"n":"中山路二段","v":"田尾鄉","w":2.35,"c":0.59,"r":2},"geometry":{"type":"MultiPolygon","coordinates":[[[[120.533995,23.896063],[120.533967,23.896056],[120.533968,23.896102],[120.53412,23.896378],[120.534327,23.896729],[120.534461,23.896918],[120.534725,23.897263],[120.535019,23.897676],[120.535166,23.897901],[120.53518,23.89791],[120.535197,23.897908],[120.535115,23.897778],[120.534933,23.897512],[120.534696,23.897183],[120.534483,23.896905],[120.534354,23.896714],[120.534136,23.896358],[120.533995,23.896104],[120.533995,23.896064],[120.533995,23.896063]]]]}},{"type":"Feature","properties":{"n":"公園一路","v":"田尾鄉","w":2.99,"c":1.23,"r":1},"geometry":{"type":"MultiPolygon","coordinates":[[[[120.533967,23.896056],[120.533995,23.896063],[120.534005,23.896041],[120.534025,23.896025],[120.534343,23.895869],[120.534636,23.895738],[120.534868,23.895643],[120.53526,23.895496],[120.535247,23.895483],[120.535229,23.895481],[120.534888,23.895606],[120.534623,23.895714],[120.53433,23.895845],[120.53401,23.896002],[120.533984,23.896023],[120.533968,23.896053],[120.533967,23.896056]]]]}},{"type":"Feature","properties":{"n":"公園一路","v":"田尾鄉","w":3.03,"c":1.25,"r":2},"geometry":{"type":"MultiPolygon","coordinates":[[[[120.535339,23.895358],[120.535523,23.895305],[120.535697,23.895274],[120.535882,23.895262],[120.536167,23.895271],[120.536212,23.89525],[120.53621,23.895237],[120.536186,23.895244],[120.535909,23.895235],[120.535792,23.895238],[120.535694,23.895247],[120.535499,23.895282],[120.535404,23.895308],[120.535282,23.895348],[120.535296,23.895363],[120.535318,23.895365],[120.535339,23.895358]]]]}},{"type":"Feature","properties":{"n":"公園一路","v":"田尾鄉","w":2.92,"c":1.22,"r":1},"geometry":{"type":"MultiPolygon","coordinates":[[[[120.533876,23.895882],[120.533852,23.895897],[120.533881,23.895925],[120.53392,23.895937],[120.533966,23.895931],[120.53425,23.895789],[120.534507,23.895674],[120.534855,23.89553],[120.535176,23.895413],[120.53519,23.8954],[120.53519,23.895382],[120.534951,23.895465],[120.534599,23.895606],[120.534237,23.895766],[120.533955,23.895906],[120.533934,23.895911],[120.533913,23.895909],[120.533894,23.8959],[120.53388,23.895887],[120.533876,23.895882]]]]}},{"type":"Feature","properties":{"n":"中山路一段","v":"田尾鄉","w":2.61,"c":1.1,"r":2},"geometry":{"type":"MultiPolygon","coordinates":[[[[120.540774,23.907144],[120.54,23.905766],[120.539988,23.905747],[120.539984,23.905749],[120.539975,23.905758],[120.539974,23.905771],[120.540063,23.90593],[120.540744,23.907135],[120.540755,23.907145],[120.54077,23.907145],[120.540774,23.907144]]]]}},{"type":"Feature","properties":{"n":"中山路一段","v":"田尾鄉","w":2.46,"c":1.14,"r":null},"geometry":{"type":"MultiPolygon","coordinates":[[[[120.539437,23.904812],[120.539932,23.905695],[120.539946,23.905704],[120.539962,23.905701],[120.539448,23.904787],[120.539439,23.904795],[120.539436,23.904809],[120.539437,23.904812]]]]}},{"type":"Feature","properties":{"n":"中山路一段","v":"田尾鄉","w":2.46,"c":2.46,"r":3},"geometry":{"type":"MultiPolygon","coordinates":[[[[120.54081,23.907203],[120.540799,23.907215],[120.540799,23.907231],[120.541183,23.907895],[120.541197,23.907904],[120.541215,23.907901],[120.54082,23.90722],[120.54081,23.907203]]]]}},{"type":"Feature","properties":{"n":"中山路一段","v":"田尾鄉","w":2.54,"c":1.1,"r":null},"geometry":{"type":"MultiPolygon","coordinates":[[[[120.539431,23.904757],[120.539327,23.904579],[120.539234,23.904438],[120.539224,23.904467],[120.539306,23.90459],[120.5394,23.904749],[120.539409,23.904758],[120.539422,23.904761],[120.539431,23.904757]]]]}},{"type":"Feature","properties":{"n":"中山路一段","v":"田尾鄉","w":2.48,"c":0.91,"r":null},"geometry":{"type":"MultiPolygon","coordinates":[[[[120.539197,23.904388],[120.539119,23.90429],[120.538778,23.903893],[120.538769,23.903897],[120.538763,23.903908],[120.538766,23.90392],[120.53903,23.904221],[120.539166,23.904386],[120.53918,23.904393],[120.539196,23.904388],[120.539197,23.904388]]]]}},{"type":"Feature","properties":{"n":"中山路一段","v":"田尾鄉","w":2.15,"c":0.86,"r":null},"geometry":{"type":"MultiPolygon","coordinates":[[[[120.538686,23.903825],[120.538698,23.903828],[120.538711,23.903825],[120.538461,23.90352],[120.538329,23.903322],[120.538333,23.903321],[120.538249,23.903164],[120.538168,23.90302],[120.538149,23.903029],[120.538346,23.903396],[120.538409,23.903493],[120.538511,23.903624],[120.538631,23.903763],[120.538686,23.903825]]]]}},{"type":"Feature","properties":{"n":"中山路一段","v":"田尾鄉","w":2.45,"c":1.21,"r":1},"geometry":{"type":"MultiPolygon","coordinates":[[[[120.538076,23.902897],[120.538099,23.902887],[120.537544,23.901865],[120.537532,23.901879],[120.537533,23.901896],[120.538027,23.902807],[120.538076,23.902897]]]]}},{"type":"Feature","properties":{"n":"中山路一段","v":"田尾鄉","w":2.58,"c":0.44,"r":null},"geometry":{"type":"MultiPolygon","coordinates":[[[[120.536424,23.899838],[120.536647,23.900275],[120.536734,23.900423],[120.537495,23.90183],[120.537511,23.901842],[120.537531,23.901841],[120.537065,23.900978],[120.536755,23.900413],[120.536668,23.900266],[120.536624,23.900173],[120.536491,23.899923],[120.536522,23.89991],[120.536236,23.899354],[120.536205,23.899419],[120.536369,23.899735],[120.536424,23.899838]]]]}},{"type":"Feature","properties":{"n":"中山路二段","v":"田尾鄉","w":2.58,"c":1.08,"r":7},"geometry":{"type":"MultiPolygon","coordinates":[[[[120.533876,23.895882],[120.53366,23.895483],[120.533172,23.894617],[120.532995,23.894381],[120.5329,23.894278],[120.532894,23.894291],[120.532898,23.894305],[120.532977,23.894393],[120.533149,23.894629],[120.533516,23.895278],[120.533852,23.895897],[120.533876,23.895882]]]]}},{"type":"Feature","properties":{"n":"中山路一段","v":"田尾鄉","w":2.59,"c":1.01,"r":10},"geometry":{"type":"MultiPolygon","coordinates":[[[[120.532861,23.894263],[120.5325,23.893991],[120.532292,23.893847],[120.531552,23.893307],[120.531303,23.893132],[120.531148,23.893014],[120.530706,23.892704],[120.530252,23.892364],[120.529992,23.892191],[120.529785,23.892045],[120.529646,23.891936],[120.529531,23.891855],[120.529528,23.891858],[120.529525,23.891871],[120.529531,23.891882],[120.52986,23.892124],[120.530064,23.892271],[120.530233,23.892386],[120.530881,23.892858],[120.53246,23.893993],[120.532828,23.894265],[120.532844,23.89427],[120.53286,23.894264],[120.532861,23.894263]]]]}},{"type":"Feature","properties":{"n":"中山路一段","v":"田尾鄉","w":2.83,"c":1.3,"r":1},"geometry":{"type":"MultiPolygon","coordinates":[[[[120.529463,23.891814],[120.528971,23.891435],[120.527402,23.890308],[120.527199,23.890171],[120.527193,23.890175],[120.527192,23.890189],[120.527206,23.890202],[120.528794,23.891339],[120.529406,23.891799],[120.52943,23.891815],[120.529449,23.891822],[120.529463,23.891814]]]]}},{"type":"Feature","properties":{"n":"中山路一段","v":"田尾鄉","w":1.9,"c":1.9,"r":null},"geometry":{"type":"MultiPolygon","coordinates":[[[[120.52298,23.883586],[120.522829,23.883247],[120.52281,23.883251],[120.522966,23.883601],[120.522977,23.883592],[120.52298,23.883586]]]]}},{"type":"Feature","properties":{"n":"中山路一段","v":"田尾鄉","w":2.56,"c":1.03,"r":null},"geometry":{"type":"MultiPolygon","coordinates":[[[[120.538253,23.903715],[120.538445,23.903946],[120.538462,23.903934],[120.538463,23.903929],[120.538345,23.903793],[120.538281,23.903709],[120.538274,23.903705],[120.538266,23.903707],[120.538253,23.903715]]]]}},{"type":"Feature","properties":{"n":"民族路一段","v":"田尾鄉","w":4,"c":2.03,"r":null},"geometry":{"type":"MultiPolygon","coordinates":[[[[120.533322,23.896219],[120.532403,23.896618],[120.53232,23.896658],[120.532162,23.896755],[120.532074,23.896836],[120.532019,23.896895],[120.531979,23.896941],[120.531937,23.897001],[120.531864,23.897126],[120.531687,23.897474],[120.531715,23.897473],[120.531736,23.897461],[120.531914,23.897114],[120.532012,23.896961],[120.532103,23.896861],[120.532208,23.896767],[120.53234,23.896689],[120.53242,23.896651],[120.533338,23.896252],[120.533322,23.896219]]]]}},{"type":"Feature","properties":{"n":"民族路一段","v":"田尾鄉","w":4,"c":2.24,"r":null},"geometry":{"type":"MultiPolygon","coordinates":[[[[120.531696,23.897809],[120.531679,23.897832],[120.531636,23.897915],[120.531193,23.898785],[120.530963,23.899146],[120.530969,23.899159],[120.530969,23.899184],[120.530978,23.899196],[120.531244,23.898774],[120.53165,23.897972],[120.531706,23.897865],[120.531728,23.897831],[120.531696,23.897809]]]]}},{"type":"Feature","properties":{"n":"公園路","v":"田尾鄉","w":3.92,"c":2.12,"r":null},"geometry":{"type":"MultiPolygon","coordinates":[[[[120.531841,23.897531],[120.531845,23.897558],[120.531852,23.897571],[120.531885,23.897603],[120.532181,23.897758],[120.532272,23.897812],[120.532361,23.897871],[120.532429,23.897937],[120.532494,23.898011],[120.532573,23.898131],[120.532841,23.898611],[120.532848,23.898619],[120.53287,23.898629],[120.532894,23.898625],[120.532587,23.89808],[120.532522,23.897984],[120.532471,23.897927],[120.532394,23.89785],[120.532341,23.897811],[120.532229,23.897744],[120.531938,23.897591],[120.531898,23.897566],[120.531887,23.897555],[120.531881,23.897531],[120.531841,23.897531]]]]}},{"type":"Feature","properties":{"n":"民族路一段","v":"田尾鄉","w":4,"c":2.2,"r":null},"geometry":{"type":"MultiPolygon","coordinates":[[[[120.531881,23.897531],[120.53189,23.897499],[120.532024,23.897236],[120.532088,23.897121],[120.53213,23.897058],[120.532184,23.896996],[120.532303,23.896883],[120.532369,23.896843],[120.532483,23.896783],[120.533336,23.896412],[120.533333,23.896407],[120.533315,23.896395],[120.533289,23.896395],[120.533209,23.896428],[120.532468,23.89675],[120.532377,23.896796],[120.532265,23.896866],[120.532192,23.896932],[120.532134,23.896994],[120.532105,23.897027],[120.532069,23.897079],[120.532006,23.897187],[120.531854,23.897484],[120.531841,23.897531],[120.531881,23.897531]]]]}},{"type":"Feature","properties":{"n":"民族路一段","v":"田尾鄉","w":4.81,"c":4.81,"r":null},"geometry":{"type":"MultiPolygon","coordinates":[[[[120.531413,23.898096],[120.531393,23.898076],[120.531354,23.898075],[120.53134,23.89814],[120.531235,23.898344],[120.531265,23.898348],[120.531288,23.898343],[120.531397,23.898126],[120.531413,23.898096]]]]}},{"type":"Feature","properties":{"n":"民族路一段","v":"田尾鄉","w":3.96,"c":2.25,"r":null},"geometry":{"type":"MultiPolygon","coordinates":[[[[120.530558,23.899488],[120.530564,23.899482],[120.530592,23.89948],[120.530606,23.899471],[120.530653,23.89941],[120.531068,23.898764],[120.531226,23.898464],[120.531227,23.898441],[120.531215,23.898423],[120.531206,23.898418],[120.531031,23.898755],[120.530639,23.899364],[120.530551,23.899483],[120.530558,23.899488]]]]}},{"type":"Feature","properties":{"n":"民族路一段62巷","v":"田尾鄉","w":3.54,"c":2.31,"r":null},"geometry":{"type":"MultiPolygon","coordinates":[[[[120.530359,23.893873],[120.530364,23.893907],[120.53083,23.894003],[120.530957,23.894035],[120.531497,23.8942],[120.53213,23.894407],[120.532711,23.894551],[120.532669,23.894507],[120.532166,23.894382],[120.531458,23.894154],[120.530977,23.894007],[120.530905,23.893987],[120.530362,23.893874],[120.530359,23.893873]]]]}},{"type":"Feature","properties":{"n":"中山路一段","v":"田尾鄉","w":2.54,"c":0.86,"r":null},"geometry":{"type":"MultiPolygon","coordinates":[[[[120.533828,23.896392],[120.534099,23.896864],[120.534387,23.89726],[120.534396,23.89725],[120.534397,23.897235],[120.534121,23.896852],[120.533851,23.896382],[120.533708,23.896312],[120.533669,23.8963],[120.533609,23.896291],[120.533558,23.896294],[120.533515,23.896304],[120.533419,23.896339],[120.533403,23.896353],[120.5334,23.896363],[120.533401,23.896385],[120.533539,23.896334],[120.533605,23.896327],[120.53367,23.896338],[120.533705,23.89635],[120.533745,23.896372],[120.533786,23.896409],[120.533828,23.896392]]]]}},{"type":"Feature","properties":{"n":"中山路一段","v":"田尾鄉","w":2.5,"c":0.33,"r":null},"geometry":{"type":"MultiPolygon","coordinates":[[[[120.534435,23.897286],[120.534419,23.897279],[120.534403,23.897283],[120.535438,23.898711],[120.535464,23.898745],[120.535468,23.898743],[120.535473,23.898723],[120.535458,23.898698],[120.534486,23.897358],[120.534435,23.897286]]]]}},{"type":"Feature","properties":{"n":"中山路一段","v":"田尾鄉","w":2.49,"c":1,"r":null},"geometry":{"type":"MultiPolygon","coordinates":[[[[120.535485,23.898774],[120.535676,23.899044],[120.535684,23.899039],[120.535689,23.899026],[120.535684,23.899013],[120.535571,23.898853],[120.535513,23.898776],[120.535503,23.89877],[120.535491,23.89877],[120.535485,23.898774]]]]}},{"type":"Feature","properties":{"n":"中山路一段","v":"田尾鄉","w":2.51,"c":1.25,"r":null},"geometry":{"type":"MultiPolygon","coordinates":[[[[120.536018,23.899617],[120.536025,23.899607],[120.536024,23.899595],[120.535803,23.899199],[120.535726,23.899077],[120.535717,23.89907],[120.535695,23.899072],[120.535781,23.89921],[120.535899,23.899417],[120.536018,23.899617]]]]}},{"type":"Feature","properties":{"n":"中山路一段","v":"田尾鄉","w":2.53,"c":1.14,"r":null},"geometry":{"type":"MultiPolygon","coordinates":[[[[120.536037,23.899672],[120.536678,23.900857],[120.536691,23.900851],[120.536695,23.900838],[120.536066,23.899675],[120.536053,23.899669],[120.536039,23.899671],[120.536037,23.899672]]]]}},{"type":"Feature","properties":{"n":"中山路一段","v":"田尾鄉","w":2.6,"c":0.94,"r":null},"geometry":{"type":"MultiPolygon","coordinates":[[[[120.537854,23.902986],[120.537694,23.902682],[120.536786,23.901005],[120.53677,23.900996],[120.536754,23.900998],[120.537842,23.903007],[120.537853,23.902999],[120.537854,23.902988],[120.537854,23.902986]]]]}},{"type":"Feature","properties":{"n":"中山路一段","v":"田尾鄉","w":2.54,"c":1.13,"r":null},"geometry":{"type":"MultiPolygon","coordinates":[[[[120.537898,23.903109],[120.538048,23.90339],[120.538159,23.90358],[120.538227,23.90368],[120.538237,23.903668],[120.538236,23.903653],[120.53818,23.903569],[120.53807,23.903379],[120.537928,23.903113],[120.537916,23.903106],[120.537904,23.903107],[120.537898,23.903109]]]]}},{"type":"Feature","properties":{"n":"中山路一段","v":"田尾鄉","w":2.55,"c":1.05,"r":null},"geometry":{"type":"MultiPolygon","coordinates":[[[[120.532296,23.894196],[120.532294,23.894174],[120.532279,23.894152],[120.531867,23.89385],[120.530058,23.892545],[120.530022,23.892522],[120.530008,23.892523],[120.529996,23.89253],[120.531852,23.893869],[120.532268,23.894175],[120.532296,23.894196]]]]}},{"type":"Feature","properties":{"n":"中山路一段","v":"田尾鄉","w":2.24,"c":2.24,"r":null},"geometry":{"type":"MultiPolygon","coordinates":[[[[120.532464,23.894326],[120.532473,23.894314],[120.532469,23.894303],[120.532379,23.894232],[120.532365,23.89423],[120.532353,23.894237],[120.532454,23.894318],[120.532464,23.894326]]]]}},{"type":"Feature","properties":{"n":"中山路一段","v":"田尾鄉","w":2.55,"c":0.98,"r":null},"geometry":{"type":"MultiPolygon","coordinates":[[[[120.533566,23.895929],[120.533524,23.895958],[120.533512,23.895982],[120.533526,23.895987],[120.533515,23.896036],[120.533494,23.896086],[120.533476,23.896115],[120.533454,23.89614],[120.533419,23.896169],[120.533322,23.896219],[120.533338,23.896252],[120.533446,23.8962],[120.533487,23.896166],[120.533513,23.896136],[120.533534,23.896103],[120.533558,23.896046],[120.533586,23.895914],[120.533068,23.894967],[120.532893,23.894735],[120.532749,23.894559],[120.532731,23.894551],[120.532711,23.894551],[120.532965,23.894866],[120.532963,23.894887],[120.532985,23.894895],[120.533055,23.894992],[120.533556,23.895909],[120.533566,23.895929]]]]}},{"type":"Feature","properties":{"n":"中山路一段","v":"田尾鄉","w":2.6,"c":1.8,"r":null},"geometry":{"type":"MultiPolygon","coordinates":[[[[120.523529,23.884821],[120.523014,23.883663],[120.523009,23.883655],[120.522999,23.883651],[120.52298,23.88365],[120.523513,23.884847],[120.523526,23.884833],[120.523529,23.884821]]]]}},{"type":"Feature","properties":{"n":"中山路一段","v":"田尾鄉","w":2.64,"c":1.12,"r":null},"geometry":{"type":"MultiPolygon","coordinates":[[[[120.523536,23.884899],[120.523969,23.885873],[120.523976,23.885869],[120.523984,23.885845],[120.523976,23.885826],[120.523569,23.884913],[120.523559,23.8849],[120.523548,23.884898],[120.523536,23.884899]]]]}},{"type":"Feature","properties":{"n":"中山路一段","v":"田尾鄉","w":2.67,"c":1.11,"r":null},"geometry":{"type":"MultiPolygon","coordinates":[[[[120.524273,23.886495],[120.524056,23.886007],[120.524033,23.885989],[120.523985,23.885996],[120.524037,23.886027],[120.524525,23.887129],[120.524534,23.887122],[120.524542,23.887102],[120.524332,23.886631],[120.524273,23.886495]]]]}},{"type":"Feature","properties":{"n":"中山路一段","v":"田尾鄉","w":2.64,"c":2.64,"r":null},"geometry":{"type":"MultiPolygon","coordinates":[[[[120.524621,23.88728],[120.524609,23.887254],[120.524595,23.887247],[120.52458,23.887248],[120.524694,23.887499],[120.524712,23.887481],[120.52471,23.887472],[120.524626,23.88729],[120.524621,23.88728]]]]}},{"type":"Feature","properties":{"n":"中山路一段","v":"田尾鄉","w":2.62,"c":2.62,"r":null},"geometry":{"type":"MultiPolygon","coordinates":[[[[120.524728,23.887575],[120.525164,23.888542],[120.525175,23.888531],[120.525179,23.888516],[120.525166,23.888485],[120.524761,23.887588],[120.524749,23.887575],[120.524733,23.887574],[120.524728,23.887575]]]]}},{"type":"Feature","properties":{"n":"中山路一段","v":"田尾鄉","w":2.55,"c":0.95,"r":null},"geometry":{"type":"MultiPolygon","coordinates":[[[[120.525798,23.889453],[120.525738,23.889397],[120.525605,23.889259],[120.525442,23.889045],[120.525317,23.888824],[120.525219,23.888605],[120.525208,23.888593],[120.525187,23.888594],[120.525291,23.888823],[120.525355,23.888943],[120.525428,23.889064],[120.525553,23.889233],[120.525632,23.889324],[120.52572,23.889413],[120.525887,23.889558],[120.525971,23.889621],[120.526781,23.890207],[120.526785,23.890194],[120.526779,23.890175],[120.525994,23.88961],[120.525903,23.88954],[120.525798,23.889453]]]]}},{"type":"Feature","properties":{"n":"中山路一段","v":"田尾鄉","w":3.78,"c":2.43,"r":null},"geometry":{"type":"MultiPolygon","coordinates":[[[[120.527632,23.890835],[120.527936,23.891056],[120.527925,23.891069],[120.52797,23.891103],[120.527978,23.891094],[120.527998,23.891108],[120.528002,23.891104],[120.528143,23.891206],[120.528132,23.891219],[120.528178,23.891252],[120.528185,23.891244],[120.528205,23.891258],[120.52821,23.891253],[120.528294,23.891314],[120.528282,23.891328],[120.528327,23.891361],[120.528335,23.891352],[120.528354,23.891366],[120.528358,23.891361],[120.528678,23.891591],[120.528766,23.891657],[120.528762,23.891662],[120.528782,23.891676],[120.528775,23.891684],[120.528822,23.891717],[120.528832,23.891704],[120.529236,23.891996],[120.529254,23.891985],[120.529256,23.891965],[120.527076,23.89039],[120.527057,23.890387],[120.527045,23.890396],[120.527454,23.890695],[120.527448,23.890702],[120.527575,23.890794],[120.527632,23.890835]]]]}},{"type":"Feature","properties":{"n":"中山路一段","v":"田尾鄉","w":2.55,"c":0.86,"r":null},"geometry":{"type":"MultiPolygon","coordinates":[[[[120.529903,23.892461],[120.529908,23.892449],[120.529901,23.892431],[120.529873,23.892411],[120.529354,23.892036],[120.529342,23.892037],[120.52933,23.892047],[120.529745,23.892348],[120.529903,23.892461]]]]}},{"type":"Feature","properties":{"n":"中山路一段","v":"田尾鄉","w":2.65,"c":1.78,"r":null},"geometry":{"type":"MultiPolygon","coordinates":[[[[120.524036,23.885306],[120.523705,23.884561],[120.523695,23.884566],[120.523686,23.884582],[120.524007,23.885304],[120.524029,23.885307],[120.524036,23.885306]]]]}},{"type":"Feature","properties":{"n":"中山路一段","v":"田尾鄉","w":2.6,"c":1.12,"r":null},"geometry":{"type":"MultiPolygon","coordinates":[[[[120.527095,23.890091],[120.526156,23.88941],[120.526003,23.889291],[120.525998,23.889303],[120.526002,23.889321],[120.526078,23.889383],[120.527076,23.890105],[120.527095,23.890091]]]]}},{"type":"Feature","properties":{"n":"中山路一段","v":"田尾鄉","w":2.6,"c":1,"r":null},"geometry":{"type":"MultiPolygon","coordinates":[[[[120.525962,23.889254],[120.525858,23.88915],[120.525748,23.88902],[120.525679,23.888923],[120.525581,23.888757],[120.524782,23.886988],[120.524763,23.887007],[120.525557,23.888767],[120.525657,23.888935],[120.525755,23.889068],[120.525839,23.889165],[120.525931,23.889258],[120.525958,23.889257],[120.525962,23.889254]]]]}},{"type":"Feature","properties":{"n":"中山路一段","v":"田尾鄉","w":2.65,"c":1.53,"r":null},"geometry":{"type":"MultiPolygon","coordinates":[[[[120.52475,23.886911],[120.524319,23.885944],[120.524309,23.885951],[120.524302,23.885968],[120.524304,23.885973],[120.524715,23.886897],[120.524738,23.886909],[120.52475,23.886911]]]]}},{"type":"Feature","properties":{"n":"中山路一段","v":"田尾鄉","w":2.64,"c":1.74,"r":null},"geometry":{"type":"MultiPolygon","coordinates":[[[[120.524285,23.885866],[120.524054,23.885346],[120.524041,23.885354],[120.524035,23.885366],[120.524256,23.885863],[120.524273,23.885867],[120.524285,23.885866]]]]}},{"type":"Feature","properties":{"n":"中山路一段","v":"田尾鄉","w":2.65,"c":1.2,"r":null},"geometry":{"type":"MultiPolygon","coordinates":[[[[120.523687,23.88452],[120.523256,23.883545],[120.523246,23.883552],[120.523238,23.883569],[120.523265,23.883632],[120.523654,23.884509],[120.52368,23.884522],[120.523687,23.88452]]]]}},{"type":"Feature","properties":{"n":"公所路","v":"田尾鄉","w":3.54,"c":2.31,"r":null},"geometry":{"type":"MultiPolygon","coordinates":[[[[120.5299,23.893783],[120.529904,23.893775],[120.529898,23.893759],[120.529878,23.893742],[120.529688,23.893675],[120.527686,23.892987],[120.527343,23.892897],[120.527201,23.892853],[120.526681,23.892661],[120.52657,23.892613],[120.526485,23.89256],[120.526446,23.892531],[120.52641,23.892483],[120.526357,23.892392],[120.526333,23.892379],[120.526306,23.892382],[120.5263,23.892388],[120.526333,23.892423],[120.52642,23.892553],[120.526497,23.892608],[120.526553,23.89264],[120.526667,23.89269],[120.527189,23.892883],[120.527333,23.892928],[120.527675,23.893017],[120.529766,23.893736],[120.5299,23.893783]]]]}},{"type":"Feature","properties":{"n":"公園路","v":"田尾鄉","w":3.92,"c":2.19,"r":null},"geometry":{"type":"MultiPolygon","coordinates":[[[[120.533775,23.900619],[120.533785,23.900545],[120.5329,23.898955],[120.532882,23.898941],[120.532849,23.898941],[120.533751,23.900561],[120.53376,23.900594],[120.533755,23.900618],[120.533773,23.900625],[120.533775,23.900619]]]]}},{"type":"Feature","properties":{"n":"公園路","v":"田尾鄉","w":3.88,"c":2.13,"r":null},"geometry":{"type":"MultiPolygon","coordinates":[[[[120.533862,23.900761],[120.535452,23.903614],[120.535467,23.903601],[120.535471,23.90359],[120.535468,23.903565],[120.533897,23.900745],[120.533893,23.90074],[120.533848,23.900726],[120.533845,23.900746],[120.533857,23.900756],[120.533862,23.900761]]]]}},{"type":"Feature","properties":{"n":"公園路","v":"田尾鄉","w":3.9,"c":2.14,"r":null},"geometry":{"type":"MultiPolygon","coordinates":[[[[120.535639,23.903557],[120.532945,23.898719],[120.53293,23.898734],[120.532926,23.898744],[120.53293,23.898769],[120.535587,23.903541],[120.535601,23.903556],[120.535629,23.90356],[120.535639,23.903557]]]]}},{"type":"Feature","properties":{"n":"民族路一段","v":"田尾鄉","w":3.81,"c":2.07,"r":null},"geometry":{"type":"MultiPolygon","coordinates":[[[[120.530756,23.899464],[120.530675,23.899568],[120.53059,23.89966],[120.530568,23.899699],[120.530621,23.89968],[120.530706,23.899587],[120.530784,23.899488],[120.530931,23.899265],[120.530902,23.899266],[120.530879,23.899276],[120.530774,23.899438],[120.530756,23.899464]]]]}},{"type":"Feature","properties":{"n":"民族路一段","v":"田尾鄉","w":3.45,"c":2.3,"r":null},"geometry":{"type":"MultiPolygon","coordinates":[[[[120.530027,23.892552],[120.530001,23.892533],[120.529877,23.892676],[120.529843,23.892729],[120.529834,23.892756],[120.529829,23.892803],[120.529841,23.892866],[120.53004,23.893633],[120.53005,23.893659],[120.53008,23.893682],[120.530096,23.893671],[120.530073,23.893628],[120.529873,23.892859],[120.529862,23.892802],[120.529867,23.892763],[120.52988,23.892729],[120.529904,23.892694],[120.530011,23.89257],[120.530027,23.892552]]]]}},{"type":"Feature","properties":{"n":"民族路一段","v":"田尾鄉","w":2.44,"c":0.88,"r":null},"geometry":{"type":"MultiPolygon","coordinates":[[[[120.531687,23.897474],[120.531638,23.897463],[120.531566,23.897422],[120.531574,23.897409],[120.531408,23.897318],[120.531453,23.897295],[120.531435,23.897265],[120.531403,23.897279],[120.531394,23.897263],[120.531374,23.897273],[120.531204,23.896981],[120.531119,23.896824],[120.53115,23.896815],[120.531143,23.896802],[120.531148,23.896793],[120.531144,23.896776],[120.531122,23.896773],[120.531107,23.896779],[120.531101,23.896766],[120.531116,23.89676],[120.53111,23.89676],[120.531094,23.89672],[120.531102,23.896717],[120.531065,23.896627],[120.531047,23.896618],[120.531002,23.896632],[120.530829,23.896186],[120.530749,23.895955],[120.530659,23.895676],[120.530649,23.89568],[120.530637,23.89569],[120.530633,23.895702],[120.530752,23.896068],[120.530768,23.896097],[120.531003,23.896693],[120.531048,23.8968],[120.531094,23.896894],[120.531346,23.897323],[120.531414,23.897365],[120.531623,23.897472],[120.531646,23.897476],[120.531686,23.897474],[120.531687,23.897474]]]]}},{"type":"Feature","properties":{"n":"民族路一段","v":"田尾鄉","w":6.92,"c":2.2,"r":null},"geometry":{"type":"MultiPolygon","coordinates":[[[[120.530248,23.89428],[120.530213,23.894285],[120.530215,23.894321],[120.530245,23.894471],[120.530312,23.894699],[120.530322,23.894765],[120.530584,23.89559],[120.530625,23.895604],[120.530658,23.895595],[120.530388,23.894755],[120.530374,23.894758],[120.530286,23.894457],[120.530248,23.89428]]]]}},{"type":"Feature","properties":{"n":"東陽路二段","v":"竹塘鄉","w":2.73,"c":2.03,"r":null},"geometry":{"type":"MultiPolygon","coordinates":[[[[120.387345,23.847124],[120.387346,23.847099],[120.386972,23.847096],[120.386963,23.847104],[120.386412,23.847101],[120.386338,23.847107],[120.386349,23.847128],[120.386798,23.847123],[120.386799,23.847143],[120.386805,23.847157],[120.386824,23.847162],[120.38696,23.84716],[120.386967,23.847139],[120.386965,23.847121],[120.387148,23.847124],[120.387345,23.847124]]]]}},{"type":"Feature","properties":{"n":"竹塘國小","v":"竹塘鄉","w":3.61,"c":1.21,"r":null},"geometry":{"type":"MultiPolygon","coordinates":[[[[120.428273,23.861289],[120.428307,23.861287],[120.428347,23.86087],[120.42836,23.860838],[120.428326,23.860842],[120.42829,23.861097],[120.428273,23.861268],[120.428273,23.861289]]]]}},{"type":"Feature","properties":{"n":"竹塘國小","v":"竹塘鄉","w":3.75,"c":2.02,"r":null},"geometry":{"type":"MultiPolygon","coordinates":[[[[120.428341,23.86084],[120.428662,23.860807],[120.428667,23.860815],[120.428682,23.86082],[120.42882,23.8608],[120.428831,23.86079],[120.428826,23.860765],[120.429387,23.860578],[120.429363,23.86055],[120.428819,23.860732],[120.428655,23.860782],[120.42833,23.860816],[120.428326,23.860842],[120.428341,23.86084]]]]}},{"type":"Feature","properties":{"n":"田頭國小","v":"竹塘鄉","w":2.35,"c":2.35,"r":null},"geometry":{"type":"MultiPolygon","coordinates":[[[[120.449277,23.837415],[120.449506,23.837418],[120.449506,23.837406],[120.449279,23.837393],[120.449182,23.837394],[120.449182,23.837413],[120.449277,23.837415]]]]}},{"type":"Feature","properties":{"n":"彰水路二段","v":"秀水鄉","w":4.27,"c":2.65,"r":null},"geometry":{"type":"MultiPolygon","coordinates":[[[[120.493405,24.02678],[120.493022,24.026304],[120.492945,24.0262],[120.492902,24.026217],[120.493044,24.026394],[120.493043,24.026424],[120.493141,24.026547],[120.493174,24.026586],[120.493207,24.026597],[120.493375,24.026801],[120.493405,24.02678]]]]}},{"type":"Feature","properties":{"n":"中山路255巷","v":"秀水鄉","w":2.68,"c":1.41,"r":null},"geometry":{"type":"MultiPolygon","coordinates":[[[[120.503763,24.035184],[120.503863,24.035019],[120.503954,24.034468],[120.504015,24.03389],[120.503983,24.033848],[120.503958,24.033852],[120.503989,24.033896],[120.503912,24.034612],[120.503838,24.035012],[120.503739,24.035171],[120.503763,24.035184]]]]}},{"type":"Feature","properties":{"n":"中山路","v":"秀水鄉","w":3.26,"c":1.85,"r":2},"geometry":{"type":"MultiPolygon","coordinates":[[[[120.503763,24.035184],[120.503739,24.035171],[120.503344,24.035127],[120.502911,24.03506],[120.502906,24.03509],[120.503611,24.035195],[120.503684,24.03521],[120.503712,24.035212],[120.503762,24.035184],[120.503763,24.035184]]]]}},{"type":"Feature","properties":{"n":"彰水路一段","v":"秀水鄉","w":5.39,"c":2.22,"r":null},"geometry":{"type":"MultiPolygon","coordinates":[[[[120.499873,24.034546],[120.499815,24.034585],[120.499971,24.034744],[120.50028,24.035115],[120.500306,24.035096],[120.500336,24.035129],[120.500346,24.035116],[120.499898,24.034575],[120.499873,24.034546]]]]}},{"type":"Feature","properties":{"n":"中山路","v":"秀水鄉","w":4.13,"c":2.68,"r":2},"geometry":{"type":"MultiPolygon","coordinates":[[[[120.499815,24.034585],[120.499873,24.034546],[120.499854,24.034548],[120.499391,24.034404],[120.499102,24.034306],[120.499037,24.034289],[120.498949,24.034249],[120.498803,24.034161],[120.497928,24.03359],[120.497905,24.03362],[120.498702,24.034138],[120.498929,24.034278],[120.499181,24.034373],[120.499295,24.03441],[120.499308,24.034433],[120.499373,24.034457],[120.499383,24.034447],[120.499391,24.034446],[120.499464,24.034464],[120.499797,24.03457],[120.499815,24.034585]]]]}},{"type":"Feature","properties":{"n":"國立和美實驗學校","v":"和美鎮","w":3.99,"c":2.86,"r":3},"geometry":{"type":"MultiPolygon","coordinates":[[[[120.492648,24.10546],[120.492675,24.105455],[120.492676,24.10543],[120.4919,24.103779],[120.491895,24.103772],[120.491881,24.103766],[120.491854,24.103768],[120.492264,24.104645],[120.492258,24.104655],[120.492293,24.104773],[120.49232,24.104769],[120.492332,24.104788],[120.492582,24.105323],[120.492648,24.10546]]]]}},{"type":"Feature","properties":{"n":"鹿和路六段","v":"和美鎮","w":2.46,"c":1.09,"r":null},"geometry":{"type":"MultiPolygon","coordinates":[[[[120.494116,24.107674],[120.494098,24.107689],[120.49447,24.108227],[120.494491,24.108217],[120.494261,24.107883],[120.494116,24.107674]]]]}},{"type":"Feature","properties":{"n":"鹿和路六段","v":"和美鎮","w":2.47,"c":1.11,"r":null},"geometry":{"type":"MultiPolygon","coordinates":[[[[120.4944,24.107702],[120.494379,24.107714],[120.494665,24.108131],[120.494685,24.108117],[120.494458,24.107786],[120.4944,24.107702]]]]}},{"type":"Feature","properties":{"n":"鹿和路六段","v":"和美鎮","w":2.51,"c":1.11,"r":null},"geometry":{"type":"MultiPolygon","coordinates":[[[[120.494223,24.107489],[120.494243,24.107476],[120.493975,24.107094],[120.493966,24.107071],[120.493941,24.107075],[120.493954,24.107106],[120.494222,24.107488],[120.494223,24.107489]]]]}},{"type":"Feature","properties":{"n":"鹿和路六段","v":"和美鎮","w":2.66,"c":1.34,"r":null},"geometry":{"type":"MultiPolygon","coordinates":[[[[120.493993,24.10754],[120.494006,24.107531],[120.494007,24.10752],[120.494002,24.10751],[120.493759,24.107157],[120.493752,24.107148],[120.493717,24.107144],[120.493928,24.107446],[120.493993,24.10754]]]]}},{"type":"Feature","properties":{"n":"愛惜路","v":"和美鎮","w":3.96,"c":3.96,"r":3},"geometry":{"type":"MultiPolygon","coordinates":[[[[120.494828,24.10746],[120.494859,24.107439],[120.494887,24.10743],[120.494916,24.10743],[120.494931,24.107444],[120.495093,24.107674],[120.495129,24.107715],[120.495293,24.107958],[120.495337,24.108016],[120.495365,24.108061],[120.495336,24.108076],[120.495361,24.108116],[120.49538,24.108071],[120.495384,24.108044],[120.49538,24.10802],[120.494963,24.107423],[120.494945,24.107405],[120.49492,24.107395],[120.494876,24.107397],[120.494837,24.107412],[120.494827,24.107461],[120.494828,24.10746]]]]}},{"type":"Feature","properties":{"n":"道周路","v":"和美鎮","w":2.12,"c":1.14,"r":null},"geometry":{"type":"MultiPolygon","coordinates":[[[[120.497027,24.107583],[120.49702,24.107572],[120.49701,24.107568],[120.496747,24.107669],[120.496755,24.107687],[120.496983,24.1076],[120.497027,24.107583]]]]}},{"type":"Feature","properties":{"n":"道周路","v":"和美鎮","w":1.98,"c":0.6,"r":null},"geometry":{"type":"MultiPolygon","coordinates":[[[[120.497212,24.107274],[120.497228,24.107277],[120.497287,24.107254],[120.497641,24.107139],[120.498,24.107035],[120.49823,24.106975],[120.498225,24.106958],[120.497994,24.107018],[120.497635,24.107122],[120.497296,24.107231],[120.497225,24.107249],[120.497212,24.107274]]]]}},{"type":"Feature","properties":{"n":"道周路","v":"和美鎮","w":1.98,"c":0.75,"r":null},"geometry":{"type":"MultiPolygon","coordinates":[[[[120.49829,24.106958],[120.498725,24.106856],[120.498985,24.106804],[120.498981,24.106787],[120.49872,24.106839],[120.498284,24.106941],[120.49829,24.106958]]]]}},{"type":"Feature","properties":{"n":"道周路","v":"和美鎮","w":1.06,"c":1.06,"r":null},"geometry":{"type":"MultiPolygon","coordinates":[[[[120.501137,24.106396],[120.501346,24.10636],[120.501344,24.10635],[120.501136,24.106386],[120.501137,24.106396]]]]}},{"type":"Feature","properties":{"n":"道周路","v":"和美鎮","w":2,"c":0.61,"r":null},"geometry":{"type":"MultiPolygon","coordinates":[[[[120.501052,24.106404],[120.501051,24.1064],[120.49951,24.10669],[120.49948,24.106687],[120.499456,24.106694],[120.499483,24.106707],[120.499514,24.106707],[120.501055,24.106417],[120.501052,24.106404]]]]}},{"type":"Feature","properties":{"n":"道周路","v":"和美鎮","w":2.02,"c":0.79,"r":null},"geometry":{"type":"MultiPolygon","coordinates":[[[[120.501502,24.106329],[120.503174,24.105966],[120.50317,24.105948],[120.502457,24.106103],[120.502458,24.106106],[120.501498,24.106312],[120.501502,24.106329]]]]}},{"type":"Feature","properties":{"n":"道周路","v":"和美鎮","w":6.34,"c":5.32,"r":null},"geometry":{"type":"MultiPolygon","coordinates":[[[[120.496495,24.107563],[120.496812,24.10744],[120.497071,24.107351],[120.497064,24.107333],[120.496805,24.107422],[120.49649,24.107544],[120.496495,24.107563]]]]}},{"type":"Feature","properties":{"n":"道周路","v":"和美鎮","w":1.99,"c":1.99,"r":null},"geometry":{"type":"MultiPolygon","coordinates":[[[[120.496361,24.107606],[120.496361,24.107601],[120.496309,24.107624],[120.496006,24.107765],[120.495768,24.107887],[120.495589,24.107986],[120.495593,24.107993],[120.495623,24.107988],[120.496015,24.107781],[120.496317,24.10764],[120.496364,24.107625],[120.496361,24.107606]]]]}},{"type":"Feature","properties":{"n":"道周路","v":"和美鎮","w":2.13,"c":0.77,"r":1},"geometry":{"type":"MultiPolygon","coordinates":[[[[120.495372,24.108132],[120.495361,24.108116],[120.495123,24.108256],[120.495015,24.108264],[120.494935,24.10826],[120.494846,24.108235],[120.494766,24.108195],[120.494722,24.108159],[120.494685,24.108117],[120.494665,24.108131],[120.494704,24.108175],[120.494758,24.108218],[120.49482,24.10825],[120.494887,24.108273],[120.494944,24.108284],[120.495036,24.108286],[120.495118,24.108279],[120.495149,24.108264],[120.495372,24.108132]]]]}},{"type":"Feature","properties":{"n":"道周路","v":"和美鎮","w":2,"c":0.63,"r":null},"geometry":{"type":"MultiPolygon","coordinates":[[[[120.494463,24.108657],[120.494397,24.108723],[120.494245,24.108829],[120.494241,24.108825],[120.49421,24.108846],[120.494213,24.108851],[120.493576,24.109288],[120.493576,24.109301],[120.49359,24.109301],[120.493663,24.109252],[120.494444,24.108714],[120.494465,24.108694],[120.494515,24.108617],[120.49454,24.108564],[120.494554,24.108517],[120.494563,24.108444],[120.494561,24.108403],[120.494545,24.108324],[120.49452,24.108265],[120.494491,24.108217],[120.49447,24.108228],[120.494485,24.108255],[120.494505,24.108308],[120.494497,24.10831],[120.494513,24.108358],[120.494522,24.108356],[120.494537,24.108402],[120.494539,24.108443],[120.494526,24.108536],[120.494502,24.108593],[120.494478,24.108634],[120.494463,24.108657]]]]}},{"type":"Feature","properties":{"n":"道周路","v":"和美鎮","w":2,"c":0.55,"r":1},"geometry":{"type":"MultiPolygon","coordinates":[[[[120.492251,24.11054],[120.492263,24.110538],[120.49229,24.110514],[120.492679,24.110099],[120.492843,24.109938],[120.49312,24.109687],[120.493106,24.109674],[120.492829,24.109925],[120.492557,24.110197],[120.492276,24.110502],[120.492254,24.110521],[120.492242,24.110522],[120.492251,24.11054]]]]}},{"type":"Feature","properties":{"n":"道周路","v":"和美鎮","w":1.99,"c":0.89,"r":null},"geometry":{"type":"MultiPolygon","coordinates":[[[[120.491861,24.111093],[120.491993,24.110889],[120.492082,24.110764],[120.492174,24.110649],[120.492184,24.110626],[120.492162,24.110618],[120.492149,24.11062],[120.492151,24.110637],[120.492144,24.110656],[120.492005,24.110839],[120.491873,24.111038],[120.491714,24.111311],[120.491596,24.111556],[120.491617,24.111548],[120.491629,24.111537],[120.491711,24.111358],[120.491842,24.111124],[120.491861,24.111093]]]]}},{"type":"Feature","properties":{"n":"道周路","v":"和美鎮","w":1.95,"c":0.52,"r":1},"geometry":{"type":"MultiPolygon","coordinates":[[[[120.491362,24.112507],[120.491373,24.112495],[120.491381,24.112472],[120.491421,24.112209],[120.491478,24.111963],[120.491554,24.111721],[120.491577,24.111661],[120.491583,24.111663],[120.491602,24.111613],[120.491582,24.111592],[120.491536,24.111715],[120.49146,24.111958],[120.491402,24.112206],[120.491381,24.112331],[120.491363,24.112479],[120.491354,24.112498],[120.491362,24.112507]]]]}},{"type":"Feature","properties":{"n":"道周路","v":"和美鎮","w":2.2,"c":1.02,"r":null},"geometry":{"type":"MultiPolygon","coordinates":[[[[120.493465,24.109402],[120.49347,24.109388],[120.493445,24.109379],[120.49343,24.109398],[120.493145,24.109635],[120.49316,24.10965],[120.493449,24.109409],[120.493465,24.109402]]]]}},{"type":"Feature","properties":{"n":"道周路","v":"和美鎮","w":2.18,"c":0.2,"r":2},"geometry":{"type":"MultiPolygon","coordinates":[[[[120.491418,24.113564],[120.491436,24.113558],[120.491385,24.113303],[120.491358,24.113061],[120.491353,24.11283],[120.491365,24.112622],[120.491344,24.11262],[120.491332,24.11283],[120.491338,24.113086],[120.491358,24.113265],[120.491411,24.113534],[120.491418,24.113564]]]]}},{"type":"Feature","properties":{"n":"道周路","v":"和美鎮","w":2,"c":1.09,"r":1},"geometry":{"type":"MultiPolygon","coordinates":[[[[120.491519,24.11396],[120.49153,24.113948],[120.491533,24.113936],[120.491472,24.113697],[120.491449,24.113687],[120.491505,24.113909],[120.491519,24.11396]]]]}},{"type":"Feature","properties":{"n":"道周路","v":"和美鎮","w":2.07,"c":0.71,"r":1},"geometry":{"type":"MultiPolygon","coordinates":[[[[120.491833,24.114783],[120.491852,24.114776],[120.491693,24.114398],[120.491572,24.114059],[120.491561,24.114048],[120.491546,24.114049],[120.491673,24.114405],[120.491822,24.114758],[120.491833,24.114783]]]]}},{"type":"Feature","properties":{"n":"道周路","v":"和美鎮","w":2.11,"c":1,"r":null},"geometry":{"type":"MultiPolygon","coordinates":[[[[120.493401,24.116892],[120.493417,24.116882],[120.493232,24.116705],[120.493034,24.116502],[120.492782,24.116223],[120.492665,24.116076],[120.492497,24.115852],[120.492356,24.115651],[120.492211,24.11542],[120.492117,24.115255],[120.492029,24.115086],[120.492021,24.115081],[120.492006,24.115086],[120.492098,24.115264],[120.492291,24.115586],[120.49248,24.115862],[120.492649,24.116087],[120.492767,24.116234],[120.493019,24.116514],[120.493218,24.116717],[120.493383,24.116876],[120.493401,24.116892]]]]}},{"type":"Feature","properties":{"n":"道周路","v":"和美鎮","w":2.01,"c":0.2,"r":null},"geometry":{"type":"MultiPolygon","coordinates":[[[[120.493837,24.117571],[120.493851,24.11749],[120.493851,24.117417],[120.493834,24.117329],[120.493813,24.117275],[120.493773,24.117211],[120.493746,24.117178],[120.493557,24.117002],[120.493543,24.116995],[120.493537,24.117009],[120.493742,24.117201],[120.493775,24.117248],[120.493802,24.117297],[120.493826,24.11738],[120.493832,24.117437],[120.49383,24.117498],[120.493817,24.117568],[120.493837,24.117571]]]]}},{"type":"Feature","properties":{"n":"道周路","v":"和美鎮","w":1.93,"c":1,"r":4},"geometry":{"type":"MultiPolygon","coordinates":[[[[120.49268,24.115759],[120.492889,24.116033],[120.493069,24.116243],[120.493314,24.116506],[120.493329,24.116494],[120.493146,24.116301],[120.492962,24.116093],[120.492737,24.115805],[120.492578,24.11558],[120.492479,24.115428],[120.492339,24.115194],[120.49221,24.114962],[120.492193,24.114971],[120.492322,24.115202],[120.492462,24.115437],[120.492667,24.11574],[120.49268,24.115759]]]]}},{"type":"Feature","properties":{"n":"道周路","v":"和美鎮","w":2.09,"c":0.91,"r":1},"geometry":{"type":"MultiPolygon","coordinates":[[[[120.491628,24.113371],[120.4916,24.113195],[120.491583,24.112982],[120.491583,24.112842],[120.491596,24.112626],[120.491577,24.112633],[120.491562,24.112842],[120.491564,24.113019],[120.49158,24.113197],[120.491601,24.113337],[120.491651,24.113576],[120.49169,24.113594],[120.491712,24.113594],[120.491669,24.113565],[120.491631,24.113383],[120.491628,24.113371]]]]}},{"type":"Feature","properties":{"n":"道周路","v":"和美鎮","w":2,"c":0.2,"r":1},"geometry":{"type":"MultiPolygon","coordinates":[[[[120.494192,24.117209],[120.494191,24.117197],[120.494153,24.117195],[120.494117,24.117188],[120.494061,24.117161],[120.493957,24.117074],[120.493641,24.116791],[120.493369,24.116534],[120.493354,24.116546],[120.493627,24.116803],[120.494031,24.117161],[120.494056,24.117179],[120.4941,24.117196],[120.494146,24.117206],[120.494185,24.117209],[120.494192,24.117209]]]]}},{"type":"Feature","properties":{"n":"道周路","v":"和美鎮","w":2.32,"c":1.12,"r":2},"geometry":{"type":"MultiPolygon","coordinates":[[[[120.495153,24.108823],[120.495172,24.108811],[120.49514,24.108762],[120.495126,24.108725],[120.495119,24.108682],[120.49512,24.108625],[120.49513,24.10858],[120.495153,24.108533],[120.495172,24.108511],[120.495207,24.10848],[120.495741,24.108166],[120.495851,24.108106],[120.496139,24.107958],[120.496431,24.107823],[120.496421,24.107804],[120.496128,24.107939],[120.49584,24.108088],[120.49573,24.108148],[120.495193,24.108464],[120.495155,24.108497],[120.495134,24.108522],[120.495108,24.108574],[120.495097,24.108623],[120.495096,24.108683],[120.495104,24.10873],[120.495119,24.108771],[120.495142,24.108809],[120.495153,24.108823]]]]}},{"type":"Feature","properties":{"n":"道周路","v":"和美鎮","w":2.02,"c":1.11,"r":2},"geometry":{"type":"MultiPolygon","coordinates":[[[[120.494692,24.108805],[120.494725,24.108784],[120.494771,24.108769],[120.49482,24.108761],[120.494866,24.108766],[120.494914,24.108781],[120.494948,24.108801],[120.494994,24.10884],[120.495052,24.108912],[120.495065,24.108904],[120.495006,24.10883],[120.494937,24.108776],[120.494863,24.108749],[120.494806,24.108745],[120.494748,24.108758],[120.494707,24.108774],[120.494471,24.108928],[120.494483,24.108943],[120.494662,24.108825],[120.494692,24.108805]]]]}},{"type":"Feature","properties":{"n":"道周路","v":"和美鎮","w":2.13,"c":1.22,"r":null},"geometry":{"type":"MultiPolygon","coordinates":[[[[120.493737,24.109483],[120.493765,24.109445],[120.494439,24.10898],[120.494427,24.108965],[120.493734,24.109444],[120.4937,24.10947],[120.493728,24.109501],[120.493737,24.109483]]]]}},{"type":"Feature","properties":{"n":"道周路","v":"和美鎮","w":1.99,"c":0.2,"r":null},"geometry":{"type":"MultiPolygon","coordinates":[[[[120.49257,24.110534],[120.492879,24.110213],[120.493193,24.109915],[120.493374,24.109755],[120.493592,24.109573],[120.493616,24.109563],[120.493642,24.109565],[120.493647,24.109547],[120.493613,24.109545],[120.493581,24.109557],[120.493271,24.10982],[120.492932,24.110135],[120.492771,24.110295],[120.492555,24.110522],[120.49257,24.110534]]]]}},{"type":"Feature","properties":{"n":"道周路","v":"和美鎮","w":2,"c":1.07,"r":null},"geometry":{"type":"MultiPolygon","coordinates":[[[[120.492068,24.11117],[120.492251,24.110907],[120.49243,24.110686],[120.492467,24.110665],[120.492489,24.110662],[120.492513,24.110665],[120.492516,24.110654],[120.492489,24.110646],[120.492458,24.110646],[120.492436,24.110653],[120.492418,24.11067],[120.492235,24.110896],[120.49205,24.111161],[120.492062,24.111167],[120.492068,24.11117]]]]}},{"type":"Feature","properties":{"n":"道周路","v":"和美鎮","w":2.35,"c":0.98,"r":1},"geometry":{"type":"MultiPolygon","coordinates":[[[[120.491606,24.112554],[120.491618,24.112457],[120.491658,24.112227],[120.491695,24.112064],[120.491743,24.111892],[120.491815,24.111689],[120.491904,24.111478],[120.49197,24.111346],[120.492037,24.111228],[120.492019,24.11122],[120.491911,24.111418],[120.491839,24.11157],[120.491793,24.111681],[120.491721,24.111886],[120.491651,24.112146],[120.491613,24.112342],[120.491589,24.112537],[120.491594,24.112548],[120.491604,24.112554],[120.491606,24.112554]]]]}},{"type":"Feature","properties":{"n":"道周路","v":"和美鎮","w":1.34,"c":0.79,"r":null},"geometry":{"type":"MultiPolygon","coordinates":[[[[120.492088,24.114743],[120.492025,24.114613],[120.491876,24.114256],[120.491796,24.11403],[120.491702,24.113686],[120.491682,24.113691],[120.491777,24.114035],[120.491858,24.114262],[120.492007,24.114621],[120.492067,24.114744],[120.492085,24.114744],[120.492088,24.114743]]]]}},{"type":"Feature","properties":{"n":"彰美路六段","v":"和美鎮","w":1.57,"c":0.74,"r":null},"geometry":{"type":"MultiPolygon","coordinates":[[[[120.492651,24.119],[120.492444,24.119284],[120.492341,24.119441],[120.492162,24.119741],[120.492173,24.11976],[120.492281,24.119574],[120.492429,24.119341],[120.492652,24.11903],[120.492806,24.118836],[120.493289,24.118261],[120.493491,24.118028],[120.493797,24.117652],[120.493819,24.117615],[120.493837,24.117571],[120.493817,24.117568],[120.493802,24.117605],[120.49378,24.11764],[120.493473,24.118016],[120.493271,24.118249],[120.49279,24.118825],[120.492651,24.119],[120.492651,24.119]]]]}},{"type":"Feature","properties":{"n":"彰美路六段","v":"和美鎮","w":1.92,"c":0.35,"r":null},"geometry":{"type":"MultiPolygon","coordinates":[[[[120.492437,24.11975],[120.492572,24.11953],[120.492661,24.119398],[120.492644,24.119388],[120.492555,24.119521],[120.492414,24.119751],[120.49241,24.119759],[120.492419,24.119763],[120.492367,24.11985],[120.492375,24.119854],[120.492423,24.119774],[120.492437,24.11975]]]]}},{"type":"Feature","properties":{"n":"彰美路六段","v":"和美鎮","w":2.09,"c":1.16,"r":null},"geometry":{"type":"MultiPolygon","coordinates":[[[[120.49366,24.118161],[120.494248,24.117464],[120.494237,24.117448],[120.493644,24.11815],[120.49366,24.118161]]]]}},{"type":"Feature","properties":{"n":"彰美路六段","v":"和美鎮","w":1.78,"c":0.88,"r":null},"geometry":{"type":"MultiPolygon","coordinates":[[[[120.493199,24.11871],[120.493635,24.118191],[120.493619,24.11818],[120.493191,24.118689],[120.493189,24.118704],[120.493199,24.11871]]]]}},{"type":"Feature","properties":{"n":"彰美路六段","v":"和美鎮","w":2.02,"c":2.02,"r":null},"geometry":{"type":"MultiPolygon","coordinates":[[[[120.492829,24.119162],[120.492905,24.119078],[120.492898,24.119071],[120.492845,24.119126],[120.49283,24.119129],[120.492704,24.119298],[120.492679,24.119336],[120.492681,24.119342],[120.492693,24.119349],[120.492795,24.119206],[120.492829,24.119162]]]]}},{"type":"Feature","properties":{"n":"彰美路四段","v":"和美鎮","w":2.02,"c":0.76,"r":null},"geometry":{"type":"MultiPolygon","coordinates":[[[[120.503541,24.105887],[120.505202,24.105526],[120.505902,24.105316],[120.509155,24.10456],[120.509197,24.104563],[120.509191,24.104533],[120.505897,24.105298],[120.505197,24.105509],[120.503528,24.105871],[120.503533,24.105878],[120.503541,24.105887]]]]}},{"type":"Feature","properties":{"n":"彰美路四段","v":"和美鎮","w":3.69,"c":2.34,"r":null},"geometry":{"type":"MultiPolygon","coordinates":[[[[120.503438,24.105909],[120.503445,24.105901],[120.503446,24.105888],[120.50317,24.105948],[120.503174,24.105966],[120.503438,24.105909]]]]}},{"type":"Feature","properties":{"n":"彰美路四段","v":"和美鎮","w":1.96,"c":0.21,"r":null},"geometry":{"type":"MultiPolygon","coordinates":[[[[120.50507,24.105817],[120.505247,24.105744],[120.505243,24.105732],[120.505967,24.105515],[120.509262,24.104748],[120.509258,24.10473],[120.505962,24.105498],[120.505107,24.105755],[120.505088,24.105765],[120.505087,24.105775],[120.505071,24.105802],[120.50507,24.105817]]]]}},{"type":"Feature","properties":{"n":"嘉佃路","v":"和美鎮","w":1.78,"c":1.78,"r":1},"geometry":{"type":"MultiPolygon","coordinates":[[[[120.501776,24.088179],[120.501773,24.088171],[120.501779,24.088169],[120.501758,24.088117],[120.501752,24.088121],[120.501748,24.088113],[120.501755,24.08811],[120.501751,24.0881],[120.501744,24.088103],[120.501721,24.088092],[120.501718,24.088084],[120.501723,24.088082],[120.501516,24.087581],[120.501506,24.087588],[120.501517,24.087627],[120.501621,24.08788],[120.501707,24.088085],[120.501712,24.088083],[120.501768,24.08822],[120.501764,24.088223],[120.501792,24.088294],[120.501978,24.088738],[120.501984,24.088746],[120.501997,24.088748],[120.501779,24.088218],[120.501775,24.088219],[120.501772,24.08821],[120.501783,24.088188],[120.501788,24.088186],[120.501784,24.088175],[120.501776,24.088179]]]]}},{"type":"Feature","properties":{"n":"仁愛路","v":"和美鎮","w":4.02,"c":2.23,"r":null},"geometry":{"type":"MultiPolygon","coordinates":[[[[120.496297,24.104244],[120.495517,24.10434],[120.495502,24.10433],[120.495469,24.104323],[120.495336,24.104352],[120.495269,24.104371],[120.494906,24.104415],[120.49464,24.104459],[120.494647,24.104494],[120.494794,24.104468],[120.49496,24.104445],[120.496231,24.104291],[120.496321,24.104275],[120.496297,24.104244]]]]}},{"type":"Feature","properties":{"n":"和平街","v":"和美鎮","w":1.72,"c":1.72,"r":1},"geometry":{"type":"MultiPolygon","coordinates":[[[[120.495668,24.112273],[120.49561,24.112306],[120.495502,24.112345],[120.495422,24.112368],[120.495428,24.112382],[120.495614,24.112321],[120.495647,24.112306],[120.49568,24.112283],[120.49623,24.111625],[120.496216,24.111616],[120.496135,24.111718],[120.495801,24.112112],[120.495668,24.112273]]]]}},{"type":"Feature","properties":{"n":"線東路五段","v":"和美鎮","w":1.72,"c":0.69,"r":8},"geometry":{"type":"MultiPolygon","coordinates":[[[[120.523626,24.106038],[120.523642,24.106049],[120.523646,24.106024],[120.523626,24.106012],[120.523257,24.105582],[120.522901,24.105244],[120.522375,24.104782],[120.522273,24.104681],[120.522128,24.104517],[120.522029,24.104389],[120.522017,24.104396],[120.522047,24.104438],[120.522153,24.104561],[120.522368,24.104797],[120.522881,24.105249],[120.523181,24.105531],[120.52331,24.105664],[120.523626,24.106038]]]]}},{"type":"Feature","properties":{"n":"線東路五段","v":"和美鎮","w":1.81,"c":0.71,"r":28},"geometry":{"type":"MultiPolygon","coordinates":[[[[120.526312,24.118037],[120.526504,24.117546],[120.526574,24.117248],[120.52662,24.116847],[120.526624,24.116647],[120.526609,24.116321],[120.526596,24.116159],[120.526556,24.115832],[120.525743,24.111745],[120.525771,24.111714],[120.525771,24.111698],[120.525742,24.111709],[120.525728,24.111723],[120.525724,24.111736],[120.525728,24.111761],[120.526484,24.115542],[120.52653,24.115797],[120.526574,24.116115],[120.526592,24.11632],[120.526605,24.116644],[120.526603,24.116812],[120.526557,24.117249],[120.526536,24.117352],[120.526489,24.117535],[120.526348,24.117912],[120.526295,24.118028],[120.526312,24.118037]]]]}},{"type":"Feature","properties":{"n":"線東路五段","v":"和美鎮","w":1.75,"c":0.63,"r":9},"geometry":{"type":"MultiPolygon","coordinates":[[[[120.525183,24.109299],[120.525144,24.10928],[120.525144,24.109328],[120.525279,24.10976],[120.525386,24.110154],[120.525478,24.110538],[120.525561,24.110927],[120.5257,24.111622],[120.525718,24.111639],[120.525732,24.111644],[120.525737,24.111624],[120.525715,24.111607],[120.525494,24.110528],[120.525414,24.110193],[120.525251,24.109607],[120.525162,24.109329],[120.525183,24.109299]]]]}},{"type":"Feature","properties":{"n":"線東路七 段","v":"和美鎮","w":2.2,"c":0.75,"r":7},"geometry":{"type":"MultiPolygon","coordinates":[[[[120.52975,24.123325],[120.529767,24.123312],[120.529643,24.123208],[120.528825,24.122648],[120.527035,24.121457],[120.52702,24.121455],[120.526991,24.121466],[120.526989,24.121472],[120.526998,24.121482],[120.527032,24.12148],[120.528687,24.12258],[120.529629,24.123224],[120.52975,24.123325]]]]}},{"type":"Feature","properties":{"n":"線東路五段","v":"和美鎮","w":1.97,"c":1.12,"r":23},"geometry":{"type":"MultiPolygon","coordinates":[[[[120.524783,24.109266],[120.524829,24.109253],[120.524849,24.109234],[120.524869,24.109207],[120.524878,24.109155],[120.52462,24.108463],[120.524348,24.1078],[120.524079,24.107188],[120.523869,24.106775],[120.523794,24.106639],[120.523675,24.106443],[120.523563,24.106276],[120.523393,24.106052],[120.523204,24.105828],[120.523047,24.10566],[120.522883,24.105504],[120.522224,24.104921],[120.522119,24.104817],[120.52202,24.104709],[120.521904,24.104571],[120.521878,24.104556],[120.521849,24.10455],[120.521812,24.104554],[120.521798,24.10456],[120.521767,24.10459],[120.521795,24.104593],[120.521893,24.104584],[120.522,24.104713],[120.522104,24.104827],[120.522206,24.10493],[120.522933,24.105574],[120.523084,24.105726],[120.5233,24.105967],[120.523381,24.106067],[120.523652,24.106444],[120.523904,24.106883],[120.524086,24.107247],[120.524261,24.107641],[120.52452,24.10826],[120.524855,24.109136],[120.524786,24.109251],[120.524783,24.109266]]]]}},{"type":"Feature","properties":{"n":"線東路五段","v":"和美鎮","w":1.57,"c":0.74,"r":5},"geometry":{"type":"MultiPolygon","coordinates":[[[[120.521724,24.104548],[120.521787,24.104466],[120.521794,24.104434],[120.521787,24.104399],[120.521717,24.104287],[120.521638,24.104143],[120.521531,24.103903],[120.521472,24.103738],[120.521444,24.103639],[120.521413,24.103514],[120.521386,24.103369],[120.521362,24.103169],[120.521351,24.10296],[120.521356,24.102489],[120.521346,24.102102],[120.52134,24.102082],[120.521311,24.102071],[120.521332,24.102089],[120.521337,24.102591],[120.521334,24.102922],[120.521348,24.103194],[120.521371,24.103377],[120.521393,24.103487],[120.521456,24.10374],[120.521533,24.103953],[120.521593,24.104088],[120.52165,24.104202],[120.521768,24.104399],[120.521762,24.10448],[120.521719,24.104532],[120.521724,24.104548]]]]}},{"type":"Feature","properties":{"n":"線東路五段","v":"和美鎮","w":2.06,"c":0.96,"r":8},"geometry":{"type":"MultiPolygon","coordinates":[[[[120.52546,24.111655],[120.525477,24.111651],[120.525496,24.111633],[120.525499,24.111608],[120.525334,24.110791],[120.525197,24.110201],[120.525113,24.109888],[120.52497,24.109418],[120.524952,24.109387],[120.524928,24.109367],[120.524896,24.109351],[120.524858,24.109347],[120.524876,24.109387],[120.524951,24.109429],[120.525067,24.109798],[120.525189,24.110244],[120.525256,24.110518],[120.525448,24.111457],[120.525477,24.111612],[120.525464,24.111635],[120.52546,24.111655]]]]}},{"type":"Feature","properties":{"n":"線東路五段","v":"和美鎮","w":2.21,"c":1.36,"r":39},"geometry":{"type":"MultiPolygon","coordinates":[[[[120.525523,24.111737],[120.525514,24.111722],[120.525493,24.111711],[120.525494,24.11174],[120.525505,24.111744],[120.525496,24.111769],[120.525668,24.112551],[120.526211,24.115263],[120.526326,24.115909],[120.526353,24.116122],[120.526377,24.116406],[120.526384,24.11659],[120.526384,24.116843],[120.526365,24.11709],[120.526349,24.117181],[120.526283,24.117458],[120.526258,24.117543],[120.526209,24.11768],[120.525943,24.118284],[120.525859,24.118494],[120.525823,24.118606],[120.525794,24.118722],[120.525775,24.118804],[120.525756,24.118928],[120.525744,24.118967],[120.525724,24.118987],[120.525734,24.119],[120.525747,24.11899],[120.525765,24.118962],[120.525805,24.118758],[120.525843,24.118614],[120.525893,24.118467],[120.52596,24.1183],[120.526166,24.117842],[120.526224,24.117701],[120.526312,24.117442],[120.526376,24.117186],[120.52639,24.11709],[120.52641,24.116803],[120.526411,24.116611],[120.526385,24.116182],[120.526339,24.115839],[120.526166,24.114945],[120.525525,24.111744],[120.525523,24.111737]]]]}},{"type":"Feature","properties":{"n":"線東路六 段","v":"和美鎮","w":1.66,"c":0.52,"r":3},"geometry":{"type":"MultiPolygon","coordinates":[[[[120.52598,24.120314],[120.526013,24.120319],[120.526027,24.120315],[120.526036,24.120309],[120.526043,24.120294],[120.526036,24.120269],[120.525943,24.120064],[120.525862,24.119847],[120.525808,24.119652],[120.525773,24.119475],[120.525779,24.119474],[120.525776,24.119448],[120.525764,24.119449],[120.525766,24.11946],[120.525752,24.119462],[120.525791,24.119663],[120.525817,24.119758],[120.525885,24.119964],[120.525958,24.120144],[120.526011,24.12026],[120.525995,24.120288],[120.52598,24.120314]]]]}},{"type":"Feature","properties":{"n":"線東路六 段","v":"和美鎮","w":2,"c":1.03,"r":2},"geometry":{"type":"MultiPolygon","coordinates":[[[[120.526936,24.121418],[120.526958,24.121396],[120.526961,24.121374],[120.526836,24.121273],[120.526671,24.121125],[120.526492,24.120936],[120.526395,24.120824],[120.52631,24.120713],[120.526183,24.120529],[120.526097,24.120378],[120.526079,24.120385],[120.526181,24.120562],[120.526294,24.120723],[120.526412,24.120874],[120.526588,24.121069],[120.526657,24.121138],[120.526822,24.121286],[120.526941,24.121382],[120.52694,24.121402],[120.526936,24.121418]]]]}},{"type":"Feature","properties":{"n":"線東路五段","v":"和美鎮","w":1.92,"c":0.35,"r":16},"geometry":{"type":"MultiPolygon","coordinates":[[[[120.524087,24.106765],[120.524293,24.107196],[120.524538,24.107751],[120.524787,24.108358],[120.524798,24.108376],[120.524837,24.108419],[120.524852,24.108409],[120.524812,24.108364],[120.52479,24.108318],[120.524668,24.108016],[120.524356,24.107293],[120.524151,24.106858],[120.523988,24.106551],[120.523784,24.106227],[120.523779,24.106185],[120.523755,24.106187],[120.523761,24.106222],[120.523769,24.106239],[120.523968,24.106554],[120.524081,24.106761],[120.524087,24.106765]]]]}},{"type":"Feature","properties":{"n":"線東路六 段","v":"和美鎮","w":1.58,"c":0.43,"r":1},"geometry":{"type":"MultiPolygon","coordinates":[[[[120.526991,24.121134],[120.526899,24.121058],[120.526802,24.120968],[120.526613,24.120762],[120.526515,24.120642],[120.526421,24.120512],[120.526323,24.120358],[120.526314,24.120332],[120.526306,24.120355],[120.526308,24.120363],[120.526393,24.120498],[120.526503,24.12065],[120.526631,24.120806],[120.526768,24.120955],[120.526888,24.121068],[120.527047,24.121196],[120.527063,24.12119],[120.52701,24.12115],[120.526991,24.121134]]]]}},{"type":"Feature","properties":{"n":"線東路七 段","v":"和美鎮","w":2.44,"c":1.09,"r":1},"geometry":{"type":"MultiPolygon","coordinates":[[[[120.530585,24.123608],[120.530596,24.123595],[120.529978,24.123149],[120.529395,24.122738],[120.528716,24.122277],[120.527457,24.121446],[120.52721,24.121276],[120.527198,24.121284],[120.527209,24.121294],[120.527655,24.121597],[120.529073,24.122537],[120.52935,24.122727],[120.529588,24.122903],[120.530469,24.123523],[120.530585,24.123608]]]]}},{"type":"Feature","properties":{"n":"線東路六 段","v":"和美鎮","w":1.6,"c":0.76,"r":2},"geometry":{"type":"MultiPolygon","coordinates":[[[[120.526254,24.120254],[120.52627,24.120253],[120.526251,24.120231],[120.526045,24.119719],[120.525977,24.119371],[120.525967,24.119142],[120.525953,24.119143],[120.525961,24.119381],[120.525975,24.119492],[120.526038,24.119756],[120.526122,24.119988],[120.52623,24.120223],[120.526254,24.120254]]]]}},{"type":"Feature","properties":{"n":"線東路五段","v":"和美鎮","w":1.73,"c":0.95,"r":1},"geometry":{"type":"MultiPolygon","coordinates":[[[[120.524869,24.108568],[120.525054,24.109067],[120.525073,24.109092],[120.525077,24.109057],[120.525071,24.109056],[120.525064,24.10904],[120.524882,24.108561],[120.524869,24.108568]]]]}},{"type":"Feature","properties":{"n":"線東路五段","v":"和美鎮","w":1.78,"c":0.88,"r":9},"geometry":{"type":"MultiPolygon","coordinates":[[[[120.521902,24.104187],[120.521775,24.103942],[120.521699,24.103748],[120.52164,24.103547],[120.521592,24.103296],[120.521566,24.102961],[120.521564,24.102173],[120.521594,24.10214],[120.521571,24.102144],[120.521554,24.102156],[120.521547,24.102182],[120.52155,24.102959],[120.521575,24.103299],[120.521622,24.103548],[120.521685,24.103753],[120.521754,24.103937],[120.521794,24.104022],[120.521891,24.104205],[120.521902,24.104187]]]]}},{"type":"Feature","properties":{"n":"線東路四段","v":"和美鎮","w":2.09,"c":1.16,"r":1},"geometry":{"type":"MultiPolygon","coordinates":[[[[120.521563,24.102061],[120.521557,24.102032],[120.521558,24.101919],[120.521552,24.101782],[120.521557,24.101606],[120.521539,24.101606],[120.521531,24.101716],[120.521544,24.102007],[120.521547,24.102045],[120.521552,24.102055],[120.521563,24.102061]]]]}},{"type":"Feature","properties":{"n":"彰新路二段","v":"和美鎮","w":3.53,"c":2.14,"r":4},"geometry":{"type":"MultiPolygon","coordinates":[[[[120.533497,24.105254],[120.533478,24.105236],[120.533473,24.105206],[120.533477,24.105193],[120.533467,24.105163],[120.53346,24.104585],[120.533467,24.10456],[120.533462,24.104534],[120.53347,24.104476],[120.533483,24.104476],[120.533482,24.104369],[120.533482,24.104347],[120.533466,24.104341],[120.533462,24.10433],[120.533461,24.104304],[120.533475,24.104297],[120.533458,24.104266],[120.533458,24.104254],[120.533468,24.104225],[120.533484,24.104206],[120.53346,24.104176],[120.533461,24.103866],[120.533454,24.103866],[120.533418,24.1039],[120.533425,24.104911],[120.533431,24.105111],[120.533438,24.105283],[120.533463,24.105278],[120.533497,24.105254]]]]}},{"type":"Feature","properties":{"n":"鹿和路六段2巷","v":"和美鎮","w":2.05,"c":0.95,"r":1},"geometry":{"type":"MultiPolygon","coordinates":[[[[120.49375,24.101263],[120.493754,24.10128],[120.493798,24.101275],[120.494543,24.101156],[120.494819,24.101116],[120.495012,24.101105],[120.49546,24.101131],[120.495477,24.101119],[120.495056,24.101089],[120.49499,24.101088],[120.49482,24.101099],[120.494643,24.101122],[120.493775,24.10126],[120.49375,24.101263]]]]}},{"type":"Feature","properties":{"n":"鹿和路六段2巷","v":"和美鎮","w":1.93,"c":1,"r":3},"geometry":{"type":"MultiPolygon","coordinates":[[[[120.500648,24.102801],[120.500652,24.102793],[120.500615,24.102763],[120.500104,24.102471],[120.499964,24.102405],[120.499686,24.102296],[120.49935,24.102194],[120.495848,24.10118],[120.495697,24.101149],[120.495567,24.101129],[120.495579,24.101143],[120.49573,24.101171],[120.495878,24.101207],[120.499597,24.102285],[120.499964,24.102421],[120.500088,24.102483],[120.500558,24.102748],[120.500648,24.102801]]]]}},{"type":"Feature","properties":{"n":"鹿和路六段2巷","v":"和美鎮","w":1.34,"c":0.79,"r":3},"geometry":{"type":"MultiPolygon","coordinates":[[[[120.502063,24.104361],[120.501881,24.104264],[120.501871,24.104254],[120.501654,24.103928],[120.50165,24.10393],[120.50164,24.103915],[120.501615,24.103865],[120.501343,24.103435],[120.501317,24.103398],[120.501314,24.1034],[120.5013,24.103379],[120.501299,24.103369],[120.501194,24.103224],[120.501131,24.103155],[120.50107,24.103099],[120.500817,24.102888],[120.500819,24.10291],[120.500991,24.10305],[120.501097,24.103145],[120.501147,24.103193],[120.501202,24.103259],[120.501353,24.103476],[120.501649,24.103944],[120.501855,24.104259],[120.501878,24.104278],[120.502055,24.104375],[120.502063,24.104361]]]]}},{"type":"Feature","properties":{"n":"彰新路五段","v":"和美鎮","w":1.53,"c":1.53,"r":2},"geometry":{"type":"MultiPolygon","coordinates":[[[[120.510588,24.134415],[120.510598,24.134408],[120.510629,24.134417],[120.51063,24.13441],[120.510626,24.134409],[120.510641,24.134327],[120.510652,24.134329],[120.510662,24.134305],[120.510634,24.134297],[120.510622,24.134288],[120.51065,24.134181],[120.510636,24.134174],[120.510467,24.134805],[120.510475,24.134804],[120.510484,24.134794],[120.510586,24.134419],[120.510588,24.134415]]]]}},{"type":"Feature","properties":{"n":"和健路","v":"和美鎮","w":3.7,"c":1.17,"r":3},"geometry":{"type":"MultiPolygon","coordinates":[[[[120.489935,24.106111],[120.489946,24.106139],[120.489959,24.10614],[120.492641,24.105496],[120.492662,24.105483],[120.492674,24.10547],[120.492675,24.105452],[120.489996,24.106097],[120.489935,24.106111]]]]}},{"type":"Feature","properties":{"n":"和卿路","v":"和美鎮","w":4.7,"c":2.47,"r":2},"geometry":{"type":"MultiPolygon","coordinates":[[[[120.49417,24.112791],[120.4942,24.112777],[120.494204,24.112764],[120.494014,24.111794],[120.493982,24.11121],[120.493944,24.111248],[120.493936,24.111325],[120.49394,24.111652],[120.494015,24.11205],[120.494028,24.112098],[120.49417,24.112791]]]]}},{"type":"Feature","properties":{"n":"德美路","v":"和美鎮","w":3.68,"c":0.75,"r":3},"geometry":{"type":"MultiPolygon","coordinates":[[[[120.502155,24.109964],[120.501229,24.109346],[120.501208,24.109372],[120.502136,24.109991],[120.502155,24.109964]]]]}},{"type":"Feature","properties":{"n":"彰美路五段","v":"和美鎮","w":3.71,"c":1.07,"r":3},"geometry":{"type":"MultiPolygon","coordinates":[[[[120.501229,24.109346],[120.501204,24.109107],[120.501207,24.109096],[120.501275,24.109014],[120.501303,24.109003],[120.501382,24.108911],[120.50137,24.108865],[120.501493,24.108714],[120.501478,24.108703],[120.501466,24.108701],[120.501454,24.108705],[120.501046,24.109203],[120.501038,24.109235],[120.501047,24.109262],[120.501208,24.109372],[120.501229,24.109346]]]]}},{"type":"Feature","properties":{"n":"彰美路五段","v":"和美鎮","w":3.69,"c":2.34,"r":1},"geometry":{"type":"MultiPolygon","coordinates":[[[[120.502283,24.107744],[120.502443,24.107546],[120.502415,24.107526],[120.502314,24.107647],[120.502198,24.107796],[120.502205,24.10784],[120.502279,24.107742],[120.502283,24.107744]]]]}},{"type":"Feature","properties":{"n":"忠勤路","v":"和美鎮","w":3.42,"c":0.47,"r":4},"geometry":{"type":"MultiPolygon","coordinates":[[[[120.502155,24.109964],[120.502136,24.109991],[120.502162,24.110006],[120.502206,24.109992],[120.50223,24.109976],[120.5034,24.108857],[120.503627,24.108653],[120.50356,24.108663],[120.503528,24.108695],[120.503525,24.108693],[120.503472,24.10874],[120.503443,24.108767],[120.503446,24.10877],[120.503432,24.108783],[120.502191,24.10997],[120.502155,24.109964]]]]}},{"type":"Feature","properties":{"n":"仁壽路","v":"和美鎮","w":3.96,"c":2.1,"r":2},"geometry":{"type":"MultiPolygon","coordinates":[[[[120.495645,24.102721],[120.495577,24.102722],[120.495465,24.102736],[120.494318,24.102913],[120.494325,24.102946],[120.495547,24.102758],[120.495645,24.102753],[120.495645,24.102721]]]]}},{"type":"Feature","properties":{"n":"仁壽路","v":"和美鎮","w":3.8,"c":2.01,"r":3},"geometry":{"type":"MultiPolygon","coordinates":[[[[120.495645,24.102721],[120.495645,24.102753],[120.495723,24.102765],[120.495831,24.102807],[120.495892,24.102848],[120.49596,24.102921],[120.496027,24.103059],[120.4961,24.103345],[120.496308,24.104225],[120.496297,24.104244],[120.496321,24.104275],[120.49634,24.104257],[120.496347,24.104236],[120.496111,24.103239],[120.496059,24.103036],[120.495994,24.102901],[120.495921,24.102826],[120.495848,24.102777],[120.495766,24.10274],[120.495666,24.102721],[120.495645,24.102721]]]]}},{"type":"Feature","properties":{"n":"仁和路","v":"和美鎮","w":2.59,"c":1.83,"r":1},"geometry":{"type":"MultiPolygon","coordinates":[[[[120.495694,24.106974],[120.495668,24.106971],[120.495665,24.106978],[120.495807,24.1072],[120.495844,24.107209],[120.49586,24.107202],[120.495853,24.107177],[120.495814,24.107162],[120.495705,24.106997],[120.495694,24.106974]]]]}},{"type":"Feature","properties":{"n":"仁和路","v":"和美鎮","w":2.87,"c":2.11,"r":2},"geometry":{"type":"MultiPolygon","coordinates":[[[[120.495694,24.106974],[120.49572,24.106956],[120.496268,24.106745],[120.496262,24.10672],[120.495681,24.106942],[120.495668,24.106971],[120.495694,24.106974]]]]}},{"type":"Feature","properties":{"n":"仁和路","v":"和美鎮","w":2.72,"c":1.97,"r":1},"geometry":{"type":"MultiPolygon","coordinates":[[[[120.496381,24.106993],[120.496369,24.106969],[120.495853,24.107177],[120.49586,24.107202],[120.496166,24.10708],[120.496381,24.106993]]]]}},{"type":"Feature","properties":{"n":"仁和路","v":"和美鎮","w":2.6,"c":1.85,"r":2},"geometry":{"type":"MultiPolygon","coordinates":[[[[120.496369,24.106969],[120.496381,24.106993],[120.49639,24.10699],[120.496406,24.106962],[120.496397,24.106914],[120.496305,24.106736],[120.496283,24.106717],[120.496262,24.10672],[120.496268,24.106745],[120.496283,24.106749],[120.496358,24.10689],[120.496377,24.106959],[120.496369,24.106969]]]]}},{"type":"Feature","properties":{"n":"彰和路三段","v":"和美鎮","w":2.09,"c":2.09,"r":3},"geometry":{"type":"MultiPolygon","coordinates":[[[[120.511571,24.096881],[120.511585,24.096885],[120.511598,24.096877],[120.511637,24.096878],[120.511722,24.096811],[120.511717,24.096802],[120.511719,24.096792],[120.511743,24.096777],[120.511767,24.09674],[120.511788,24.09672],[120.511777,24.096707],[120.51179,24.096695],[120.511793,24.096698],[120.512003,24.096501],[120.51198,24.096497],[120.511975,24.096501],[120.511658,24.096794],[120.511559,24.096876],[120.511474,24.096936],[120.511242,24.097083],[120.511249,24.097093],[120.511409,24.096992],[120.511571,24.096881]]]]}},{"type":"Feature","properties":{"n":"員集路一段","v":"社頭鄉","w":3.67,"c":3.67,"r":4},"geometry":{"type":"MultiPolygon","coordinates":[[[[120.587301,23.889651],[120.587344,23.889652],[120.58731,23.889473],[120.587253,23.889309],[120.586673,23.888159],[120.586639,23.888171],[120.587224,23.889331],[120.587267,23.88945],[120.587295,23.889571],[120.587305,23.889645],[120.587301,23.889651]]]]}},{"type":"Feature","properties":{"n":"和平一路","v":"社頭鄉","w":3.66,"c":2.25,"r":5},"geometry":{"type":"MultiPolygon","coordinates":[[[[120.587301,23.889651],[120.587213,23.889661],[120.586435,23.889721],[120.585165,23.889345],[120.585142,23.889334],[120.58513,23.88937],[120.586432,23.889754],[120.587292,23.889688],[120.587327,23.889677],[120.587344,23.889652],[120.587301,23.889651]]]]}},{"type":"Feature","properties":{"n":"中山路一段","v":"社頭鄉","w":4,"c":2.69,"r":3},"geometry":{"type":"MultiPolygon","coordinates":[[[[120.58513,23.88937],[120.585142,23.889334],[120.585133,23.889309],[120.585344,23.888794],[120.585567,23.888277],[120.585573,23.888279],[120.585596,23.888223],[120.585592,23.888218],[120.58571,23.88794],[120.585673,23.887928],[120.585244,23.888937],[120.585116,23.889248],[120.585087,23.88933],[120.585083,23.889343],[120.585088,23.889352],[120.585114,23.889365],[120.58513,23.88937]]]]}},{"type":"Feature","properties":{"n":"高鐵綠園路二段","v":"社頭鄉","w":6.62,"c":1.96,"r":3},"geometry":{"type":"MultiPolygon","coordinates":[[[[120.583302,23.879376],[120.583322,23.879349],[120.583293,23.879331],[120.583267,23.879322],[120.58322,23.879314],[120.583166,23.879326],[120.58314,23.879341],[120.583109,23.879369],[120.58242,23.880354],[120.582335,23.880476],[120.582301,23.880547],[120.582292,23.88061],[120.582281,23.88084],[120.582295,23.880841],[120.582305,23.880663],[120.582322,23.880606],[120.583179,23.879378],[120.583276,23.87936],[120.583302,23.879376]]]]}},{"type":"Feature","properties":{"n":"高鐵綠園路二段","v":"社頭鄉","w":6.84,"c":2.09,"r":2},"geometry":{"type":"MultiPolygon","coordinates":[[[[120.58021,23.882228],[120.580295,23.882178],[120.580292,23.882175],[120.580314,23.882087],[120.580942,23.881794],[120.580992,23.881821],[120.580982,23.881787],[120.580966,23.881768],[120.580947,23.881756],[120.580897,23.881746],[120.580468,23.881947],[120.580223,23.882102],[120.580209,23.882116],[120.580189,23.8822],[120.58021,23.882228]]]]}},{"type":"Feature","properties":{"n":"高鐵綠園路二段","v":"社頭鄉","w":1.38,"c":0.64,"r":4},"geometry":{"type":"MultiPolygon","coordinates":[[[[120.57914,23.882607],[120.579146,23.882615],[120.579141,23.882659],[120.578475,23.883076],[120.578459,23.883085],[120.578405,23.883076],[120.578395,23.883064],[120.578384,23.883072],[120.578406,23.883098],[120.578427,23.883105],[120.578453,23.883103],[120.578483,23.883087],[120.579157,23.882663],[120.579168,23.882644],[120.579169,23.882631],[120.579166,23.882616],[120.579152,23.882599],[120.57914,23.882607]]]]}},{"type":"Feature","properties":{"n":"高鐵綠園路二段","v":"社頭鄉","w":1.28,"c":0.81,"r":2},"geometry":{"type":"MultiPolygon","coordinates":[[[[120.580058,23.882321],[120.580079,23.882308],[120.58006,23.882287],[120.580037,23.882276],[120.579996,23.882266],[120.579963,23.882269],[120.579937,23.882277],[120.578105,23.883424],[120.578112,23.883434],[120.579934,23.882292],[120.580053,23.882317],[120.580058,23.882321]]]]}},{"type":"Feature","properties":{"n":"高鐵綠園路二段","v":"社頭鄉","w":4.7,"c":1.68,"r":2},"geometry":{"type":"MultiPolygon","coordinates":[[[[120.582139,23.881003],[120.582098,23.88099],[120.582038,23.88099],[120.582004,23.880999],[120.581962,23.881023],[120.58193,23.881057],[120.58187,23.881139],[120.581781,23.881246],[120.581721,23.881306],[120.581656,23.881361],[120.581602,23.881399],[120.581495,23.881463],[120.581136,23.881639],[120.581097,23.881699],[120.581484,23.881517],[120.581559,23.881475],[120.581725,23.881361],[120.58179,23.881302],[120.581823,23.881265],[120.581987,23.881063],[120.582046,23.881036],[120.582075,23.881037],[120.582106,23.881046],[120.582144,23.881076],[120.582163,23.881112],[120.582139,23.881607],[120.582156,23.881608],[120.582182,23.881049],[120.582171,23.881025],[120.582153,23.881009],[120.582139,23.881003]]]]}},{"type":"Feature","properties":{"n":"高鐵東路二段","v":"社頭鄉","w":1.35,"c":0.79,"r":1},"geometry":{"type":"MultiPolygon","coordinates":[[[[120.584209,23.879978],[120.584194,23.879975],[120.584073,23.880461],[120.584088,23.880464],[120.584203,23.880001],[120.584209,23.879978]]]]}},{"type":"Feature","properties":{"n":"高鐵北三路","v":"社頭鄉","w":1.47,"c":0.69,"r":null},"geometry":{"type":"MultiPolygon","coordinates":[[[[120.575869,23.880177],[120.575228,23.879312],[120.575196,23.879274],[120.575186,23.879276],[120.575857,23.880185],[120.575869,23.880177]]]]}},{"type":"Feature","properties":{"n":"高鐵東二路","v":"社頭鄉","w":1.49,"c":0.7,"r":2},"geometry":{"type":"MultiPolygon","coordinates":[[[[120.575869,23.880177],[120.575857,23.880185],[120.575867,23.880198],[120.575858,23.880242],[120.57527,23.880613],[120.575278,23.880623],[120.575291,23.880616],[120.575864,23.880255],[120.575882,23.880235],[120.575887,23.88022],[120.575886,23.880206],[120.575876,23.880186],[120.575869,23.880177]]]]}},{"type":"Feature","properties":{"n":"高鐵東二路","v":"社頭鄉","w":1.45,"c":0.65,"r":2},"geometry":{"type":"MultiPolygon","coordinates":[[[[120.575987,23.880328],[120.575969,23.880315],[120.575947,23.880311],[120.575926,23.880315],[120.575903,23.880328],[120.575496,23.880583],[120.575323,23.880698],[120.57534,23.8807],[120.575928,23.880328],[120.575978,23.880337],[120.575987,23.880328]]]]}},{"type":"Feature","properties":{"n":"高鐵東一路二段","v":"社頭鄉","w":1.51,"c":0.74,"r":2},"geometry":{"type":"MultiPolygon","coordinates":[[[[120.578008,23.881093],[120.578019,23.881085],[120.578002,23.881064],[120.578006,23.881021],[120.578678,23.880555],[120.578734,23.880563],[120.578759,23.880593],[120.57881,23.880556],[120.578776,23.880532],[120.578744,23.880524],[120.578702,23.880527],[120.578678,23.880538],[120.577994,23.881013],[120.577981,23.881044],[120.577987,23.881065],[120.577997,23.881079],[120.578008,23.881093]]]]}},{"type":"Feature","properties":{"n":"高鐵東一路二段","v":"社頭鄉","w":1.56,"c":0.8,"r":3},"geometry":{"type":"MultiPolygon","coordinates":[[[[120.577194,23.881623],[120.577197,23.88158],[120.577859,23.881123],[120.577904,23.881127],[120.577922,23.881149],[120.577934,23.881141],[120.577916,23.881119],[120.577896,23.881106],[120.577876,23.881104],[120.577852,23.88111],[120.577191,23.881566],[120.577171,23.881597],[120.57717,23.881611],[120.577176,23.881623],[120.577194,23.881623]]]]}},{"type":"Feature","properties":{"n":"高鐵北三路","v":"社頭鄉","w":1.49,"c":0.72,"r":2},"geometry":{"type":"MultiPolygon","coordinates":[[[[120.57721,23.881645],[120.577194,23.881623],[120.577176,23.881623],[120.578384,23.883072],[120.578395,23.883064],[120.577261,23.881707],[120.57721,23.881645]]]]}},{"type":"Feature","properties":{"n":"高鐵北二路","v":"社頭鄉","w":1.35,"c":0.63,"r":null},"geometry":{"type":"MultiPolygon","coordinates":[[[[120.57924,23.882547],[120.578032,23.881101],[120.578019,23.881085],[120.578008,23.881093],[120.579229,23.882555],[120.57924,23.882547]]]]}},{"type":"Feature","properties":{"n":"高鐵綠園路二段","v":"社頭鄉","w":1.84,"c":1.05,"r":2},"geometry":{"type":"MultiPolygon","coordinates":[[[[120.579229,23.882555],[120.579241,23.882567],[120.579265,23.882579],[120.579301,23.882574],[120.579899,23.882195],[120.579916,23.882174],[120.579932,23.882132],[120.579933,23.882089],[120.579911,23.882039],[120.579857,23.882073],[120.579885,23.882109],[120.579877,23.882189],[120.579308,23.882551],[120.579288,23.882561],[120.579246,23.882556],[120.57924,23.882547],[120.579229,23.882555]]]]}},{"type":"Feature","properties":{"n":"高鐵北二路","v":"社頭鄉","w":1.54,"c":0.85,"r":null},"geometry":{"type":"MultiPolygon","coordinates":[[[[120.579152,23.882599],[120.577934,23.881141],[120.577922,23.881149],[120.57914,23.882607],[120.579152,23.882599]]]]}},{"type":"Feature","properties":{"n":"高鐵一路一段","v":"社頭鄉","w":3.63,"c":2.16,"r":1},"geometry":{"type":"MultiPolygon","coordinates":[[[[120.584194,23.879975],[120.584209,23.879978],[120.58421,23.879924],[120.584199,23.879898],[120.584172,23.879867],[120.583322,23.879349],[120.583302,23.879376],[120.584138,23.879889],[120.584192,23.879948],[120.584198,23.87996],[120.584194,23.879975]]]]}},{"type":"Feature","properties":{"n":"站區路一段","v":"社頭鄉","w":6.36,"c":2.22,"r":null},"geometry":{"type":"MultiPolygon","coordinates":[[[[120.58021,23.882228],[120.580407,23.882494],[120.580498,23.882608],[120.580572,23.882693],[120.58065,23.882772],[120.580778,23.882883],[120.580899,23.882969],[120.580927,23.882966],[120.580951,23.882953],[120.580961,23.88294],[120.580819,23.88284],[120.580735,23.882769],[120.580619,23.882655],[120.580494,23.882507],[120.580263,23.882197],[120.58021,23.882228],[120.58021,23.882228]]]]}},{"type":"Feature","properties":{"n":"站區路一段","v":"社頭鄉","w":2.3,"c":1.12,"r":1},"geometry":{"type":"MultiPolygon","coordinates":[[[[120.580058,23.882321],[120.58025,23.882578],[120.580388,23.882751],[120.580437,23.882805],[120.580548,23.882914],[120.58062,23.882977],[120.580778,23.883096],[120.580917,23.883182],[120.581076,23.883264],[120.581292,23.883351],[120.581692,23.883487],[120.581691,23.883472],[120.581683,23.883463],[120.581276,23.883322],[120.581033,23.883219],[120.580895,23.883145],[120.580713,23.883023],[120.580566,23.882901],[120.580432,23.882767],[120.580312,23.882623],[120.580079,23.882308],[120.580058,23.882321]]]]}},{"type":"Feature","properties":{"n":"站區路一段","v":"社頭鄉","w":6.8,"c":2.49,"r":1},"geometry":{"type":"MultiPolygon","coordinates":[[[[120.581636,23.88318],[120.58167,23.883171],[120.581678,23.883164],[120.581683,23.883147],[120.581613,23.883164],[120.581547,23.883195],[120.581209,23.883069],[120.581044,23.882985],[120.581033,23.883004],[120.581029,23.883022],[120.581031,23.883035],[120.581038,23.883048],[120.581064,23.883069],[120.581246,23.883152],[120.581457,23.88323],[120.581481,23.883236],[120.581518,23.883234],[120.581616,23.883187],[120.581636,23.88318]]]]}},{"type":"Feature","properties":{"n":"高鐵東路二段","v":"社頭鄉","w":2.25,"c":1.15,"r":null},"geometry":{"type":"MultiPolygon","coordinates":[[[[120.582049,23.883185],[120.58203,23.883166],[120.581739,23.883149],[120.581759,23.883165],[120.581782,23.88317],[120.58204,23.883187],[120.582049,23.883185]]]]}},{"type":"Feature","properties":{"n":"站區路一段","v":"社頭鄉","w":6.59,"c":2.26,"r":2},"geometry":{"type":"MultiPolygon","coordinates":[[[[120.579857,23.882073],[120.579911,23.882039],[120.578858,23.880614],[120.57881,23.880556],[120.578759,23.880593],[120.578805,23.880648],[120.579835,23.882044],[120.579857,23.882073]]]]}},{"type":"Feature","properties":{"n":"和平二路","v":"社頭鄉","w":4.09,"c":3.15,"r":1},"geometry":{"type":"MultiPolygon","coordinates":[[[[120.584552,23.891523],[120.584545,23.891559],[120.585449,23.891753],[120.586729,23.892027],[120.586734,23.892025],[120.586743,23.891992],[120.584567,23.891526],[120.584552,23.891523]]]]}},{"type":"Feature","properties":{"n":"和平一路","v":"社頭鄉","w":4.07,"c":2.95,"r":null},"geometry":{"type":"MultiPolygon","coordinates":[[[[120.585091,23.889473],[120.585081,23.889509],[120.586407,23.889903],[120.586641,23.889888],[120.586637,23.889854],[120.586624,23.88985],[120.586418,23.889866],[120.586399,23.889862],[120.585114,23.88948],[120.585091,23.889473]]]]}},{"type":"Feature","properties":{"n":"中山路一段","v":"社頭鄉","w":4.16,"c":3.12,"r":1},"geometry":{"type":"MultiPolygon","coordinates":[[[[120.585081,23.889509],[120.585091,23.889473],[120.585044,23.889459],[120.585031,23.889463],[120.584979,23.889654],[120.58451,23.89152],[120.584517,23.891543],[120.584545,23.891559],[120.58506,23.889503],[120.585081,23.889509]]]]}},{"type":"Feature","properties":{"n":"站區二路","v":"社頭鄉","w":1.48,"c":0.75,"r":null},"geometry":{"type":"MultiPolygon","coordinates":[[[[120.575747,23.878224],[120.576131,23.878738],[120.576153,23.878765],[120.576172,23.878779],[120.57619,23.878783],[120.576222,23.878776],[120.577009,23.878283],[120.577,23.878272],[120.576212,23.878764],[120.576164,23.878756],[120.575757,23.878217],[120.575747,23.878224]]]]}},{"type":"Feature","properties":{"n":"高鐵東二路","v":"社頭鄉","w":1.45,"c":0.74,"r":1},"geometry":{"type":"MultiPolygon","coordinates":[[[[120.577696,23.879209],[120.576919,23.879694],[120.576897,23.879722],[120.576896,23.879741],[120.576908,23.879764],[120.576918,23.879757],[120.576914,23.879752],[120.576922,23.879707],[120.577703,23.879219],[120.577696,23.879209]]]]}},{"type":"Feature","properties":{"n":"高鐵北二路","v":"社頭鄉","w":1.39,"c":0.51,"r":1},"geometry":{"type":"MultiPolygon","coordinates":[[[[120.577941,23.880931],[120.577892,23.880925],[120.576918,23.879757],[120.576907,23.879765],[120.577879,23.88093],[120.57791,23.880947],[120.577923,23.880948],[120.577947,23.88094],[120.577941,23.880931]]]]}},{"type":"Feature","properties":{"n":"高鐵東一路二段","v":"社頭鄉","w":1.43,"c":0.79,"r":null},"geometry":{"type":"MultiPolygon","coordinates":[[[[120.578628,23.880469],[120.578621,23.880461],[120.577966,23.880913],[120.577941,23.880931],[120.577947,23.88094],[120.578616,23.880478],[120.578628,23.880469]]]]}},{"type":"Feature","properties":{"n":"站區路一段","v":"社頭鄉","w":6.78,"c":2.4,"r":2},"geometry":{"type":"MultiPolygon","coordinates":[[[[120.578628,23.880469],[120.578653,23.880448],[120.578669,23.880419],[120.578674,23.880386],[120.578665,23.880353],[120.578628,23.880296],[120.578396,23.879981],[120.577849,23.879243],[120.577822,23.879216],[120.577787,23.879198],[120.57774,23.879194],[120.577696,23.879209],[120.577703,23.879219],[120.577759,23.879232],[120.57828,23.879933],[120.578628,23.880408],[120.578621,23.880461],[120.578628,23.880469]]]]}},{"type":"Feature","properties":{"n":"站區路一段","v":"社頭鄉","w":6.52,"c":2.33,"r":null},"geometry":{"type":"MultiPolygon","coordinates":[[[[120.57765,23.879077],[120.577687,23.879083],[120.57769,23.879064],[120.577688,23.879041],[120.577671,23.879001],[120.577207,23.878376],[120.577183,23.878354],[120.577141,23.878336],[120.577103,23.878335],[120.57707,23.878346],[120.577067,23.87836],[120.577125,23.878371],[120.577611,23.879022],[120.57765,23.879077]]]]}},{"type":"Feature","properties":{"n":"高鐵東三路二段","v":"社頭鄉","w":1.43,"c":0.73,"r":1},"geometry":{"type":"MultiPolygon","coordinates":[[[[120.575301,23.879197],[120.575666,23.878356],[120.575715,23.878351],[120.575717,23.878354],[120.575727,23.878348],[120.575714,23.878335],[120.575697,23.87833],[120.575679,23.878332],[120.575664,23.878341],[120.575651,23.878356],[120.57529,23.879193],[120.575301,23.879197]]]]}},{"type":"Feature","properties":{"n":"高鐵東一路二段","v":"社頭鄉","w":1.46,"c":0.76,"r":null},"geometry":{"type":"MultiPolygon","coordinates":[[[[120.577135,23.881489],[120.577144,23.8815],[120.5778,23.881043],[120.577792,23.881035],[120.577153,23.881477],[120.577135,23.881489]]]]}},{"type":"Feature","properties":{"n":"高鐵綠園路二段","v":"社頭鄉","w":6.79,"c":2.4,"r":2},"geometry":{"type":"MultiPolygon","coordinates":[[[[120.580063,23.881647],[120.580092,23.881673],[120.580135,23.881693],[120.580189,23.881696],[120.580239,23.881683],[120.580988,23.881334],[120.581005,23.881321],[120.581027,23.881282],[120.581029,23.881263],[120.581023,23.881231],[120.581003,23.881206],[120.580993,23.881215],[120.580983,23.88127],[120.580204,23.881628],[120.580111,23.881609],[120.580063,23.881647]]]]}},{"type":"Feature","properties":{"n":"站區路一段","v":"社頭鄉","w":6.7,"c":2.52,"r":null},"geometry":{"type":"MultiPolygon","coordinates":[[[[120.579124,23.88033],[120.579126,23.880368],[120.579139,23.8804],[120.580063,23.881647],[120.580111,23.881609],[120.579168,23.880332],[120.579124,23.88033]]]]}},{"type":"Feature","properties":{"n":"站區一路","v":"社頭鄉","w":1.39,"c":0.59,"r":null},"geometry":{"type":"MultiPolygon","coordinates":[[[[120.578228,23.877519],[120.57822,23.877511],[120.577422,23.87801],[120.57743,23.878018],[120.577438,23.878015],[120.578225,23.877521],[120.578228,23.877519]]]]}},{"type":"Feature","properties":{"n":"高鐵東一路二段","v":"社頭鄉","w":1.89,"c":1.12,"r":1},"geometry":{"type":"MultiPolygon","coordinates":[[[[120.579168,23.880332],[120.579179,23.880279],[120.579684,23.879962],[120.579675,23.879949],[120.579665,23.879953],[120.579173,23.88026],[120.579138,23.880295],[120.579124,23.88033],[120.579168,23.880332]]]]}},{"type":"Feature","properties":{"n":"高鐵北一路","v":"社頭鄉","w":1.39,"c":0.72,"r":1},"geometry":{"type":"MultiPolygon","coordinates":[[[[120.579675,23.879949],[120.579684,23.879962],[120.579734,23.879967],[120.580949,23.881172],[120.580993,23.881215],[120.581003,23.881206],[120.579754,23.87997],[120.579716,23.879943],[120.579682,23.879945],[120.579675,23.879949]]]]}},{"type":"Feature","properties":{"n":"高鐵北路","v":"社頭鄉","w":1.37,"c":0.73,"r":2},"geometry":{"type":"MultiPolygon","coordinates":[[[[120.578296,23.877592],[120.578344,23.877598],[120.578943,23.878275],[120.578933,23.87832],[120.57894,23.87833],[120.578948,23.878324],[120.578959,23.878307],[120.578961,23.878289],[120.578935,23.878248],[120.578372,23.877609],[120.578354,23.87759],[120.578334,23.877578],[120.578307,23.877576],[120.578289,23.877584],[120.578292,23.877588],[120.578296,23.877592]]]]}},{"type":"Feature","properties":{"n":"高鐵北三路","v":"社頭鄉","w":1.47,"c":0.33,"r":2},"geometry":{"type":"MultiPolygon","coordinates":[[[[120.577143,23.881499],[120.577135,23.881489],[120.577083,23.881485],[120.577067,23.881466],[120.576075,23.880276],[120.576086,23.88023],[120.576079,23.880221],[120.576072,23.880225],[120.576057,23.880252],[120.576059,23.880267],[120.576071,23.880292],[120.576531,23.880845],[120.577069,23.881489],[120.577089,23.881504],[120.577106,23.881508],[120.577138,23.881502],[120.577143,23.881499]]]]}},{"type":"Feature","properties":{"n":"高鐵東二路","v":"社頭鄉","w":1.5,"c":0.8,"r":1},"geometry":{"type":"MultiPolygon","coordinates":[[[[120.576086,23.88023],[120.576768,23.879804],[120.57682,23.879814],[120.576829,23.879808],[120.576812,23.879794],[120.576795,23.879788],[120.576758,23.879795],[120.576079,23.880221],[120.576086,23.88023]]]]}},{"type":"Feature","properties":{"n":"高鐵東一路二段","v":"社頭鄉","w":1.98,"c":0.81,"r":1},"geometry":{"type":"MultiPolygon","coordinates":[[[[120.579003,23.880161],[120.579044,23.880159],[120.579076,23.880146],[120.57955,23.879851],[120.579556,23.879843],[120.579545,23.879833],[120.579069,23.880129],[120.579011,23.880119],[120.579003,23.880161]]]]}},{"type":"Feature","properties":{"n":"高鐵北一路","v":"社頭鄉","w":1.44,"c":0.15,"r":2},"geometry":{"type":"MultiPolygon","coordinates":[[[[120.579556,23.879843],[120.579573,23.879821],[120.579572,23.879797],[120.579527,23.879746],[120.578516,23.878744],[120.578484,23.878731],[120.578451,23.878738],[120.578457,23.878749],[120.578507,23.878754],[120.579504,23.879741],[120.57955,23.879788],[120.579545,23.879833],[120.579556,23.879843]]]]}},{"type":"Feature","properties":{"n":"高鐵北三路","v":"社頭鄉","w":1.46,"c":0.64,"r":2},"geometry":{"type":"MultiPolygon","coordinates":[[[[120.57529,23.879193],[120.57528,23.879216],[120.575285,23.879246],[120.575951,23.880142],[120.575979,23.88016],[120.576005,23.880161],[120.576019,23.880156],[120.576013,23.880145],[120.575965,23.880137],[120.575952,23.880121],[120.575304,23.879249],[120.575298,23.879204],[120.575301,23.879197],[120.57529,23.879193]]]]}},{"type":"Feature","properties":{"n":"高鐵東二路","v":"社頭鄉","w":1.45,"c":0.82,"r":null},"geometry":{"type":"MultiPolygon","coordinates":[[[[120.578457,23.878749],[120.578451,23.878738],[120.578444,23.878741],[120.578173,23.87891],[120.578181,23.87892],[120.57833,23.878827],[120.578457,23.878749]]]]}},{"type":"Feature","properties":{"n":"站區路一段","v":"社頭鄉","w":6.8,"c":2.35,"r":1},"geometry":{"type":"MultiPolygon","coordinates":[[[[120.578181,23.87892],[120.578174,23.878911],[120.578152,23.878927],[120.578127,23.878965],[120.578124,23.879004],[120.57813,23.879031],[120.57814,23.87905],[120.578927,23.880114],[120.578955,23.880142],[120.579003,23.880161],[120.579011,23.880119],[120.578166,23.878976],[120.578178,23.878922],[120.578181,23.87892]]]]}},{"type":"Feature","properties":{"n":"高鐵北二路","v":"社頭鄉","w":1.45,"c":0.78,"r":1},"geometry":{"type":"MultiPolygon","coordinates":[[[[120.57682,23.879814],[120.577799,23.880988],[120.577792,23.881035],[120.5778,23.881043],[120.577812,23.881031],[120.577818,23.881013],[120.577815,23.880997],[120.5778,23.880969],[120.576829,23.879808],[120.57682,23.879814]]]]}},{"type":"Feature","properties":{"n":"站區路二段","v":"社頭鄉","w":2.46,"c":2.46,"r":1},"geometry":{"type":"MultiPolygon","coordinates":[[[[120.576377,23.877051],[120.576367,23.877064],[120.57637,23.877078],[120.576408,23.877121],[120.576424,23.877127],[120.576439,23.877121],[120.576382,23.877056],[120.576377,23.877051]]]]}},{"type":"Feature","properties":{"n":"高鐵東二路","v":"社頭鄉","w":1.47,"c":0.77,"r":1},"geometry":{"type":"MultiPolygon","coordinates":[[[[120.576013,23.880145],[120.576019,23.880156],[120.576024,23.880155],[120.577614,23.87916],[120.577664,23.879124],[120.577687,23.879083],[120.57765,23.879077],[120.577636,23.87913],[120.576036,23.880132],[120.576013,23.880145]]]]}},{"type":"Feature","properties":{"n":"站區路二段","v":"社頭鄉","w":1.98,"c":1.98,"r":2},"geometry":{"type":"MultiPolygon","coordinates":[[[[120.576268,23.876957],[120.576271,23.876971],[120.576317,23.877019],[120.576332,23.877025],[120.576345,23.877019],[120.576273,23.876951],[120.576268,23.876957]]]]}},{"type":"Feature","properties":{"n":"高鐵東三路二段","v":"社頭鄉","w":2.16,"c":2.16,"r":1},"geometry":{"type":"MultiPolygon","coordinates":[[[[120.576377,23.877051],[120.576392,23.877068],[120.576507,23.876984],[120.576735,23.876843],[120.576913,23.876751],[120.577075,23.876682],[120.577236,23.876623],[120.577361,23.876585],[120.578203,23.876346],[120.578222,23.876358],[120.57822,23.876408],[120.578246,23.876399],[120.57826,23.876366],[120.578257,23.876346],[120.57824,23.876327],[120.578216,23.876319],[120.577373,23.87656],[120.577163,23.876628],[120.576929,23.876722],[120.576745,23.876815],[120.576529,23.876944],[120.576389,23.877042],[120.576377,23.877051]]]]}},{"type":"Feature","properties":{"n":"高鐵東二路","v":"社頭鄉","w":1.51,"c":0.84,"r":1},"geometry":{"type":"MultiPolygon","coordinates":[[[[120.57894,23.87833],[120.578933,23.87832],[120.578111,23.878834],[120.578053,23.878824],[120.578045,23.878861],[120.578069,23.878861],[120.578123,23.878842],[120.578941,23.878331],[120.57894,23.87833]]]]}},{"type":"Feature","properties":{"n":"高鐵北路","v":"社頭鄉","w":1.57,"c":0.83,"r":2},"geometry":{"type":"MultiPolygon","coordinates":[[[[120.57822,23.877511],[120.578228,23.877519],[120.578245,23.877495],[120.578244,23.877476],[120.578237,23.877458],[120.577594,23.876728],[120.57755,23.876702],[120.577527,23.876697],[120.577497,23.876701],[120.577505,23.876732],[120.577535,23.876724],[120.577582,23.876737],[120.578227,23.877466],[120.57822,23.877511]]]]}},{"type":"Feature","properties":{"n":"站區路一段","v":"社頭鄉","w":6.66,"c":2.24,"r":2},"geometry":{"type":"MultiPolygon","coordinates":[[[[120.57631,23.877336],[120.576324,23.877364],[120.576384,23.877371],[120.576402,23.877394],[120.577011,23.878219],[120.577,23.878272],[120.577008,23.878281],[120.577017,23.878275],[120.57704,23.878253],[120.577054,23.878214],[120.577051,23.878178],[120.577037,23.878146],[120.576635,23.877601],[120.576403,23.87735],[120.57636,23.877329],[120.576318,23.877333],[120.57631,23.877336]]]]}},{"type":"Feature","properties":{"n":"站區路一段","v":"社頭鄉","w":6.66,"c":2.24,"r":1},"geometry":{"type":"MultiPolygon","coordinates":[[[[120.576514,23.877203],[120.576494,23.877186],[120.576495,23.877209],[120.576505,23.877229],[120.576739,23.877477],[120.577121,23.877805],[120.577323,23.877998],[120.577351,23.87802],[120.577374,23.878029],[120.577407,23.878028],[120.57743,23.878018],[120.577318,23.877904],[120.577186,23.87778],[120.576573,23.877255],[120.576514,23.877203]]]]}},{"type":"Feature","properties":{"n":"高鐵東三路二段","v":"社頭鄉","w":3.7,"c":2.16,"r":1},"geometry":{"type":"MultiPolygon","coordinates":[[[[120.576494,23.877186],[120.576514,23.877203],[120.576669,23.877095],[120.57679,23.877021],[120.576924,23.876948],[120.577037,23.876895],[120.57726,23.876807],[120.577505,23.876732],[120.577497,23.876699],[120.57722,23.876785],[120.577119,23.876823],[120.576933,23.876906],[120.576796,23.876978],[120.576672,23.877052],[120.576544,23.877138],[120.57651,23.877164],[120.576495,23.877183],[120.576494,23.877186]]]]}},{"type":"Feature","properties":{"n":"站區路一段","v":"社頭鄉","w":6.85,"c":2.68,"r":null},"geometry":{"type":"MultiPolygon","coordinates":[[[[120.578053,23.878824],[120.577529,23.878119],[120.577469,23.878107],[120.577463,23.878135],[120.577479,23.878169],[120.577605,23.878328],[120.577958,23.878805],[120.577996,23.878842],[120.578045,23.878861],[120.578053,23.878824]]]]}},{"type":"Feature","properties":{"n":"站區路二段","v":"社頭鄉","w":2.11,"c":2.11,"r":2},"geometry":{"type":"MultiPolygon","coordinates":[[[[120.57622,23.876925],[120.576239,23.876916],[120.576173,23.876854],[120.576164,23.876875],[120.576213,23.876918],[120.57622,23.876925]]]]}},{"type":"Feature","properties":{"n":"高鐵東三路二段","v":"社頭鄉","w":3.8,"c":2.15,"r":1},"geometry":{"type":"MultiPolygon","coordinates":[[[[120.575747,23.878224],[120.575757,23.878217],[120.575749,23.878168],[120.57578,23.878097],[120.575856,23.877951],[120.575922,23.877842],[120.576,23.877728],[120.57609,23.877612],[120.576187,23.8775],[120.576324,23.877364],[120.57631,23.877336],[120.57629,23.877346],[120.576251,23.877384],[120.576102,23.877541],[120.575985,23.877687],[120.57589,23.877824],[120.575805,23.877968],[120.575729,23.878122],[120.575726,23.878171],[120.575741,23.878215],[120.575747,23.878224]]]]}},{"type":"Feature","properties":{"n":"站區一路","v":"社頭鄉","w":1.39,"c":0.78,"r":1},"geometry":{"type":"MultiPolygon","coordinates":[[[[120.578296,23.877592],[120.578288,23.877583],[120.578142,23.877673],[120.577514,23.878066],[120.577489,23.878082],[120.577469,23.878107],[120.577529,23.878119],[120.577542,23.878064],[120.578263,23.877612],[120.578296,23.877592]]]]}},{"type":"Feature","properties":{"n":"站區二路","v":"社頭鄉","w":1.41,"c":0.59,"r":1},"geometry":{"type":"MultiPolygon","coordinates":[[[[120.57707,23.878346],[120.576157,23.878913],[120.575729,23.878347],[120.575717,23.878354],[120.576154,23.878935],[120.577067,23.87836],[120.57707,23.878346]]]]}},{"type":"Feature","properties":{"n":"芳苑國小","v":"芳苑鄉","w":3.95,"c":2.65,"r":null},"geometry":{"type":"MultiPolygon","coordinates":[[[[120.318201,23.925319],[120.31839,23.925228],[120.318596,23.925119],[120.318948,23.924944],[120.319147,23.924832],[120.319258,23.924807],[120.319268,23.924792],[120.319266,23.924774],[120.319418,23.92468],[120.319402,23.924649],[120.319132,23.924804],[120.318189,23.925288],[120.318201,23.925319]]]]}},{"type":"Feature","properties":{"n":"芳苑國小","v":"芳苑鄉","w":4.31,"c":2.77,"r":null},"geometry":{"type":"MultiPolygon","coordinates":[[[[120.318189,23.925288],[120.318163,23.925361],[120.318361,23.925708],[120.318553,23.926021],[120.318579,23.926009],[120.318463,23.925796],[120.318216,23.925369],[120.318201,23.925319],[120.318189,23.925288]]]]}},{"type":"Feature","properties":{"n":"路上國小","v":"芳苑鄉","w":1.94,"c":1.94,"r":null},"geometry":{"type":"MultiPolygon","coordinates":[[[[120.328709,23.89568],[120.328703,23.895664],[120.328119,23.895816],[120.327677,23.89594],[120.327683,23.895956],[120.328141,23.895825],[120.328148,23.895847],[120.328287,23.895815],[120.328298,23.895802],[120.328297,23.895792],[120.328434,23.895751],[120.328622,23.895703],[120.328709,23.89568]]]]}},{"type":"Feature","properties":{"n":"工區十一路36號","v":"芳苑鄉","w":2.66,"c":0.39,"r":null},"geometry":{"type":"MultiPolygon","coordinates":[[[[120.354154,23.924393],[120.354389,23.92523],[120.354397,23.925227],[120.354671,23.926215],[120.354683,23.926191],[120.354653,23.926073],[120.35418,23.924385],[120.354164,23.924389],[120.354154,23.924393]]]]}},{"type":"Feature","properties":{"n":"工區路","v":"芳苑鄉","w":2.31,"c":1.08,"r":null},"geometry":{"type":"MultiPolygon","coordinates":[[[[120.346629,23.911646],[120.346623,23.911626],[120.346596,23.911635],[120.346572,23.911651],[120.346545,23.911685],[120.346535,23.911727],[120.346538,23.91175],[120.346598,23.911964],[120.346609,23.911976],[120.346625,23.911977],[120.346563,23.911751],[120.346629,23.911646]]]]}},{"type":"Feature","properties":{"n":"工區路","v":"芳苑鄉","w":2.69,"c":1.54,"r":1},"geometry":{"type":"MultiPolygon","coordinates":[[[[120.3484,23.91821],[120.348455,23.91821],[120.348451,23.918189],[120.348338,23.918126],[120.348255,23.91783],[120.348236,23.917738],[120.348229,23.917739],[120.348227,23.917731],[120.348234,23.91773],[120.348222,23.917673],[120.348213,23.917676],[120.348071,23.917164],[120.348078,23.917162],[120.348065,23.917118],[120.34806,23.91712],[120.34805,23.917085],[120.348072,23.917079],[120.348058,23.917012],[120.34803,23.917016],[120.347986,23.916862],[120.348051,23.916755],[120.34804,23.916734],[120.348002,23.916753],[120.347973,23.916784],[120.347959,23.916821],[120.34796,23.916861],[120.348314,23.918134],[120.348326,23.918158],[120.348344,23.91818],[120.348369,23.918199],[120.348398,23.91821],[120.3484,23.91821]]]]}},{"type":"Feature","properties":{"n":"工業區一路45巷","v":"芳苑鄉","w":4.14,"c":4.14,"r":null},"geometry":{"type":"MultiPolygon","coordinates":[[[[120.346488,23.907124],[120.346584,23.907481],[120.346623,23.907472],[120.34653,23.907124],[120.346488,23.907124]]]]}},{"type":"Feature","properties":{"n":"無路名","v":"芳苑鄉","w":4.07,"c":4.07,"r":null},"geometry":{"type":"MultiPolygon","coordinates":[[[[120.347249,23.906614],[120.347423,23.907235],[120.347458,23.907212],[120.34728,23.906579],[120.347249,23.906614]]]]}},{"type":"Feature","properties":{"n":"斗苑路三合段","v":"芳苑鄉","w":4.08,"c":4.08,"r":1},"geometry":{"type":"MultiPolygon","coordinates":[[[[120.347249,23.906614],[120.34728,23.906579],[120.347248,23.90657],[120.346508,23.907063],[120.346488,23.907124],[120.34653,23.907124],[120.346545,23.907088],[120.347249,23.906614]]]]}},{"type":"Feature","properties":{"n":"工業路","v":"芳苑鄉","w":1.9,"c":0.5,"r":null},"geometry":{"type":"MultiPolygon","coordinates":[[[[120.354895,23.92393],[120.354933,23.92391],[120.354959,23.923882],[120.354972,23.923848],[120.354971,23.923803],[120.354822,23.923364],[120.354642,23.922769],[120.354542,23.922377],[120.354462,23.922037],[120.354331,23.921431],[120.354195,23.92086],[120.354048,23.92034],[120.354027,23.920309],[120.353996,23.920287],[120.353959,23.920275],[120.353923,23.920275],[120.353914,23.920303],[120.354032,23.920361],[120.354179,23.92089],[120.3543,23.921389],[120.354463,23.922132],[120.35458,23.922616],[120.354695,23.923029],[120.354786,23.923322],[120.354956,23.923824],[120.354913,23.923902],[120.354887,23.92391],[120.354889,23.923916],[120.354895,23.92393]]]]}},{"type":"Feature","properties":{"n":"工業路","v":"芳苑鄉","w":2.13,"c":0.53,"r":null},"geometry":{"type":"MultiPolygon","coordinates":[[[[120.354958,23.924116],[120.355027,23.924102],[120.355064,23.924082],[120.355112,23.924041],[120.355148,23.92399],[120.355163,23.923954],[120.355171,23.923914],[120.355137,23.923766],[120.354204,23.920412],[120.354194,23.920404],[120.354181,23.920323],[120.353322,23.917254],[120.353294,23.91718],[120.353254,23.917103],[120.353212,23.917038],[120.35316,23.916974],[120.352585,23.91643],[120.352569,23.916446],[120.353124,23.916974],[120.353173,23.917025],[120.353214,23.917078],[120.35325,23.917136],[120.353281,23.917199],[120.353305,23.917265],[120.355136,23.923847],[120.355141,23.923887],[120.355136,23.923932],[120.355121,23.923975],[120.355099,23.92401],[120.35507,23.924041],[120.355038,23.924063],[120.355001,23.924081],[120.354952,23.924093],[120.354958,23.924116]]]]}},{"type":"Feature","properties":{"n":"工業路","v":"芳苑鄉","w":2.21,"c":0.78,"r":null},"geometry":{"type":"MultiPolygon","coordinates":[[[[120.350889,23.91309],[120.35093,23.913073],[120.350961,23.913043],[120.350979,23.913003],[120.350979,23.912963],[120.350722,23.91204],[120.350702,23.912004],[120.350666,23.911976],[120.350622,23.911962],[120.350574,23.911966],[120.350582,23.911984],[120.350698,23.912041],[120.350954,23.912958],[120.35094,23.91298],[120.350945,23.912983],[120.350895,23.91307],[120.350889,23.91309]]]]}},{"type":"Feature","properties":{"n":"工業路","v":"芳苑鄉","w":2.33,"c":0.93,"r":null},"geometry":{"type":"MultiPolygon","coordinates":[[[[120.351051,23.913222],[120.351028,23.91319],[120.350994,23.913167],[120.350955,23.913154],[120.350915,23.913153],[120.350939,23.913196],[120.351028,23.91322],[120.351287,23.914153],[120.351309,23.914148],[120.351074,23.913307],[120.351051,23.913222]]]]}},{"type":"Feature","properties":{"n":"工業路","v":"芳苑鄉","w":2.3,"c":0.87,"r":null},"geometry":{"type":"MultiPolygon","coordinates":[[[[120.351716,23.915692],[120.351725,23.915726],[120.351717,23.915761],[120.351694,23.915788],[120.351657,23.915798],[120.351653,23.915819],[120.351695,23.915799],[120.351726,23.915766],[120.351743,23.915726],[120.351742,23.915684],[120.351697,23.915542],[120.351384,23.914411],[120.351362,23.914406],[120.351351,23.914412],[120.351346,23.914424],[120.351363,23.914433],[120.351636,23.915407],[120.351653,23.915471],[120.351645,23.915473],[120.351662,23.915541],[120.351671,23.915539],[120.351716,23.915692],[120.351716,23.915692]]]]}},{"type":"Feature","properties":{"n":"工業路","v":"芳苑鄉","w":2.28,"c":1.02,"r":null},"geometry":{"type":"MultiPolygon","coordinates":[[[[120.352918,23.917163],[120.352946,23.917155],[120.352972,23.91714],[120.352993,23.917119],[120.353007,23.917094],[120.353014,23.917067],[120.353013,23.917038],[120.353004,23.917011],[120.352988,23.916988],[120.351842,23.915895],[120.351794,23.915868],[120.351744,23.915864],[120.35174,23.915888],[120.351826,23.91591],[120.352827,23.916865],[120.352953,23.916985],[120.352979,23.917004],[120.352992,23.917024],[120.352999,23.917045],[120.353001,23.917066],[120.352995,23.917088],[120.352967,23.917126],[120.352945,23.91714],[120.352921,23.917149],[120.352918,23.917163]]]]}},{"type":"Feature","properties":{"n":"工業路","v":"芳苑鄉","w":2.31,"c":0.98,"r":null},"geometry":{"type":"MultiPolygon","coordinates":[[[[120.353539,23.918537],[120.35334,23.917801],[120.353195,23.917283],[120.353176,23.917287],[120.353187,23.917347],[120.353323,23.917829],[120.353316,23.917831],[120.353332,23.917886],[120.353338,23.917885],[120.353343,23.917902],[120.353347,23.917901],[120.353366,23.917972],[120.353354,23.917977],[120.353375,23.91805],[120.353383,23.918049],[120.353531,23.91858],[120.353488,23.918648],[120.353477,23.918651],[120.353483,23.918668],[120.353515,23.918646],[120.353538,23.918613],[120.353546,23.918577],[120.35354,23.918539],[120.353539,23.918537]]]]}},{"type":"Feature","properties":{"n":"工業路","v":"芳苑鄉","w":2.23,"c":0.77,"r":null},"geometry":{"type":"MultiPolygon","coordinates":[[[[120.353615,23.918818],[120.353599,23.918783],[120.353571,23.918756],[120.353535,23.91874],[120.353494,23.918736],[120.353493,23.918754],[120.353588,23.918797],[120.353795,23.919547],[120.353929,23.920003],[120.35396,23.920116],[120.353899,23.920202],[120.353902,23.920214],[120.353937,23.920195],[120.353964,23.920167],[120.353978,23.920132],[120.353978,23.920093],[120.353852,23.919676],[120.353629,23.91887],[120.353615,23.918818]]]]}},{"type":"Feature","properties":{"n":"工區路","v":"芳苑鄉","w":3.6,"c":1.54,"r":null},"geometry":{"type":"MultiPolygon","coordinates":[[[[120.345972,23.90962],[120.346017,23.909639],[120.346057,23.909641],[120.346022,23.909626],[120.345997,23.909607],[120.345975,23.909583],[120.345959,23.909552],[120.345838,23.9091],[120.345522,23.907971],[120.345512,23.907973],[120.345473,23.907836],[120.345465,23.907791],[120.345468,23.907745],[120.345463,23.907746],[120.345451,23.907755],[120.345445,23.907775],[120.345443,23.907803],[120.345447,23.907831],[120.345928,23.909559],[120.345943,23.90959],[120.345964,23.909614],[120.345972,23.90962]]]]}},{"type":"Feature","properties":{"n":"工區路","v":"芳苑鄉","w":2.62,"c":0.75,"r":1},"geometry":{"type":"MultiPolygon","coordinates":[[[[120.345434,23.908407],[120.345284,23.90787],[120.34527,23.907864],[120.345261,23.907875],[120.345518,23.908808],[120.346054,23.910737],[120.346133,23.911001],[120.347393,23.915558],[120.347398,23.915562],[120.347361,23.915624],[120.347444,23.915714],[120.347442,23.915716],[120.347591,23.916263],[120.347664,23.916504],[120.348748,23.920404],[120.348771,23.920489],[120.348703,23.920593],[120.34871,23.920613],[120.348745,23.920598],[120.348773,23.920573],[120.348791,23.920539],[120.348796,23.920503],[120.34868,23.920058],[120.348321,23.918784],[120.345471,23.908541],[120.345434,23.908407]]]]}},{"type":"Feature","properties":{"n":"工區路","v":"芳苑鄉","w":2.37,"c":0.97,"r":2},"geometry":{"type":"MultiPolygon","coordinates":[[[[120.350681,23.925119],[120.350673,23.925101],[120.35037,23.925171],[120.35032,23.925175],[120.350267,23.92517],[120.350199,23.92515],[120.350141,23.925116],[120.350092,23.925068],[120.350058,23.925012],[120.348868,23.920749],[120.348849,23.920715],[120.348819,23.920689],[120.348781,23.920674],[120.348739,23.920672],[120.348732,23.920697],[120.34885,23.920762],[120.350031,23.925009],[120.350052,23.925053],[120.350086,23.925099],[120.350125,23.925135],[120.350174,23.925165],[120.350227,23.925186],[120.350284,23.925197],[120.350348,23.925197],[120.350405,23.925187],[120.350681,23.925119]]]]}},{"type":"Feature","properties":{"n":"工區路","v":"芳苑鄉","w":2.52,"c":1.17,"r":1},"geometry":{"type":"MultiPolygon","coordinates":[[[[120.348816,23.919933],[120.349175,23.921221],[120.349197,23.921257],[120.34923,23.921281],[120.349271,23.921293],[120.349314,23.92129],[120.349315,23.921267],[120.349193,23.921198],[120.348839,23.919934],[120.348867,23.919891],[120.348823,23.919885],[120.348816,23.919908],[120.348816,23.919932],[120.348816,23.919933]]]]}},{"type":"Feature","properties":{"n":"工區路","v":"芳苑鄉","w":2.7,"c":1.4,"r":2},"geometry":{"type":"MultiPolygon","coordinates":[[[[120.348472,23.918274],[120.348435,23.918289],[120.348405,23.918318],[120.348389,23.918353],[120.348387,23.918393],[120.348743,23.919673],[120.348762,23.919711],[120.348797,23.91974],[120.348844,23.919754],[120.34889,23.91975],[120.348896,23.919748],[120.348883,23.919725],[120.348768,23.919663],[120.348504,23.918715],[120.34852,23.9187],[120.348518,23.918696],[120.348526,23.918695],[120.348501,23.918603],[120.348494,23.918605],[120.34847,23.918596],[120.348415,23.918394],[120.348477,23.918297],[120.348472,23.918274]]]]}},{"type":"Feature","properties":{"n":"工區路","v":"芳苑鄉","w":2.24,"c":0.29,"r":null},"geometry":{"type":"MultiPolygon","coordinates":[[[[120.347888,23.916599],[120.347909,23.916636],[120.347941,23.91666],[120.347983,23.916674],[120.348027,23.916671],[120.34802,23.916649],[120.347909,23.916593],[120.347768,23.916084],[120.347776,23.916082],[120.347757,23.916014],[120.347749,23.916016],[120.347554,23.915324],[120.347624,23.915215],[120.347619,23.915194],[120.347578,23.915211],[120.34755,23.915238],[120.347533,23.915274],[120.347531,23.915316],[120.347839,23.916424],[120.347888,23.916599]]]]}},{"type":"Feature","properties":{"n":"工區路","v":"芳苑鄉","w":2.46,"c":1.33,"r":null},"geometry":{"type":"MultiPolygon","coordinates":[[[[120.347285,23.914004],[120.347247,23.914021],[120.347218,23.914048],[120.347201,23.914085],[120.347199,23.914125],[120.347458,23.915057],[120.347479,23.915094],[120.347512,23.91512],[120.347556,23.915134],[120.347601,23.915131],[120.347596,23.91511],[120.347481,23.91505],[120.347442,23.914912],[120.34745,23.91491],[120.347429,23.914835],[120.347421,23.914837],[120.347419,23.914829],[120.347427,23.914827],[120.347424,23.914816],[120.347416,23.914818],[120.347352,23.914575],[120.347271,23.914296],[120.347266,23.914298],[120.347264,23.91429],[120.347269,23.914289],[120.347252,23.91423],[120.347248,23.914231],[120.347246,23.914223],[120.34725,23.914222],[120.347247,23.914211],[120.347243,23.914212],[120.347241,23.914205],[120.347245,23.914204],[120.347225,23.914129],[120.347294,23.914026],[120.347285,23.914004]]]]}},{"type":"Feature","properties":{"n":"工區路","v":"芳苑鄉","w":2.45,"c":1.1,"r":null},"geometry":{"type":"MultiPolygon","coordinates":[[[[120.346895,23.912946],[120.346881,23.912957],[120.346878,23.912974],[120.347129,23.913874],[120.34715,23.913908],[120.347184,23.913933],[120.347226,23.913945],[120.347268,23.913942],[120.347262,23.913922],[120.347148,23.913858],[120.346915,23.913015],[120.346895,23.912946]]]]}},{"type":"Feature","properties":{"n":"工區路","v":"芳苑鄉","w":2.4,"c":1.14,"r":null},"geometry":{"type":"MultiPolygon","coordinates":[[[[120.346648,23.91206],[120.346634,23.91207],[120.34663,23.912085],[120.346799,23.912685],[120.346822,23.91272],[120.346855,23.912743],[120.346896,23.912755],[120.346938,23.912753],[120.346932,23.912732],[120.346821,23.912667],[120.34674,23.912378],[120.346751,23.912361],[120.34675,23.912356],[120.346757,23.912355],[120.346741,23.912298],[120.346734,23.9123],[120.346732,23.912294],[120.346739,23.912292],[120.346736,23.912281],[120.346729,23.912283],[120.346728,23.912278],[120.346709,23.912267],[120.346698,23.912225],[120.346708,23.912225],[120.346693,23.91217],[120.34668,23.912173],[120.346648,23.91206]]]]}},{"type":"Feature","properties":{"n":"工區十一路36號","v":"芳苑鄉","w":2.37,"c":0.88,"r":null},"geometry":{"type":"MultiPolygon","coordinates":[[[[120.354248,23.924361],[120.354752,23.926181],[120.354805,23.926364],[120.354826,23.926362],[120.354398,23.924822],[120.354276,23.924363],[120.354262,23.92436],[120.354248,23.924361]]]]}},{"type":"Feature","properties":{"n":"工區十一路","v":"芳苑鄉","w":2.26,"c":1.05,"r":null},"geometry":{"type":"MultiPolygon","coordinates":[[[[120.354154,23.924393],[120.35418,23.924385],[120.354166,23.924355],[120.354144,23.924331],[120.354096,23.924309],[120.354046,23.924308],[120.35142,23.924922],[120.351423,23.924942],[120.351974,23.924817],[120.352538,23.92468],[120.352894,23.924601],[120.353355,23.92449],[120.35404,23.924331],[120.354154,23.924393]]]]}},{"type":"Feature","properties":{"n":"工區十一路","v":"芳苑鄉","w":2.8,"c":1.36,"r":null},"geometry":{"type":"MultiPolygon","coordinates":[[[[120.354952,23.924093],[120.354326,23.924235],[120.35429,23.924255],[120.354263,23.924286],[120.354249,23.924321],[120.354248,23.924361],[120.354276,23.924363],[120.354342,23.924256],[120.354958,23.924116],[120.354952,23.924093]]]]}},{"type":"Feature","properties":{"n":"工區路","v":"芳苑鄉","w":2.75,"c":1.62,"r":2},"geometry":{"type":"MultiPolygon","coordinates":[[[[120.350372,23.925069],[120.350366,23.925045],[120.350249,23.924983],[120.349274,23.92148],[120.34934,23.921376],[120.349333,23.921352],[120.349329,23.921354],[120.34929,23.921372],[120.349259,23.921404],[120.349245,23.921443],[120.349247,23.921483],[120.350091,23.924516],[120.350231,23.925009],[120.350253,23.92504],[120.350285,23.925062],[120.350324,23.925073],[120.350365,23.925071],[120.350372,23.925069]]]]}},{"type":"Feature","properties":{"n":"工區十一路","v":"芳苑鄉","w":2.44,"c":0.86,"r":1},"geometry":{"type":"MultiPolygon","coordinates":[[[[120.350372,23.925069],[120.353651,23.924297],[120.353939,23.924221],[120.354895,23.92393],[120.354887,23.92391],[120.354347,23.924077],[120.353823,23.924233],[120.353334,23.924352],[120.350579,23.924998],[120.350578,23.924994],[120.350366,23.925045],[120.350369,23.925059],[120.350372,23.925069]]]]}},{"type":"Feature","properties":{"n":"工業路","v":"芳苑鄉","w":2.34,"c":0.79,"r":null},"geometry":{"type":"MultiPolygon","coordinates":[[[[120.35026,23.910647],[120.350262,23.910668],[120.350303,23.910669],[120.350345,23.910677],[120.350383,23.910692],[120.350419,23.910714],[120.350465,23.910761],[120.350494,23.910819],[120.351764,23.915382],[120.351846,23.91566],[120.351873,23.915722],[120.351907,23.915782],[120.351948,23.915842],[120.351991,23.915895],[120.352507,23.916391],[120.352524,23.916376],[120.351997,23.915866],[120.351923,23.915766],[120.351868,23.915654],[120.351829,23.915534],[120.35093,23.912318],[120.350824,23.911906],[120.35074,23.911611],[120.35073,23.911607],[120.350718,23.911564],[120.350725,23.911555],[120.350707,23.911491],[120.350697,23.911488],[120.350685,23.911442],[120.350691,23.911435],[120.350515,23.910804],[120.350499,23.910768],[120.350479,23.910738],[120.35045,23.910707],[120.350418,23.910683],[120.350381,23.910665],[120.350344,23.910653],[120.350305,23.910646],[120.350264,23.910646],[120.35026,23.910647]]]]}},{"type":"Feature","properties":{"n":"工業路","v":"芳苑鄉","w":2.19,"c":0.83,"r":null},"geometry":{"type":"MultiPolygon","coordinates":[[[[120.350247,23.910773],[120.350252,23.910796],[120.350366,23.910855],[120.35043,23.911074],[120.350625,23.911772],[120.35058,23.911843],[120.350594,23.911854],[120.350576,23.911885],[120.35057,23.911888],[120.350566,23.9119],[120.350605,23.911879],[120.350632,23.911848],[120.350646,23.911812],[120.350647,23.911772],[120.350391,23.910848],[120.350369,23.910814],[120.350335,23.910788],[120.350291,23.910773],[120.350248,23.910773],[120.350247,23.910773]]]]}},{"type":"Feature","properties":{"n":"工區二路","v":"芳苑鄉","w":2.28,"c":0.71,"r":null},"geometry":{"type":"MultiPolygon","coordinates":[[[[120.35026,23.910647],[120.348987,23.910944],[120.348867,23.910879],[120.348845,23.910886],[120.348864,23.910923],[120.348895,23.910951],[120.348936,23.910966],[120.34898,23.910967],[120.350262,23.910668],[120.35026,23.910647]]]]}},{"type":"Feature","properties":{"n":"工區路","v":"芳苑鄉","w":4.04,"c":1.13,"r":null},"geometry":{"type":"MultiPolygon","coordinates":[[[[120.346597,23.911505],[120.346481,23.911444],[120.346396,23.911139],[120.346391,23.91114],[120.346367,23.91105],[120.346384,23.911046],[120.346204,23.910409],[120.346042,23.909818],[120.346027,23.909822],[120.346025,23.909799],[120.34603,23.909775],[120.346048,23.909747],[120.346077,23.909726],[120.346077,23.909704],[120.346042,23.909722],[120.346015,23.909752],[120.346002,23.909789],[120.346003,23.909826],[120.346455,23.911453],[120.346477,23.911493],[120.346515,23.911521],[120.34656,23.911532],[120.346608,23.911526],[120.346597,23.911505]]]]}},{"type":"Feature","properties":{"n":"工區二路","v":"芳苑鄉","w":2.43,"c":0.65,"r":null},"geometry":{"type":"MultiPolygon","coordinates":[[[[120.346608,23.911526],[120.348711,23.911029],[120.34875,23.911011],[120.348778,23.91098],[120.348791,23.910941],[120.348789,23.910902],[120.348785,23.910892],[120.348765,23.910902],[120.348701,23.911009],[120.348496,23.911058],[120.348497,23.911063],[120.348421,23.911081],[120.348419,23.911077],[120.346875,23.911439],[120.346862,23.911433],[120.346793,23.911449],[120.346786,23.911461],[120.346597,23.911505],[120.346608,23.911526]]]]}},{"type":"Feature","properties":{"n":"工區二路","v":"芳苑鄉","w":2.41,"c":0.51,"r":null},"geometry":{"type":"MultiPolygon","coordinates":[[[[120.350252,23.910796],[120.350247,23.910773],[120.350239,23.910775],[120.346623,23.911626],[120.346629,23.911646],[120.347398,23.911468],[120.348574,23.911184],[120.348576,23.911188],[120.348964,23.911093],[120.349813,23.910899],[120.350252,23.910796]]]]}},{"type":"Feature","properties":{"n":"儒愛國小","v":"花壇鄉","w":2.11,"c":0.93,"r":null},"geometry":{"type":"MultiPolygon","coordinates":[[[[120.53509,24.038787],[120.535111,24.03879],[120.535187,24.038359],[120.53525,24.038034],[120.53523,24.038031],[120.535166,24.038355],[120.53509,24.038787]]]]}},{"type":"Feature","properties":{"n":"花壇國小","v":"花壇鄉","w":3.3,"c":2.59,"r":4},"geometry":{"type":"MultiPolygon","coordinates":[[[[120.542849,24.02658],[120.542861,24.026616],[120.542891,24.026642],[120.543217,24.026736],[120.543238,24.026719],[120.543449,24.026779],[120.543459,24.026806],[120.543843,24.026917],[120.543869,24.026902],[120.544079,24.026964],[120.544091,24.026991],[120.54452,24.027115],[120.544566,24.027008],[120.544515,24.026993],[120.544508,24.027001],[120.544395,24.02705],[120.544298,24.027012],[120.5443,24.027007],[120.544229,24.026984],[120.544227,24.026989],[120.544182,24.026975],[120.544183,24.026971],[120.544133,24.026956],[120.544131,24.026961],[120.544085,24.026948],[120.544087,24.026942],[120.544043,24.02693],[120.544041,24.026935],[120.543995,24.026921],[120.543996,24.026916],[120.54397,24.026908],[120.543968,24.026913],[120.543921,24.0269],[120.543922,24.026894],[120.543862,24.026877],[120.54384,24.026885],[120.543557,24.026797],[120.543548,24.026782],[120.543162,24.026671],[120.543159,24.026679],[120.54303,24.026644],[120.543017,24.026652],[120.542914,24.026621],[120.542909,24.026624],[120.542881,24.026575],[120.542849,24.02658]]]]}},{"type":"Feature","properties":{"n":"花壇國小","v":"花壇鄉","w":1.55,"c":1.55,"r":4},"geometry":{"type":"MultiPolygon","coordinates":[[[[120.543778,24.025598],[120.543882,24.025609],[120.544929,24.025931],[120.544923,24.025916],[120.543885,24.025595],[120.543778,24.025589],[120.543778,24.025598]]]]}},{"type":"Feature","properties":{"n":"花壇國小","v":"花壇鄉","w":3.49,"c":2,"r":2},"geometry":{"type":"MultiPolygon","coordinates":[[[[120.542849,24.02658],[120.542887,24.026573],[120.542988,24.02628],[120.543163,24.025731],[120.543155,24.025726],[120.543131,24.02576],[120.542886,24.026473],[120.542849,24.02658]]]]}},{"type":"Feature","properties":{"n":"花壇國小","v":"花壇鄉","w":2.02,"c":0.77,"r":2},"geometry":{"type":"MultiPolygon","coordinates":[[[[120.543163,24.025731],[120.543185,24.025717],[120.543237,24.025694],[120.543289,24.025681],[120.543321,24.025674],[120.543325,24.025687],[120.543654,24.025609],[120.543712,24.025607],[120.543712,24.025602],[120.543778,24.025598],[120.543778,24.025589],[120.543641,24.025592],[120.543234,24.025684],[120.543179,24.025708],[120.543155,24.025726],[120.543163,24.025731]]]]}},{"type":"Feature","properties":{"n":"白沙國小","v":"花壇鄉","w":4.51,"c":1.08,"r":null},"geometry":{"type":"MultiPolygon","coordinates":[[[[120.544563,24.047921],[120.544487,24.047893],[120.544465,24.047944],[120.545073,24.048164],[120.545143,24.04817],[120.545226,24.048165],[120.54526,24.048153],[120.545291,24.048117],[120.545234,24.048131],[120.545144,24.048141],[120.54508,24.048126],[120.544558,24.047931],[120.544563,24.047921]]]]}},{"type":"Feature","properties":{"n":"白沙國小","v":"花壇鄉","w":3.7,"c":1.25,"r":1},"geometry":{"type":"MultiPolygon","coordinates":[[[[120.544487,24.047893],[120.544577,24.047926],[120.544602,24.047842],[120.544592,24.047837],[120.544619,24.047774],[120.544717,24.047584],[120.544739,24.047551],[120.544772,24.047465],[120.545105,24.046863],[120.545063,24.046865],[120.544751,24.047429],[120.544557,24.047729],[120.544487,24.047893]]]]}},{"type":"Feature","properties":{"n":"彰化東外環道","v":"花壇鄉","w":2.08,"c":1.32,"r":3},"geometry":{"type":"MultiPolygon","coordinates":[[[[120.551756,24.018092],[120.552098,24.018255],[120.552103,24.01824],[120.552098,24.01823],[120.549943,24.017217],[120.549932,24.017237],[120.551755,24.018095],[120.551756,24.018092]]]]}},{"type":"Feature","properties":{"n":"彰化東外環道","v":"花壇鄉","w":2.98,"c":1.47,"r":7},"geometry":{"type":"MultiPolygon","coordinates":[[[[120.582189,24.049661],[120.582194,24.049659],[120.582145,24.049563],[120.580892,24.046733],[120.580829,24.046591],[120.580726,24.046382],[120.580662,24.046261],[120.580449,24.045884],[120.579452,24.044192],[120.579027,24.04346],[120.578763,24.042971],[120.578528,24.042502],[120.578357,24.042138],[120.578097,24.041536],[120.57788,24.040981],[120.577781,24.040707],[120.576329,24.036423],[120.576207,24.036077],[120.576041,24.035649],[120.575854,24.035228],[120.575738,24.034987],[120.575593,24.034707],[120.575447,24.03444],[120.575343,24.034262],[120.575097,24.033866],[120.574898,24.033572],[120.574626,24.033189],[120.574511,24.03305],[120.574407,24.032901],[120.57401,24.032402],[120.573735,24.032048],[120.573598,24.031858],[120.573346,24.031532],[120.573144,24.031285],[120.573143,24.031305],[120.573148,24.031323],[120.574555,24.033139],[120.574713,24.033348],[120.574881,24.033583],[120.575079,24.033877],[120.575325,24.034272],[120.575429,24.034449],[120.57561,24.034781],[120.575718,24.034996],[120.575835,24.035236],[120.576021,24.035657],[120.576187,24.036084],[120.576309,24.03643],[120.57776,24.040713],[120.577859,24.040987],[120.578076,24.041544],[120.578336,24.042146],[120.578507,24.042511],[120.578743,24.04298],[120.579007,24.04347],[120.579433,24.044201],[120.580429,24.045894],[120.580642,24.04627],[120.580743,24.046464],[120.580872,24.046741],[120.582753,24.050983],[120.582889,24.05127],[120.583006,24.051486],[120.583061,24.051539],[120.583094,24.051552],[120.583107,24.051535],[120.583073,24.051524],[120.583025,24.051477],[120.582909,24.051261],[120.582772,24.050975],[120.582369,24.050066],[120.582189,24.049661]]]]}},{"type":"Feature","properties":{"n":"彰化東外環道","v":"花壇鄉","w":2.1,"c":1.6,"r":2},"geometry":{"type":"MultiPolygon","coordinates":[[[[120.557392,24.020652],[120.557395,24.020648],[120.557172,24.020509],[120.557158,24.020495],[120.556607,24.02017],[120.556614,24.020194],[120.556644,24.02022],[120.557368,24.020659],[120.557854,24.020971],[120.557875,24.020982],[120.557921,24.020997],[120.557969,24.020993],[120.557983,24.020978],[120.557967,24.020968],[120.557956,24.020978],[120.557927,24.020979],[120.557886,24.020967],[120.557404,24.020659],[120.557392,24.020652]]]]}},{"type":"Feature","properties":{"n":"彰化東外環道","v":"花壇鄉","w":2.01,"c":1.39,"r":13},"geometry":{"type":"MultiPolygon","coordinates":[[[[120.555855,24.019752],[120.555211,24.019415],[120.554613,24.019122],[120.552516,24.018139],[120.552486,24.018125],[120.552478,24.018134],[120.552477,24.018147],[120.552556,24.018185],[120.554698,24.01919],[120.555294,24.019485],[120.555814,24.019757],[120.555838,24.019757],[120.555855,24.019752]]]]}},{"type":"Feature","properties":{"n":"彰化東外環道","v":"花壇鄉","w":2.02,"c":1.65,"r":8},"geometry":{"type":"MultiPolygon","coordinates":[[[[120.552346,24.018062],[120.55235,24.018058],[120.551436,24.01763],[120.551434,24.017634],[120.549951,24.016936],[120.549962,24.01696],[120.549977,24.016974],[120.552319,24.018072],[120.55233,24.018072],[120.552343,24.018067],[120.552346,24.018062]]]]}},{"type":"Feature","properties":{"n":"彰化東外環道","v":"花壇鄉","w":2.42,"c":1.6,"r":12},"geometry":{"type":"MultiPolygon","coordinates":[[[[120.555192,24.019723],[120.556099,24.02021],[120.556102,24.020195],[120.556092,24.02018],[120.55574,24.019987],[120.555301,24.019755],[120.554811,24.019507],[120.554316,24.019271],[120.552301,24.018326],[120.552258,24.018306],[120.552243,24.01831],[120.552237,24.01832],[120.552878,24.018625],[120.554526,24.019394],[120.555183,24.019719],[120.555192,24.019723]]]]}},{"type":"Feature","properties":{"n":"彰化東外環道","v":"花壇鄉","w":2.12,"c":2.12,"r":1},"geometry":{"type":"MultiPolygon","coordinates":[[[[120.556529,24.020432],[120.556518,24.020436],[120.556513,24.020445],[120.556945,24.020702],[120.557381,24.020974],[120.557392,24.020959],[120.557064,24.020752],[120.55658,24.020461],[120.556529,24.020432]]]]}},{"type":"Feature","properties":{"n":"彰化東外環道","v":"花壇鄉","w":2.17,"c":2.17,"r":2},"geometry":{"type":"MultiPolygon","coordinates":[[[[120.556457,24.020396],[120.556455,24.020386],[120.556278,24.020286],[120.556222,24.020274],[120.556452,24.020408],[120.556457,24.020398],[120.556457,24.020396]]]]}},{"type":"Feature","properties":{"n":"彰化東外環道","v":"花壇鄉","w":2.12,"c":0.69,"r":11},"geometry":{"type":"MultiPolygon","coordinates":[[[[120.571143,24.029138],[120.570783,24.028677],[120.570579,24.028431],[120.570452,24.028289],[120.570283,24.028111],[120.569998,24.027834],[120.569758,24.027621],[120.569391,24.027329],[120.569038,24.02708],[120.568657,24.026839],[120.568294,24.026636],[120.567976,24.026477],[120.561914,24.023593],[120.561455,24.023371],[120.561026,24.023155],[120.560307,24.022771],[120.559724,24.022439],[120.559375,24.022232],[120.558953,24.021972],[120.558698,24.02181],[120.558012,24.021361],[120.557976,24.021345],[120.557945,24.021341],[120.558811,24.021906],[120.559496,24.022328],[120.559838,24.022529],[120.560203,24.022736],[120.560577,24.022941],[120.560964,24.023145],[120.561444,24.023388],[120.561904,24.023611],[120.567944,24.026482],[120.568476,24.026757],[120.568759,24.026924],[120.569026,24.027095],[120.569378,24.027343],[120.569637,24.027546],[120.569821,24.027701],[120.569983,24.027847],[120.570181,24.028037],[120.570397,24.028261],[120.570563,24.028442],[120.570711,24.028619],[120.571027,24.029022],[120.572948,24.031501],[120.573006,24.031575],[120.57302,24.031576],[120.573022,24.031564],[120.57117,24.029173],[120.571143,24.029138]]]]}},{"type":"Feature","properties":{"n":"彰化東外環道","v":"花壇鄉","w":2.16,"c":2.16,"r":null},"geometry":{"type":"MultiPolygon","coordinates":[[[[120.575544,24.035256],[120.575554,24.035276],[120.575567,24.035256],[120.575375,24.034871],[120.575223,24.034593],[120.574996,24.034209],[120.574815,24.033927],[120.574636,24.033665],[120.574399,24.03334],[120.573193,24.031784],[120.573162,24.031778],[120.574452,24.033444],[120.574669,24.033747],[120.574953,24.034179],[120.575112,24.034441],[120.575316,24.034803],[120.575495,24.035154],[120.575544,24.035256]]]]}},{"type":"Feature","properties":{"n":"彰化東外環道","v":"花壇鄉","w":2.11,"c":2.11,"r":null},"geometry":{"type":"MultiPolygon","coordinates":[[[[120.582685,24.051463],[120.582703,24.051455],[120.582565,24.051176],[120.582277,24.050532],[120.580617,24.046783],[120.580435,24.046408],[120.580277,24.046124],[120.579036,24.044017],[120.578779,24.043571],[120.578533,24.043117],[120.578237,24.042524],[120.577944,24.041874],[120.577679,24.041222],[120.57746,24.040615],[120.576044,24.036437],[120.575941,24.036144],[120.575798,24.035777],[120.575705,24.035559],[120.575594,24.035315],[120.57557,24.03531],[120.575659,24.035508],[120.575889,24.036066],[120.575986,24.036335],[120.577498,24.040787],[120.577583,24.041024],[120.577842,24.041686],[120.577969,24.041985],[120.578142,24.042369],[120.578438,24.042977],[120.578755,24.043571],[120.579041,24.044066],[120.580071,24.045817],[120.580468,24.04652],[120.58068,24.046978],[120.581106,24.04794],[120.581859,24.049638],[120.581852,24.04964],[120.581933,24.049815],[120.581989,24.049949],[120.581995,24.049946],[120.582097,24.050173],[120.582272,24.050586],[120.582369,24.050788],[120.582524,24.051136],[120.58268,24.051454],[120.582685,24.051463]]]]}},{"type":"Feature","properties":{"n":"大彰路","v":"花壇鄉","w":2.11,"c":2.11,"r":null},"geometry":{"type":"MultiPolygon","coordinates":[[[[120.583094,24.051552],[120.583154,24.051558],[120.583421,24.051546],[120.583454,24.051533],[120.583462,24.051487],[120.583443,24.05149],[120.583439,24.051514],[120.583415,24.051527],[120.58315,24.051539],[120.583107,24.051535],[120.583094,24.051552]]]]}},{"type":"Feature","properties":{"n":"彰化東外環道","v":"花壇鄉","w":2.11,"c":1.53,"r":4},"geometry":{"type":"MultiPolygon","coordinates":[[[[120.570051,24.027527],[120.569845,24.027351],[120.569669,24.02721],[120.56934,24.026968],[120.568956,24.026713],[120.568793,24.026616],[120.568461,24.026431],[120.568075,24.026239],[120.562769,24.023716],[120.56277,24.023738],[120.568248,24.026344],[120.5686,24.026529],[120.568944,24.026729],[120.569182,24.026884],[120.569481,24.027093],[120.569656,24.027225],[120.569831,24.027365],[120.570127,24.02762],[120.570413,24.027894],[120.57057,24.028057],[120.570748,24.028251],[120.570853,24.028372],[120.571032,24.028594],[120.572921,24.03103],[120.572947,24.031057],[120.572975,24.031069],[120.571049,24.028583],[120.570869,24.028361],[120.570686,24.028151],[120.570531,24.027986],[120.570307,24.027762],[120.570164,24.027625],[120.570058,24.027534],[120.570051,24.027527]]]]}},{"type":"Feature","properties":{"n":"彰化東外環道","v":"花壇鄉","w":2.16,"c":0.8,"r":3},"geometry":{"type":"MultiPolygon","coordinates":[[[[120.562727,24.023696],[120.561859,24.023282],[120.561215,24.022962],[120.560753,24.02272],[120.560052,24.02233],[120.559637,24.022088],[120.559283,24.021872],[120.558953,24.021665],[120.558481,24.021358],[120.558133,24.021129],[120.558115,24.0211],[120.558113,24.021083],[120.558119,24.021056],[120.558099,24.02105],[120.558092,24.021083],[120.558094,24.021105],[120.558104,24.021127],[120.558139,24.021157],[120.558827,24.021608],[120.559123,24.021797],[120.559625,24.022104],[120.560041,24.022347],[120.560743,24.022737],[120.561205,24.022979],[120.561586,24.023172],[120.562708,24.023709],[120.562719,24.023706],[120.562726,24.023699],[120.562727,24.023696]]]]}},{"type":"Feature","properties":{"n":"彰化東外環道","v":"花壇鄉","w":2.19,"c":2.19,"r":2},"geometry":{"type":"MultiPolygon","coordinates":[[[[120.555958,24.01981],[120.555966,24.019832],[120.556004,24.019859],[120.556487,24.02013],[120.556533,24.020135],[120.55597,24.019815],[120.555958,24.01981]]]]}},{"type":"Feature","properties":{"n":"忠孝路","v":"芬園鄉","w":3.93,"c":0.31,"r":null},"geometry":{"type":"MultiPolygon","coordinates":[[[[120.62719,24.012811],[120.627183,24.012783],[120.627076,24.012761],[120.627073,24.012772],[120.627058,24.012768],[120.62706,24.012758],[120.627007,24.012746],[120.626986,24.012763],[120.626404,24.012632],[120.626387,24.01262],[120.62638,24.012606],[120.626377,24.012586],[120.626384,24.012541],[120.626366,24.012528],[120.626271,24.012556],[120.626266,24.012563],[120.626232,24.012559],[120.626179,24.012541],[120.626169,24.012551],[120.62615,24.012558],[120.625915,24.012488],[120.625913,24.012495],[120.62587,24.012488],[120.62584,24.012528],[120.626321,24.012655],[120.626563,24.012702],[120.627706,24.012963],[120.627717,24.012928],[120.627542,24.012893],[120.62719,24.012811]]]]}},{"type":"Feature","properties":{"n":"芬草路二段","v":"芬園鄉","w":3.31,"c":2.14,"r":1},"geometry":{"type":"MultiPolygon","coordinates":[[[[120.632721,24.013547],[120.632723,24.013579],[120.63362,24.013564],[120.63362,24.013535],[120.632828,24.013547],[120.632721,24.013547]]]]}},{"type":"Feature","properties":{"n":"復興路","v":"芬園鄉","w":3.23,"c":1.91,"r":null},"geometry":{"type":"MultiPolygon","coordinates":[[[[120.630317,24.01527],[120.630338,24.01529],[120.630574,24.015101],[120.630558,24.015079],[120.630519,24.015107],[120.630317,24.01527]]]]}},{"type":"Feature","properties":{"n":"復興路","v":"芬園鄉","w":3.35,"c":1.65,"r":1},"geometry":{"type":"MultiPolygon","coordinates":[[[[120.629291,24.016078],[120.629309,24.016096],[120.629324,24.016093],[120.630227,24.01538],[120.630206,24.015359],[120.629317,24.016059],[120.629291,24.016078]]]]}},{"type":"Feature","properties":{"n":"復興路","v":"芬園鄉","w":3.68,"c":2.12,"r":2},"geometry":{"type":"MultiPolygon","coordinates":[[[[120.628846,24.016422],[120.628863,24.016439],[120.628882,24.01644],[120.629231,24.016165],[120.629232,24.016157],[120.629218,24.016136],[120.628918,24.016364],[120.628921,24.016367],[120.628899,24.016387],[120.628894,24.016382],[120.628846,24.016422]]]]}},{"type":"Feature","properties":{"n":"彰南路四段","v":"芬園鄉","w":3.22,"c":2.37,"r":null},"geometry":{"type":"MultiPolygon","coordinates":[[[[120.6276,24.017768],[120.627567,24.017781],[120.627571,24.017796],[120.627592,24.017803],[120.627625,24.017783],[120.628052,24.017157],[120.628056,24.017142],[120.628052,24.017131],[120.62804,24.017124],[120.627637,24.017713],[120.6276,24.017768]]]]}},{"type":"Feature","properties":{"n":"彰南路四段","v":"芬園鄉","w":3.33,"c":2.34,"r":null},"geometry":{"type":"MultiPolygon","coordinates":[[[[120.627413,24.01809],[120.627423,24.01809],[120.627543,24.017905],[120.627517,24.017893],[120.627393,24.018077],[120.627413,24.01809]]]]}},{"type":"Feature","properties":{"n":"彰南路四段","v":"芬園鄉","w":3.65,"c":1.68,"r":1},"geometry":{"type":"MultiPolygon","coordinates":[[[[120.626751,24.019071],[120.62676,24.019068],[120.627371,24.018163],[120.627341,24.018146],[120.626727,24.019056],[120.626751,24.019071]]]]}},{"type":"Feature","properties":{"n":"彰南路四段","v":"芬園鄉","w":3.22,"c":0.43,"r":1},"geometry":{"type":"MultiPolygon","coordinates":[[[[120.626175,24.019926],[120.626716,24.019128],[120.62671,24.019114],[120.626692,24.019104],[120.626624,24.019213],[120.62631,24.019676],[120.626258,24.019761],[120.626248,24.019765],[120.62615,24.019912],[120.626175,24.019926]]]]}},{"type":"Feature","properties":{"n":"彰南路四段","v":"芬園鄉","w":2.91,"c":2.2,"r":null},"geometry":{"type":"MultiPolygon","coordinates":[[[[120.625728,24.020548],[120.625752,24.020548],[120.625767,24.020531],[120.625999,24.020183],[120.625969,24.020179],[120.625722,24.020546],[120.625728,24.020548]]]]}},{"type":"Feature","properties":{"n":"芬草路二段","v":"芬園鄉","w":3.34,"c":2.01,"r":2},"geometry":{"type":"MultiPolygon","coordinates":[[[[120.631905,24.014023],[120.631923,24.014042],[120.63193,24.014041],[120.632224,24.013808],[120.632202,24.013786],[120.632013,24.013936],[120.631905,24.014023]]]]}},{"type":"Feature","properties":{"n":"彰南路四段","v":"芬園鄉","w":2.95,"c":1.03,"r":1},"geometry":{"type":"MultiPolygon","coordinates":[[[[120.625202,24.021374],[120.625726,24.020589],[120.6257,24.020578],[120.62518,24.021357],[120.625202,24.021374]]]]}},{"type":"Feature","properties":{"n":"彰南路四段","v":"芬園鄉","w":3.11,"c":2.2,"r":null},"geometry":{"type":"MultiPolygon","coordinates":[[[[120.62595,24.020724],[120.625956,24.020712],[120.625945,24.020708],[120.625924,24.020709],[120.625664,24.021097],[120.625561,24.021258],[120.625564,24.021269],[120.625576,24.021277],[120.625942,24.020735],[120.625944,24.020726],[120.62595,24.020724]]]]}},{"type":"Feature","properties":{"n":"彰南路四段","v":"芬園鄉","w":2.97,"c":2.2,"r":1},"geometry":{"type":"MultiPolygon","coordinates":[[[[120.626854,24.019434],[120.626853,24.01942],[120.626809,24.019419],[120.62679,24.019425],[120.626312,24.020131],[120.626316,24.020145],[120.62633,24.020155],[120.626664,24.01966],[120.626815,24.019446],[120.626835,24.019431],[120.626854,24.019434]]]]}},{"type":"Feature","properties":{"n":"彰南路四段","v":"芬園鄉","w":3.12,"c":3.12,"r":null},"geometry":{"type":"MultiPolygon","coordinates":[[[[120.627361,24.01862],[120.627449,24.01849],[120.627429,24.01848],[120.627148,24.018901],[120.627154,24.01892],[120.627172,24.018926],[120.627172,24.018923],[120.627361,24.01862]]]]}},{"type":"Feature","properties":{"n":"復興路","v":"芬園鄉","w":3.22,"c":1.56,"r":null},"geometry":{"type":"MultiPolygon","coordinates":[[[[120.629506,24.016264],[120.629661,24.016141],[120.629639,24.016123],[120.629003,24.016626],[120.629001,24.016632],[120.629017,24.016649],[120.629336,24.0164],[120.629506,24.016264]]]]}},{"type":"Feature","properties":{"n":"彰南路四段","v":"芬園鄉","w":3.23,"c":2.2,"r":null},"geometry":{"type":"MultiPolygon","coordinates":[[[[120.625445,24.021474],[120.625496,24.021398],[120.625463,24.021404],[120.625453,24.021411],[120.625333,24.021587],[120.625334,24.021599],[120.62535,24.021612],[120.625408,24.021531],[120.625445,24.021474]]]]}},{"type":"Feature","properties":{"n":"彰南路四段","v":"芬園鄉","w":3.19,"c":2.2,"r":null},"geometry":{"type":"MultiPolygon","coordinates":[[[[120.626302,24.020199],[120.62631,24.020185],[120.626294,24.02018],[120.626278,24.020184],[120.626082,24.020472],[120.625965,24.020646],[120.625961,24.020662],[120.625976,24.020683],[120.626071,24.020548],[120.626244,24.020285],[120.626302,24.020199]]]]}},{"type":"Feature","properties":{"n":"彰南路四段","v":"芬園鄉","w":2.75,"c":2.2,"r":null},"geometry":{"type":"MultiPolygon","coordinates":[[[[120.627055,24.019076],[120.627038,24.019065],[120.626967,24.019164],[120.626891,24.019288],[120.626914,24.019307],[120.627052,24.019087],[120.627055,24.019076]]]]}},{"type":"Feature","properties":{"n":"彰南路四段","v":"芬園鄉","w":3.28,"c":1.86,"r":5},"geometry":{"type":"MultiPolygon","coordinates":[[[[120.628814,24.016812],[120.628837,24.016793],[120.628822,24.016776],[120.628814,24.016775],[120.628575,24.016971],[120.628394,24.017146],[120.628312,24.017232],[120.628179,24.017391],[120.628123,24.017465],[120.627482,24.018397],[120.627468,24.018419],[120.627481,24.01843],[120.627499,24.018442],[120.627592,24.018294],[120.62812,24.017523],[120.628271,24.017326],[120.628421,24.017165],[120.628566,24.017021],[120.628689,24.01692],[120.628814,24.016812]]]]}},{"type":"Feature","properties":{"n":"復興路","v":"芬園鄉","w":6.03,"c":4.12,"r":2},"geometry":{"type":"MultiPolygon","coordinates":[[[[120.631476,24.014325],[120.630749,24.014901],[120.630779,24.014933],[120.630794,24.014934],[120.631504,24.014376],[120.631511,24.014367],[120.631503,24.014352],[120.631476,24.014325]]]]}},{"type":"Feature","properties":{"n":"復興路","v":"芬園鄉","w":3.07,"c":1.53,"r":2},"geometry":{"type":"MultiPolygon","coordinates":[[[[120.633469,24.013813],[120.633572,24.013807],[120.633563,24.013786],[120.633549,24.013781],[120.633051,24.013806],[120.632963,24.013821],[120.632768,24.013877],[120.632587,24.013938],[120.632377,24.014032],[120.632267,24.014093],[120.632027,24.014252],[120.631789,24.014433],[120.629705,24.016069],[120.629703,24.016077],[120.62972,24.016097],[120.631737,24.01451],[120.631956,24.014341],[120.632086,24.014247],[120.63228,24.014121],[120.632416,24.014046],[120.632598,24.013964],[120.632915,24.013862],[120.633035,24.013837],[120.633168,24.013827],[120.633469,24.013813]]]]}},{"type":"Feature","properties":{"n":"員林大道五段","v":"員林市","w":5.47,"c":1.62,"r":2},"geometry":{"type":"MultiPolygon","coordinates":[[[[120.568932,23.972256],[120.568765,23.972253],[120.568531,23.972238],[120.568506,23.972244],[120.568483,23.972261],[120.568468,23.972283],[120.568462,23.972304],[120.5685,23.972274],[120.56968,23.972355],[120.570071,23.972383],[120.570105,23.972419],[120.570103,23.972386],[120.570087,23.972356],[120.570063,23.972338],[120.570038,23.972331],[120.568952,23.972257],[120.568932,23.972256]]]]}},{"type":"Feature","properties":{"n":"員林大道五段","v":"員林市","w":5.32,"c":1.53,"r":4},"geometry":{"type":"MultiPolygon","coordinates":[[[[120.571337,23.972756],[120.571365,23.972849],[120.571375,23.972933],[120.57138,23.973036],[120.571345,23.97307],[120.571359,23.97307],[120.571377,23.973065],[120.571398,23.97305],[120.57141,23.973033],[120.571411,23.973013],[120.571405,23.972885],[120.571391,23.972809],[120.571371,23.972748],[120.571324,23.972656],[120.571281,23.972599],[120.571215,23.972533],[120.571122,23.972468],[120.571018,23.972422],[120.570918,23.972398],[120.570296,23.972348],[120.570267,23.972352],[120.570241,23.972366],[120.570223,23.972386],[120.570215,23.972406],[120.570214,23.972427],[120.570252,23.972395],[120.570868,23.972436],[120.570982,23.972457],[120.571039,23.972477],[120.571096,23.972504],[120.571144,23.972532],[120.571193,23.97257],[120.571258,23.972632],[120.571293,23.972677],[120.57132,23.972722],[120.571337,23.972756]]]]}},{"type":"Feature","properties":{"n":"員林大道五段","v":"員林市","w":3.07,"c":1.59,"r":null},"geometry":{"type":"MultiPolygon","coordinates":[[[[120.571386,23.973171],[120.571417,23.973984],[120.571447,23.973969],[120.571418,23.9732],[120.571409,23.973192],[120.571386,23.973171]]]]}},{"type":"Feature","properties":{"n":"員林大道五段","v":"員林市","w":5.51,"c":1.56,"r":2},"geometry":{"type":"MultiPolygon","coordinates":[[[[120.568368,23.972293],[120.568366,23.972264],[120.568357,23.972245],[120.568337,23.972225],[120.568311,23.972213],[120.567885,23.972183],[120.567628,23.972169],[120.5676,23.972179],[120.567582,23.972193],[120.567568,23.972212],[120.56756,23.972237],[120.567601,23.972215],[120.568334,23.972263],[120.568368,23.972293]]]]}},{"type":"Feature","properties":{"n":"員林大道五段","v":"員林市","w":5.4,"c":1.66,"r":6},"geometry":{"type":"MultiPolygon","coordinates":[[[[120.567136,23.972131],[120.566493,23.972088],[120.566248,23.972057],[120.566074,23.972026],[120.565756,23.971956],[120.565537,23.971886],[120.565509,23.971888],[120.565485,23.971899],[120.565467,23.971918],[120.565456,23.971943],[120.565513,23.971918],[120.565718,23.971987],[120.565925,23.972043],[120.566125,23.972086],[120.566353,23.972121],[120.566539,23.972139],[120.567289,23.972189],[120.567404,23.972201],[120.567512,23.972208],[120.567516,23.972197],[120.56751,23.972172],[120.567488,23.972157],[120.56716,23.972133],[120.567136,23.972131]]]]}},{"type":"Feature","properties":{"n":"員林大道五段","v":"員林市","w":5.51,"c":1.52,"r":2},"geometry":{"type":"MultiPolygon","coordinates":[[[[120.565354,23.971893],[120.565364,23.971864],[120.565363,23.971837],[120.565351,23.971811],[120.565329,23.97179],[120.565115,23.971687],[120.564842,23.971541],[120.564721,23.971462],[120.564615,23.971382],[120.564589,23.971379],[120.564562,23.971396],[120.564727,23.971516],[120.564942,23.971651],[120.565139,23.971757],[120.56533,23.971844],[120.565354,23.971893]]]]}},{"type":"Feature","properties":{"n":"員林大道五段","v":"員林市","w":5.5,"c":1.7,"r":3},"geometry":{"type":"MultiPolygon","coordinates":[[[[120.564503,23.971352],[120.564516,23.971341],[120.564523,23.971326],[120.564523,23.971311],[120.564515,23.971295],[120.564322,23.971124],[120.564246,23.97105],[120.564125,23.97092],[120.563955,23.97071],[120.563813,23.970507],[120.563777,23.970484],[120.563736,23.97048],[120.563873,23.970682],[120.563986,23.970836],[120.564058,23.970922],[120.564255,23.971132],[120.564462,23.971317],[120.564503,23.971352]]]]}},{"type":"Feature","properties":{"n":"員林大道五段","v":"員林市","w":5.49,"c":1.7,"r":1},"geometry":{"type":"MultiPolygon","coordinates":[[[[120.563194,23.969397],[120.563058,23.969162],[120.562958,23.968966],[120.562883,23.968877],[120.562802,23.968812],[120.562755,23.968783],[120.562685,23.96875],[120.562596,23.968723],[120.562477,23.968699],[120.562474,23.968713],[120.562603,23.96874],[120.562663,23.968764],[120.562715,23.968791],[120.562804,23.968856],[120.562877,23.968937],[120.562913,23.968991],[120.563013,23.969179],[120.5637,23.970417],[120.563715,23.970405],[120.563725,23.970389],[120.563728,23.970371],[120.563723,23.970354],[120.563204,23.969414],[120.563194,23.969397]]]]}},{"type":"Feature","properties":{"n":"員林大道七段","v":"員林市","w":5.4,"c":1.6,"r":1},"geometry":{"type":"MultiPolygon","coordinates":[[[[120.562512,23.957086],[120.562468,23.957063],[120.562433,23.957038],[120.562415,23.957023],[120.562373,23.956971],[120.562355,23.956941],[120.562334,23.956884],[120.562326,23.956813],[120.562539,23.95485],[120.562581,23.954817],[120.562543,23.954819],[120.562524,23.954825],[120.5625,23.954843],[120.562484,23.954871],[120.562334,23.956232],[120.562315,23.956512],[120.562285,23.956814],[120.562287,23.956856],[120.562306,23.956927],[120.56233,23.956972],[120.562352,23.957],[120.562394,23.957039],[120.562453,23.957075],[120.562496,23.957091],[120.562569,23.957108],[120.562526,23.957092],[120.562512,23.957086]]]]}},{"type":"Feature","properties":{"n":"員林大道七段","v":"員林市","w":5.46,"c":1.65,"r":3},"geometry":{"type":"MultiPolygon","coordinates":[[[[120.562685,23.953525],[120.562723,23.953494],[120.56268,23.953498],[120.562649,23.953514],[120.562638,23.953526],[120.562628,23.953548],[120.562619,23.953596],[120.562597,23.953767],[120.562545,23.954272],[120.562536,23.954453],[120.562515,23.954667],[120.562516,23.954688],[120.56252,23.954704],[120.56254,23.95473],[120.562565,23.954745],[120.562588,23.95475],[120.562556,23.954714],[120.562665,23.95365],[120.562685,23.953525]]]]}},{"type":"Feature","properties":{"n":"員林大道七段","v":"員林市","w":5.4,"c":1.65,"r":2},"geometry":{"type":"MultiPolygon","coordinates":[[[[120.565658,23.950589],[120.565732,23.950545],[120.565766,23.950514],[120.565765,23.95051],[120.565732,23.950476],[120.565659,23.950441],[120.565613,23.950439],[120.565571,23.950453],[120.564356,23.951175],[120.5642,23.951272],[120.564108,23.951339],[120.563868,23.951542],[120.563807,23.9516],[120.563798,23.951615],[120.5638,23.951641],[120.563811,23.951653],[120.564005,23.951479],[120.564113,23.951395],[120.564225,23.951316],[120.564539,23.951124],[120.565383,23.950624],[120.565442,23.950597],[120.5655,23.950583],[120.565578,23.950577],[120.565646,23.950586],[120.565658,23.950589]]]]}},{"type":"Feature","properties":{"n":"員林大道七段","v":"員林市","w":5.38,"c":1.65,"r":5},"geometry":{"type":"MultiPolygon","coordinates":[[[[120.562707,23.953426],[120.562771,23.953195],[120.562831,23.95303],[120.562945,23.952782],[120.563042,23.952609],[120.563186,23.952396],[120.563275,23.952282],[120.563645,23.951834],[120.563746,23.951721],[120.563733,23.951713],[120.563708,23.951708],[120.563679,23.951719],[120.563614,23.951791],[120.563174,23.952326],[120.56306,23.952485],[120.56299,23.952594],[120.562855,23.952844],[120.562804,23.952956],[120.562754,23.953083],[120.562696,23.953257],[120.562663,23.953379],[120.562664,23.953403],[120.562676,23.953417],[120.562693,23.953424],[120.562707,23.953426]]]]}},{"type":"Feature","properties":{"n":"員林大道一段","v":"員林市","w":5.48,"c":1.6,"r":2},"geometry":{"type":"MultiPolygon","coordinates":[[[[120.57549,23.948459],[120.575476,23.948412],[120.575483,23.94849],[120.575476,23.948531],[120.575463,23.948564],[120.575434,23.948606],[120.575406,23.948635],[120.575369,23.948661],[120.575327,23.948681],[120.574247,23.948954],[120.574198,23.948934],[120.574185,23.94891],[120.574176,23.94891],[120.574179,23.94897],[120.574186,23.948979],[120.574215,23.948998],[120.574234,23.949003],[120.574261,23.949002],[120.57484,23.948856],[120.575009,23.948804],[120.575161,23.948766],[120.575449,23.948708],[120.575471,23.948698],[120.575504,23.948668],[120.57552,23.948633],[120.575524,23.948613],[120.575528,23.948612],[120.575504,23.948514],[120.57549,23.948459]]]]}},{"type":"Feature","properties":{"n":"員林大道一段","v":"員林市","w":5.45,"c":1.56,"r":2},"geometry":{"type":"MultiPolygon","coordinates":[[[[120.573626,23.949085],[120.573643,23.949117],[120.573659,23.94913],[120.573682,23.949139],[120.573723,23.949139],[120.574055,23.949054],[120.574071,23.949046],[120.574091,23.949023],[120.574098,23.948993],[120.573667,23.949102],[120.573626,23.949085]]]]}},{"type":"Feature","properties":{"n":"員林大道一段","v":"員林市","w":5.3,"c":1.58,"r":2},"geometry":{"type":"MultiPolygon","coordinates":[[[[120.572968,23.949241],[120.572973,23.949267],[120.572993,23.949295],[120.573024,23.949309],[120.57306,23.949308],[120.573504,23.94919],[120.57353,23.949175],[120.573543,23.94916],[120.573553,23.949126],[120.573551,23.9491],[120.573523,23.949139],[120.573011,23.949269],[120.572968,23.949241]]]]}},{"type":"Feature","properties":{"n":"員林大道一段","v":"員林市","w":5.48,"c":1.58,"r":2},"geometry":{"type":"MultiPolygon","coordinates":[[[[120.571093,23.949558],[120.571054,23.949599],[120.570844,23.949599],[120.569819,23.949538],[120.569782,23.949505],[120.569789,23.949544],[120.5698,23.949561],[120.569822,23.949579],[120.56984,23.949587],[120.570529,23.949629],[120.570884,23.949634],[120.571022,23.949631],[120.571048,23.949624],[120.571071,23.949609],[120.571087,23.949587],[120.571091,23.949573],[120.571093,23.949558]]]]}},{"type":"Feature","properties":{"n":"員林大道一段","v":"員林市","w":5.45,"c":1.62,"r":2},"geometry":{"type":"MultiPolygon","coordinates":[[[[120.571168,23.949549],[120.571174,23.949582],[120.571192,23.949608],[120.571218,23.949622],[120.571251,23.949628],[120.571744,23.949593],[120.572037,23.949555],[120.572249,23.949512],[120.572843,23.949362],[120.572861,23.949355],[120.572885,23.949334],[120.572898,23.949302],[120.572896,23.949267],[120.572867,23.949305],[120.571993,23.949528],[120.571206,23.949581],[120.571168,23.949549]]]]}},{"type":"Feature","properties":{"n":"員林大道一段","v":"員林市","w":7.56,"c":1.6,"r":1},"geometry":{"type":"MultiPolygon","coordinates":[[[[120.56947,23.94951],[120.568425,23.949483],[120.568401,23.949461],[120.568379,23.949461],[120.568383,23.949494],[120.568393,23.94952],[120.568417,23.949544],[120.568445,23.949555],[120.569644,23.949583],[120.56967,23.949577],[120.569687,23.949567],[120.56971,23.949538],[120.569716,23.949518],[120.569667,23.949557],[120.569469,23.949553],[120.569469,23.949541],[120.56947,23.94951]]]]}},{"type":"Feature","properties":{"n":"員林大道一段","v":"員林市","w":5.43,"c":1.62,"r":2},"geometry":{"type":"MultiPolygon","coordinates":[[[[120.567073,23.949602],[120.567089,23.949638],[120.567108,23.949655],[120.567135,23.949666],[120.567158,23.949667],[120.568045,23.949578],[120.568235,23.949564],[120.568269,23.949554],[120.568294,23.949531],[120.568306,23.949505],[120.568304,23.949466],[120.568272,23.949504],[120.567201,23.949613],[120.567118,23.949627],[120.567073,23.949602]]]]}},{"type":"Feature","properties":{"n":"員林大道一段","v":"員林市","w":5.61,"c":1.6,"r":2},"geometry":{"type":"MultiPolygon","coordinates":[[[[120.565807,23.94993],[120.565754,23.949996],[120.565802,23.950034],[120.565843,23.950058],[120.565884,23.950068],[120.565924,23.950066],[120.566295,23.949902],[120.566493,23.949823],[120.566727,23.949749],[120.566974,23.949693],[120.566995,23.949676],[120.567004,23.949661],[120.567007,23.949644],[120.567003,23.949627],[120.567,23.949619],[120.566974,23.949658],[120.566485,23.949761],[120.566171,23.949903],[120.566086,23.94994],[120.566045,23.949952],[120.565997,23.949961],[120.565924,23.949962],[120.565876,23.949954],[120.565824,23.949938],[120.565807,23.94993]]]]}},{"type":"Feature","properties":{"n":"員林大道七段","v":"員林市","w":4.19,"c":1.56,"r":2},"geometry":{"type":"MultiPolygon","coordinates":[[[[120.565493,23.950031],[120.565469,23.950039],[120.56548,23.950071],[120.565486,23.950107],[120.565485,23.950146],[120.565476,23.950187],[120.565451,23.950238],[120.565398,23.950292],[120.564175,23.951019],[120.563945,23.951171],[120.56369,23.951379],[120.563631,23.951433],[120.563579,23.951424],[120.563587,23.951437],[120.563609,23.951456],[120.563628,23.951463],[120.563655,23.951465],[120.563678,23.951458],[120.563922,23.951253],[120.564117,23.951116],[120.564986,23.950596],[120.565187,23.950466],[120.565501,23.950278],[120.565526,23.950254],[120.565542,23.950221],[120.565546,23.950172],[120.565542,23.950139],[120.565493,23.950031]]]]}},{"type":"Feature","properties":{"n":"員林大道七段","v":"員林市","w":5.43,"c":1.61,"r":8},"geometry":{"type":"MultiPolygon","coordinates":[[[[120.562882,23.952424],[120.562945,23.952328],[120.563033,23.952212],[120.563241,23.951959],[120.563353,23.95181],[120.56353,23.9516],[120.56354,23.951574],[120.563542,23.951556],[120.563537,23.951538],[120.563521,23.951507],[120.563515,23.951552],[120.563064,23.952092],[120.562878,23.952334],[120.562795,23.952464],[120.562683,23.952661],[120.562624,23.952779],[120.562541,23.952971],[120.562474,23.953168],[120.56243,23.953334],[120.562405,23.953438],[120.562374,23.953609],[120.562253,23.954765],[120.56227,23.954767],[120.562292,23.954762],[120.562304,23.954752],[120.56231,23.95474],[120.562427,23.953619],[120.562457,23.953448],[120.562502,23.953263],[120.562575,23.953034],[120.562643,23.952864],[120.56274,23.952665],[120.562836,23.952496],[120.562882,23.952424]]]]}},{"type":"Feature","properties":{"n":"員林大道七段","v":"員林市","w":5.44,"c":1.59,"r":3},"geometry":{"type":"MultiPolygon","coordinates":[[[[120.562248,23.954817],[120.562015,23.956912],[120.562042,23.956912],[120.562058,23.956905],[120.562078,23.956883],[120.562082,23.956867],[120.562147,23.956224],[120.56225,23.955277],[120.562262,23.955086],[120.562286,23.954863],[120.562281,23.954841],[120.562263,23.954823],[120.562248,23.954817]]]]}},{"type":"Feature","properties":{"n":"員林大道七段","v":"員林市","w":5.53,"c":1.56,"r":2},"geometry":{"type":"MultiPolygon","coordinates":[[[[120.561669,23.958629],[120.561685,23.958633],[120.561849,23.95848],[120.561882,23.958427],[120.5619,23.958374],[120.561969,23.95783],[120.561988,23.957595],[120.56204,23.957177],[120.562035,23.957134],[120.562018,23.957107],[120.561996,23.95709],[120.561939,23.957255],[120.561965,23.957324],[120.561969,23.957355],[120.561962,23.957451],[120.561841,23.958432],[120.561797,23.958513],[120.561706,23.958595],[120.561669,23.958629]]]]}},{"type":"Feature","properties":{"n":"員林大道七段","v":"員林市","w":1.41,"c":1.41,"r":null},"geometry":{"type":"MultiPolygon","coordinates":[[[[120.561614,23.958679],[120.561504,23.958778],[120.561506,23.958786],[120.561513,23.958787],[120.561645,23.958668],[120.561643,23.958652],[120.561614,23.958679]]]]}},{"type":"Feature","properties":{"n":"員林大道六段","v":"員林市","w":5.93,"c":4.53,"r":null},"geometry":{"type":"MultiPolygon","coordinates":[[[[120.561818,23.958888],[120.561828,23.958881],[120.561837,23.958789],[120.561831,23.958784],[120.561754,23.95885],[120.561754,23.958857],[120.561761,23.958861],[120.561774,23.958862],[120.561808,23.958881],[120.561818,23.958888]]]]}},{"type":"Feature","properties":{"n":"員林大道六段","v":"員林市","w":5.43,"c":1.62,"r":2},"geometry":{"type":"MultiPolygon","coordinates":[[[[120.561499,23.961059],[120.561542,23.961053],[120.561557,23.961046],[120.561571,23.961035],[120.561589,23.961005],[120.561626,23.960592],[120.561783,23.959314],[120.561794,23.959151],[120.561813,23.958984],[120.56181,23.958966],[120.561794,23.958938],[120.561764,23.958916],[120.56173,23.958908],[120.561705,23.958911],[120.561673,23.958924],[120.561435,23.959137],[120.561403,23.959184],[120.561685,23.958931],[120.561775,23.95897],[120.561567,23.960645],[120.561536,23.961026],[120.561499,23.961059]]]]}},{"type":"Feature","properties":{"n":"員林大道六段","v":"員林市","w":5.45,"c":1.65,"r":2},"geometry":{"type":"MultiPolygon","coordinates":[[[[120.561326,23.962646],[120.56139,23.962634],[120.561438,23.962617],[120.561477,23.962596],[120.561523,23.962562],[120.56156,23.96252],[120.561588,23.962475],[120.561606,23.962426],[120.561615,23.962385],[120.561582,23.961858],[120.561567,23.961432],[120.56157,23.961209],[120.561565,23.961187],[120.561551,23.961167],[120.561526,23.961151],[120.561507,23.961147],[120.561496,23.961147],[120.561529,23.961179],[120.561521,23.961513],[120.561524,23.96173],[120.561537,23.962033],[120.561565,23.962404],[120.561554,23.962462],[120.561525,23.962521],[120.56151,23.962542],[120.561462,23.962585],[120.561427,23.962608],[120.561388,23.962627],[120.561343,23.962641],[120.561326,23.962646]]]]}},{"type":"Feature","properties":{"n":"員林大道六段","v":"員林市","w":2.56,"c":2.56,"r":null},"geometry":{"type":"MultiPolygon","coordinates":[[[[120.560006,23.962768],[120.559874,23.962766],[120.559929,23.96284],[120.559991,23.96283],[120.560046,23.962798],[120.560212,23.962799],[120.560416,23.962794],[120.560454,23.962806],[120.560582,23.962822],[120.560587,23.962796],[120.560604,23.962797],[120.560598,23.962837],[120.560632,23.962841],[120.560636,23.962816],[120.560622,23.962792],[120.560606,23.962785],[120.560516,23.96277],[120.56046,23.962772],[120.560456,23.96278],[120.560231,23.962778],[120.560071,23.96277],[120.560006,23.962768]]]]}},{"type":"Feature","properties":{"n":"員林大道六段","v":"員林市","w":5.43,"c":1.65,"r":2},"geometry":{"type":"MultiPolygon","coordinates":[[[[120.561825,23.964987],[120.561813,23.965002],[120.561847,23.964993],[120.561874,23.964975],[120.561889,23.964952],[120.561894,23.964922],[120.561658,23.963178],[120.561646,23.963036],[120.561637,23.962992],[120.561621,23.96295],[120.561582,23.96289],[120.561555,23.962863],[120.561516,23.962833],[120.561449,23.962799],[120.56138,23.962782],[120.561313,23.962781],[120.561,23.962814],[120.560864,23.96283],[120.560796,23.96285],[120.560801,23.962862],[120.560816,23.962856],[120.560818,23.962862],[120.56086,23.96285],[120.561002,23.962832],[120.561287,23.962803],[120.561315,23.962804],[120.561314,23.962786],[120.561393,23.962803],[120.56146,23.962835],[120.561513,23.962879],[120.561552,23.962933],[120.561577,23.962994],[120.561588,23.963059],[120.561845,23.964962],[120.561825,23.964987]]]]}},{"type":"Feature","properties":{"n":"員林大道六段","v":"員林市","w":5.4,"c":1.68,"r":2},"geometry":{"type":"MultiPolygon","coordinates":[[[[120.561912,23.965452],[120.562087,23.966736],[120.562049,23.966778],[120.562099,23.966762],[120.562124,23.966739],[120.562135,23.966703],[120.562129,23.966647],[120.561951,23.965341],[120.561912,23.965124],[120.561904,23.965103],[120.561875,23.965076],[120.56185,23.96507],[120.561822,23.965072],[120.561864,23.965098],[120.5619,23.965366],[120.561912,23.965452]]]]}},{"type":"Feature","properties":{"n":"員林大道六段","v":"員林市","w":5.41,"c":1.65,"r":2},"geometry":{"type":"MultiPolygon","coordinates":[[[[120.562377,23.968605],[120.562446,23.968601],[120.562505,23.968588],[120.562554,23.968566],[120.5626,23.968532],[120.562641,23.968484],[120.562664,23.968434],[120.562674,23.968382],[120.562672,23.968328],[120.562653,23.968274],[120.56252,23.968022],[120.562456,23.967889],[120.56235,23.967635],[120.562277,23.967419],[120.56219,23.967111],[120.56215,23.966903],[120.562136,23.966883],[120.562108,23.966864],[120.562067,23.966859],[120.562107,23.966887],[120.562133,23.967053],[120.562179,23.967265],[120.562229,23.967443],[120.562299,23.967651],[120.56235,23.967781],[120.56243,23.967959],[120.562518,23.968128],[120.562605,23.968284],[120.56262,23.968325],[120.562622,23.968366],[120.562618,23.968401],[120.562597,23.968466],[120.562574,23.9685],[120.562526,23.968546],[120.562494,23.968568],[120.562419,23.968595],[120.562377,23.968605]]]]}},{"type":"Feature","properties":{"n":"萬年路三段","v":"員林市","w":1.24,"c":0.18,"r":null},"geometry":{"type":"MultiPolygon","coordinates":[[[[120.573881,23.961834],[120.573889,23.961832],[120.573893,23.961825],[120.573898,23.961709],[120.573916,23.961206],[120.573912,23.961197],[120.573904,23.961193],[120.573881,23.961823],[120.573881,23.961834]]]]}},{"type":"Feature","properties":{"n":"新興街","v":"員林市","w":1.26,"c":1.26,"r":null},"geometry":{"type":"MultiPolygon","coordinates":[[[[120.573856,23.961188],[120.573855,23.9612],[120.573904,23.961205],[120.573904,23.961193],[120.573856,23.961188],[120.573856,23.961188]]]]}},{"type":"Feature","properties":{"n":"萬年路三段","v":"員林市","w":1.21,"c":0.18,"r":1},"geometry":{"type":"MultiPolygon","coordinates":[[[[120.573827,23.961822],[120.573856,23.961188],[120.573843,23.9612],[120.573837,23.961321],[120.573815,23.961821],[120.573826,23.961833],[120.573827,23.961822]]]]}},{"type":"Feature","properties":{"n":"和平街","v":"員林市","w":1.27,"c":1.27,"r":null},"geometry":{"type":"MultiPolygon","coordinates":[[[[120.573881,23.961834],[120.573881,23.961823],[120.573827,23.961822],[120.573826,23.961833],[120.573848,23.961834],[120.573881,23.961834]]]]}},{"type":"Feature","properties":{"n":"員林大道二段","v":"員林市","w":5.41,"c":1.55,"r":2},"geometry":{"type":"MultiPolygon","coordinates":[[[[120.585619,23.951871],[120.585607,23.951839],[120.585294,23.951368],[120.585271,23.951349],[120.585246,23.951339],[120.585221,23.951337],[120.585181,23.951343],[120.585227,23.951363],[120.585253,23.9514],[120.585579,23.951891],[120.585596,23.951924],[120.585606,23.951958],[120.585619,23.951894],[120.585619,23.951872],[120.585619,23.951871]]]]}},{"type":"Feature","properties":{"n":"員林大道三段","v":"員林市","w":5.23,"c":1.65,"r":1},"geometry":{"type":"MultiPolygon","coordinates":[[[[120.587355,23.955707],[120.587376,23.955734],[120.58741,23.955752],[120.587391,23.955708],[120.587522,23.955278],[120.587583,23.955152],[120.587632,23.955109],[120.587687,23.955077],[120.587669,23.955045],[120.587608,23.955081],[120.587557,23.955125],[120.587517,23.955176],[120.587487,23.95523],[120.587474,23.95526],[120.587358,23.955634],[120.587349,23.955673],[120.587353,23.955701],[120.587355,23.955707]]]]}},{"type":"Feature","properties":{"n":"條和五街","v":"員林市","w":2.2,"c":0.95,"r":null},"geometry":{"type":"MultiPolygon","coordinates":[[[[120.586453,23.958829],[120.586447,23.958849],[120.587126,23.959023],[120.587131,23.959004],[120.586928,23.95895],[120.586453,23.958829]]]]}},{"type":"Feature","properties":{"n":"員林大道三段","v":"員林市","w":5.38,"c":1.6,"r":2},"geometry":{"type":"MultiPolygon","coordinates":[[[[120.58451,23.964386],[120.584491,23.964368],[120.584467,23.964357],[120.584491,23.964398],[120.58441,23.964677],[120.584347,23.964885],[120.584303,23.964909],[120.584334,23.964915],[120.584365,23.964909],[120.584392,23.964892],[120.584409,23.964867],[120.584464,23.964644],[120.584523,23.964443],[120.584523,23.964414],[120.58451,23.964386],[120.58451,23.964386]]]]}},{"type":"Feature","properties":{"n":"員林大道三段","v":"員林市","w":4.22,"c":1.62,"r":1},"geometry":{"type":"MultiPolygon","coordinates":[[[[120.586077,23.960069],[120.586453,23.958829],[120.586428,23.958828],[120.586408,23.958834],[120.586391,23.958851],[120.586386,23.958867],[120.586154,23.959635],[120.586118,23.959786],[120.586042,23.960042],[120.586047,23.960069],[120.586072,23.960088],[120.586077,23.960069]]]]}},{"type":"Feature","properties":{"n":"員林大道三段","v":"員林市","w":5.45,"c":1.65,"r":1},"geometry":{"type":"MultiPolygon","coordinates":[[[[120.585605,23.961564],[120.585569,23.961607],[120.585548,23.961651],[120.585251,23.962664],[120.585209,23.962842],[120.585146,23.963057],[120.585144,23.96308],[120.585151,23.963104],[120.585168,23.963124],[120.585191,23.963137],[120.585204,23.96314],[120.585179,23.963101],[120.585599,23.961667],[120.58562,23.961624],[120.585659,23.961579],[120.585704,23.961548],[120.585757,23.961527],[120.585759,23.96152],[120.58574,23.961507],[120.585689,23.961517],[120.585642,23.961537],[120.585605,23.961564],[120.585605,23.961564]]]]}},{"type":"Feature","properties":{"n":"萬年路三段","v":"員林市","w":1.4,"c":0,"r":null},"geometry":{"type":"MultiPolygon","coordinates":[[[[120.571392,23.964029],[120.571608,23.963989],[120.571707,23.963954],[120.572385,23.96359],[120.572378,23.963584],[120.572359,23.963589],[120.571701,23.963942],[120.571605,23.963977],[120.571409,23.964012],[120.571393,23.964026],[120.571392,23.964029]]]]}},{"type":"Feature","properties":{"n":"萬年路三段","v":"員林市","w":1.21,"c":0.14,"r":null},"geometry":{"type":"MultiPolygon","coordinates":[[[[120.572576,23.963527],[120.572709,23.963503],[120.572811,23.96349],[120.572972,23.963478],[120.57312,23.963474],[120.573166,23.963465],[120.573206,23.963451],[120.573201,23.963441],[120.573162,23.963455],[120.573116,23.963463],[120.572952,23.963468],[120.572771,23.963483],[120.57257,23.963517],[120.572564,23.96353],[120.572576,23.963527]]]]}},{"type":"Feature","properties":{"n":"萬年路三段","v":"員林市","w":1.23,"c":0,"r":null},"geometry":{"type":"MultiPolygon","coordinates":[[[[120.573859,23.962029],[120.573738,23.962747],[120.573749,23.962746],[120.573754,23.962734],[120.573871,23.962038],[120.57387,23.962025],[120.57386,23.962018],[120.573859,23.962029]]]]}},{"type":"Feature","properties":{"n":"萬年路三段","v":"員林市","w":1.26,"c":0.2,"r":null},"geometry":{"type":"MultiPolygon","coordinates":[[[[120.573712,23.962942],[120.573694,23.963019],[120.573671,23.963077],[120.573631,23.963151],[120.573571,23.963236],[120.573507,23.963308],[120.573444,23.963365],[120.573397,23.9634],[120.573275,23.963471],[120.573281,23.963481],[120.573347,23.963446],[120.573426,23.963394],[120.573502,23.96333],[120.573581,23.963243],[120.573642,23.963156],[120.573698,23.963043],[120.573724,23.962938],[120.573714,23.962931],[120.573712,23.962942]]]]}},{"type":"Feature","properties":{"n":"新興街","v":"員林市","w":1.22,"c":1.22,"r":null},"geometry":{"type":"MultiPolygon","coordinates":[[[[120.573899,23.961013],[120.5739,23.961001],[120.573851,23.960994],[120.573852,23.961005],[120.573899,23.961013],[120.573899,23.961013]]]]}},{"type":"Feature","properties":{"n":"靜修路","v":"員林市","w":1.25,"c":1.25,"r":null},"geometry":{"type":"MultiPolygon","coordinates":[[[[120.573683,23.962726],[120.573681,23.962737],[120.573738,23.962747],[120.573741,23.962736],[120.573683,23.962726]]]]}},{"type":"Feature","properties":{"n":"和平街","v":"員林市","w":1.26,"c":1.26,"r":null},"geometry":{"type":"MultiPolygon","coordinates":[[[[120.573804,23.962024],[120.573859,23.962029],[120.57386,23.962018],[120.573806,23.962013],[120.573804,23.962024]]]]}},{"type":"Feature","properties":{"n":"萬年路三段","v":"員林市","w":1.23,"c":0.18,"r":null},"geometry":{"type":"MultiPolygon","coordinates":[[[[120.573806,23.962013],[120.573792,23.962023],[120.573756,23.962225],[120.573671,23.962722],[120.573681,23.962737],[120.573804,23.962024],[120.573806,23.962013]]]]}},{"type":"Feature","properties":{"n":"萬年路三段","v":"員林市","w":1.22,"c":0.18,"r":null},"geometry":{"type":"MultiPolygon","coordinates":[[[[120.573654,23.962921],[120.573641,23.962933],[120.573622,23.963007],[120.573588,23.963087],[120.573555,23.963145],[120.573511,23.963208],[120.573464,23.963262],[120.573409,23.963314],[120.573332,23.963372],[120.573251,23.963419],[120.573257,23.963428],[120.57333,23.963387],[120.573402,23.963334],[120.573465,23.963277],[120.57352,23.963215],[120.573565,23.963151],[120.573607,23.963074],[120.573636,23.963001],[120.573652,23.962932],[120.573654,23.962921]]]]}},{"type":"Feature","properties":{"n":"靜修路","v":"員林市","w":1.25,"c":1.25,"r":null},"geometry":{"type":"MultiPolygon","coordinates":[[[[120.573654,23.962921],[120.573652,23.962932],[120.573712,23.962942],[120.573714,23.962931],[120.573654,23.962921]]]]}},{"type":"Feature","properties":{"n":"萬年路三段","v":"員林市","w":1.34,"c":0,"r":null},"geometry":{"type":"MultiPolygon","coordinates":[[[[120.575376,23.956894],[120.575133,23.957144],[120.575061,23.957199],[120.574986,23.95724],[120.574896,23.957272],[120.574817,23.957289],[120.57472,23.957295],[120.574588,23.957289],[120.574497,23.957301],[120.574407,23.957329],[120.574324,23.957373],[120.574281,23.957405],[120.574246,23.957439],[120.574194,23.957509],[120.574169,23.957558],[120.574092,23.957755],[120.574083,23.95777],[120.574095,23.957771],[120.574104,23.95776],[120.574181,23.957562],[120.574214,23.957501],[120.574271,23.957432],[120.574331,23.957382],[120.574412,23.95734],[120.5745,23.957313],[120.574589,23.957301],[120.57472,23.957307],[120.574819,23.957301],[120.574899,23.957284],[120.574992,23.957251],[120.575069,23.957209],[120.575151,23.957144],[120.575427,23.956859],[120.575423,23.956848],[120.57542,23.956846],[120.575385,23.956884],[120.575376,23.956894]]]]}},{"type":"Feature","properties":{"n":"萬年路三段","v":"員林市","w":1.3,"c":0,"r":null},"geometry":{"type":"MultiPolygon","coordinates":[[[[120.573984,23.958056],[120.573779,23.958594],[120.57379,23.958594],[120.573795,23.958587],[120.574038,23.957949],[120.57403,23.957938],[120.573987,23.958048],[120.573984,23.958056]]]]}},{"type":"Feature","properties":{"n":"萬年路三段","v":"員林市","w":1.31,"c":0,"r":null},"geometry":{"type":"MultiPolygon","coordinates":[[[[120.573745,23.958784],[120.573836,23.960146],[120.573831,23.960147],[120.573833,23.960173],[120.573839,23.960176],[120.57385,23.960174],[120.573758,23.958786],[120.573755,23.958783],[120.573745,23.958784]]]]}},{"type":"Feature","properties":{"n":"萬年路三段","v":"員林市","w":1.2,"c":0.25,"r":1},"geometry":{"type":"MultiPolygon","coordinates":[[[[120.573852,23.961005],[120.573811,23.960344],[120.5738,23.960356],[120.573839,23.960993],[120.573843,23.961001],[120.573851,23.961005],[120.573852,23.961005]]]]}},{"type":"Feature","properties":{"n":"萬年路三段","v":"員林市","w":1.24,"c":0.18,"r":null},"geometry":{"type":"MultiPolygon","coordinates":[[[[120.573849,23.960344],[120.573901,23.961013],[120.573912,23.961004],[120.573875,23.960502],[120.573863,23.96035],[120.573849,23.960344],[120.573849,23.960344]]]]}},{"type":"Feature","properties":{"n":"正興街","v":"員林市","w":1.26,"c":1.26,"r":1},"geometry":{"type":"MultiPolygon","coordinates":[[[[120.57385,23.960356],[120.573849,23.960344],[120.573811,23.960344],[120.573812,23.960356],[120.57385,23.960356]]]]}},{"type":"Feature","properties":{"n":"萬年路三段","v":"員林市","w":1.35,"c":0,"r":null},"geometry":{"type":"MultiPolygon","coordinates":[[[[120.573707,23.958788],[120.573763,23.959671],[120.57379,23.960167],[120.573798,23.960171],[120.573803,23.960165],[120.573776,23.959671],[120.573726,23.958878],[120.57372,23.958784],[120.573714,23.958781],[120.573707,23.958787],[120.573707,23.958788]]]]}},{"type":"Feature","properties":{"n":"萬年路三段","v":"員林市","w":1.34,"c":0,"r":null},"geometry":{"type":"MultiPolygon","coordinates":[[[[120.573739,23.958584],[120.57399,23.957923],[120.573981,23.957923],[120.573975,23.957931],[120.573729,23.958574],[120.573739,23.958584],[120.573739,23.958584]]]]}},{"type":"Feature","properties":{"n":"博愛街","v":"員林市","w":1.24,"c":1.24,"r":null},"geometry":{"type":"MultiPolygon","coordinates":[[[[120.572579,23.96357],[120.572591,23.963568],[120.572576,23.963527],[120.572564,23.96353],[120.572578,23.963568],[120.572579,23.96357]]]]}},{"type":"Feature","properties":{"n":"萬年路三段","v":"員林市","w":1.23,"c":0.17,"r":null},"geometry":{"type":"MultiPolygon","coordinates":[[[[120.572579,23.96357],[120.572582,23.963577],[120.572591,23.963579],[120.572851,23.963544],[120.573123,23.963531],[120.573192,23.963517],[120.57323,23.963503],[120.573226,23.963493],[120.573189,23.963507],[120.573136,23.963518],[120.57285,23.963533],[120.572591,23.963568],[120.572579,23.96357]]]]}},{"type":"Feature","properties":{"n":"博愛街","v":"員林市","w":1.2,"c":1.2,"r":null},"geometry":{"type":"MultiPolygon","coordinates":[[[[120.572403,23.963627],[120.572385,23.96359],[120.572373,23.963596],[120.572389,23.963619],[120.572389,23.963636],[120.572403,23.963627]]]]}},{"type":"Feature","properties":{"n":"萬年路三段","v":"員林市","w":1.2,"c":0,"r":null},"geometry":{"type":"MultiPolygon","coordinates":[[[[120.5714,23.964066],[120.571406,23.964072],[120.571418,23.964074],[120.571486,23.964065],[120.571632,23.964039],[120.571684,23.964024],[120.572396,23.963644],[120.572403,23.963627],[120.571691,23.964008],[120.57166,23.964022],[120.571614,23.964031],[120.571414,23.964064],[120.5714,23.964066]]]]}},{"type":"Feature","properties":{"n":"中山路二段","v":"員林市","w":1.07,"c":1.07,"r":null},"geometry":{"type":"MultiPolygon","coordinates":[[[[120.571414,23.964064],[120.571407,23.964058],[120.571402,23.964039],[120.571406,23.964026],[120.571391,23.964032],[120.5714,23.964066],[120.571414,23.964064]]]]}},{"type":"Feature","properties":{"n":"萬年路三段","v":"員林市","w":1.33,"c":0,"r":null},"geometry":{"type":"MultiPolygon","coordinates":[[[[120.574888,23.957233],[120.574992,23.957193],[120.575046,23.957162],[120.575093,23.957127],[120.575392,23.956824],[120.575385,23.95682],[120.575377,23.956822],[120.575096,23.957109],[120.575031,23.957157],[120.574966,23.957192],[120.574894,23.957218],[120.574827,23.957234],[120.574739,23.95724],[120.574567,23.95724],[120.574486,23.957251],[120.574388,23.957281],[120.574298,23.957332],[120.574222,23.957398],[120.574165,23.957476],[120.574145,23.957517],[120.574057,23.957747],[120.574058,23.957757],[120.574065,23.957763],[120.574157,23.957521],[120.574185,23.957467],[120.574245,23.957392],[120.574323,23.95733],[120.574411,23.957285],[120.574505,23.957259],[120.574582,23.957252],[120.574766,23.957251],[120.574829,23.957246],[120.574879,23.957235],[120.574888,23.957233]]]]}},{"type":"Feature","properties":{"n":"莒光路","v":"員林市","w":2.42,"c":1.18,"r":1},"geometry":{"type":"MultiPolygon","coordinates":[[[[120.566486,23.96571],[120.566557,23.966461],[120.566571,23.966453],[120.566579,23.96644],[120.566511,23.965719],[120.566488,23.96571],[120.566486,23.96571]]]]}},{"type":"Feature","properties":{"n":"莒光路","v":"員林市","w":2.79,"c":1.12,"r":null},"geometry":{"type":"MultiPolygon","coordinates":[[[[120.56636,23.951803],[120.566364,23.951803],[120.566364,23.951747],[120.566357,23.9516],[120.566348,23.951521],[120.566228,23.951314],[120.566206,23.951328],[120.566321,23.951528],[120.566329,23.951601],[120.566338,23.951803],[120.56636,23.951803]]]]}},{"type":"Feature","properties":{"n":"莒光路","v":"員林市","w":3.11,"c":2.16,"r":null},"geometry":{"type":"MultiPolygon","coordinates":[[[[120.566581,23.959184],[120.56655,23.959183],[120.56655,23.959347],[120.56658,23.959347],[120.566581,23.959184]]]]}},{"type":"Feature","properties":{"n":"莒光路","v":"員林市","w":2.35,"c":0.66,"r":1},"geometry":{"type":"MultiPolygon","coordinates":[[[[120.566595,23.958148],[120.566619,23.956683],[120.566596,23.956683],[120.566572,23.958147],[120.566595,23.958148]]]]}},{"type":"Feature","properties":{"n":"莒光路","v":"員林市","w":2.46,"c":1.39,"r":2},"geometry":{"type":"MultiPolygon","coordinates":[[[[120.566466,23.953719],[120.566442,23.953721],[120.566519,23.95494],[120.566543,23.954938],[120.5665,23.954226],[120.566466,23.953719]]]]}},{"type":"Feature","properties":{"n":"莒光路","v":"員林市","w":2.48,"c":2.48,"r":2},"geometry":{"type":"MultiPolygon","coordinates":[[[[120.566545,23.954982],[120.566521,23.954983],[120.566576,23.955956],[120.5666,23.955955],[120.566574,23.95551],[120.566545,23.954982]]]]}},{"type":"Feature","properties":{"n":"莒光路","v":"員林市","w":2.44,"c":1.24,"r":1},"geometry":{"type":"MultiPolygon","coordinates":[[[[120.56657,23.958184],[120.566558,23.958961],[120.566582,23.958961],[120.566594,23.958184],[120.56657,23.958184]]]]}},{"type":"Feature","properties":{"n":"莒光路","v":"員林市","w":2.32,"c":1.47,"r":null},"geometry":{"type":"MultiPolygon","coordinates":[[[[120.566568,23.959827],[120.566545,23.959827],[120.56652,23.961323],[120.566543,23.961323],[120.56655,23.960969],[120.566568,23.959827]]]]}},{"type":"Feature","properties":{"n":"莒光路","v":"員林市","w":2.37,"c":1.11,"r":1},"geometry":{"type":"MultiPolygon","coordinates":[[[[120.566597,23.966637],[120.566589,23.966624],[120.566572,23.96662],[120.566638,23.967262],[120.566653,23.967257],[120.566664,23.967242],[120.566641,23.967074],[120.566614,23.966807],[120.566597,23.966637]]]]}},{"type":"Feature","properties":{"n":"莒光路","v":"員林市","w":2.38,"c":1.29,"r":1},"geometry":{"type":"MultiPolygon","coordinates":[[[[120.566484,23.965066],[120.566478,23.96505],[120.566461,23.965043],[120.566465,23.965358],[120.566483,23.965659],[120.566496,23.965654],[120.566505,23.965642],[120.566489,23.965383],[120.566484,23.965124],[120.566484,23.965066]]]]}},{"type":"Feature","properties":{"n":"莒光路","v":"員林市","w":2.24,"c":1.34,"r":null},"geometry":{"type":"MultiPolygon","coordinates":[[[[120.566435,23.953563],[120.566457,23.953562],[120.56637,23.951935],[120.566348,23.951936],[120.566418,23.953233],[120.566435,23.953563]]]]}},{"type":"Feature","properties":{"n":"莒光路","v":"員林市","w":2.5,"c":1.18,"r":1},"geometry":{"type":"MultiPolygon","coordinates":[[[[120.5665,23.962321],[120.566462,23.964983],[120.566474,23.964981],[120.566486,23.964972],[120.566512,23.963351],[120.566524,23.962337],[120.566501,23.962321],[120.5665,23.962321]]]]}},{"type":"Feature","properties":{"n":"莒光路","v":"員林市","w":2.58,"c":1.12,"r":null},"geometry":{"type":"MultiPolygon","coordinates":[[[[120.566499,23.962185],[120.566517,23.962177],[120.566525,23.96216],[120.566533,23.961857],[120.566544,23.961376],[120.566519,23.961374],[120.566507,23.961857],[120.566499,23.962185]]]]}},{"type":"Feature","properties":{"n":"員林大道四段","v":"員林市","w":5.52,"c":1.63,"r":2},"geometry":{"type":"MultiPolygon","coordinates":[[[[120.58213,23.969873],[120.582571,23.969201],[120.582568,23.969199],[120.582552,23.969193],[120.582531,23.969194],[120.582512,23.969202],[120.582498,23.969215],[120.58234,23.969456],[120.582238,23.969633],[120.582113,23.969823],[120.582109,23.969847],[120.582114,23.96986],[120.582126,23.969871],[120.58213,23.969873]]]]}},{"type":"Feature","properties":{"n":"員林大道四段","v":"員林市","w":5.47,"c":1.64,"r":2},"geometry":{"type":"MultiPolygon","coordinates":[[[[120.583568,23.967674],[120.583592,23.967638],[120.583559,23.967638],[120.583528,23.967652],[120.583512,23.967668],[120.583476,23.967722],[120.582581,23.969087],[120.582575,23.969103],[120.582575,23.969122],[120.582581,23.969137],[120.582594,23.96915],[120.582601,23.969154],[120.583549,23.967706],[120.58358,23.967714],[120.583583,23.967675],[120.583568,23.967674]]]]}},{"type":"Feature","properties":{"n":"員林大道四段","v":"員林市","w":5.5,"c":1.63,"r":null},"geometry":{"type":"MultiPolygon","coordinates":[[[[120.580892,23.971229],[120.580849,23.971246],[120.580883,23.971252],[120.580916,23.971247],[120.580946,23.971233],[120.580969,23.971211],[120.581606,23.970244],[120.581696,23.970088],[120.581819,23.969898],[120.581825,23.969875],[120.581823,23.96985],[120.581813,23.969827],[120.581795,23.969808],[120.5818,23.969851],[120.580946,23.971151],[120.580892,23.971229]]]]}},{"type":"Feature","properties":{"n":"員林大道四段","v":"員林市","w":5.47,"c":1.81,"r":null},"geometry":{"type":"MultiPolygon","coordinates":[[[[120.579879,23.972831],[120.580062,23.972721],[120.580216,23.972608],[120.580298,23.972538],[120.580382,23.972458],[120.580508,23.972318],[120.580621,23.972164],[120.581556,23.970749],[120.581533,23.970743],[120.581511,23.970745],[120.581489,23.970757],[120.581475,23.970774],[120.581336,23.970986],[120.581243,23.971146],[120.58109,23.971369],[120.581084,23.97141],[120.581059,23.971447],[120.581031,23.971452],[120.580562,23.972158],[120.580464,23.972289],[120.58036,23.972407],[120.580226,23.972533],[120.58007,23.972655],[120.579889,23.97277],[120.579874,23.972799],[120.579878,23.97283],[120.579879,23.972831]]]]}},{"type":"Feature","properties":{"n":"員林大道四段","v":"員林市","w":5.44,"c":1.63,"r":null},"geometry":{"type":"MultiPolygon","coordinates":[[[[120.57788,23.973017],[120.578771,23.973082],[120.578884,23.973083],[120.579036,23.973075],[120.579199,23.973055],[120.579289,23.973039],[120.579447,23.973001],[120.579611,23.972949],[120.579826,23.972859],[120.579818,23.972847],[120.579801,23.972837],[120.579763,23.972834],[120.579591,23.972903],[120.579432,23.972954],[120.579277,23.972991],[120.579189,23.973007],[120.57903,23.973026],[120.578882,23.973034],[120.578772,23.973033],[120.578309,23.973],[120.578132,23.972994],[120.577919,23.972978],[120.577887,23.972983],[120.577867,23.972994],[120.577848,23.973015],[120.57784,23.97304],[120.57788,23.973017]]]]}},{"type":"Feature","properties":{"n":"員林大道四段","v":"員林市","w":5.5,"c":1.61,"r":null},"geometry":{"type":"MultiPolygon","coordinates":[[[[120.577713,23.973003],[120.577745,23.973034],[120.577743,23.972999],[120.577721,23.972968],[120.577687,23.972951],[120.577637,23.972946],[120.57613,23.972828],[120.576098,23.972833],[120.57607,23.972849],[120.576052,23.972874],[120.576047,23.972906],[120.576086,23.972874],[120.577713,23.973003]]]]}},{"type":"Feature","properties":{"n":"員林大道四段","v":"員林市","w":5.5,"c":1.61,"r":2},"geometry":{"type":"MultiPolygon","coordinates":[[[[120.571681,23.972851],[120.571699,23.972793],[120.571727,23.972739],[120.571764,23.972691],[120.5718,23.972655],[120.571878,23.972604],[120.571938,23.972579],[120.571993,23.972566],[120.572045,23.97256],[120.5721,23.972561],[120.572268,23.972578],[120.573102,23.972642],[120.573102,23.972626],[120.57309,23.972603],[120.573059,23.972589],[120.572271,23.972528],[120.571982,23.972518],[120.571919,23.972524],[120.57186,23.972539],[120.571798,23.972567],[120.571752,23.972599],[120.571696,23.972658],[120.571656,23.972731],[120.571636,23.972809],[120.571639,23.972823],[120.571647,23.972836],[120.571678,23.97285],[120.571681,23.972851]]]]}},{"type":"Feature","properties":{"n":"員林大道四段","v":"員林市","w":5.46,"c":1.67,"r":2},"geometry":{"type":"MultiPolygon","coordinates":[[[[120.572994,23.972362],[120.571934,23.972279],[120.571879,23.97227],[120.571779,23.972233],[120.571738,23.972209],[120.571701,23.97218],[120.57167,23.972148],[120.571642,23.97211],[120.571619,23.972065],[120.571602,23.972016],[120.571596,23.972018],[120.571592,23.972065],[120.571595,23.97212],[120.571609,23.972174],[120.571631,23.972223],[120.57166,23.972254],[120.571695,23.972279],[120.571728,23.972295],[120.571775,23.972309],[120.572554,23.972377],[120.572761,23.972384],[120.572955,23.972399],[120.572984,23.972394],[120.573008,23.972381],[120.573025,23.97236],[120.573034,23.972333],[120.572994,23.972362]]]]}},{"type":"Feature","properties":{"n":"員林大道四段","v":"員林市","w":5.48,"c":1.64,"r":2},"geometry":{"type":"MultiPolygon","coordinates":[[[[120.581877,23.969735],[120.581825,23.969743],[120.581853,23.969759],[120.581886,23.969762],[120.581919,23.969752],[120.581942,23.969731],[120.582964,23.968169],[120.583107,23.967927],[120.583126,23.967876],[120.583135,23.967816],[120.583132,23.967767],[120.583117,23.96771],[120.583087,23.967651],[120.583058,23.967614],[120.583018,23.967578],[120.582961,23.967543],[120.582896,23.967518],[120.582827,23.967506],[120.582898,23.967533],[120.582959,23.967571],[120.583009,23.96762],[120.583045,23.967676],[120.583069,23.96774],[120.583078,23.967805],[120.583071,23.967874],[120.583047,23.967942],[120.583016,23.967997],[120.582828,23.968285],[120.58192,23.969669],[120.581877,23.969735]]]]}},{"type":"Feature","properties":{"n":"員林大道四段","v":"員林市","w":5.5,"c":1.61,"r":4},"geometry":{"type":"MultiPolygon","coordinates":[[[[120.577901,23.972743],[120.577868,23.972717],[120.577871,23.972746],[120.577885,23.97277],[120.577909,23.972789],[120.577938,23.972797],[120.578678,23.972855],[120.578797,23.972861],[120.578921,23.972861],[120.579117,23.972843],[120.57931,23.972807],[120.579497,23.972752],[120.579678,23.972679],[120.579848,23.972589],[120.580004,23.972484],[120.58014,23.972371],[120.580277,23.972231],[120.580397,23.972075],[120.580835,23.971414],[120.580843,23.971387],[120.580836,23.971356],[120.580816,23.971333],[120.580788,23.971322],[120.580805,23.971363],[120.580363,23.972034],[120.580265,23.97216],[120.580209,23.972225],[120.580082,23.97235],[120.579959,23.972451],[120.579825,23.972541],[120.579673,23.972624],[120.579513,23.972691],[120.579343,23.972746],[120.579171,23.972784],[120.578994,23.972806],[120.578796,23.972811],[120.577985,23.972751],[120.577901,23.972743]]]]}},{"type":"Feature","properties":{"n":"員林大道四段","v":"員林市","w":5.3,"c":1.63,"r":2},"geometry":{"type":"MultiPolygon","coordinates":[[[[120.577771,23.972736],[120.57671,23.972651],[120.576713,23.972672],[120.576723,23.972688],[120.576741,23.972701],[120.57676,23.972706],[120.577282,23.972746],[120.57748,23.972752],[120.577722,23.972772],[120.577753,23.972762],[120.577771,23.972737],[120.577771,23.972736]]]]}},{"type":"Feature","properties":{"n":"員林大道四段","v":"員林市","w":5.47,"c":1.58,"r":2},"geometry":{"type":"MultiPolygon","coordinates":[[[[120.576618,23.972615],[120.576579,23.972642],[120.576477,23.972635],[120.574821,23.972504],[120.574788,23.972471],[120.574787,23.97248],[120.57479,23.972508],[120.574805,23.972532],[120.574829,23.972549],[120.574855,23.972557],[120.5754,23.972599],[120.575695,23.972613],[120.576136,23.972657],[120.576525,23.972688],[120.576558,23.972685],[120.576587,23.97267],[120.576607,23.972647],[120.576617,23.972617],[120.576618,23.972615]]]]}},{"type":"Feature","properties":{"n":"員林大道四段","v":"員林市","w":5.49,"c":1.63,"r":2},"geometry":{"type":"MultiPolygon","coordinates":[[[[120.574682,23.972503],[120.574694,23.972467],[120.574655,23.972493],[120.573161,23.972374],[120.573128,23.972342],[120.573128,23.972348],[120.573131,23.972376],[120.573146,23.972402],[120.573169,23.972419],[120.573199,23.972428],[120.574611,23.972538],[120.574651,23.97253],[120.574681,23.972505],[120.574682,23.972503]]]]}},{"type":"Feature","properties":{"n":"員林大道四段","v":"員林市","w":5.42,"c":1.68,"r":null},"geometry":{"type":"MultiPolygon","coordinates":[[[[120.573231,23.972651],[120.575842,23.972855],[120.575875,23.972888],[120.575874,23.972865],[120.575861,23.972834],[120.575839,23.972814],[120.575806,23.972803],[120.575248,23.97276],[120.57505,23.972754],[120.574771,23.972728],[120.574733,23.972743],[120.574685,23.972739],[120.574662,23.972716],[120.574612,23.97271],[120.573682,23.972638],[120.573466,23.97263],[120.573263,23.972614],[120.573238,23.972621],[120.573214,23.972637],[120.5732,23.972658],[120.573195,23.972682],[120.573231,23.972651]]]]}},{"type":"Feature","properties":{"n":"員林大道四段","v":"員林市","w":5.51,"c":1.62,"r":null},"geometry":{"type":"MultiPolygon","coordinates":[[[[120.581572,23.970628],[120.581563,23.970648],[120.581563,23.970669],[120.581572,23.970688],[120.581589,23.970703],[120.582049,23.969996],[120.582035,23.969989],[120.582014,23.969987],[120.581996,23.969993],[120.581979,23.970007],[120.581581,23.970615],[120.581572,23.970628]]]]}},{"type":"Feature","properties":{"n":"員林大道三段","v":"員林市","w":5.45,"c":1.72,"r":2},"geometry":{"type":"MultiPolygon","coordinates":[[[[120.584813,23.964339],[120.58514,23.963228],[120.585183,23.963205],[120.585179,23.963204],[120.585151,23.9632],[120.585122,23.963207],[120.585097,23.963222],[120.585079,23.963249],[120.584892,23.963882],[120.584848,23.964068],[120.58478,23.964306],[120.584782,23.96433],[120.584794,23.964353],[120.584816,23.964371],[120.584841,23.964378],[120.584813,23.964339]]]]}},{"type":"Feature","properties":{"n":"員林大道三段","v":"員林市","w":5.49,"c":1.61,"r":2},"geometry":{"type":"MultiPolygon","coordinates":[[[[120.586237,23.958655],[120.586256,23.958638],[120.586267,23.958618],[120.586477,23.957919],[120.586522,23.957733],[120.58658,23.957542],[120.586578,23.957516],[120.586567,23.957492],[120.586548,23.957474],[120.586523,23.957463],[120.586547,23.9575],[120.586204,23.95864],[120.586164,23.958664],[120.586201,23.958668],[120.586235,23.958657],[120.586237,23.958655]]]]}},{"type":"Feature","properties":{"n":"員林大道三段","v":"員林市","w":5.45,"c":1.59,"r":2},"geometry":{"type":"MultiPolygon","coordinates":[[[[120.584522,23.964278],[120.584545,23.964276],[120.584567,23.964266],[120.584584,23.964251],[120.584595,23.964231],[120.584791,23.963567],[120.584826,23.963414],[120.58489,23.963191],[120.584888,23.963169],[120.584878,23.96315],[120.584862,23.963134],[120.584841,23.963125],[120.58483,23.963123],[120.584854,23.963163],[120.584536,23.96425],[120.58449,23.964273],[120.584517,23.964279],[120.584522,23.964278]]]]}},{"type":"Feature","properties":{"n":"員林大道三段","v":"員林市","w":5.47,"c":1.67,"r":1},"geometry":{"type":"MultiPolygon","coordinates":[[[[120.586721,23.957012],[120.586751,23.957008],[120.586766,23.956959],[120.587129,23.955754],[120.587146,23.955691],[120.587147,23.955675],[120.587134,23.955649],[120.587109,23.955634],[120.586698,23.957004],[120.58672,23.957012],[120.586721,23.957012]]]]}},{"type":"Feature","properties":{"n":"員林大道三段","v":"員林市","w":5.48,"c":1.68,"r":2},"geometry":{"type":"MultiPolygon","coordinates":[[[[120.586552,23.957377],[120.586579,23.957381],[120.586609,23.957376],[120.586633,23.957362],[120.586651,23.957339],[120.586736,23.95706],[120.586719,23.957046],[120.586687,23.957038],[120.586591,23.957354],[120.586552,23.957377]]]]}},{"type":"Feature","properties":{"n":"員林大道三段","v":"員林市","w":4.57,"c":1.43,"r":2},"geometry":{"type":"MultiPolygon","coordinates":[[[[120.587122,23.955593],[120.587153,23.955592],[120.587175,23.955573],[120.587212,23.955435],[120.587212,23.955398],[120.587197,23.955348],[120.587168,23.955304],[120.587128,23.955269],[120.587075,23.955246],[120.587078,23.955267],[120.587075,23.955282],[120.587105,23.955305],[120.587127,23.955329],[120.587147,23.955363],[120.587158,23.955395],[120.58716,23.955456],[120.587141,23.955527],[120.587122,23.955593]]]]}},{"type":"Feature","properties":{"n":"員林大道三段","v":"員林市","w":5.43,"c":1.56,"r":2},"geometry":{"type":"MultiPolygon","coordinates":[[[[120.585755,23.960007],[120.585786,23.960013],[120.585821,23.960005],[120.585846,23.959988],[120.585863,23.95996],[120.5862,23.958841],[120.5862,23.958813],[120.58619,23.958786],[120.586169,23.958764],[120.586142,23.958751],[120.586134,23.95875],[120.586162,23.958789],[120.5858,23.959985],[120.585755,23.960007]]]]}},{"type":"Feature","properties":{"n":"員林大道三段","v":"員林市","w":5.55,"c":1.6,"r":2},"geometry":{"type":"MultiPolygon","coordinates":[[[[120.585472,23.961206],[120.585493,23.961172],[120.585507,23.961138],[120.585681,23.960561],[120.585729,23.960366],[120.585793,23.960158],[120.585792,23.960132],[120.585782,23.960107],[120.585764,23.960088],[120.585737,23.960075],[120.585759,23.960115],[120.585447,23.961144],[120.585408,23.961203],[120.585359,23.961243],[120.585287,23.961272],[120.585222,23.961278],[120.585292,23.961287],[120.58536,23.961279],[120.585422,23.961252],[120.585469,23.96121],[120.585472,23.961206]]]]}},{"type":"Feature","properties":{"n":"員林大道三段","v":"員林市","w":5.37,"c":1.6,"r":2},"geometry":{"type":"MultiPolygon","coordinates":[[[[120.584345,23.965085],[120.584354,23.965051],[120.584344,23.965015],[120.584319,23.964989],[120.584283,23.964975],[120.584308,23.965017],[120.584272,23.965144],[120.584164,23.965505],[120.584123,23.965529],[120.584153,23.965534],[120.584182,23.965528],[120.584208,23.965513],[120.584224,23.965492],[120.584339,23.965102],[120.584345,23.965085]]]]}},{"type":"Feature","properties":{"n":"員林大道三段","v":"員林市","w":4.94,"c":1.55,"r":2},"geometry":{"type":"MultiPolygon","coordinates":[[[[120.584168,23.965686],[120.58417,23.965655],[120.584158,23.965627],[120.584135,23.965606],[120.584103,23.965595],[120.584126,23.965634],[120.584031,23.96596],[120.583951,23.966151],[120.583904,23.966172],[120.583935,23.966179],[120.583967,23.966174],[120.583994,23.966159],[120.584013,23.966135],[120.584103,23.965888],[120.584168,23.965686],[120.584168,23.965686]]]]}},{"type":"Feature","properties":{"n":"員林大道三段","v":"員林市","w":5.54,"c":1.83,"r":2},"geometry":{"type":"MultiPolygon","coordinates":[[[[120.583452,23.967325],[120.583419,23.96737],[120.583383,23.967402],[120.583325,23.967434],[120.583256,23.967452],[120.583259,23.96747],[120.583333,23.967458],[120.583399,23.96743],[120.583452,23.967387],[120.583496,23.967326],[120.58361,23.967086],[120.583925,23.966345],[120.583929,23.966321],[120.583923,23.966295],[120.583907,23.966273],[120.583881,23.966256],[120.583874,23.966253],[120.583889,23.966296],[120.583454,23.96732],[120.583452,23.967325]]]]}},{"type":"Feature","properties":{"n":"員林大道三段","v":"員林市","w":5.46,"c":1.5,"r":2},"geometry":{"type":"MultiPolygon","coordinates":[[[[120.585204,23.961453],[120.585251,23.961502],[120.585277,23.961553],[120.585283,23.96164],[120.585272,23.961739],[120.585077,23.962413],[120.584892,23.963033],[120.584851,23.963057],[120.584859,23.96306],[120.584889,23.963061],[120.584917,23.963053],[120.58494,23.963035],[120.584955,23.963011],[120.585232,23.962068],[120.585283,23.961855],[120.585341,23.961652],[120.585343,23.961602],[120.585334,23.961557],[120.585313,23.961511],[120.585281,23.96147],[120.585238,23.961435],[120.585182,23.961405],[120.585113,23.961392],[120.585105,23.961408],[120.585204,23.961453]]]]}},{"type":"Feature","properties":{"n":"條和十二街","v":"員林市","w":2.17,"c":2.17,"r":null},"geometry":{"type":"MultiPolygon","coordinates":[[[[120.584826,23.964446],[120.584818,23.964464],[120.585353,23.964597],[120.585358,23.964578],[120.585053,23.964503],[120.584826,23.964446]]]]}},{"type":"Feature","properties":{"n":"員林大道三段","v":"員林市","w":5.33,"c":1.51,"r":2},"geometry":{"type":"MultiPolygon","coordinates":[[[[120.584826,23.964446],[120.584791,23.96444],[120.584759,23.964444],[120.584733,23.96446],[120.584715,23.964486],[120.58427,23.966005],[120.58421,23.966166],[120.584167,23.966265],[120.584169,23.966303],[120.584152,23.966346],[120.584122,23.966354],[120.58387,23.966946],[120.583793,23.967153],[120.583728,23.967295],[120.583624,23.967498],[120.583625,23.967525],[120.583646,23.967543],[120.583652,23.967544],[120.583681,23.967505],[120.583756,23.967391],[120.583758,23.967347],[120.583769,23.967308],[120.583828,23.967181],[120.584312,23.966044],[120.584776,23.964468],[120.584826,23.964446]]]]}},{"type":"Feature","properties":{"n":"員林大道三段","v":"員林市","w":5.45,"c":1.64,"r":2},"geometry":{"type":"MultiPolygon","coordinates":[[[[120.58598,23.960211],[120.585818,23.960751],[120.585784,23.960893],[120.585718,23.961119],[120.585712,23.961159],[120.585714,23.961207],[120.585726,23.961252],[120.585745,23.961288],[120.58577,23.96132],[120.585805,23.961351],[120.585847,23.961376],[120.585886,23.961391],[120.585932,23.9614],[120.585932,23.961396],[120.585886,23.961373],[120.585852,23.961349],[120.585796,23.961286],[120.585764,23.961225],[120.585756,23.961161],[120.585761,23.961127],[120.586042,23.960188],[120.586077,23.960161],[120.58605,23.960158],[120.586019,23.960167],[120.585993,23.960187],[120.58598,23.96021],[120.58598,23.960211]]]]}},{"type":"Feature","properties":{"n":"員林大道三段","v":"員林市","w":5.47,"c":1.57,"r":2},"geometry":{"type":"MultiPolygon","coordinates":[[[[120.587324,23.955935],[120.58735,23.95584],[120.587404,23.955825],[120.587374,23.955815],[120.587339,23.955819],[120.587308,23.955837],[120.587289,23.955867],[120.586965,23.956944],[120.586926,23.957098],[120.586855,23.957348],[120.586854,23.957374],[120.586864,23.957398],[120.586881,23.957417],[120.586906,23.957431],[120.586885,23.95739],[120.586931,23.957249],[120.587169,23.956451],[120.587324,23.955935]]]]}},{"type":"Feature","properties":{"n":"條和六街","v":"員林市","w":2.15,"c":2.15,"r":null},"geometry":{"type":"MultiPolygon","coordinates":[[[[120.586077,23.960069],[120.586072,23.960088],[120.586682,23.960244],[120.587414,23.960427],[120.587419,23.960408],[120.586109,23.960077],[120.586077,23.960069]]]]}},{"type":"Feature","properties":{"n":"員林大道三段","v":"員林市","w":5.54,"c":1.68,"r":2},"geometry":{"type":"MultiPolygon","coordinates":[[[[120.586474,23.95876],[120.586842,23.957538],[120.58688,23.957513],[120.586855,23.957508],[120.586827,23.957512],[120.5868,23.957528],[120.586783,23.957549],[120.586441,23.958682],[120.586439,23.958704],[120.586443,23.958723],[120.586453,23.958741],[120.586469,23.958756],[120.586474,23.95876]]]]}},{"type":"Feature","properties":{"n":"員林大道一段","v":"員林市","w":5.4,"c":1.58,"r":2},"geometry":{"type":"MultiPolygon","coordinates":[[[[120.571154,23.949856],[120.571766,23.949811],[120.571963,23.949787],[120.57215,23.949756],[120.57246,23.949689],[120.573552,23.949411],[120.573535,23.949384],[120.573503,23.949373],[120.572375,23.949659],[120.572184,23.949703],[120.572028,23.949731],[120.571833,23.949757],[120.57149,23.949793],[120.571197,23.949813],[120.571167,23.949827],[120.571154,23.949854],[120.571154,23.949856]]]]}},{"type":"Feature","properties":{"n":"員林大道一段","v":"員林市","w":5.42,"c":1.61,"r":2},"geometry":{"type":"MultiPolygon","coordinates":[[[[120.571096,23.949836],[120.571078,23.949818],[120.571055,23.949812],[120.570739,23.949812],[120.569848,23.949761],[120.568913,23.949735],[120.568706,23.949739],[120.568414,23.949735],[120.568375,23.949752],[120.568326,23.949751],[120.568307,23.949734],[120.568207,23.949738],[120.567971,23.949758],[120.56711,23.949848],[120.566921,23.94988],[120.566723,23.94993],[120.566576,23.949978],[120.566496,23.950012],[120.566045,23.950216],[120.566014,23.950239],[120.565988,23.950271],[120.565975,23.950307],[120.565972,23.950347],[120.565979,23.950378],[120.565992,23.950404],[120.566045,23.950388],[120.566057,23.950319],[120.566119,23.950232],[120.566178,23.950198],[120.566588,23.950014],[120.567219,23.949881],[120.568354,23.949769],[120.569712,23.949803],[120.570789,23.949865],[120.57101,23.949864],[120.5711,23.949858],[120.571097,23.949839],[120.571096,23.949836]]]]}},{"type":"Feature","properties":{"n":"員林大道二段","v":"員林市","w":5.34,"c":1.59,"r":5},"geometry":{"type":"MultiPolygon","coordinates":[[[[120.578578,23.94897],[120.579919,23.949112],[120.580115,23.94913],[120.58012,23.94912],[120.580116,23.949103],[120.580106,23.949091],[120.580077,23.949078],[120.578615,23.948923],[120.578313,23.948895],[120.577915,23.948874],[120.577368,23.948865],[120.577365,23.948913],[120.577854,23.948921],[120.578204,23.948933],[120.578463,23.948956],[120.578578,23.94897]]]]}},{"type":"Feature","properties":{"n":"員林大道一段","v":"員林市","w":5.44,"c":1.67,"r":1},"geometry":{"type":"MultiPolygon","coordinates":[[[[120.575483,23.948923],[120.575499,23.948912],[120.575497,23.948895],[120.575486,23.948888],[120.57546,23.948888],[120.575268,23.948927],[120.575125,23.948962],[120.573794,23.949304],[120.573695,23.949334],[120.573678,23.949351],[120.573676,23.949375],[120.57413,23.949266],[120.57545,23.948931],[120.575483,23.948923]]]]}},{"type":"Feature","properties":{"n":"員林大道二段","v":"員林市","w":5.18,"c":1.43,"r":1},"geometry":{"type":"MultiPolygon","coordinates":[[[[120.576031,23.948883],[120.576615,23.948893],[120.57671,23.948899],[120.576712,23.948848],[120.576431,23.948842],[120.576236,23.948847],[120.576096,23.948845],[120.57606,23.948855],[120.576032,23.948882],[120.576031,23.948883]]]]}},{"type":"Feature","properties":{"n":"員林大道二段","v":"員林市","w":5.61,"c":1.62,"r":2},"geometry":{"type":"MultiPolygon","coordinates":[[[[120.58714,23.955052],[120.587141,23.955057],[120.587149,23.955055],[120.587196,23.955038],[120.587261,23.954997],[120.587302,23.954951],[120.587319,23.954918],[120.58733,23.954886],[120.587332,23.954783],[120.587321,23.954669],[120.587296,23.954546],[120.587258,23.95442],[120.587202,23.954287],[120.587132,23.954159],[120.586959,23.953892],[120.586854,23.953749],[120.586692,23.953502],[120.586675,23.953486],[120.586648,23.953472],[120.586618,23.953469],[120.586589,23.953475],[120.586637,23.953495],[120.586942,23.95396],[120.587182,23.954339],[120.587279,23.954735],[120.587291,23.954794],[120.587293,23.954835],[120.58728,23.954903],[120.587262,23.954943],[120.587243,23.954973],[120.587202,23.955017],[120.587147,23.955049],[120.58714,23.955052]]]]}},{"type":"Feature","properties":{"n":"員林大道二段","v":"員林市","w":4.08,"c":1.56,"r":4},"geometry":{"type":"MultiPolygon","coordinates":[[[[120.580368,23.949151],[120.582724,23.949288],[120.582815,23.949297],[120.583026,23.949329],[120.58319,23.949367],[120.583355,23.949417],[120.583517,23.949479],[120.58363,23.949531],[120.58374,23.949589],[120.583925,23.949702],[120.58409,23.949827],[120.584196,23.949921],[120.584275,23.949998],[120.584405,23.950149],[120.58452,23.950303],[120.585168,23.951275],[120.585186,23.951271],[120.5852,23.951259],[120.585202,23.951238],[120.585194,23.951216],[120.58457,23.950284],[120.584457,23.950127],[120.584361,23.950013],[120.58427,23.94992],[120.584189,23.949844],[120.584092,23.949763],[120.583997,23.949692],[120.583901,23.949627],[120.583787,23.949558],[120.583573,23.94945],[120.583381,23.949374],[120.583188,23.949316],[120.582983,23.949271],[120.5828,23.949247],[120.58112,23.949145],[120.580941,23.949144],[120.580433,23.949115],[120.580395,23.949124],[120.58037,23.949148],[120.580368,23.949151]]]]}},{"type":"Feature","properties":{"n":"員林大道二段","v":"員林市","w":5.42,"c":1.6,"r":2},"geometry":{"type":"MultiPolygon","coordinates":[[[[120.586528,23.953397],[120.586561,23.953389],[120.586582,23.953369],[120.58659,23.953341],[120.586581,23.953311],[120.586045,23.952496],[120.585977,23.952395],[120.585866,23.952247],[120.585768,23.9521],[120.585754,23.952086],[120.585737,23.95208],[120.585717,23.95208],[120.585697,23.952088],[120.585682,23.952103],[120.585677,23.952124],[120.585725,23.952115],[120.586248,23.9529],[120.586544,23.953358],[120.586528,23.953397]]]]}},{"type":"Feature","properties":{"n":"至平街","v":"員林市","w":4.87,"c":2.15,"r":null},"geometry":{"type":"MultiPolygon","coordinates":[[[[120.564873,23.959698],[120.564871,23.959742],[120.565038,23.959749],[120.56504,23.959705],[120.564873,23.959698]]]]}},{"type":"Feature","properties":{"n":"兒童公園","v":"員林市","w":3.86,"c":1.46,"r":null},"geometry":{"type":"MultiPolygon","coordinates":[[[[120.564877,23.959625],[120.565044,23.959633],[120.565046,23.959598],[120.564879,23.959591],[120.564877,23.959625]]]]}},{"type":"Feature","properties":{"n":"兒童公園","v":"員林市","w":3.86,"c":1.35,"r":3},"geometry":{"type":"MultiPolygon","coordinates":[[[[120.564877,23.959625],[120.564883,23.959497],[120.564908,23.95946],[120.565115,23.959323],[120.565136,23.959315],[120.565152,23.959316],[120.565157,23.959282],[120.565123,23.959278],[120.564866,23.959445],[120.564853,23.959463],[120.564846,23.959486],[120.564841,23.959624],[120.564877,23.959625]]]]}},{"type":"Feature","properties":{"n":"至平街","v":"員林市","w":3.86,"c":2.11,"r":null},"geometry":{"type":"MultiPolygon","coordinates":[[[[120.564848,23.960075],[120.564873,23.959698],[120.564835,23.959696],[120.564812,23.960039],[120.564843,23.960075],[120.564848,23.960075]]]]}},{"type":"Feature","properties":{"n":"至平街","v":"員林市","w":3.77,"c":3.77,"r":null},"geometry":{"type":"MultiPolygon","coordinates":[[[[120.56485,23.960041],[120.564848,23.960075],[120.565108,23.960084],[120.565109,23.96005],[120.56485,23.960041]]]]}},{"type":"Feature","properties":{"n":"中山路一段","v":"員林市","w":2.55,"c":1.2,"r":null},"geometry":{"type":"MultiPolygon","coordinates":[[[[120.562422,23.94476],[120.562444,23.944748],[120.56136,23.942903],[120.56134,23.942902],[120.561334,23.942906],[120.561949,23.943955],[120.562422,23.94476]]]]}},{"type":"Feature","properties":{"n":"僑信國小","v":"員林市","w":5.34,"c":0.35,"r":5},"geometry":{"type":"MultiPolygon","coordinates":[[[[120.571444,23.967002],[120.571439,23.966871],[120.571443,23.966871],[120.571443,23.966846],[120.571421,23.966847],[120.571421,23.966844],[120.571429,23.966808],[120.571452,23.966775],[120.571423,23.966773],[120.571398,23.96678],[120.571388,23.966799],[120.57141,23.967436],[120.571463,23.967435],[120.571458,23.967315],[120.571439,23.967298],[120.571455,23.967285],[120.571438,23.967267],[120.571456,23.967253],[120.571437,23.967237],[120.571454,23.967222],[120.571436,23.967205],[120.571454,23.967191],[120.571434,23.967175],[120.571453,23.96716],[120.571434,23.967143],[120.57145,23.967129],[120.571433,23.967112],[120.57145,23.967097],[120.571432,23.967082],[120.571449,23.967067],[120.57143,23.96705],[120.571449,23.967035],[120.571429,23.967019],[120.571446,23.967004],[120.571444,23.967002]]]]}},{"type":"Feature","properties":{"n":"中山路一段","v":"員林市","w":2.52,"c":2.52,"r":null},"geometry":{"type":"MultiPolygon","coordinates":[[[[120.565469,23.950039],[120.565493,23.950031],[120.565393,23.949815],[120.565365,23.949812],[120.565469,23.950039]]]]}},{"type":"Feature","properties":{"n":"中山路一段","v":"員林市","w":2.38,"c":1.08,"r":null},"geometry":{"type":"MultiPolygon","coordinates":[[[[120.563349,23.946317],[120.563332,23.94632],[120.564065,23.947599],[120.564085,23.947588],[120.563368,23.946338],[120.563349,23.946317]]]]}},{"type":"Feature","properties":{"n":"中山路一段","v":"員林市","w":2.5,"c":1.29,"r":null},"geometry":{"type":"MultiPolygon","coordinates":[[[[120.564858,23.94892],[120.564116,23.947637],[120.564102,23.947627],[120.564085,23.947627],[120.564836,23.948931],[120.564858,23.94892]]]]}},{"type":"Feature","properties":{"n":"中山路一段","v":"員林市","w":2.35,"c":1.2,"r":null},"geometry":{"type":"MultiPolygon","coordinates":[[[[120.560626,23.941648],[120.560575,23.941562],[120.560549,23.941564],[120.561299,23.942844],[120.56132,23.942834],[120.560791,23.94193],[120.560626,23.941648]]]]}},{"type":"Feature","properties":{"n":"中山路一段","v":"員林市","w":2.45,"c":1.03,"r":null},"geometry":{"type":"MultiPolygon","coordinates":[[[[120.564901,23.949047],[120.565266,23.949685],[120.565281,23.949665],[120.565096,23.949336],[120.564935,23.949058],[120.564921,23.949047],[120.564901,23.949047],[120.564901,23.949047]]]]}},{"type":"Feature","properties":{"n":"至善街109巷","v":"員林市","w":3.88,"c":2.11,"r":null},"geometry":{"type":"MultiPolygon","coordinates":[[[[120.565046,23.959598],[120.565044,23.959633],[120.565512,23.959646],[120.565513,23.959611],[120.565313,23.959606],[120.565046,23.959598]]]]}},{"type":"Feature","properties":{"n":"至善街","v":"員林市","w":3.92,"c":3.52,"r":1},"geometry":{"type":"MultiPolygon","coordinates":[[[[120.565152,23.959316],[120.565172,23.959319],[120.565526,23.959593],[120.565525,23.959605],[120.565513,23.959611],[120.565512,23.959646],[120.565663,23.959651],[120.565604,23.959611],[120.565196,23.95929],[120.565157,23.959283],[120.565152,23.959316]]]]}},{"type":"Feature","properties":{"n":"中山路一段","v":"員林市","w":13.4,"c":13.4,"r":null},"geometry":{"type":"MultiPolygon","coordinates":[[[[120.565663,23.950586],[120.565725,23.950552],[120.565763,23.950514],[120.565728,23.950475],[120.565664,23.950443],[120.565543,23.950469],[120.565663,23.950586]]]]}},{"type":"Feature","properties":{"n":"員林大道六段","v":"員林市","w":5.56,"c":0.44,"r":2},"geometry":{"type":"MultiPolygon","coordinates":[[[[120.562084,23.958569],[120.562062,23.958623],[120.56205,23.958684],[120.561922,23.959725],[120.561926,23.959752],[120.561939,23.959775],[120.561958,23.95979],[120.561988,23.9598],[120.561998,23.959801],[120.561968,23.959767],[120.562117,23.958579],[120.562084,23.958569]]]]}},{"type":"Feature","properties":{"n":"溝皂北一街","v":"員林市","w":2.09,"c":2.09,"r":null},"geometry":{"type":"MultiPolygon","coordinates":[[[[120.572778,23.948385],[120.572739,23.948355],[120.572228,23.94839],[120.57223,23.948409],[120.572733,23.948374],[120.572759,23.948394],[120.572778,23.948385]]]]}},{"type":"Feature","properties":{"n":"溝皂 三 街","v":"員林市","w":2.09,"c":2.09,"r":1},"geometry":{"type":"MultiPolygon","coordinates":[[[[120.572831,23.948825],[120.572778,23.948385],[120.572759,23.948394],[120.57281,23.94882],[120.572831,23.948825]]]]}},{"type":"Feature","properties":{"n":"靜修路","v":"員林市","w":4.08,"c":2.29,"r":6},"geometry":{"type":"MultiPolygon","coordinates":[[[[120.562628,23.962512],[120.564439,23.962331],[120.564467,23.962318],[120.564475,23.962307],[120.564474,23.962288],[120.563927,23.962342],[120.563892,23.96232],[120.56362,23.962353],[120.563593,23.962379],[120.562689,23.96247],[120.562569,23.962478],[120.562584,23.962501],[120.562606,23.962513],[120.562628,23.962512]]]]}},{"type":"Feature","properties":{"n":"新生路","v":"員林市","w":3.34,"c":2.09,"r":2},"geometry":{"type":"MultiPolygon","coordinates":[[[[120.567247,23.971023],[120.567121,23.971892],[120.56714,23.971895],[120.567277,23.970954],[120.567285,23.970912],[120.567298,23.970914],[120.567412,23.970319],[120.567421,23.97032],[120.567517,23.969759],[120.56756,23.969445],[120.567571,23.96943],[120.567591,23.969425],[120.567636,23.969456],[120.567539,23.969341],[120.567484,23.969755],[120.567373,23.970409],[120.56732,23.970681],[120.567261,23.970933],[120.567248,23.971017],[120.567247,23.971023]]]]}},{"type":"Feature","properties":{"n":"至平街","v":"員林市","w":3.48,"c":1.15,"r":2},"geometry":{"type":"MultiPolygon","coordinates":[[[[120.56467,23.959882],[120.564602,23.960947],[120.564566,23.960987],[120.564576,23.961017],[120.564537,23.96168],[120.56452,23.962054],[120.564504,23.962268],[120.564485,23.962288],[120.564489,23.962291],[120.564523,23.962268],[120.564533,23.962254],[120.564639,23.96063],[120.564702,23.95989],[120.56467,23.959882]]]]}},{"type":"Feature","properties":{"n":"中山路二段","v":"員林市","w":3.86,"c":1.63,"r":5},"geometry":{"type":"MultiPolygon","coordinates":[[[[120.571403,23.966682],[120.571417,23.966652],[120.571401,23.96664],[120.571419,23.966605],[120.57142,23.966557],[120.57142,23.966472],[120.571406,23.966425],[120.571401,23.966312],[120.571402,23.966235],[120.571418,23.966189],[120.571417,23.966103],[120.571402,23.966102],[120.571403,23.965956],[120.571397,23.965952],[120.571398,23.965909],[120.57139,23.965909],[120.571365,23.965952],[120.571354,23.965952],[120.571353,23.966019],[120.571372,23.966675],[120.571384,23.966696],[120.571403,23.966704],[120.571403,23.966682]]]]}},{"type":"Feature","properties":{"n":"溝皂北二街","v":"員林市","w":2.09,"c":2.09,"r":null},"geometry":{"type":"MultiPolygon","coordinates":[[[[120.572831,23.948825],[120.57281,23.94882],[120.572789,23.948843],[120.57229,23.948876],[120.572292,23.948895],[120.572799,23.948861],[120.572831,23.948825]]]]}},{"type":"Feature","properties":{"n":"溝皂八街","v":"員林市","w":2.25,"c":2.25,"r":null},"geometry":{"type":"MultiPolygon","coordinates":[[[[120.568401,23.949461],[120.568311,23.948704],[120.568289,23.948706],[120.568379,23.949461],[120.568401,23.949461]]]]}},{"type":"Feature","properties":{"n":"源泉路二段","v":"員林市","w":1.48,"c":1.48,"r":2},"geometry":{"type":"MultiPolygon","coordinates":[[[[120.562084,23.958569],[120.562117,23.958579],[120.56216,23.9585],[120.562509,23.958185],[120.562556,23.958196],[120.562561,23.958193],[120.562555,23.958183],[120.562543,23.958173],[120.562528,23.958168],[120.562513,23.958169],[120.562497,23.958177],[120.562134,23.958505],[120.56209,23.958559],[120.562084,23.958569]]]]}},{"type":"Feature","properties":{"n":"源泉路二段","v":"員林市","w":1.52,"c":1.52,"r":3},"geometry":{"type":"MultiPolygon","coordinates":[[[[120.562608,23.958116],[120.562616,23.958116],[120.562624,23.958081],[120.563246,23.957515],[120.563237,23.957508],[120.562615,23.95807],[120.562603,23.958092],[120.562607,23.958114],[120.562608,23.958116]]]]}},{"type":"Feature","properties":{"n":"源泉路二段","v":"員林市","w":1.35,"c":1.35,"r":1},"geometry":{"type":"MultiPolygon","coordinates":[[[[120.562274,23.958084],[120.562273,23.958091],[120.562305,23.958072],[120.563022,23.957424],[120.563032,23.957412],[120.563036,23.957398],[120.563025,23.957371],[120.563003,23.957358],[120.563018,23.957411],[120.562287,23.958073],[120.562274,23.958084]]]]}},{"type":"Feature","properties":{"n":"新生路","v":"員林市","w":2.97,"c":2.77,"r":null},"geometry":{"type":"MultiPolygon","coordinates":[[[[120.568758,23.962775],[120.568728,23.962775],[120.568729,23.963286],[120.568756,23.963315],[120.568762,23.962775],[120.568758,23.962775]]]]}},{"type":"Feature","properties":{"n":"興仁街","v":"員林市","w":2.14,"c":2.14,"r":null},"geometry":{"type":"MultiPolygon","coordinates":[[[[120.56357,23.966589],[120.563759,23.966566],[120.563772,23.966545],[120.563576,23.966568],[120.56357,23.966589]]]]}},{"type":"Feature","properties":{"n":"復興五街","v":"員林市","w":2.16,"c":0.84,"r":null},"geometry":{"type":"MultiPolygon","coordinates":[[[[120.56357,23.966589],[120.563576,23.966568],[120.56355,23.96655],[120.563448,23.965776],[120.563424,23.965779],[120.56353,23.966559],[120.56357,23.966589]]]]}},{"type":"Feature","properties":{"n":"新義街","v":"員林市","w":3.63,"c":2.04,"r":null},"geometry":{"type":"MultiPolygon","coordinates":[[[[120.567576,23.964388],[120.567585,23.96373],[120.56758,23.96369],[120.56755,23.963693],[120.567545,23.963698],[120.56755,23.96373],[120.567538,23.964373],[120.567576,23.964388]]]]}},{"type":"Feature","properties":{"n":"莒光路","v":"員林市","w":7.31,"c":3.28,"r":1},"geometry":{"type":"MultiPolygon","coordinates":[[[[120.566814,23.964339],[120.566817,23.964297],[120.566793,23.96428],[120.566803,23.963945],[120.566805,23.963756],[120.566801,23.96369],[120.566751,23.963688],[120.566753,23.963437],[120.566775,23.963384],[120.56676,23.963384],[120.566741,23.963398],[120.566739,23.963459],[120.566726,23.964314],[120.566743,23.964334],[120.566758,23.964337],[120.566814,23.964339]]]]}},{"type":"Feature","properties":{"n":"雙平路","v":"員林市","w":3.78,"c":1.57,"r":1},"geometry":{"type":"MultiPolygon","coordinates":[[[[120.566814,23.964339],[120.567536,23.964419],[120.567576,23.964388],[120.567538,23.964373],[120.567526,23.964383],[120.566865,23.964308],[120.566817,23.964297],[120.566814,23.964339]]]]}},{"type":"Feature","properties":{"n":"莒光路","v":"員林市","w":6.5,"c":2.7,"r":6},"geometry":{"type":"MultiPolygon","coordinates":[[[[120.566811,23.963225],[120.566809,23.963132],[120.566815,23.96313],[120.566819,23.963121],[120.566808,23.963113],[120.566807,23.963091],[120.566817,23.963088],[120.566819,23.963082],[120.566813,23.963073],[120.566806,23.963073],[120.566806,23.963046],[120.566818,23.963043],[120.566821,23.963036],[120.566817,23.963028],[120.566805,23.963024],[120.566804,23.962988],[120.566816,23.962982],[120.566818,23.962974],[120.566804,23.962963],[120.566798,23.962588],[120.566735,23.96259],[120.566738,23.963234],[120.566754,23.963255],[120.566811,23.963259],[120.566811,23.963225]]]]}},{"type":"Feature","properties":{"n":"中山路一段","v":"員林市","w":2.41,"c":1.52,"r":null},"geometry":{"type":"MultiPolygon","coordinates":[[[[120.565972,23.950918],[120.565996,23.950906],[120.565866,23.950681],[120.565844,23.950693],[120.565875,23.950741],[120.565972,23.950918]]]]}},{"type":"Feature","properties":{"n":"莒光路","v":"員林市","w":2.78,"c":0.6,"r":null},"geometry":{"type":"MultiPolygon","coordinates":[[[[120.566507,23.954934],[120.56653,23.954932],[120.566511,23.954563],[120.566459,23.953715],[120.566435,23.953715],[120.566505,23.954914],[120.566507,23.954934]]]]}},{"type":"Feature","properties":{"n":"莒光路","v":"員林市","w":2.41,"c":2.41,"r":null},"geometry":{"type":"MultiPolygon","coordinates":[[[[120.566564,23.95595],[120.566588,23.955947],[120.566533,23.954976],[120.566511,23.954977],[120.566557,23.955826],[120.566564,23.95595]]]]}},{"type":"Feature","properties":{"n":"莒光路","v":"員林市","w":2.3,"c":2.3,"r":null},"geometry":{"type":"MultiPolygon","coordinates":[[[[120.566433,23.95356],[120.566451,23.95356],[120.566364,23.951937],[120.566339,23.951939],[120.566353,23.952229],[120.566392,23.952828],[120.566427,23.95356],[120.566433,23.95356]]]]}},{"type":"Feature","properties":{"n":"林森路","v":"員林市","w":3.57,"c":1.38,"r":null},"geometry":{"type":"MultiPolygon","coordinates":[[[[120.576609,23.962373],[120.576626,23.962377],[120.576672,23.962355],[120.576982,23.960943],[120.576948,23.960937],[120.576667,23.962212],[120.576609,23.962373]]]]}},{"type":"Feature","properties":{"n":"三民東街","v":"員林市","w":4.05,"c":1.93,"r":2},"geometry":{"type":"MultiPolygon","coordinates":[[[[120.580154,23.960266],[120.580227,23.960223],[120.578601,23.959776],[120.577707,23.959516],[120.577693,23.959549],[120.577766,23.959572],[120.57775,23.959617],[120.577828,23.95959],[120.578571,23.959806],[120.579085,23.95995],[120.579102,23.95999],[120.579366,23.960066],[120.579399,23.960056],[120.579492,23.960079],[120.579509,23.960073],[120.579558,23.960087],[120.579572,23.960081],[120.579839,23.960152],[120.57985,23.960169],[120.579948,23.960192],[120.579962,23.960186],[120.58013,23.960232],[120.580129,23.960235],[120.580137,23.96024],[120.580154,23.960266]]]]}},{"type":"Feature","properties":{"n":"大同路一段","v":"員林市","w":4.27,"c":1.99,"r":null},"geometry":{"type":"MultiPolygon","coordinates":[[[[120.580154,23.960266],[120.58017,23.960292],[120.580158,23.960346],[120.580179,23.96035],[120.580083,23.960746],[120.580076,23.960744],[120.580019,23.960802],[120.57997,23.961028],[120.580001,23.961072],[120.579962,23.96123],[120.579897,23.96128],[120.579967,23.961344],[120.580007,23.961316],[120.580233,23.96026],[120.580227,23.960223],[120.580154,23.960266]]]]}},{"type":"Feature","properties":{"n":"和平東街","v":"員林市","w":3.77,"c":3.77,"r":1},"geometry":{"type":"MultiPolygon","coordinates":[[[[120.579605,23.96287],[120.579207,23.962797],[120.579199,23.962808],[120.579069,23.962783],[120.579067,23.962798],[120.579075,23.962808],[120.579619,23.962909],[120.579605,23.96287]]]]}},{"type":"Feature","properties":{"n":"大同路一段","v":"員林市","w":3.99,"c":3.99,"r":1},"geometry":{"type":"MultiPolygon","coordinates":[[[[120.579757,23.962252],[120.579627,23.962854],[120.579605,23.96287],[120.579619,23.962909],[120.579661,23.962885],[120.579798,23.962232],[120.579757,23.962252]]]]}},{"type":"Feature","properties":{"n":"正興街46巷","v":"員林市","w":3.88,"c":0.3,"r":1},"geometry":{"type":"MultiPolygon","coordinates":[[[[120.578494,23.961962],[120.57835,23.962639],[120.578381,23.96268],[120.578529,23.961984],[120.578494,23.961962]]]]}},{"type":"Feature","properties":{"n":"大同路299巷","v":"員林市","w":4.17,"c":0.92,"r":2},"geometry":{"type":"MultiPolygon","coordinates":[[[[120.579798,23.962232],[120.579767,23.962199],[120.578543,23.961932],[120.578494,23.961962],[120.578529,23.961984],[120.578551,23.961971],[120.57974,23.962232],[120.579757,23.962252],[120.579798,23.962232]]]]}},{"type":"Feature","properties":{"n":"大同路一段","v":"員林市","w":4.33,"c":4.33,"r":null},"geometry":{"type":"MultiPolygon","coordinates":[[[[120.579959,23.962378],[120.57996,23.962369],[120.579919,23.962362],[120.57985,23.962692],[120.579882,23.962703],[120.579919,23.962598],[120.579942,23.962496],[120.579941,23.962477],[120.579959,23.962378]]]]}},{"type":"Feature","properties":{"n":"員東路二段","v":"員林市","w":4.16,"c":0.57,"r":2},"geometry":{"type":"MultiPolygon","coordinates":[[[[120.575707,23.957343],[120.575934,23.957387],[120.576443,23.957498],[120.576451,23.957466],[120.57654,23.957474],[120.577439,23.957647],[120.577436,23.957661],[120.577659,23.957702],[120.577703,23.957696],[120.577688,23.957658],[120.577678,23.957649],[120.576791,23.95749],[120.575721,23.957279],[120.575707,23.957343]]]]}},{"type":"Feature","properties":{"n":"育英路","v":"員林市","w":4.31,"c":1.26,"r":null},"geometry":{"type":"MultiPolygon","coordinates":[[[[120.575108,23.958864],[120.575151,23.958631],[120.575159,23.958632],[120.575246,23.95825],[120.575235,23.958248],[120.575261,23.958127],[120.575271,23.958129],[120.575369,23.957666],[120.575329,23.957659],[120.575074,23.958842],[120.575108,23.958864]]]]}},{"type":"Feature","properties":{"n":"三民東街","v":"員林市","w":4.1,"c":1.94,"r":1},"geometry":{"type":"MultiPolygon","coordinates":[[[[120.575108,23.958864],[120.575074,23.958842],[120.575055,23.958856],[120.573942,23.958652],[120.573921,23.958618],[120.573886,23.958638],[120.573916,23.958686],[120.575064,23.958894],[120.575108,23.958864]]]]}},{"type":"Feature","properties":{"n":"育英路","v":"員林市","w":6.26,"c":0.71,"r":2},"geometry":{"type":"MultiPolygon","coordinates":[[[[120.575721,23.957279],[120.575655,23.957267],[120.575607,23.957295],[120.575481,23.957847],[120.575549,23.95786],[120.57555,23.957855],[120.575542,23.957854],[120.575562,23.95775],[120.57565,23.957384],[120.575658,23.957386],[120.57566,23.957379],[120.575666,23.95738],[120.57567,23.957366],[120.575677,23.957367],[120.575681,23.957353],[120.575703,23.957358],[120.575707,23.957343],[120.575721,23.957279]]]]}},{"type":"Feature","properties":{"n":"員林大道五段","v":"員林市","w":5.46,"c":0.58,"r":2},"geometry":{"type":"MultiPolygon","coordinates":[[[[120.565661,23.971686],[120.5656,23.971662],[120.565574,23.971619],[120.565565,23.97165],[120.565571,23.971679],[120.565589,23.971705],[120.565615,23.971722],[120.565903,23.971812],[120.566181,23.971874],[120.56634,23.971899],[120.566486,23.971916],[120.56696,23.97195],[120.566981,23.971947],[120.567001,23.971937],[120.567012,23.971924],[120.567019,23.971903],[120.566605,23.971877],[120.56637,23.971854],[120.566092,23.971806],[120.565819,23.971737],[120.565661,23.971686]]]]}},{"type":"Feature","properties":{"n":"員林大道五段","v":"員林市","w":5.55,"c":0.49,"r":2},"geometry":{"type":"MultiPolygon","coordinates":[[[[120.564242,23.97065],[120.564215,23.970671],[120.564201,23.9707],[120.564202,23.97073],[120.564216,23.970756],[120.564331,23.970886],[120.564459,23.971014],[120.564584,23.971126],[120.564706,23.971225],[120.564848,23.971329],[120.565004,23.97143],[120.565255,23.971556],[120.565389,23.971617],[120.565431,23.971612],[120.565461,23.971588],[120.56547,23.971571],[120.565466,23.971567],[120.565415,23.971587],[120.565219,23.971495],[120.565058,23.971403],[120.56478,23.971218],[120.564681,23.971141],[120.564477,23.970962],[120.56431,23.970786],[120.564231,23.970694],[120.564242,23.97065]]]]}},{"type":"Feature","properties":{"n":"員林大道五段","v":"員林市","w":5.41,"c":0.18,"r":2},"geometry":{"type":"MultiPolygon","coordinates":[[[[120.56419,23.970595],[120.564144,23.970582],[120.564069,23.970479],[120.563998,23.970366],[120.563683,23.969805],[120.56365,23.969736],[120.563662,23.969697],[120.563657,23.969693],[120.563638,23.969704],[120.56362,23.969723],[120.563611,23.969744],[120.563609,23.969766],[120.563616,23.96979],[120.563951,23.970391],[120.564021,23.9705],[120.564085,23.970588],[120.564109,23.970603],[120.564136,23.970609],[120.564162,23.970607],[120.564188,23.970596],[120.56419,23.970595]]]]}},{"type":"Feature","properties":{"n":"員林大道五段","v":"員林市","w":5.52,"c":0.45,"r":2},"geometry":{"type":"MultiPolygon","coordinates":[[[[120.563477,23.968733],[120.563416,23.968741],[120.563365,23.968758],[120.563321,23.968782],[120.563277,23.96882],[120.563246,23.968862],[120.563221,23.968915],[120.563211,23.968965],[120.563211,23.969011],[120.563219,23.96905],[120.563236,23.969096],[120.563507,23.969593],[120.563521,23.969614],[120.563545,23.969634],[120.563566,23.969641],[120.56359,23.969642],[120.563617,23.969634],[120.56358,23.969616],[120.56354,23.969548],[120.563288,23.969088],[120.563272,23.969029],[120.56327,23.968982],[120.563279,23.968931],[120.563294,23.968891],[120.563321,23.968845],[120.563353,23.96881],[120.563392,23.96878],[120.563432,23.968758],[120.563478,23.968742],[120.563477,23.968733]]]]}},{"type":"Feature","properties":{"n":"員林大道六段","v":"員林市","w":5.7,"c":0.46,"r":2},"geometry":{"type":"MultiPolygon","coordinates":[[[[120.563254,23.968579],[120.563172,23.968536],[120.563127,23.968505],[120.563059,23.968444],[120.562985,23.968347],[120.562881,23.968192],[120.562835,23.968116],[120.562695,23.967856],[120.562642,23.967736],[120.562544,23.967493],[120.562501,23.967359],[120.56246,23.967201],[120.562413,23.966976],[120.562395,23.966864],[120.562413,23.966833],[120.562411,23.966824],[120.562394,23.966828],[120.562372,23.966843],[120.562356,23.966863],[120.562349,23.966882],[120.562346,23.966905],[120.562374,23.967062],[120.562414,23.967238],[120.562464,23.967415],[120.562538,23.967626],[120.562629,23.967841],[120.562686,23.967956],[120.562804,23.968155],[120.5629,23.968337],[120.562938,23.96839],[120.562981,23.968437],[120.563032,23.968483],[120.563081,23.968519],[120.563132,23.968549],[120.563199,23.96858],[120.56328,23.968605],[120.563366,23.968621],[120.563462,23.968626],[120.563462,23.968623],[120.563334,23.968606],[120.563254,23.968579]]]]}},{"type":"Feature","properties":{"n":"員林大道六段","v":"員林市","w":5.44,"c":0.26,"r":2},"geometry":{"type":"MultiPolygon","coordinates":[[[[120.562333,23.966696],[120.562349,23.966715],[120.562366,23.966727],[120.562388,23.966734],[120.562412,23.966734],[120.562373,23.966705],[120.562361,23.966621],[120.562154,23.965092],[120.562146,23.965018],[120.562171,23.964978],[120.562142,23.964987],[120.562116,23.965005],[120.562101,23.96503],[120.562097,23.965061],[120.562262,23.966276],[120.5623,23.966482],[120.562326,23.966672],[120.562333,23.966696]]]]}},{"type":"Feature","properties":{"n":"員林大道六段","v":"員林市","w":5.47,"c":0.11,"r":4},"geometry":{"type":"MultiPolygon","coordinates":[[[[120.561941,23.962732],[120.5619,23.962757],[120.561864,23.962795],[120.561843,23.962833],[120.561832,23.962881],[120.561837,23.963014],[120.561867,23.963349],[120.561996,23.96432],[120.562033,23.964517],[120.562079,23.964848],[120.562087,23.96487],[120.562107,23.964892],[120.562134,23.964905],[120.562161,23.964909],[120.562127,23.964879],[120.56187,23.962985],[120.561874,23.962932],[120.561885,23.962893],[120.561917,23.962826],[120.561964,23.962775],[120.562047,23.962722],[120.56205,23.962716],[120.562044,23.96271],[120.562015,23.962711],[120.561955,23.962726],[120.561941,23.962732]]]]}},{"type":"Feature","properties":{"n":"員林大道六段","v":"員林市","w":5.66,"c":1.22,"r":3},"geometry":{"type":"MultiPolygon","coordinates":[[[[120.562067,23.962553],[120.561999,23.962527],[120.561935,23.962481],[120.56189,23.962426],[120.561861,23.96236],[120.561839,23.962144],[120.561823,23.961885],[120.561816,23.961451],[120.561818,23.961278],[120.561823,23.961169],[120.561856,23.961135],[120.561836,23.961136],[120.561799,23.961151],[120.561783,23.961166],[120.561772,23.961185],[120.561767,23.961208],[120.561764,23.961341],[120.561763,23.961685],[120.561773,23.961938],[120.561796,23.962146],[120.561819,23.962418],[120.561828,23.962455],[120.561844,23.962487],[120.561891,23.962536],[120.561918,23.962553],[120.561955,23.962567],[120.56199,23.962574],[120.562031,23.962574],[120.562067,23.962553]]]]}},{"type":"Feature","properties":{"n":"員林大道六段","v":"員林市","w":5.45,"c":1.25,"r":2},"geometry":{"type":"MultiPolygon","coordinates":[[[[120.561858,23.961048],[120.561859,23.961043],[120.561829,23.961015],[120.561864,23.960627],[120.561951,23.959902],[120.561992,23.959871],[120.561987,23.95987],[120.56196,23.959871],[120.561928,23.959884],[120.561908,23.959904],[120.561897,23.959929],[120.561813,23.960609],[120.56179,23.960993],[120.561795,23.961012],[120.561806,23.961027],[120.561827,23.961042],[120.56185,23.961048],[120.561858,23.961048]]]]}},{"type":"Feature","properties":{"n":"員林大道七段","v":"員林市","w":4.39,"c":1.23,"r":3},"geometry":{"type":"MultiPolygon","coordinates":[[[[120.562274,23.958084],[120.562183,23.958043],[120.562257,23.957473],[120.562278,23.957424],[120.562302,23.957387],[120.56233,23.957356],[120.562369,23.957324],[120.562412,23.9573],[120.562456,23.957283],[120.562505,23.957273],[120.562565,23.957272],[120.562554,23.957267],[120.562501,23.957261],[120.562444,23.957264],[120.562389,23.957277],[120.562345,23.957296],[120.562303,23.957323],[120.562259,23.957364],[120.562229,23.957407],[120.562209,23.957453],[120.562198,23.957496],[120.562182,23.957631],[120.562168,23.957821],[120.562146,23.958022],[120.562161,23.95806],[120.562192,23.958086],[120.562233,23.958097],[120.562273,23.958091],[120.562274,23.958084]]]]}},{"type":"Feature","properties":{"n":"員林大道二段","v":"員林市","w":5.36,"c":0.34,"r":7},"geometry":{"type":"MultiPolygon","coordinates":[[[[120.580224,23.948875],[120.578199,23.94866],[120.578202,23.948699],[120.578211,23.948708],[120.578224,23.948713],[120.578473,23.948733],[120.578512,23.948722],[120.578561,23.948728],[120.578579,23.948747],[120.579478,23.948845],[120.579687,23.948856],[120.580164,23.948906],[120.580192,23.948904],[120.580216,23.948892],[120.580224,23.948875]]]]}},{"type":"Feature","properties":{"n":"員林大道二段","v":"員林市","w":4.96,"c":2.4,"r":2},"geometry":{"type":"MultiPolygon","coordinates":[[[[120.58743,23.954173],[120.586939,23.953438],[120.586961,23.953397],[120.586916,23.953408],[120.586904,23.953422],[120.586899,23.953445],[120.586901,23.953465],[120.586912,23.953492],[120.587289,23.954048],[120.587379,23.954209],[120.587479,23.954445],[120.58752,23.954645],[120.587534,23.954683],[120.587552,23.954713],[120.587575,23.954741],[120.587617,23.954775],[120.587647,23.954792],[120.587691,23.954808],[120.587737,23.954815],[120.587784,23.954814],[120.587833,23.954806],[120.587866,23.954794],[120.587791,23.954796],[120.587716,23.954778],[120.587645,23.954739],[120.587603,23.954699],[120.587576,23.954658],[120.587565,23.954633],[120.587454,23.95422],[120.587433,23.954177],[120.58743,23.954173]]]]}},{"type":"Feature","properties":{"n":"員林大道二段","v":"員林市","w":5.57,"c":0.08,"r":2},"geometry":{"type":"MultiPolygon","coordinates":[[[[120.585729,23.95159],[120.585721,23.951622],[120.58572,23.951655],[120.585725,23.951678],[120.585742,23.951707],[120.585876,23.951917],[120.586526,23.952902],[120.58664,23.953063],[120.586796,23.9533],[120.586813,23.953314],[120.586835,23.953323],[120.58686,23.953325],[120.586887,23.953319],[120.586849,23.953294],[120.586821,23.953263],[120.58662,23.95295],[120.58581,23.951718],[120.585729,23.95159]]]]}},{"type":"Feature","properties":{"n":"員林大道二段","v":"員林市","w":5.49,"c":0.4,"r":2},"geometry":{"type":"MultiPolygon","coordinates":[[[[120.585677,23.951546],[120.585264,23.950869],[120.584774,23.950121],[120.584653,23.94996],[120.584564,23.949857],[120.584442,23.949738],[120.584343,23.949651],[120.584197,23.949538],[120.584071,23.949454],[120.583911,23.949361],[120.583749,23.949281],[120.583576,23.949208],[120.583377,23.949142],[120.583163,23.949086],[120.582957,23.94905],[120.582961,23.94908],[120.582971,23.949092],[120.582988,23.949102],[120.583226,23.949152],[120.583408,23.949203],[120.583604,23.949273],[120.583818,23.949369],[120.583984,23.94946],[120.584137,23.949558],[120.584263,23.949652],[120.584406,23.949775],[120.584562,23.949934],[120.584696,23.950102],[120.584895,23.950396],[120.585114,23.950732],[120.585402,23.951193],[120.585502,23.95134],[120.585614,23.951524],[120.585642,23.951545],[120.585674,23.951546],[120.585677,23.951546]]]]}},{"type":"Feature","properties":{"n":"員林大道二段","v":"員林市","w":6.1,"c":0.8,"r":1},"geometry":{"type":"MultiPolygon","coordinates":[[[[120.575818,23.948663],[120.575997,23.94865],[120.576033,23.948628],[120.576052,23.948598],[120.575911,23.948592],[120.575832,23.948573],[120.575717,23.948483],[120.575687,23.948448],[120.575637,23.94835],[120.57563,23.948324],[120.575624,23.948326],[120.575694,23.948603],[120.57571,23.948627],[120.575736,23.948647],[120.575764,23.94866],[120.575794,23.948664],[120.575818,23.948663]]]]}},{"type":"Feature","properties":{"n":"員林大道二段","v":"員林市","w":5.37,"c":0.47,"r":2},"geometry":{"type":"MultiPolygon","coordinates":[[[[120.576159,23.948666],[120.57634,23.948671],[120.576369,23.948658],[120.576388,23.948627],[120.576144,23.948616],[120.576127,23.948627],[120.576123,23.948642],[120.576131,23.948658],[120.576149,23.948665],[120.576159,23.948666]]]]}},{"type":"Feature","properties":{"n":"員林大道二段","v":"員林市","w":4.89,"c":0.82,"r":2},"geometry":{"type":"MultiPolygon","coordinates":[[[[120.576556,23.948679],[120.577147,23.948692],[120.577165,23.948685],[120.577172,23.948669],[120.577165,23.948651],[120.577148,23.948645],[120.576764,23.948639],[120.576519,23.948629],[120.5765,23.948636],[120.576492,23.948653],[120.576499,23.94867],[120.576517,23.948677],[120.576556,23.948679]]]]}},{"type":"Feature","properties":{"n":"員林大道二段","v":"員林市","w":5.26,"c":1.54,"r":2},"geometry":{"type":"MultiPolygon","coordinates":[[[[120.577373,23.948691],[120.577814,23.948699],[120.578127,23.948713],[120.578141,23.948707],[120.578149,23.948697],[120.578152,23.94866],[120.577336,23.948643],[120.577318,23.948652],[120.577312,23.948667],[120.577318,23.948683],[120.577335,23.948691],[120.577373,23.948691]]]]}},{"type":"Feature","properties":{"n":"員林大道二段","v":"員林市","w":5.35,"c":0.34,"r":2},"geometry":{"type":"MultiPolygon","coordinates":[[[[120.582923,23.949039],[120.582703,23.949018],[120.581359,23.948939],[120.581327,23.948904],[120.581323,23.948921],[120.581328,23.948951],[120.581346,23.948973],[120.581369,23.948985],[120.581406,23.94899],[120.582699,23.949067],[120.582863,23.949081],[120.582902,23.949074],[120.582916,23.94906],[120.582922,23.949044],[120.582923,23.949039]]]]}},{"type":"Feature","properties":{"n":"員林大道二段","v":"員林市","w":5.45,"c":0.91,"r":2},"geometry":{"type":"MultiPolygon","coordinates":[[[[120.580508,23.948939],[120.580895,23.94897],[120.581154,23.948983],[120.581182,23.948978],[120.581205,23.948965],[120.58122,23.948944],[120.581228,23.948916],[120.581188,23.948932],[120.581115,23.948933],[120.580855,23.948919],[120.580558,23.948891],[120.580479,23.948888],[120.580471,23.948905],[120.580474,23.948918],[120.580486,23.948931],[120.580505,23.948938],[120.580508,23.948939]]]]}},{"type":"Feature","properties":{"n":"山腳路四段","v":"員林市","w":6.77,"c":2.38,"r":null},"geometry":{"type":"MultiPolygon","coordinates":[[[[120.600997,23.968335],[120.601175,23.967947],[120.601201,23.96794],[120.601252,23.967833],[120.601248,23.967787],[120.601478,23.967272],[120.60142,23.967241],[120.600958,23.968267],[120.600963,23.968296],[120.600992,23.968331],[120.600997,23.968335]]]]}},{"type":"Feature","properties":{"n":"民權街","v":"員林市","w":3.35,"c":0.91,"r":1},"geometry":{"type":"MultiPolygon","coordinates":[[[[120.570608,23.959208],[120.570165,23.959172],[120.570147,23.959155],[120.570124,23.959154],[120.570157,23.9592],[120.570206,23.959226],[120.570261,23.959231],[120.570272,23.959212],[120.570467,23.959225],[120.570491,23.959247],[120.570559,23.95925],[120.570583,23.95924],[120.570599,23.959221],[120.570608,23.959208]]]]}},{"type":"Feature","properties":{"n":"民權街","v":"員林市","w":2.69,"c":0.98,"r":1},"geometry":{"type":"MultiPolygon","coordinates":[[[[120.570594,23.959555],[120.570585,23.959527],[120.570557,23.959494],[120.570546,23.959489],[120.570477,23.959485],[120.570454,23.959505],[120.570147,23.959486],[120.570129,23.959492],[120.570111,23.959505],[120.570104,23.95953],[120.570125,23.95953],[120.570146,23.959513],[120.570163,23.959508],[120.570549,23.959538],[120.570554,23.959555],[120.570594,23.959555]]]]}},{"type":"Feature","properties":{"n":"正興街46巷","v":"員林市","w":2.51,"c":2.51,"r":null},"geometry":{"type":"MultiPolygon","coordinates":[[[[120.578223,23.962607],[120.578246,23.962621],[120.578418,23.961797],[120.578395,23.961794],[120.578324,23.962127],[120.578223,23.962607]]]]}},{"type":"Feature","properties":{"n":"和平東街","v":"員林市","w":2.55,"c":2.55,"r":null},"geometry":{"type":"MultiPolygon","coordinates":[[[[120.578246,23.962621],[120.578223,23.962607],[120.578199,23.962621],[120.577738,23.96254],[120.577722,23.962561],[120.578205,23.962646],[120.578246,23.962621]]]]}},{"type":"Feature","properties":{"n":"無名路","v":"員林市","w":2.54,"c":2.54,"r":null},"geometry":{"type":"MultiPolygon","coordinates":[[[[120.578418,23.961797],[120.578402,23.961772],[120.577959,23.96169],[120.577955,23.961711],[120.578395,23.961794],[120.578418,23.961797]]]]}},{"type":"Feature","properties":{"n":"和平東街","v":"員林市","w":2.98,"c":1.04,"r":3},"geometry":{"type":"MultiPolygon","coordinates":[[[[120.579593,23.963054],[120.579152,23.962962],[120.578864,23.962912],[120.578507,23.962858],[120.57849,23.96285],[120.578314,23.962816],[120.578299,23.962815],[120.578288,23.962844],[120.578406,23.962866],[120.578405,23.962874],[120.578887,23.962955],[120.578889,23.962946],[120.579089,23.962979],[120.579324,23.963025],[120.579586,23.963084],[120.579593,23.963054]]]]}},{"type":"Feature","properties":{"n":"成功路","v":"員林市","w":4.03,"c":1.53,"r":null},"geometry":{"type":"MultiPolygon","coordinates":[[[[120.579261,23.96455],[120.577487,23.964373],[120.577449,23.964372],[120.577439,23.964382],[120.577477,23.96441],[120.578947,23.964552],[120.579233,23.964586],[120.579257,23.964579],[120.579261,23.96455]]]]}},{"type":"Feature","properties":{"n":"大同路一段","v":"員林市","w":3.48,"c":1.96,"r":null},"geometry":{"type":"MultiPolygon","coordinates":[[[[120.579593,23.963054],[120.57956,23.963242],[120.57941,23.963963],[120.579391,23.963977],[120.579378,23.964037],[120.579388,23.964055],[120.579319,23.964388],[120.57935,23.964394],[120.579635,23.963063],[120.579593,23.963054]]]]}},{"type":"Feature","properties":{"n":"中山路","v":"埔心鄉","w":2.53,"c":1.19,"r":null},"geometry":{"type":"MultiPolygon","coordinates":[[[[120.559908,23.940471],[120.55993,23.94046],[120.559338,23.939449],[120.558943,23.938778],[120.558915,23.938777],[120.559368,23.93955],[120.559908,23.940471]]]]}},{"type":"Feature","properties":{"n":"中山路","v":"埔心鄉","w":2.3,"c":0.75,"r":null},"geometry":{"type":"MultiPolygon","coordinates":[[[[120.558891,23.938688],[120.558669,23.938335],[120.558621,23.938277],[120.55853,23.938181],[120.558209,23.937875],[120.558172,23.937871],[120.558514,23.938196],[120.558618,23.938307],[120.558651,23.938347],[120.558725,23.938461],[120.558872,23.9387],[120.558878,23.938696],[120.558891,23.938688]]]]}},{"type":"Feature","properties":{"n":"員鹿路二段","v":"埔心鄉","w":2.5,"c":2.5,"r":8},"geometry":{"type":"MultiPolygon","coordinates":[[[[120.543347,23.952896],[120.545315,23.952891],[120.545332,23.952879],[120.543347,23.952869],[120.543347,23.952896]]]]}},{"type":"Feature","properties":{"n":"育英路","v":"埔心鄉","w":2.78,"c":2.1,"r":3},"geometry":{"type":"MultiPolygon","coordinates":[[[[120.543191,23.953333],[120.543194,23.953301],[120.543186,23.953289],[120.543174,23.953283],[120.54314,23.95329],[120.541839,23.953568],[120.541689,23.953605],[120.54166,23.953627],[120.541796,23.953599],[120.541971,23.953595],[120.542019,23.953553],[120.543146,23.953314],[120.543154,23.953325],[120.543191,23.953333]]]]}},{"type":"Feature","properties":{"n":"無名路","v":"埔心鄉","w":1.57,"c":1.57,"r":2},"geometry":{"type":"MultiPolygon","coordinates":[[[[120.552567,23.937844],[120.55257,23.937827],[120.552541,23.937842],[120.552497,23.937882],[120.552456,23.938172],[120.552459,23.938195],[120.552475,23.938209],[120.552483,23.938206],[120.552472,23.938167],[120.552511,23.937894],[120.552567,23.937844]]]]}},{"type":"Feature","properties":{"n":"員鹿路二段","v":"埔鹽鄉","w":7.1,"c":6,"r":null},"geometry":{"type":"MultiPolygon","coordinates":[[[[120.459415,24.007787],[120.459457,24.007793],[120.459508,24.007759],[120.459698,24.007347],[120.459708,24.00734],[120.459751,24.007245],[120.459757,24.007247],[120.459874,24.006996],[120.459861,24.006991],[120.459922,24.006867],[120.459976,24.006735],[120.459938,24.006724],[120.459828,24.006978],[120.459659,24.007347],[120.459452,24.007768],[120.459428,24.00776],[120.459415,24.007787]]]]}},{"type":"Feature","properties":{"n":"溪林路","v":"埤頭鄉","w":3.54,"c":2.67,"r":null},"geometry":{"type":"MultiPolygon","coordinates":[[[[120.459595,23.84686],[120.459593,23.846895],[120.460174,23.846933],[120.460169,23.846941],[120.46017,23.846961],[120.460184,23.84698],[120.460198,23.846985],[120.460213,23.846979],[120.460213,23.846986],[120.460224,23.846985],[120.460224,23.846976],[120.460243,23.846976],[120.460243,23.846982],[120.460301,23.846982],[120.460301,23.846955],[120.460311,23.846955],[120.46031,23.846973],[120.460322,23.846973],[120.460322,23.846964],[120.460337,23.846965],[120.460348,23.846959],[120.460351,23.846941],[120.461007,23.846983],[120.461007,23.846949],[120.460173,23.846902],[120.459595,23.84686],[120.459595,23.84686]]]]}},{"type":"Feature","properties":{"n":"健安路","v":"埤頭鄉","w":1.65,"c":1.65,"r":null},"geometry":{"type":"MultiPolygon","coordinates":[[[[120.457747,23.895333],[120.457704,23.895248],[120.457424,23.894616],[120.457416,23.894623],[120.457422,23.894642],[120.457667,23.895202],[120.457733,23.895338],[120.457747,23.895333]]]]}},{"type":"Feature","properties":{"n":"大學路","v":"埤頭鄉","w":4,"c":2.27,"r":7},"geometry":{"type":"MultiPolygon","coordinates":[[[[120.496716,23.870522],[120.496803,23.870508],[120.496851,23.870424],[120.497869,23.867803],[120.497832,23.867791],[120.496863,23.870281],[120.496774,23.870476],[120.496752,23.870501],[120.496724,23.870519],[120.496716,23.870522]]]]}},{"type":"Feature","properties":{"n":"大學路","v":"埤頭鄉","w":3.6,"c":2.7,"r":6},"geometry":{"type":"MultiPolygon","coordinates":[[[[120.498152,23.867348],[120.49812,23.867337],[120.497589,23.868735],[120.496972,23.870318],[120.496968,23.870352],[120.496978,23.870394],[120.497801,23.868289],[120.497995,23.867789],[120.498104,23.867492],[120.498152,23.867348]]]]}},{"type":"Feature","properties":{"n":"萬壽路","v":"鹿港鎮","w":3.53,"c":2.01,"r":2},"geometry":{"type":"MultiPolygon","coordinates":[[[[120.437419,24.054353],[120.437572,24.053727],[120.437537,24.053719],[120.437391,24.054327],[120.437419,24.054353]]]]}},{"type":"Feature","properties":{"n":"景興街","v":"鹿港鎮","w":3.62,"c":2.01,"r":4},"geometry":{"type":"MultiPolygon","coordinates":[[[[120.437419,24.054353],[120.437391,24.054327],[120.437345,24.054339],[120.43671,24.054235],[120.436686,24.054181],[120.436837,24.053922],[120.436868,24.053875],[120.436931,24.053589],[120.436897,24.053582],[120.436833,24.053858],[120.43665,24.054177],[120.436682,24.054264],[120.437349,24.054374],[120.437419,24.054353]]]]}},{"type":"Feature","properties":{"n":"無名路","v":"鹿港鎮","w":3.73,"c":1.99,"r":3},"geometry":{"type":"MultiPolygon","coordinates":[[[[120.43884,24.052661],[120.438847,24.052679],[120.438864,24.052698],[120.440247,24.052995],[120.440213,24.052954],[120.438926,24.052678],[120.438895,24.052671],[120.438883,24.052657],[120.43884,24.052661]]]]}},{"type":"Feature","properties":{"n":"復興路","v":"鹿港鎮","w":4.06,"c":4.06,"r":null},"geometry":{"type":"MultiPolygon","coordinates":[[[[120.43884,24.052661],[120.438883,24.052657],[120.438948,24.052392],[120.438909,24.052383],[120.438889,24.052463],[120.43884,24.052661]]]]}},{"type":"Feature","properties":{"n":"復興路","v":"鹿港鎮","w":4.28,"c":2.74,"r":2},"geometry":{"type":"MultiPolygon","coordinates":[[[[120.439066,24.051888],[120.439129,24.051636],[120.439143,24.051618],[120.43921,24.051596],[120.439283,24.051613],[120.439341,24.051418],[120.439241,24.05139],[120.439205,24.051348],[120.439203,24.051327],[120.439233,24.051191],[120.439476,24.050229],[120.439434,24.050222],[120.439029,24.051879],[120.439066,24.051888]]]]}},{"type":"Feature","properties":{"n":"復興南路","v":"鹿港鎮","w":4.7,"c":2.91,"r":2},"geometry":{"type":"MultiPolygon","coordinates":[[[[120.430749,24.052155],[120.430764,24.052157],[120.430791,24.052152],[120.430808,24.05214],[120.43083,24.052095],[120.430859,24.052052],[120.431718,24.050967],[120.431726,24.050951],[120.431725,24.050924],[120.431715,24.050909],[120.431677,24.050875],[120.431635,24.050905],[120.431677,24.050943],[120.431649,24.050979],[120.431639,24.050972],[120.431595,24.051027],[120.431604,24.051033],[120.431542,24.051112],[120.431481,24.05118],[120.431378,24.051289],[120.431295,24.051368],[120.431231,24.051488],[120.431135,24.051631],[120.430861,24.051977],[120.430804,24.052058],[120.430754,24.052147],[120.430749,24.052155]]]]}},{"type":"Feature","properties":{"n":"復興南路","v":"鹿港鎮","w":4.94,"c":2.85,"r":2},"geometry":{"type":"MultiPolygon","coordinates":[[[[120.430096,24.0534],[120.43013,24.053401],[120.430152,24.053389],[120.430726,24.052301],[120.430719,24.05227],[120.430712,24.05226],[120.4307,24.052253],[120.430169,24.053253],[120.430155,24.053247],[120.430121,24.053311],[120.430132,24.053315],[120.430106,24.053376],[120.430096,24.0534]]]]}},{"type":"Feature","properties":{"n":"復興南路","v":"鹿港鎮","w":4.43,"c":2.11,"r":3},"geometry":{"type":"MultiPolygon","coordinates":[[[[120.429141,24.055478],[120.429117,24.055519],[120.429158,24.05554],[120.429189,24.055544],[120.429204,24.055541],[120.429232,24.055517],[120.429484,24.054699],[120.430074,24.053535],[120.43007,24.05351],[120.43005,24.053491],[120.429977,24.053633],[120.429961,24.053626],[120.429931,24.053686],[120.429947,24.053693],[120.42946,24.054642],[120.429416,24.054758],[120.42927,24.055235],[120.429257,24.055232],[120.429222,24.055288],[120.429238,24.055297],[120.429156,24.05545],[120.429141,24.055478]]]]}},{"type":"Feature","properties":{"n":"中正路","v":"鹿港鎮","w":3.81,"c":1.54,"r":1},"geometry":{"type":"MultiPolygon","coordinates":[[[[120.441155,24.052178],[120.441142,24.052229],[120.441177,24.052237],[120.441544,24.050663],[120.441791,24.049559],[120.441749,24.049574],[120.441435,24.05099],[120.441212,24.051937],[120.441155,24.052178]]]]}},{"type":"Feature","properties":{"n":"民主街","v":"鹿港鎮","w":4.11,"c":2.84,"r":null},"geometry":{"type":"MultiPolygon","coordinates":[[[[120.441914,24.059038],[120.44195,24.059036],[120.44191,24.058177],[120.441916,24.058176],[120.441914,24.058122],[120.441908,24.058122],[120.441887,24.057667],[120.441845,24.05767],[120.441902,24.058826],[120.441914,24.059038]]]]}},{"type":"Feature","properties":{"n":"長安路","v":"鹿港鎮","w":4.14,"c":2.96,"r":1},"geometry":{"type":"MultiPolygon","coordinates":[[[[120.443334,24.05902],[120.443375,24.059021],[120.44338,24.058479],[120.44338,24.057669],[120.443339,24.057669],[120.443339,24.058263],[120.443309,24.058263],[120.443309,24.058293],[120.443329,24.058293],[120.443329,24.058326],[120.443336,24.058327],[120.443336,24.058367],[120.443322,24.058367],[120.443323,24.058526],[120.443312,24.058526],[120.443312,24.058551],[120.443339,24.058552],[120.443336,24.058917],[120.443334,24.05902]]]]}},{"type":"Feature","properties":{"n":"東興路","v":"鹿港鎮","w":3.85,"c":1.96,"r":null},"geometry":{"type":"MultiPolygon","coordinates":[[[[120.440247,24.052995],[120.440286,24.052904],[120.440311,24.052831],[120.44034,24.052694],[120.440303,24.052687],[120.440263,24.05286],[120.440223,24.05292],[120.440213,24.052954],[120.440247,24.052995]]]]}},{"type":"Feature","properties":{"n":"鹿工南七路","v":"鹿港鎮","w":3.54,"c":2.11,"r":null},"geometry":{"type":"MultiPolygon","coordinates":[[[[120.385711,24.058513],[120.385803,24.058602],[120.385772,24.060277],[120.385779,24.060279],[120.385801,24.060268],[120.385836,24.058608],[120.385826,24.058573],[120.385794,24.058529],[120.385769,24.05851],[120.385714,24.058491],[120.385711,24.058513]]]]}},{"type":"Feature","properties":{"n":"鹿工北二路","v":"鹿港鎮","w":3.53,"c":1.89,"r":null},"geometry":{"type":"MultiPolygon","coordinates":[[[[120.412921,24.078529],[120.41289,24.078497],[120.4129,24.077955],[120.412939,24.077918],[120.412951,24.077913],[120.412951,24.077899],[120.412908,24.077898],[120.41288,24.077915],[120.412868,24.077936],[120.412865,24.077958],[120.412855,24.078498],[120.412869,24.078524],[120.412911,24.078544],[120.412921,24.078529]]]]}},{"type":"Feature","properties":{"n":"鹿工北二路","v":"鹿港鎮","w":3.35,"c":2.06,"r":null},"geometry":{"type":"MultiPolygon","coordinates":[[[[120.412901,24.079315],[120.412902,24.079302],[120.412871,24.079279],[120.412886,24.078653],[120.412895,24.078626],[120.412907,24.078619],[120.412907,24.078603],[120.412903,24.078603],[120.412872,24.078614],[120.412857,24.078644],[120.412853,24.078669],[120.41284,24.079094],[120.412839,24.079268],[120.412853,24.079298],[120.412889,24.079314],[120.412901,24.079315]]]]}},{"type":"Feature","properties":{"n":"鹿工南一路","v":"鹿港鎮","w":3.31,"c":1.69,"r":null},"geometry":{"type":"MultiPolygon","coordinates":[[[[120.411475,24.075884],[120.411451,24.077137],[120.411456,24.077176],[120.411478,24.077217],[120.411523,24.077186],[120.411484,24.077152],[120.411492,24.076627],[120.411511,24.076137],[120.411505,24.075876],[120.411479,24.075879],[120.411475,24.075884]]]]}},{"type":"Feature","properties":{"n":"安吉路","v":"鹿港鎮","w":3.71,"c":2.25,"r":null},"geometry":{"type":"MultiPolygon","coordinates":[[[[120.415511,24.077258],[120.415495,24.077234],[120.415424,24.077197],[120.415359,24.077181],[120.41527,24.077173],[120.414724,24.076023],[120.414576,24.075775],[120.414405,24.075537],[120.414319,24.075427],[120.414226,24.075319],[120.414068,24.075155],[120.413857,24.074964],[120.413638,24.074794],[120.413507,24.074703],[120.413406,24.074641],[120.413398,24.074652],[120.413256,24.074566],[120.413002,24.074432],[120.412787,24.07434],[120.412488,24.074235],[120.411279,24.073841],[120.410974,24.073738],[120.410687,24.073619],[120.410582,24.07357],[120.410591,24.073555],[120.410297,24.07341],[120.41029,24.073422],[120.410173,24.073361],[120.409954,24.073221],[120.409735,24.07307],[120.409658,24.073012],[120.409511,24.072895],[120.409358,24.072763],[120.40927,24.07268],[120.409042,24.072452],[120.409059,24.072439],[120.40886,24.072207],[120.408846,24.072217],[120.408708,24.072038],[120.408577,24.071849],[120.408467,24.071669],[120.408276,24.071295],[120.408109,24.070902],[120.408127,24.070896],[120.408009,24.070608],[120.40799,24.070613],[120.407939,24.070492],[120.407931,24.070498],[120.407925,24.070509],[120.407975,24.07063],[120.40798,24.070634],[120.407999,24.07063],[120.408104,24.070884],[120.408085,24.070894],[120.408252,24.071296],[120.408364,24.07152],[120.408436,24.071652],[120.408579,24.071888],[120.408706,24.07207],[120.408834,24.072234],[120.408842,24.072236],[120.408856,24.072225],[120.409036,24.072437],[120.409023,24.072447],[120.409023,24.072455],[120.409218,24.072656],[120.409355,24.072785],[120.409571,24.072966],[120.409734,24.073094],[120.409906,24.073215],[120.410115,24.073347],[120.410286,24.073444],[120.410293,24.073445],[120.410306,24.073428],[120.410564,24.07356],[120.410555,24.073573],[120.410556,24.073579],[120.410729,24.073658],[120.410905,24.073731],[120.411005,24.073767],[120.411234,24.073846],[120.412628,24.074299],[120.412786,24.074357],[120.412967,24.074436],[120.413263,24.074593],[120.413464,24.074717],[120.413617,24.074823],[120.413755,24.074928],[120.413843,24.075001],[120.413979,24.075122],[120.414129,24.075266],[120.414346,24.075519],[120.414514,24.075744],[120.414623,24.075924],[120.414714,24.076086],[120.415259,24.077238],[120.41528,24.077264],[120.415334,24.077292],[120.415384,24.077301],[120.415435,24.07729],[120.415511,24.077258]]]]}},{"type":"Feature","properties":{"n":"吉安南路","v":"鹿港鎮","w":3.91,"c":2.09,"r":null},"geometry":{"type":"MultiPolygon","coordinates":[[[[120.405053,24.063485],[120.404938,24.063203],[120.404933,24.063155],[120.404823,24.0629],[120.404702,24.062655],[120.404571,24.062411],[120.404465,24.062233],[120.404321,24.062007],[120.40414,24.061744],[120.403997,24.061554],[120.403716,24.061216],[120.403501,24.060982],[120.403302,24.060781],[120.40287,24.060392],[120.402467,24.06008],[120.402242,24.059923],[120.402003,24.05977],[120.401766,24.05963],[120.401421,24.059438],[120.40097,24.05923],[120.400652,24.059096],[120.400202,24.05894],[120.399652,24.058783],[120.399353,24.058714],[120.39909,24.058663],[120.398623,24.058595],[120.398322,24.058563],[120.398198,24.058554],[120.398164,24.058557],[120.397798,24.058541],[120.394835,24.058489],[120.392627,24.058446],[120.392398,24.05845],[120.379094,24.058226],[120.379094,24.058251],[120.397743,24.058567],[120.398149,24.058583],[120.398455,24.058609],[120.398771,24.058645],[120.399181,24.058714],[120.399407,24.05876],[120.399734,24.058837],[120.400188,24.058967],[120.400454,24.05906],[120.400743,24.05917],[120.401071,24.05931],[120.401359,24.059449],[120.401814,24.059699],[120.402085,24.059867],[120.402398,24.060075],[120.402792,24.060378],[120.403265,24.060797],[120.403607,24.061147],[120.403776,24.061342],[120.404085,24.061732],[120.404333,24.062091],[120.404539,24.062432],[120.404711,24.062757],[120.404888,24.06314],[120.40503,24.063479],[120.405045,24.063485],[120.405053,24.063485]]]]}},{"type":"Feature","properties":{"n":"工業西三路","v":"鹿港鎮","w":2,"c":2,"r":null},"geometry":{"type":"MultiPolygon","coordinates":[[[[120.389157,24.066008],[120.38601,24.065954],[120.385941,24.065962],[120.385886,24.065996],[120.385929,24.066039],[120.386002,24.065973],[120.386014,24.065972],[120.389156,24.066021],[120.389157,24.066008]]]]}},{"type":"Feature","properties":{"n":"鹿工南六路","v":"鹿港鎮","w":2.32,"c":0.99,"r":null},"geometry":{"type":"MultiPolygon","coordinates":[[[[120.389157,24.066008],[120.389156,24.066021],[120.389279,24.066118],[120.389148,24.072466],[120.389145,24.07254],[120.389105,24.072572],[120.38915,24.072605],[120.389159,24.072587],[120.389169,24.072541],[120.389305,24.066122],[120.389284,24.066077],[120.389258,24.066047],[120.389209,24.066015],[120.389166,24.066009],[120.389157,24.066008]]]]}},{"type":"Feature","properties":{"n":"鹿工南五路","v":"鹿港鎮","w":3.34,"c":1.64,"r":null},"geometry":{"type":"MultiPolygon","coordinates":[[[[120.392882,24.073022],[120.392845,24.074886],[120.392801,24.076666],[120.392799,24.076874],[120.392815,24.076877],[120.39283,24.076848],[120.392837,24.076813],[120.392914,24.073021],[120.392882,24.073022]]]]}},{"type":"Feature","properties":{"n":"鹿工南六路","v":"鹿港鎮","w":2.15,"c":0.92,"r":null},"geometry":{"type":"MultiPolygon","coordinates":[[[[120.389212,24.076752],[120.389259,24.074553],[120.389281,24.073261],[120.389309,24.07326],[120.389313,24.073193],[120.389344,24.07319],[120.389342,24.073054],[120.389288,24.073053],[120.389289,24.072963],[120.38927,24.07296],[120.389236,24.074372],[120.389189,24.076753],[120.389212,24.076752]]]]}},{"type":"Feature","properties":{"n":"鹿工南六路","v":"鹿港鎮","w":2.17,"c":1.02,"r":1},"geometry":{"type":"MultiPolygon","coordinates":[[[[120.38906,24.076748],[120.38908,24.076748],[120.389161,24.072959],[120.389137,24.07296],[120.389063,24.076539],[120.38906,24.076748]]]]}},{"type":"Feature","properties":{"n":"鹿工南七路","v":"鹿港鎮","w":4.25,"c":2.7,"r":null},"geometry":{"type":"MultiPolygon","coordinates":[[[[120.38577,24.076809],[120.385675,24.076704],[120.385668,24.076327],[120.385701,24.074634],[120.385741,24.072903],[120.385708,24.072899],[120.38563,24.076558],[120.385635,24.076728],[120.38564,24.076741],[120.385665,24.076778],[120.385703,24.076808],[120.385744,24.076822],[120.385769,24.076824],[120.38577,24.076809]]]]}},{"type":"Feature","properties":{"n":"鹿工南七路","v":"鹿港鎮","w":3.36,"c":1.63,"r":1},"geometry":{"type":"MultiPolygon","coordinates":[[[[120.385325,24.076801],[120.385324,24.076816],[120.385366,24.076809],[120.385397,24.076794],[120.385431,24.076766],[120.385456,24.076724],[120.385463,24.076662],[120.385796,24.060488],[120.38578,24.060474],[120.385761,24.060472],[120.385766,24.0605],[120.385749,24.061524],[120.385699,24.063741],[120.385667,24.065477],[120.385605,24.068285],[120.385429,24.076706],[120.385325,24.076801]]]]}},{"type":"Feature","properties":{"n":"鹿工路","v":"鹿港鎮","w":1.78,"c":1.78,"r":null},"geometry":{"type":"MultiPolygon","coordinates":[[[[120.385325,24.076801],[120.380954,24.076724],[120.380953,24.076741],[120.385324,24.076816],[120.385325,24.076801]]]]}},{"type":"Feature","properties":{"n":"工業西六路","v":"鹿港鎮","w":3.55,"c":1.88,"r":null},"geometry":{"type":"MultiPolygon","coordinates":[[[[120.389161,24.072959],[120.389155,24.072918],[120.389129,24.072874],[120.389092,24.072844],[120.38905,24.072827],[120.387821,24.072802],[120.385843,24.07277],[120.385787,24.072785],[120.385748,24.072812],[120.385728,24.072832],[120.385714,24.072859],[120.385708,24.072899],[120.385741,24.072903],[120.385798,24.072847],[120.385861,24.072802],[120.387912,24.072832],[120.389017,24.072856],[120.389137,24.07296],[120.389161,24.072959]]]]}},{"type":"Feature","properties":{"n":"鹿工路","v":"鹿港鎮","w":1.7,"c":1.7,"r":null},"geometry":{"type":"MultiPolygon","coordinates":[[[[120.38577,24.076809],[120.385769,24.076824],[120.388938,24.076879],[120.388991,24.076869],[120.389037,24.076841],[120.38906,24.076814],[120.389075,24.076785],[120.38908,24.076748],[120.38906,24.076748],[120.388932,24.076864],[120.386768,24.076826],[120.38577,24.076809]]]]}},{"type":"Feature","properties":{"n":"工業西六路","v":"鹿港鎮","w":3.53,"c":1.96,"r":null},"geometry":{"type":"MultiPolygon","coordinates":[[[[120.392914,24.073021],[120.392902,24.07297],[120.392882,24.072939],[120.392857,24.072917],[120.392792,24.072891],[120.389419,24.072831],[120.389373,24.072836],[120.389315,24.072864],[120.389298,24.072881],[120.389278,24.072914],[120.38927,24.07296],[120.389289,24.072963],[120.389416,24.072861],[120.391746,24.072901],[120.392771,24.072921],[120.392882,24.073022],[120.392914,24.073021]]]]}},{"type":"Feature","properties":{"n":"鹿工路","v":"鹿港鎮","w":1.76,"c":1.76,"r":2},"geometry":{"type":"MultiPolygon","coordinates":[[[[120.389236,24.077251],[120.389249,24.077252],[120.389325,24.077183],[120.392559,24.077236],[120.392774,24.077247],[120.39282,24.077274],[120.392894,24.077328],[120.392926,24.077303],[120.392899,24.077274],[120.392873,24.077253],[120.392828,24.077234],[120.392784,24.077226],[120.389328,24.077167],[120.389278,24.077174],[120.389247,24.077187],[120.389203,24.077224],[120.389236,24.077251]]]]}},{"type":"Feature","properties":{"n":"鹿工北三路","v":"鹿港鎮","w":3.38,"c":1.87,"r":null},"geometry":{"type":"MultiPolygon","coordinates":[[[[120.394183,24.080419],[120.394193,24.080447],[120.394223,24.080443],[120.394251,24.08043],[120.394288,24.080401],[120.39431,24.08037],[120.394321,24.080344],[120.394321,24.080293],[120.394311,24.08026],[120.392926,24.077303],[120.392894,24.077328],[120.393047,24.077627],[120.394282,24.080277],[120.39421,24.080382],[120.394183,24.080419]]]]}},{"type":"Feature","properties":{"n":"鹿工南六路","v":"鹿港鎮","w":2.46,"c":1.32,"r":null},"geometry":{"type":"MultiPolygon","coordinates":[[[[120.389251,24.080363],[120.389255,24.080334],[120.389139,24.080228],[120.389198,24.077391],[120.389213,24.077392],[120.389216,24.077282],[120.389236,24.077251],[120.389203,24.077224],[120.389187,24.077254],[120.389177,24.077309],[120.389115,24.080208],[120.389119,24.080264],[120.389132,24.080293],[120.389158,24.080324],[120.389184,24.080344],[120.389233,24.080361],[120.389251,24.080363]]]]}},{"type":"Feature","properties":{"n":"鹿工北六路","v":"鹿港鎮","w":3.45,"c":1.84,"r":null},"geometry":{"type":"MultiPolygon","coordinates":[[[[120.380826,24.07703],[120.38084,24.077035],[120.380939,24.077143],[120.380942,24.07719],[120.380877,24.080386],[120.380911,24.080385],[120.380977,24.077139],[120.380972,24.077116],[120.380949,24.077074],[120.380906,24.077037],[120.380872,24.077023],[120.380823,24.077018],[120.380826,24.07703]]]]}},{"type":"Feature","properties":{"n":"工業西七路","v":"鹿港鎮","w":3.47,"c":1.9,"r":null},"geometry":{"type":"MultiPolygon","coordinates":[[[[120.388982,24.080651],[120.388999,24.080651],[120.388998,24.080629],[120.388986,24.080597],[120.388957,24.080551],[120.388935,24.080532],[120.388916,24.080524],[120.38885,24.080508],[120.383313,24.080411],[120.382417,24.080399],[120.381227,24.080374],[120.381176,24.080382],[120.381125,24.080407],[120.381097,24.080435],[120.381088,24.080451],[120.381075,24.080503],[120.381108,24.080507],[120.381225,24.080406],[120.386778,24.080499],[120.38871,24.080536],[120.388857,24.080542],[120.388982,24.080651]]]]}},{"type":"Feature","properties":{"n":"工業西七路","v":"鹿港鎮","w":3.11,"c":1.57,"r":null},"geometry":{"type":"MultiPolygon","coordinates":[[[[120.391653,24.080679],[120.391676,24.080674],[120.391664,24.080637],[120.391635,24.080596],[120.391588,24.080566],[120.391563,24.080559],[120.391506,24.080554],[120.389228,24.080515],[120.389201,24.080523],[120.389156,24.080554],[120.389124,24.080585],[120.389108,24.080647],[120.38914,24.080645],[120.389226,24.080558],[120.38925,24.080544],[120.391538,24.080584],[120.391599,24.080632],[120.391653,24.080679]]]]}},{"type":"Feature","properties":{"n":"工業西七路","v":"鹿港鎮","w":3.25,"c":1.71,"r":null},"geometry":{"type":"MultiPolygon","coordinates":[[[[120.389251,24.080363],[120.394193,24.080447],[120.394183,24.080419],[120.389255,24.080334],[120.389251,24.080363]]]]}},{"type":"Feature","properties":{"n":"彰濱工業區服務中","v":"鹿港鎮","w":1.26,"c":1.26,"r":null},"geometry":{"type":"MultiPolygon","coordinates":[[[[120.414538,24.077931],[120.414509,24.077925],[120.413417,24.07791],[120.41342,24.077922],[120.414508,24.077939],[120.414534,24.077943],[120.414538,24.077931]]]]}},{"type":"Feature","properties":{"n":"吉安南路","v":"鹿港鎮","w":1.82,"c":1.82,"r":null},"geometry":{"type":"MultiPolygon","coordinates":[[[[120.385711,24.058513],[120.385714,24.058491],[120.385691,24.058488],[120.378932,24.058374],[120.378932,24.058388],[120.379085,24.058393],[120.385624,24.058504],[120.385711,24.058513]]]]}},{"type":"Feature","properties":{"n":"環工三路","v":"鹿港鎮","w":2.41,"c":2.41,"r":null},"geometry":{"type":"MultiPolygon","coordinates":[[[[120.394398,24.063205],[120.395673,24.063226],[120.395707,24.063256],[120.395734,24.063214],[120.395674,24.063204],[120.394397,24.063182],[120.394398,24.063205]]]]}},{"type":"Feature","properties":{"n":"環工五路","v":"鹿港鎮","w":2.74,"c":2.74,"r":2},"geometry":{"type":"MultiPolygon","coordinates":[[[[120.394398,24.063205],[120.394397,24.063182],[120.394366,24.063184],[120.394318,24.063199],[120.394287,24.063221],[120.394255,24.063273],[120.394246,24.063352],[120.394216,24.064763],[120.394218,24.064799],[120.394225,24.064817],[120.394244,24.064841],[120.394278,24.06479],[120.39424,24.064768],[120.394265,24.063527],[120.394271,24.063409],[120.394329,24.06341],[120.394334,24.063264],[120.394398,24.063205]]]]}},{"type":"Feature","properties":{"n":"彰濱工業區服務中","v":"鹿港鎮","w":1.46,"c":1.46,"r":null},"geometry":{"type":"MultiPolygon","coordinates":[[[[120.412975,24.077912],[120.413227,24.077916],[120.413252,24.077923],[120.413259,24.07793],[120.413269,24.077941],[120.413274,24.077955],[120.413273,24.077977],[120.413289,24.077979],[120.413288,24.077952],[120.41328,24.07793],[120.413249,24.077908],[120.413224,24.077903],[120.412972,24.077897],[120.412975,24.077912]]]]}},{"type":"Feature","properties":{"n":"彰濱工業區服務中","v":"鹿港鎮","w":1.61,"c":1.61,"r":null},"geometry":{"type":"MultiPolygon","coordinates":[[[[120.414126,24.079322],[120.414046,24.079319],[120.414049,24.079234],[120.413832,24.07923],[120.413831,24.079316],[120.413382,24.079308],[120.413382,24.079322],[120.41383,24.07933],[120.413846,24.079319],[120.413847,24.079253],[120.414032,24.079255],[120.414031,24.07932],[120.414039,24.079331],[120.414115,24.079334],[120.414124,24.079328],[120.414126,24.079322]]]]}},{"type":"Feature","properties":{"n":"彰濱工業區服務中","v":"鹿港鎮","w":1.49,"c":1.49,"r":null},"geometry":{"type":"MultiPolygon","coordinates":[[[[120.414417,24.078914],[120.414426,24.078922],[120.414458,24.078894],[120.414539,24.078972],[120.414531,24.07928],[120.414504,24.079323],[120.414488,24.079328],[120.414293,24.079324],[120.414301,24.079338],[120.414498,24.079339],[120.414527,24.079325],[120.414545,24.079297],[120.414551,24.078965],[120.414543,24.078952],[120.414457,24.078874],[120.414417,24.078914]]]]}},{"type":"Feature","properties":{"n":"彰濱工業區服務中","v":"鹿港鎮","w":1.43,"c":1.43,"r":null},"geometry":{"type":"MultiPolygon","coordinates":[[[[120.414275,24.078782],[120.414317,24.078742],[120.414204,24.078636],[120.414187,24.078629],[120.414082,24.078626],[120.414055,24.078634],[120.414052,24.078674],[120.414072,24.078674],[120.414072,24.07864],[120.414184,24.078642],[120.414196,24.078646],[120.414289,24.078734],[120.414291,24.078744],[120.414258,24.078774],[120.414275,24.078782]]]]}},{"type":"Feature","properties":{"n":"彰濱工業區服務中","v":"鹿港鎮","w":1.76,"c":1.76,"r":null},"geometry":{"type":"MultiPolygon","coordinates":[[[[120.41363,24.078772],[120.41364,24.078762],[120.413608,24.078733],[120.413705,24.078642],[120.413727,24.078634],[120.41383,24.078635],[120.413829,24.078666],[120.413853,24.078666],[120.41385,24.078631],[120.413829,24.078623],[120.413735,24.078622],[120.413701,24.07863],[120.413584,24.078732],[120.41363,24.078772]]]]}},{"type":"Feature","properties":{"n":"彰濱工業區服務中","v":"鹿港鎮","w":1.65,"c":1.65,"r":null},"geometry":{"type":"MultiPolygon","coordinates":[[[[120.413505,24.078641],[120.413524,24.078665],[120.413525,24.078686],[120.413516,24.078701],[120.413439,24.07877],[120.413423,24.078779],[120.413398,24.078778],[120.413396,24.078794],[120.413419,24.078795],[120.413449,24.078782],[120.413531,24.078706],[120.41354,24.078687],[120.413537,24.078654],[120.413513,24.078626],[120.413503,24.07864],[120.413505,24.078641]]]]}},{"type":"Feature","properties":{"n":"彰濱工業區服務中","v":"鹿港鎮","w":1.66,"c":1.66,"r":null},"geometry":{"type":"MultiPolygon","coordinates":[[[[120.413503,24.07864],[120.413513,24.078626],[120.413458,24.078613],[120.413388,24.078618],[120.413358,24.078638],[120.413345,24.078662],[120.413342,24.078736],[120.413354,24.078765],[120.413364,24.078778],[120.413396,24.078794],[120.413398,24.078778],[120.413372,24.078763],[120.413359,24.078739],[120.413361,24.078664],[120.413374,24.078645],[120.413397,24.07863],[120.413474,24.078629],[120.413492,24.078633],[120.413503,24.07864]]]]}},{"type":"Feature","properties":{"n":"彰濱工業區服務中","v":"鹿港鎮","w":1.31,"c":1.31,"r":null},"geometry":{"type":"MultiPolygon","coordinates":[[[[120.414509,24.078558],[120.414077,24.078551],[120.414079,24.078494],[120.413832,24.078488],[120.413831,24.078548],[120.413411,24.078538],[120.413411,24.078552],[120.413842,24.07856],[120.413855,24.078553],[120.413858,24.078511],[120.414053,24.078514],[120.414052,24.078553],[120.414065,24.078565],[120.41451,24.078569],[120.414509,24.078558]]]]}},{"type":"Feature","properties":{"n":"彰濱工業區服務中","v":"鹿港鎮","w":1.18,"c":1.18,"r":null},"geometry":{"type":"MultiPolygon","coordinates":[[[[120.414509,24.078558],[120.41451,24.078569],[120.414532,24.078563],[120.414551,24.078546],[120.41456,24.078525],[120.414573,24.077966],[120.41456,24.077945],[120.414538,24.077931],[120.414534,24.077943],[120.414551,24.077954],[120.41456,24.077971],[120.414547,24.078517],[120.414536,24.078543],[120.41452,24.078555],[120.414509,24.078558]]]]}},{"type":"Feature","properties":{"n":"彰濱工業區服務中","v":"鹿港鎮","w":1.54,"c":1.54,"r":null},"geometry":{"type":"MultiPolygon","coordinates":[[[[120.413141,24.078535],[120.413139,24.078548],[120.413226,24.07855],[120.413246,24.078544],[120.413266,24.078529],[120.41328,24.078501],[120.413279,24.078483],[120.413271,24.078466],[120.413261,24.078453],[120.413231,24.078444],[120.413231,24.078456],[120.413261,24.07849],[120.413258,24.078516],[120.41324,24.078531],[120.413216,24.078536],[120.413148,24.078535],[120.413141,24.078535]]]]}},{"type":"Feature","properties":{"n":"鹿工路","v":"鹿港鎮","w":2.1,"c":2.1,"r":null},"geometry":{"type":"MultiPolygon","coordinates":[[[[120.413061,24.07758],[120.41306,24.077596],[120.413819,24.077609],[120.413819,24.077615],[120.413843,24.077616],[120.413844,24.077597],[120.413835,24.077592],[120.413773,24.077589],[120.413061,24.07758]]]]}},{"type":"Feature","properties":{"n":"鹿工北二路","v":"鹿港鎮","w":3.39,"c":1.9,"r":null},"geometry":{"type":"MultiPolygon","coordinates":[[[[120.413061,24.07758],[120.41298,24.077583],[120.412945,24.077597],[120.412897,24.077636],[120.412876,24.077678],[120.412871,24.077712],[120.412869,24.077791],[120.412882,24.077825],[120.412906,24.077834],[120.412952,24.077836],[120.412953,24.077822],[120.412903,24.077776],[120.412905,24.077685],[120.41306,24.077596],[120.413061,24.07758]]]]}},{"type":"Feature","properties":{"n":"無名路","v":"鹿港鎮","w":1.61,"c":1.61,"r":null},"geometry":{"type":"MultiPolygon","coordinates":[[[[120.41323,24.078611],[120.412907,24.078603],[120.412907,24.078619],[120.412935,24.078616],[120.413229,24.078625],[120.41323,24.078611]]]]}},{"type":"Feature","properties":{"n":"彰濱工業區服務中","v":"鹿港鎮","w":1.4,"c":1.4,"r":null},"geometry":{"type":"MultiPolygon","coordinates":[[[[120.413198,24.079305],[120.413201,24.07932],[120.413235,24.079309],[120.413256,24.079288],[120.413264,24.079262],[120.413274,24.078646],[120.41326,24.078621],[120.41323,24.078611],[120.413229,24.078625],[120.413242,24.078631],[120.413261,24.078649],[120.413248,24.079273],[120.413231,24.079291],[120.413204,24.079304],[120.413198,24.079305]]]]}},{"type":"Feature","properties":{"n":"無名路","v":"鹿港鎮","w":1.26,"c":1.26,"r":null},"geometry":{"type":"MultiPolygon","coordinates":[[[[120.412901,24.079315],[120.413201,24.07932],[120.413198,24.079305],[120.412902,24.079302],[120.412901,24.079315]]]]}},{"type":"Feature","properties":{"n":"鹿工路","v":"鹿港鎮","w":1.91,"c":1.91,"r":null},"geometry":{"type":"MultiPolygon","coordinates":[[[[120.41409,24.077657],[120.414098,24.077654],[120.414129,24.077614],[120.414287,24.077617],[120.414356,24.077705],[120.414672,24.077713],[120.414719,24.077624],[120.415183,24.077632],[120.415183,24.077615],[120.414133,24.077597],[120.414102,24.077601],[120.414087,24.07761],[120.414075,24.077625],[120.414072,24.077657],[120.41409,24.077657]]]]}},{"type":"Feature","properties":{"n":"安吉路","v":"鹿港鎮","w":1.9,"c":1.9,"r":1},"geometry":{"type":"MultiPolygon","coordinates":[[[[120.407858,24.070292],[120.407862,24.070291],[120.407842,24.07026],[120.407045,24.068316],[120.407061,24.068312],[120.406945,24.068028],[120.406929,24.068033],[120.406383,24.066708],[120.406402,24.066701],[120.406282,24.066406],[120.406263,24.066413],[120.405668,24.06497],[120.405658,24.064921],[120.405656,24.064888],[120.405673,24.06481],[120.405699,24.064761],[120.405734,24.064723],[120.40576,24.064701],[120.405747,24.064689],[120.405685,24.064748],[120.405648,24.064819],[120.405638,24.064864],[120.405636,24.064915],[120.405641,24.064954],[120.405657,24.065002],[120.405746,24.065207],[120.406248,24.066431],[120.406258,24.066435],[120.406273,24.066429],[120.406378,24.06669],[120.406361,24.066697],[120.40636,24.066703],[120.406915,24.068051],[120.406922,24.068055],[120.406939,24.068048],[120.40704,24.068301],[120.407023,24.068308],[120.407024,24.068316],[120.40731,24.068999],[120.407827,24.070275],[120.407844,24.070297],[120.407858,24.070292]]]]}},{"type":"Feature","properties":{"n":"鹿工路","v":"鹿港鎮","w":2.41,"c":2.41,"r":null},"geometry":{"type":"MultiPolygon","coordinates":[[[[120.415511,24.077258],[120.416618,24.076786],[120.416648,24.076756],[120.416645,24.07675],[120.416356,24.076862],[120.415502,24.077238],[120.415511,24.077258]]]]}},{"type":"Feature","properties":{"n":"工業西七路","v":"鹿港鎮","w":3.53,"c":2.04,"r":null},"geometry":{"type":"MultiPolygon","coordinates":[[[[120.394533,24.080731],[120.394504,24.080678],[120.394482,24.08065],[120.394435,24.08062],[120.394394,24.080608],[120.393968,24.080597],[120.391928,24.080562],[120.391878,24.080571],[120.391831,24.080598],[120.391798,24.080642],[120.391786,24.08068],[120.391788,24.080688],[120.391802,24.0807],[120.391928,24.080594],[120.394386,24.080635],[120.39448,24.080698],[120.394497,24.080737],[120.394502,24.080736],[120.394533,24.080731]]]]}},{"type":"Feature","properties":{"n":"鹿工路","v":"鹿港鎮","w":2.01,"c":2.01,"r":null},"geometry":{"type":"MultiPolygon","coordinates":[[[[120.392721,24.076941],[120.392771,24.076921],[120.392796,24.076903],[120.392815,24.076877],[120.392799,24.076874],[120.392682,24.076927],[120.389335,24.07687],[120.389212,24.076752],[120.389189,24.076753],[120.38919,24.076774],[120.389201,24.076808],[120.38922,24.076836],[120.389256,24.076867],[120.389303,24.076885],[120.389326,24.076887],[120.392694,24.076945],[120.392721,24.076941]]]]}},{"type":"Feature","properties":{"n":"鹿港文武廟","v":"鹿港鎮","w":1.75,"c":0.45,"r":9},"geometry":{"type":"MultiPolygon","coordinates":[[[[120.438821,24.048018],[120.438966,24.047963],[120.438959,24.04795],[120.438821,24.048002],[120.438688,24.047751],[120.438502,24.047902],[120.438257,24.048261],[120.438088,24.048498],[120.438065,24.048516],[120.437985,24.048597],[120.43778,24.048811],[120.437791,24.04882],[120.437906,24.048696],[120.438099,24.048504],[120.438486,24.047979],[120.438503,24.047945],[120.43851,24.047911],[120.438668,24.047783],[120.438689,24.047786],[120.438808,24.048012],[120.438821,24.048018]]]]}},{"type":"Feature","properties":{"n":"鹿港文武廟","v":"鹿港鎮","w":2.9,"c":1.5,"r":21},"geometry":{"type":"MultiPolygon","coordinates":[[[[120.438101,24.049295],[120.43807,24.049268],[120.438076,24.049261],[120.438036,24.049229],[120.437989,24.049158],[120.437792,24.048902],[120.437791,24.04882],[120.43778,24.048811],[120.437755,24.048839],[120.437747,24.048883],[120.437756,24.04891],[120.437775,24.048933],[120.437772,24.048936],[120.437776,24.048943],[120.437879,24.049057],[120.437946,24.049147],[120.438027,24.049287],[120.438071,24.049382],[120.438134,24.049547],[120.438223,24.049639],[120.438241,24.049631],[120.43815,24.049541],[120.438139,24.049515],[120.438087,24.049338],[120.438118,24.049315],[120.438109,24.049287],[120.438101,24.049295]]]]}},{"type":"Feature","properties":{"n":"鹿港鎮兒童公園","v":"鹿港鎮","w":4.01,"c":3.22,"r":null},"geometry":{"type":"MultiPolygon","coordinates":[[[[120.435916,24.059282],[120.435829,24.059039],[120.43579,24.05905],[120.435886,24.059315],[120.435884,24.059331],[120.435866,24.059342],[120.435935,24.059336],[120.435916,24.059282]]]]}},{"type":"Feature","properties":{"n":"鹿港運動場","v":"鹿港鎮","w":4.25,"c":2.25,"r":2},"geometry":{"type":"MultiPolygon","coordinates":[[[[120.435346,24.059744],[120.435337,24.05965],[120.435751,24.059587],[120.436164,24.059724],[120.436181,24.059737],[120.436192,24.059758],[120.436227,24.05974],[120.436212,24.059715],[120.436183,24.059691],[120.435755,24.059548],[120.434218,24.059787],[120.434226,24.059825],[120.435025,24.0597],[120.435038,24.059776],[120.435072,24.059826],[120.435121,24.059864],[120.435184,24.059882],[120.435228,24.059878],[120.435273,24.059857],[120.4353,24.059839],[120.435315,24.059823],[120.435339,24.059776],[120.435346,24.059744]]]]}},{"type":"Feature","properties":{"n":"洛津國小","v":"鹿港鎮","w":3.69,"c":1.87,"r":null},"geometry":{"type":"MultiPolygon","coordinates":[[[[120.429422,24.05573],[120.429401,24.055758],[120.42964,24.055915],[120.429661,24.055888],[120.429533,24.055803],[120.429422,24.05573]]]]}},{"type":"Feature","properties":{"n":"無名公園","v":"鹿港鎮","w":1.6,"c":1.6,"r":1},"geometry":{"type":"MultiPolygon","coordinates":[[[[120.429996,24.056291],[120.429857,24.056111],[120.429849,24.056089],[120.429848,24.056061],[120.429858,24.056035],[120.429927,24.055985],[120.429904,24.055983],[120.429804,24.056053],[120.429802,24.056065],[120.429983,24.056299],[120.429996,24.056291]]]]}},{"type":"Feature","properties":{"n":"文開國小","v":"鹿港鎮","w":3.3,"c":1.22,"r":5},"geometry":{"type":"MultiPolygon","coordinates":[[[[120.429367,24.055886],[120.428548,24.05661],[120.428539,24.056655],[120.428579,24.056626],[120.429396,24.055903],[120.429367,24.055886]]]]}},{"type":"Feature","properties":{"n":"文開國小","v":"鹿港鎮","w":3.3,"c":1.37,"r":8},"geometry":{"type":"MultiPolygon","coordinates":[[[[120.429367,24.055886],[120.429661,24.056077],[120.429914,24.056405],[120.429878,24.056428],[120.430139,24.056766],[120.430191,24.056735],[120.430548,24.057208],[120.430794,24.057525],[120.4308,24.057513],[120.430792,24.057494],[120.429684,24.056056],[120.429407,24.055874],[120.429367,24.055886]]]]}},{"type":"Feature","properties":{"n":"文開國小","v":"鹿港鎮","w":1.6,"c":0.83,"r":null},"geometry":{"type":"MultiPolygon","coordinates":[[[[120.429698,24.058109],[120.429754,24.058081],[120.429703,24.058071],[120.429491,24.057798],[120.429481,24.057804],[120.428569,24.056669],[120.428579,24.056626],[120.428539,24.056655],[120.429459,24.057801],[120.42967,24.058073],[120.429698,24.058109]]]]}},{"type":"Feature","properties":{"n":"文開國小","v":"鹿港鎮","w":2.55,"c":1.14,"r":3},"geometry":{"type":"MultiPolygon","coordinates":[[[[120.430781,24.057511],[120.429759,24.058079],[120.429698,24.058109],[120.429749,24.058116],[120.430796,24.057527],[120.430793,24.057522],[120.430781,24.057511]]]]}},{"type":"Feature","properties":{"n":"鹿港文武廟","v":"鹿港鎮","w":1.97,"c":1.5,"r":null},"geometry":{"type":"MultiPolygon","coordinates":[[[[120.438223,24.049639],[120.438239,24.049653],[120.438863,24.049324],[120.43908,24.049238],[120.439093,24.049229],[120.439103,24.049204],[120.439088,24.049134],[120.438992,24.049236],[120.438241,24.049631],[120.438223,24.049639]]]]}},{"type":"Feature","properties":{"n":"鹿港運動場","v":"鹿港鎮","w":4.1,"c":2.6,"r":7},"geometry":{"type":"MultiPolygon","coordinates":[[[[120.434286,24.060458],[120.434123,24.059966],[120.434141,24.059972],[120.434182,24.059971],[120.434221,24.059952],[120.434244,24.059925],[120.434252,24.059906],[120.434253,24.059876],[120.434249,24.05986],[120.434226,24.059825],[120.434218,24.059787],[120.434111,24.059804],[120.43407,24.059824],[120.434059,24.059834],[120.434052,24.059851],[120.434051,24.059879],[120.434236,24.060442],[120.434254,24.060484],[120.434295,24.060535],[120.434734,24.060962],[120.434821,24.061061],[120.435223,24.062538],[120.435262,24.062529],[120.434861,24.061049],[120.434757,24.060927],[120.434408,24.060588],[120.434291,24.060465],[120.434286,24.060458]]]]}},{"type":"Feature","properties":{"n":"鹿港運動場","v":"鹿港鎮","w":5,"c":3,"r":2},"geometry":{"type":"MultiPolygon","coordinates":[[[[120.436736,24.061355],[120.436721,24.061313],[120.436295,24.060482],[120.436227,24.05974],[120.436192,24.059758],[120.436214,24.060017],[120.436205,24.060018],[120.436226,24.060254],[120.436235,24.060257],[120.436241,24.060271],[120.436237,24.060287],[120.436229,24.060293],[120.436246,24.060492],[120.436277,24.060556],[120.436287,24.060552],[120.436352,24.060674],[120.436345,24.060677],[120.436349,24.060685],[120.436682,24.061329],[120.436697,24.061368],[120.436736,24.061355]]]]}},{"type":"Feature","properties":{"n":"鹿港運動場","v":"鹿港鎮","w":4.35,"c":2.85,"r":7},"geometry":{"type":"MultiPolygon","coordinates":[[[[120.436697,24.061368],[120.436694,24.061383],[120.436685,24.061397],[120.435432,24.062571],[120.435422,24.062546],[120.43541,24.062529],[120.435379,24.062507],[120.435356,24.0625],[120.435314,24.062501],[120.435281,24.062513],[120.435262,24.062529],[120.435223,24.062538],[120.43526,24.062684],[120.43527,24.062707],[120.435282,24.062718],[120.435299,24.062722],[120.435333,24.062711],[120.43537,24.062687],[120.435416,24.062646],[120.436717,24.061424],[120.436737,24.061382],[120.436736,24.061355],[120.436697,24.061368]]]]}},{"type":"Feature","properties":{"n":"鹿港鎮生態性休閒","v":"鹿港鎮","w":3.79,"c":3.12,"r":4},"geometry":{"type":"MultiPolygon","coordinates":[[[[120.437402,24.06574],[120.437015,24.065264],[120.437008,24.065269],[120.435835,24.063816],[120.435804,24.063838],[120.437371,24.06577],[120.437402,24.06574]]]]}},{"type":"Feature","properties":{"n":"鹿港鎮生態性休閒","v":"鹿港鎮","w":4.55,"c":3.8,"r":4},"geometry":{"type":"MultiPolygon","coordinates":[[[[120.437371,24.06577],[120.437384,24.065778],[120.437411,24.06578],[120.437424,24.06578],[120.437438,24.065771],[120.438027,24.065237],[120.438004,24.0652],[120.43741,24.065739],[120.437402,24.06574],[120.437371,24.06577]]]]}},{"type":"Feature","properties":{"n":"鹿港鎮兒童公園","v":"鹿港鎮","w":5.16,"c":1.35,"r":1},"geometry":{"type":"MultiPolygon","coordinates":[[[[120.435935,24.059336],[120.435846,24.059344],[120.435626,24.059343],[120.435233,24.059409],[120.435231,24.059398],[120.43441,24.059525],[120.434408,24.059518],[120.434036,24.059575],[120.434045,24.059629],[120.435643,24.05938],[120.435847,24.059385],[120.435905,24.059402],[120.435926,24.059397],[120.435939,24.059385],[120.435943,24.059362],[120.435937,24.059341],[120.435935,24.059336]]]]}},{"type":"Feature","properties":{"n":"鹿港鎮兒童公園","v":"鹿港鎮","w":6.9,"c":1.44,"r":6},"geometry":{"type":"MultiPolygon","coordinates":[[[[120.435509,24.058679],[120.434509,24.058912],[120.433847,24.059019],[120.433872,24.059092],[120.434153,24.05902],[120.434223,24.05901],[120.434358,24.059023],[120.434355,24.059005],[120.434525,24.058976],[120.434524,24.05897],[120.435059,24.058854],[120.43508,24.058924],[120.43511,24.058893],[120.435133,24.05886],[120.435159,24.0588],[120.435401,24.058742],[120.435424,24.058782],[120.435462,24.05881],[120.435506,24.05882],[120.435547,24.058816],[120.435509,24.058679]]]]}},{"type":"Feature","properties":{"n":"鹿港鎮兒童公園","v":"鹿港鎮","w":8.03,"c":1.44,"r":3},"geometry":{"type":"MultiPolygon","coordinates":[[[[120.433872,24.059092],[120.433847,24.059019],[120.433815,24.059028],[120.433791,24.059052],[120.433788,24.059079],[120.433953,24.05958],[120.433972,24.059609],[120.433997,24.059625],[120.434026,24.059631],[120.434045,24.059629],[120.434036,24.059575],[120.433926,24.05925],[120.433872,24.059092]]]]}},{"type":"Feature","properties":{"n":"復興南路","v":"鹿港鎮","w":4.58,"c":2.37,"r":2},"geometry":{"type":"MultiPolygon","coordinates":[[[[120.431681,24.050942],[120.431566,24.051087],[120.431453,24.05121],[120.431343,24.051314],[120.431275,24.051414],[120.431174,24.051582],[120.430802,24.052055],[120.430748,24.052155],[120.430782,24.052155],[120.430803,24.052146],[120.430841,24.052077],[120.431724,24.050957],[120.431727,24.050935],[120.431721,24.050918],[120.431666,24.050874],[120.431636,24.05091],[120.431681,24.050942]]]]}},{"type":"Feature","properties":{"n":"洛津國小","v":"鹿港鎮","w":3.75,"c":1.67,"r":2},"geometry":{"type":"MultiPolygon","coordinates":[[[[120.429714,24.054564],[120.429618,24.054759],[120.429338,24.05567],[120.429334,24.055689],[120.429337,24.055707],[120.429348,24.055722],[120.429401,24.055758],[120.429422,24.05573],[120.429382,24.055702],[120.429376,24.05569],[120.429376,24.055671],[120.429653,24.05477],[120.429749,24.054577],[120.429714,24.054564]]]]}},{"type":"Feature","properties":{"n":"復興南路","v":"鹿港鎮","w":4.5,"c":2.4,"r":2},"geometry":{"type":"MultiPolygon","coordinates":[[[[120.430097,24.053399],[120.430124,24.053402],[120.430144,24.053396],[120.430152,24.053388],[120.430725,24.0523],[120.430719,24.052273],[120.430704,24.052254],[120.430659,24.052331],[120.430135,24.053327],[120.430097,24.053399]]]]}},{"type":"Feature","properties":{"n":"復興南路","v":"鹿港鎮","w":4.35,"c":2.01,"r":2},"geometry":{"type":"MultiPolygon","coordinates":[[[[120.429118,24.055518],[120.42916,24.05554],[120.429181,24.055544],[120.429209,24.055537],[120.429232,24.055517],[120.429486,24.054694],[120.430069,24.053546],[120.430074,24.053533],[120.430072,24.05352],[120.430061,24.053499],[120.430046,24.05349],[120.42944,24.054695],[120.429272,24.055236],[120.429142,24.055476],[120.429118,24.055518]]]]}},{"type":"Feature","properties":{"n":"中山路二段","v":"溪州鄉","w":2.55,"c":0.92,"r":null},"geometry":{"type":"MultiPolygon","coordinates":[[[[120.475926,23.840997],[120.475896,23.840999],[120.479189,23.844945],[120.4792,23.844948],[120.479216,23.84494],[120.47615,23.841266],[120.475926,23.840997]]]]}},{"type":"Feature","properties":{"n":"莒光路","v":"溪州鄉","w":2.57,"c":1.11,"r":null},"geometry":{"type":"MultiPolygon","coordinates":[[[[120.503435,23.85823],[120.503039,23.85811],[120.50151,23.85767],[120.499613,23.857114],[120.499619,23.857134],[120.499636,23.857147],[120.5,23.857257],[120.502782,23.858057],[120.503419,23.858248],[120.503433,23.858246],[120.503436,23.858232],[120.503435,23.85823]]]]}},{"type":"Feature","properties":{"n":"莒光路","v":"溪州鄉","w":2.49,"c":1.18,"r":null},"geometry":{"type":"MultiPolygon","coordinates":[[[[120.499519,23.857079],[120.496788,23.8561],[120.495606,23.855543],[120.495601,23.855549],[120.4956,23.85556],[120.495606,23.855568],[120.496781,23.856122],[120.49951,23.8571],[120.499519,23.857079]]]]}},{"type":"Feature","properties":{"n":"莒光路","v":"溪州鄉","w":2.65,"c":1.35,"r":null},"geometry":{"type":"MultiPolygon","coordinates":[[[[120.495539,23.855537],[120.495553,23.855533],[120.495558,23.855521],[120.494926,23.855218],[120.494932,23.855249],[120.495364,23.855454],[120.495539,23.855537]]]]}},{"type":"Feature","properties":{"n":"莒光路","v":"溪州鄉","w":2.42,"c":2.42,"r":null},"geometry":{"type":"MultiPolygon","coordinates":[[[[120.494733,23.855156],[120.494781,23.855178],[120.494807,23.855165],[120.494732,23.85513],[120.494733,23.855156]]]]}},{"type":"Feature","properties":{"n":"莒光路","v":"溪州鄉","w":2.6,"c":1.4,"r":null},"geometry":{"type":"MultiPolygon","coordinates":[[[[120.493435,23.854546],[120.494638,23.855111],[120.49465,23.85511],[120.494659,23.855102],[120.49466,23.855097],[120.493047,23.854337],[120.493038,23.854347],[120.493043,23.854364],[120.493194,23.854435],[120.493435,23.854546]]]]}},{"type":"Feature","properties":{"n":"莒光路","v":"溪州鄉","w":2.35,"c":1.2,"r":null},"geometry":{"type":"MultiPolygon","coordinates":[[[[120.492941,23.85429],[120.492459,23.854063],[120.492455,23.854062],[120.492451,23.85407],[120.49245,23.854083],[120.492513,23.854113],[120.492924,23.854304],[120.492936,23.8543],[120.492941,23.85429]]]]}},{"type":"Feature","properties":{"n":"莒光路","v":"溪州鄉","w":2.1,"c":2.1,"r":null},"geometry":{"type":"MultiPolygon","coordinates":[[[[120.492389,23.854054],[120.492407,23.854039],[120.492209,23.853951],[120.492168,23.853937],[120.492132,23.853932],[120.492191,23.853962],[120.492389,23.854054]]]]}},{"type":"Feature","properties":{"n":"莒光路","v":"溪州鄉","w":2.74,"c":1.7,"r":null},"geometry":{"type":"MultiPolygon","coordinates":[[[[120.492033,23.853883],[120.492046,23.853879],[120.492046,23.853855],[120.491978,23.853831],[120.491833,23.853766],[120.491573,23.853611],[120.491408,23.85352],[120.491405,23.853534],[120.491413,23.853548],[120.491823,23.853789],[120.492031,23.853882],[120.492033,23.853883]]]]}},{"type":"Feature","properties":{"n":"中山路三段","v":"溪州鄉","w":2.72,"c":2.72,"r":null},"geometry":{"type":"MultiPolygon","coordinates":[[[[120.489291,23.852268],[120.48928,23.852291],[120.491173,23.853407],[120.491195,23.853375],[120.491163,23.853368],[120.491134,23.853355],[120.489389,23.852325],[120.489291,23.852268]]]]}},{"type":"Feature","properties":{"n":"中山路三段","v":"溪州鄉","w":2.54,"c":0.92,"r":null},"geometry":{"type":"MultiPolygon","coordinates":[[[[120.489154,23.85219],[120.488619,23.851879],[120.488614,23.851884],[120.488613,23.851893],[120.488618,23.851901],[120.488733,23.851973],[120.489145,23.852211],[120.489151,23.8522],[120.489154,23.85219]]]]}},{"type":"Feature","properties":{"n":"中山路二段","v":"溪州鄉","w":2.49,"c":0.97,"r":null},"geometry":{"type":"MultiPolygon","coordinates":[[[[120.488538,23.851857],[120.488552,23.851858],[120.488563,23.851845],[120.485208,23.849867],[120.485099,23.849805],[120.485093,23.849813],[120.485091,23.849827],[120.488411,23.851782],[120.488538,23.851857]]]]}},{"type":"Feature","properties":{"n":"中山路二段","v":"溪州鄉","w":2.54,"c":2.54,"r":null},"geometry":{"type":"MultiPolygon","coordinates":[[[[120.484995,23.849735],[120.484401,23.849394],[120.484397,23.8494],[120.484414,23.849411],[120.484416,23.849428],[120.484978,23.849758],[120.484995,23.849735]]]]}},{"type":"Feature","properties":{"n":"中山路二段","v":"溪州鄉","w":2.56,"c":1.13,"r":null},"geometry":{"type":"MultiPolygon","coordinates":[[[[120.484348,23.849362],[120.482808,23.848465],[120.481865,23.847906],[120.481659,23.847763],[120.48156,23.847684],[120.481484,23.847619],[120.481381,23.847513],[120.481368,23.847524],[120.481365,23.847537],[120.481478,23.847645],[120.481602,23.84775],[120.481814,23.847901],[120.481953,23.847988],[120.482079,23.848066],[120.484325,23.849377],[120.484341,23.849372],[120.484348,23.849362]]]]}},{"type":"Feature","properties":{"n":"中山路二段","v":"溪州鄉","w":2.59,"c":1.41,"r":null},"geometry":{"type":"MultiPolygon","coordinates":[[[[120.481269,23.847431],[120.481286,23.847418],[120.480908,23.846973],[120.480898,23.846979],[120.480895,23.846993],[120.481148,23.847296],[120.481269,23.847431]]]]}},{"type":"Feature","properties":{"n":"中山路二段","v":"溪州鄉","w":2.48,"c":1.23,"r":null},"geometry":{"type":"MultiPolygon","coordinates":[[[[120.480843,23.84693],[120.480856,23.84693],[120.480868,23.846922],[120.480182,23.846092],[120.480174,23.846097],[120.480169,23.846107],[120.480172,23.846118],[120.480828,23.846912],[120.480843,23.84693]]]]}},{"type":"Feature","properties":{"n":"中山路二段","v":"溪州鄉","w":2.55,"c":0.82,"r":null},"geometry":{"type":"MultiPolygon","coordinates":[[[[120.479458,23.845266],[120.479469,23.845255],[120.479468,23.845239],[120.479279,23.845015],[120.479272,23.845028],[120.479271,23.845043],[120.479427,23.845229],[120.479458,23.845266]]]]}},{"type":"Feature","properties":{"n":"中山路二段","v":"溪州鄉","w":2.65,"c":1.29,"r":null},"geometry":{"type":"MultiPolygon","coordinates":[[[[120.48015,23.846052],[120.479514,23.845292],[120.479493,23.845307],[120.480115,23.846049],[120.480127,23.84606],[120.480144,23.846056],[120.48015,23.846052]]]]}},{"type":"Feature","properties":{"n":"中山路二段","v":"溪州鄉","w":2.61,"c":1.06,"r":null},"geometry":{"type":"MultiPolygon","coordinates":[[[[120.47569,23.840749],[120.47571,23.840735],[120.475605,23.840607],[120.475594,23.840617],[120.475592,23.84063],[120.47569,23.840749]]]]}},{"type":"Feature","properties":{"n":"中山路二段","v":"溪州鄉","w":2.55,"c":0.73,"r":null},"geometry":{"type":"MultiPolygon","coordinates":[[[[120.475546,23.840573],[120.475549,23.840578],[120.475559,23.840578],[120.475573,23.840567],[120.474069,23.838764],[120.474049,23.838778],[120.475353,23.840344],[120.475546,23.840573]]]]}},{"type":"Feature","properties":{"n":"中山路二段","v":"溪州鄉","w":2.59,"c":1.35,"r":null},"geometry":{"type":"MultiPolygon","coordinates":[[[[120.474007,23.838729],[120.474027,23.838714],[120.472641,23.837049],[120.472633,23.837056],[120.472638,23.83706],[120.472634,23.837079],[120.474006,23.838728],[120.474007,23.838729]]]]}},{"type":"Feature","properties":{"n":"中山路二段","v":"溪州鄉","w":2.62,"c":0.01,"r":null},"geometry":{"type":"MultiPolygon","coordinates":[[[[120.471619,23.835823],[120.471607,23.835833],[120.471605,23.835846],[120.471658,23.83591],[120.472547,23.836974],[120.472564,23.836971],[120.472569,23.836975],[120.472576,23.836969],[120.471679,23.835896],[120.471619,23.835823]]]]}},{"type":"Feature","properties":{"n":"中山路二段","v":"溪州鄉","w":2.6,"c":1.16,"r":null},"geometry":{"type":"MultiPolygon","coordinates":[[[[120.471579,23.835775],[120.46943,23.833196],[120.46939,23.833139],[120.469312,23.833045],[120.469274,23.833005],[120.469269,23.833009],[120.469262,23.833019],[120.46926,23.833032],[120.471465,23.835678],[120.471552,23.835783],[120.471565,23.835783],[120.471577,23.835776],[120.471579,23.835775]]]]}},{"type":"Feature","properties":{"n":"中山路一段","v":"溪州鄉","w":2.56,"c":1.32,"r":null},"geometry":{"type":"MultiPolygon","coordinates":[[[[120.469221,23.832959],[120.46923,23.832953],[120.468772,23.832404],[120.468765,23.83241],[120.468769,23.832415],[120.468765,23.832431],[120.468771,23.83244],[120.469199,23.832954],[120.469217,23.832955],[120.469221,23.832959]]]]}},{"type":"Feature","properties":{"n":"中山路一段","v":"溪州鄉","w":2.57,"c":0.93,"r":null},"geometry":{"type":"MultiPolygon","coordinates":[[[[120.468724,23.832362],[120.468729,23.832367],[120.468738,23.832361],[120.468307,23.831843],[120.4683,23.831849],[120.468306,23.831856],[120.4683,23.831873],[120.468702,23.832358],[120.468719,23.832364],[120.468724,23.832362]]]]}},{"type":"Feature","properties":{"n":"中山路一段","v":"溪州鄉","w":2.62,"c":0.63,"r":null},"geometry":{"type":"MultiPolygon","coordinates":[[[[120.46825,23.831813],[120.468265,23.831813],[120.468276,23.831804],[120.467759,23.831181],[120.467751,23.831192],[120.467749,23.831208],[120.468114,23.831648],[120.46825,23.831813]]]]}},{"type":"Feature","properties":{"n":"中山路一段","v":"溪州鄉","w":2.7,"c":0.87,"r":null},"geometry":{"type":"MultiPolygon","coordinates":[[[[120.467697,23.831144],[120.467711,23.831148],[120.467725,23.831141],[120.467627,23.83102],[120.467298,23.830573],[120.467035,23.830236],[120.46694,23.830125],[120.466931,23.830127],[120.46693,23.830148],[120.467014,23.83025],[120.467276,23.830587],[120.467559,23.830973],[120.467681,23.831126],[120.467697,23.831144]]]]}},{"type":"Feature","properties":{"n":"成功國小","v":"溪州鄉","w":1.45,"c":1.45,"r":null},"geometry":{"type":"MultiPolygon","coordinates":[[[[120.545447,23.825649],[120.54542,23.825615],[120.545388,23.825599],[120.544847,23.825385],[120.544459,23.82526],[120.54446,23.825255],[120.544445,23.82525],[120.544411,23.825263],[120.544416,23.825276],[120.544457,23.825279],[120.544817,23.82539],[120.545274,23.825569],[120.545288,23.825579],[120.545356,23.825607],[120.545351,23.825628],[120.545356,23.825646],[120.545364,23.825655],[120.545394,23.82567],[120.545447,23.825649]]]]}},{"type":"Feature","properties":{"n":"成功國小","v":"溪州鄉","w":2.66,"c":2.66,"r":1},"geometry":{"type":"MultiPolygon","coordinates":[[[[120.545447,23.825649],[120.545394,23.82567],[120.545392,23.825678],[120.545395,23.825714],[120.54541,23.825738],[120.545426,23.82575],[120.545413,23.825763],[120.545406,23.825783],[120.545408,23.825795],[120.545417,23.82581],[120.544995,23.826172],[120.544943,23.826212],[120.544924,23.826212],[120.544887,23.826246],[120.544886,23.826259],[120.544376,23.826692],[120.544396,23.826707],[120.544764,23.826395],[120.544766,23.826385],[120.545471,23.825802],[120.545482,23.825786],[120.545483,23.825754],[120.545475,23.825715],[120.545452,23.825659],[120.545447,23.825649]]]]}},{"type":"Feature","properties":{"n":"溪州鄉立圖書館","v":"溪州鄉","w":2.94,"c":0.74,"r":1},"geometry":{"type":"MultiPolygon","coordinates":[[[[120.499266,23.850858],[120.499251,23.850835],[120.498497,23.851215],[120.498515,23.851233],[120.498629,23.851174],[120.498632,23.85118],[120.499205,23.850889],[120.499266,23.850858]]]]}},{"type":"Feature","properties":{"n":"俊仁路","v":"溪州鄉","w":3.53,"c":1.57,"r":2},"geometry":{"type":"MultiPolygon","coordinates":[[[[120.49469,23.849131],[120.494658,23.84912],[120.494633,23.849148],[120.494608,23.849153],[120.493604,23.849234],[120.493607,23.849265],[120.494612,23.849185],[120.494653,23.849175],[120.494689,23.849133],[120.49469,23.849131]]]]}},{"type":"Feature","properties":{"n":"中央路三段","v":"溪州鄉","w":3.71,"c":3.71,"r":null},"geometry":{"type":"MultiPolygon","coordinates":[[[[120.494658,23.84912],[120.49469,23.849131],[120.494806,23.848838],[120.494803,23.848821],[120.494792,23.848809],[120.494782,23.848804],[120.494759,23.848857],[120.494658,23.84912]]]]}},{"type":"Feature","properties":{"n":"溪州國小","v":"溪州鄉","w":3.55,"c":3.55,"r":2},"geometry":{"type":"MultiPolygon","coordinates":[[[[120.496764,23.852833],[120.497333,23.852754],[120.497341,23.852769],[120.497356,23.852775],[120.497469,23.852763],[120.497486,23.852754],[120.497492,23.852737],[120.497607,23.852733],[120.497836,23.852742],[120.49798,23.85276],[120.498117,23.852794],[120.498193,23.85282],[120.498288,23.85286],[120.4983,23.852815],[120.498282,23.852806],[120.498277,23.852816],[120.498136,23.852764],[120.498081,23.85275],[120.497858,23.852709],[120.497709,23.852698],[120.497489,23.852701],[120.497489,23.852693],[120.497345,23.852713],[120.497328,23.852716],[120.497327,23.852723],[120.496761,23.852803],[120.496764,23.852833]]]]}},{"type":"Feature","properties":{"n":"溪州森林公園","v":"溪州鄉","w":3.97,"c":3.97,"r":2},"geometry":{"type":"MultiPolygon","coordinates":[[[[120.492026,23.853061],[120.492009,23.853081],[120.491982,23.853216],[120.491965,23.853255],[120.492,23.853271],[120.492022,23.853214],[120.492366,23.851414],[120.492422,23.851141],[120.492425,23.851103],[120.4924,23.851069],[120.492383,23.851099],[120.492384,23.851122],[120.492392,23.851138],[120.492224,23.852001],[120.492205,23.852012],[120.492194,23.852033],[120.492194,23.852051],[120.492202,23.852066],[120.492032,23.852951],[120.492009,23.852966],[120.492041,23.852971],[120.492026,23.853061]]]]}},{"type":"Feature","properties":{"n":"文三街","v":"溪湖鎮","w":3.4,"c":1.66,"r":null},"geometry":{"type":"MultiPolygon","coordinates":[[[[120.477404,23.961874],[120.477425,23.961865],[120.477819,23.961881],[120.47782,23.961851],[120.47743,23.961834],[120.477406,23.961837],[120.477404,23.961874]]]]}},{"type":"Feature","properties":{"n":"青雅路","v":"溪湖鎮","w":3.82,"c":1.98,"r":null},"geometry":{"type":"MultiPolygon","coordinates":[[[[120.482972,23.96615],[120.483006,23.966155],[120.483019,23.96617],[120.483042,23.967488],[120.48303,23.967505],[120.483004,23.967524],[120.483006,23.967557],[120.483033,23.967549],[120.483069,23.967518],[120.483079,23.967504],[120.483059,23.966193],[120.483057,23.966169],[120.483048,23.966149],[120.483032,23.966132],[120.482973,23.966115],[120.482973,23.966129],[120.482972,23.96615]]]]}},{"type":"Feature","properties":{"n":"育才街","v":"溪湖鎮","w":3.72,"c":2.16,"r":2},"geometry":{"type":"MultiPolygon","coordinates":[[[[120.480219,23.966165],[120.480406,23.966168],[120.480711,23.966162],[120.482972,23.96615],[120.482973,23.966115],[120.481709,23.966125],[120.48023,23.966131],[120.480206,23.966145],[120.480219,23.966165]]]]}},{"type":"Feature","properties":{"n":"彰水路四段","v":"溪湖鎮","w":4.27,"c":3.09,"r":null},"geometry":{"type":"MultiPolygon","coordinates":[[[[120.480164,23.967457],[120.480211,23.966175],[120.480219,23.966165],[120.480206,23.966145],[120.48017,23.966165],[120.480122,23.967465],[120.480153,23.96746],[120.480164,23.967457]]]]}},{"type":"Feature","properties":{"n":"培英路","v":"溪湖鎮","w":3.21,"c":1.58,"r":3},"geometry":{"type":"MultiPolygon","coordinates":[[[[120.483006,23.967557],[120.483004,23.967524],[120.482887,23.967529],[120.482376,23.967525],[120.480405,23.967482],[120.480174,23.96747],[120.480164,23.967457],[120.480122,23.967465],[120.480122,23.967503],[120.482376,23.967554],[120.482999,23.967558],[120.483006,23.967557]]]]}},{"type":"Feature","properties":{"n":"青雅路","v":"溪湖鎮","w":3.37,"c":2,"r":null},"geometry":{"type":"MultiPolygon","coordinates":[[[[120.483231,23.965732],[120.483199,23.965732],[120.483222,23.967198],[120.483258,23.967197],[120.483235,23.965917],[120.483231,23.965732]]]]}},{"type":"Feature","properties":{"n":"大溪路二段","v":"溪湖鎮","w":5.72,"c":3.22,"r":null},"geometry":{"type":"MultiPolygon","coordinates":[[[[120.487868,23.968316],[120.48789,23.968271],[120.487014,23.967851],[120.486759,23.96773],[120.486726,23.96777],[120.486918,23.967862],[120.486934,23.967899],[120.487038,23.967958],[120.487179,23.968028],[120.48719,23.968007],[120.487204,23.968005],[120.487237,23.968015],[120.487222,23.968039],[120.487259,23.968058],[120.487281,23.968047],[120.487293,23.968052],[120.487296,23.968045],[120.487719,23.968246],[120.487697,23.968286],[120.487779,23.968322],[120.487799,23.968284],[120.487858,23.968311],[120.487868,23.968316]]]]}},{"type":"Feature","properties":{"n":"大溪路二段","v":"溪湖鎮","w":4.65,"c":4.65,"r":null},"geometry":{"type":"MultiPolygon","coordinates":[[[[120.48811,23.968173],[120.48787,23.968064],[120.4875,23.967886],[120.487476,23.967849],[120.487389,23.967806],[120.487342,23.967811],[120.487286,23.967785],[120.487262,23.967826],[120.487589,23.967976],[120.488087,23.968216],[120.48811,23.968173]]]]}},{"type":"Feature","properties":{"n":"大溪路二段","v":"溪湖鎮","w":3.94,"c":2.01,"r":null},"geometry":{"type":"MultiPolygon","coordinates":[[[[120.482983,23.964627],[120.482747,23.964323],[120.482602,23.964155],[120.482412,23.963972],[120.482395,23.963981],[120.482402,23.964015],[120.482464,23.964063],[120.482591,23.964198],[120.482701,23.964327],[120.482951,23.964645],[120.482983,23.964627]]]]}},{"type":"Feature","properties":{"n":"地政路","v":"溪湖鎮","w":4.24,"c":2.49,"r":10},"geometry":{"type":"MultiPolygon","coordinates":[[[[120.476262,23.964764],[120.476285,23.964789],[120.476339,23.964793],[120.476366,23.964807],[120.476449,23.964885],[120.476496,23.964917],[120.476528,23.964947],[120.476519,23.964957],[120.476572,23.965006],[120.476584,23.964998],[120.476741,23.965127],[120.476729,23.965141],[120.476827,23.965257],[120.476915,23.965328],[120.476962,23.965363],[120.476988,23.965334],[120.477209,23.965499],[120.477204,23.965505],[120.477228,23.965521],[120.477233,23.965515],[120.477511,23.965721],[120.477519,23.965733],[120.477533,23.965738],[120.477557,23.965757],[120.477565,23.96581],[120.477607,23.965821],[120.477613,23.965775],[120.477597,23.965738],[120.477026,23.965315],[120.47687,23.965188],[120.476365,23.964756],[120.476322,23.964741],[120.47628,23.964751],[120.476262,23.964764]]]]}},{"type":"Feature","properties":{"n":"富貴街","v":"溪湖鎮","w":3.85,"c":2.07,"r":1},"geometry":{"type":"MultiPolygon","coordinates":[[[[120.475677,23.965223],[120.475348,23.965504],[120.475375,23.96553],[120.475642,23.965302],[120.475693,23.965351],[120.475965,23.965115],[120.475984,23.965015],[120.475998,23.965009],[120.476006,23.964999],[120.476275,23.964802],[120.476285,23.964789],[120.476262,23.964764],[120.475947,23.964999],[120.475677,23.965223]]]]}},{"type":"Feature","properties":{"n":"員鹿路三段","v":"溪湖鎮","w":3.9,"c":2.3,"r":null},"geometry":{"type":"MultiPolygon","coordinates":[[[[120.477607,23.965821],[120.477565,23.96581],[120.477547,23.965834],[120.477533,23.965842],[120.47753,23.965856],[120.477138,23.966369],[120.477133,23.966365],[120.477116,23.966387],[120.477121,23.966391],[120.476973,23.966585],[120.476969,23.966581],[120.476953,23.966603],[120.476957,23.966606],[120.476882,23.966704],[120.476914,23.966725],[120.47758,23.965854],[120.477607,23.965821]]]]}},{"type":"Feature","properties":{"n":"無名路","v":"溪湖鎮","w":3.72,"c":3.72,"r":null},"geometry":{"type":"MultiPolygon","coordinates":[[[[120.475348,23.966055],[120.475313,23.966084],[120.475305,23.966106],[120.474988,23.966393],[120.475015,23.966415],[120.475341,23.966123],[120.475349,23.966106],[120.475354,23.966078],[120.475348,23.966055]]]]}},{"type":"Feature","properties":{"n":"富貴七街","v":"溪湖鎮","w":3.87,"c":3.87,"r":null},"geometry":{"type":"MultiPolygon","coordinates":[[[[120.475348,23.966055],[120.475318,23.966025],[120.475062,23.965851],[120.475045,23.965881],[120.475295,23.966052],[120.47531,23.966072],[120.475313,23.966084],[120.475348,23.966055]]]]}},{"type":"Feature","properties":{"n":"員鹿路二段","v":"溪湖鎮","w":3.58,"c":2.74,"r":null},"geometry":{"type":"MultiPolygon","coordinates":[[[[120.482971,23.957529],[120.483,23.957515],[120.48301,23.957508],[120.483007,23.957504],[120.483723,23.957187],[120.483913,23.957114],[120.483939,23.957096],[120.483906,23.957076],[120.483853,23.957101],[120.483726,23.957148],[120.483094,23.957432],[120.48295,23.957489],[120.482971,23.957529]]]]}},{"type":"Feature","properties":{"n":"員鹿路一段512巷","v":"溪湖鎮","w":1.42,"c":1.42,"r":null},"geometry":{"type":"MultiPolygon","coordinates":[[[[120.498678,23.954485],[120.498688,23.95449],[120.498691,23.954485],[120.4987,23.954426],[120.49869,23.954274],[120.498647,23.954195],[120.498637,23.954187],[120.498633,23.954192],[120.498642,23.9542],[120.498639,23.954204],[120.498676,23.954278],[120.498685,23.954424],[120.498681,23.95448],[120.498678,23.954485]]]]}},{"type":"Feature","properties":{"n":"福德路","v":"溪湖鎮","w":3.64,"c":3.64,"r":6},"geometry":{"type":"MultiPolygon","coordinates":[[[[120.470635,23.950197],[120.471671,23.951231],[120.471672,23.951258],[120.47178,23.951366],[120.471769,23.951376],[120.47187,23.951476],[120.471881,23.951473],[120.471891,23.951476],[120.471908,23.951467],[120.472619,23.95217],[120.472623,23.952167],[120.472632,23.952148],[120.472627,23.952127],[120.472047,23.951559],[120.470679,23.950192],[120.47066,23.950187],[120.470641,23.950193],[120.470635,23.950197]]]]}},{"type":"Feature","properties":{"n":"西環路","v":"溪湖鎮","w":3.68,"c":1.7,"r":4},"geometry":{"type":"MultiPolygon","coordinates":[[[[120.477386,23.962276],[120.477406,23.961837],[120.477386,23.961846],[120.477374,23.961859],[120.477369,23.961872],[120.477353,23.962274],[120.477386,23.962276]]]]}},{"type":"Feature","properties":{"n":"文二街","v":"溪湖鎮","w":3.83,"c":1.55,"r":3},"geometry":{"type":"MultiPolygon","coordinates":[[[[120.477386,23.962276],[120.477753,23.962293],[120.47776,23.962289],[120.477764,23.962263],[120.477388,23.96224],[120.477386,23.962276]]]]}},{"type":"Feature","properties":{"n":"興業路","v":"溪湖鎮","w":2.1,"c":1.02,"r":null},"geometry":{"type":"MultiPolygon","coordinates":[[[[120.484783,23.950805],[120.483485,23.950763],[120.483485,23.950782],[120.485784,23.950856],[120.485865,23.950853],[120.485899,23.950826],[120.485898,23.950806],[120.485895,23.950806],[120.485874,23.950824],[120.485847,23.950837],[120.484857,23.950807],[120.484783,23.950805]]]]}},{"type":"Feature","properties":{"n":"忠工路","v":"溪湖鎮","w":3.58,"c":2.74,"r":5},"geometry":{"type":"MultiPolygon","coordinates":[[[[120.483485,23.950763],[120.483465,23.950761],[120.483444,23.950748],[120.483419,23.950725],[120.483407,23.950704],[120.483513,23.948362],[120.48352,23.948342],[120.483548,23.948322],[120.483513,23.948325],[120.483501,23.948338],[120.483494,23.948361],[120.483388,23.95071],[120.483402,23.950736],[120.483431,23.950762],[120.483457,23.950779],[120.483485,23.950782],[120.483485,23.950763]]]]}},{"type":"Feature","properties":{"n":"興業路","v":"溪湖鎮","w":3.87,"c":3.87,"r":null},"geometry":{"type":"MultiPolygon","coordinates":[[[[120.483484,23.9509],[120.485119,23.950956],[120.485108,23.950937],[120.483485,23.950882],[120.483484,23.9509]]]]}},{"type":"Feature","properties":{"n":"興業路","v":"溪湖鎮","w":2,"c":1.13,"r":null},"geometry":{"type":"MultiPolygon","coordinates":[[[[120.48591,23.951017],[120.485911,23.950995],[120.485866,23.950964],[120.485846,23.950958],[120.485149,23.950938],[120.48516,23.950957],[120.485844,23.950976],[120.485888,23.951],[120.48591,23.951017]]]]}},{"type":"Feature","properties":{"n":"富貴街","v":"溪湖鎮","w":3.77,"c":3.77,"r":null},"geometry":{"type":"MultiPolygon","coordinates":[[[[120.474993,23.965858],[120.474909,23.965948],[120.474702,23.96619],[120.474731,23.966211],[120.474956,23.965948],[120.475016,23.965885],[120.475028,23.965878],[120.475045,23.965881],[120.475062,23.965851],[120.475028,23.965843],[120.475,23.965853],[120.474993,23.965858]]]]}},{"type":"Feature","properties":{"n":"忠工路","v":"溪湖鎮","w":2,"c":0.59,"r":13},"geometry":{"type":"MultiPolygon","coordinates":[[[[120.483477,23.953997],[120.483489,23.953978],[120.483336,23.953989],[120.483317,23.953983],[120.483294,23.953963],[120.483286,23.953947],[120.483286,23.953756],[120.48329,23.953361],[120.483397,23.95096],[120.483436,23.950913],[120.483462,23.9509],[120.483484,23.9509],[120.483485,23.950882],[120.483472,23.950881],[120.483455,23.950883],[120.483423,23.950899],[120.483386,23.950939],[120.483377,23.950955],[120.48327,23.953361],[120.483266,23.953756],[120.483267,23.953949],[120.483277,23.953973],[120.483308,23.953999],[120.483335,23.954007],[120.483467,23.953997],[120.483477,23.953997]]]]}},{"type":"Feature","properties":{"n":"工業路","v":"溪湖鎮","w":2,"c":0.24,"r":9},"geometry":{"type":"MultiPolygon","coordinates":[[[[120.483291,23.954186],[120.48331,23.954183],[120.48331,23.954154],[120.483316,23.954142],[120.483336,23.954128],[120.48335,23.954126],[120.484253,23.95407],[120.485114,23.954008],[120.485114,23.95399],[120.484251,23.954052],[120.483347,23.954108],[120.48333,23.954111],[120.4833,23.954131],[120.483291,23.95415],[120.483289,23.954176],[120.483291,23.954186]]]]}},{"type":"Feature","properties":{"n":"工業路","v":"溪湖鎮","w":2,"c":1.12,"r":3},"geometry":{"type":"MultiPolygon","coordinates":[[[[120.485185,23.954003],[120.485772,23.953959],[120.485799,23.953965],[120.485814,23.953977],[120.485825,23.953996],[120.485835,23.953996],[120.485831,23.953972],[120.485816,23.953953],[120.485774,23.953941],[120.485192,23.953984],[120.485184,23.953997],[120.485185,23.954003]]]]}},{"type":"Feature","properties":{"n":"工業路","v":"溪湖鎮","w":2,"c":0.54,"r":9},"geometry":{"type":"MultiPolygon","coordinates":[[[[120.483554,23.953991],[120.484636,23.95391],[120.485774,23.953839],[120.485815,23.953826],[120.48583,23.953812],[120.485839,23.953791],[120.485845,23.953756],[120.485825,23.953755],[120.48582,23.953787],[120.485809,23.953807],[120.485771,23.953821],[120.484635,23.953892],[120.483566,23.953972],[120.483554,23.953991]]]]}},{"type":"Feature","properties":{"n":"大發路","v":"溪湖鎮","w":2.13,"c":1.33,"r":10},"geometry":{"type":"MultiPolygon","coordinates":[[[[120.477315,23.963098],[120.477247,23.963064],[120.477205,23.963052],[120.477147,23.963045],[120.477066,23.963052],[120.47647,23.963311],[120.476174,23.963433],[120.475693,23.963623],[120.475688,23.963629],[120.475689,23.963637],[120.475692,23.963644],[120.47573,23.96363],[120.476182,23.963451],[120.476617,23.963269],[120.477072,23.963069],[120.477146,23.963063],[120.477201,23.963069],[120.47724,23.96308],[120.477323,23.963121],[120.477315,23.963098]]]]}},{"type":"Feature","properties":{"n":"大發路","v":"溪湖鎮","w":1.82,"c":1.1,"r":null},"geometry":{"type":"MultiPolygon","coordinates":[[[[120.477053,23.962792],[120.477078,23.962756],[120.477113,23.962688],[120.477151,23.962593],[120.477134,23.962587],[120.477097,23.962682],[120.477063,23.962748],[120.477039,23.962782],[120.476959,23.962867],[120.476965,23.962873],[120.476983,23.962868],[120.477006,23.962848],[120.477053,23.962792]]]]}},{"type":"Feature","properties":{"n":"大發路","v":"溪湖鎮","w":1.9,"c":1.1,"r":5},"geometry":{"type":"MultiPolygon","coordinates":[[[[120.47607,23.963282],[120.476075,23.963291],[120.47609,23.963293],[120.476901,23.962948],[120.476908,23.962933],[120.476906,23.962927],[120.476114,23.963263],[120.47607,23.963282]]]]}},{"type":"Feature","properties":{"n":"大發路","v":"溪湖鎮","w":1.9,"c":1.1,"r":1},"geometry":{"type":"MultiPolygon","coordinates":[[[[120.475609,23.963477],[120.47565,23.963479],[120.475691,23.963463],[120.475949,23.963351],[120.475958,23.963335],[120.475955,23.96333],[120.475683,23.963447],[120.475609,23.963477]]]]}},{"type":"Feature","properties":{"n":"大發路","v":"溪湖鎮","w":1.9,"c":1.1,"r":5},"geometry":{"type":"MultiPolygon","coordinates":[[[[120.473497,23.964372],[120.473506,23.964382],[120.473523,23.96438],[120.474042,23.96416],[120.474034,23.964144],[120.473566,23.964343],[120.473497,23.964372]]]]}},{"type":"Feature","properties":{"n":"大發路","v":"溪湖鎮","w":1.9,"c":1.1,"r":11},"geometry":{"type":"MultiPolygon","coordinates":[[[[120.474071,23.964148],[120.475423,23.963574],[120.475426,23.96356],[120.475424,23.963555],[120.474063,23.964132],[120.474071,23.964148]]]]}},{"type":"Feature","properties":{"n":"大發路","v":"溪湖鎮","w":1.9,"c":1.1,"r":8},"geometry":{"type":"MultiPolygon","coordinates":[[[[120.472572,23.964764],[120.472576,23.96477],[120.47259,23.964775],[120.473275,23.964485],[120.473282,23.964471],[120.473279,23.964464],[120.472649,23.964731],[120.472572,23.964764]]]]}},{"type":"Feature","properties":{"n":"大發路","v":"溪湖鎮","w":1.95,"c":1.15,"r":8},"geometry":{"type":"MultiPolygon","coordinates":[[[[120.471505,23.965216],[120.471514,23.965227],[120.471525,23.965226],[120.472497,23.964814],[120.472504,23.964799],[120.472501,23.964792],[120.471547,23.965197],[120.471505,23.965216]]]]}},{"type":"Feature","properties":{"n":"大發路","v":"溪湖鎮","w":1.96,"c":1.16,"r":7},"geometry":{"type":"MultiPolygon","coordinates":[[[[120.470545,23.965618],[120.470551,23.965634],[120.470593,23.965618],[120.471409,23.965273],[120.471417,23.965261],[120.471414,23.965251],[120.470584,23.965602],[120.470545,23.965618]]]]}},{"type":"Feature","properties":{"n":"大發路","v":"溪湖鎮","w":1.95,"c":1.02,"r":29},"geometry":{"type":"MultiPolygon","coordinates":[[[[120.470629,23.965781],[120.474601,23.964104],[120.474596,23.964095],[120.474585,23.964091],[120.470621,23.965765],[120.470629,23.965781]]]]}},{"type":"Feature","properties":{"n":"大發路","v":"溪湖鎮","w":4.65,"c":4.65,"r":2},"geometry":{"type":"MultiPolygon","coordinates":[[[[120.475133,23.963876],[120.475127,23.963863],[120.475122,23.963863],[120.475006,23.96391],[120.474649,23.964064],[120.474645,23.964072],[120.474647,23.964083],[120.475093,23.963893],[120.475133,23.963876]]]]}},{"type":"Feature","properties":{"n":"大發路","v":"溪湖鎮","w":1.9,"c":1.11,"r":2},"geometry":{"type":"MultiPolygon","coordinates":[[[[120.475183,23.963855],[120.475492,23.963722],[120.475486,23.963715],[120.475469,23.963713],[120.475183,23.963836],[120.475179,23.963847],[120.475183,23.963855]]]]}},{"type":"Feature","properties":{"n":"中華西路","v":"彰化市","w":4.87,"c":0,"r":null},"geometry":{"type":"MultiPolygon","coordinates":[[[[120.5258,24.068327],[120.525757,24.068366],[120.526376,24.068919],[120.526375,24.068862],[120.526033,24.068557],[120.525883,24.06841],[120.5258,24.068327]]]]}},{"type":"Feature","properties":{"n":"孔門路","v":"彰化市","w":4.22,"c":0,"r":1},"geometry":{"type":"MultiPolygon","coordinates":[[[[120.543115,24.078435],[120.543205,24.078441],[120.543277,24.07843],[120.543274,24.078479],[120.543421,24.078505],[120.543429,24.07847],[120.543627,24.07851],[120.543632,24.078491],[120.543654,24.078488],[120.543663,24.078478],[120.543684,24.078485],[120.543697,24.078431],[120.543745,24.07843],[120.543745,24.078392],[120.543116,24.078388],[120.543115,24.078435]]]]}},{"type":"Feature","properties":{"n":"民生路","v":"彰化市","w":4.42,"c":2.35,"r":1},"geometry":{"type":"MultiPolygon","coordinates":[[[[120.543116,24.078388],[120.543033,24.078388],[120.542991,24.07842],[120.542886,24.079244],[120.542926,24.079249],[120.543027,24.078501],[120.543115,24.078435],[120.543116,24.078388]]]]}},{"type":"Feature","properties":{"n":"民生路","v":"彰化市","w":3.82,"c":3.82,"r":1},"geometry":{"type":"MultiPolygon","coordinates":[[[[120.542775,24.080815],[120.542778,24.080781],[120.54274,24.080778],[120.542695,24.080812],[120.542587,24.081769],[120.542542,24.082202],[120.542554,24.082219],[120.542573,24.082226],[120.542662,24.08146],[120.542723,24.080854],[120.542775,24.080815]]]]}},{"type":"Feature","properties":{"n":"光復路","v":"彰化市","w":3.38,"c":0.93,"r":2},"geometry":{"type":"MultiPolygon","coordinates":[[[[120.542778,24.080781],[120.542775,24.080815],[120.543193,24.08085],[120.54445,24.080966],[120.54468,24.080989],[120.5447,24.081003],[120.544739,24.081005],[120.544724,24.080973],[120.544708,24.080958],[120.542783,24.080781],[120.542778,24.080781]]]]}},{"type":"Feature","properties":{"n":"長興街","v":"彰化市","w":3.85,"c":2.54,"r":2},"geometry":{"type":"MultiPolygon","coordinates":[[[[120.544739,24.081005],[120.5447,24.081003],[120.544615,24.081727],[120.544551,24.082126],[120.544529,24.082323],[120.544521,24.082322],[120.544511,24.082389],[120.544532,24.082388],[120.544539,24.082366],[120.544577,24.082334],[120.544738,24.081023],[120.544739,24.081005]]]]}},{"type":"Feature","properties":{"n":"民生路","v":"彰化市","w":4.95,"c":1.95,"r":null},"geometry":{"type":"MultiPolygon","coordinates":[[[[120.542737,24.080516],[120.542775,24.08052],[120.542782,24.080484],[120.542789,24.080485],[120.542842,24.080086],[120.542793,24.080081],[120.542758,24.080352],[120.542737,24.080516]]]]}},{"type":"Feature","properties":{"n":"光復路","v":"彰化市","w":5.05,"c":1.36,"r":null},"geometry":{"type":"MultiPolygon","coordinates":[[[[120.542737,24.080516],[120.542731,24.080515],[120.542724,24.080575],[120.542726,24.080598],[120.542749,24.080634],[120.542778,24.080651],[120.54342,24.080711],[120.543423,24.080679],[120.543189,24.080654],[120.543191,24.080637],[120.543124,24.080631],[120.543123,24.080639],[120.542825,24.08061],[120.542803,24.080595],[120.542786,24.080576],[120.542776,24.080545],[120.542775,24.08052],[120.542737,24.080516]]]]}},{"type":"Feature","properties":{"n":"中正路二段","v":"彰化市","w":5.52,"c":1.31,"r":3},"geometry":{"type":"MultiPolygon","coordinates":[[[[120.539235,24.081056],[120.539241,24.081033],[120.538942,24.080772],[120.538897,24.080816],[120.538922,24.080825],[120.538944,24.08084],[120.53916,24.08104],[120.539198,24.081053],[120.539232,24.081056],[120.539235,24.081056]]]]}},{"type":"Feature","properties":{"n":"光復路","v":"彰化市","w":2.57,"c":0.37,"r":5},"geometry":{"type":"MultiPolygon","coordinates":[[[[120.539281,24.081187],[120.539299,24.08119],[120.539621,24.081003],[120.539643,24.081029],[120.539657,24.081007],[120.539609,24.080981],[120.53929,24.081169],[120.539283,24.081183],[120.539281,24.081187]]]]}},{"type":"Feature","properties":{"n":"中正路二段","v":"彰化市","w":2.61,"c":0.97,"r":null},"geometry":{"type":"MultiPolygon","coordinates":[[[[120.539281,24.081187],[120.539278,24.081209],[120.539281,24.08123],[120.539362,24.081446],[120.539381,24.081486],[120.5394,24.081479],[120.539296,24.08119],[120.539281,24.081187]]]]}},{"type":"Feature","properties":{"n":"光復路","v":"彰化市","w":2.93,"c":0.32,"r":7},"geometry":{"type":"MultiPolygon","coordinates":[[[[120.539759,24.080953],[120.539757,24.080925],[120.540244,24.080632],[120.540281,24.080634],[120.540287,24.080613],[120.540226,24.08061],[120.539746,24.080896],[120.539736,24.080927],[120.539744,24.080956],[120.539759,24.080953]]]]}},{"type":"Feature","properties":{"n":"光復路","v":"彰化市","w":6.58,"c":4.63,"r":1},"geometry":{"type":"MultiPolygon","coordinates":[[[[120.54003,24.080524],[120.540055,24.08056],[120.540071,24.08057],[120.540252,24.080462],[120.54029,24.080438],[120.540306,24.08042],[120.540236,24.0804],[120.540099,24.080483],[120.54003,24.080524]]]]}},{"type":"Feature","properties":{"n":"光復路","v":"彰化市","w":2.8,"c":1.37,"r":6},"geometry":{"type":"MultiPolygon","coordinates":[[[[120.53963,24.080804],[120.539635,24.080812],[120.539654,24.080818],[120.540014,24.080605],[120.540014,24.080582],[120.540008,24.080577],[120.539693,24.080765],[120.53963,24.080804]]]]}},{"type":"Feature","properties":{"n":"光復路","v":"彰化市","w":3.01,"c":0,"r":3},"geometry":{"type":"MultiPolygon","coordinates":[[[[120.539235,24.081056],[120.539263,24.081051],[120.539496,24.080912],[120.539482,24.080891],[120.539241,24.081033],[120.539235,24.081056]]]]}},{"type":"Feature","properties":{"n":"中正路二段","v":"彰化市","w":7.12,"c":7.12,"r":3},"geometry":{"type":"MultiPolygon","coordinates":[[[[120.538511,24.081253],[120.538624,24.081186],[120.538608,24.081159],[120.538589,24.081139],[120.538569,24.081145],[120.538489,24.081187],[120.538474,24.081202],[120.538474,24.081225],[120.53849,24.081252],[120.538507,24.081255],[120.538511,24.081253]]]]}},{"type":"Feature","properties":{"n":"中正路二段","v":"彰化市","w":5.27,"c":5.27,"r":3},"geometry":{"type":"MultiPolygon","coordinates":[[[[120.538782,24.081702],[120.538801,24.081726],[120.538813,24.081732],[120.538835,24.081729],[120.538926,24.081683],[120.538943,24.081663],[120.538945,24.081652],[120.53893,24.081623],[120.5388,24.081692],[120.538782,24.081702]]]]}},{"type":"Feature","properties":{"n":"永樂街","v":"彰化市","w":2.21,"c":0.74,"r":1},"geometry":{"type":"MultiPolygon","coordinates":[[[[120.540516,24.076682],[120.540473,24.076655],[120.540481,24.076683],[120.540513,24.0767],[120.541473,24.076575],[120.541498,24.076549],[120.541496,24.076524],[120.541465,24.076556],[120.541439,24.076561],[120.540636,24.076665],[120.540516,24.076682]]]]}},{"type":"Feature","properties":{"n":"永樂街","v":"彰化市","w":2.06,"c":0.69,"r":1},"geometry":{"type":"MultiPolygon","coordinates":[[[[120.540524,24.076765],[120.540651,24.07675],[120.540651,24.076756],[120.541476,24.076651],[120.541511,24.076672],[120.541513,24.076651],[120.541481,24.076629],[120.540524,24.076752],[120.540524,24.076765]]]]}},{"type":"Feature","properties":{"n":"永樂街","v":"彰化市","w":2.14,"c":2.14,"r":1},"geometry":{"type":"MultiPolygon","coordinates":[[[[120.542533,24.076422],[120.542536,24.076441],[120.542654,24.076426],[120.542679,24.0764],[120.542675,24.076373],[120.542646,24.076407],[120.542533,24.076422]]]]}},{"type":"Feature","properties":{"n":"永樂街","v":"彰化市","w":2,"c":0.35,"r":1},"geometry":{"type":"MultiPolygon","coordinates":[[[[120.543484,24.076389],[120.544029,24.076322],[120.544065,24.076349],[120.544068,24.076346],[120.544065,24.076325],[120.544034,24.076304],[120.542819,24.076458],[120.542789,24.076489],[120.542797,24.076517],[120.542829,24.076479],[120.543295,24.076415],[120.543484,24.076389]]]]}},{"type":"Feature","properties":{"n":"永樂街","v":"彰化市","w":2.34,"c":0,"r":1},"geometry":{"type":"MultiPolygon","coordinates":[[[[120.542815,24.076384],[120.54278,24.076351],[120.542776,24.076356],[120.542781,24.076386],[120.542811,24.076405],[120.544027,24.07625],[120.544043,24.076194],[120.544014,24.076231],[120.543387,24.076308],[120.542819,24.076386],[120.542815,24.076384]]]]}},{"type":"Feature","properties":{"n":"永樂街","v":"彰化市","w":2.09,"c":2.09,"r":null},"geometry":{"type":"MultiPolygon","coordinates":[[[[120.542039,24.076485],[120.542042,24.076503],[120.542499,24.076444],[120.542494,24.076425],[120.54223,24.07646],[120.542039,24.076485]]]]}},{"type":"Feature","properties":{"n":"永樂街","v":"彰化市","w":2.42,"c":0.76,"r":2},"geometry":{"type":"MultiPolygon","coordinates":[[[[120.541604,24.07666],[120.541635,24.076629],[120.542578,24.076508],[120.542657,24.076498],[120.542693,24.076525],[120.542691,24.076496],[120.542659,24.076479],[120.541627,24.07661],[120.541602,24.07664],[120.541604,24.07666]]]]}},{"type":"Feature","properties":{"n":"永樂街","v":"彰化市","w":2.36,"c":2.36,"r":1},"geometry":{"type":"MultiPolygon","coordinates":[[[[120.541621,24.076532],[120.541587,24.076507],[120.541587,24.076534],[120.541619,24.076556],[120.541995,24.076508],[120.54199,24.076485],[120.541745,24.076519],[120.541621,24.076532]]]]}},{"type":"Feature","properties":{"n":"民生路","v":"彰化市","w":8.7,"c":8.7,"r":1},"geometry":{"type":"MultiPolygon","coordinates":[[[[120.542484,24.080863],[120.542433,24.081362],[120.542446,24.081383],[120.542431,24.081504],[120.542465,24.081508],[120.542394,24.082106],[120.542429,24.08211],[120.542503,24.081511],[120.542535,24.0812],[120.54254,24.0812],[120.542571,24.08087],[120.542484,24.080863]]]]}},{"type":"Feature","properties":{"n":"光復路","v":"彰化市","w":3.82,"c":1.6,"r":null},"geometry":{"type":"MultiPolygon","coordinates":[[[[120.542571,24.08087],[120.542576,24.080817],[120.542568,24.08079],[120.542538,24.080762],[120.541709,24.080686],[120.541705,24.080722],[120.541979,24.080745],[120.541977,24.08077],[120.541984,24.080787],[120.54198,24.08082],[120.542484,24.080863],[120.542571,24.08087]]]]}},{"type":"Feature","properties":{"n":"長壽街","v":"彰化市","w":3.6,"c":1.42,"r":null},"geometry":{"type":"MultiPolygon","coordinates":[[[[120.542374,24.083616],[120.542412,24.083621],[120.542441,24.083599],[120.542469,24.083601],[120.542473,24.083613],[120.542521,24.083618],[120.542526,24.083606],[120.543664,24.083732],[120.543666,24.083695],[120.542381,24.08356],[120.542375,24.083609],[120.542374,24.083616]]]]}},{"type":"Feature","properties":{"n":"民生路","v":"彰化市","w":3.35,"c":1.1,"r":null},"geometry":{"type":"MultiPolygon","coordinates":[[[[120.542191,24.08486],[120.54228,24.084528],[120.542248,24.084523],[120.542181,24.084776],[120.542155,24.084854],[120.542191,24.08486]]]]}},{"type":"Feature","properties":{"n":"民生路","v":"彰化市","w":3.5,"c":1.73,"r":1},"geometry":{"type":"MultiPolygon","coordinates":[[[[120.542374,24.083616],[120.542278,24.084335],[120.542312,24.08434],[120.542412,24.083621],[120.542374,24.083616]]]]}},{"type":"Feature","properties":{"n":"中華西路","v":"彰化市","w":4.76,"c":1.98,"r":null},"geometry":{"type":"MultiPolygon","coordinates":[[[[120.527839,24.070145],[120.526513,24.068978],[120.526479,24.069007],[120.527144,24.069589],[120.527289,24.069726],[120.527716,24.070094],[120.527798,24.070169],[120.527839,24.070145]]]]}},{"type":"Feature","properties":{"n":"中華西路","v":"彰化市","w":4.74,"c":0,"r":1},"geometry":{"type":"MultiPolygon","coordinates":[[[[120.529417,24.07153],[120.528006,24.070285],[120.527991,24.070297],[120.527982,24.070316],[120.529154,24.071367],[120.529302,24.07149],[120.529394,24.071577],[120.529409,24.071561],[120.529417,24.071534],[120.529417,24.07153]]]]}},{"type":"Feature","properties":{"n":"中華西路","v":"彰化市","w":5.02,"c":3.6,"r":null},"geometry":{"type":"MultiPolygon","coordinates":[[[[120.529451,24.071608],[120.529446,24.071612],[120.529455,24.071621],[120.52971,24.071849],[120.529961,24.072058],[120.53,24.072042],[120.529494,24.071598],[120.52946,24.071603],[120.529451,24.071608]]]]}},{"type":"Feature","properties":{"n":"中華西路","v":"彰化市","w":3.34,"c":2.7,"r":null},"geometry":{"type":"MultiPolygon","coordinates":[[[[120.530025,24.072062],[120.529994,24.072076],[120.530087,24.072157],[120.530097,24.072137],[120.530096,24.072124],[120.530042,24.072077],[120.530025,24.072062]]]]}},{"type":"Feature","properties":{"n":"中華西路","v":"彰化市","w":9.69,"c":2.02,"r":1},"geometry":{"type":"MultiPolygon","coordinates":[[[[120.531748,24.073668],[120.531762,24.073637],[120.53176,24.073602],[120.531733,24.073566],[120.5313,24.073185],[120.531276,24.073194],[120.531263,24.073212],[120.531261,24.073289],[120.531531,24.073483],[120.53171,24.073632],[120.531748,24.073668]]]]}},{"type":"Feature","properties":{"n":"中華西路","v":"彰化市","w":4.65,"c":3.53,"r":null},"geometry":{"type":"MultiPolygon","coordinates":[[[[120.53172,24.073116],[120.531494,24.072923],[120.531481,24.072939],[120.531473,24.072959],[120.531693,24.073149],[120.531713,24.07315],[120.531747,24.073143],[120.53172,24.073116]]]]}},{"type":"Feature","properties":{"n":"中華西路","v":"彰化市","w":4.59,"c":2.75,"r":null},"geometry":{"type":"MultiPolygon","coordinates":[[[[120.531373,24.072812],[120.531185,24.072652],[120.531165,24.072673],[120.531162,24.072684],[120.531395,24.072886],[120.531409,24.072893],[120.531444,24.072887],[120.53145,24.072882],[120.531373,24.072812]]]]}},{"type":"Feature","properties":{"n":"中華西路","v":"彰化市","w":4.57,"c":3.09,"r":1},"geometry":{"type":"MultiPolygon","coordinates":[[[[120.531026,24.072503],[120.530454,24.07201],[120.530423,24.07204],[120.530546,24.072142],[120.531039,24.072576],[120.531054,24.072573],[120.531078,24.072551],[120.531026,24.072503]]]]}},{"type":"Feature","properties":{"n":"中華西路","v":"彰化市","w":4.56,"c":0.64,"r":null},"geometry":{"type":"MultiPolygon","coordinates":[[[[120.528912,24.070651],[120.528767,24.07053],[120.528753,24.070566],[120.528789,24.070599],[120.529542,24.071259],[120.529559,24.071251],[120.52957,24.071232],[120.529387,24.071067],[120.529125,24.070844],[120.529018,24.070747],[120.528912,24.070651]]]]}},{"type":"Feature","properties":{"n":"中華西路","v":"彰化市","w":3.8,"c":0,"r":1},"geometry":{"type":"MultiPolygon","coordinates":[[[[120.528703,24.070477],[120.528362,24.070178],[120.52835,24.070186],[120.528342,24.070198],[120.528342,24.070208],[120.528671,24.070496],[120.528691,24.070489],[120.528703,24.070477]]]]}},{"type":"Feature","properties":{"n":"中華西路","v":"彰化市","w":4.52,"c":4.52,"r":null},"geometry":{"type":"MultiPolygon","coordinates":[[[[120.528268,24.070088],[120.52802,24.069868],[120.527998,24.069883],[120.527992,24.069889],[120.527993,24.069901],[120.528232,24.070112],[120.528242,24.070114],[120.528268,24.070088]]]]}},{"type":"Feature","properties":{"n":"中華西路","v":"彰化市","w":4.7,"c":4.7,"r":null},"geometry":{"type":"MultiPolygon","coordinates":[[[[120.530366,24.071925],[120.530316,24.07188],[120.530295,24.071902],[120.530292,24.071914],[120.530341,24.071962],[120.530355,24.071967],[120.530379,24.071962],[120.530396,24.071951],[120.530366,24.071925]]]]}},{"type":"Feature","properties":{"n":"中華西路","v":"彰化市","w":4.46,"c":0.65,"r":null},"geometry":{"type":"MultiPolygon","coordinates":[[[[120.529755,24.071391],[120.52967,24.071318],[120.529645,24.071343],[120.529643,24.07135],[120.530198,24.07184],[120.530209,24.071842],[120.530228,24.071824],[120.530094,24.071704],[120.529884,24.071507],[120.529755,24.071391]]]]}},{"type":"Feature","properties":{"n":"中華西路","v":"彰化市","w":4.76,"c":3.23,"r":1},"geometry":{"type":"MultiPolygon","coordinates":[[[[120.526682,24.068691],[120.526587,24.068614],[120.526578,24.068623],[120.526568,24.068642],[120.526583,24.068662],[120.527918,24.069833],[120.527926,24.069834],[120.527953,24.069816],[120.527952,24.069809],[120.5279,24.06976],[120.527402,24.069319],[120.526896,24.068881],[120.526682,24.068691]]]]}},{"type":"Feature","properties":{"n":"天祥路61巷","v":"彰化市","w":3.84,"c":1.37,"r":null},"geometry":{"type":"MultiPolygon","coordinates":[[[[120.534731,24.066253],[120.534692,24.066236],[120.534675,24.066247],[120.534086,24.066333],[120.534079,24.066296],[120.534036,24.066304],[120.534042,24.066333],[120.534056,24.06635],[120.534079,24.066363],[120.534101,24.066365],[120.534696,24.06628],[120.534708,24.066275],[120.534726,24.06626],[120.534731,24.066253]]]]}},{"type":"Feature","properties":{"n":"天祥路","v":"彰化市","w":4.24,"c":2.45,"r":2},"geometry":{"type":"MultiPolygon","coordinates":[[[[120.533874,24.065186],[120.533846,24.065164],[120.533831,24.065182],[120.533829,24.065199],[120.533909,24.065634],[120.53395,24.065626],[120.533869,24.065201],[120.533874,24.065186]]]]}},{"type":"Feature","properties":{"n":"中正路二段800巷","v":"彰化市","w":3.85,"c":1.81,"r":1},"geometry":{"type":"MultiPolygon","coordinates":[[[[120.533874,24.065186],[120.534449,24.065113],[120.534462,24.06513],[120.534493,24.065098],[120.534463,24.065079],[120.53442,24.065081],[120.533874,24.065148],[120.533846,24.065164],[120.533874,24.065186]]]]}},{"type":"Feature","properties":{"n":"中正路二段","v":"彰化市","w":4.41,"c":2.37,"r":null},"geometry":{"type":"MultiPolygon","coordinates":[[[[120.534462,24.06513],[120.534613,24.065831],[120.534692,24.066236],[120.534731,24.066253],[120.534738,24.066234],[120.534736,24.06621],[120.534503,24.065117],[120.534493,24.065098],[120.534462,24.06513]]]]}},{"type":"Feature","properties":{"n":"中正路二段","v":"彰化市","w":3.88,"c":2.71,"r":9},"geometry":{"type":"MultiPolygon","coordinates":[[[[120.535507,24.069991],[120.535509,24.070002],[120.535524,24.07],[120.535642,24.070536],[120.535605,24.070582],[120.535628,24.070687],[120.535681,24.070716],[120.535803,24.071284],[120.535909,24.071731],[120.536077,24.072531],[120.536117,24.072521],[120.535906,24.071546],[120.535821,24.071171],[120.535761,24.07087],[120.53573,24.070748],[120.535644,24.070349],[120.535559,24.069981],[120.535553,24.069969],[120.53554,24.069959],[120.535526,24.069955],[120.535502,24.069958],[120.535507,24.069991]]]]}},{"type":"Feature","properties":{"n":"中正路二段560巷","v":"彰化市","w":3.96,"c":1.29,"r":null},"geometry":{"type":"MultiPolygon","coordinates":[[[[120.535502,24.069958],[120.534413,24.070105],[120.534419,24.070142],[120.535005,24.070057],[120.535006,24.070066],[120.535507,24.069991],[120.535502,24.069958]]]]}},{"type":"Feature","properties":{"n":"平和十二街","v":"彰化市","w":3.7,"c":2.06,"r":null},"geometry":{"type":"MultiPolygon","coordinates":[[[[120.531173,24.068457],[120.531152,24.068475],[120.531138,24.0685],[120.531055,24.068521],[120.530382,24.068644],[120.530188,24.068685],[120.530162,24.068673],[120.53013,24.068686],[120.530136,24.0687],[120.530179,24.06872],[120.53121,24.068526],[120.531243,24.068494],[120.531234,24.068447],[120.531173,24.068457]]]]}},{"type":"Feature","properties":{"n":"平和十一街","v":"彰化市","w":3.84,"c":2.23,"r":null},"geometry":{"type":"MultiPolygon","coordinates":[[[[120.531052,24.067772],[120.531095,24.067763],[120.531091,24.067749],[120.531051,24.067723],[120.530305,24.067811],[120.530241,24.067823],[120.529837,24.067965],[120.529817,24.068007],[120.529824,24.068021],[120.529858,24.068008],[120.529866,24.067994],[120.530279,24.06785],[120.531044,24.067762],[120.531052,24.067772]]]]}},{"type":"Feature","properties":{"n":"平和十四街","v":"彰化市","w":4.3,"c":3.39,"r":null},"geometry":{"type":"MultiPolygon","coordinates":[[[[120.531173,24.068457],[120.531234,24.068447],[120.531095,24.067763],[120.531052,24.067772],[120.5311,24.067981],[120.531079,24.067998],[120.531096,24.068068],[120.531087,24.06807],[120.531171,24.068428],[120.531173,24.068457]]]]}},{"type":"Feature","properties":{"n":"平和七街","v":"彰化市","w":3.86,"c":2.82,"r":null},"geometry":{"type":"MultiPolygon","coordinates":[[[[120.529824,24.068021],[120.53013,24.068686],[120.530162,24.068673],[120.529858,24.068008],[120.529824,24.068021]]]]}},{"type":"Feature","properties":{"n":"三民路","v":"彰化市","w":1.91,"c":0,"r":null},"geometry":{"type":"MultiPolygon","coordinates":[[[[120.539118,24.081913],[120.539153,24.081944],[120.539956,24.083141],[120.539972,24.083131],[120.539169,24.081936],[120.539156,24.081924],[120.539118,24.081913]]]]}},{"type":"Feature","properties":{"n":"三民路","v":"彰化市","w":1.46,"c":1.46,"r":null},"geometry":{"type":"MultiPolygon","coordinates":[[[[120.540086,24.083331],[120.54009,24.08335],[120.5401,24.08335],[120.540099,24.083325],[120.540059,24.083264],[120.540001,24.08318],[120.53999,24.083186],[120.540049,24.083276],[120.540086,24.083331]]]]}},{"type":"Feature","properties":{"n":"三民路","v":"彰化市","w":1.71,"c":0,"r":1},"geometry":{"type":"MultiPolygon","coordinates":[[[[120.541278,24.084551],[120.54023,24.083461],[120.540216,24.083455],[120.54018,24.083465],[120.540182,24.08347],[120.540217,24.083472],[120.541049,24.084333],[120.541264,24.084561],[120.541278,24.084551]]]]}},{"type":"Feature","properties":{"n":"三民路","v":"彰化市","w":1.52,"c":0,"r":null},"geometry":{"type":"MultiPolygon","coordinates":[[[[120.541978,24.084896],[120.541789,24.084823],[120.541516,24.084551],[120.541129,24.084147],[120.541128,24.084168],[120.541142,24.084185],[120.541839,24.084903],[120.541891,24.08492],[120.541911,24.08492],[120.541929,24.084919],[120.541967,24.084904],[120.541978,24.084896]]]]}},{"type":"Feature","properties":{"n":"三民路","v":"彰化市","w":1.8,"c":1.16,"r":null},"geometry":{"type":"MultiPolygon","coordinates":[[[[120.54104,24.084034],[120.541077,24.084025],[120.541065,24.084003],[120.541009,24.084024],[120.540394,24.083386],[120.540384,24.083394],[120.541006,24.084043],[120.54104,24.084034]]]]}},{"type":"Feature","properties":{"n":"三民路","v":"彰化市","w":1.77,"c":0,"r":null},"geometry":{"type":"MultiPolygon","coordinates":[[[[120.540146,24.083005],[120.540102,24.083014],[120.539736,24.082466],[120.53972,24.082473],[120.540088,24.083023],[120.540102,24.083028],[120.540141,24.08302],[120.540146,24.083005]]]]}},{"type":"Feature","properties":{"n":"三民路","v":"彰化市","w":1.56,"c":0,"r":null},"geometry":{"type":"MultiPolygon","coordinates":[[[[120.539707,24.082429],[120.539387,24.081948],[120.539287,24.081803],[120.539282,24.081807],[120.539301,24.081837],[120.539296,24.08184],[120.539694,24.082435],[120.539707,24.082429]]]]}},{"type":"Feature","properties":{"n":"彰化東外環道","v":"彰化市","w":1.14,"c":0.11,"r":4},"geometry":{"type":"MultiPolygon","coordinates":[[[[120.592821,24.077096],[120.592773,24.07651],[120.592756,24.076175],[120.592745,24.075738],[120.592744,24.075483],[120.592753,24.075083],[120.592766,24.074774],[120.592794,24.074355],[120.592852,24.073784],[120.592929,24.073225],[120.593425,24.070218],[120.593465,24.069939],[120.59346,24.069931],[120.593451,24.069928],[120.593447,24.069928],[120.593393,24.070293],[120.593309,24.070784],[120.592926,24.07312],[120.592858,24.073571],[120.592817,24.073908],[120.592806,24.073934],[120.592809,24.073982],[120.592779,24.074294],[120.592769,24.074343],[120.592772,24.07437],[120.592738,24.074886],[120.592726,24.075255],[120.592723,24.075749],[120.592735,24.076163],[120.592748,24.076423],[120.592781,24.076909],[120.592868,24.077662],[120.592962,24.078256],[120.59307,24.07879],[120.593152,24.079142],[120.593252,24.079527],[120.593508,24.080402],[120.593525,24.080477],[120.593617,24.080756],[120.593623,24.080755],[120.593995,24.081799],[120.593991,24.081829],[120.594009,24.082073],[120.594185,24.082587],[120.594189,24.082585],[120.594194,24.082545],[120.594193,24.082526],[120.594035,24.082074],[120.594019,24.081832],[120.593804,24.08123],[120.593526,24.080426],[120.593262,24.079524],[120.593162,24.07914],[120.593081,24.078788],[120.592972,24.078254],[120.592889,24.07766],[120.592824,24.077126],[120.592821,24.077096]]]]}},{"type":"Feature","properties":{"n":"彰化東外環道","v":"彰化市","w":2.14,"c":0.95,"r":1},"geometry":{"type":"MultiPolygon","coordinates":[[[[120.583263,24.052381],[120.583525,24.052711],[120.583728,24.052947],[120.583966,24.053202],[120.584178,24.053411],[120.584349,24.053569],[120.5845,24.053696],[120.584763,24.053907],[120.585695,24.054596],[120.58568,24.054567],[120.585642,24.054532],[120.584786,24.053899],[120.584624,24.053772],[120.584387,24.053574],[120.584173,24.053378],[120.584053,24.053261],[120.583767,24.05296],[120.583501,24.052649],[120.583305,24.0524],[120.583135,24.052169],[120.58305,24.052047],[120.582851,24.051729],[120.582807,24.051695],[120.582793,24.05171],[120.582835,24.051741],[120.582953,24.051937],[120.583259,24.052383],[120.583263,24.052381]]]]}},{"type":"Feature","properties":{"n":"彰化東外環道","v":"彰化市","w":2.13,"c":0.75,"r":3},"geometry":{"type":"MultiPolygon","coordinates":[[[[120.593022,24.075689],[120.593025,24.075286],[120.59303,24.075255],[120.593026,24.075227],[120.593039,24.074878],[120.593069,24.074407],[120.593079,24.074379],[120.593083,24.074342],[120.593077,24.074308],[120.593127,24.07382],[120.593157,24.073565],[120.593235,24.073074],[120.593552,24.071153],[120.593581,24.070978],[120.593586,24.070979],[120.593593,24.0709],[120.593724,24.070097],[120.593737,24.070066],[120.593741,24.070037],[120.593735,24.070014],[120.593768,24.069717],[120.593778,24.069582],[120.593786,24.069376],[120.593789,24.069145],[120.593795,24.069124],[120.593789,24.069081],[120.593787,24.068962],[120.593771,24.068649],[120.593637,24.067238],[120.593641,24.067221],[120.593638,24.067194],[120.593631,24.067186],[120.593539,24.06623],[120.593549,24.066203],[120.593543,24.066143],[120.59353,24.066134],[120.593496,24.065783],[120.593457,24.065459],[120.593396,24.065084],[120.593307,24.064659],[120.593224,24.064342],[120.593179,24.064185],[120.593054,24.063802],[120.593041,24.063827],[120.593158,24.06419],[120.593204,24.064347],[120.593287,24.064663],[120.593375,24.065087],[120.593436,24.065462],[120.593489,24.065924],[120.593723,24.068355],[120.593749,24.068651],[120.593765,24.068963],[120.593767,24.069121],[120.593764,24.069375],[120.593754,24.069609],[120.593723,24.069942],[120.593694,24.070154],[120.593182,24.07327],[120.593122,24.073683],[120.593075,24.074097],[120.593031,24.074631],[120.593006,24.07514],[120.593,24.075468],[120.593002,24.075857],[120.59302,24.076339],[120.593045,24.076718],[120.593094,24.077235],[120.593157,24.077744],[120.593194,24.077976],[120.593236,24.078204],[120.593381,24.07889],[120.593496,24.079361],[120.593592,24.079709],[120.59366,24.079936],[120.593851,24.080518],[120.59386,24.080515],[120.593669,24.079933],[120.593602,24.079707],[120.593483,24.079268],[120.593391,24.078888],[120.593246,24.078198],[120.593136,24.07741],[120.593088,24.076962],[120.593067,24.076717],[120.593042,24.076338],[120.593037,24.076214],[120.593042,24.076179],[120.593032,24.076141],[120.593023,24.075773],[120.593022,24.075689]]]]}},{"type":"Feature","properties":{"n":"彰化東外環道","v":"彰化市","w":2.55,"c":0.87,"r":1},"geometry":{"type":"MultiPolygon","coordinates":[[[[120.593911,24.08064],[120.593892,24.080586],[120.593876,24.080591],[120.594269,24.081719],[120.594291,24.081767],[120.594418,24.081954],[120.594581,24.082426],[120.594606,24.082439],[120.5946,24.082421],[120.594606,24.082419],[120.59444,24.081944],[120.594316,24.081759],[120.594277,24.081711],[120.593906,24.080641],[120.593911,24.08064]]]]}},{"type":"Feature","properties":{"n":"彰化東外環道","v":"彰化市","w":2.12,"c":0.82,"r":3},"geometry":{"type":"MultiPolygon","coordinates":[[[[120.589918,24.058415],[120.590124,24.058683],[120.590306,24.058929],[120.590495,24.059196],[120.590805,24.059662],[120.590927,24.059855],[120.591169,24.060257],[120.592489,24.062574],[120.592598,24.062783],[120.59271,24.063016],[120.592822,24.063266],[120.592927,24.06352],[120.592938,24.063535],[120.592959,24.063549],[120.592842,24.063259],[120.592729,24.063008],[120.592617,24.062775],[120.592508,24.062565],[120.591187,24.060248],[120.590945,24.059845],[120.590823,24.059652],[120.590513,24.059186],[120.590324,24.058919],[120.590125,24.05865],[120.590127,24.058647],[120.58993,24.058393],[120.589919,24.058402],[120.589917,24.058413],[120.589918,24.058415]]]]}},{"type":"Feature","properties":{"n":"彰化東外環道","v":"彰化市","w":2.15,"c":0.82,"r":1},"geometry":{"type":"MultiPolygon","coordinates":[[[[120.585539,24.054129],[120.585061,24.053777],[120.584843,24.05361],[120.584632,24.053436],[120.584342,24.053174],[120.584091,24.052922],[120.583832,24.052636],[120.583624,24.052382],[120.583476,24.052185],[120.583344,24.051997],[120.583242,24.051842],[120.583226,24.051798],[120.583226,24.051774],[120.583232,24.051751],[120.583212,24.051745],[120.583205,24.051772],[120.583204,24.0518],[120.583223,24.051851],[120.583326,24.052007],[120.583458,24.052196],[120.583607,24.052393],[120.583815,24.052647],[120.584075,24.052935],[120.584327,24.053187],[120.584481,24.05333],[120.584617,24.05345],[120.584829,24.053625],[120.585047,24.053792],[120.585509,24.054132],[120.585528,24.054131],[120.585539,24.054129]]]]}},{"type":"Feature","properties":{"n":"彰化東外環道","v":"彰化市","w":2.2,"c":0.82,"r":2},"geometry":{"type":"MultiPolygon","coordinates":[[[[120.585712,24.054257],[120.585708,24.054273],[120.585721,24.054289],[120.586533,24.054892],[120.586736,24.055053],[120.586993,24.055273],[120.587236,24.055499],[120.587547,24.05582],[120.589133,24.057496],[120.589441,24.05784],[120.589787,24.058251],[120.589798,24.058255],[120.589815,24.058251],[120.589457,24.057827],[120.589149,24.057483],[120.588479,24.056775],[120.588443,24.056725],[120.588422,24.056712],[120.588377,24.056666],[120.588051,24.056322],[120.587896,24.056151],[120.587892,24.056153],[120.587444,24.055681],[120.587253,24.055486],[120.587123,24.055363],[120.586819,24.05509],[120.586816,24.055093],[120.58669,24.054983],[120.586465,24.054811],[120.585782,24.054309],[120.585712,24.054257]]]]}},{"type":"Feature","properties":{"n":"彰化東外環道","v":"彰化市","w":2.11,"c":2.11,"r":1},"geometry":{"type":"MultiPolygon","coordinates":[[[[120.593432,24.068228],[120.593478,24.068724],[120.593492,24.069105],[120.593491,24.069323],[120.59348,24.069567],[120.593457,24.069819],[120.593477,24.069801],[120.593482,24.069786],[120.593499,24.069568],[120.59351,24.069324],[120.593512,24.069106],[120.593497,24.068725],[120.593228,24.065881],[120.593175,24.065439],[120.59313,24.065163],[120.593117,24.065161],[120.593109,24.065163],[120.593154,24.065442],[120.593207,24.065884],[120.593408,24.067968],[120.593432,24.068228]]]]}},{"type":"Feature","properties":{"n":"彰化東外環道","v":"彰化市","w":2.13,"c":2.13,"r":1},"geometry":{"type":"MultiPolygon","coordinates":[[[[120.586618,24.055296],[120.586923,24.055568],[120.587156,24.055796],[120.587671,24.05634],[120.587665,24.056303],[120.587363,24.055985],[120.587091,24.055702],[120.586812,24.055439],[120.586598,24.055254],[120.586441,24.055128],[120.585919,24.054738],[120.585875,24.054724],[120.585995,24.054819],[120.586363,24.055091],[120.58654,24.055231],[120.586618,24.055296]]]]}},{"type":"Feature","properties":{"n":"彰化東外環道","v":"彰化市","w":2.15,"c":2.15,"r":null},"geometry":{"type":"MultiPolygon","coordinates":[[[[120.589616,24.058466],[120.589616,24.058446],[120.589608,24.058425],[120.589548,24.058352],[120.589276,24.058028],[120.589013,24.057731],[120.587794,24.056439],[120.587788,24.056432],[120.587753,24.056425],[120.5886,24.057318],[120.588996,24.057743],[120.589303,24.05809],[120.589592,24.058438],[120.589616,24.058466]]]]}},{"type":"Feature","properties":{"n":"彰化東外環道","v":"彰化市","w":2.09,"c":2.09,"r":1},"geometry":{"type":"MultiPolygon","coordinates":[[[[120.589678,24.058544],[120.589876,24.058801],[120.590191,24.059231],[120.590484,24.059664],[120.590692,24.059989],[120.590927,24.060383],[120.592225,24.062659],[120.592387,24.062975],[120.592583,24.063398],[120.592597,24.063381],[120.592545,24.063263],[120.592392,24.062938],[120.592222,24.062609],[120.59094,24.060364],[120.590707,24.059976],[120.590381,24.059471],[120.590171,24.059169],[120.589985,24.058913],[120.589711,24.058554],[120.589699,24.058546],[120.58968,24.058544],[120.589678,24.058544]]]]}},{"type":"Feature","properties":{"n":"彰化東外環道","v":"彰化市","w":2.1,"c":2.1,"r":2},"geometry":{"type":"MultiPolygon","coordinates":[[[[120.592599,24.063439],[120.592742,24.063806],[120.592864,24.064168],[120.592953,24.064473],[120.593021,24.064746],[120.5931,24.065106],[120.593117,24.065091],[120.593087,24.06494],[120.593046,24.064754],[120.592932,24.064322],[120.592814,24.063947],[120.59272,24.063688],[120.592622,24.063441],[120.592603,24.063439],[120.592599,24.063439]]]]}},{"type":"Feature","properties":{"n":"虎崗路","v":"彰化市","w":4.72,"c":1.52,"r":null},"geometry":{"type":"MultiPolygon","coordinates":[[[[120.57003,24.064605],[120.569956,24.064922],[120.56993,24.065006],[120.569893,24.065101],[120.569846,24.065176],[120.569774,24.065253],[120.569694,24.065314],[120.569616,24.065366],[120.567336,24.066734],[120.567219,24.066806],[120.567223,24.06681],[120.56712,24.066869],[120.566956,24.066947],[120.566885,24.066973],[120.566225,24.067138],[120.566115,24.067173],[120.566079,24.067191],[120.56601,24.067237],[120.565913,24.06733],[120.565865,24.067399],[120.565702,24.067753],[120.565504,24.068194],[120.565284,24.068706],[120.565207,24.06897],[120.564924,24.070099],[120.564883,24.070092],[120.564859,24.070128],[120.564869,24.070181],[120.564879,24.070206],[120.564877,24.07024],[120.564864,24.070265],[120.564817,24.070316],[120.564824,24.070345],[120.564791,24.070404],[120.564737,24.070487],[120.564683,24.070561],[120.564521,24.070755],[120.564481,24.070799],[120.564434,24.070834],[120.56441,24.07086],[120.564182,24.071104],[120.563888,24.071409],[120.563729,24.07154],[120.563457,24.071834],[120.563363,24.071946],[120.563119,24.072212],[120.563043,24.072272],[120.562988,24.072302],[120.562942,24.072322],[120.562843,24.072342],[120.562723,24.072348],[120.56158,24.072322],[120.561545,24.072335],[120.561546,24.072343],[120.562752,24.072369],[120.562836,24.072364],[120.562933,24.072346],[120.562996,24.072323],[120.563047,24.072296],[120.563084,24.072269],[120.563169,24.072194],[120.563522,24.071819],[120.564565,24.070731],[120.564675,24.070607],[120.564752,24.070507],[120.564816,24.070409],[120.564879,24.070287],[120.56491,24.070216],[120.564941,24.070123],[120.565186,24.069147],[120.565307,24.068717],[120.565529,24.068203],[120.565866,24.067447],[120.565885,24.067409],[120.56594,24.067329],[120.566022,24.06725],[120.566088,24.067205],[120.566122,24.067189],[120.56623,24.067155],[120.566891,24.06699],[120.567041,24.066929],[120.567129,24.066884],[120.569607,24.065401],[120.569775,24.065282],[120.569865,24.06519],[120.569891,24.065155],[120.569915,24.06511],[120.569954,24.065012],[120.569979,24.064928],[120.570087,24.064473],[120.570159,24.064201],[120.570192,24.064114],[120.570233,24.064028],[120.570335,24.063863],[120.5707,24.06334],[120.570699,24.063328],[120.570688,24.063313],[120.570313,24.06385],[120.57021,24.064017],[120.570168,24.064105],[120.570133,24.064195],[120.570033,24.06459],[120.57003,24.064605]]]]}},{"type":"Feature","properties":{"n":"旭光西路","v":"彰化市","w":2.42,"c":0.79,"r":1},"geometry":{"type":"MultiPolygon","coordinates":[[[[120.540647,24.071311],[120.540654,24.071324],[120.540666,24.07133],[120.541023,24.071267],[120.542305,24.071028],[120.542322,24.07102],[120.542324,24.071002],[120.540722,24.071299],[120.540647,24.071311]]]]}},{"type":"Feature","properties":{"n":"寶山路","v":"彰化市","w":1.99,"c":1.99,"r":null},"geometry":{"type":"MultiPolygon","coordinates":[[[[120.557995,24.069514],[120.557996,24.069496],[120.557848,24.069487],[120.557834,24.069497],[120.557813,24.069556],[120.557901,24.069562],[120.557906,24.069508],[120.557995,24.069514]]]]}},{"type":"Feature","properties":{"n":"寶山路","v":"彰化市","w":3,"c":0.01,"r":3},"geometry":{"type":"MultiPolygon","coordinates":[[[[120.557885,24.06941],[120.557974,24.069148],[120.557991,24.069153],[120.558023,24.06904],[120.558028,24.069041],[120.558552,24.067306],[120.558573,24.067213],[120.558585,24.067125],[120.558584,24.067017],[120.558576,24.066919],[120.558571,24.06692],[120.558305,24.065157],[120.558319,24.065014],[120.55832,24.0649],[120.558316,24.064897],[120.558351,24.064124],[120.558362,24.06404],[120.558381,24.063946],[120.55841,24.063854],[120.558459,24.063744],[120.558513,24.063655],[120.558596,24.063548],[120.559555,24.062601],[120.559533,24.062583],[120.558573,24.063532],[120.558488,24.063641],[120.558433,24.063732],[120.558382,24.063845],[120.558352,24.063939],[120.558334,24.06402],[120.558322,24.064122],[120.558287,24.065015],[120.558275,24.065158],[120.558539,24.066894],[120.558551,24.067018],[120.558549,24.067123],[120.558538,24.067208],[120.558517,24.067298],[120.558125,24.068604],[120.557991,24.069035],[120.557862,24.06941],[120.55787,24.069426],[120.557886,24.069435],[120.558,24.069443],[120.558002,24.069424],[120.557891,24.069417],[120.557885,24.06941],[120.557885,24.06941]]]]}},{"type":"Feature","properties":{"n":"華陽公園","v":"彰化市","w":2.15,"c":2.15,"r":1},"geometry":{"type":"MultiPolygon","coordinates":[[[[120.557,24.070696],[120.557373,24.070197],[120.557353,24.070191],[120.55715,24.070461],[120.557117,24.070496],[120.557091,24.07052],[120.557077,24.070526],[120.557058,24.070523],[120.557025,24.070504],[120.556998,24.07054],[120.556993,24.070566],[120.55698,24.070588],[120.556958,24.070605],[120.556937,24.070613],[120.556947,24.070648],[120.556887,24.070728],[120.556956,24.07075],[120.556983,24.070718],[120.557,24.070696]]]]}},{"type":"Feature","properties":{"n":"博愛街","v":"彰化市","w":3.68,"c":1.56,"r":null},"geometry":{"type":"MultiPolygon","coordinates":[[[[120.545318,24.074942],[120.545332,24.074928],[120.545322,24.074385],[120.545287,24.074395],[120.545294,24.074916],[120.545287,24.074924],[120.545318,24.074942]]]]}},{"type":"Feature","properties":{"n":"師大路","v":"彰化市","w":3.23,"c":2.34,"r":3},"geometry":{"type":"MultiPolygon","coordinates":[[[[120.556712,24.06527],[120.556568,24.065286],[120.556406,24.065298],[120.555783,24.065325],[120.555758,24.065332],[120.555741,24.065352],[120.556214,24.065337],[120.556588,24.065313],[120.557772,24.06517],[120.557774,24.065183],[120.557798,24.06518],[120.557862,24.065184],[120.557862,24.065176],[120.557907,24.065176],[120.557936,24.065149],[120.558075,24.065134],[120.558111,24.065153],[120.558129,24.065176],[120.558138,24.065174],[120.558129,24.065131],[120.558103,24.065114],[120.55807,24.065105],[120.556795,24.065259],[120.556712,24.06527]]]]}},{"type":"Feature","properties":{"n":"師大路","v":"彰化市","w":3.3,"c":1.07,"r":null},"geometry":{"type":"MultiPolygon","coordinates":[[[[120.556958,24.064999],[120.556597,24.065042],[120.555818,24.065089],[120.555635,24.065091],[120.555303,24.065065],[120.555287,24.065094],[120.555634,24.065121],[120.55574,24.065121],[120.556023,24.065107],[120.556553,24.065072],[120.55807,24.06489],[120.558104,24.064883],[120.55813,24.064868],[120.558147,24.064847],[120.558152,24.064824],[120.558125,24.064817],[120.558117,24.064833],[120.558103,24.064847],[120.55805,24.064863],[120.556966,24.064998],[120.556958,24.064999]]]]}},{"type":"Feature","properties":{"n":"南郭路一段","v":"彰化市","w":3.77,"c":2.23,"r":null},"geometry":{"type":"MultiPolygon","coordinates":[[[[120.544297,24.075175],[120.544323,24.075174],[120.544312,24.07515],[120.544294,24.075141],[120.544144,24.075148],[120.544134,24.075153],[120.544124,24.075167],[120.544149,24.075172],[120.544151,24.075182],[120.544181,24.075181],[120.544297,24.075175]]]]}},{"type":"Feature","properties":{"n":"南郭路一段","v":"彰化市","w":3.66,"c":0.78,"r":null},"geometry":{"type":"MultiPolygon","coordinates":[[[[120.545318,24.074942],[120.545287,24.074924],[120.545282,24.074929],[120.544278,24.074975],[120.544277,24.074981],[120.544019,24.074988],[120.544037,24.075011],[120.544058,24.07502],[120.544331,24.075003],[120.545297,24.074963],[120.545318,24.074942]]]]}},{"type":"Feature","properties":{"n":"南郭國小","v":"彰化市","w":3.71,"c":2.1,"r":2},"geometry":{"type":"MultiPolygon","coordinates":[[[[120.547084,24.071795],[120.548111,24.07162],[120.548092,24.071589],[120.547462,24.071696],[120.547366,24.071671],[120.547325,24.071671],[120.547242,24.071682],[120.547175,24.07166],[120.547144,24.07166],[120.54712,24.071668],[120.547089,24.071691],[120.547051,24.071744],[120.54697,24.071737],[120.546969,24.071753],[120.546895,24.071752],[120.546901,24.071795],[120.546737,24.071818],[120.546656,24.071819],[120.546631,24.071829],[120.546566,24.071826],[120.546571,24.07187],[120.546734,24.071854],[120.546961,24.071817],[120.547084,24.071795]]]]}},{"type":"Feature","properties":{"n":"南郭國小","v":"彰化市","w":3.68,"c":0.79,"r":4},"geometry":{"type":"MultiPolygon","coordinates":[[[[120.546735,24.069914],[120.546816,24.069921],[120.547035,24.069917],[120.547035,24.069911],[120.547049,24.06991],[120.547049,24.069917],[120.547144,24.069916],[120.547163,24.069928],[120.547202,24.069942],[120.547259,24.069951],[120.547438,24.069953],[120.547515,24.069929],[120.547588,24.069926],[120.547635,24.069934],[120.547674,24.069946],[120.547719,24.069946],[120.547742,24.069942],[120.547762,24.069945],[120.547779,24.069956],[120.54781,24.069947],[120.547851,24.069958],[120.547882,24.069953],[120.547994,24.069998],[120.548057,24.069998],[120.548053,24.069937],[120.547998,24.069888],[120.547325,24.069882],[120.546295,24.069891],[120.546296,24.06992],[120.546685,24.069915],[120.546735,24.069914]]]]}},{"type":"Feature","properties":{"n":"南郭國小","v":"彰化市","w":3.7,"c":1.99,"r":3},"geometry":{"type":"MultiPolygon","coordinates":[[[[120.548021,24.07],[120.54811,24.07157],[120.548092,24.071589],[120.548111,24.07162],[120.548147,24.071577],[120.548057,24.069998],[120.548021,24.07]]]]}},{"type":"Feature","properties":{"n":"虎崗路","v":"彰化市","w":3,"c":0.6,"r":null},"geometry":{"type":"MultiPolygon","coordinates":[[[[120.564129,24.07136],[120.564132,24.071363],[120.564201,24.071285],[120.564754,24.070707],[120.564757,24.070696],[120.564752,24.070685],[120.564738,24.07068],[120.564726,24.070686],[120.563386,24.072091],[120.56327,24.072219],[120.563268,24.072217],[120.563096,24.072382],[120.563098,24.072384],[120.563042,24.072419],[120.562958,24.072445],[120.562885,24.072453],[120.561434,24.072422],[120.561434,24.072435],[120.561606,24.072457],[120.561861,24.072459],[120.561975,24.072466],[120.561976,24.072459],[120.561976,24.072463],[120.562025,24.072463],[120.562025,24.072473],[120.562111,24.072482],[120.562112,24.07247],[120.562125,24.072468],[120.562519,24.072476],[120.562521,24.072471],[120.562642,24.072493],[120.562643,24.072479],[120.562912,24.072488],[120.562926,24.072481],[120.563022,24.072465],[120.56302,24.072461],[120.563061,24.072445],[120.563096,24.072423],[120.563266,24.072265],[120.563294,24.072237],[120.563289,24.072233],[120.563407,24.072108],[120.563435,24.072079],[120.56344,24.072083],[120.564069,24.071423],[120.564129,24.07136]]]]}},{"type":"Feature","properties":{"n":"虎崗路","v":"彰化市","w":2.53,"c":1.9,"r":null},"geometry":{"type":"MultiPolygon","coordinates":[[[[120.571918,24.056342],[120.571924,24.056285],[120.571919,24.056279],[120.571898,24.056272],[120.571891,24.056392],[120.571904,24.056838],[120.571921,24.056836],[120.57193,24.056829],[120.571918,24.056589],[120.571917,24.056358],[120.571918,24.056342]]]]}},{"type":"Feature","properties":{"n":"虎崗路","v":"彰化市","w":2.41,"c":1.74,"r":null},"geometry":{"type":"MultiPolygon","coordinates":[[[[120.571944,24.057969],[120.57194,24.058053],[120.571913,24.058243],[120.571882,24.058392],[120.571834,24.058554],[120.571694,24.058945],[120.571663,24.059043],[120.571658,24.059072],[120.571656,24.059123],[120.571671,24.059208],[120.571687,24.059203],[120.571695,24.059193],[120.57168,24.05913],[120.57169,24.059033],[120.571766,24.058808],[120.571864,24.058544],[120.57191,24.058381],[120.571932,24.058279],[120.571967,24.05802],[120.571957,24.057484],[120.571937,24.057046],[120.571924,24.057034],[120.571911,24.057031],[120.571928,24.057379],[120.571943,24.057913],[120.571944,24.057969]]]]}},{"type":"Feature","properties":{"n":"虎崗路","v":"彰化市","w":2.64,"c":1,"r":null},"geometry":{"type":"MultiPolygon","coordinates":[[[[120.57266,24.060668],[120.572605,24.060608],[120.572552,24.060566],[120.572353,24.06044],[120.572254,24.060365],[120.572202,24.060314],[120.572115,24.0602],[120.572081,24.06013],[120.571747,24.059321],[120.571739,24.059316],[120.571717,24.059315],[120.572092,24.060213],[120.572183,24.06033],[120.572256,24.060401],[120.572336,24.060462],[120.572463,24.060538],[120.572535,24.060586],[120.5726,24.06064],[120.572656,24.060708],[120.572681,24.060755],[120.572701,24.060823],[120.572719,24.060817],[120.572727,24.060809],[120.572711,24.060757],[120.57268,24.060695],[120.57266,24.060668]]]]}},{"type":"Feature","properties":{"n":"虎崗路","v":"彰化市","w":2.55,"c":1.09,"r":null},"geometry":{"type":"MultiPolygon","coordinates":[[[[120.572787,24.061342],[120.572774,24.061162],[120.572748,24.060931],[120.572741,24.060908],[120.572718,24.060898],[120.572741,24.061071],[120.572765,24.06139],[120.572761,24.06163],[120.572742,24.061858],[120.572731,24.061948],[120.572721,24.061993],[120.572678,24.062121],[120.572635,24.062214],[120.572583,24.062274],[120.572513,24.062318],[120.572444,24.062346],[120.572389,24.062362],[120.571693,24.062482],[120.571497,24.062538],[120.5714,24.062585],[120.571142,24.062753],[120.57103,24.062853],[120.570965,24.062925],[120.570931,24.06297],[120.570705,24.063286],[120.570723,24.063293],[120.570735,24.06329],[120.570917,24.063026],[120.570984,24.06294],[120.571082,24.062834],[120.571158,24.062771],[120.571254,24.062703],[120.571462,24.062579],[120.571506,24.062559],[120.571553,24.062545],[120.571735,24.062495],[120.572394,24.062385],[120.572506,24.062346],[120.572565,24.062315],[120.572599,24.06229],[120.572624,24.062266],[120.572655,24.062225],[120.572682,24.062175],[120.572717,24.062084],[120.572755,24.061952],[120.572785,24.061631],[120.57279,24.061489],[120.572788,24.061389],[120.572787,24.061342]]]]}},{"type":"Feature","properties":{"n":"虎崗路","v":"彰化市","w":2.3,"c":1.25,"r":null},"geometry":{"type":"MultiPolygon","coordinates":[[[[120.572046,24.058415],[120.572083,24.058242],[120.5721,24.058059],[120.572093,24.057999],[120.572091,24.057828],[120.572079,24.057486],[120.572071,24.057486],[120.572072,24.05748],[120.572078,24.05748],[120.572075,24.057434],[120.57207,24.057434],[120.57207,24.057428],[120.572075,24.057428],[120.572072,24.057378],[120.572077,24.057342],[120.572069,24.05734],[120.572037,24.056365],[120.572053,24.056251],[120.572075,24.056155],[120.572125,24.05603],[120.572203,24.055877],[120.572183,24.055868],[120.572104,24.056022],[120.572064,24.056115],[120.57203,24.056248],[120.572014,24.056365],[120.572017,24.056526],[120.572047,24.057347],[120.572065,24.057704],[120.572075,24.058059],[120.572072,24.058142],[120.572062,24.058239],[120.572026,24.058405],[120.572046,24.058415]]]]}},{"type":"Feature","properties":{"n":"虎崗路","v":"彰化市","w":2.2,"c":2.2,"r":null},"geometry":{"type":"MultiPolygon","coordinates":[[[[120.571817,24.059229],[120.571839,24.059282],[120.571855,24.059276],[120.571837,24.059236],[120.571823,24.059164],[120.57182,24.059099],[120.571827,24.059029],[120.571838,24.05898],[120.571879,24.058865],[120.572024,24.058482],[120.572004,24.058476],[120.571858,24.058859],[120.571817,24.058993],[120.571805,24.059056],[120.571802,24.059108],[120.571805,24.059166],[120.571814,24.059217],[120.571817,24.059229]]]]}},{"type":"Feature","properties":{"n":"虎崗路","v":"彰化市","w":1.8,"c":1.8,"r":null},"geometry":{"type":"MultiPolygon","coordinates":[[[[120.571923,24.059445],[120.571908,24.059455],[120.571921,24.059488],[120.572165,24.06007],[120.572181,24.060065],[120.571924,24.059449],[120.571923,24.059445]]]]}},{"type":"Feature","properties":{"n":"虎崗路","v":"彰化市","w":4.19,"c":3.61,"r":null},"geometry":{"type":"MultiPolygon","coordinates":[[[[120.569911,24.065333],[120.569894,24.065319],[120.56983,24.065379],[120.569784,24.065408],[120.56711,24.067003],[120.567,24.067051],[120.566884,24.06709],[120.566626,24.067157],[120.56632,24.067227],[120.566196,24.067263],[120.566116,24.067301],[120.566017,24.067378],[120.565991,24.067411],[120.565964,24.067457],[120.565488,24.06854],[120.565397,24.068768],[120.565364,24.068872],[120.565307,24.069083],[120.565075,24.070006],[120.56504,24.070128],[120.564994,24.070257],[120.565015,24.070264],[120.565068,24.070112],[120.565106,24.069978],[120.565329,24.069088],[120.565386,24.068878],[120.565437,24.068723],[120.565509,24.068548],[120.565985,24.067466],[120.56601,24.067422],[120.566034,24.067392],[120.566129,24.067318],[120.566204,24.067282],[120.566326,24.067248],[120.566873,24.067115],[120.567003,24.067072],[120.567121,24.067021],[120.569797,24.065425],[120.569845,24.065395],[120.56991,24.065334],[120.569911,24.065333]]]]}},{"type":"Feature","properties":{"n":"虎崗路","v":"彰化市","w":2.3,"c":1.23,"r":null},"geometry":{"type":"MultiPolygon","coordinates":[[[[120.572047,24.06256],[120.572042,24.062541],[120.572018,24.062542],[120.571781,24.062581],[120.571617,24.062622],[120.571526,24.062657],[120.57136,24.062752],[120.57124,24.062835],[120.571125,24.062937],[120.571075,24.062987],[120.571029,24.063046],[120.570401,24.06394],[120.570294,24.064135],[120.570245,24.064268],[120.570198,24.064444],[120.57008,24.064998],[120.570034,24.065132],[120.570007,24.065183],[120.569969,24.06524],[120.569975,24.065266],[120.570005,24.065227],[120.570041,24.065167],[120.570068,24.065109],[120.570095,24.065027],[120.57022,24.064449],[120.570267,24.064273],[120.570315,24.064143],[120.57042,24.06395],[120.571017,24.063097],[120.571093,24.063001],[120.571163,24.06293],[120.571231,24.06287],[120.571373,24.062769],[120.571523,24.062682],[120.571606,24.062648],[120.571678,24.062626],[120.571786,24.062603],[120.57202,24.062564],[120.572047,24.06256]]]]}},{"type":"Feature","properties":{"n":"虎崗路","v":"彰化市","w":2.3,"c":2.3,"r":null},"geometry":{"type":"MultiPolygon","coordinates":[[[[120.572092,24.062529],[120.5721,24.06255],[120.572463,24.062486],[120.572613,24.062441],[120.572645,24.06242],[120.572707,24.062365],[120.57277,24.062288],[120.572803,24.062237],[120.57284,24.062165],[120.572858,24.062105],[120.572872,24.062012],[120.572904,24.06166],[120.57288,24.061668],[120.57285,24.06201],[120.572843,24.062068],[120.572829,24.062125],[120.572818,24.062158],[120.572784,24.062227],[120.572751,24.062276],[120.572689,24.062352],[120.572631,24.062404],[120.572602,24.062422],[120.572575,24.062433],[120.572401,24.062478],[120.572163,24.062518],[120.572092,24.062529]]]]}},{"type":"Feature","properties":{"n":"虎崗路","v":"彰化市","w":1.8,"c":1.8,"r":null},"geometry":{"type":"MultiPolygon","coordinates":[[[[120.572895,24.061128],[120.572867,24.060843],[120.572847,24.060748],[120.572823,24.060693],[120.572813,24.060682],[120.57281,24.060684],[120.57275,24.060596],[120.572683,24.060531],[120.572606,24.060471],[120.572353,24.060301],[120.572295,24.060245],[120.572241,24.06018],[120.572227,24.06019],[120.572282,24.060256],[120.572341,24.060313],[120.572382,24.060343],[120.57251,24.060428],[120.572512,24.060425],[120.57252,24.06043],[120.572518,24.060433],[120.57264,24.060516],[120.572683,24.060553],[120.572754,24.060629],[120.572814,24.060723],[120.572828,24.060763],[120.572846,24.060855],[120.57288,24.061207],[120.572891,24.061427],[120.572887,24.0616],[120.572908,24.061607],[120.572913,24.061427],[120.572898,24.061163],[120.572895,24.061128]]]]}},{"type":"Feature","properties":{"n":"虎崗路","v":"彰化市","w":1.8,"c":1.8,"r":null},"geometry":{"type":"MultiPolygon","coordinates":[[[[120.5719,24.059388],[120.571883,24.059346],[120.571867,24.059351],[120.571883,24.059394],[120.5719,24.059388]]]]}},{"type":"Feature","properties":{"n":"旭光路","v":"彰化市","w":2.36,"c":0.98,"r":1},"geometry":{"type":"MultiPolygon","coordinates":[[[[120.546235,24.072566],[120.54609,24.072292],[120.546077,24.072286],[120.546083,24.072281],[120.546077,24.072272],[120.546023,24.072238],[120.545962,24.072237],[120.545953,24.072247],[120.546014,24.072257],[120.546055,24.072283],[120.546196,24.072538],[120.546324,24.072804],[120.546344,24.072795],[120.546319,24.072736],[120.546235,24.072566]]]]}},{"type":"Feature","properties":{"n":"旭光路","v":"彰化市","w":2.43,"c":0.65,"r":1},"geometry":{"type":"MultiPolygon","coordinates":[[[[120.546569,24.074123],[120.546556,24.074123],[120.546574,24.074846],[120.546589,24.074837],[120.546597,24.074821],[120.546581,24.07414],[120.546571,24.074125],[120.546569,24.074123]]]]}},{"type":"Feature","properties":{"n":"旭光路","v":"彰化市","w":2.78,"c":1.45,"r":2},"geometry":{"type":"MultiPolygon","coordinates":[[[[120.547375,24.076007],[120.547361,24.075994],[120.547139,24.075566],[120.547122,24.075585],[120.547129,24.075599],[120.547329,24.075981],[120.547342,24.076004],[120.547358,24.076009],[120.547373,24.076007],[120.547375,24.076007]]]]}},{"type":"Feature","properties":{"n":"旭光路","v":"彰化市","w":2.3,"c":0.86,"r":1},"geometry":{"type":"MultiPolygon","coordinates":[[[[120.546889,24.075093],[120.546878,24.075104],[120.54688,24.07512],[120.547076,24.075499],[120.547094,24.0755],[120.547123,24.075492],[120.547092,24.075482],[120.546953,24.075215],[120.546889,24.075093]]]]}},{"type":"Feature","properties":{"n":"旭光路","v":"彰化市","w":2.62,"c":0.78,"r":null},"geometry":{"type":"MultiPolygon","coordinates":[[[[120.546819,24.074856],[120.546804,24.074115],[120.546791,24.074117],[120.546779,24.074135],[120.546794,24.074839],[120.546801,24.07485],[120.546819,24.074856]]]]}},{"type":"Feature","properties":{"n":"旭光路","v":"彰化市","w":2.38,"c":0.74,"r":null},"geometry":{"type":"MultiPolygon","coordinates":[[[[120.546825,24.074033],[120.546794,24.074008],[120.546793,24.073917],[120.546759,24.073299],[120.546737,24.073191],[120.546607,24.072807],[120.546509,24.072576],[120.546331,24.072277],[120.54632,24.072287],[120.546318,24.072297],[120.546489,24.072584],[120.546552,24.072729],[120.546618,24.072906],[120.546716,24.073197],[120.546737,24.073301],[120.546741,24.073456],[120.546771,24.073918],[120.546772,24.074045],[120.546779,24.074049],[120.546826,24.074048],[120.546826,24.074034],[120.546825,24.074033]]]]}},{"type":"Feature","properties":{"n":"旭光路","v":"彰化市","w":2.06,"c":0.78,"r":null},"geometry":{"type":"MultiPolygon","coordinates":[[[[120.546295,24.072219],[120.546193,24.072046],[120.546184,24.072066],[120.546187,24.072072],[120.546273,24.072219],[120.546287,24.072221],[120.546295,24.072219]]]]}},{"type":"Feature","properties":{"n":"旭光路","v":"彰化市","w":2.66,"c":1.63,"r":5},"geometry":{"type":"MultiPolygon","coordinates":[[[[120.545148,24.071002],[120.545136,24.07103],[120.545141,24.07105],[120.545336,24.071175],[120.545406,24.071225],[120.545536,24.071331],[120.545555,24.07133],[120.545638,24.071394],[120.545832,24.071566],[120.545863,24.071602],[120.546057,24.071885],[120.546082,24.071903],[120.546093,24.07188],[120.546078,24.07187],[120.545884,24.071588],[120.545851,24.071549],[120.545585,24.071311],[120.545436,24.071191],[120.545365,24.071139],[120.545191,24.071028],[120.545148,24.071002]]]]}},{"type":"Feature","properties":{"n":"旭光路","v":"彰化市","w":4.67,"c":1.98,"r":1},"geometry":{"type":"MultiPolygon","coordinates":[[[[120.545099,24.070978],[120.54487,24.070847],[120.54463,24.070725],[120.544626,24.070705],[120.544581,24.070713],[120.544587,24.070741],[120.544601,24.070758],[120.544847,24.070884],[120.545057,24.071003],[120.545068,24.071005],[120.545085,24.070995],[120.545099,24.070978]]]]}},{"type":"Feature","properties":{"n":"旭光路","v":"彰化市","w":4.44,"c":0.62,"r":4},"geometry":{"type":"MultiPolygon","coordinates":[[[[120.544458,24.070751],[120.543729,24.070799],[120.543738,24.070828],[120.543749,24.070838],[120.544459,24.070791],[120.544488,24.070776],[120.544496,24.070764],[120.544498,24.070735],[120.544475,24.070733],[120.544458,24.070751]]]]}},{"type":"Feature","properties":{"n":"旭光路","v":"彰化市","w":4.46,"c":2,"r":8},"geometry":{"type":"MultiPolygon","coordinates":[[[[120.543674,24.070803],[120.542982,24.07084],[120.542996,24.070873],[120.543037,24.070877],[120.543662,24.070843],[120.543675,24.070829],[120.543674,24.070803]]]]}},{"type":"Feature","properties":{"n":"旭光路","v":"彰化市","w":4.55,"c":1.9,"r":2},"geometry":{"type":"MultiPolygon","coordinates":[[[[120.542521,24.070837],[120.542543,24.070887],[120.542556,24.070899],[120.542573,24.070906],[120.542907,24.070885],[120.54292,24.070878],[120.542922,24.07087],[120.542916,24.070843],[120.542567,24.070865],[120.542523,24.070836],[120.542521,24.070837]]]]}},{"type":"Feature","properties":{"n":"旭光路","v":"彰化市","w":4.71,"c":1.85,"r":2},"geometry":{"type":"MultiPolygon","coordinates":[[[[120.543055,24.07111],[120.543041,24.071077],[120.543028,24.071068],[120.542999,24.07107],[120.542992,24.071088],[120.542914,24.071092],[120.542905,24.071074],[120.542819,24.071079],[120.542665,24.071094],[120.54264,24.071109],[120.542633,24.071121],[120.542631,24.071136],[120.542646,24.071179],[120.542676,24.071135],[120.542853,24.071119],[120.543055,24.07111]]]]}},{"type":"Feature","properties":{"n":"旭光路","v":"彰化市","w":4.84,"c":2.1,"r":10},"geometry":{"type":"MultiPolygon","coordinates":[[[[120.544937,24.071152],[120.544935,24.071116],[120.544924,24.071098],[120.544736,24.070991],[120.544348,24.07101],[120.544051,24.07101],[120.543739,24.071027],[120.543123,24.071063],[120.543112,24.071072],[120.543107,24.071084],[120.543114,24.071107],[120.544296,24.071036],[120.5447,24.071018],[120.544893,24.071128],[120.544937,24.071152]]]]}},{"type":"Feature","properties":{"n":"旭光路","v":"彰化市","w":4.44,"c":1.25,"r":6},"geometry":{"type":"MultiPolygon","coordinates":[[[[120.545741,24.071735],[120.545693,24.071666],[120.545453,24.071456],[120.545315,24.071343],[120.545065,24.071179],[120.545046,24.071173],[120.545028,24.071182],[120.545016,24.071213],[120.545052,24.071218],[120.545288,24.071373],[120.54543,24.07149],[120.545655,24.071688],[120.545805,24.071898],[120.545776,24.071936],[120.545833,24.07193],[120.545847,24.071909],[120.545847,24.071888],[120.545774,24.071781],[120.545741,24.071735]]]]}},{"type":"Feature","properties":{"n":"旭光路","v":"彰化市","w":2.38,"c":2.38,"r":1},"geometry":{"type":"MultiPolygon","coordinates":[[[[120.546009,24.072187],[120.546022,24.07218],[120.546023,24.072168],[120.545958,24.072075],[120.545945,24.072071],[120.54593,24.072075],[120.545981,24.072148],[120.546009,24.072187]]]]}},{"type":"Feature","properties":{"n":"旭光路","v":"彰化市","w":2.57,"c":1.29,"r":null},"geometry":{"type":"MultiPolygon","coordinates":[[[[120.546572,24.073956],[120.546532,24.073271],[120.546513,24.073194],[120.54648,24.07311],[120.546365,24.072844],[120.546348,24.072855],[120.546443,24.073078],[120.546504,24.073244],[120.546511,24.07329],[120.546551,24.073996],[120.546569,24.073987],[120.546573,24.073978],[120.546572,24.073956]]]]}},{"type":"Feature","properties":{"n":"旭光路","v":"彰化市","w":2.47,"c":1.2,"r":1},"geometry":{"type":"MultiPolygon","coordinates":[[[[120.546681,24.075162],[120.546661,24.075148],[120.546645,24.075145],[120.546888,24.07561],[120.5469,24.075599],[120.546902,24.075584],[120.54679,24.075373],[120.546681,24.075162]]]]}},{"type":"Feature","properties":{"n":"旭光路","v":"彰化市","w":2.45,"c":1.07,"r":2},"geometry":{"type":"MultiPolygon","coordinates":[[[[120.547161,24.076126],[120.547171,24.076116],[120.547174,24.076102],[120.546964,24.075703],[120.546951,24.07569],[120.546929,24.07569],[120.547131,24.076072],[120.547161,24.076126]]]]}},{"type":"Feature","properties":{"n":"旭光西路","v":"彰化市","w":2.32,"c":0.84,"r":null},"geometry":{"type":"MultiPolygon","coordinates":[[[[120.540278,24.071609],[120.54156,24.071373],[120.541559,24.071367],[120.54155,24.071355],[120.540291,24.071584],[120.54028,24.07159],[120.540277,24.071602],[120.540278,24.071609]]]]}},{"type":"Feature","properties":{"n":"旭光西路","v":"彰化市","w":2.38,"c":0.94,"r":null},"geometry":{"type":"MultiPolygon","coordinates":[[[[120.541688,24.071328],[120.541676,24.071337],[120.541676,24.071353],[120.542424,24.071211],[120.542465,24.071236],[120.542448,24.071201],[120.54241,24.071193],[120.542389,24.071196],[120.541776,24.071312],[120.541688,24.071328]]]]}},{"type":"Feature","properties":{"n":"旭光西路","v":"彰化市","w":2.51,"c":0.52,"r":1},"geometry":{"type":"MultiPolygon","coordinates":[[[[120.540199,24.071397],[120.540208,24.071413],[120.540218,24.071417],[120.540545,24.071354],[120.540561,24.071349],[120.540567,24.071336],[120.540566,24.071327],[120.540269,24.071383],[120.540199,24.071397]]]]}},{"type":"Feature","properties":{"n":"介壽橋","v":"彰化市","w":2.19,"c":1.64,"r":null},"geometry":{"type":"MultiPolygon","coordinates":[[[[120.552352,24.070403],[120.552336,24.070598],[120.552322,24.070651],[120.552341,24.07066],[120.552352,24.070629],[120.552361,24.070567],[120.552479,24.069069],[120.552475,24.069057],[120.55246,24.06905],[120.55237,24.070178],[120.552352,24.070403]]]]}},{"type":"Feature","properties":{"n":"介壽橋","v":"彰化市","w":2.12,"c":1.62,"r":null},"geometry":{"type":"MultiPolygon","coordinates":[[[[120.552622,24.069115],[120.552602,24.069121],[120.552599,24.069144],[120.552475,24.070677],[120.552476,24.07069],[120.552485,24.070698],[120.552497,24.070695],[120.552502,24.070689],[120.552503,24.070667],[120.552497,24.070667],[120.552605,24.069332],[120.552622,24.069115]]]]}},{"type":"Feature","properties":{"n":"大學路","v":"彰化市","w":2.74,"c":1.96,"r":3},"geometry":{"type":"MultiPolygon","coordinates":[[[[120.551417,24.068223],[120.552057,24.068909],[120.552063,24.068904],[120.552116,24.068959],[120.55212,24.068956],[120.552125,24.068944],[120.552119,24.068933],[120.551311,24.068072],[120.551268,24.068033],[120.551221,24.068011],[120.551138,24.068003],[120.551008,24.068002],[120.55055,24.068012],[120.549495,24.068044],[120.549478,24.068049],[120.549474,24.06806],[120.549474,24.068068],[120.550012,24.068056],[120.550011,24.068048],[120.55013,24.068042],[120.550417,24.068042],[120.551073,24.068028],[120.551182,24.068031],[120.551213,24.068036],[120.551251,24.068053],[120.551291,24.068089],[120.551414,24.06822],[120.551417,24.068223]]]]}},{"type":"Feature","properties":{"n":"大學路","v":"彰化市","w":1.8,"c":1.8,"r":4},"geometry":{"type":"MultiPolygon","coordinates":[[[[120.551544,24.068166],[120.551379,24.067993],[120.55134,24.067957],[120.551283,24.067923],[120.551251,24.067912],[120.551183,24.067906],[120.551045,24.067903],[120.550844,24.067906],[120.549569,24.06794],[120.549568,24.06793],[120.548905,24.067949],[120.548469,24.067951],[120.548478,24.067973],[120.548499,24.067983],[120.549944,24.067946],[120.550081,24.067941],[120.55009,24.067932],[120.550119,24.067931],[120.550129,24.067939],[120.551045,24.067917],[120.551182,24.06792],[120.551247,24.067927],[120.551291,24.067943],[120.55133,24.067969],[120.551368,24.068003],[120.552192,24.06888],[120.552201,24.068883],[120.552214,24.06888],[120.551639,24.068264],[120.551544,24.068166]]]]}},{"type":"Feature","properties":{"n":"大學路","v":"彰化市","w":2.88,"c":0.73,"r":2},"geometry":{"type":"MultiPolygon","coordinates":[[[[120.548868,24.068058],[120.548513,24.068065],[120.548502,24.068073],[120.548502,24.06809],[120.548882,24.068083],[120.54888,24.068065],[120.548869,24.068058],[120.548868,24.068058]]]]}},{"type":"Feature","properties":{"n":"大學路","v":"彰化市","w":2.91,"c":2.05,"r":2},"geometry":{"type":"MultiPolygon","coordinates":[[[[120.549368,24.068045],[120.548966,24.068056],[120.548953,24.068065],[120.548951,24.068081],[120.549383,24.068068],[120.549381,24.068054],[120.549369,24.068045],[120.549368,24.068045]]]]}},{"type":"Feature","properties":{"n":"中興路","v":"彰化市","w":3.53,"c":1.08,"r":4},"geometry":{"type":"MultiPolygon","coordinates":[[[[120.549198,24.070436],[120.549153,24.070423],[120.549141,24.070429],[120.548864,24.070324],[120.548748,24.070271],[120.54854,24.070135],[120.548525,24.070154],[120.548678,24.070259],[120.54868,24.070256],[120.548733,24.070289],[120.548968,24.07039],[120.54913,24.070448],[120.549132,24.07046],[120.549162,24.070458],[120.549281,24.070493],[120.54942,24.070526],[120.551199,24.070842],[120.552021,24.070918],[120.552004,24.070891],[120.551868,24.070881],[120.551776,24.070864],[120.551203,24.07081],[120.549555,24.070519],[120.549407,24.070491],[120.549246,24.07045],[120.549198,24.070436]]]]}},{"type":"Feature","properties":{"n":"中興路","v":"彰化市","w":2.54,"c":0.7,"r":5},"geometry":{"type":"MultiPolygon","coordinates":[[[[120.55473,24.071073],[120.554731,24.071066],[120.554722,24.071061],[120.554665,24.071048],[120.554276,24.071024],[120.552587,24.070931],[120.552151,24.070902],[120.552138,24.070907],[120.55213,24.070922],[120.552586,24.070954],[120.553781,24.071017],[120.55473,24.071073],[120.55473,24.071073]]]]}},{"type":"Feature","properties":{"n":"中興路","v":"彰化市","w":2.15,"c":0.8,"r":null},"geometry":{"type":"MultiPolygon","coordinates":[[[[120.55474,24.070851],[120.554332,24.070823],[120.55433,24.070847],[120.554746,24.070871],[120.554784,24.070879],[120.55479,24.070875],[120.554775,24.070854],[120.55476,24.070853],[120.554775,24.070854],[120.554883,24.070993],[120.555186,24.071106],[120.555449,24.071263],[120.555457,24.071251],[120.555353,24.071184],[120.555195,24.071094],[120.554894,24.070979],[120.554784,24.070841],[120.554772,24.070834],[120.554742,24.070832],[120.55474,24.070851]]]]}},{"type":"Feature","properties":{"n":"中興路","v":"彰化市","w":2.46,"c":2.46,"r":null},"geometry":{"type":"MultiPolygon","coordinates":[[[[120.552867,24.070737],[120.552866,24.070759],[120.553224,24.07078],[120.553225,24.070758],[120.552978,24.070741],[120.552867,24.070737]]]]}},{"type":"Feature","properties":{"n":"中興路","v":"彰化市","w":2.32,"c":2.32,"r":null},"geometry":{"type":"MultiPolygon","coordinates":[[[[120.552641,24.070747],[120.552755,24.070753],[120.55278,24.070735],[120.552624,24.070725],[120.552636,24.070741],[120.552641,24.070747]]]]}},{"type":"Feature","properties":{"n":"中興路","v":"彰化市","w":3.56,"c":1.18,"r":null},"geometry":{"type":"MultiPolygon","coordinates":[[[[120.550893,24.070586],[120.55115,24.070631],[120.551173,24.070624],[120.551185,24.070606],[120.550105,24.070419],[120.550107,24.07044],[120.550121,24.070452],[120.550133,24.070456],[120.550844,24.070578],[120.550893,24.070586]]]]}},{"type":"Feature","properties":{"n":"中興路","v":"彰化市","w":3.6,"c":0.71,"r":1},"geometry":{"type":"MultiPolygon","coordinates":[[[[120.552314,24.070647],[120.552289,24.070672],[120.552261,24.070662],[120.552235,24.07068],[120.552205,24.070692],[120.55123,24.070613],[120.551234,24.070632],[120.551254,24.070648],[120.552223,24.070727],[120.552253,24.070725],[120.552276,24.070715],[120.552323,24.070684],[120.552341,24.07066],[120.552314,24.070647]]]]}},{"type":"Feature","properties":{"n":"中興路","v":"彰化市","w":3.62,"c":0.56,"r":1},"geometry":{"type":"MultiPolygon","coordinates":[[[[120.549211,24.070235],[120.549185,24.070261],[120.549311,24.070299],[120.549461,24.070337],[120.549991,24.070431],[120.550009,24.070429],[120.550022,24.070418],[120.550028,24.070406],[120.54947,24.070305],[120.549264,24.070251],[120.549211,24.070235]]]]}},{"type":"Feature","properties":{"n":"中興路","v":"彰化市","w":2.41,"c":1.09,"r":null},"geometry":{"type":"MultiPolygon","coordinates":[[[[120.548269,24.069709],[120.548389,24.069813],[120.548803,24.070087],[120.548902,24.070139],[120.549012,24.070188],[120.549037,24.070187],[120.549046,24.07018],[120.548913,24.07012],[120.548816,24.070069],[120.548509,24.069867],[120.548409,24.069789],[120.548249,24.069622],[120.548218,24.069584],[120.548218,24.06958],[120.548202,24.069586],[120.548195,24.069594],[120.548196,24.069601],[120.548227,24.06966],[120.54827,24.069708],[120.548269,24.069709]]]]}},{"type":"Feature","properties":{"n":"中興路","v":"彰化市","w":2,"c":0.74,"r":null},"geometry":{"type":"MultiPolygon","coordinates":[[[[120.546251,24.069741],[120.546252,24.069759],[120.546712,24.069752],[120.547132,24.069739],[120.547606,24.069717],[120.547825,24.0697],[120.54794,24.069698],[120.547957,24.069693],[120.547962,24.069677],[120.547605,24.069699],[120.547131,24.069721],[120.546712,24.069734],[120.546269,24.06974],[120.546251,24.069741]]]]}},{"type":"Feature","properties":{"n":"中山路二段","v":"彰化市","w":4.3,"c":1.76,"r":1},"geometry":{"type":"MultiPolygon","coordinates":[[[[120.541864,24.06995],[120.541888,24.069976],[120.541932,24.070105],[120.542002,24.070207],[120.542057,24.070296],[120.54204,24.070305],[120.542134,24.070534],[120.542151,24.070528],[120.542268,24.070835],[120.542278,24.070871],[120.542317,24.07086],[120.542155,24.070412],[120.542108,24.070301],[120.54206,24.070212],[120.541902,24.069962],[120.541809,24.069863],[120.541717,24.069776],[120.541689,24.069776],[120.541813,24.06989],[120.541852,24.069937],[120.541864,24.06995]]]]}},{"type":"Feature","properties":{"n":"中山路二段","v":"彰化市","w":4.8,"c":0.53,"r":null},"geometry":{"type":"MultiPolygon","coordinates":[[[[120.544151,24.075182],[120.544149,24.075172],[120.544124,24.075167],[120.544105,24.075196],[120.544214,24.075976],[120.544278,24.07597],[120.544274,24.075892],[120.544249,24.075882],[120.544218,24.075691],[120.544159,24.075239],[120.544151,24.075182]]]]}},{"type":"Feature","properties":{"n":" 環山路","v":"彰化市","w":2.26,"c":1.62,"r":null},"geometry":{"type":"MultiPolygon","coordinates":[[[[120.573527,24.054422],[120.573633,24.054333],[120.573685,24.054296],[120.573748,24.054261],[120.573799,24.054245],[120.57405,24.054231],[120.574564,24.054214],[120.574561,24.054194],[120.573807,24.054221],[120.573738,24.054242],[120.573671,24.054278],[120.573617,24.054316],[120.573514,24.054408],[120.573527,24.054422]]]]}},{"type":"Feature","properties":{"n":" 環山路","v":"彰化市","w":1.91,"c":0.97,"r":null},"geometry":{"type":"MultiPolygon","coordinates":[[[[120.576439,24.053555],[120.576443,24.053574],[120.576462,24.053593],[120.576577,24.053601],[120.576678,24.053623],[120.576769,24.053661],[120.576852,24.053716],[120.576896,24.053723],[120.576931,24.053762],[120.576994,24.053849],[120.577289,24.054354],[120.577327,24.054407],[120.577358,24.054446],[120.577426,24.054503],[120.577498,24.05455],[120.577554,24.054577],[120.577556,24.054559],[120.577509,24.054536],[120.577437,24.05449],[120.577372,24.054435],[120.577342,24.054398],[120.577304,24.054346],[120.576993,24.053813],[120.576946,24.053752],[120.576905,24.053708],[120.5768,24.05363],[120.576725,24.053594],[120.576663,24.053576],[120.576555,24.053557],[120.57646,24.053553],[120.576439,24.053555]]]]}},{"type":"Feature","properties":{"n":" 環山路","v":"彰化市","w":1.8,"c":0.9,"r":null},"geometry":{"type":"MultiPolygon","coordinates":[[[[120.576092,24.053623],[120.576088,24.053608],[120.575937,24.053632],[120.575756,24.053665],[120.575613,24.053705],[120.575565,24.05373],[120.575521,24.053763],[120.575206,24.054057],[120.57514,24.054107],[120.57509,24.054132],[120.574988,24.054161],[120.574898,24.054178],[120.574715,24.054186],[120.574714,24.054201],[120.574924,24.05419],[120.574993,24.054176],[120.575097,24.054146],[120.575149,24.05412],[120.575219,24.054068],[120.575533,24.053776],[120.575586,24.053736],[120.575647,24.053709],[120.575765,24.053678],[120.576072,24.053627],[120.576092,24.053623]]]]}},{"type":"Feature","properties":{"n":" 環山路","v":"彰化市","w":1.95,"c":1.95,"r":null},"geometry":{"type":"MultiPolygon","coordinates":[[[[120.577631,24.054597],[120.577724,24.054614],[120.577808,24.054617],[120.577979,24.054583],[120.578101,24.054545],[120.57809,24.054531],[120.577974,24.054566],[120.577806,24.054599],[120.577726,24.054597],[120.577634,24.054581],[120.577631,24.054597]]]]}},{"type":"Feature","properties":{"n":" 環山路","v":"彰化市","w":1.9,"c":1.9,"r":null},"geometry":{"type":"MultiPolygon","coordinates":[[[[120.581446,24.051888],[120.581387,24.051905],[120.580968,24.052072],[120.580897,24.052115],[120.580855,24.05217],[120.580815,24.052244],[120.580753,24.052419],[120.580702,24.052647],[120.580678,24.052706],[120.580592,24.052819],[120.580404,24.052993],[120.580044,24.053276],[120.579986,24.053311],[120.579902,24.053349],[120.579823,24.053376],[120.579729,24.053394],[120.579451,24.053421],[120.579323,24.053441],[120.579233,24.053465],[120.579157,24.053504],[120.579078,24.053568],[120.579023,24.053626],[120.578856,24.053876],[120.578626,24.054177],[120.578574,24.054236],[120.578503,24.054301],[120.578455,24.054336],[120.578231,24.054465],[120.578178,24.054492],[120.578179,24.054511],[120.578275,24.054462],[120.578466,24.054349],[120.578515,24.054313],[120.578584,24.054252],[120.578641,24.054187],[120.578872,24.053885],[120.579038,24.053636],[120.579091,24.05358],[120.579169,24.053517],[120.579241,24.05348],[120.579328,24.053457],[120.579454,24.053438],[120.579733,24.05341],[120.57983,24.053392],[120.579911,24.053364],[120.579996,24.053325],[120.580055,24.053289],[120.580416,24.053005],[120.580606,24.05283],[120.580694,24.052715],[120.58072,24.052652],[120.580771,24.052424],[120.580832,24.05225],[120.580871,24.052179],[120.580911,24.052127],[120.580977,24.052087],[120.581451,24.051902],[120.581446,24.051888]]]]}},{"type":"Feature","properties":{"n":" 環山路","v":"彰化市","w":2.13,"c":1.16,"r":1},"geometry":{"type":"MultiPolygon","coordinates":[[[[120.581683,24.051804],[120.581803,24.05177],[120.581954,24.051742],[120.582107,24.051727],[120.582737,24.051697],[120.582736,24.051678],[120.581994,24.051717],[120.581896,24.051731],[120.5818,24.05175],[120.581696,24.051781],[120.581688,24.051791],[120.581683,24.051804]]]]}},{"type":"Feature","properties":{"n":"大彰路","v":"彰化市","w":4.22,"c":2.29,"r":null},"geometry":{"type":"MultiPolygon","coordinates":[[[[120.585133,24.051222],[120.585202,24.050942],[120.585223,24.050829],[120.585241,24.050701],[120.585279,24.050354],[120.585249,24.050354],[120.585235,24.050373],[120.585203,24.050697],[120.585185,24.050823],[120.585162,24.050941],[120.585166,24.050959],[120.585124,24.051175],[120.585108,24.051234],[120.585072,24.051319],[120.585021,24.051398],[120.584956,24.051468],[120.584887,24.051519],[120.584822,24.051557],[120.584756,24.051585],[120.584687,24.051606],[120.584609,24.051619],[120.584534,24.051623],[120.584024,24.051618],[120.583353,24.051648],[120.583313,24.051653],[120.583283,24.051664],[120.583251,24.051685],[120.583226,24.051711],[120.583242,24.051724],[120.583265,24.0517],[120.583292,24.051682],[120.583318,24.051673],[120.583355,24.051668],[120.584025,24.051637],[120.584565,24.051641],[120.584628,24.051636],[120.584703,24.051622],[120.584778,24.051598],[120.584847,24.051566],[120.584918,24.051522],[120.584976,24.051476],[120.58503,24.051419],[120.585073,24.051358],[120.585107,24.051293],[120.585133,24.051222],[120.585133,24.051222]]]]}},{"type":"Feature","properties":{"n":"建國北路","v":"彰化市","w":3.97,"c":1.66,"r":1},"geometry":{"type":"MultiPolygon","coordinates":[[[[120.550217,24.091774],[120.55022,24.091792],[120.550218,24.091814],[120.549875,24.093046],[120.549862,24.093078],[120.549848,24.093099],[120.549832,24.093168],[120.549879,24.093177],[120.550275,24.091752],[120.550217,24.091774]]]]}},{"type":"Feature","properties":{"n":"自強路","v":"彰化市","w":3.97,"c":2.05,"r":3},"geometry":{"type":"MultiPolygon","coordinates":[[[[120.550217,24.091774],[120.550275,24.091752],[120.550244,24.091707],[120.547935,24.091214],[120.547877,24.091247],[120.547916,24.091284],[120.547952,24.091264],[120.547995,24.091263],[120.54843,24.091358],[120.548428,24.091368],[120.548667,24.091418],[120.54867,24.09141],[120.550168,24.091727],[120.550197,24.091744],[120.550215,24.091771],[120.550217,24.091774]]]]}},{"type":"Feature","properties":{"n":"泰安二街","v":"彰化市","w":3.79,"c":2.02,"r":null},"geometry":{"type":"MultiPolygon","coordinates":[[[[120.547877,24.091247],[120.547488,24.092612],[120.547567,24.092611],[120.547548,24.092578],[120.547549,24.092541],[120.547892,24.091328],[120.547902,24.091302],[120.547916,24.091284],[120.547877,24.091247]]]]}},{"type":"Feature","properties":{"n":"彰泰一街","v":"彰化市","w":3.85,"c":0.51,"r":null},"geometry":{"type":"MultiPolygon","coordinates":[[[[120.547567,24.092611],[120.547488,24.092612],[120.547511,24.092651],[120.548698,24.092868],[120.548748,24.092892],[120.548783,24.092923],[120.548806,24.092891],[120.54876,24.092855],[120.548701,24.092833],[120.547605,24.092632],[120.547573,24.092616],[120.547567,24.092611]]]]}},{"type":"Feature","properties":{"n":"溫泉路","v":"彰化市","w":3.6,"c":1.38,"r":null},"geometry":{"type":"MultiPolygon","coordinates":[[[[120.549544,24.079567],[120.549756,24.079645],[120.549767,24.079641],[120.549772,24.079629],[120.549886,24.079673],[120.549882,24.079683],[120.549886,24.079691],[120.549949,24.079715],[120.549969,24.079716],[120.550086,24.07969],[120.549622,24.079511],[120.549596,24.079512],[120.549519,24.079545],[120.549383,24.079498],[120.549395,24.079472],[120.549352,24.079454],[120.549347,24.079464],[120.549242,24.07943],[120.548794,24.079435],[120.548804,24.079454],[120.54882,24.079468],[120.548901,24.079459],[120.54895,24.079462],[120.549167,24.079455],[120.549238,24.079462],[120.549525,24.079561],[120.549544,24.079567]]]]}},{"type":"Feature","properties":{"n":"溫泉路","v":"彰化市","w":4.48,"c":2.35,"r":null},"geometry":{"type":"MultiPolygon","coordinates":[[[[120.548654,24.079608],[120.548659,24.079632],[120.548771,24.079615],[120.548847,24.079585],[120.548875,24.079588],[120.548961,24.07958],[120.549091,24.079609],[120.549176,24.079649],[120.549302,24.079689],[120.549317,24.079652],[120.549023,24.079556],[120.548997,24.079552],[120.548851,24.079562],[120.548748,24.079594],[120.548654,24.079608]]]]}},{"type":"Feature","properties":{"n":"溫泉路","v":"彰化市","w":3.5,"c":1.64,"r":5},"geometry":{"type":"MultiPolygon","coordinates":[[[[120.550442,24.078994],[120.550431,24.079002],[120.550261,24.079697],[120.550249,24.079721],[120.550226,24.079746],[120.550193,24.079765],[120.549906,24.079798],[120.549866,24.079824],[120.549867,24.079865],[120.549919,24.079829],[120.550215,24.079796],[120.550215,24.079782],[120.550292,24.079717],[120.550464,24.07902],[120.550442,24.078994]]]]}},{"type":"Feature","properties":{"n":"建國北路","v":"彰化市","w":2.26,"c":1.26,"r":1},"geometry":{"type":"MultiPolygon","coordinates":[[[[120.549943,24.094043],[120.550136,24.093348],[120.55012,24.09335],[120.55011,24.093361],[120.549926,24.094021],[120.549929,24.094034],[120.549942,24.094043],[120.549943,24.094043]]]]}},{"type":"Feature","properties":{"n":"建國北路","v":"彰化市","w":2.3,"c":0.25,"r":null},"geometry":{"type":"MultiPolygon","coordinates":[[[[120.549197,24.096649],[120.549219,24.096655],[120.549648,24.095106],[120.549633,24.095108],[120.549622,24.095118],[120.549198,24.096644],[120.549197,24.096649]]]]}},{"type":"Feature","properties":{"n":"建國北路","v":"彰化市","w":2.18,"c":1.1,"r":2},"geometry":{"type":"MultiPolygon","coordinates":[[[[120.54966,24.095054],[120.549929,24.094094],[120.549912,24.094097],[120.549902,24.094109],[120.549645,24.09503],[120.549646,24.095045],[120.549659,24.095054],[120.54966,24.095054]]]]}},{"type":"Feature","properties":{"n":"建國北路","v":"彰化市","w":2.38,"c":1.11,"r":1},"geometry":{"type":"MultiPolygon","coordinates":[[[[120.549586,24.094231],[120.549603,24.094227],[120.549615,24.094212],[120.549867,24.0933],[120.549863,24.093287],[120.549853,24.09328],[120.549801,24.093451],[120.549586,24.094231]]]]}},{"type":"Feature","properties":{"n":"建國北路","v":"彰化市","w":2.36,"c":1.39,"r":2},"geometry":{"type":"MultiPolygon","coordinates":[[[[120.54937,24.095014],[120.549387,24.095006],[120.549397,24.094993],[120.549589,24.094301],[120.549585,24.094291],[120.549574,24.094283],[120.549569,24.094286],[120.54941,24.094871],[120.54937,24.095014]]]]}},{"type":"Feature","properties":{"n":"金馬路二段","v":"彰化市","w":5.43,"c":3.5,"r":null},"geometry":{"type":"MultiPolygon","coordinates":[[[[120.536452,24.091101],[120.536263,24.09094],[120.536268,24.091005],[120.536386,24.091112],[120.536966,24.091584],[120.537021,24.091578],[120.536973,24.091532],[120.536772,24.09137],[120.536452,24.091101]]]]}},{"type":"Feature","properties":{"n":"金馬路一段","v":"彰化市","w":4.52,"c":4.52,"r":null},"geometry":{"type":"MultiPolygon","coordinates":[[[[120.549197,24.096649],[120.549193,24.096677],[120.549207,24.096697],[120.550258,24.096993],[120.551416,24.097383],[120.551449,24.097378],[120.551469,24.097357],[120.550272,24.096954],[120.549219,24.096655],[120.549197,24.096649]]]]}},{"type":"Feature","properties":{"n":"金馬路二段","v":"彰化市","w":4.6,"c":1.51,"r":null},"geometry":{"type":"MultiPolygon","coordinates":[[[[120.548935,24.096579],[120.548196,24.096386],[120.54776,24.09628],[120.547715,24.096241],[120.547702,24.096253],[120.547674,24.096259],[120.546364,24.095942],[120.546356,24.095959],[120.546358,24.09597],[120.546374,24.095987],[120.548187,24.096432],[120.548915,24.096619],[120.548943,24.096605],[120.548955,24.096583],[120.548935,24.096579]]]]}},{"type":"Feature","properties":{"n":"建國北路","v":"彰化市","w":2.18,"c":1.14,"r":1},"geometry":{"type":"MultiPolygon","coordinates":[[[[120.548955,24.096583],[120.549336,24.095211],[120.549332,24.095199],[120.549322,24.095192],[120.549317,24.095191],[120.548935,24.096579],[120.548955,24.096583]]]]}},{"type":"Feature","properties":{"n":"金馬路二段","v":"彰化市","w":4.67,"c":3.33,"r":null},"geometry":{"type":"MultiPolygon","coordinates":[[[[120.538,24.092364],[120.537132,24.091662],[120.537116,24.091706],[120.537174,24.091753],[120.537944,24.092375],[120.537958,24.092376],[120.537999,24.092364],[120.538,24.092364]]]]}},{"type":"Feature","properties":{"n":"金馬路三段","v":"彰化市","w":4.89,"c":4.89,"r":null},"geometry":{"type":"MultiPolygon","coordinates":[[[[120.535111,24.089709],[120.53512,24.089717],[120.535137,24.089714],[120.535148,24.089705],[120.535156,24.089689],[120.535035,24.089555],[120.535019,24.08958],[120.535017,24.089596],[120.535021,24.089603],[120.535111,24.089709]]]]}},{"type":"Feature","properties":{"n":"金馬路一段","v":"彰化市","w":4.84,"c":0.6,"r":null},"geometry":{"type":"MultiPolygon","coordinates":[[[[120.554195,24.098182],[120.554432,24.098207],[120.554758,24.098223],[120.554988,24.09822],[120.556702,24.098165],[120.5567,24.098124],[120.55485,24.098182],[120.554518,24.098172],[120.554341,24.098157],[120.554142,24.098133],[120.554159,24.098162],[120.554191,24.098181],[120.554195,24.098182]]]]}},{"type":"Feature","properties":{"n":"金馬路一段","v":"彰化市","w":4.52,"c":0.74,"r":null},"geometry":{"type":"MultiPolygon","coordinates":[[[[120.553905,24.098142],[120.553939,24.098135],[120.55396,24.09811],[120.553226,24.097981],[120.553082,24.09795],[120.552941,24.097911],[120.552831,24.097873],[120.552128,24.097603],[120.551531,24.097381],[120.551532,24.09741],[120.551552,24.097432],[120.552806,24.097908],[120.552926,24.097949],[120.553071,24.09799],[120.553217,24.098021],[120.553893,24.098139],[120.553905,24.098142]]]]}},{"type":"Feature","properties":{"n":"金馬路三段","v":"彰化市","w":4.78,"c":0.5,"r":null},"geometry":{"type":"MultiPolygon","coordinates":[[[[120.531328,24.084796],[120.531321,24.084803],[120.531321,24.084813],[120.531674,24.08547],[120.532071,24.086098],[120.532149,24.086207],[120.532522,24.086685],[120.532559,24.086696],[120.532589,24.086697],[120.53212,24.086087],[120.531774,24.085543],[120.531605,24.085251],[120.531373,24.084813],[120.531397,24.084764],[120.531342,24.084787],[120.531328,24.084796]]]]}},{"type":"Feature","properties":{"n":"金馬路三段","v":"彰化市","w":4.85,"c":4.85,"r":null},"geometry":{"type":"MultiPolygon","coordinates":[[[[120.532887,24.08705],[120.532704,24.086836],[120.532693,24.086852],[120.532688,24.08687],[120.532691,24.086888],[120.5327,24.086904],[120.532839,24.087067],[120.532864,24.087063],[120.532886,24.087051],[120.532887,24.08705]]]]}},{"type":"Feature","properties":{"n":"金馬路三段","v":"彰化市","w":5.09,"c":3.54,"r":null},"geometry":{"type":"MultiPolygon","coordinates":[[[[120.532909,24.087079],[120.532888,24.08709],[120.532879,24.087112],[120.533019,24.087284],[120.533236,24.087528],[120.533269,24.087506],[120.533274,24.087498],[120.533024,24.08721],[120.532909,24.087079]]]]}},{"type":"Feature","properties":{"n":"金馬路三段","v":"彰化市","w":4.9,"c":1.29,"r":null},"geometry":{"type":"MultiPolygon","coordinates":[[[[120.533323,24.08755],[120.533312,24.087568],[120.533309,24.087587],[120.533319,24.087623],[120.534222,24.088666],[120.534251,24.088658],[120.534258,24.088651],[120.534146,24.088509],[120.533832,24.088152],[120.533356,24.087595],[120.533323,24.08755]]]]}},{"type":"Feature","properties":{"n":"金馬路三段","v":"彰化市","w":4.45,"c":3.13,"r":null},"geometry":{"type":"MultiPolygon","coordinates":[[[[120.535,24.08951],[120.534308,24.088702],[120.534291,24.088713],[120.534283,24.088723],[120.534281,24.088736],[120.534955,24.089525],[120.534978,24.089522],[120.534999,24.089511],[120.535,24.08951]]]]}},{"type":"Feature","properties":{"n":"金馬路三段","v":"彰化市","w":5,"c":3.19,"r":null},"geometry":{"type":"MultiPolygon","coordinates":[[[[120.535493,24.09008],[120.535474,24.090101],[120.535468,24.090128],[120.535633,24.090321],[120.535655,24.090323],[120.535676,24.090314],[120.535685,24.090306],[120.535598,24.090208],[120.535493,24.09008]]]]}},{"type":"Feature","properties":{"n":"金馬路二段","v":"彰化市","w":4.52,"c":4.52,"r":null},"geometry":{"type":"MultiPolygon","coordinates":[[[[120.535805,24.090444],[120.53579,24.090463],[120.535781,24.090487],[120.536071,24.09081],[120.536096,24.090815],[120.536121,24.090811],[120.535855,24.090498],[120.535805,24.090444]]]]}},{"type":"Feature","properties":{"n":"金馬路二段","v":"彰化市","w":4.89,"c":1.06,"r":null},"geometry":{"type":"MultiPolygon","coordinates":[[[[120.541971,24.094447],[120.541843,24.094389],[120.541817,24.094348],[120.541802,24.094342],[120.541808,24.094382],[120.541823,24.094407],[120.541839,24.094424],[120.541892,24.094459],[120.541996,24.094509],[120.54202,24.094466],[120.542007,24.09446],[120.541971,24.094447]]]]}},{"type":"Feature","properties":{"n":"金馬路二段","v":"彰化市","w":4.76,"c":3.47,"r":null},"geometry":{"type":"MultiPolygon","coordinates":[[[[120.545491,24.095726],[120.54549,24.095754],[120.545505,24.095773],[120.545521,24.09578],[120.546234,24.095953],[120.54627,24.095948],[120.54628,24.09594],[120.546291,24.09592],[120.545713,24.095782],[120.545595,24.095759],[120.545491,24.095726]]]]}},{"type":"Feature","properties":{"n":"金馬路二段","v":"彰化市","w":4.24,"c":4.24,"r":null},"geometry":{"type":"MultiPolygon","coordinates":[[[[120.545401,24.095711],[120.545298,24.095687],[120.545287,24.095723],[120.545391,24.095748],[120.545401,24.095711]]]]}},{"type":"Feature","properties":{"n":"金馬路二段","v":"彰化市","w":5,"c":3.15,"r":null},"geometry":{"type":"MultiPolygon","coordinates":[[[[120.544457,24.095501],[120.545128,24.095684],[120.545141,24.095679],[120.545153,24.095659],[120.543978,24.095316],[120.542941,24.094865],[120.542127,24.094517],[120.542107,24.094556],[120.543939,24.095346],[120.544062,24.09539],[120.544198,24.09543],[120.544457,24.095501]]]]}},{"type":"Feature","properties":{"n":"金馬路二段","v":"彰化市","w":5.02,"c":1.89,"r":null},"geometry":{"type":"MultiPolygon","coordinates":[[[[120.538643,24.092843],[120.539053,24.093104],[120.539469,24.093346],[120.539683,24.093451],[120.540244,24.093752],[120.540435,24.093843],[120.541067,24.094113],[120.541559,24.094313],[120.541582,24.094311],[120.54163,24.094293],[120.541088,24.094072],[120.540456,24.093802],[120.540198,24.093677],[120.539257,24.093166],[120.53908,24.093066],[120.538223,24.092522],[120.5382,24.092551],[120.538201,24.092559],[120.538228,24.092577],[120.538554,24.092786],[120.538643,24.092843]]]]}},{"type":"Feature","properties":{"n":"金馬路三段","v":"彰化市","w":5.16,"c":3.19,"r":null},"geometry":{"type":"MultiPolygon","coordinates":[[[[120.535181,24.089795],[120.535371,24.090013],[120.535392,24.090012],[120.535425,24.090001],[120.535208,24.089746],[120.535167,24.089774],[120.535181,24.089795]]]]}},{"type":"Feature","properties":{"n":"卦山路","v":"彰化市","w":2.47,"c":1.46,"r":1},"geometry":{"type":"MultiPolygon","coordinates":[[[[120.550254,24.078797],[120.549473,24.077801],[120.549428,24.077724],[120.549322,24.0775],[120.549309,24.077465],[120.54928,24.077447],[120.549249,24.077449],[120.549162,24.077511],[120.549132,24.077538],[120.549124,24.077553],[120.549137,24.077558],[120.549255,24.077468],[120.549276,24.077464],[120.549291,24.077471],[120.549302,24.077498],[120.549268,24.077523],[120.549294,24.077551],[120.549308,24.077541],[120.549312,24.077531],[120.549339,24.077569],[120.549331,24.077572],[120.549406,24.077734],[120.549466,24.077832],[120.550239,24.078815],[120.550258,24.078801],[120.550254,24.078797]]]]}},{"type":"Feature","properties":{"n":"卦山路","v":"彰化市","w":2.96,"c":0.82,"r":2},"geometry":{"type":"MultiPolygon","coordinates":[[[[120.546267,24.078006],[120.546295,24.078005],[120.546342,24.07799],[120.54637,24.077968],[120.54639,24.077942],[120.546412,24.0779],[120.546498,24.077635],[120.546552,24.077533],[120.546596,24.077476],[120.54664,24.077435],[120.546682,24.077404],[120.546757,24.077364],[120.546795,24.077352],[120.546937,24.077325],[120.546997,24.077298],[120.54701,24.077281],[120.547017,24.077259],[120.547018,24.07724],[120.547009,24.077226],[120.546886,24.077313],[120.546828,24.07724],[120.546701,24.077322],[120.546644,24.077369],[120.546573,24.077448],[120.546512,24.077503],[120.546465,24.077563],[120.546437,24.077618],[120.546417,24.077697],[120.546411,24.077753],[120.546413,24.077788],[120.546401,24.077841],[120.546341,24.077956],[120.54632,24.077978],[120.546279,24.077994],[120.546228,24.077989],[120.54621,24.077982],[120.546074,24.077898],[120.546066,24.077908],[120.546066,24.077913],[120.546075,24.077919],[120.5462,24.077991],[120.546258,24.078005],[120.546267,24.078006]]]]}},{"type":"Feature","properties":{"n":"卦山路","v":"彰化市","w":4.39,"c":1.76,"r":6},"geometry":{"type":"MultiPolygon","coordinates":[[[[120.54922,24.077112],[120.549314,24.077238],[120.549519,24.077683],[120.549543,24.077723],[120.550263,24.078647],[120.550402,24.078815],[120.550432,24.078829],[120.550464,24.078831],[120.550642,24.078789],[120.550644,24.078798],[120.550677,24.078794],[120.55139,24.07861],[120.551386,24.078595],[120.551331,24.078606],[120.551328,24.078597],[120.550638,24.078776],[120.550634,24.078763],[120.550525,24.078778],[120.550516,24.078755],[120.5505,24.078734],[120.550479,24.078721],[120.550455,24.078713],[120.550419,24.078715],[120.550389,24.078729],[120.550024,24.078264],[120.550029,24.07826],[120.550022,24.078251],[120.550017,24.078254],[120.549698,24.077844],[120.54968,24.077836],[120.549673,24.077812],[120.549676,24.07781],[120.549581,24.077696],[120.549563,24.077667],[120.54935,24.077195],[120.54917,24.077007],[120.549146,24.076989],[120.54908,24.076953],[120.549071,24.076937],[120.54907,24.076917],[120.54894,24.07688],[120.548851,24.076832],[120.548836,24.076818],[120.54885,24.076782],[120.548773,24.076781],[120.548785,24.076716],[120.548756,24.076714],[120.548739,24.07677],[120.548652,24.07675],[120.548545,24.076734],[120.548382,24.076726],[120.548382,24.076742],[120.548316,24.076743],[120.548315,24.076728],[120.548057,24.076757],[120.547978,24.076774],[120.547833,24.076813],[120.5477,24.076867],[120.547637,24.0769],[120.547225,24.077171],[120.547197,24.077184],[120.547187,24.077181],[120.547115,24.077235],[120.547036,24.077276],[120.547039,24.077287],[120.547251,24.077202],[120.547275,24.077188],[120.547275,24.07718],[120.547284,24.077183],[120.547659,24.076932],[120.547771,24.076878],[120.547874,24.076842],[120.547988,24.07681],[120.548085,24.076791],[120.54828,24.076768],[120.548408,24.076767],[120.54854,24.076776],[120.548643,24.076791],[120.548735,24.076813],[120.548871,24.076867],[120.548978,24.076924],[120.549087,24.076995],[120.549206,24.077096],[120.54922,24.077112]]]]}},{"type":"Feature","properties":{"n":"卦山路","v":"彰化市","w":3.65,"c":3.65,"r":null},"geometry":{"type":"MultiPolygon","coordinates":[[[[120.552337,24.07963],[120.552267,24.079593],[120.552174,24.079566],[120.551947,24.079517],[120.551915,24.079503],[120.551854,24.079467],[120.551823,24.079432],[120.551795,24.079377],[120.551789,24.079304],[120.551822,24.079124],[120.551818,24.079068],[120.551756,24.078815],[120.55176,24.078783],[120.551733,24.078782],[120.551717,24.078788],[120.551701,24.078807],[120.551703,24.078827],[120.551725,24.078852],[120.551722,24.078863],[120.55173,24.07887],[120.551744,24.078923],[120.551751,24.078986],[120.551752,24.079072],[120.551748,24.079095],[120.551755,24.079144],[120.551751,24.079202],[120.551738,24.079246],[120.551742,24.079273],[120.551741,24.079347],[120.551755,24.079408],[120.551795,24.07948],[120.551837,24.079517],[120.551924,24.079556],[120.551949,24.079572],[120.55197,24.079573],[120.551978,24.079578],[120.551987,24.079576],[120.552131,24.07961],[120.552246,24.079638],[120.552253,24.079644],[120.552266,24.079641],[120.552295,24.079661],[120.552311,24.079665],[120.552327,24.079663],[120.55245,24.07972],[120.552454,24.079726],[120.552484,24.079734],[120.552542,24.079738],[120.552611,24.079731],[120.552667,24.079732],[120.552887,24.079694],[120.553211,24.079664],[120.553277,24.079669],[120.553468,24.079643],[120.553491,24.079637],[120.553888,24.079457],[120.553915,24.07945],[120.553922,24.079442],[120.553954,24.079435],[120.553971,24.079421],[120.553984,24.079391],[120.553982,24.079387],[120.553965,24.079394],[120.55371,24.079499],[120.553506,24.079595],[120.553503,24.079587],[120.553357,24.079604],[120.553111,24.079619],[120.552796,24.079662],[120.552709,24.07968],[120.552493,24.079699],[120.55246,24.079693],[120.552457,24.079687],[120.552342,24.079633],[120.552337,24.07963]]]]}},{"type":"Feature","properties":{"n":"卦山路","v":"彰化市","w":2.63,"c":1.6,"r":1},"geometry":{"type":"MultiPolygon","coordinates":[[[[120.549229,24.077312],[120.549134,24.077173],[120.549083,24.077117],[120.549032,24.077075],[120.548903,24.076992],[120.548798,24.076942],[120.548733,24.076916],[120.548653,24.076896],[120.548412,24.076868],[120.548383,24.076871],[120.548353,24.076866],[120.548205,24.076875],[120.547996,24.076914],[120.547894,24.076942],[120.547777,24.076984],[120.547692,24.077033],[120.547385,24.077241],[120.54731,24.077286],[120.547229,24.077321],[120.546928,24.077435],[120.546865,24.077466],[120.546826,24.077491],[120.54676,24.077547],[120.546692,24.077636],[120.546626,24.077788],[120.546596,24.077892],[120.546576,24.077907],[120.546528,24.07807],[120.546504,24.078107],[120.546473,24.078131],[120.546445,24.078143],[120.5464,24.078153],[120.546362,24.078154],[120.546322,24.078149],[120.546236,24.078117],[120.546089,24.078031],[120.54608,24.078033],[120.546071,24.078047],[120.546203,24.078131],[120.546367,24.07822],[120.546454,24.078217],[120.546491,24.078211],[120.546505,24.078192],[120.54653,24.078179],[120.546558,24.078149],[120.546585,24.0781],[120.546592,24.078078],[120.546601,24.077982],[120.546622,24.077898],[120.546648,24.077806],[120.546699,24.07768],[120.546719,24.077642],[120.546745,24.077606],[120.546777,24.077569],[120.546814,24.077536],[120.546859,24.077502],[120.546915,24.077467],[120.547232,24.077349],[120.547323,24.07731],[120.547399,24.077266],[120.547705,24.077057],[120.547778,24.077015],[120.547874,24.076976],[120.547981,24.076945],[120.548183,24.076906],[120.548356,24.076892],[120.548544,24.076907],[120.548655,24.076923],[120.548733,24.076943],[120.548797,24.076968],[120.548888,24.077015],[120.548911,24.077022],[120.549017,24.077086],[120.549069,24.077128],[120.549115,24.077179],[120.54921,24.077316],[120.549211,24.077335],[120.549203,24.077346],[120.549036,24.077458],[120.549058,24.077462],[120.549066,24.077459],[120.549214,24.077357],[120.549226,24.077345],[120.549231,24.077323],[120.549229,24.077312]]]]}},{"type":"Feature","properties":{"n":"卦山路","v":"彰化市","w":3.03,"c":1.24,"r":6},"geometry":{"type":"MultiPolygon","coordinates":[[[[120.553838,24.07959],[120.55388,24.079569],[120.553937,24.07955],[120.554008,24.079531],[120.554076,24.07952],[120.554132,24.079516],[120.554308,24.079532],[120.554376,24.079525],[120.554431,24.079506],[120.554605,24.079433],[120.554743,24.079384],[120.554924,24.079335],[120.555046,24.079308],[120.555038,24.079283],[120.555033,24.07928],[120.554759,24.079359],[120.554487,24.079462],[120.55436,24.079499],[120.554297,24.079505],[120.554129,24.079505],[120.554012,24.079514],[120.553944,24.079526],[120.553869,24.079551],[120.553575,24.079695],[120.553496,24.07972],[120.552892,24.079777],[120.55269,24.079805],[120.55269,24.079808],[120.552679,24.079811],[120.552678,24.079807],[120.552553,24.079823],[120.552495,24.079821],[120.552437,24.079809],[120.552263,24.079738],[120.55217,24.079706],[120.552023,24.079666],[120.551909,24.07964],[120.551846,24.079619],[120.551779,24.079582],[120.551733,24.079542],[120.551693,24.079486],[120.551668,24.079423],[120.551639,24.079433],[120.551655,24.079478],[120.551688,24.07953],[120.551747,24.079589],[120.551809,24.079629],[120.551902,24.079661],[120.55212,24.079712],[120.552219,24.07975],[120.552414,24.079834],[120.552479,24.079848],[120.552589,24.079845],[120.552836,24.079809],[120.55349,24.079747],[120.553556,24.079733],[120.553588,24.07972],[120.553798,24.079612],[120.553838,24.07959]]]]}},{"type":"Feature","properties":{"n":"卦山路","v":"彰化市","w":3.81,"c":1.7,"r":4},"geometry":{"type":"MultiPolygon","coordinates":[[[[120.550442,24.078994],[120.550464,24.07902],[120.550503,24.078992],[120.55124,24.078805],[120.551231,24.078773],[120.551202,24.078779],[120.551201,24.078776],[120.550494,24.078958],[120.550471,24.078972],[120.550442,24.078994]]]]}},{"type":"Feature","properties":{"n":"卦山路","v":"彰化市","w":2.97,"c":0.52,"r":5},"geometry":{"type":"MultiPolygon","coordinates":[[[[120.558531,24.078465],[120.558778,24.078542],[120.558842,24.078554],[120.5589,24.078559],[120.558983,24.078556],[120.559057,24.078543],[120.559126,24.078523],[120.559183,24.078492],[120.559229,24.078454],[120.559283,24.078383],[120.559306,24.078324],[120.559328,24.078239],[120.559332,24.078168],[120.559303,24.077933],[120.559277,24.077941],[120.559288,24.078019],[120.559295,24.078183],[120.559291,24.078238],[120.559276,24.078309],[120.559253,24.078363],[120.559218,24.078419],[120.559174,24.078463],[120.559123,24.078493],[120.559061,24.078513],[120.559,24.078524],[120.558939,24.078528],[120.558864,24.078524],[120.558803,24.078515],[120.558735,24.078498],[120.558542,24.078435],[120.558464,24.078418],[120.558343,24.078402],[120.558259,24.078401],[120.558199,24.078411],[120.558142,24.07843],[120.557866,24.078559],[120.557749,24.078606],[120.557691,24.078624],[120.557688,24.078631],[120.557701,24.078655],[120.557791,24.078621],[120.55817,24.078457],[120.558236,24.078438],[120.558315,24.07843],[120.558403,24.078431],[120.558529,24.078465],[120.558531,24.078465]]]]}},{"type":"Feature","properties":{"n":"卦山路","v":"彰化市","w":2.48,"c":2.48,"r":10},"geometry":{"type":"MultiPolygon","coordinates":[[[[120.559254,24.077787],[120.559227,24.077738],[120.559199,24.077702],[120.558854,24.077371],[120.558804,24.077319],[120.558742,24.077236],[120.558666,24.077096],[120.558605,24.076933],[120.558591,24.076879],[120.558562,24.076845],[120.558563,24.076821],[120.558534,24.076776],[120.558468,24.076706],[120.558353,24.076619],[120.557671,24.076009],[120.557578,24.07591],[120.557496,24.075784],[120.557471,24.075721],[120.557458,24.075654],[120.55747,24.075595],[120.557539,24.075423],[120.557566,24.07533],[120.557572,24.075282],[120.557567,24.075108],[120.557563,24.075088],[120.557551,24.07509],[120.557544,24.075099],[120.557546,24.075213],[120.557536,24.075311],[120.557454,24.075568],[120.557439,24.075644],[120.557441,24.075685],[120.557452,24.075733],[120.557471,24.075782],[120.557495,24.075825],[120.557571,24.07594],[120.557693,24.076062],[120.558359,24.076656],[120.558439,24.07671],[120.558518,24.076791],[120.558548,24.076839],[120.558644,24.077104],[120.558699,24.077212],[120.558752,24.077295],[120.558836,24.07739],[120.558859,24.077411],[120.558862,24.077408],[120.558872,24.077418],[120.558869,24.077421],[120.559143,24.077677],[120.559235,24.077779],[120.559253,24.077786],[120.559254,24.077787]]]]}},{"type":"Feature","properties":{"n":"聯興國小","v":"彰化市","w":2.11,"c":1.53,"r":null},"geometry":{"type":"MultiPolygon","coordinates":[[[[120.598058,24.076112],[120.598035,24.076127],[120.598116,24.076285],[120.598164,24.076326],[120.598367,24.076423],[120.598558,24.076491],[120.598566,24.076484],[120.598417,24.076426],[120.598274,24.076361],[120.598203,24.076318],[120.598124,24.076234],[120.598093,24.07619],[120.598075,24.076153],[120.598058,24.076112]]]]}},{"type":"Feature","properties":{"n":"國聖國小","v":"彰化市","w":5.25,"c":3.73,"r":null},"geometry":{"type":"MultiPolygon","coordinates":[[[[120.567851,24.092079],[120.568044,24.092388],[120.568128,24.092515],[120.568174,24.092509],[120.567896,24.092056],[120.567851,24.092079]]]]}},{"type":"Feature","properties":{"n":"春風橋","v":"彰化市","w":1.92,"c":1.35,"r":null},"geometry":{"type":"MultiPolygon","coordinates":[[[[120.612809,24.068638],[120.612821,24.06865],[120.612942,24.068556],[120.61293,24.068542],[120.612859,24.068597],[120.612809,24.068638]]]]}},{"type":"Feature","properties":{"n":"春風橋","v":"彰化市","w":1.93,"c":1.41,"r":null},"geometry":{"type":"MultiPolygon","coordinates":[[[[120.612884,24.068719],[120.613005,24.068627],[120.612992,24.068613],[120.612872,24.068705],[120.612884,24.068719]]]]}},{"type":"Feature","properties":{"n":"泰和國小","v":"彰化市","w":3.92,"c":2.23,"r":2},"geometry":{"type":"MultiPolygon","coordinates":[[[[120.550861,24.093263],[120.550851,24.093298],[120.550954,24.093322],[120.552349,24.093645],[120.552418,24.093628],[120.551643,24.093445],[120.551644,24.09344],[120.551541,24.093416],[120.551538,24.093427],[120.551525,24.093424],[120.551524,24.093431],[120.551029,24.093314],[120.551032,24.093304],[120.550861,24.093263]]]]}},{"type":"Feature","properties":{"n":"泰和公園","v":"彰化市","w":3.87,"c":2.22,"r":null},"geometry":{"type":"MultiPolygon","coordinates":[[[[120.552887,24.093948],[120.552896,24.093914],[120.551958,24.093695],[120.551945,24.093701],[120.551937,24.093733],[120.552535,24.093867],[120.552887,24.093948]]]]}},{"type":"Feature","properties":{"n":"建國南路","v":"彰化市","w":2.22,"c":1.32,"r":1},"geometry":{"type":"MultiPolygon","coordinates":[[[[120.551586,24.08724],[120.551979,24.085889],[120.551977,24.085875],[120.551965,24.085866],[120.551566,24.087236],[120.551586,24.08724]]]]}},{"type":"Feature","properties":{"n":"建國南路","v":"彰化市","w":2.26,"c":1.35,"r":1},"geometry":{"type":"MultiPolygon","coordinates":[[[[120.552382,24.085393],[120.551841,24.087269],[120.551843,24.087281],[120.551852,24.087288],[120.552732,24.08426],[120.552711,24.084255],[120.552421,24.08526],[120.552382,24.085393]]]]}},{"type":"Feature","properties":{"n":"彰化國民運動中心","v":"彰化市","w":2.07,"c":2.07,"r":null},"geometry":{"type":"MultiPolygon","coordinates":[[[[120.550253,24.093114],[120.550229,24.093087],[120.55024,24.093048],[120.550249,24.093049],[120.550253,24.093032],[120.550244,24.09303],[120.550254,24.093],[120.550264,24.093003],[120.550269,24.092985],[120.550259,24.092982],[120.550266,24.092956],[120.550262,24.092955],[120.550265,24.092943],[120.550269,24.092944],[120.550282,24.092902],[120.550291,24.092904],[120.550296,24.092887],[120.550285,24.092884],[120.550308,24.092805],[120.550317,24.092807],[120.550322,24.09279],[120.550313,24.092788],[120.550336,24.092708],[120.550345,24.09271],[120.550349,24.092693],[120.55034,24.092691],[120.550363,24.092611],[120.550372,24.092613],[120.550377,24.092596],[120.550368,24.092593],[120.55039,24.092512],[120.550399,24.092514],[120.550404,24.092497],[120.550395,24.092494],[120.550418,24.092415],[120.550427,24.092417],[120.550431,24.092399],[120.550422,24.092397],[120.550444,24.092318],[120.550454,24.09232],[120.550458,24.092302],[120.550449,24.0923],[120.550454,24.09228],[120.550466,24.092275],[120.550484,24.092279],[120.5505,24.092232],[120.550497,24.092227],[120.550477,24.092222],[120.550473,24.092215],[120.550565,24.091881],[120.550546,24.091875],[120.550203,24.09311],[120.550231,24.093153],[120.550241,24.093155],[120.550253,24.093114]]]]}},{"type":"Feature","properties":{"n":"建國南路","v":"彰化市","w":2.19,"c":1.41,"r":null},"geometry":{"type":"MultiPolygon","coordinates":[[[[120.551977,24.08582],[120.551993,24.085818],[120.552003,24.085807],[120.552448,24.084254],[120.552428,24.084257],[120.552022,24.085656],[120.551977,24.08582]]]]}},{"type":"Feature","properties":{"n":"運動公園","v":"彰化市","w":4.56,"c":3.63,"r":3},"geometry":{"type":"MultiPolygon","coordinates":[[[[120.551495,24.087475],[120.551449,24.087465],[120.551428,24.087536],[120.551425,24.087535],[120.551397,24.087651],[120.551335,24.087867],[120.551291,24.088041],[120.551328,24.08805],[120.551485,24.087507],[120.551495,24.087475]]]]}},{"type":"Feature","properties":{"n":"陽明兒童公園","v":"彰化市","w":4.02,"c":1.84,"r":2},"geometry":{"type":"MultiPolygon","coordinates":[[[[120.549089,24.085643],[120.549052,24.085633],[120.548897,24.08629],[120.548935,24.086299],[120.548943,24.086263],[120.54893,24.08626],[120.548934,24.086242],[120.548947,24.086244],[120.548952,24.086226],[120.548962,24.086228],[120.548995,24.086093],[120.548985,24.086091],[120.549018,24.085949],[120.549027,24.085951],[120.549062,24.085808],[120.549052,24.085806],[120.549089,24.085643]]]]}},{"type":"Feature","properties":{"n":"陽明國中","v":"彰化市","w":1.92,"c":1.92,"r":null},"geometry":{"type":"MultiPolygon","coordinates":[[[[120.550102,24.086181],[120.550116,24.08617],[120.550133,24.086173],[120.55018,24.085993],[120.550163,24.085954],[120.550284,24.085499],[120.550264,24.085501],[120.549899,24.086852],[120.549914,24.086872],[120.549939,24.086777],[120.550102,24.086181]]]]}},{"type":"Feature","properties":{"n":"運動公園","v":"彰化市","w":3.28,"c":3.28,"r":1},"geometry":{"type":"MultiPolygon","coordinates":[[[[120.549682,24.087836],[120.550311,24.087921],[120.550316,24.087893],[120.550026,24.087852],[120.550033,24.087807],[120.549903,24.08779],[120.549897,24.087832],[120.549719,24.087808],[120.549682,24.087836]]]]}},{"type":"Feature","properties":{"n":"運動公園","v":"彰化市","w":4.72,"c":4.72,"r":1},"geometry":{"type":"MultiPolygon","coordinates":[[[[120.549682,24.087836],[120.549719,24.087808],[120.549709,24.087794],[120.549884,24.087131],[120.549895,24.087124],[120.549865,24.087084],[120.549837,24.087102],[120.549662,24.087795],[120.549682,24.087836]]]]}},{"type":"Feature","properties":{"n":"陽明兒童公園","v":"彰化市","w":3.85,"c":1.67,"r":2},"geometry":{"type":"MultiPolygon","coordinates":[[[[120.549052,24.085633],[120.549089,24.085643],[120.549095,24.085625],[120.549104,24.085622],[120.549488,24.08569],[120.549486,24.085699],[120.54965,24.085729],[120.549652,24.08572],[120.549783,24.085743],[120.549823,24.085751],[120.549821,24.08576],[120.549984,24.085789],[120.549986,24.085781],[120.550028,24.085788],[120.550035,24.085753],[120.549106,24.085586],[120.549075,24.085596],[120.549055,24.085617],[120.549052,24.085633]]]]}},{"type":"Feature","properties":{"n":"三民兒童公園","v":"彰化市","w":3.56,"c":3.56,"r":null},"geometry":{"type":"MultiPolygon","coordinates":[[[[120.549584,24.087542],[120.549617,24.08755],[120.549741,24.08708],[120.549713,24.087045],[120.549687,24.087073],[120.549701,24.087091],[120.549686,24.087148],[120.549584,24.087542]]]]}},{"type":"Feature","properties":{"n":"陽明兒童公園","v":"彰化市","w":3.99,"c":1.9,"r":3},"geometry":{"type":"MultiPolygon","coordinates":[[[[120.549792,24.086844],[120.550076,24.085798],[120.550054,24.085756],[120.550035,24.085753],[120.550028,24.085788],[120.550035,24.085802],[120.549974,24.086027],[120.549964,24.086025],[120.549917,24.086204],[120.549926,24.086207],[120.549754,24.086835],[120.549792,24.086844]]]]}},{"type":"Feature","properties":{"n":"金馬公園","v":"彰化市","w":3.78,"c":1.96,"r":null},"geometry":{"type":"MultiPolygon","coordinates":[[[[120.547057,24.093428],[120.546591,24.093298],[120.546575,24.093282],[120.546529,24.093269],[120.546506,24.093275],[120.545668,24.093043],[120.545653,24.093054],[120.545676,24.09308],[120.547046,24.093462],[120.547057,24.093428]]]]}},{"type":"Feature","properties":{"n":"金馬公園","v":"彰化市","w":4.31,"c":3.1,"r":null},"geometry":{"type":"MultiPolygon","coordinates":[[[[120.547057,24.093428],[120.547046,24.093462],[120.547061,24.093466],[120.547099,24.093463],[120.547114,24.093455],[120.547126,24.09344],[120.547263,24.092967],[120.547226,24.092958],[120.547212,24.093009],[120.547193,24.093022],[120.547181,24.093067],[120.547189,24.093088],[120.547174,24.093123],[120.547088,24.093427],[120.547069,24.093431],[120.547057,24.093428]]]]}},{"type":"Feature","properties":{"n":"金馬公園","v":"彰化市","w":1.88,"c":1.88,"r":1},"geometry":{"type":"MultiPolygon","coordinates":[[[[120.545785,24.092168],[120.545767,24.092164],[120.545707,24.092373],[120.545698,24.092386],[120.545587,24.092741],[120.545637,24.093034],[120.545653,24.093054],[120.545668,24.093043],[120.545655,24.093027],[120.545605,24.092741],[120.545715,24.092393],[120.545724,24.092379],[120.545776,24.092201],[120.545785,24.092168]]]]}},{"type":"Feature","properties":{"n":"東民街","v":"彰化市","w":1.98,"c":1.98,"r":null},"geometry":{"type":"MultiPolygon","coordinates":[[[[120.545353,24.076952],[120.545351,24.07697],[120.545451,24.076985],[120.545482,24.077001],[120.545506,24.077026],[120.545518,24.077048],[120.545524,24.077073],[120.545524,24.077214],[120.545539,24.077214],[120.545544,24.07708],[120.545534,24.077036],[120.545516,24.077007],[120.54549,24.076984],[120.545458,24.076968],[120.545424,24.076961],[120.545353,24.076952]]]]}},{"type":"Feature","properties":{"n":"東民街","v":"彰化市","w":4.2,"c":1.22,"r":3},"geometry":{"type":"MultiPolygon","coordinates":[[[[120.544781,24.078232],[120.544791,24.078268],[120.544982,24.078243],[120.545063,24.078217],[120.545141,24.07818],[120.545212,24.078134],[120.545267,24.078089],[120.545353,24.078003],[120.545406,24.077938],[120.545454,24.077867],[120.545496,24.077791],[120.545527,24.077718],[120.54554,24.077664],[120.545547,24.077605],[120.545545,24.077379],[120.545504,24.077399],[120.545505,24.077609],[120.545498,24.077666],[120.545482,24.077721],[120.545452,24.077787],[120.545413,24.077857],[120.54537,24.07792],[120.545321,24.077979],[120.545268,24.078033],[120.545201,24.078093],[120.545144,24.078133],[120.545081,24.078167],[120.544978,24.078205],[120.544868,24.078223],[120.544783,24.078232],[120.544781,24.078232]]]]}},{"type":"Feature","properties":{"n":"公園路一段","v":"彰化市","w":2.02,"c":2.02,"r":null},"geometry":{"type":"MultiPolygon","coordinates":[[[[120.545353,24.076952],[120.545267,24.076945],[120.545208,24.076948],[120.545189,24.076953],[120.544955,24.077097],[120.544964,24.077115],[120.545194,24.076971],[120.545209,24.076966],[120.545271,24.076963],[120.545351,24.07697],[120.545353,24.076952]]]]}},{"type":"Feature","properties":{"n":"中山路三段","v":"彰化市","w":2.01,"c":0.71,"r":null},"geometry":{"type":"MultiPolygon","coordinates":[[[[120.570211,24.095804],[120.570224,24.095806],[120.570232,24.095802],[120.569998,24.095425],[120.569979,24.095435],[120.570154,24.095713],[120.570211,24.095804]]]]}},{"type":"Feature","properties":{"n":"中山路三段","v":"彰化市","w":2.06,"c":0.31,"r":null},"geometry":{"type":"MultiPolygon","coordinates":[[[[120.573366,24.097619],[120.572268,24.097279],[120.572262,24.097295],[120.573418,24.097657],[120.573425,24.097639],[120.573366,24.097619]]]]}},{"type":"Feature","properties":{"n":"中山路三段","v":"彰化市","w":2.08,"c":1.03,"r":null},"geometry":{"type":"MultiPolygon","coordinates":[[[[120.57755,24.09931],[120.578015,24.099459],[120.578023,24.099439],[120.576214,24.098871],[120.575812,24.098756],[120.575133,24.098549],[120.574316,24.098282],[120.572153,24.097603],[120.572147,24.097621],[120.57431,24.098297],[120.575406,24.098651],[120.576169,24.098875],[120.577534,24.099305],[120.57755,24.09931]]]]}},{"type":"Feature","properties":{"n":"中山路三段","v":"彰化市","w":1.86,"c":0.93,"r":null},"geometry":{"type":"MultiPolygon","coordinates":[[[[120.572103,24.097587],[120.571633,24.097436],[120.571502,24.097386],[120.571258,24.097276],[120.571046,24.097162],[120.57087,24.097053],[120.570713,24.09694],[120.570557,24.096813],[120.570541,24.096811],[120.570526,24.096825],[120.570522,24.09684],[120.570531,24.096857],[120.570539,24.096833],[120.57056,24.096829],[120.570572,24.096839],[120.570568,24.096844],[120.570581,24.096854],[120.570577,24.096858],[120.570894,24.09709],[120.571036,24.097176],[120.571203,24.097268],[120.571495,24.097403],[120.571626,24.097453],[120.571826,24.097517],[120.572094,24.097613],[120.572103,24.097587]]]]}},{"type":"Feature","properties":{"n":"中山路三段","v":"彰化市","w":1.98,"c":0.69,"r":1},"geometry":{"type":"MultiPolygon","coordinates":[[[[120.569656,24.095597],[120.569656,24.095605],[120.569647,24.095612],[120.569702,24.095683],[120.570009,24.096157],[120.570088,24.096287],[120.570136,24.096349],[120.570131,24.096352],[120.570237,24.096477],[120.570234,24.096484],[120.570254,24.096509],[120.570336,24.096598],[120.57034,24.096601],[120.57036,24.096594],[120.570273,24.096495],[120.570135,24.096317],[120.570003,24.096122],[120.569705,24.09565],[120.569489,24.095289],[120.569475,24.095296],[120.569588,24.095486],[120.569656,24.095597]]]]}},{"type":"Feature","properties":{"n":"中山路三段","v":"彰化市","w":1.75,"c":1.75,"r":1},"geometry":{"type":"MultiPolygon","coordinates":[[[[120.580284,24.101721],[120.580261,24.101714],[120.580222,24.101726],[120.580226,24.101738],[120.580239,24.101744],[120.580273,24.101733],[120.582316,24.107488],[120.582343,24.107575],[120.58333,24.110347],[120.583337,24.110368],[120.583339,24.110411],[120.583351,24.110411],[120.58335,24.110365],[120.5833,24.110214],[120.58236,24.107571],[120.582333,24.107483],[120.58116,24.104179],[120.580284,24.101721]]]]}},{"type":"Feature","properties":{"n":"中山路三段","v":"彰化市","w":1.54,"c":1.54,"r":2},"geometry":{"type":"MultiPolygon","coordinates":[[[[120.583611,24.110301],[120.583633,24.110309],[120.583627,24.110284],[120.58362,24.110285],[120.583614,24.110265],[120.583618,24.110263],[120.580772,24.102248],[120.580571,24.101668],[120.580565,24.101645],[120.580596,24.101627],[120.580591,24.101614],[120.58056,24.101624],[120.580547,24.101641],[120.580627,24.101876],[120.581661,24.1048],[120.583611,24.110301]]]]}},{"type":"Feature","properties":{"n":"中山路三段","v":"彰化市","w":1.93,"c":1,"r":null},"geometry":{"type":"MultiPolygon","coordinates":[[[[120.573543,24.097695],[120.575305,24.098247],[120.575312,24.098231],[120.573569,24.097688],[120.573543,24.097695]]]]}},{"type":"Feature","properties":{"n":"中山路三段","v":"彰化市","w":2.06,"c":1,"r":null},"geometry":{"type":"MultiPolygon","coordinates":[[[[120.57098,24.096717],[120.571042,24.096766],[120.571056,24.096749],[120.570924,24.096649],[120.570773,24.096513],[120.570722,24.096483],[120.570661,24.096428],[120.57058,24.09632],[120.570282,24.095887],[120.570269,24.095895],[120.570515,24.096257],[120.570603,24.096377],[120.57073,24.096503],[120.570929,24.096676],[120.57098,24.096717]]]]}},{"type":"Feature","properties":{"n":"中山路三段","v":"彰化市","w":2.1,"c":1.22,"r":null},"geometry":{"type":"MultiPolygon","coordinates":[[[[120.57222,24.097283],[120.572224,24.097266],[120.571921,24.097172],[120.571771,24.097116],[120.571552,24.097026],[120.571424,24.096968],[120.571099,24.09678],[120.57109,24.096794],[120.571311,24.096929],[120.571499,24.097023],[120.571599,24.097067],[120.571732,24.097124],[120.571881,24.097178],[120.572187,24.097273],[120.57222,24.097283]]]]}},{"type":"Feature","properties":{"n":"中山路二段","v":"彰化市","w":1.75,"c":0.91,"r":3},"geometry":{"type":"MultiPolygon","coordinates":[[[[120.544781,24.078232],[120.544763,24.078234],[120.544679,24.078034],[120.544627,24.077932],[120.544505,24.077636],[120.544494,24.07764],[120.544754,24.078255],[120.544767,24.078267],[120.544791,24.078268],[120.544781,24.078232]]]]}},{"type":"Feature","properties":{"n":"利和停車場","v":"彰化市","w":9.4,"c":2.33,"r":7},"geometry":{"type":"MultiPolygon","coordinates":[[[[120.54544,24.079657],[120.545326,24.079404],[120.545257,24.079281],[120.545175,24.079098],[120.545136,24.079069],[120.545139,24.079043],[120.545106,24.079037],[120.545114,24.079014],[120.545092,24.078972],[120.544871,24.078417],[120.544859,24.078421],[120.544846,24.078433],[120.544845,24.07845],[120.545006,24.078828],[120.545106,24.079127],[120.545309,24.079583],[120.545344,24.079596],[120.545352,24.079593],[120.545404,24.079712],[120.545373,24.079723],[120.545376,24.079734],[120.545613,24.080255],[120.545694,24.080211],[120.545445,24.07967],[120.54544,24.079657]]]]}},{"type":"Feature","properties":{"n":"中山路二段","v":"彰化市","w":8.09,"c":6.96,"r":2},"geometry":{"type":"MultiPolygon","coordinates":[[[[120.54688,24.082539],[120.546875,24.082536],[120.546878,24.082532],[120.546812,24.082482],[120.546788,24.08248],[120.546763,24.082469],[120.546742,24.082451],[120.546681,24.082391],[120.546652,24.082344],[120.546612,24.082305],[120.546522,24.082234],[120.546476,24.082164],[120.546431,24.082129],[120.546353,24.082092],[120.546311,24.082059],[120.546244,24.081971],[120.54614,24.08192],[120.5461,24.081908],[120.546108,24.081891],[120.546104,24.081891],[120.546108,24.08187],[120.546104,24.08187],[120.546111,24.081799],[120.546111,24.081793],[120.546102,24.081792],[120.546103,24.081778],[120.54611,24.081778],[120.54611,24.081755],[120.546116,24.081755],[120.546116,24.081752],[120.546105,24.081712],[120.546073,24.081659],[120.546065,24.081605],[120.546066,24.081472],[120.54603,24.081472],[120.546009,24.081455],[120.546,24.081429],[120.546,24.081349],[120.545973,24.081349],[120.54598,24.081043],[120.545964,24.081043],[120.545964,24.081074],[120.545945,24.081073],[120.54594,24.081217],[120.545939,24.08148],[120.545949,24.081665],[120.546053,24.081919],[120.546106,24.081986],[120.546192,24.082068],[120.546528,24.082304],[120.546723,24.082472],[120.546826,24.082552],[120.546853,24.082557],[120.546879,24.08254],[120.54688,24.082539]]]]}},{"type":"Feature","properties":{"n":"大成國小","v":"彰化市","w":3.8,"c":2.38,"r":2},"geometry":{"type":"MultiPolygon","coordinates":[[[[120.547764,24.091213],[120.547724,24.091218],[120.547579,24.091726],[120.547568,24.091739],[120.547555,24.091793],[120.547559,24.091794],[120.547346,24.092535],[120.547337,24.092539],[120.547328,24.092575],[120.547334,24.092576],[120.547323,24.092614],[120.54736,24.092625],[120.547749,24.091266],[120.547764,24.091213]]]]}},{"type":"Feature","properties":{"n":"大成國小","v":"彰化市","w":3.74,"c":3.74,"r":4},"geometry":{"type":"MultiPolygon","coordinates":[[[[120.547764,24.091213],[120.54774,24.091173],[120.547198,24.091057],[120.547164,24.091068],[120.54701,24.091035],[120.54698,24.09101],[120.546552,24.090918],[120.546518,24.090911],[120.546483,24.090945],[120.546509,24.090968],[120.546531,24.090948],[120.546588,24.090961],[120.546587,24.090967],[120.54662,24.090975],[120.546618,24.090981],[120.546625,24.090983],[120.546628,24.090969],[120.546963,24.091042],[120.546995,24.091065],[120.547164,24.091103],[120.547202,24.091092],[120.547716,24.091202],[120.547724,24.091218],[120.547764,24.091213]]]]}},{"type":"Feature","properties":{"n":"大成國小","v":"彰化市","w":3.64,"c":2.23,"r":1},"geometry":{"type":"MultiPolygon","coordinates":[[[[120.546509,24.090968],[120.546483,24.090945],[120.546473,24.090962],[120.54609,24.092231],[120.546124,24.09224],[120.546155,24.092138],[120.546162,24.092133],[120.546172,24.092079],[120.546339,24.09153],[120.546509,24.090968]]]]}},{"type":"Feature","properties":{"n":"金馬公園","v":"彰化市","w":3.71,"c":1.84,"r":null},"geometry":{"type":"MultiPolygon","coordinates":[[[[120.545785,24.092168],[120.545776,24.092201],[120.546075,24.092264],[120.546083,24.092231],[120.545967,24.092207],[120.545785,24.092168]]]]}},{"type":"Feature","properties":{"n":"三民路","v":"彰化市","w":4.16,"c":4.16,"r":null},"geometry":{"type":"MultiPolygon","coordinates":[[[[120.549796,24.086845],[120.549331,24.086732],[120.549319,24.086776],[120.549764,24.086876],[120.549796,24.086845]]]]}},{"type":"Feature","properties":{"n":"陽明國中","v":"彰化市","w":3.81,"c":2.1,"r":1},"geometry":{"type":"MultiPolygon","coordinates":[[[[120.551586,24.08724],[120.549914,24.086872],[120.549907,24.086896],[120.549914,24.086907],[120.551561,24.087271],[120.55158,24.087261],[120.551586,24.08724]]]]}},{"type":"Feature","properties":{"n":"運動公園","v":"彰化市","w":3.32,"c":2.18,"r":1},"geometry":{"type":"MultiPolygon","coordinates":[[[[120.551495,24.087475],[120.55147,24.08744],[120.549865,24.087084],[120.549895,24.087124],[120.549933,24.087134],[120.549918,24.087191],[120.550082,24.087227],[120.550098,24.087167],[120.551449,24.087465],[120.551495,24.087475]]]]}},{"type":"Feature","properties":{"n":"員鹿路二段","v":"福興鄉","w":1.86,"c":1.86,"r":2},"geometry":{"type":"MultiPolygon","coordinates":[[[[120.437062,24.04428],[120.43709,24.044126],[120.437094,24.044118],[120.437117,24.044113],[120.437089,24.043996],[120.437081,24.04398],[120.437065,24.043875],[120.437029,24.043699],[120.437012,24.043702],[120.437048,24.043882],[120.437071,24.04406],[120.43707,24.044094],[120.437043,24.044277],[120.437062,24.04428]]]]}},{"type":"Feature","properties":{"n":"中央路二段","v":"線西鄉","w":6.95,"c":5.5,"r":null},"geometry":{"type":"MultiPolygon","coordinates":[[[[120.469673,24.131719],[120.469668,24.131713],[120.469658,24.131723],[120.469663,24.131728],[120.469655,24.131736],[120.46965,24.13173],[120.469639,24.131741],[120.469644,24.131746],[120.469638,24.131752],[120.469633,24.131748],[120.469624,24.131757],[120.469629,24.131761],[120.469621,24.13177],[120.469604,24.131771],[120.46959,24.13178],[120.469584,24.131795],[120.469587,24.13181],[120.469568,24.131836],[120.469541,24.131835],[120.469531,24.131871],[120.469493,24.131882],[120.469489,24.131911],[120.469469,24.131913],[120.469432,24.13195],[120.469432,24.131964],[120.469421,24.131982],[120.469401,24.13199],[120.469396,24.131982],[120.46935,24.132007],[120.469339,24.132004],[120.469335,24.132014],[120.469319,24.132023],[120.469314,24.13202],[120.469305,24.132024],[120.469306,24.132033],[120.469299,24.132037],[120.469312,24.13206],[120.469294,24.132073],[120.469323,24.132117],[120.469343,24.132105],[120.469348,24.132114],[120.469214,24.132189],[120.469214,24.132202],[120.469205,24.132212],[120.469191,24.132216],[120.469178,24.132211],[120.469145,24.132225],[120.469144,24.132251],[120.469131,24.132264],[120.469102,24.132265],[120.469087,24.132254],[120.469045,24.132277],[120.469045,24.132297],[120.469028,24.132312],[120.469027,24.132325],[120.469038,24.132341],[120.469034,24.13236],[120.468924,24.132421],[120.468917,24.132418],[120.468907,24.132427],[120.468913,24.132435],[120.468904,24.132446],[120.468907,24.13245],[120.469046,24.132372],[120.469248,24.132247],[120.469282,24.132221],[120.469339,24.132162],[120.469674,24.13178],[120.469727,24.131726],[120.469839,24.131645],[120.46984,24.131641],[120.470077,24.131479],[120.470079,24.131457],[120.47031,24.131291],[120.470334,24.131299],[120.470386,24.131265],[120.470369,24.131245],[120.47036,24.131256],[120.470319,24.131271],[120.470274,24.131266],[120.470251,24.131275],[120.470243,24.131283],[120.470238,24.131305],[120.470213,24.131308],[120.470205,24.131314],[120.470204,24.131333],[120.470197,24.131338],[120.470194,24.131334],[120.470132,24.131373],[120.470135,24.131378],[120.470124,24.131385],[120.470109,24.131381],[120.470094,24.131386],[120.470084,24.131397],[120.470084,24.131412],[120.470074,24.131419],[120.47007,24.131413],[120.470031,24.131443],[120.470039,24.131457],[120.47003,24.131464],[120.47003,24.131479],[120.470022,24.131491],[120.470007,24.131497],[120.469992,24.131494],[120.469941,24.131532],[120.469933,24.131523],[120.469924,24.13153],[120.469918,24.131523],[120.469875,24.131557],[120.469882,24.131568],[120.469874,24.131575],[120.469866,24.131563],[120.469851,24.131579],[120.469849,24.131576],[120.469824,24.131595],[120.469826,24.131609],[120.469812,24.131615],[120.469809,24.131635],[120.469798,24.131652],[120.469781,24.131664],[120.469759,24.131667],[120.469757,24.131681],[120.469673,24.131719],[120.469673,24.131719]]]]}},{"type":"Feature","properties":{"n":"和線路","v":"線西鄉","w":3.04,"c":1.85,"r":4},"geometry":{"type":"MultiPolygon","coordinates":[[[[120.470933,24.12885],[120.471738,24.128212],[120.471725,24.128201],[120.471708,24.1282],[120.470922,24.128822],[120.470922,24.128838],[120.47093,24.128848],[120.470933,24.12885]]]]}},{"type":"Feature","properties":{"n":"和線路","v":"線西鄉","w":3.04,"c":0,"r":8},"geometry":{"type":"MultiPolygon","coordinates":[[[[120.471794,24.128167],[120.474101,24.126355],[120.474099,24.126352],[120.474084,24.126343],[120.47407,24.126343],[120.472417,24.127639],[120.471786,24.128138],[120.471792,24.128164],[120.471794,24.128167]]]]}},{"type":"Feature","properties":{"n":"和線路","v":"線西鄉","w":2.96,"c":1.87,"r":5},"geometry":{"type":"MultiPolygon","coordinates":[[[[120.474931,24.125705],[120.475342,24.125377],[120.475327,24.125358],[120.47415,24.12628],[120.474143,24.126294],[120.474147,24.126309],[120.474152,24.126314],[120.474775,24.125826],[120.474931,24.125705]]]]}},{"type":"Feature","properties":{"n":"和線路","v":"線西鄉","w":2.94,"c":1.76,"r":1},"geometry":{"type":"MultiPolygon","coordinates":[[[[120.470612,24.129102],[120.470875,24.128893],[120.47086,24.128882],[120.470845,24.128882],[120.470604,24.129074],[120.470602,24.129089],[120.47061,24.1291],[120.470612,24.129102]]]]}},{"type":"Feature","properties":{"n":"中華東路","v":"線西鄉","w":3.24,"c":2.08,"r":4},"geometry":{"type":"MultiPolygon","coordinates":[[[[120.468708,24.13044],[120.470489,24.129186],[120.470481,24.129178],[120.470468,24.129175],[120.470429,24.129195],[120.470092,24.129431],[120.468702,24.130407],[120.4687,24.130424],[120.468705,24.130437],[120.468708,24.13044]]]]}},{"type":"Feature","properties":{"n":"和線路957巷","v":"線西鄉","w":1.36,"c":1.36,"r":null},"geometry":{"type":"MultiPolygon","coordinates":[[[[120.468666,24.13054],[120.468845,24.130535],[120.468844,24.130524],[120.468662,24.130526],[120.468666,24.13054]]]]}},{"type":"Feature","properties":{"n":"中華東路","v":"線西鄉","w":5.67,"c":2.39,"r":null},"geometry":{"type":"MultiPolygon","coordinates":[[[[120.468662,24.130526],[120.468575,24.130529],[120.468404,24.130627],[120.468415,24.130643],[120.46841,24.130668],[120.468412,24.130692],[120.46842,24.13069],[120.468442,24.130666],[120.468666,24.13054],[120.468662,24.130526]]]]}},{"type":"Feature","properties":{"n":"中華東路","v":"線西鄉","w":3.05,"c":1.79,"r":15},"geometry":{"type":"MultiPolygon","coordinates":[[[[120.468404,24.130627],[120.468296,24.130692],[120.464376,24.133435],[120.464334,24.133474],[120.464318,24.133498],[120.464303,24.133537],[120.464328,24.133598],[120.464331,24.133597],[120.464337,24.133544],[120.464351,24.13351],[120.464371,24.13348],[120.464406,24.133448],[120.468415,24.130643],[120.468404,24.130627]]]]}},{"type":"Feature","properties":{"n":"中華東路","v":"線西鄉","w":3.81,"c":2.59,"r":null},"geometry":{"type":"MultiPolygon","coordinates":[[[[120.463522,24.134111],[120.464007,24.133775],[120.464043,24.133778],[120.46409,24.13379],[120.464119,24.133754],[120.464083,24.133736],[120.46405,24.133731],[120.464017,24.133734],[120.463985,24.133746],[120.4635,24.134083],[120.463522,24.134111]]]]}},{"type":"Feature","properties":{"n":"中華路","v":"線西鄉","w":2.41,"c":1.02,"r":null},"geometry":{"type":"MultiPolygon","coordinates":[[[[120.462475,24.134526],[120.463042,24.134353],[120.463103,24.134346],[120.463156,24.134358],[120.463165,24.134338],[120.463104,24.134324],[120.463042,24.13433],[120.462501,24.134495],[120.462486,24.13451],[120.462475,24.134526]]]]}},{"type":"Feature","properties":{"n":"中華路","v":"線西鄉","w":2.51,"c":1.35,"r":null},"geometry":{"type":"MultiPolygon","coordinates":[[[[120.461765,24.134744],[120.462427,24.134542],[120.462394,24.134527],[120.461791,24.134712],[120.461756,24.134744],[120.461765,24.134744]]]]}},{"type":"Feature","properties":{"n":"中華路","v":"線西鄉","w":2.29,"c":0,"r":null},"geometry":{"type":"MultiPolygon","coordinates":[[[[120.460629,24.135088],[120.46153,24.134814],[120.461499,24.134802],[120.460622,24.135068],[120.460629,24.135088]]]]}},{"type":"Feature","properties":{"n":"中華路","v":"線西鄉","w":2.26,"c":1.08,"r":null},"geometry":{"type":"MultiPolygon","coordinates":[[[[120.458267,24.135802],[120.460568,24.135108],[120.460544,24.135096],[120.460524,24.135096],[120.458293,24.135774],[120.45828,24.13578],[120.458269,24.135798],[120.458267,24.135802]]]]}},{"type":"Feature","properties":{"n":"中華路","v":"線西鄉","w":2.37,"c":1.24,"r":null},"geometry":{"type":"MultiPolygon","coordinates":[[[[120.456302,24.136401],[120.458206,24.135822],[120.458185,24.135814],[120.458163,24.135813],[120.456318,24.136372],[120.456303,24.136396],[120.456302,24.136401]]]]}},{"type":"Feature","properties":{"n":"中華路","v":"線西鄉","w":2.15,"c":1.04,"r":null},"geometry":{"type":"MultiPolygon","coordinates":[[[[120.454421,24.136971],[120.456219,24.136425],[120.456207,24.136418],[120.456181,24.136415],[120.454455,24.13694],[120.454438,24.136946],[120.454422,24.136966],[120.454421,24.136971]]]]}},{"type":"Feature","properties":{"n":"中華路","v":"線西鄉","w":2.17,"c":1,"r":null},"geometry":{"type":"MultiPolygon","coordinates":[[[[120.452213,24.137644],[120.452312,24.137611],[120.454372,24.136987],[120.454351,24.136978],[120.454324,24.13698],[120.452235,24.137614],[120.452221,24.137626],[120.452215,24.137638],[120.452213,24.137644]]]]}},{"type":"Feature","properties":{"n":"中華路","v":"線西鄉","w":2.39,"c":1.32,"r":null},"geometry":{"type":"MultiPolygon","coordinates":[[[[120.450409,24.13839],[120.450848,24.138172],[120.451257,24.13799],[120.451692,24.137819],[120.452126,24.137672],[120.452106,24.137661],[120.452088,24.13766],[120.451869,24.137733],[120.451551,24.137849],[120.451248,24.13797],[120.451023,24.138068],[120.450686,24.138226],[120.450425,24.13836],[120.450411,24.138383],[120.450409,24.13839]]]]}},{"type":"Feature","properties":{"n":"中華路","v":"線西鄉","w":2.15,"c":0.92,"r":null},"geometry":{"type":"MultiPolygon","coordinates":[[[[120.448081,24.139692],[120.450346,24.138427],[120.450311,24.138423],[120.450267,24.138446],[120.448102,24.139658],[120.448089,24.139673],[120.448082,24.139688],[120.448081,24.139692]]]]}},{"type":"Feature","properties":{"n":"中華路","v":"線西鄉","w":3,"c":0,"r":null},"geometry":{"type":"MultiPolygon","coordinates":[[[[120.447993,24.139744],[120.447968,24.139739],[120.447949,24.139744],[120.447513,24.139981],[120.446484,24.140556],[120.445764,24.140948],[120.445766,24.140969],[120.445828,24.140941],[120.446213,24.140736],[120.447978,24.139757],[120.447993,24.139744]]]]}},{"type":"Feature","properties":{"n":"和線路","v":"線西鄉","w":3,"c":0.4,"r":4},"geometry":{"type":"MultiPolygon","coordinates":[[[[120.474088,24.126008],[120.474103,24.126021],[120.474118,24.126019],[120.47489,24.125417],[120.475177,24.125201],[120.475173,24.125197],[120.475181,24.125191],[120.475166,24.125175],[120.474871,24.125396],[120.474273,24.125864],[120.474088,24.126008]]]]}},{"type":"Feature","properties":{"n":"和線路","v":"線西鄉","w":3.06,"c":1.81,"r":3},"geometry":{"type":"MultiPolygon","coordinates":[[[[120.473242,24.126669],[120.473298,24.126662],[120.474028,24.126091],[120.474038,24.126076],[120.474032,24.126052],[120.474007,24.126071],[120.473242,24.126669]]]]}},{"type":"Feature","properties":{"n":"和線路","v":"線西鄉","w":2.8,"c":1.6,"r":2},"geometry":{"type":"MultiPolygon","coordinates":[[[[120.472537,24.127229],[120.47258,24.127227],[120.473181,24.126754],[120.473203,24.126734],[120.473201,24.126716],[120.473192,24.126708],[120.472601,24.127175],[120.472537,24.127229]]]]}},{"type":"Feature","properties":{"n":"和線路","v":"線西鄉","w":2.98,"c":1.78,"r":4},"geometry":{"type":"MultiPolygon","coordinates":[[[[120.470555,24.128826],[120.472433,24.12734],[120.47244,24.127331],[120.472434,24.127315],[120.472427,24.127309],[120.470567,24.128782],[120.470517,24.128812],[120.470544,24.128825],[120.470555,24.128826]]]]}},{"type":"Feature","properties":{"n":"中華東路","v":"線西鄉","w":3,"c":1.88,"r":5},"geometry":{"type":"MultiPolygon","coordinates":[[[[120.469338,24.129688],[120.470454,24.128906],[120.470459,24.128898],[120.470459,24.128866],[120.469323,24.129664],[120.469338,24.129688]]]]}},{"type":"Feature","properties":{"n":"中華東路","v":"線西鄉","w":3.02,"c":1.4,"r":2},"geometry":{"type":"MultiPolygon","coordinates":[[[[120.468224,24.130466],[120.46929,24.129721],[120.469299,24.129715],[120.469288,24.129687],[120.468337,24.130355],[120.46816,24.130471],[120.468216,24.130467],[120.468224,24.130466]]]]}},{"type":"Feature","properties":{"n":"中華路","v":"線西鄉","w":2.7,"c":1.53,"r":null},"geometry":{"type":"MultiPolygon","coordinates":[[[[120.462393,24.134208],[120.462407,24.134218],[120.462425,24.134222],[120.462922,24.134069],[120.462957,24.134047],[120.462982,24.134022],[120.462999,24.133991],[120.463008,24.133957],[120.462967,24.133951],[120.462904,24.134049],[120.462417,24.134201],[120.462393,24.134208]]]]}},{"type":"Feature","properties":{"n":"中華路","v":"線西鄉","w":2.45,"c":1.28,"r":null},"geometry":{"type":"MultiPolygon","coordinates":[[[[120.461674,24.13445],[120.462295,24.134262],[120.462307,24.134249],[120.462312,24.134233],[120.461651,24.134433],[120.461674,24.13445]]]]}},{"type":"Feature","properties":{"n":"中華路","v":"線西鄉","w":4.13,"c":0,"r":null},"geometry":{"type":"MultiPolygon","coordinates":[[[[120.4605,24.134769],[120.460524,24.134795],[120.460535,24.134797],[120.461416,24.134524],[120.461428,24.134481],[120.4605,24.134769]]]]}},{"type":"Feature","properties":{"n":"中華路","v":"線西鄉","w":2.87,"c":1.44,"r":null},"geometry":{"type":"MultiPolygon","coordinates":[[[[120.458208,24.135504],[120.460441,24.134825],[120.460447,24.134819],[120.460452,24.134798],[120.458169,24.135489],[120.458168,24.135499],[120.458177,24.135503],[120.458201,24.135504],[120.458208,24.135504]]]]}},{"type":"Feature","properties":{"n":"中華路","v":"線西鄉","w":2.44,"c":1.03,"r":null},"geometry":{"type":"MultiPolygon","coordinates":[[[[120.456247,24.1361],[120.458077,24.135543],[120.458093,24.135533],[120.458106,24.13551],[120.4562,24.136091],[120.456227,24.136102],[120.456238,24.136102],[120.456247,24.1361]]]]}},{"type":"Feature","properties":{"n":"中華路","v":"線西鄉","w":2.19,"c":0.88,"r":null},"geometry":{"type":"MultiPolygon","coordinates":[[[[120.454358,24.136651],[120.454369,24.13666],[120.454393,24.136662],[120.456096,24.136145],[120.456113,24.136135],[120.456128,24.13611],[120.456096,24.136127],[120.454417,24.136632],[120.454358,24.136651]]]]}},{"type":"Feature","properties":{"n":"中華路","v":"線西鄉","w":2.3,"c":0.85,"r":null},"geometry":{"type":"MultiPolygon","coordinates":[[[[120.45217,24.137337],[120.454257,24.136704],[120.45428,24.136689],[120.4543,24.136664],[120.454249,24.136684],[120.453468,24.136924],[120.452142,24.137325],[120.452164,24.137336],[120.45217,24.137337]]]]}},{"type":"Feature","properties":{"n":"中華路","v":"線西鄉","w":2.93,"c":1.21,"r":null},"geometry":{"type":"MultiPolygon","coordinates":[[[[120.450362,24.138068],[120.45097,24.137784],[120.451285,24.137651],[120.4517,24.137492],[120.452054,24.137373],[120.452066,24.137362],[120.452072,24.137339],[120.45169,24.137468],[120.451274,24.137626],[120.450957,24.13776],[120.450324,24.138056],[120.450338,24.138066],[120.450356,24.138068],[120.450362,24.138068]]]]}},{"type":"Feature","properties":{"n":"中華路","v":"線西鄉","w":2,"c":0.37,"r":null},"geometry":{"type":"MultiPolygon","coordinates":[[[[120.447871,24.139459],[120.450241,24.138133],[120.45025,24.138122],[120.450254,24.138103],[120.450248,24.138104],[120.450247,24.138111],[120.450128,24.138173],[120.447855,24.139446],[120.447867,24.139457],[120.447871,24.139459]]]]}},{"type":"Feature","properties":{"n":"中華路","v":"線西鄉","w":2,"c":1.3,"r":null},"geometry":{"type":"MultiPolygon","coordinates":[[[[120.447186,24.139844],[120.447757,24.139524],[120.447758,24.139508],[120.447755,24.139503],[120.447165,24.139834],[120.447179,24.139842],[120.447186,24.139844]]]]}},{"type":"Feature","properties":{"n":"中華路","v":"線西鄉","w":2,"c":0.62,"r":null},"geometry":{"type":"MultiPolygon","coordinates":[[[[120.4456,24.140744],[120.446634,24.140153],[120.446632,24.140149],[120.446646,24.140141],[120.446648,24.140144],[120.447102,24.139891],[120.447113,24.139878],[120.447113,24.139863],[120.446507,24.140203],[120.445585,24.140734],[120.445596,24.140744],[120.4456,24.140744]]]]}},{"type":"Feature","properties":{"n":"中華東路","v":"線西鄉","w":2.93,"c":1.71,"r":13},"geometry":{"type":"MultiPolygon","coordinates":[[[[120.464315,24.133205],[120.467369,24.131068],[120.468083,24.130566],[120.468086,24.130557],[120.468076,24.130544],[120.468062,24.130547],[120.464297,24.133184],[120.464261,24.133201],[120.46422,24.133205],[120.464173,24.133191],[120.464143,24.133167],[120.464137,24.133171],[120.464167,24.133205],[120.464211,24.133226],[120.464254,24.133229],[120.464299,24.133217],[120.464315,24.133205]]]]}},{"type":"Feature","properties":{"n":"中華東路","v":"線西鄉","w":3.75,"c":2.73,"r":1},"geometry":{"type":"MultiPolygon","coordinates":[[[[120.46326,24.133896],[120.463895,24.133458],[120.463925,24.133418],[120.46394,24.133371],[120.463938,24.13332],[120.46392,24.13328],[120.46387,24.133435],[120.463245,24.133862],[120.463225,24.13387],[120.463127,24.133866],[120.463153,24.133894],[120.463185,24.133908],[120.463221,24.13391],[120.463258,24.133898],[120.46326,24.133896]]]]}},{"type":"Feature","properties":{"n":"公園路","v":"田尾鄉","w":3.87,"c":2.12,"r":null},"geometry":{"type":"MultiPolygon","coordinates":[[[[120.531697,23.89781],[120.531727,23.89783],[120.531751,23.897812],[120.531806,23.897788],[120.531858,23.897783],[120.531917,23.897791],[120.53197,23.897815],[120.532161,23.897917],[120.532268,23.897988],[120.532367,23.898096],[120.532409,23.898158],[120.53281,23.898873],[120.532817,23.898863],[120.5328,23.898833],[120.532825,23.898821],[120.532493,23.898226],[120.532437,23.898131],[120.532397,23.898075],[120.532306,23.897976],[120.53225,23.897931],[120.532138,23.897862],[120.53198,23.897779],[120.531929,23.897758],[120.531862,23.897749],[120.531806,23.897752],[120.531744,23.897775],[120.531709,23.897798],[120.531697,23.89781]]]]}},{"type":"Feature","properties":{"n":"中正路","v":"埔鹽鄉","w":3,"c":3,"r":null},"geometry":{"type":"MultiPolygon","coordinates":[[[[120.463629,24.000985],[120.463424,24.000241],[120.463944,24.000145],[120.463934,24.000097],[120.463367,24.0002],[120.463592,24.000997],[120.463629,24.000985]]]]}},{"type":"Feature","properties":{"n":"彰水路","v":"埔鹽鄉","w":4,"c":4,"r":2},"geometry":{"type":"MultiPolygon","coordinates":[[[[120.476877,23.993015],[120.477016,23.992671],[120.477154,23.992626],[120.477144,23.992595],[120.476988,23.992638],[120.476835,23.993008],[120.476877,23.99302],[120.476877,23.993015]]]]}},{"type":"Feature","properties":{"n":"中山路三段","v":"溪州鄉","w":6,"c":4,"r":2},"geometry":{"type":"MultiPolygon","coordinates":[[[[120.492096,23.853329],[120.492707,23.85325],[120.492717,23.853219],[120.492112,23.853296],[120.492096,23.853329]]]]}},{"type":"Feature","properties":{"n":"中山路三段","v":"溪州鄉","w":6,"c":4,"r":2},"geometry":{"type":"MultiPolygon","coordinates":[[[[120.492744,23.853247],[120.493677,23.853124],[120.4937,23.853093],[120.492752,23.853219],[120.492744,23.853247]]]]}},{"type":"Feature","properties":{"n":"中山路三段","v":"溪州鄉","w":6,"c":4,"r":1},"geometry":{"type":"MultiPolygon","coordinates":[[[[120.491213,23.853429],[120.492051,23.853336],[120.492045,23.853276],[120.4912,23.853363],[120.491213,23.853429]]]]}},{"type":"Feature","properties":{"n":"金馬路","v":"線西鄉","w":2.5,"c":2.5,"r":null},"geometry":{"type":"MultiPolygon","coordinates":[[[[120.461918,24.131177],[120.46191,24.131168],[120.461626,24.131267],[120.461631,24.131279],[120.461918,24.131177]]]]}},{"type":"Feature","properties":{"n":"湶洲巷","v":"員林鎮","w":2,"c":2,"r":2},"geometry":{"type":"MultiPolygon","coordinates":[[[[120.601692,23.944095],[120.601692,23.9441],[120.601671,23.944107],[120.601808,23.944184],[120.601951,23.944175],[120.602622,23.944086],[120.602679,23.944093],[120.602713,23.94411],[120.60276,23.944143],[120.602781,23.944189],[120.602906,23.944705],[120.602971,23.944806],[120.603028,23.944858],[120.60322,23.944959],[120.603228,23.944945],[120.603041,23.944847],[120.602979,23.944796],[120.602922,23.944701],[120.602794,23.944182],[120.602773,23.944132],[120.602737,23.944103],[120.602692,23.944079],[120.60263,23.944069],[120.601938,23.94416],[120.601824,23.944167],[120.601692,23.944095]]]]}},{"type":"Feature","properties":{"n":"靜修路","v":"員林鎮","w":2.6,"c":2,"r":6},"geometry":{"type":"MultiPolygon","coordinates":[[[[120.565072,23.962363],[120.565077,23.962363],[120.565077,23.962379],[120.565423,23.962342],[120.566195,23.962342],[120.5662,23.962323],[120.565415,23.962328],[120.565072,23.962363]]]]}},{"type":"Feature","properties":{"n":"鹿港鎮中山路","v":"鹿港鎮","w":2.5,"c":1.5,"r":2},"geometry":{"type":"MultiPolygon","coordinates":[[[[120.424965,24.060841],[120.424966,24.060846],[120.425349,24.060723],[120.427559,24.060318],[120.427559,24.060314],[120.425348,24.060716],[120.424965,24.060841]]]]}},{"type":"Feature","properties":{"n":"4M人行步道","v":"和美鎮","w":3.2,"c":3,"r":null},"geometry":{"type":"MultiPolygon","coordinates":[[[[120.49205,24.107676],[120.492227,24.107858],[120.492258,24.107837],[120.492084,24.10765],[120.49205,24.107676]]]]}},{"type":"Feature","properties":{"n":"什股二街","v":"伸港鄉","w":1,"c":1,"r":0},"geometry":{"type":"MultiPolygon","coordinates":[[[[120.481212,24.159111],[120.479599,24.159555],[120.479617,24.159565],[120.481186,24.159147],[120.481212,24.159111]]]]}},{"type":"Feature","properties":{"n":"什股二街","v":"伸港鄉","w":1,"c":1,"r":0},"geometry":{"type":"MultiPolygon","coordinates":[[[[120.481248,24.159224],[120.481204,24.159209],[120.479635,24.159627],[120.479622,24.159653],[120.481248,24.159224]]]]}},{"type":"Feature","properties":{"n":"什股二街","v":"伸港鄉","w":1,"c":1,"r":0},"geometry":{"type":"MultiPolygon","coordinates":[[[[120.479497,24.159579],[120.477719,24.160043],[120.477766,24.160067],[120.479484,24.15961],[120.479497,24.159579]]]]}},{"type":"Feature","properties":{"n":"什股二街","v":"伸港鄉","w":1,"c":1,"r":0},"geometry":{"type":"MultiPolygon","coordinates":[[[[120.479525,24.159686],[120.479502,24.159669],[120.477776,24.160129],[120.477753,24.160167],[120.479525,24.159686]]]]}},{"type":"Feature","properties":{"n":"什股二街","v":"伸港鄉","w":1,"c":1,"r":0},"geometry":{"type":"MultiPolygon","coordinates":[[[[120.47762,24.160088],[120.47596,24.160517],[120.475994,24.160537],[120.477597,24.160119],[120.47762,24.160088]]]]}},{"type":"Feature","properties":{"n":"什股二街","v":"伸港鄉","w":1,"c":1,"r":0},"geometry":{"type":"MultiPolygon","coordinates":[[[[120.477652,24.160198],[120.477624,24.160177],[120.476042,24.160594],[120.476003,24.160613],[120.475989,24.160634],[120.477652,24.160198]]]]}},{"type":"Feature","properties":{"n":"建國一街","v":"伸港鄉","w":1,"c":1,"r":0},"geometry":{"type":"MultiPolygon","coordinates":[[[[120.482618,24.158138],[120.481396,24.158478],[120.481406,24.158502],[120.482613,24.158176],[120.482618,24.158138]]]]}},{"type":"Feature","properties":{"n":"建國一街","v":"伸港鄉","w":1,"c":1,"r":0},"geometry":{"type":"MultiPolygon","coordinates":[[[[120.482644,24.158241],[120.481447,24.158566],[120.48133,24.158626],[120.481249,24.158733],[120.481243,24.158857],[120.481297,24.159056],[120.481315,24.159048],[120.481272,24.158922],[120.481259,24.158757],[120.481333,24.15865],[120.481455,24.158585],[120.482659,24.158253],[120.482644,24.158241]]]]}},{"type":"Feature","properties":{"n":"建國一街","v":"伸港鄉","w":1,"c":1,"r":0},"geometry":{"type":"MultiPolygon","coordinates":[[[[120.481208,24.159108],[120.481088,24.158661],[120.481049,24.158649],[120.481185,24.15912],[120.481208,24.159108]]]]}},{"type":"Feature","properties":{"n":"建國十街","v":"伸港鄉","w":1,"c":1,"r":0},"geometry":{"type":"MultiPolygon","coordinates":[[[[120.479592,24.159555],[120.479603,24.159553],[120.479487,24.159077],[120.479479,24.159098],[120.479592,24.159555]]]]}},{"type":"Feature","properties":{"n":"建國十街","v":"伸港鄉","w":1,"c":1,"r":0},"geometry":{"type":"MultiPolygon","coordinates":[[[[120.479496,24.159576],[120.479383,24.159124],[120.479344,24.159107],[120.479478,24.159581],[120.479496,24.159576]]]]}},{"type":"Feature","properties":{"n":"建國十一街","v":"伸港鄉","w":1,"c":1,"r":0},"geometry":{"type":"MultiPolygon","coordinates":[[[[120.477718,24.160044],[120.477731,24.16004],[120.477624,24.159585],[120.477613,24.159628],[120.477718,24.160044]]]]}},{"type":"Feature","properties":{"n":"建國十一街","v":"伸港鄉","w":1,"c":1,"r":0},"geometry":{"type":"MultiPolygon","coordinates":[[[[120.477622,24.160082],[120.477514,24.159645],[120.477473,24.159623],[120.477601,24.160092],[120.477622,24.160082]]]]}},{"type":"Feature","properties":{"n":"建國十二街","v":"伸港鄉","w":1,"c":1,"r":0},"geometry":{"type":"MultiPolygon","coordinates":[[[[120.475954,24.160514],[120.475969,24.160514],[120.475843,24.160067],[120.475835,24.160102],[120.475954,24.160514]]]]}},{"type":"Feature","properties":{"n":"建國十二街","v":"伸港鄉","w":1,"c":1,"r":0},"geometry":{"type":"MultiPolygon","coordinates":[[[[120.476034,24.161092],[120.475757,24.160112],[120.475726,24.160097],[120.476016,24.161099],[120.476034,24.161092]]]]}},{"type":"Feature","properties":{"n":"什股三街","v":"伸港鄉","w":1,"c":1,"r":0},"geometry":{"type":"MultiPolygon","coordinates":[[[[120.476036,24.161098],[120.475379,24.161258],[120.475423,24.161278],[120.47602,24.161124],[120.476036,24.161098]]]]}},{"type":"Feature","properties":{"n":"什股三街","v":"伸港鄉","w":1,"c":1,"r":0},"geometry":{"type":"MultiPolygon","coordinates":[[[[120.476069,24.161203],[120.47603,24.161194],[120.475454,24.161342],[120.475436,24.161378],[120.476069,24.161203]]]]}},{"type":"Feature","properties":{"n":"什股三街","v":"伸港鄉","w":1,"c":1,"r":0},"geometry":{"type":"MultiPolygon","coordinates":[[[[120.477773,24.160641],[120.47611,24.161065],[120.476162,24.161084],[120.477729,24.160681],[120.477773,24.160641]]]]}},{"type":"Feature","properties":{"n":"什股三街","v":"伸港鄉","w":1,"c":1,"r":0},"geometry":{"type":"MultiPolygon","coordinates":[[[[120.477804,24.160767],[120.477757,24.160753],[120.476172,24.161158],[120.476146,24.161201],[120.477804,24.160767]]]]}},{"type":"Feature","properties":{"n":"什股三街","v":"伸港鄉","w":1,"c":1,"r":0},"geometry":{"type":"MultiPolygon","coordinates":[[[[120.479641,24.160156],[120.477873,24.160616],[120.477902,24.160625],[120.479627,24.160182],[120.479641,24.160156]]]]}},{"type":"Feature","properties":{"n":"什股三街","v":"伸港鄉","w":1,"c":1,"r":0},"geometry":{"type":"MultiPolygon","coordinates":[[[[120.479674,24.160273],[120.47964,24.160266],[120.477922,24.160707],[120.477899,24.160733],[120.479674,24.160273]]]]}},{"type":"Feature","properties":{"n":"什股三街","v":"伸港鄉","w":1,"c":1,"r":0},"geometry":{"type":"MultiPolygon","coordinates":[[[[120.481363,24.159709],[120.479745,24.160127],[120.479784,24.160141],[120.481337,24.159738],[120.481363,24.159709]]]]}},{"type":"Feature","properties":{"n":"什股三街","v":"伸港鄉","w":1,"c":1,"r":0},"geometry":{"type":"MultiPolygon","coordinates":[[[[120.481402,24.159819],[120.481363,24.159821],[120.479791,24.160227],[120.479776,24.160251],[120.481402,24.159819]]]]}},{"type":"Feature","properties":{"n":"建國十街","v":"伸港鄉","w":1,"c":1,"r":0},"geometry":{"type":"MultiPolygon","coordinates":[[[[120.47974,24.160124],[120.479624,24.159663],[120.479622,24.15966],[120.47974,24.160124]]]]}},{"type":"Feature","properties":{"n":"建國十街","v":"伸港鄉","w":1,"c":1,"r":0},"geometry":{"type":"MultiPolygon","coordinates":[[[[120.479642,24.160158],[120.479529,24.159692],[120.479516,24.159692],[120.479631,24.160161],[120.479642,24.160158]]]]}},{"type":"Feature","properties":{"n":"建國十一街","v":"伸港鄉","w":1,"c":1,"r":0},"geometry":{"type":"MultiPolygon","coordinates":[[[[120.477869,24.160615],[120.47788,24.160615],[120.477765,24.16017],[120.477752,24.16017],[120.477869,24.160615]]]]}},{"type":"Feature","properties":{"n":"建國十一街","v":"伸港鄉","w":1,"c":1,"r":0},"geometry":{"type":"MultiPolygon","coordinates":[[[[120.477769,24.160639],[120.477659,24.160197],[120.477646,24.160207],[120.477759,24.160642],[120.477769,24.160639]]]]}},{"type":"Feature","properties":{"n":"建國十二街","v":"伸港鄉","w":1,"c":1,"r":0},"geometry":{"type":"MultiPolygon","coordinates":[[[[120.47611,24.161066],[120.476118,24.161061],[120.476,24.160633],[120.47599,24.160633],[120.47611,24.161066]]]]}},{"type":"Feature","properties":{"n":"建國十二街","v":"伸港鄉","w":1,"c":1,"r":0},"geometry":{"type":"MultiPolygon","coordinates":[[[[120.476065,24.161207],[120.476057,24.161211],[120.476386,24.162331],[120.476399,24.162328],[120.476065,24.161207]]]]}},{"type":"Feature","properties":{"n":"中山路","v":"秀水鄉","w":2.5,"c":1.5,"r":2},"geometry":{"type":"MultiPolygon","coordinates":[[[[120.503802,24.035277],[120.503807,24.035287],[120.503805,24.035289],[120.504431,24.035492],[120.504802,24.035634],[120.505335,24.035877],[120.505197,24.035802],[120.504787,24.03561],[120.504457,24.035489],[120.503802,24.035277]]]]}},{"type":"Feature","properties":{"n":"忠全路","v":"和美鎮","w":3,"c":2,"r":2},"geometry":{"type":"MultiPolygon","coordinates":[[[[120.502274,24.114759],[120.502263,24.11478],[120.502287,24.114783],[120.502749,24.115001],[120.503071,24.115122],[120.503464,24.11525],[120.50363,24.115291],[120.503797,24.115315],[120.504195,24.115333],[120.504195,24.11531],[120.504143,24.115307],[120.503927,24.115313],[120.503667,24.115282],[120.503295,24.115187],[120.502741,24.114975],[120.502274,24.114759]]]]}},{"type":"Feature","properties":{"n":"鄭成功公園旁人行道(永社路)","v":"永靖鄉","w":5,"c":4,"r":7},"geometry":{"type":"MultiPolygon","coordinates":[[[[120.545746,23.914429],[120.545717,23.914434],[120.545739,23.914713],[120.546318,23.916545],[120.546349,23.91656],[120.546205,23.916096],[120.546092,23.915758],[120.545765,23.914718],[120.545751,23.914427],[120.545746,23.914429]]]]}},{"type":"Feature","properties":{"n":"芳苑鄉普天宮周遭廣場","v":"芳苑鄉","w":0,"c":0,"r":null},"geometry":{"type":"MultiPolygon","coordinates":[[[[120.315821,23.929041],[120.31676,23.929889],[120.316929,23.929868],[120.31702,23.929866],[120.317514,23.929739],[120.317412,23.929464],[120.317464,23.92944],[120.317444,23.929338],[120.317501,23.929312],[120.317442,23.929158],[120.317356,23.929249],[120.317304,23.929218],[120.316745,23.929745],[120.316429,23.92945],[120.317054,23.928882],[120.316919,23.928685],[120.315755,23.928685],[120.315821,23.929041]]]]}},{"type":"Feature","properties":{"n":"中正路","v":"福興鄉","w":3.7,"c":2,"r":4},"geometry":{"type":"MultiPolygon","coordinates":[[[[120.441797,24.049563],[120.441745,24.049581],[120.441148,24.052228],[120.44118,24.052238],[120.441785,24.04958],[120.441797,24.049563]]]]}},{"type":"Feature","properties":{"n":"芳苑鄉漢寶國小通學通勤步道人本環境建置工程","v":"芳苑鄉","w":2.5,"c":2.5,"r":7},"geometry":{"type":"MultiPolygon","coordinates":[[[[120.382892,24.005873],[120.382897,24.00591],[120.38505,24.00545],[120.385458,24.007043],[120.383766,24.007419],[120.383775,24.007453],[120.3855,24.007072],[120.385079,24.005416],[120.382892,24.005873]]]]}},{"type":"Feature","properties":{"n":"中正路二段","v":"田尾鄉","w":3.6,"c":2.1,"r":2},"geometry":{"type":"MultiPolygon","coordinates":[[[[120.507052,23.904647],[120.507091,23.904673],[120.507848,23.903746],[120.507811,23.903722],[120.507052,23.904647]]]]}},{"type":"Feature","properties":{"n":"番花路","v":"秀水鄉","w":7.9,"c":4.9,"r":4},"geometry":{"type":"MultiPolygon","coordinates":[[[[120.498701,24.014171],[120.500687,24.013623],[120.502365,24.013024],[120.503826,24.012412],[120.503962,24.012391],[120.503944,24.012347],[120.503816,24.012376],[120.502417,24.012961],[120.500672,24.013571],[120.498703,24.014132],[120.498703,24.014168],[120.498701,24.014171]]]]}},{"type":"Feature","properties":{"n":"中正路二段","v":"田尾鄉","w":2.7,"c":1.8,"r":3},"geometry":{"type":"MultiPolygon","coordinates":[[[[120.509546,23.901547],[120.508962,23.90139],[120.508235,23.901257],[120.507065,23.901336],[120.507091,23.901408],[120.508143,23.901304],[120.509507,23.901571],[120.509546,23.901547]]]]}},{"type":"Feature","properties":{"n":"前庄巷","v":"田尾鄉","w":3,"c":2.1,"r":1},"geometry":{"type":"MultiPolygon","coordinates":[[[[120.507029,23.904652],[120.507052,23.90464],[120.5068,23.904007],[120.506766,23.904018],[120.507029,23.90465],[120.507029,23.904652]]]]}},{"type":"Feature","properties":{"n":"光明巷","v":"田尾鄉","w":2.8,"c":1.9,"r":1},"geometry":{"type":"MultiPolygon","coordinates":[[[[120.506926,23.903801],[120.506936,23.903813],[120.507267,23.903536],[120.507257,23.903522],[120.506926,23.903801]]]]}},{"type":"Feature","properties":{"n":"中正路二段","v":"田尾鄉","w":3.2,"c":2.3,"r":6},"geometry":{"type":"MultiPolygon","coordinates":[[[[120.507962,23.903546],[120.507988,23.903546],[120.50802,23.903564],[120.509554,23.901646],[120.509502,23.90161],[120.507962,23.903546]]]]}},{"type":"Feature","properties":{"n":"中正路二段","v":"田尾鄉","w":2.7,"c":1.8,"r":3},"geometry":{"type":"MultiPolygon","coordinates":[[[[120.507344,23.903364],[120.507946,23.903543],[120.507969,23.903505],[120.507362,23.903336],[120.507352,23.90336],[120.507344,23.903364]]]]}},{"type":"Feature","properties":{"n":"光明巷","v":"田尾鄉","w":2.4,"c":1.5,"r":1},"geometry":{"type":"MultiPolygon","coordinates":[[[[120.507291,23.903332],[120.50731,23.903308],[120.507356,23.903284],[120.507099,23.9024],[120.507008,23.902411],[120.507291,23.903332]]]]}},{"type":"Feature","properties":{"n":"金馬路-忠誠路-西勢街","v":"彰化市","w":4.5,"c":3,"r":6},"geometry":{"type":"MultiPolygon","coordinates":[[[[120.530395,24.082844],[120.531149,24.084764],[120.532757,24.084369],[120.532235,24.082934],[120.532222,24.082964],[120.532738,24.084363],[120.531162,24.08474],[120.530414,24.082839],[120.530401,24.082844],[120.530395,24.082844]]]]}},{"type":"Feature","properties":{"n":"正興路-復興路","v":"鹿港鎮","w":2,"c":2,"r":14},"geometry":{"type":"MultiPolygon","coordinates":[[[[120.434594,24.057468],[120.434595,24.057465],[120.434058,24.057133],[120.434035,24.057152],[120.434586,24.057484],[120.435239,24.057902],[120.435543,24.058588],[120.433659,24.058977],[120.433665,24.059019],[120.435407,24.058655],[120.435594,24.058599],[120.435272,24.057893],[120.435207,24.057838],[120.434594,24.057468]]]]}},{"type":"Feature","properties":{"n":"公園三路","v":"鹿港鎮","w":2,"c":1.5,"r":6},"geometry":{"type":"MultiPolygon","coordinates":[[[[120.43125,24.054952],[120.430483,24.053945],[120.430456,24.053955],[120.431234,24.054964],[120.43125,24.054952]]]]}},{"type":"Feature","properties":{"n":"中正路","v":"田中鎮","w":2,"c":2,"r":null},"geometry":{"type":"MultiPolygon","coordinates":[[[[120.586024,23.865868],[120.586159,23.865971],[120.586175,23.865949],[120.58604,23.865851],[120.586024,23.865868]]]]}},{"type":"Feature","properties":{"n":"新聖路","v":"田中鎮","w":3.75,"c":2,"r":4},"geometry":{"type":"MultiPolygon","coordinates":[[[[120.598986,23.854631],[120.598999,23.854631],[120.599001,23.853391],[120.59898,23.853394],[120.598986,23.854631]]]]}},{"type":"Feature","properties":{"n":"中南路三段","v":"田中鎮","w":3.75,"c":2,"r":4},"geometry":{"type":"MultiPolygon","coordinates":[[[[120.599006,23.853413],[120.600591,23.853307],[120.600588,23.85329],[120.599006,23.853396],[120.599006,23.853413]]]]}},{"type":"Feature","properties":{"n":"永昌街","v":"員林鎮","w":3.5,"c":2.5,"r":2},"geometry":{"type":"MultiPolygon","coordinates":[[[[120.573271,23.95261],[120.574946,23.953009],[120.574953,23.952985],[120.573284,23.952592],[120.573271,23.95261]]]]}},{"type":"Feature","properties":{"n":"南興國小","v":"彰化市","w":3.5,"c":2,"r":8},"geometry":{"type":"MultiPolygon","coordinates":[[[[120.534105,24.057671],[120.532557,24.057869],[120.532741,24.059214],[120.534466,24.058777],[120.534118,24.057695],[120.534446,24.058777],[120.532754,24.059196],[120.532583,24.057887],[120.534118,24.057689],[120.534105,24.057671]]]]}},{"type":"Feature","properties":{"n":"公園東路35巷","v":"田尾鄉","w":2.4,"c":1.4,"r":2},"geometry":{"type":"MultiPolygon","coordinates":[[[[120.535328,23.895675],[120.535593,23.896316],[120.535649,23.896382],[120.535706,23.896406],[120.535768,23.896426],[120.536421,23.896236],[120.536413,23.896215],[120.535771,23.896399],[120.535708,23.896378],[120.535667,23.896356],[120.535626,23.896301],[120.535355,23.895662],[120.535339,23.895674],[120.535328,23.895675]]]]}},{"type":"Feature","properties":{"n":"員鹿路四段","v":"埔心鄉","w":2,"c":1,"r":3},"geometry":{"type":"MultiPolygon","coordinates":[[[[120.522673,23.94968],[120.524785,23.948026],[120.525032,23.947884],[120.52524,23.947861],[120.527941,23.94861],[120.528863,23.948827],[120.529096,23.948936],[120.529291,23.949056],[120.529291,23.949008],[120.528876,23.948804],[120.525279,23.947837],[120.525006,23.947848],[120.524759,23.948002],[120.522673,23.94968]]]]}},{"type":"Feature","properties":{"n":"社頭國中","v":"社頭鄉","w":2.5,"c":1.5,"r":10},"geometry":{"type":"MultiPolygon","coordinates":[[[[120.58535,23.902927],[120.585364,23.902909],[120.583213,23.902855],[120.582952,23.901176],[120.585317,23.901266],[120.585317,23.901242],[120.582933,23.901164],[120.583187,23.902861],[120.58535,23.902927]]]]}},{"type":"Feature","properties":{"n":"林森路","v":"彰化市","w":2,"c":10,"r":2},"geometry":{"type":"MultiPolygon","coordinates":[[[[120.525093,24.071599],[120.52508,24.071587],[120.525028,24.071575],[120.524996,24.071593],[120.524976,24.071622],[120.525618,24.072198],[120.525676,24.072216],[120.525741,24.072228],[120.525761,24.072145],[120.525093,24.071599]]]]}},{"type":"Feature","properties":{"n":"中義路","v":"社頭鄉","w":300,"c":1,"r":3},"geometry":{"type":"MultiPolygon","coordinates":[[[[120.597706,23.896336],[120.596783,23.896602],[120.596217,23.896732],[120.594756,23.896812],[120.594768,23.896854],[120.596243,23.89675],[120.596796,23.89662],[120.5977,23.896372],[120.597706,23.896336]]]]}},{"type":"Feature","properties":{"n":"員水路二段","v":"員林鎮","w":2,"c":2,"r":4},"geometry":{"type":"MultiPolygon","coordinates":[[[[120.58392,23.955178],[120.58392,23.955142],[120.583141,23.955104],[120.580631,23.95542],[120.580631,23.955468],[120.58318,23.95514],[120.583323,23.95514],[120.58392,23.955178]]]]}},{"type":"Feature","properties":{"n":"朝興國小","v":"社頭鄉","w":3,"c":2,"r":6},"geometry":{"type":"MultiPolygon","coordinates":[[[[120.605953,23.905989],[120.605926,23.906299],[120.6049,23.90632],[120.606361,23.908618],[120.607426,23.90868],[120.608122,23.9064],[120.608148,23.906173],[120.608096,23.906173],[120.608083,23.906412],[120.607387,23.908644],[120.606387,23.908582],[120.604964,23.906356],[120.605952,23.906335],[120.605978,23.906323],[120.606005,23.906013],[120.605953,23.905989]]]]}},{"type":"Feature","properties":{"n":"泉州二路","v":"鹿港鎮","w":7.9,"c":7.9,"r":null},"geometry":{"type":"MultiPolygon","coordinates":[[[[120.429282,24.058408],[120.429422,24.058473],[120.429518,24.058466],[120.429746,24.058307],[120.429627,24.058144],[120.429282,24.058401],[120.429282,24.058408]]]]}},{"type":"Feature","properties":{"n":"福興穀倉前道路","v":"福興鄉","w":1.5,"c":1.5,"r":2},"geometry":{"type":"MultiPolygon","coordinates":[[[[120.441761,24.049565],[120.439388,24.050224],[120.440609,24.049894],[120.441761,24.049565]]]]}},{"type":"Feature","properties":{"n":"學府路","v":"花壇鄉","w":1.9,"c":1.9,"r":2},"geometry":{"type":"MultiPolygon","coordinates":[[[[120.548601,24.027008],[120.549517,24.027285],[120.549497,24.027279],[120.548601,24.027008]]]]}},{"type":"Feature","properties":{"n":"建國十二街","v":"伸港鄉","w":1.5,"c":1.5,"r":0},"geometry":{"type":"MultiPolygon","coordinates":[[[[120.476149,24.161203],[120.476288,24.161674],[120.476295,24.161672],[120.476157,24.161198],[120.476149,24.161203]]]]}},{"type":"Feature","properties":{"n":"建國十二街","v":"伸港鄉","w":1.5,"c":1.5,"r":0},"geometry":{"type":"MultiPolygon","coordinates":[[[[120.476327,24.16181],[120.476474,24.162313],[120.476482,24.16231],[120.476338,24.161808],[120.476327,24.16181]]]]}},{"type":"Feature","properties":{"n":"什股五街","v":"伸港鄉","w":1.5,"c":1.5,"r":0},"geometry":{"type":"MultiPolygon","coordinates":[[[[120.476281,24.161677],[120.47633,24.161691],[120.47791,24.161305],[120.477941,24.161267],[120.476294,24.161677],[120.476281,24.161677]]]]}},{"type":"Feature","properties":{"n":"什股五街","v":"伸港鄉","w":1.5,"c":1.5,"r":0},"geometry":{"type":"MultiPolygon","coordinates":[[[[120.47633,24.161813],[120.477969,24.161405],[120.477904,24.161379],[120.476372,24.16177],[120.47633,24.161813]]]]}},{"type":"Feature","properties":{"n":"什股五街","v":"伸港鄉","w":1.5,"c":1.5,"r":0},"geometry":{"type":"MultiPolygon","coordinates":[[[[120.478027,24.161232],[120.478079,24.161254],[120.479792,24.160823],[120.479813,24.160794],[120.478027,24.161232]]]]}},{"type":"Feature","properties":{"n":"什股五街","v":"伸港鄉","w":1.5,"c":1.5,"r":0},"geometry":{"type":"MultiPolygon","coordinates":[[[[120.478063,24.161361],[120.479851,24.160916],[120.479802,24.160897],[120.478092,24.161323],[120.478063,24.161361]]]]}},{"type":"Feature","properties":{"n":"建國十一街","v":"伸港鄉","w":1.5,"c":1.5,"r":0},"geometry":{"type":"MultiPolygon","coordinates":[[[[120.477897,24.160737],[120.47803,24.161232],[120.47804,24.16123],[120.477907,24.160735],[120.477897,24.160737]]]]}},{"type":"Feature","properties":{"n":"建國十街","v":"伸港鄉","w":1.5,"c":1.5,"r":0},"geometry":{"type":"MultiPolygon","coordinates":[[[[120.477803,24.160775],[120.477792,24.160775],[120.477926,24.16127],[120.477941,24.161268],[120.477803,24.160775]]]]}},{"type":"Feature","properties":{"n":"什股六街","v":"伸港鄉","w":1.5,"c":1.5,"r":0},"geometry":{"type":"MultiPolygon","coordinates":[[[[120.476388,24.162332],[120.476109,24.162398],[120.47613,24.162412],[120.476367,24.162363],[120.476388,24.162332]]]]}},{"type":"Feature","properties":{"n":"什股六街","v":"伸港鄉","w":1.5,"c":1.5,"r":0},"geometry":{"type":"MultiPolygon","coordinates":[[[[120.476096,24.162479],[120.476093,24.162488],[120.476117,24.162505],[120.478115,24.162044],[120.478043,24.162039],[120.476135,24.162489],[120.476096,24.162479]]]]}},{"type":"Feature","properties":{"n":"什股六街","v":"伸港鄉","w":1.5,"c":1.5,"r":0},"geometry":{"type":"MultiPolygon","coordinates":[[[[120.476474,24.162315],[120.476503,24.162327],[120.478035,24.161958],[120.478082,24.161929],[120.476474,24.162315]]]]}},{"type":"Feature","properties":{"n":"建國十一街","v":"伸港鄉","w":1.5,"c":1.5,"r":0},"geometry":{"type":"MultiPolygon","coordinates":[[[[120.478101,24.162052],[120.47871,24.164407],[120.478756,24.16439],[120.47816,24.162064],[120.478101,24.162052]]]]}},{"type":"Feature","properties":{"n":"建國十一街","v":"伸港鄉","w":1.5,"c":1.5,"r":0},"geometry":{"type":"MultiPolygon","coordinates":[[[[120.477967,24.161413],[120.477951,24.161417],[120.478074,24.161927],[120.478098,24.161884],[120.477967,24.161413]]]]}},{"type":"Feature","properties":{"n":"建國十一街","v":"伸港鄉","w":1.5,"c":1.5,"r":0},"geometry":{"type":"MultiPolygon","coordinates":[[[[120.478061,24.161363],[120.478153,24.161686],[120.478229,24.161779],[120.478317,24.161822],[120.478325,24.161806],[120.478242,24.161767],[120.478161,24.161678],[120.478074,24.161358],[120.478061,24.161363]]]]}},{"type":"Feature","properties":{"n":"什股六街","v":"伸港鄉","w":1.5,"c":1.5,"r":0},"geometry":{"type":"MultiPolygon","coordinates":[[[[120.478319,24.161825],[120.478413,24.161832],[120.47993,24.16146],[120.479969,24.161424],[120.478325,24.16182],[120.478319,24.161825]]]]}},{"type":"Feature","properties":{"n":"建國十街","v":"伸港鄉","w":1.5,"c":1.5,"r":0},"geometry":{"type":"MultiPolygon","coordinates":[[[[120.479805,24.160797],[120.479677,24.160273],[120.479667,24.160283],[120.479797,24.160801],[120.479805,24.160797]]]]}},{"type":"Feature","properties":{"n":"建國十街","v":"伸港鄉","w":1.5,"c":1.5,"r":0},"geometry":{"type":"MultiPolygon","coordinates":[[[[120.479849,24.16092],[120.479838,24.160922],[120.479959,24.161431],[120.479974,24.161424],[120.479849,24.16092]]]]}},{"type":"Feature","properties":{"n":"建國十街","v":"伸港鄉","w":1.5,"c":1.5,"r":0},"geometry":{"type":"MultiPolygon","coordinates":[[[[120.479773,24.160253],[120.480063,24.161372],[120.480076,24.161367],[120.479787,24.160248],[120.479773,24.160253]]]]}},{"type":"Feature","properties":{"n":"什股六街","v":"伸港鄉","w":1.5,"c":1.5,"r":0},"geometry":{"type":"MultiPolygon","coordinates":[[[[120.480027,24.161629],[120.479975,24.161587],[120.478431,24.16197],[120.478359,24.162029],[120.478326,24.162047],[120.48002,24.161629],[120.480027,24.161629]]]]}},{"type":"Feature","properties":{"n":"什股九街","v":"伸港鄉","w":1.5,"c":1.5,"r":0},"geometry":{"type":"MultiPolygon","coordinates":[[[[120.478518,24.163081],[120.478573,24.163102],[120.48028,24.162733],[120.480306,24.162688],[120.478518,24.163081]]]]}},{"type":"Feature","properties":{"n":"什股九街","v":"伸港鄉","w":1.5,"c":1.5,"r":0},"geometry":{"type":"MultiPolygon","coordinates":[[[[120.480337,24.162831],[120.480303,24.162807],[120.478581,24.163188],[120.478552,24.163231],[120.480337,24.162831]]]]}},{"type":"Feature","properties":{"n":"什股十街","v":"伸港鄉","w":1.5,"c":1.5,"r":0},"geometry":{"type":"MultiPolygon","coordinates":[[[[120.480465,24.16333],[120.478688,24.163711],[120.478716,24.163728],[120.480449,24.163356],[120.480465,24.16333]]]]}},{"type":"Feature","properties":{"n":"什股十街","v":"伸港鄉","w":1.5,"c":1.5,"r":0},"geometry":{"type":"MultiPolygon","coordinates":[[[[120.478711,24.16384],[120.480496,24.163449],[120.48047,24.163437],[120.478732,24.163811],[120.478711,24.16384]]]]}},{"type":"Feature","properties":{"n":"建國十一街","v":"伸港鄉","w":1.5,"c":1.5,"r":0},"geometry":{"type":"MultiPolygon","coordinates":[[[[120.478359,24.162476],[120.47837,24.162473],[120.478301,24.162203],[120.478335,24.162062],[120.478325,24.162053],[120.478285,24.162201],[120.478359,24.162476]]]]}},{"type":"Feature","properties":{"n":"建國十一街","v":"伸港鄉","w":1.5,"c":1.5,"r":0},"geometry":{"type":"MultiPolygon","coordinates":[[[[120.478395,24.162634],[120.478521,24.163081],[120.478537,24.163076],[120.478406,24.162629],[120.478395,24.162634]]]]}},{"type":"Feature","properties":{"n":"建國十一街","v":"伸港鄉","w":1.5,"c":1.5,"r":0},"geometry":{"type":"MultiPolygon","coordinates":[[[[120.478549,24.163234],[120.478688,24.163712],[120.478696,24.16371],[120.47856,24.163234],[120.478549,24.163234]]]]}},{"type":"Feature","properties":{"n":"建國十一街","v":"伸港鄉","w":1.5,"c":1.5,"r":0},"geometry":{"type":"MultiPolygon","coordinates":[[[[120.478716,24.163843],[120.478844,24.164317],[120.478857,24.164312],[120.478726,24.163839],[120.478716,24.163843]]]]}},{"type":"Feature","properties":{"n":"什股六街","v":"伸港鄉","w":1.5,"c":1.5,"r":0},"geometry":{"type":"MultiPolygon","coordinates":[[[[120.480107,24.161413],[120.48156,24.161071],[120.481632,24.161024],[120.481573,24.161006],[120.480068,24.161383],[120.480101,24.161407],[120.480107,24.161413]]]]}},{"type":"Feature","properties":{"n":"建國十街","v":"伸港鄉","w":1.5,"c":1.5,"r":0},"geometry":{"type":"MultiPolygon","coordinates":[[[[120.480019,24.161632],[120.480011,24.161634],[120.480132,24.162098],[120.480145,24.162095],[120.480019,24.161632]]]]}},{"type":"Feature","properties":{"n":"建國十街","v":"伸港鄉","w":1.5,"c":1.5,"r":0},"geometry":{"type":"MultiPolygon","coordinates":[[[[120.480181,24.162237],[120.480168,24.162239],[120.480293,24.162691],[120.480306,24.162691],[120.480181,24.162237]]]]}},{"type":"Feature","properties":{"n":"建國十街","v":"伸港鄉","w":1.5,"c":1.5,"r":0},"geometry":{"type":"MultiPolygon","coordinates":[[[[120.480332,24.162834],[120.480319,24.162837],[120.48045,24.163336],[120.480463,24.163329],[120.480332,24.162834]]]]}},{"type":"Feature","properties":{"n":"建國十街","v":"伸港鄉","w":1.5,"c":1.5,"r":0},"geometry":{"type":"MultiPolygon","coordinates":[[[[120.480596,24.163965],[120.480617,24.163927],[120.480496,24.163444],[120.480475,24.163451],[120.480596,24.163965]]]]}},{"type":"Feature","properties":{"n":"什股六街","v":"伸港鄉","w":1.5,"c":1.5,"r":0},"geometry":{"type":"MultiPolygon","coordinates":[[[[120.480121,24.161601],[120.481036,24.161375],[120.48101,24.161348],[120.48015,24.161556],[120.480121,24.161601]]]]}},{"type":"Feature","properties":{"n":"什股九街","v":"伸港鄉","w":1.5,"c":1.5,"r":0},"geometry":{"type":"MultiPolygon","coordinates":[[[[120.480395,24.162689],[120.480421,24.162696],[120.481291,24.162505],[120.48131,24.162482],[120.480395,24.162689]]]]}},{"type":"Feature","properties":{"n":"什股九街","v":"伸港鄉","w":1.5,"c":1.5,"r":0},"geometry":{"type":"MultiPolygon","coordinates":[[[[120.480426,24.162806],[120.481343,24.162611],[120.481315,24.162594],[120.480442,24.162785],[120.480426,24.162806]]]]}},{"type":"Feature","properties":{"n":"什股十街","v":"伸港鄉","w":1.5,"c":1.5,"r":0},"geometry":{"type":"MultiPolygon","coordinates":[[[[120.481351,24.162613],[120.481335,24.162618],[120.481448,24.163108],[120.48144,24.163125],[120.480554,24.16331],[120.480583,24.163327],[120.481456,24.163139],[120.481469,24.163106],[120.481351,24.162613]]]]}},{"type":"Feature","properties":{"n":"什股十街","v":"伸港鄉","w":1.5,"c":1.5,"r":0},"geometry":{"type":"MultiPolygon","coordinates":[[[[120.480585,24.163435],[120.481492,24.163247],[120.481565,24.163187],[120.481576,24.163092],[120.481455,24.16259],[120.48144,24.162592],[120.48156,24.163094],[120.481544,24.16318],[120.481489,24.163223],[120.4806,24.163411],[120.480585,24.163435]]]]}},{"type":"Feature","properties":{"n":"建國十街","v":"伸港鄉","w":1.5,"c":1.5,"r":0},"geometry":{"type":"MultiPolygon","coordinates":[[[[120.480236,24.162084],[120.480244,24.162084],[120.480136,24.161601],[120.480126,24.161603],[120.480236,24.162084]]]]}},{"type":"Feature","properties":{"n":"建國十街","v":"伸港鄉","w":1.5,"c":1.5,"r":0},"geometry":{"type":"MultiPolygon","coordinates":[[[[120.480551,24.163313],[120.480562,24.163313],[120.480439,24.162801],[120.480426,24.162806],[120.480551,24.163313]]]]}},{"type":"Feature","properties":{"n":"建國十街","v":"伸港鄉","w":1.5,"c":1.5,"r":0},"geometry":{"type":"MultiPolygon","coordinates":[[[[120.480579,24.16344],[120.480708,24.163913],[120.480755,24.163932],[120.480603,24.16343],[120.480579,24.16344]]]]}},{"type":"Feature","properties":{"n":"建國九街","v":"伸港鄉","w":1.5,"c":1.5,"r":0},"geometry":{"type":"MultiPolygon","coordinates":[[[[120.481163,24.161883],[120.48104,24.161376],[120.481027,24.161381],[120.48115,24.161883],[120.481163,24.161883]]]]}},{"type":"Feature","properties":{"n":"建國九街","v":"伸港鄉","w":1.5,"c":1.5,"r":0},"geometry":{"type":"MultiPolygon","coordinates":[[[[120.481196,24.162009],[120.481183,24.162009],[120.481293,24.162485],[120.481309,24.16248],[120.481196,24.162009]]]]}},{"type":"Feature","properties":{"n":"建國九街","v":"伸港鄉","w":1.5,"c":1.5,"r":0},"geometry":{"type":"MultiPolygon","coordinates":[[[[120.481115,24.16135],[120.481402,24.16245],[120.481413,24.162445],[120.481131,24.16134],[120.481115,24.16135]]]]}},{"type":"Feature","properties":{"n":"什股六街","v":"伸港鄉","w":1.5,"c":1.5,"r":0},"geometry":{"type":"MultiPolygon","coordinates":[[[[120.481117,24.16135],[120.481588,24.161239],[120.481521,24.161225],[120.481132,24.161319],[120.481117,24.16135]]]]}},{"type":"Feature","properties":{"n":"建國一街","v":"伸港鄉","w":1.5,"c":1.5,"r":0},"geometry":{"type":"MultiPolygon","coordinates":[[[[120.481244,24.159228],[120.481225,24.15923],[120.481359,24.159706],[120.48138,24.159677],[120.481244,24.159228]]]]}},{"type":"Feature","properties":{"n":"什股九街","v":"伸港鄉","w":1,"c":1,"r":0},"geometry":{"type":"MultiPolygon","coordinates":[[[[120.481433,24.162594],[120.482037,24.162464],[120.481998,24.162445],[120.481456,24.162558],[120.481433,24.162594]]]]}},{"type":"Feature","properties":{"n":"什股九街","v":"伸港鄉","w":1,"c":1,"r":0},"geometry":{"type":"MultiPolygon","coordinates":[[[[120.481407,24.162455],[120.481444,24.162472],[120.481965,24.162357],[120.481994,24.162326],[120.481407,24.162455]]]]}},{"type":"Feature","properties":{"n":"長春路","v":"伸港鄉","w":1,"c":1,"r":0},"geometry":{"type":"MultiPolygon","coordinates":[[[[120.481996,24.162321],[120.48175,24.161372],[120.481683,24.161283],[120.481584,24.161237],[120.481581,24.161254],[120.481672,24.1613],[120.481734,24.161381],[120.481981,24.162326],[120.481996,24.162321]]]]}},{"type":"Feature","properties":{"n":"長春路","v":"伸港鄉","w":1,"c":1,"r":0},"geometry":{"type":"MultiPolygon","coordinates":[[[[120.482234,24.163602],[120.482295,24.163426],[120.482036,24.162469],[120.482018,24.162476],[120.482277,24.163428],[120.482219,24.163614],[120.482234,24.163602]]]]}},{"type":"Feature","properties":{"n":"長春路","v":"伸港鄉","w":1,"c":1,"r":0},"geometry":{"type":"MultiPolygon","coordinates":[[[[120.482182,24.162431],[120.482444,24.16339],[120.482581,24.163536],[120.482594,24.163527],[120.482457,24.163386],[120.482198,24.162431],[120.482182,24.162431]]]]}},{"type":"Feature","properties":{"n":"長春路","v":"伸港鄉","w":1,"c":1,"r":0},"geometry":{"type":"MultiPolygon","coordinates":[[[[120.482147,24.162276],[120.48216,24.162271],[120.481909,24.161262],[120.48192,24.161169],[120.481905,24.161164],[120.481894,24.161257],[120.481917,24.161344],[120.482147,24.162276]]]]}},{"type":"Feature","properties":{"n":"什股九街","v":"伸港鄉","w":1,"c":1,"r":0},"geometry":{"type":"MultiPolygon","coordinates":[[[[120.48219,24.162433],[120.48282,24.162291],[120.482779,24.16227],[120.482213,24.16239],[120.48219,24.162433]]]]}},{"type":"Feature","properties":{"n":"什股九街","v":"伸港鄉","w":1,"c":1,"r":0},"geometry":{"type":"MultiPolygon","coordinates":[[[[120.482146,24.162282],[120.482193,24.162304],[120.482748,24.162186],[120.482782,24.162148],[120.482146,24.162282]]]]}},{"type":"Feature","properties":{"n":"什股十一街","v":"伸港鄉","w":1,"c":1,"r":0},"geometry":{"type":"MultiPolygon","coordinates":[[[[120.482815,24.162296],[120.4828,24.162299],[120.482956,24.162894],[120.482972,24.162892],[120.482815,24.162296]]]]}},{"type":"Feature","properties":{"n":"什股十一街","v":"伸港鄉","w":1,"c":1,"r":0},"geometry":{"type":"MultiPolygon","coordinates":[[[[120.483019,24.162779],[120.483035,24.162777],[120.482901,24.162285],[120.482888,24.162287],[120.483019,24.162779]]]]}},{"type":"Feature","properties":{"n":"什股十一街","v":"伸港鄉","w":1,"c":1,"r":0},"geometry":{"type":"MultiPolygon","coordinates":[[[[120.483011,24.162889],[120.483021,24.162918],[120.484222,24.162664],[120.484181,24.162628],[120.483011,24.162889]]]]}},{"type":"Feature","properties":{"n":"什股十一街","v":"伸港鄉","w":1,"c":1,"r":0},"geometry":{"type":"MultiPolygon","coordinates":[[[[120.483019,24.162784],[120.483053,24.162803],[120.484163,24.162556],[120.484179,24.162528],[120.483019,24.162784]]]]}},{"type":"Feature","properties":{"n":"什股九街","v":"伸港鄉","w":1,"c":1,"r":0},"geometry":{"type":"MultiPolygon","coordinates":[[[[120.482883,24.162284],[120.48405,24.162028],[120.484017,24.161994],[120.482912,24.162239],[120.482883,24.162284]]]]}},{"type":"Feature","properties":{"n":"什股九街","v":"伸港鄉","w":1,"c":1,"r":0},"geometry":{"type":"MultiPolygon","coordinates":[[[[120.482847,24.162136],[120.482873,24.162151],[120.483968,24.161918],[120.484012,24.161885],[120.482847,24.162136]]]]}},{"type":"Feature","properties":{"n":"什股九街","v":"伸港鄉","w":1,"c":1,"r":0},"geometry":{"type":"MultiPolygon","coordinates":[[[[120.484127,24.162008],[120.485305,24.161744],[120.485282,24.161725],[120.484138,24.161972],[120.484127,24.162008]]]]}},{"type":"Feature","properties":{"n":"什股九街","v":"伸港鄉","w":1,"c":1,"r":0},"geometry":{"type":"MultiPolygon","coordinates":[[[[120.484086,24.161848],[120.484125,24.161869],[120.484167,24.161882],[120.485222,24.161644],[120.485262,24.161603],[120.48527,24.161572],[120.484086,24.161848]]]]}},{"type":"Feature","properties":{"n":"什股十一街","v":"伸港鄉","w":1,"c":1,"r":0},"geometry":{"type":"MultiPolygon","coordinates":[[[[120.48429,24.162662],[120.484295,24.162657],[120.485502,24.162375],[120.485549,24.162303],[120.485536,24.162296],[120.485497,24.162348],[120.484335,24.1626],[120.484298,24.162624],[120.48429,24.162662]]]]}},{"type":"Feature","properties":{"n":"什股十一街","v":"伸港鄉","w":1,"c":1,"r":0},"geometry":{"type":"MultiPolygon","coordinates":[[[[120.484254,24.162523],[120.484317,24.162543],[120.485411,24.1623],[120.485437,24.16226],[120.484254,24.162523]]]]}},{"type":"Feature","properties":{"n":"什股十一街","v":"伸港鄉","w":1,"c":1,"r":0},"geometry":{"type":"MultiPolygon","coordinates":[[[[120.485433,24.162257],[120.485305,24.161746],[120.485289,24.16175],[120.485423,24.162264],[120.485433,24.162257]]]]}},{"type":"Feature","properties":{"n":"什股十一街","v":"伸港鄉","w":1,"c":1,"r":0},"geometry":{"type":"MultiPolygon","coordinates":[[[[120.485529,24.162298],[120.485542,24.162293],[120.485404,24.161729],[120.485386,24.161734],[120.485529,24.162298]]]]}},{"type":"Feature","properties":{"n":"什股九街","v":"伸港鄉","w":1,"c":1,"r":0},"geometry":{"type":"MultiPolygon","coordinates":[[[[120.485384,24.161734],[120.485984,24.161602],[120.485934,24.161573],[120.485416,24.161684],[120.485384,24.161734]]]]}},{"type":"Feature","properties":{"n":"什股九街","v":"伸港鄉","w":1,"c":1,"r":0},"geometry":{"type":"MultiPolygon","coordinates":[[[[120.485342,24.161577],[120.485394,24.161611],[120.485902,24.1615],[120.485941,24.161467],[120.485939,24.161436],[120.485342,24.161577]]]]}},{"type":"Feature","properties":{"n":"建國二街","v":"伸港鄉","w":1,"c":1,"r":0},"geometry":{"type":"MultiPolygon","coordinates":[[[[120.486225,24.162753],[120.486259,24.162686],[120.485985,24.161606],[120.485946,24.161613],[120.486225,24.162753]]]]}},{"type":"Feature","properties":{"n":"建國七街","v":"伸港鄉","w":1,"c":1,"r":0},"geometry":{"type":"MultiPolygon","coordinates":[[[[120.48429,24.163166],[120.484335,24.163137],[120.484225,24.162666],[120.484196,24.162674],[120.48429,24.163166]]]]}},{"type":"Feature","properties":{"n":"建國七街","v":"伸港鄉","w":1,"c":1,"r":0},"geometry":{"type":"MultiPolygon","coordinates":[[[[120.484295,24.162662],[120.484405,24.163092],[120.484444,24.163124],[120.484501,24.163128],[120.484501,24.163119],[120.484449,24.163109],[120.484421,24.163083],[120.48431,24.162657],[120.484295,24.162662]]]]}},{"type":"Feature","properties":{"n":"建國一街","v":"伸港鄉","w":1,"c":1,"r":0},"geometry":{"type":"MultiPolygon","coordinates":[[[[120.485184,24.160959],[120.485725,24.160655],[120.485696,24.160636],[120.485657,24.16065],[120.485198,24.160907],[120.485187,24.160954],[120.485184,24.160959]]]]}},{"type":"Feature","properties":{"n":"建國一街","v":"伸港鄉","w":1,"c":1,"r":0},"geometry":{"type":"MultiPolygon","coordinates":[[[[120.485114,24.160995],[120.48508,24.160978],[120.484078,24.161524],[120.484039,24.161574],[120.484031,24.161615],[120.485114,24.160995]]]]}},{"type":"Feature","properties":{"n":"建國一街","v":"伸港鄉","w":1,"c":1,"r":0},"geometry":{"type":"MultiPolygon","coordinates":[[[[120.485279,24.16069],[120.48537,24.160699],[120.485665,24.160526],[120.485626,24.160481],[120.485279,24.16069]]]]}},{"type":"Feature","properties":{"n":"建國一街","v":"伸港鄉","w":1,"c":1,"r":0},"geometry":{"type":"MultiPolygon","coordinates":[[[[120.484627,24.161046],[120.484718,24.161063],[120.485177,24.160809],[120.48519,24.160735],[120.484627,24.161046]]]]}},{"type":"Feature","properties":{"n":"建國一街","v":"伸港鄉","w":1,"c":1,"r":0},"geometry":{"type":"MultiPolygon","coordinates":[[[[120.484556,24.161096],[120.483995,24.161421],[120.484079,24.161409],[120.484209,24.161362],[120.484548,24.161163],[120.484556,24.161096]]]]}},{"type":"Feature","properties":{"n":"建國二街","v":"伸港鄉","w":1,"c":1,"r":0},"geometry":{"type":"MultiPolygon","coordinates":[[[[120.485936,24.161434],[120.485752,24.160688],[120.485731,24.160654],[120.485715,24.160659],[120.485739,24.160695],[120.485915,24.161438],[120.485936,24.161434]]]]}},{"type":"Feature","properties":{"n":"建國五街","v":"伸港鄉","w":1,"c":1,"r":0},"geometry":{"type":"MultiPolygon","coordinates":[[[[120.485336,24.161576],[120.485354,24.161571],[120.485203,24.160952],[120.485187,24.160959],[120.485336,24.161576]]]]}},{"type":"Feature","properties":{"n":"建國五街","v":"伸港鄉","w":1,"c":1,"r":0},"geometry":{"type":"MultiPolygon","coordinates":[[[[120.485265,24.161576],[120.485119,24.160992],[120.485106,24.161004],[120.485247,24.161576],[120.485265,24.161576]]]]}},{"type":"Feature","properties":{"n":"建國七街","v":"伸港鄉","w":1,"c":1,"r":0},"geometry":{"type":"MultiPolygon","coordinates":[[[[120.48426,24.162523],[120.484268,24.162521],[120.484143,24.162004],[120.484132,24.162009],[120.48426,24.162523]]]]}},{"type":"Feature","properties":{"n":"建國七街","v":"伸港鄉","w":1,"c":1,"r":0},"geometry":{"type":"MultiPolygon","coordinates":[[[[120.484177,24.16253],[120.484057,24.162033],[120.484041,24.162035],[120.484159,24.162528],[120.484177,24.16253]]]]}},{"type":"Feature","properties":{"n":"建國七街","v":"伸港鄉","w":1,"c":1,"r":0},"geometry":{"type":"MultiPolygon","coordinates":[[[[120.484085,24.161851],[120.4841,24.161842],[120.484041,24.161615],[120.484028,24.161619],[120.484085,24.161851]]]]}},{"type":"Feature","properties":{"n":"建國七街","v":"伸港鄉","w":1,"c":1,"r":0},"geometry":{"type":"MultiPolygon","coordinates":[[[[120.484006,24.161887],[120.483945,24.161602],[120.483896,24.16154],[120.483885,24.161552],[120.483935,24.161612],[120.483993,24.161889],[120.484006,24.161887]]]]}},{"type":"Feature","properties":{"n":"建國一街","v":"伸港鄉","w":1,"c":1,"r":0},"geometry":{"type":"MultiPolygon","coordinates":[[[[120.483896,24.16154],[120.483691,24.161399],[120.483639,24.161384],[120.483602,24.161384],[120.483883,24.161554],[120.483896,24.16154]]]]}},{"type":"Feature","properties":{"n":"建國一街","v":"伸港鄉","w":1,"c":1,"r":0},"geometry":{"type":"MultiPolygon","coordinates":[[[[120.483475,24.16134],[120.483496,24.161257],[120.483013,24.160911],[120.482956,24.160909],[120.482919,24.160956],[120.48293,24.160964],[120.482964,24.160923],[120.483008,24.160926],[120.483483,24.161264],[120.483462,24.161328],[120.483475,24.16134]]]]}},{"type":"Feature","properties":{"n":"建國八街","v":"伸港鄉","w":1,"c":1,"r":0},"geometry":{"type":"MultiPolygon","coordinates":[[[[120.482775,24.162152],[120.482552,24.161284],[120.482887,24.160869],[120.482874,24.160859],[120.482521,24.161281],[120.482752,24.162151],[120.482775,24.162152]]]]}},{"type":"Feature","properties":{"n":"建國八街","v":"伸港鄉","w":1,"c":1,"r":0},"geometry":{"type":"MultiPolygon","coordinates":[[[[120.482845,24.162135],[120.482858,24.16213],[120.48273,24.161614],[120.482777,24.161569],[120.482767,24.161557],[120.482717,24.161607],[120.482845,24.162135]]]]}},{"type":"Feature","properties":{"n":"建國八街","v":"伸港鄉","w":1,"c":1,"r":0},"geometry":{"type":"MultiPolygon","coordinates":[[[[120.482733,24.161506],[120.482741,24.161494],[120.482694,24.16147],[120.482656,24.161291],[120.482928,24.16097],[120.482913,24.16096],[120.482641,24.161281],[120.482676,24.161473],[120.482733,24.161506]]]]}},{"type":"Feature","properties":{"n":"建國一街","v":"伸港鄉","w":1,"c":1,"r":0},"geometry":{"type":"MultiPolygon","coordinates":[[[[120.483994,24.161426],[120.483999,24.161416],[120.483846,24.16137],[120.48269,24.160564],[120.482639,24.160411],[120.482621,24.160411],[120.482649,24.160516],[120.482677,24.160571],[120.483833,24.16138],[120.483994,24.161426]]]]}},{"type":"Feature","properties":{"n":"長春路","v":"伸港鄉","w":1,"c":1,"r":0},"geometry":{"type":"MultiPolygon","coordinates":[[[[120.483477,24.159399],[120.483907,24.158873],[120.483836,24.158875],[120.483462,24.159337],[120.483477,24.159399]]]]}},{"type":"Feature","properties":{"n":"長春路","v":"伸港鄉","w":1,"c":1,"r":0},"geometry":{"type":"MultiPolygon","coordinates":[[[[120.48303,24.159902],[120.483417,24.159445],[120.48335,24.159454],[120.483025,24.15983],[120.48303,24.159902]]]]}},{"type":"Feature","properties":{"n":"長春路","v":"伸港鄉","w":1,"c":1,"r":0},"geometry":{"type":"MultiPolygon","coordinates":[[[[120.482988,24.15995],[120.482928,24.159952],[120.482664,24.160269],[120.482622,24.160412],[120.482645,24.160412],[120.48268,24.160276],[120.482928,24.159978],[120.482975,24.159966],[120.482988,24.15995]]]]}},{"type":"Feature","properties":{"n":"長春路","v":"伸港鄉","w":1,"c":1,"r":0},"geometry":{"type":"MultiPolygon","coordinates":[[[[120.481627,24.161024],[120.48168,24.160995],[120.482072,24.160559],[120.482119,24.160481],[120.482125,24.160411],[120.481627,24.161024]]]]}},{"type":"Feature","properties":{"n":"建國一街","v":"伸港鄉","w":1,"c":1,"r":0},"geometry":{"type":"MultiPolygon","coordinates":[[[[120.481393,24.159824],[120.48139,24.159833],[120.481481,24.159853],[120.482068,24.16028],[120.482119,24.160407],[120.48213,24.160385],[120.482086,24.160275],[120.481489,24.159838],[120.481393,24.159824]]]]}},{"type":"Feature","properties":{"n":"長春路","v":"伸港鄉","w":0,"c":1,"r":0},"geometry":{"type":"MultiPolygon","coordinates":[[[[120.481899,24.161162],[120.481922,24.161162],[120.482404,24.160583],[120.482281,24.16064],[120.481933,24.161069],[120.481899,24.161162]]]]}},{"type":"Feature","properties":{"n":"建國一街","v":"伸港鄉","w":1,"c":1,"r":0},"geometry":{"type":"MultiPolygon","coordinates":[[[[120.482884,24.160871],[120.482892,24.160836],[120.482604,24.160617],[120.482516,24.160588],[120.482396,24.160588],[120.482391,24.160609],[120.482513,24.160612],[120.482586,24.160641],[120.482882,24.160864],[120.482884,24.160871]]]]}},{"type":"Feature","properties":{"n":"長春路","v":"伸港鄉","w":1,"c":1,"r":0},"geometry":{"type":"MultiPolygon","coordinates":[[[[120.48312,24.159138],[120.483188,24.159126],[120.483565,24.158666],[120.483555,24.158616],[120.48312,24.159138]]]]}},{"type":"Feature","properties":{"n":"長春路","v":"伸港鄉","w":1,"c":1,"r":0},"geometry":{"type":"MultiPolygon","coordinates":[[[[120.482702,24.159648],[120.48277,24.159641],[120.483089,24.159262],[120.483084,24.159197],[120.482702,24.159648]]]]}},{"type":"Feature","properties":{"n":"長春路","v":"伸港鄉","w":1,"c":1,"r":0},"geometry":{"type":"MultiPolygon","coordinates":[[[[120.482652,24.159707],[120.482647,24.159702],[120.482637,24.159702],[120.482647,24.159755],[120.482382,24.160079],[120.482283,24.160136],[120.482197,24.160143],[120.482189,24.160162],[120.482296,24.160153],[120.482398,24.160089],[120.482662,24.159762],[120.482652,24.159707]]]]}},{"type":"Feature","properties":{"n":"建國一街","v":"伸港鄉","w":1,"c":1,"r":0},"geometry":{"type":"MultiPolygon","coordinates":[[[[120.482184,24.16016],[120.482195,24.160148],[120.482096,24.160123],[120.481592,24.159766],[120.481527,24.159691],[120.481463,24.159555],[120.481365,24.159206],[120.48135,24.159208],[120.481447,24.159557],[120.481509,24.159696],[120.481582,24.159782],[120.48208,24.160135],[120.482184,24.16016]]]]}},{"type":"Feature","properties":{"n":"建國路","v":"伸港鄉","w":1.5,"c":1.5,"r":0},"geometry":{"type":"MultiPolygon","coordinates":[[[[120.48577,24.159973],[120.486033,24.160146],[120.486043,24.160137],[120.485789,24.159959],[120.48577,24.159973]]]]}},{"type":"Feature","properties":{"n":"建國一街","v":"伸港鄉","w":1.5,"c":1.5,"r":0},"geometry":{"type":"MultiPolygon","coordinates":[[[[120.486035,24.160149],[120.486191,24.160168],[120.486288,24.160154],[120.486374,24.160131],[120.486528,24.159997],[120.486567,24.159871],[120.486581,24.159811],[120.486565,24.159811],[120.486515,24.159985],[120.486371,24.160119],[120.486194,24.160156],[120.486038,24.160137],[120.486035,24.160149]]]]}},{"type":"Feature","properties":{"n":"中興路二段","v":"伸港鄉","w":1.5,"c":1.5,"r":0},"geometry":{"type":"MultiPolygon","coordinates":[[[[120.486577,24.159812],[120.486373,24.158581],[120.486274,24.157434],[120.486241,24.15744],[120.486334,24.158605],[120.486544,24.159818],[120.486577,24.159812]]]]}},{"type":"Feature","properties":{"n":"建國路","v":"伸港鄉","w":1.5,"c":1.5,"r":0},"geometry":{"type":"MultiPolygon","coordinates":[[[[120.485639,24.159893],[120.485672,24.159875],[120.483575,24.158345],[120.48353,24.158351],[120.485639,24.159893]]]]}},{"type":"Feature","properties":{"n":"中正路","v":"伸港鄉","w":1,"c":1,"r":0},"geometry":{"type":"MultiPolygon","coordinates":[[[[120.484999,24.146772],[120.48501,24.146772],[120.485082,24.146301],[120.485069,24.146299],[120.484999,24.146772]]]]}},{"type":"Feature","properties":{"n":"建興路","v":"伸港鄉","w":1.5,"c":1.5,"r":0},"geometry":{"type":"MultiPolygon","coordinates":[[[[120.492315,24.145297],[120.492097,24.144616],[120.491838,24.144223],[120.491701,24.144108],[120.491558,24.144017],[120.491001,24.143852],[120.49079,24.143847],[120.490795,24.143866],[120.490996,24.143871],[120.491555,24.14404],[120.491828,24.144237],[120.492081,24.144635],[120.492292,24.145326],[120.49231,24.145307],[120.492315,24.145297]]]]}},{"type":"Feature","properties":{"n":"美港公路","v":"伸港鄉","w":2,"c":2,"r":0},"geometry":{"type":"MultiPolygon","coordinates":[[[[120.496342,24.149951],[120.496355,24.149903],[120.491577,24.149876],[120.490509,24.150171],[120.486622,24.152033],[120.483729,24.152764],[120.483729,24.152823],[120.486609,24.152081],[120.490548,24.150207],[120.491564,24.149947],[120.496342,24.149951]]]]}},{"type":"Feature","properties":{"n":"美港公路","v":"伸港鄉","w":2,"c":2,"r":0},"geometry":{"type":"MultiPolygon","coordinates":[[[[120.483651,24.152489],[120.483663,24.152536],[120.486217,24.151972],[120.487769,24.151356],[120.490299,24.150014],[120.491264,24.149791],[120.491798,24.149733],[120.494752,24.149766],[120.49638,24.1497],[120.49638,24.149652],[120.494805,24.149719],[120.491772,24.149673],[120.491225,24.149743],[120.4903,24.149979],[120.489439,24.150394],[120.487717,24.151308],[120.486178,24.151924],[120.485618,24.152077],[120.483651,24.152489]]]]}},{"type":"Feature","properties":{"n":"忠孝東街","v":"伸港鄉","w":2,"c":2,"r":0},"geometry":{"type":"MultiPolygon","coordinates":[[[[120.487395,24.148466],[120.487398,24.148478],[120.487789,24.148403],[120.487786,24.148389],[120.487395,24.148466]]]]}},{"type":"Feature","properties":{"n":"大同十二街","v":"伸港鄉","w":1,"c":1,"r":0},"geometry":{"type":"MultiPolygon","coordinates":[[[[120.486744,24.158239],[120.486744,24.158255],[120.48859,24.157683],[120.488569,24.157676],[120.48683,24.158198],[120.486744,24.158239]]]]}},{"type":"Feature","properties":{"n":"大同十二街","v":"伸港鄉","w":1,"c":1,"r":0},"geometry":{"type":"MultiPolygon","coordinates":[[[[120.486685,24.158047],[120.486797,24.158045],[120.487337,24.157882],[120.487376,24.157835],[120.486685,24.158047]]]]}},{"type":"Feature","properties":{"n":"大同十二街","v":"伸港鄉","w":1,"c":1,"r":0},"geometry":{"type":"MultiPolygon","coordinates":[[[[120.487449,24.157809],[120.487509,24.157833],[120.488072,24.157663],[120.488111,24.157605],[120.487449,24.157809]]]]}},{"type":"Feature","properties":{"n":"大同十二街","v":"伸港鄉","w":1,"c":1,"r":0},"geometry":{"type":"MultiPolygon","coordinates":[[[[120.488174,24.157591],[120.488231,24.157627],[120.488406,24.157571],[120.488458,24.157532],[120.4885,24.157487],[120.488471,24.157497],[120.4884,24.157559],[120.488236,24.157613],[120.488189,24.157587],[120.488174,24.157591]]]]}},{"type":"Feature","properties":{"n":"長春路","v":"伸港鄉","w":1,"c":1,"r":0},"geometry":{"type":"MultiPolygon","coordinates":[[[[120.486467,24.157511],[120.486475,24.157519],[120.486548,24.157459],[120.486681,24.157424],[120.487187,24.157151],[120.487156,24.157141],[120.486919,24.157279],[120.486676,24.1574],[120.48653,24.157445],[120.486467,24.157511]]]]}},{"type":"Feature","properties":{"n":"長春路","v":"伸港鄉","w":1,"c":1,"r":0},"geometry":{"type":"MultiPolygon","coordinates":[[[[120.487271,24.157115],[120.487843,24.156666],[120.487814,24.156658],[120.487282,24.157053],[120.487271,24.157115]]]]}},{"type":"Feature","properties":{"n":"長春路","v":"伸港鄉","w":1,"c":1,"r":0},"geometry":{"type":"MultiPolygon","coordinates":[[[[120.487932,24.156601],[120.488394,24.156233],[120.48835,24.15623],[120.488266,24.156278],[120.487953,24.156542],[120.487932,24.156601]]]]}},{"type":"Feature","properties":{"n":"長春路","v":"伸港鄉","w":1,"c":1,"r":0},"geometry":{"type":"MultiPolygon","coordinates":[[[[120.486475,24.157108],[120.486517,24.157127],[120.486833,24.156973],[120.487721,24.156316],[120.487749,24.15625],[120.486817,24.156958],[120.486515,24.157108],[120.486494,24.157101],[120.486475,24.157108]]]]}},{"type":"Feature","properties":{"n":"長春路","v":"伸港鄉","w":1,"c":1,"r":0},"geometry":{"type":"MultiPolygon","coordinates":[[[[120.487812,24.156181],[120.48787,24.156176],[120.488387,24.155762],[120.488439,24.155695],[120.488447,24.155669],[120.487812,24.156181]]]]}},{"type":"Feature","properties":{"n":"中興五街","v":"伸港鄉","w":1,"c":1,"r":0},"geometry":{"type":"MultiPolygon","coordinates":[[[[120.488651,24.15835],[120.488675,24.15831],[120.488589,24.157683],[120.488576,24.157693],[120.488651,24.15835]]]]}},{"type":"Feature","properties":{"n":"中興五街","v":"伸港鄉","w":1,"c":1,"r":0},"geometry":{"type":"MultiPolygon","coordinates":[[[[120.488488,24.157497],[120.488524,24.157459],[120.488543,24.157385],[120.488544,24.157177],[120.488694,24.156829],[120.488702,24.156757],[120.488586,24.156327],[120.488534,24.156267],[120.488477,24.156243],[120.48842,24.156228],[120.488397,24.15623],[120.488415,24.156245],[120.488482,24.156257],[120.488563,24.156329],[120.488683,24.156759],[120.48867,24.15684],[120.488528,24.15717],[120.488527,24.157385],[120.488477,24.157492],[120.488488,24.157497]]]]}},{"type":"Feature","properties":{"n":"中興五街","v":"伸港鄉","w":1,"c":1,"r":0},"geometry":{"type":"MultiPolygon","coordinates":[[[[120.488965,24.15826],[120.488976,24.15826],[120.488898,24.157589],[120.488884,24.157625],[120.488965,24.15826]]]]}},{"type":"Feature","properties":{"n":"中興五街","v":"伸港鄉","w":1,"c":1,"r":0},"geometry":{"type":"MultiPolygon","coordinates":[[[[120.489016,24.157442],[120.489013,24.15743],[120.488922,24.157389],[120.488858,24.157315],[120.488835,24.157226],[120.488979,24.156873],[120.489003,24.156739],[120.488821,24.155965],[120.488876,24.155862],[120.488866,24.155857],[120.488801,24.155965],[120.488806,24.156022],[120.488985,24.156739],[120.488961,24.156868],[120.488822,24.157221],[120.488837,24.157307],[120.488904,24.157401],[120.489016,24.157442]]]]}},{"type":"Feature","properties":{"n":"長春路","v":"伸港鄉","w":1,"c":1,"r":0},"geometry":{"type":"MultiPolygon","coordinates":[[[[120.488438,24.155514],[120.488041,24.153757],[120.487963,24.153691],[120.487937,24.153727],[120.488002,24.153787],[120.488405,24.155508],[120.488438,24.155514]]]]}},{"type":"Feature","properties":{"n":"長春路","v":"伸港鄉","w":1,"c":1,"r":0},"geometry":{"type":"MultiPolygon","coordinates":[[[[120.48838,24.154205],[120.488383,24.154191],[120.488349,24.154162],[120.488195,24.153595],[120.488182,24.153454],[120.488191,24.153292],[120.488217,24.153223],[120.488199,24.153218],[120.488173,24.153292],[120.488167,24.153449],[120.488177,24.153595],[120.488331,24.154169],[120.48838,24.154205]]]]}},{"type":"Feature","properties":{"n":"長春路","v":"伸港鄉","w":1,"c":1,"r":0},"geometry":{"type":"MultiPolygon","coordinates":[[[[120.488727,24.155631],[120.488738,24.155622],[120.48868,24.155571],[120.488655,24.155509],[120.488381,24.154307],[120.488352,24.154335],[120.488621,24.155502],[120.488665,24.155581],[120.488727,24.155631]]]]}},{"type":"Feature","properties":{"n":"大同五街","v":"伸港鄉","w":1,"c":1,"r":0},"geometry":{"type":"MultiPolygon","coordinates":[[[[120.488384,24.15421],[120.490521,24.153734],[120.49056,24.153701],[120.488384,24.154193],[120.488384,24.15421]]]]}},{"type":"Feature","properties":{"n":"大同五街","v":"伸港鄉","w":1,"c":1,"r":0},"geometry":{"type":"MultiPolygon","coordinates":[[[[120.488381,24.15431],[120.488931,24.154188],[120.488897,24.154173],[120.488399,24.154279],[120.488381,24.15431]]]]}},{"type":"Feature","properties":{"n":"大同五街","v":"伸港鄉","w":1,"c":1,"r":0},"geometry":{"type":"MultiPolygon","coordinates":[[[[120.489036,24.154185],[120.490587,24.153829],[120.490548,24.153814],[120.489065,24.154144],[120.489036,24.154185]]]]}},{"type":"Feature","properties":{"n":"大同五街","v":"伸港鄉","w":1,"c":1,"r":0},"geometry":{"type":"MultiPolygon","coordinates":[[[[120.490687,24.153808],[120.492021,24.153509],[120.491995,24.15349],[120.490711,24.15377],[120.490687,24.153808]]]]}},{"type":"Feature","properties":{"n":"大同五街","v":"伸港鄉","w":1,"c":1,"r":0},"geometry":{"type":"MultiPolygon","coordinates":[[[[120.490662,24.153683],[120.490714,24.153691],[120.491985,24.153411],[120.492001,24.15338],[120.490662,24.153683]]]]}},{"type":"Feature","properties":{"n":"大同五街","v":"伸港鄉","w":1,"c":1,"r":0},"geometry":{"type":"MultiPolygon","coordinates":[[[[120.492115,24.153466],[120.49212,24.153497],[120.493986,24.153085],[120.493955,24.153061],[120.492115,24.153466]]]]}},{"type":"Feature","properties":{"n":"大同五街","v":"伸港鄉","w":1,"c":1,"r":0},"geometry":{"type":"MultiPolygon","coordinates":[[[[120.492095,24.15339],[120.493637,24.153044],[120.493674,24.153003],[120.49209,24.153366],[120.492095,24.15339]]]]}},{"type":"Feature","properties":{"n":"大同五街","v":"伸港鄉","w":1,"c":1,"r":0},"geometry":{"type":"MultiPolygon","coordinates":[[[[120.493757,24.152984],[120.493809,24.153004],[120.493966,24.152963],[120.494013,24.152916],[120.493757,24.152984]]]]}},{"type":"Feature","properties":{"n":"中興七街","v":"伸港鄉","w":1,"c":1,"r":0},"geometry":{"type":"MultiPolygon","coordinates":[[[[120.490553,24.153706],[120.490169,24.152068],[120.49013,24.15208],[120.490527,24.153706],[120.490553,24.153706]]]]}},{"type":"Feature","properties":{"n":"中興七街","v":"伸港鄉","w":1,"c":1,"r":0},"geometry":{"type":"MultiPolygon","coordinates":[[[[120.490659,24.153683],[120.490677,24.153681],[120.490557,24.15317],[120.490538,24.153196],[120.490659,24.153683]]]]}},{"type":"Feature","properties":{"n":"中興七街","v":"伸港鄉","w":1,"c":1,"r":0},"geometry":{"type":"MultiPolygon","coordinates":[[[[120.490502,24.153076],[120.490531,24.153081],[120.490429,24.15266],[120.49041,24.152684],[120.490502,24.153076]]]]}},{"type":"Feature","properties":{"n":"中興七街","v":"伸港鄉","w":1,"c":1,"r":0},"geometry":{"type":"MultiPolygon","coordinates":[[[[120.4904,24.152579],[120.490413,24.152581],[120.490303,24.152084],[120.490277,24.152127],[120.490382,24.152567],[120.4904,24.152579]]]]}},{"type":"Feature","properties":{"n":"大同十二街","v":"伸港鄉","w":1,"c":1,"r":0},"geometry":{"type":"MultiPolygon","coordinates":[[[[120.489011,24.157441],[120.489084,24.157443],[120.48965,24.157326],[120.489679,24.157297],[120.489011,24.157441]]]]}},{"type":"Feature","properties":{"n":"大同十二街","v":"伸港鄉","w":1,"c":1,"r":0},"geometry":{"type":"MultiPolygon","coordinates":[[[[120.489775,24.157285],[120.489827,24.15729],[120.491289,24.156994],[120.491323,24.156959],[120.489775,24.157285]]]]}},{"type":"Feature","properties":{"n":"大同十二街","v":"伸港鄉","w":1,"c":1,"r":0},"geometry":{"type":"MultiPolygon","coordinates":[[[[120.491435,24.15694],[120.491479,24.156957],[120.492459,24.15675],[120.492537,24.156697],[120.491435,24.15694]]]]}},{"type":"Feature","properties":{"n":"大同十二街","v":"伸港鄉","w":1,"c":1,"r":0},"geometry":{"type":"MultiPolygon","coordinates":[[[[120.492727,24.156691],[120.492761,24.15671],[120.493715,24.156525],[120.493749,24.156491],[120.492727,24.156691]]]]}},{"type":"Feature","properties":{"n":"中興六街","v":"伸港鄉","w":1,"c":1,"r":0},"geometry":{"type":"MultiPolygon","coordinates":[[[[120.489672,24.157301],[120.489685,24.157272],[120.489324,24.155778],[120.489288,24.155744],[120.489672,24.157298],[120.489672,24.157301]]]]}},{"type":"Feature","properties":{"n":"中興六街","v":"伸港鄉","w":1,"c":1,"r":0},"geometry":{"type":"MultiPolygon","coordinates":[[[[120.48924,24.155567],[120.489259,24.155515],[120.488936,24.154188],[120.488912,24.154197],[120.48924,24.155567]]]]}},{"type":"Feature","properties":{"n":"大同十一街","v":"伸港鄉","w":1,"c":1,"r":0},"geometry":{"type":"MultiPolygon","coordinates":[[[[120.489656,24.156865],[120.491238,24.156548],[120.491191,24.156524],[120.489693,24.15683],[120.489656,24.156865]]]]}},{"type":"Feature","properties":{"n":"大同十一街","v":"伸港鄉","w":1,"c":1,"r":0},"geometry":{"type":"MultiPolygon","coordinates":[[[[120.489631,24.156753],[120.489675,24.15677],[120.491173,24.156459],[120.49121,24.156429],[120.489631,24.156753]]]]}},{"type":"Feature","properties":{"n":"大同十一街","v":"伸港鄉","w":1,"c":1,"r":0},"geometry":{"type":"MultiPolygon","coordinates":[[[[120.491329,24.156534],[120.492549,24.15628],[120.492504,24.156254],[120.491368,24.156484],[120.491329,24.156534]]]]}},{"type":"Feature","properties":{"n":"大同十一街","v":"伸港鄉","w":1,"c":1,"r":0},"geometry":{"type":"MultiPolygon","coordinates":[[[[120.492658,24.156257],[120.493779,24.156021],[120.493742,24.155997],[120.49271,24.156211],[120.492658,24.156257]]]]}},{"type":"Feature","properties":{"n":"大同十一街","v":"伸港鄉","w":1,"c":1,"r":0},"geometry":{"type":"MultiPolygon","coordinates":[[[[120.491301,24.156406],[120.49135,24.156425],[120.492492,24.156193],[120.492531,24.156152],[120.491301,24.156406]]]]}},{"type":"Feature","properties":{"n":"大同十一街","v":"伸港鄉","w":1,"c":1,"r":0},"geometry":{"type":"MultiPolygon","coordinates":[[[[120.492659,24.156112],[120.492705,24.156136],[120.493737,24.155922],[120.493782,24.155891],[120.492659,24.156112]]]]}},{"type":"Feature","properties":{"n":"大同十街","v":"伸港鄉","w":1,"c":1,"r":0},"geometry":{"type":"MultiPolygon","coordinates":[[[[120.489533,24.156329],[120.491102,24.156002],[120.491055,24.155987],[120.489586,24.156293],[120.489533,24.156329]]]]}},{"type":"Feature","properties":{"n":"大同十街","v":"伸港鄉","w":1,"c":1,"r":0},"geometry":{"type":"MultiPolygon","coordinates":[[[[120.489505,24.156221],[120.489547,24.156228],[120.491045,24.155923],[120.491074,24.155887],[120.489505,24.156221]]]]}},{"type":"Feature","properties":{"n":"大同十街","v":"伸港鄉","w":1,"c":1,"r":0},"geometry":{"type":"MultiPolygon","coordinates":[[[[120.491198,24.155983],[120.492465,24.15572],[120.492423,24.155705],[120.491238,24.15595],[120.491198,24.155983]]]]}},{"type":"Feature","properties":{"n":"大同十街","v":"伸港鄉","w":1,"c":1,"r":0},"geometry":{"type":"MultiPolygon","coordinates":[[[[120.491175,24.155868],[120.49122,24.155885],[120.492408,24.155641],[120.492452,24.155605],[120.491175,24.155868]]]]}},{"type":"Feature","properties":{"n":"大同十街","v":"伸港鄉","w":1,"c":1,"r":0},"geometry":{"type":"MultiPolygon","coordinates":[[[[120.492585,24.155708],[120.493817,24.155454],[120.493778,24.155425],[120.492629,24.155668],[120.492585,24.155708]]]]}},{"type":"Feature","properties":{"n":"大同十街","v":"伸港鄉","w":1,"c":1,"r":0},"geometry":{"type":"MultiPolygon","coordinates":[[[[120.492583,24.155577],[120.492624,24.155589],[120.492655,24.155586],[120.493799,24.155349],[120.493833,24.155316],[120.492583,24.155577]]]]}},{"type":"Feature","properties":{"n":"大同九街","v":"伸港鄉","w":1,"c":1,"r":0},"geometry":{"type":"MultiPolygon","coordinates":[[[[120.488864,24.155858],[120.489283,24.155738],[120.489221,24.155737],[120.488931,24.155811],[120.488864,24.155858]]]]}},{"type":"Feature","properties":{"n":"大同九街","v":"伸港鄉","w":1,"c":1,"r":0},"geometry":{"type":"MultiPolygon","coordinates":[[[[120.488729,24.155633],[120.48882,24.155655],[120.48888,24.155655],[120.489208,24.155587],[120.489245,24.155563],[120.488877,24.155638],[120.48882,24.155641],[120.488739,24.155624],[120.488729,24.155633]]]]}},{"type":"Feature","properties":{"n":"大同九街","v":"伸港鄉","w":1,"c":1,"r":0},"geometry":{"type":"MultiPolygon","coordinates":[[[[120.489403,24.155733],[120.490959,24.155378],[120.49093,24.155359],[120.489445,24.15569],[120.489403,24.155733]]]]}},{"type":"Feature","properties":{"n":"大同九街","v":"伸港鄉","w":1,"c":1,"r":0},"geometry":{"type":"MultiPolygon","coordinates":[[[[120.489399,24.155516],[120.489445,24.155533],[120.490834,24.155234],[120.490876,24.15521],[120.4909,24.155179],[120.489399,24.155516]]]]}},{"type":"Feature","properties":{"n":"大同九街","v":"伸港鄉","w":1,"c":1,"r":0},"geometry":{"type":"MultiPolygon","coordinates":[[[[120.491052,24.155373],[120.491068,24.155381],[120.491089,24.155345],[120.49216,24.155107],[120.492225,24.15511],[120.49228,24.155129],[120.492332,24.155155],[120.492355,24.155144],[120.49229,24.155105],[120.49222,24.155086],[120.49216,24.155083],[120.491066,24.155326],[120.491052,24.155373]]]]}},{"type":"Feature","properties":{"n":"大同九街","v":"伸港鄉","w":1,"c":1,"r":0},"geometry":{"type":"MultiPolygon","coordinates":[[[[120.491012,24.155161],[120.49104,24.155173],[120.491066,24.155175],[120.492142,24.154935],[120.492218,24.154914],[120.49227,24.154861],[120.492291,24.154833],[120.492265,24.15483],[120.492208,24.154899],[120.491066,24.155158],[120.491019,24.155153],[120.491012,24.155161]]]]}},{"type":"Feature","properties":{"n":"大同九街","v":"伸港鄉","w":1,"c":1,"r":0},"geometry":{"type":"MultiPolygon","coordinates":[[[[120.492496,24.155032],[120.492512,24.155041],[120.492533,24.154998],[120.492582,24.154977],[120.493846,24.154704],[120.493867,24.154733],[120.493893,24.154726],[120.493854,24.154687],[120.492575,24.154953],[120.492512,24.154991],[120.492496,24.155032]]]]}},{"type":"Feature","properties":{"n":"大同九街","v":"伸港鄉","w":1,"c":1,"r":0},"geometry":{"type":"MultiPolygon","coordinates":[[[[120.492466,24.154848],[120.492523,24.154874],[120.493831,24.154597],[120.493891,24.154551],[120.492466,24.154848]]]]}},{"type":"Feature","properties":{"n":"大同六街","v":"伸港鄉","w":1,"c":1,"r":0},"geometry":{"type":"MultiPolygon","coordinates":[[[[120.489165,24.154805],[120.490747,24.154442],[120.490716,24.154423],[120.489201,24.154767],[120.489165,24.154805]]]]}},{"type":"Feature","properties":{"n":"大同六街","v":"伸港鄉","w":1,"c":1,"r":0},"geometry":{"type":"MultiPolygon","coordinates":[[[[120.48916,24.154669],[120.489202,24.154683],[120.490687,24.154366],[120.490711,24.154337],[120.48916,24.154669]]]]}},{"type":"Feature","properties":{"n":"大同六街","v":"伸港鄉","w":1,"c":1,"r":0},"geometry":{"type":"MultiPolygon","coordinates":[[[[120.490834,24.154428],[120.492189,24.154129],[120.492153,24.15411],[120.490858,24.154397],[120.490834,24.154428]]]]}},{"type":"Feature","properties":{"n":"大同六街","v":"伸港鄉","w":1,"c":1,"r":0},"geometry":{"type":"MultiPolygon","coordinates":[[[[120.490803,24.154294],[120.49085,24.154309],[120.492124,24.154031],[120.492153,24.153995],[120.490803,24.154294]]]]}},{"type":"Feature","properties":{"n":"大同六街","v":"伸港鄉","w":1,"c":1,"r":0},"geometry":{"type":"MultiPolygon","coordinates":[[[[120.492287,24.154108],[120.493955,24.153746],[120.493903,24.153722],[120.492323,24.154072],[120.492287,24.154108]]]]}},{"type":"Feature","properties":{"n":"大同六街","v":"伸港鄉","w":1,"c":1,"r":0},"geometry":{"type":"MultiPolygon","coordinates":[[[[120.49226,24.15398],[120.492317,24.154],[120.493904,24.153651],[120.493967,24.153599],[120.49226,24.15398]]]]}},{"type":"Feature","properties":{"n":"大同二街","v":"伸港鄉","w":1,"c":1,"r":0},"geometry":{"type":"MultiPolygon","coordinates":[[[[120.490423,24.152661],[120.490434,24.152671],[120.491664,24.152374],[120.491661,24.15236],[120.490423,24.152661]]]]}},{"type":"Feature","properties":{"n":"大同二街","v":"伸港鄉","w":1,"c":1,"r":0},"geometry":{"type":"MultiPolygon","coordinates":[[[[120.490413,24.152585],[120.491651,24.152278],[120.491646,24.152264],[120.490413,24.152571],[120.490413,24.152585]]]]}},{"type":"Feature","properties":{"n":"大同二街","v":"伸港鄉","w":1,"c":1,"r":0},"geometry":{"type":"MultiPolygon","coordinates":[[[[120.491849,24.152298],[120.491849,24.152315],[120.493358,24.151959],[120.493358,24.151945],[120.491849,24.152298]]]]}},{"type":"Feature","properties":{"n":"大同二街","v":"伸港鄉","w":1,"c":1,"r":0},"geometry":{"type":"MultiPolygon","coordinates":[[[[120.49182,24.152238],[120.49334,24.151873],[120.493337,24.151861],[120.491818,24.152226],[120.49182,24.152238]]]]}},{"type":"Feature","properties":{"n":"大同三街","v":"伸港鄉","w":1,"c":1,"r":0},"geometry":{"type":"MultiPolygon","coordinates":[[[[120.49056,24.153164],[120.49056,24.153178],[120.491819,24.152895],[120.491816,24.152879],[120.49056,24.153164]]]]}},{"type":"Feature","properties":{"n":"大同三街","v":"伸港鄉","w":1,"c":1,"r":0},"geometry":{"type":"MultiPolygon","coordinates":[[[[120.49053,24.153085],[120.490558,24.153092],[120.491806,24.152814],[120.491801,24.152802],[120.49053,24.153085]]]]}},{"type":"Feature","properties":{"n":"大同三街","v":"伸港鄉","w":1,"c":1,"r":0},"geometry":{"type":"MultiPolygon","coordinates":[[[[120.492001,24.152846],[120.492007,24.152858],[120.493502,24.152538],[120.493502,24.152521],[120.492001,24.152846]]]]}},{"type":"Feature","properties":{"n":"大同三街","v":"伸港鄉","w":1,"c":1,"r":0},"geometry":{"type":"MultiPolygon","coordinates":[[[[120.491971,24.152776],[120.493479,24.152452],[120.493474,24.152437],[120.491968,24.152762],[120.491971,24.152776]]]]}},{"type":"Feature","properties":{"n":"中興六街","v":"伸港鄉","w":1,"c":1,"r":0},"geometry":{"type":"MultiPolygon","coordinates":[[[[120.489788,24.157286],[120.489796,24.157276],[120.489772,24.157242],[120.489675,24.156865],[120.489659,24.156867],[120.489757,24.157245],[120.489788,24.157286]]]]}},{"type":"Feature","properties":{"n":"中興六街","v":"伸港鄉","w":1,"c":1,"r":0},"geometry":{"type":"MultiPolygon","coordinates":[[[[120.489623,24.156755],[120.489634,24.156752],[120.489544,24.156327],[120.489536,24.156331],[120.489623,24.156755]]]]}},{"type":"Feature","properties":{"n":"中興六街","v":"伸港鄉","w":1,"c":1,"r":0},"geometry":{"type":"MultiPolygon","coordinates":[[[[120.4895,24.156224],[120.489508,24.156221],[120.489408,24.155767],[120.489414,24.155739],[120.489403,24.155736],[120.489398,24.15576],[120.4895,24.156224]]]]}},{"type":"Feature","properties":{"n":"中興六街","v":"伸港鄉","w":1,"c":1,"r":0},"geometry":{"type":"MultiPolygon","coordinates":[[[[120.489404,24.155516],[120.489342,24.155473],[120.48926,24.155146],[120.489284,24.155072],[120.489273,24.155072],[120.489247,24.155138],[120.489334,24.155483],[120.489404,24.155516]]]]}},{"type":"Feature","properties":{"n":"中興六街","v":"伸港鄉","w":1,"c":1,"r":0},"geometry":{"type":"MultiPolygon","coordinates":[[[[120.489167,24.154808],[120.489203,24.154969],[120.489263,24.155],[120.489266,24.154986],[120.489211,24.154959],[120.489175,24.154804],[120.489167,24.154808]]]]}},{"type":"Feature","properties":{"n":"中興六街","v":"伸港鄉","w":1,"c":1,"r":0},"geometry":{"type":"MultiPolygon","coordinates":[[[[120.489152,24.154667],[120.489165,24.154668],[120.489053,24.15418],[120.489032,24.154184],[120.489152,24.154667]]]]}},{"type":"Feature","properties":{"n":"中興七街","v":"伸港鄉","w":1,"c":1,"r":0},"geometry":{"type":"MultiPolygon","coordinates":[[[[120.49132,24.156957],[120.491336,24.15695],[120.491249,24.156544],[120.491228,24.156549],[120.49132,24.156957]]]]}},{"type":"Feature","properties":{"n":"中興七街","v":"伸港鄉","w":1,"c":1,"r":0},"geometry":{"type":"MultiPolygon","coordinates":[[[[120.491429,24.156939],[120.491442,24.156936],[120.491348,24.15653],[120.491332,24.15653],[120.491429,24.156939]]]]}},{"type":"Feature","properties":{"n":"中興七街","v":"伸港鄉","w":1,"c":1,"r":0},"geometry":{"type":"MultiPolygon","coordinates":[[[[120.491213,24.156434],[120.491115,24.156001],[120.4911,24.156003],[120.4912,24.156434],[120.491213,24.156434]]]]}},{"type":"Feature","properties":{"n":"中興七街","v":"伸港鄉","w":1,"c":1,"r":0},"geometry":{"type":"MultiPolygon","coordinates":[[[[120.491085,24.155886],[120.490964,24.155377],[120.490954,24.155382],[120.491074,24.155893],[120.491085,24.155886]]]]}},{"type":"Feature","properties":{"n":"中興七街","v":"伸港鄉","w":1,"c":1,"r":0},"geometry":{"type":"MultiPolygon","coordinates":[[[[120.491168,24.15587],[120.491184,24.155868],[120.491076,24.155377],[120.491055,24.155377],[120.491168,24.15587]]]]}},{"type":"Feature","properties":{"n":"中興七街","v":"伸港鄉","w":1,"c":1,"r":0},"geometry":{"type":"MultiPolygon","coordinates":[[[[120.490892,24.155183],[120.490913,24.155148],[120.490816,24.154763],[120.490787,24.154741],[120.490892,24.155183]]]]}},{"type":"Feature","properties":{"n":"中興七街","v":"伸港鄉","w":1,"c":1,"r":0},"geometry":{"type":"MultiPolygon","coordinates":[[[[120.491007,24.155155],[120.49102,24.155155],[120.49093,24.154765],[120.490962,24.154708],[120.490949,24.154699],[120.49091,24.154763],[120.491007,24.155155]]]]}},{"type":"Feature","properties":{"n":"中興七街","v":"伸港鄉","w":1,"c":1,"r":0},"geometry":{"type":"MultiPolygon","coordinates":[[[[120.490744,24.154449],[120.490731,24.154452],[120.490777,24.154617],[120.490743,24.154667],[120.490748,24.154674],[120.490788,24.154622],[120.490744,24.154449]]]]}},{"type":"Feature","properties":{"n":"中興七街","v":"伸港鄉","w":1,"c":1,"r":0},"geometry":{"type":"MultiPolygon","coordinates":[[[[120.490931,24.154636],[120.490936,24.154629],[120.490879,24.154586],[120.490846,24.154428],[120.490835,24.154433],[120.490866,24.154588],[120.490931,24.154636]]]]}},{"type":"Feature","properties":{"n":"中興七街","v":"伸港鄉","w":1,"c":1,"r":0},"geometry":{"type":"MultiPolygon","coordinates":[[[[120.490716,24.15432],[120.490588,24.153828],[120.49058,24.153837],[120.490703,24.154339],[120.490716,24.15432]]]]}},{"type":"Feature","properties":{"n":"中興七街","v":"伸港鄉","w":1,"c":1,"r":0},"geometry":{"type":"MultiPolygon","coordinates":[[[[120.490802,24.154297],[120.490812,24.15429],[120.490695,24.153807],[120.490687,24.153809],[120.490802,24.154297]]]]}},{"type":"Feature","properties":{"n":"中興八街","v":"伸港鄉","w":1,"c":1,"r":0},"geometry":{"type":"MultiPolygon","coordinates":[[[[120.492549,24.156282],[120.492533,24.156284],[120.492579,24.156588],[120.49255,24.156657],[120.492521,24.156685],[120.492529,24.156697],[120.492558,24.156674],[120.492597,24.156593],[120.492549,24.156282]]]]}},{"type":"Feature","properties":{"n":"中興八街","v":"伸港鄉","w":1,"c":1,"r":0},"geometry":{"type":"MultiPolygon","coordinates":[[[[120.492709,24.156686],[120.492727,24.156691],[120.492671,24.156261],[120.492661,24.156263],[120.492709,24.156686]]]]}},{"type":"Feature","properties":{"n":"中興八街","v":"伸港鄉","w":1,"c":1,"r":0},"geometry":{"type":"MultiPolygon","coordinates":[[[[120.492536,24.156148],[120.492489,24.155732],[120.492465,24.155722],[120.492521,24.156155],[120.492536,24.156148]]]]}},{"type":"Feature","properties":{"n":"中興八街","v":"伸港鄉","w":1,"c":1,"r":0},"geometry":{"type":"MultiPolygon","coordinates":[[[[120.492633,24.156101],[120.492659,24.15611],[120.492596,24.155706],[120.492582,24.155706],[120.492633,24.156101]]]]}},{"type":"Feature","properties":{"n":"中興八街","v":"伸港鄉","w":1,"c":1,"r":0},"geometry":{"type":"MultiPolygon","coordinates":[[[[120.492448,24.155605],[120.492468,24.155594],[120.49242,24.15523],[120.492358,24.155144],[120.49234,24.155154],[120.492397,24.15523],[120.492448,24.155605]]]]}},{"type":"Feature","properties":{"n":"中興八街","v":"伸港鄉","w":1,"c":1,"r":0},"geometry":{"type":"MultiPolygon","coordinates":[[[[120.492494,24.155039],[120.492578,24.155577],[120.492596,24.155572],[120.492515,24.155039],[120.492494,24.155039]]]]}},{"type":"Feature","properties":{"n":"中興八街","v":"伸港鄉","w":1,"c":1,"r":0},"geometry":{"type":"MultiPolygon","coordinates":[[[[120.492465,24.154847],[120.492478,24.154847],[120.492301,24.154106],[120.492291,24.154111],[120.492465,24.154847]]]]}},{"type":"Feature","properties":{"n":"中興八街","v":"伸港鄉","w":1,"c":1,"r":0},"geometry":{"type":"MultiPolygon","coordinates":[[[[120.492285,24.154834],[120.492319,24.15478],[120.492335,24.154691],[120.492274,24.154471],[120.492219,24.154435],[120.492216,24.154447],[120.492266,24.154476],[120.492322,24.154694],[120.492309,24.154777],[120.492275,24.15483],[120.492285,24.154834]]]]}},{"type":"Feature","properties":{"n":"中興八街","v":"伸港鄉","w":1,"c":1,"r":0},"geometry":{"type":"MultiPolygon","coordinates":[[[[120.492183,24.154361],[120.492228,24.154282],[120.492184,24.154132],[120.492168,24.154139],[120.492209,24.154282],[120.49217,24.154363],[120.492183,24.154361]]]]}},{"type":"Feature","properties":{"n":"中興八街","v":"伸港鄉","w":1,"c":1,"r":0},"geometry":{"type":"MultiPolygon","coordinates":[[[[120.492148,24.153998],[120.492161,24.153988],[120.49204,24.153522],[120.492022,24.153505],[120.492148,24.153998]]]]}},{"type":"Feature","properties":{"n":"中興八街","v":"伸港鄉","w":1,"c":1,"r":0},"geometry":{"type":"MultiPolygon","coordinates":[[[[120.492255,24.153979],[120.492268,24.153977],[120.492142,24.153491],[120.492124,24.153494],[120.492255,24.153979]]]]}},{"type":"Feature","properties":{"n":"中興八街","v":"伸港鄉","w":1,"c":1,"r":0},"geometry":{"type":"MultiPolygon","coordinates":[[[[120.491997,24.153381],[120.492007,24.153359],[120.491876,24.15291],[120.491822,24.152879],[120.491822,24.1529],[120.491853,24.152922],[120.491997,24.153381]]]]}},{"type":"Feature","properties":{"n":"中興八街","v":"伸港鄉","w":1,"c":1,"r":0},"geometry":{"type":"MultiPolygon","coordinates":[[[[120.492085,24.153367],[120.492101,24.153362],[120.491978,24.152891],[120.492009,24.152865],[120.491999,24.152851],[120.49196,24.152886],[120.492085,24.153367]]]]}},{"type":"Feature","properties":{"n":"中興八街","v":"伸港鄉","w":1,"c":1,"r":0},"geometry":{"type":"MultiPolygon","coordinates":[[[[120.491801,24.152816],[120.491838,24.152757],[120.491725,24.152381],[120.491665,24.152357],[120.491665,24.152376],[120.491706,24.152396],[120.49182,24.152754],[120.491793,24.152802],[120.491801,24.152816]]]]}},{"type":"Feature","properties":{"n":"中興八街","v":"伸港鄉","w":1,"c":1,"r":0},"geometry":{"type":"MultiPolygon","coordinates":[[[[120.491968,24.152779],[120.491965,24.152767],[120.491934,24.152748],[120.491824,24.152346],[120.491847,24.152322],[120.491842,24.152308],[120.491808,24.152344],[120.491924,24.152755],[120.491968,24.152779]]]]}},{"type":"Feature","properties":{"n":"中興八街","v":"伸港鄉","w":1,"c":1,"r":0},"geometry":{"type":"MultiPolygon","coordinates":[[[[120.49165,24.152281],[120.491678,24.15224],[120.49155,24.151803],[120.491485,24.151776],[120.491482,24.151788],[120.491537,24.151812],[120.491663,24.15224],[120.491644,24.152264],[120.49165,24.152281]]]]}},{"type":"Feature","properties":{"n":"中興八街","v":"伸港鄉","w":1,"c":1,"r":0},"geometry":{"type":"MultiPolygon","coordinates":[[[[120.491814,24.152238],[120.491819,24.152231],[120.491785,24.152217],[120.491672,24.151791],[120.491699,24.15172],[120.491691,24.151712],[120.491662,24.151789],[120.491775,24.152217],[120.491814,24.152238]]]]}},{"type":"Feature","properties":{"n":"中興九街","v":"伸港鄉","w":1,"c":1,"r":0},"geometry":{"type":"MultiPolygon","coordinates":[[[[120.493666,24.153007],[120.493551,24.152533],[120.493512,24.152519],[120.493509,24.152533],[120.493537,24.152548],[120.49365,24.153009],[120.493666,24.153007]]]]}},{"type":"Feature","properties":{"n":"中興九街","v":"伸港鄉","w":1,"c":1,"r":0},"geometry":{"type":"MultiPolygon","coordinates":[[[[120.493481,24.152449],[120.493515,24.152414],[120.493404,24.151959],[120.49336,24.151945],[120.49336,24.151957],[120.493397,24.151974],[120.493499,24.152414],[120.493473,24.152437],[120.493481,24.152449]]]]}},{"type":"Feature","properties":{"n":"中興九街","v":"伸港鄉","w":1,"c":1,"r":0},"geometry":{"type":"MultiPolygon","coordinates":[[[[120.493749,24.152988],[120.49376,24.152988],[120.493485,24.151941],[120.493501,24.1519],[120.493496,24.151895],[120.493475,24.151936],[120.493749,24.152988]]]]}},{"type":"Feature","properties":{"n":"中興九街","v":"伸港鄉","w":1,"c":1,"r":0},"geometry":{"type":"MultiPolygon","coordinates":[[[[120.49334,24.151876],[120.493369,24.15184],[120.493253,24.151388],[120.493196,24.151352],[120.493191,24.151366],[120.493238,24.151395],[120.493353,24.151837],[120.493337,24.151866],[120.49334,24.151876]]]]}},{"type":"Feature","properties":{"n":"中興九街","v":"伸港鄉","w":1,"c":1,"r":0},"geometry":{"type":"MultiPolygon","coordinates":[[[[120.493494,24.151816],[120.493499,24.151809],[120.493455,24.151792],[120.493344,24.151384],[120.493368,24.151324],[120.493358,24.151317],[120.493324,24.151376],[120.493444,24.151802],[120.493494,24.151816]]]]}},{"type":"Feature","properties":{"n":"中正二路","v":"埔鹽鄉","w":300,"c":2,"r":2},"geometry":{"type":"MultiPolygon","coordinates":[[[[120.465516,23.999583],[120.465493,23.999592],[120.466176,24.001449],[120.466207,24.001442],[120.465516,23.999583]]]]}},{"type":"Feature","properties":{"n":"光復路","v":"鹿港鎮","w":2.5,"c":1.5,"r":6},"geometry":{"type":"MultiPolygon","coordinates":[[[[120.427555,24.06031],[120.427433,24.057594],[120.427404,24.057601],[120.427522,24.060314],[120.427555,24.06031]]]]}},{"type":"Feature","properties":{"n":"高鐵二路三段","v":"田中鎮","w":2.5,"c":1.5,"r":8},"geometry":{"type":"MultiPolygon","coordinates":[[[[120.569517,23.870348],[120.567735,23.869179],[120.567715,23.86922],[120.569472,23.870396],[120.569504,23.870348],[120.569517,23.870348]]]]}},{"type":"Feature","properties":{"n":"中山路","v":"埔鹽鄉","w":3,"c":2,"r":null},"geometry":{"type":"MultiPolygon","coordinates":[[[[120.461098,24.004176],[120.461102,24.004183],[120.461086,24.004217],[120.461467,24.004417],[120.461636,24.004424],[120.470583,24.002392],[120.470583,24.002308],[120.461625,24.00439],[120.461477,24.004378],[120.461098,24.004176]]]]}},{"type":"Feature","properties":{"n":"國中路","v":"埔鹽鄉","w":3,"c":2,"r":2},"geometry":{"type":"MultiPolygon","coordinates":[[[[120.464416,24.000891],[120.464431,24.000918],[120.46584,24.000559],[120.465827,24.000521],[120.464416,24.000891]]]]}},{"type":"Feature","properties":{"n":"南郭路一段","v":"彰化市","w":4,"c":2.8,"r":10},"geometry":{"type":"MultiPolygon","coordinates":[[[[120.555407,24.073306],[120.549683,24.07317],[120.549644,24.07323],[120.555407,24.073306]]]]}},{"type":"Feature","properties":{"n":"南郭路一段","v":"彰化市","w":5,"c":3,"r":3},"geometry":{"type":"MultiPolygon","coordinates":[[[[120.555658,24.07219],[120.555616,24.073122],[120.555668,24.073068],[120.555658,24.07219]]]]}},{"type":"Feature","properties":{"n":"中興路","v":"彰化市","w":2,"c":1.8,"r":2},"geometry":{"type":"MultiPolygon","coordinates":[[[[120.554764,24.071112],[120.555639,24.072124],[120.555645,24.072088],[120.554764,24.071112]]]]}},{"type":"Feature","properties":{"n":"南郭路一段","v":"彰化市","w":2.3,"c":2,"r":6},"geometry":{"type":"MultiPolygon","coordinates":[[[[120.545414,24.075009],[120.546634,24.074948],[120.546634,24.074932],[120.545414,24.075009]]]]}},{"type":"Feature","properties":{"n":"弘農路","v":"溪湖鎮","w":2,"c":1.2,"r":4},"geometry":{"type":"MultiPolygon","coordinates":[[[[120.472001,23.951352],[120.472588,23.950831],[120.472588,23.950804],[120.472001,23.951352]]]]}},{"type":"Feature","properties":{"n":"弘農路","v":"溪湖鎮","w":2,"c":2,"r":4},"geometry":{"type":"MultiPolygon","coordinates":[[[[120.472605,23.95081],[120.473249,23.950492],[120.473238,23.950476],[120.472605,23.95081]]]]}},{"type":"Feature","properties":{"n":"弘農路","v":"溪湖鎮","w":2,"c":2,"r":4},"geometry":{"type":"MultiPolygon","coordinates":[[[[120.473279,23.950465],[120.474496,23.950147],[120.474481,23.950116],[120.473279,23.950465]]]]}},{"type":"Feature","properties":{"n":"弘農路","v":"溪湖鎮","w":2,"c":2,"r":2},"geometry":{"type":"MultiPolygon","coordinates":[[[[120.474595,23.950165],[120.475912,23.950683],[120.475951,23.950647],[120.474595,23.950165]]]]}},{"type":"Feature","properties":{"n":"弘農路","v":"溪湖鎮","w":2,"c":2,"r":6},"geometry":{"type":"MultiPolygon","coordinates":[[[[120.475931,23.950803],[120.479243,23.953179],[120.479282,23.953137],[120.475931,23.950803]]]]}},{"type":"Feature","properties":{"n":"弘農路","v":"溪湖鎮","w":2,"c":2,"r":4},"geometry":{"type":"MultiPolygon","coordinates":[[[[120.479092,23.953555],[120.478491,23.954353],[120.478529,23.954377],[120.479092,23.953555]]]]}},{"type":"Feature","properties":{"n":"秀福路","v":"福興鄉","w":3,"c":1.8,"r":8},"geometry":{"type":"MultiPolygon","coordinates":[[[[120.472731,24.026391],[120.473334,24.02875],[120.47338,24.028739],[120.472731,24.026391]]]]}},{"type":"Feature","properties":{"n":"光復路","v":"彰化市","w":2,"c":2,"r":2},"geometry":{"type":"MultiPolygon","coordinates":[[[[120.545678,24.081058],[120.545681,24.081016],[120.54489,24.080947],[120.544847,24.080957],[120.544839,24.081004],[120.54489,24.080974],[120.545641,24.081043],[120.545678,24.081058]]]]}},{"type":"Feature","properties":{"n":"光復路","v":"彰化市","w":2,"c":2,"r":2},"geometry":{"type":"MultiPolygon","coordinates":[[[[120.541461,24.080681],[120.541461,24.080639],[120.540965,24.080595],[120.540962,24.080612],[120.541431,24.080659],[120.541461,24.080681]]]]}},{"type":"Feature","properties":{"n":"建國路","v":"鹿港鎮","w":2,"c":2,"r":2},"geometry":{"type":"MultiPolygon","coordinates":[[[[120.435249,24.062999],[120.435371,24.063447],[120.43572,24.06389],[120.435773,24.063819],[120.43541,24.063423],[120.435295,24.063023],[120.435249,24.062999]]]]}},{"type":"Feature","properties":{"n":"福正路","v":"福興鄉","w":2,"c":2,"r":4},"geometry":{"type":"MultiPolygon","coordinates":[[[[120.412987,24.042062],[120.413455,24.041552],[120.413432,24.041543],[120.412972,24.042047],[120.412987,24.042062]]]]}},{"type":"Feature","properties":{"n":"三民街","v":"員林鎮","w":2,"c":2,"r":4},"geometry":{"type":"MultiPolygon","coordinates":[[[[120.573841,23.95873],[120.573838,23.958764],[120.575163,23.958994],[120.575163,23.958971],[120.573841,23.95873]]]]}},{"type":"Feature","properties":{"n":"員東路二段","v":"員林鎮","w":2,"c":2,"r":4},"geometry":{"type":"MultiPolygon","coordinates":[[[[120.585804,23.961502],[120.585799,23.961523],[120.587727,23.961839],[120.587724,23.961817],[120.585804,23.961502]]]]}},{"type":"Feature","properties":{"n":"興工路","v":"田中鎮","w":2,"c":2,"r":4},"geometry":{"type":"MultiPolygon","coordinates":[[[[120.590854,23.857548],[120.59088,23.857554],[120.591095,23.857178],[120.591043,23.85716],[120.590854,23.857548]]]]}},{"type":"Feature","properties":{"n":"員集路三段","v":"社頭鄉","w":2,"c":2,"r":8},"geometry":{"type":"MultiPolygon","coordinates":[[[[120.581843,23.919299],[120.581875,23.919299],[120.582015,23.918266],[120.581969,23.918242],[120.581843,23.919299]]]]}},{"type":"Feature","properties":{"n":"斗中路","v":"北斗鎮","w":2,"c":2,"r":4},"geometry":{"type":"MultiPolygon","coordinates":[[[[120.534058,23.870866],[120.534053,23.870902],[120.534783,23.870894],[120.534765,23.870854],[120.534058,23.870866]]]]}},{"type":"Feature","properties":{"n":"竹林路一段","v":"竹塘鄉","w":2,"c":2,"r":4},"geometry":{"type":"MultiPolygon","coordinates":[[[[120.425548,23.864853],[120.425678,23.864818],[120.425764,23.862979],[120.425713,23.862919],[120.425548,23.864853]]]]}},{"type":"Feature","properties":{"n":"大埔路","v":"芬園鄉","w":2,"c":2,"r":4},"geometry":{"type":"MultiPolygon","coordinates":[[[[120.620577,24.027312],[120.619636,24.026192],[120.619636,24.026215],[120.620566,24.027321],[120.620577,24.027312]]]]}},{"type":"Feature","properties":{"n":"大仁路一段","v":"大村鄉","w":1.5,"c":0.9,"r":4},"geometry":{"type":"MultiPolygon","coordinates":[[[[120.543087,23.994949],[120.542998,23.994555],[120.542973,23.994304],[120.542961,23.994041],[120.542988,23.993731],[120.54304,23.993552],[120.543184,23.993301],[120.543419,23.993051],[120.543497,23.99298],[120.543484,23.992968],[120.543171,23.993277],[120.543014,23.99354],[120.542962,23.993731],[120.542935,23.993957],[120.542934,23.994149],[120.542946,23.994364],[120.542972,23.994543],[120.54301,23.994734],[120.543035,23.994949],[120.543087,23.994949]]]]}},{"type":"Feature","properties":{"n":"大仁路一段","v":"大村鄉","w":1.5,"c":0.9,"r":2},"geometry":{"type":"MultiPolygon","coordinates":[[[[120.54292,23.994932],[120.542792,23.994191],[120.54282,23.993833],[120.542977,23.993367],[120.543238,23.993022],[120.543395,23.992867],[120.543369,23.992831],[120.543186,23.99301],[120.542925,23.993331],[120.542768,23.993821],[120.54274,23.994191],[120.542868,23.994932],[120.54292,23.994932]]]]}},{"type":"Feature","properties":{"n":"雙義路","v":"社頭鄉","w":3.5,"c":1.5,"r":14},"geometry":{"type":"MultiPolygon","coordinates":[[[[120.580316,23.884734],[120.580329,23.88471],[120.578577,23.88406],[120.577994,23.883485],[120.577968,23.883497],[120.578564,23.884084],[120.580316,23.884734]]]]}},{"type":"Feature","properties":{"n":"八德街","v":"伸港鄉","w":1.5,"c":1.5,"r":null},"geometry":{"type":"MultiPolygon","coordinates":[[[[120.486536,24.149019],[120.485843,24.149043],[120.485841,24.149057],[120.486539,24.149034],[120.486536,24.149019]]]]}},{"type":"Feature","properties":{"n":"忠孝路60巷","v":"伸港鄉","w":1.5,"c":1.5,"r":null},"geometry":{"type":"MultiPolygon","coordinates":[[[[120.48583,24.149118],[120.485832,24.149106],[120.48533,24.149092],[120.48533,24.149102],[120.48583,24.149118]]]]}},{"type":"Feature","properties":{"n":"仁愛街","v":"竹塘鄉","w":3.2,"c":2,"r":13},"geometry":{"type":"MultiPolygon","coordinates":[[[[120.42798,23.862828],[120.430029,23.862892],[120.430029,23.862853],[120.42798,23.862828]]]]}},{"type":"Feature","properties":{"n":"仁愛街","v":"竹塘鄉","w":3.2,"c":2,"r":13},"geometry":{"type":"MultiPolygon","coordinates":[[[[120.425748,23.862916],[120.427958,23.862961],[120.427958,23.862931],[120.425748,23.862916]]]]}},{"type":"Feature","properties":{"n":"竹五路","v":"竹塘鄉","w":3.2,"c":2,"r":6},"geometry":{"type":"MultiPolygon","coordinates":[[[[120.430098,23.862835],[120.429459,23.860598],[120.429411,23.860637],[120.430098,23.862835]]]]}},{"type":"Feature","properties":{"n":"中正路","v":"北斗鎮","w":4,"c":2.8,"r":2},"geometry":{"type":"MultiPolygon","coordinates":[[[[120.522277,23.87037],[120.522229,23.870615],[120.522248,23.870625],[120.522277,23.87037]]]]}},{"type":"Feature","properties":{"n":"文賢街","v":"北斗鎮","w":3.2,"c":2,"r":4},"geometry":{"type":"MultiPolygon","coordinates":[[[[120.522216,23.870662],[120.520708,23.870458],[120.520698,23.870478],[120.522216,23.870662]]]]}},{"type":"Feature","properties":{"n":"舜苑街","v":"北斗鎮","w":3.2,"c":2,"r":5},"geometry":{"type":"MultiPolygon","coordinates":[[[[120.520861,23.869236],[120.520671,23.870443],[120.52069,23.870446],[120.520861,23.869236]]]]}},{"type":"Feature","properties":{"n":"中學路二段","v":"田尾鄉","w":2,"c":2,"r":6},"geometry":{"type":"MultiPolygon","coordinates":[[[[120.533389,23.89016],[120.533474,23.890751],[120.533485,23.890751],[120.53352,23.89083],[120.533912,23.891318],[120.533936,23.8913],[120.533772,23.891119],[120.533617,23.890918],[120.533512,23.890751],[120.533482,23.890599],[120.533413,23.890165],[120.533389,23.89016]]]]}},{"type":"Feature","properties":{"n":"萬年路三段","v":"員林鎮","w":4,"c":2.8,"r":4},"geometry":{"type":"MultiPolygon","coordinates":[[[[120.574352,23.957485],[120.573912,23.958603],[120.573939,23.958611],[120.574376,23.957495],[120.574352,23.957485]]]]}},{"type":"Feature","properties":{"n":"大勇街","v":"員林鎮","w":3.2,"c":2,"r":3},"geometry":{"type":"MultiPolygon","coordinates":[[[[120.576737,23.972625],[120.576973,23.970566],[120.57693,23.970566],[120.576737,23.972625]]]]}},{"type":"Feature","properties":{"n":"四維路","v":"彰化市","w":1.5,"c":1.5,"r":4},"geometry":{"type":"MultiPolygon","coordinates":[[[[120.537166,24.066432],[120.537153,24.066422],[120.53714,24.066424],[120.536633,24.066704],[120.536643,24.066718],[120.537166,24.066432]]]]}},{"type":"Feature","properties":{"n":"南平路","v":"大城鄉","w":1.8,"c":1.8,"r":4},"geometry":{"type":"MultiPolygon","coordinates":[[[[120.321764,23.853419],[120.322298,23.853247],[120.322292,23.853235],[120.321758,23.853406],[120.321764,23.853419]]]]}},{"type":"Feature","properties":{"n":"南平路","v":"大城鄉","w":1.8,"c":1.8,"r":6},"geometry":{"type":"MultiPolygon","coordinates":[[[[120.322121,23.853216],[120.322121,23.853226],[120.322298,23.853172],[120.322296,23.85316],[120.322121,23.853216]]]]}},{"type":"Feature","properties":{"n":"大城國中","v":"大城鄉","w":1.4,"c":1.4,"r":6},"geometry":{"type":"MultiPolygon","coordinates":[[[[120.32322,23.852908],[120.323222,23.85292],[120.324706,23.852414],[120.324698,23.852402],[120.32322,23.852908]]]]}},{"type":"Feature","properties":{"n":"大城國中","v":"大城鄉","w":1.4,"c":1.4,"r":6},"geometry":{"type":"MultiPolygon","coordinates":[[[[120.322764,23.853104],[120.324665,23.852483],[120.32466,23.852471],[120.322758,23.853094],[120.322764,23.853104]]]]}},{"type":"Feature","properties":{"n":"忠義北路","v":"埔心鄉","w":2.5,"c":2.5,"r":4},"geometry":{"type":"MultiPolygon","coordinates":[[[[120.543021,23.95446],[120.543043,23.95446],[120.543236,23.953293],[120.543214,23.953293],[120.543021,23.95446]]]]}},{"type":"Feature","properties":{"n":"忠義北路","v":"埔心鄉","w":2.5,"c":2.5,"r":2},"geometry":{"type":"MultiPolygon","coordinates":[[[[120.543311,23.953215],[120.543348,23.952872],[120.543322,23.952872],[120.543295,23.95321],[120.543311,23.953215]]]]}},{"type":"Feature","properties":{"n":"光復路三段","v":"田尾鄉","w":1.8,"c":1.8,"r":4},"geometry":{"type":"MultiPolygon","coordinates":[[[[120.528191,23.892435],[120.529243,23.891984],[120.529221,23.891984],[120.528191,23.892435]]]]}},{"type":"Feature","properties":{"n":"新生街","v":"鹿港鎮","w":5.3,"c":3.2,"r":6},"geometry":{"type":"MultiPolygon","coordinates":[[[[120.443076,24.055895],[120.444379,24.055831],[120.444385,24.055777],[120.443071,24.055841],[120.443076,24.055895]]]]}},{"type":"Feature","properties":{"n":"鹿興路","v":"鹿港鎮","w":5,"c":3,"r":3},"geometry":{"type":"MultiPolygon","coordinates":[[[[120.444353,24.055777],[120.444396,24.055787],[120.444412,24.054739],[120.444358,24.054739],[120.444353,24.055777]]]]}},{"type":"Feature","properties":{"n":"自由路329巷","v":"鹿港鎮","w":2.1,"c":2.1,"r":6},"geometry":{"type":"MultiPolygon","coordinates":[[[[120.437939,24.065251],[120.437972,24.065216],[120.437725,24.064834],[120.437467,24.064746],[120.436893,24.063473],[120.437011,24.063193],[120.436518,24.061895],[120.436496,24.061905],[120.436979,24.063179],[120.436861,24.063478],[120.437446,24.064776],[120.437687,24.064849],[120.437939,24.065251]]]]}},{"type":"Feature","properties":{"n":"鎮平街","v":"福興鄉","w":1.5,"c":1.5,"r":2},"geometry":{"type":"MultiPolygon","coordinates":[[[[120.419408,24.008253],[120.419912,24.007785],[120.419612,24.008062],[120.419408,24.008253]]]]}},{"type":"Feature","properties":{"n":"文昌東路","v":"埔心鄉","w":2,"c":2,"r":2},"geometry":{"type":"MultiPolygon","coordinates":[[[[120.512157,23.941814],[120.512643,23.941546],[120.512372,23.941691],[120.512157,23.941814]]]]}},{"type":"Feature","properties":{"n":"民生路","v":"社頭鄉","w":2.5,"c":2.5,"r":8},"geometry":{"type":"MultiPolygon","coordinates":[[[[120.587553,23.899064],[120.587746,23.898446],[120.587939,23.897705],[120.587553,23.899064]]]]}},{"type":"Feature","properties":{"n":"芳漢路王功段","v":"芳苑鄉","w":2.4,"c":1.2,"r":8},"geometry":{"type":"MultiPolygon","coordinates":[[[[120.334259,23.953963],[120.333969,23.95334],[120.333524,23.952438],[120.334259,23.953963]]]]}},{"type":"Feature","properties":{"n":"功湖路草湖段","v":"芳苑鄉","w":2.4,"c":2.4,"r":4},"geometry":{"type":"MultiPolygon","coordinates":[[[[120.377707,23.958116],[120.378262,23.957993],[120.378849,23.957861],[120.377707,23.958116]]]]}},{"type":"Feature","properties":{"n":"中正路","v":"員林鎮","w":1.8,"c":1.8,"r":8},"geometry":{"type":"MultiPolygon","coordinates":[[[[120.575954,23.950969],[120.575925,23.949471],[120.575935,23.950251],[120.575954,23.950969]]]]}},{"type":"Feature","properties":{"n":"中山街","v":"田中鎮","w":250,"c":1.5,"r":12},"geometry":{"type":"MultiPolygon","coordinates":[[[[120.591491,23.861888],[120.591499,23.861891],[120.59155,23.861724],[120.591539,23.861724],[120.591491,23.861888]]]]}},{"type":"Feature","properties":{"n":"茄苳路一段四巷","v":"大村鄉","w":1.5,"c":1.5,"r":4},"geometry":{"type":"MultiPolygon","coordinates":[[[[120.545641,23.994662],[120.545989,23.994846],[120.545992,23.994829],[120.545651,23.994652],[120.545641,23.994662]]]]}},{"type":"Feature","properties":{"n":"彰水路三段","v":"埤頭鄉","w":1.2,"c":1.2,"r":4},"geometry":{"type":"MultiPolygon","coordinates":[[[[120.460023,23.893223],[120.460404,23.894184],[120.46042,23.894184],[120.460034,23.893223],[120.460023,23.893223]]]]}},{"type":"Feature","properties":{"n":"新興街","v":"鹿港鎮","w":6,"c":6,"r":0},"geometry":{"type":"MultiPolygon","coordinates":[[[[120.438185,24.047257],[120.438421,24.046938],[120.438418,24.046931],[120.438177,24.047254],[120.438185,24.047257]]]]}},{"type":"Feature","properties":{"n":"大公十六街","v":"溪湖鎮","w":2,"c":2,"r":3},"geometry":{"type":"MultiPolygon","coordinates":[[[[120.468324,23.959665],[120.468308,23.959665],[120.468281,23.961141],[120.468292,23.961141],[120.468324,23.959665]]]]}},{"type":"Feature","properties":{"n":"北聖路","v":"溪湖鎮","w":2,"c":2,"r":4},"geometry":{"type":"MultiPolygon","coordinates":[[[[120.46734,23.959606],[120.467334,23.959609],[120.468268,23.959616],[120.468268,23.959609],[120.46734,23.959606]]]]}},{"type":"Feature","properties":{"n":"復興南路","v":"鹿港鎮","w":3.5,"c":2,"r":2},"geometry":{"type":"MultiPolygon","coordinates":[[[[120.432708,24.04967],[120.431911,24.050701],[120.431895,24.050731],[120.4319,24.050735],[120.432708,24.04967]]]]}},{"type":"Feature","properties":{"n":"復興南路","v":"鹿港鎮","w":10,"c":8,"r":2},"geometry":{"type":"MultiPolygon","coordinates":[[[[120.432796,24.049572],[120.433303,24.048974],[120.433301,24.048969],[120.432788,24.049574],[120.432796,24.049572]]]]}},{"type":"Feature","properties":{"n":"復興南路","v":"鹿港鎮","w":5,"c":3.5,"r":4},"geometry":{"type":"MultiPolygon","coordinates":[[[[120.43336,24.048923],[120.434068,24.048191],[120.434347,24.047995],[120.434832,24.04772],[120.435334,24.047471],[120.435596,24.047424],[120.436718,24.047262],[120.436755,24.047204],[120.436744,24.047196],[120.436718,24.047253],[120.435334,24.047458],[120.434794,24.047728],[120.434357,24.047983],[120.434068,24.048179],[120.433354,24.048916],[120.43336,24.048923]]]]}},{"type":"Feature","properties":{"n":"大溪路","v":"大村鄉","w":1.5,"c":1.5,"r":14},"geometry":{"type":"MultiPolygon","coordinates":[[[[120.543223,23.99265],[120.54046,23.989117],[120.539688,23.988597],[120.539699,23.988666],[120.54045,23.989156],[120.543185,23.992675],[120.543223,23.99265]]]]}},{"type":"Feature","properties":{"n":"文心街","v":"彰化市","w":4.2,"c":2.2,"r":3},"geometry":{"type":"MultiPolygon","coordinates":[[[[120.541732,24.065615],[120.541721,24.065622],[120.541697,24.066362],[120.54171,24.066362],[120.541732,24.065615]]]]}},{"type":"Feature","properties":{"n":"南平街","v":"彰化市","w":4.2,"c":2.2,"r":4},"geometry":{"type":"MultiPolygon","coordinates":[[[[120.540653,24.066403],[120.540651,24.066415],[120.541699,24.066381],[120.541699,24.066366],[120.540653,24.066403]]]]}},{"type":"Feature","properties":{"n":"南平街61巷","v":"彰化市","w":4,"c":4,"r":3},"geometry":{"type":"MultiPolygon","coordinates":[[[[120.540645,24.066413],[120.540643,24.065531],[120.540624,24.065531],[120.540637,24.06642],[120.540645,24.066413]]]]}},{"type":"Feature","properties":{"n":"自由路","v":"鹿港鎮","w":6,"c":4,"r":4},"geometry":{"type":"MultiPolygon","coordinates":[[[[120.438423,24.064417],[120.438434,24.065064],[120.437238,24.066181],[120.437179,24.066524],[120.437195,24.066529],[120.437254,24.066188],[120.438445,24.065076],[120.438445,24.06442],[120.438423,24.064417]]]]}},{"type":"Feature","properties":{"n":"鹿草路一段","v":"鹿港鎮","w":6,"c":4,"r":2},"geometry":{"type":"MultiPolygon","coordinates":[[[[120.437187,24.066555],[120.437576,24.06764],[120.437597,24.067638],[120.4372,24.066558],[120.437187,24.066555]]]]}},{"type":"Feature","properties":{"n":"中興街","v":"竹塘鄉","w":3,"c":1.5,"r":1},"geometry":{"type":"MultiPolygon","coordinates":[[[[120.427086,23.85883],[120.42786,23.858608],[120.427364,23.858747],[120.427086,23.85883]]]]}},{"type":"Feature","properties":{"n":"竹林路一段","v":"竹塘鄉","w":2.5,"c":2.5,"r":2},"geometry":{"type":"MultiPolygon","coordinates":[[[[120.427998,23.858577],[120.428544,23.858435],[120.429684,23.858122],[120.427998,23.858577]]]]}},{"type":"Feature","properties":{"n":"竹五路","v":"竹塘鄉","w":1.5,"c":1.5,"r":2},"geometry":{"type":"MultiPolygon","coordinates":[[[[120.429519,23.859255],[120.429528,23.860398],[120.429524,23.859836],[120.429519,23.859255]]]]}},{"type":"Feature","properties":{"n":"中興街1巷","v":"竹塘鄉","w":1.5,"c":1.5,"r":2},"geometry":{"type":"MultiPolygon","coordinates":[[[[120.427877,23.85859],[120.427877,23.857442],[120.427855,23.85637],[120.427877,23.85859]]]]}},{"type":"Feature","properties":{"n":"建國十街","v":"伸港鄉","w":1,"c":1,"r":0},"geometry":{"type":"MultiPolygon","coordinates":[[[[120.480404,24.162682],[120.480423,24.162679],[120.480292,24.162212],[120.480321,24.162163],[120.480308,24.16216],[120.480275,24.162209],[120.480404,24.162682]]]]}},{"type":"Feature","properties":{"n":"育英路","v":"埔心鄉","w":2,"c":2,"r":2},"geometry":{"type":"MultiPolygon","coordinates":[[[[120.541395,23.953655],[120.541162,23.953669],[120.541132,23.954213],[120.54128,23.954216],[120.541323,23.954191],[120.541427,23.953684],[120.541403,23.953694],[120.541307,23.954177],[120.54128,23.954201],[120.541151,23.954201],[120.541183,23.953684],[120.541379,23.953672],[120.541395,23.953655]]]]}},{"type":"Feature","properties":{"n":"光復路三段","v":"田尾鄉","w":1.5,"c":1.5,"r":6},"geometry":{"type":"MultiPolygon","coordinates":[[[[120.528186,23.892412],[120.526566,23.892294],[120.526598,23.892363],[120.528164,23.892461],[120.528153,23.892422],[120.528186,23.892412]]]]}},{"type":"Feature","properties":{"n":"光復路一段","v":"田尾鄉","w":1.5,"c":1.5,"r":2},"geometry":{"type":"MultiPolygon","coordinates":[[[[120.560675,23.886838],[120.560685,23.886799],[120.559205,23.886799],[120.559205,23.886858],[120.560675,23.886838]]]]}},{"type":"Feature","properties":{"n":"陸豐路","v":"田尾鄉","w":1.5,"c":1.5,"r":4},"geometry":{"type":"MultiPolygon","coordinates":[[[[120.503884,23.917714],[120.503874,23.917724],[120.504356,23.918435],[120.504249,23.918636],[120.504265,23.918641],[120.504373,23.91842],[120.503884,23.917714]]]]}},{"type":"Feature","properties":{"n":"文昌東路","v":"埔心鄉","w":2.5,"c":2.5,"r":4},"geometry":{"type":"MultiPolygon","coordinates":[[[[120.511287,23.942337],[120.511293,23.942347],[120.511851,23.941967],[120.512157,23.941778],[120.512584,23.941529],[120.51263,23.941362],[120.512359,23.940499],[120.512209,23.939825],[120.512193,23.939815],[120.512332,23.940458],[120.512405,23.940715],[120.512614,23.941356],[120.512566,23.941516],[120.512547,23.94154],[120.512169,23.941758],[120.511764,23.942004],[120.511287,23.942337]]]]}},{"type":"Feature","properties":{"n":"文昌東路","v":"埔心鄉","w":2,"c":2,"r":4},"geometry":{"type":"MultiPolygon","coordinates":[[[[120.512237,23.939809],[120.512425,23.940608],[120.512672,23.941417],[120.51268,23.941414],[120.51242,23.940554],[120.512245,23.939806],[120.512237,23.939809]]]]}},{"type":"Feature","properties":{"n":"四維路","v":"彰化市","w":1.5,"c":1.5,"r":2},"geometry":{"type":"MultiPolygon","coordinates":[[[[120.53728,24.066395],[120.537639,24.066185],[120.537704,24.066195],[120.537747,24.066172],[120.537717,24.066155],[120.537688,24.066146],[120.537655,24.066155],[120.537304,24.066356],[120.537274,24.066368],[120.53728,24.066395]]]]}},{"type":"Feature","properties":{"n":"中山路三段","v":"彰化市","w":4,"c":4,"r":4},"geometry":{"type":"MultiPolygon","coordinates":[[[[120.561992,24.087393],[120.562014,24.087359],[120.561992,24.08732],[120.561944,24.0873],[120.55909,24.086321],[120.559026,24.086384],[120.558999,24.086423],[120.559058,24.086453],[120.559128,24.086399],[120.560978,24.087036],[120.561992,24.087393]]]]}},{"type":"Feature","properties":{"n":"介壽北路","v":"彰化市","w":1.5,"c":1.5,"r":null},"geometry":{"type":"MultiPolygon","coordinates":[[[[120.548157,24.07175],[120.548187,24.072051],[120.548216,24.072157],[120.548259,24.072245],[120.548297,24.07235],[120.548393,24.072514],[120.548479,24.072629],[120.548595,24.072764],[120.548664,24.072838],[120.548726,24.072894],[120.548737,24.072913],[120.548753,24.072906],[120.548511,24.072639],[120.548409,24.072507],[120.548318,24.072345],[120.548281,24.072245],[120.54824,24.072159],[120.548208,24.072044],[120.548181,24.071758],[120.548157,24.07175]]]]}},{"type":"Feature","properties":{"n":"南郭路一段","v":"彰化市","w":1.5,"c":1.5,"r":null},"geometry":{"type":"MultiPolygon","coordinates":[[[[120.54904,24.072982],[120.549031,24.073009],[120.549522,24.073146],[120.549673,24.07318],[120.549694,24.073151],[120.549568,24.073131],[120.549316,24.07306],[120.54904,24.072982]]]]}},{"type":"Feature","properties":{"n":"中正路","v":"花壇鄉","w":1.4,"c":0.9,"r":null},"geometry":{"type":"MultiPolygon","coordinates":[[[[120.549022,24.028411],[120.549041,24.028371],[120.549033,24.028374],[120.54715,24.02783],[120.547137,24.027869],[120.549022,24.028411]]]]}},{"type":"Feature","properties":{"n":"中正路","v":"員林鎮","w":1.2,"c":0.9,"r":null},"geometry":{"type":"MultiPolygon","coordinates":[[[[120.575892,23.951098],[120.575902,23.951451],[120.575881,23.951735],[120.575816,23.952029],[120.575838,23.952068],[120.575924,23.95174],[120.575945,23.95146],[120.575929,23.951098],[120.575892,23.951098]]]]}},{"type":"Feature","properties":{"n":"中正路","v":"員林鎮","w":1.2,"c":0.9,"r":null},"geometry":{"type":"MultiPolygon","coordinates":[[[[120.575784,23.952132],[120.575747,23.952264],[120.575634,23.952539],[120.575666,23.952554],[120.575833,23.952137],[120.575784,23.952132]]]]}},{"type":"Feature","properties":{"n":"中正路","v":"員林鎮","w":1.2,"c":0.9,"r":null},"geometry":{"type":"MultiPolygon","coordinates":[[[[120.575607,23.952578],[120.575521,23.95276],[120.57536,23.953054],[120.575366,23.953098],[120.575409,23.953113],[120.575409,23.953054],[120.575645,23.952593],[120.575607,23.952578]]]]}},{"type":"Feature","properties":{"n":"中正路","v":"員林鎮","w":1.2,"c":0.9,"r":null},"geometry":{"type":"MultiPolygon","coordinates":[[[[120.57513,23.953044],[120.575183,23.953029],[120.575452,23.952559],[120.575554,23.952323],[120.575656,23.95199],[120.57572,23.951676],[120.575731,23.95149],[120.575736,23.951206],[120.575731,23.951098],[120.575682,23.951103],[120.575677,23.951666],[120.575613,23.95197],[120.575511,23.952318],[120.575414,23.952544],[120.575167,23.95299],[120.575087,23.953029],[120.57513,23.953044]]]]}},{"type":"Feature","properties":{"n":"中正路","v":"員林鎮","w":1.2,"c":0.9,"r":null},"geometry":{"type":"MultiPolygon","coordinates":[[[[120.575677,23.951014],[120.575741,23.95097],[120.575715,23.950735],[120.575682,23.950701],[120.57565,23.950701],[120.575677,23.950759],[120.575698,23.950951],[120.575629,23.951009],[120.575677,23.951014]]]]}},{"type":"Feature","properties":{"n":"中正路","v":"員林鎮","w":1.2,"c":0.9,"r":null},"geometry":{"type":"MultiPolygon","coordinates":[[[[120.575677,23.950617],[120.575725,23.950573],[120.575725,23.95],[120.575709,23.949323],[120.575639,23.949048],[120.575586,23.949078],[120.575661,23.949333],[120.575682,23.94995],[120.575677,23.950558],[120.575618,23.950607],[120.575677,23.950617]]]]}},{"type":"Feature","properties":{"n":"孔門路","v":"彰化市","w":2.9,"c":0.9,"r":null},"geometry":{"type":"MultiPolygon","coordinates":[[[[120.543523,24.078211],[120.543426,24.07825],[120.543437,24.078284],[120.544483,24.078279],[120.544499,24.078245],[120.544488,24.078226],[120.544462,24.078265],[120.54356,24.078265],[120.543523,24.078211]]]]}},{"type":"Feature","properties":{"n":"中華路","v":"彰化市","w":2.6,"c":0.9,"r":null},"geometry":{"type":"MultiPolygon","coordinates":[[[[120.543469,24.078157],[120.543459,24.078133],[120.543142,24.07826],[120.543029,24.078265],[120.542997,24.078235],[120.542986,24.078216],[120.542965,24.078221],[120.542992,24.078265],[120.543013,24.078279],[120.543196,24.078275],[120.543394,24.078186],[120.543469,24.078157]]]]}},{"type":"Feature","properties":{"n":"孔門路","v":"彰化市","w":2.9,"c":1,"r":null},"geometry":{"type":"MultiPolygon","coordinates":[[[[120.544096,24.078423],[120.544118,24.078399],[120.544517,24.078399],[120.544574,24.078426],[120.544598,24.078472],[120.544611,24.078468],[120.544587,24.078421],[120.544555,24.078392],[120.544517,24.078384],[120.544496,24.078392],[120.544144,24.078392],[120.544126,24.078384],[120.544099,24.078394],[120.544099,24.078404],[120.544096,24.078423]]]]}},{"type":"Feature","properties":{"n":"中華路","v":"彰化市","w":2.9,"c":0.9,"r":null},"geometry":{"type":"MultiPolygon","coordinates":[[[[120.542895,24.078436],[120.542892,24.078409],[120.542884,24.078392],[120.54287,24.078379],[120.542195,24.078372],[120.541859,24.078372],[120.541835,24.078382],[120.541822,24.078394],[120.541811,24.078431],[120.541881,24.078384],[120.54287,24.078394],[120.542895,24.078436]]]]}},{"type":"Feature","properties":{"n":"中華路","v":"彰化市","w":2.9,"c":0.9,"r":null},"geometry":{"type":"MultiPolygon","coordinates":[[[[120.542868,24.078228],[120.542844,24.07825],[120.542806,24.078257],[120.54235,24.078254],[120.542342,24.078245],[120.542339,24.078267],[120.542841,24.078269],[120.542865,24.078257],[120.542873,24.078247],[120.542868,24.078228]]]]}},{"type":"Feature","properties":{"n":"中華路","v":"彰化市","w":2.9,"c":0.9,"r":null},"geometry":{"type":"MultiPolygon","coordinates":[[[[120.542299,24.078254],[120.541838,24.078254],[120.541798,24.078218],[120.541803,24.07825],[120.541814,24.078262],[120.541832,24.078269],[120.542299,24.078269],[120.542299,24.078254]]]]}},{"type":"Feature","properties":{"n":"中華路","v":"彰化市","w":2.9,"c":0.9,"r":null},"geometry":{"type":"MultiPolygon","coordinates":[[[[120.541725,24.078433],[120.541725,24.078414],[120.541717,24.078394],[120.541682,24.078382],[120.541511,24.078411],[120.541486,24.078423],[120.541108,24.078485],[120.540612,24.078573],[120.540596,24.078568],[120.540534,24.078588],[120.540507,24.078617],[120.540489,24.078654],[120.540443,24.078712],[120.540395,24.078749],[120.5404,24.078766],[120.540419,24.078764],[120.540572,24.078595],[120.541693,24.078399],[120.541725,24.078433]]]]}},{"type":"Feature","properties":{"n":"中華路","v":"彰化市","w":2.9,"c":0.9,"r":null},"geometry":{"type":"MultiPolygon","coordinates":[[[[120.540907,24.078367],[120.540918,24.078397],[120.540939,24.078409],[120.540971,24.078411],[120.541352,24.07834],[120.541352,24.078325],[120.540966,24.078397],[120.540907,24.078367]]]]}},{"type":"Feature","properties":{"n":"中華路","v":"彰化市","w":2.6,"c":0.9,"r":null},"geometry":{"type":"MultiPolygon","coordinates":[[[[120.54139,24.078322],[120.541398,24.078334],[120.541671,24.078293],[120.541709,24.078273],[120.541717,24.078227],[120.541711,24.078227],[120.541695,24.078261],[120.541666,24.078276],[120.54139,24.078322]]]]}},{"type":"Feature","properties":{"n":"公園三路","v":"鹿港鎮","w":2,"c":2,"r":4},"geometry":{"type":"MultiPolygon","coordinates":[[[[120.432085,24.056056],[120.432088,24.056022],[120.432058,24.05599],[120.431806,24.055662],[120.431784,24.055677],[120.432045,24.056002],[120.432085,24.056056]]]]}},{"type":"Feature","properties":{"n":"中正路一段","v":"彰化市","w":2.5,"c":1.5,"r":2},"geometry":{"type":"MultiPolygon","coordinates":[[[[120.539323,24.081856],[120.539328,24.08177],[120.53939,24.081682],[120.53947,24.081665],[120.539459,24.081653],[120.539422,24.081648],[120.539376,24.08166],[120.539333,24.081682],[120.539306,24.081721],[120.53929,24.081758],[120.539288,24.081792],[120.539323,24.081856]]]]}},{"type":"Feature","properties":{"n":"金馬路三段","v":"彰化市","w":3.5,"c":2,"r":3},"geometry":{"type":"MultiPolygon","coordinates":[[[[120.531413,24.074978],[120.531654,24.074356],[120.53175,24.074185],[120.531874,24.074092],[120.531997,24.074033],[120.532169,24.074014],[120.532276,24.074023],[120.5324,24.074072],[120.532442,24.074126],[120.532453,24.074107],[120.532421,24.074058],[120.532319,24.074009],[120.53219,24.073984],[120.532019,24.073999],[120.531911,24.074033],[120.531788,24.074102],[120.531708,24.07421],[120.531611,24.074376],[120.531418,24.074866],[120.531386,24.074969],[120.531413,24.074978]]]]}},{"type":"Feature","properties":{"n":"金馬路三段","v":"彰化市","w":3.5,"c":2,"r":2},"geometry":{"type":"MultiPolygon","coordinates":[[[[120.531375,24.075076],[120.531332,24.075072],[120.530892,24.076218],[120.530924,24.076247],[120.531375,24.075076]]]]}},{"type":"Feature","properties":{"n":"員鹿路二段","v":"福興鄉","w":3,"c":1.5,"r":6},"geometry":{"type":"MultiPolygon","coordinates":[[[[120.436599,24.04187],[120.436184,24.04044],[120.436181,24.040435],[120.436599,24.04187]]]]}},{"type":"Feature","properties":{"n":"西勢街","v":"福興鄉","w":1.7,"c":1.7,"r":2},"geometry":{"type":"MultiPolygon","coordinates":[[[[120.438312,24.043989],[120.438333,24.043972],[120.438336,24.043979],[120.438336,24.043972],[120.438234,24.043479],[120.438218,24.043482],[120.438312,24.043989]]]]}},{"type":"Feature","properties":{"n":"孔門路","v":"彰化市","w":4,"c":1.5,"r":3},"geometry":{"type":"MultiPolygon","coordinates":[[[[120.543029,24.07839],[120.543748,24.078395],[120.54374,24.078429],[120.543995,24.078431],[120.543987,24.078395],[120.543971,24.078382],[120.54389,24.078382],[120.543872,24.078387],[120.543112,24.07838],[120.543096,24.07837],[120.543029,24.078373],[120.543029,24.07839]]]]}},{"type":"Feature","properties":{"n":"和平路","v":"彰化市","w":0.9,"c":0.9,"r":null},"geometry":{"type":"MultiPolygon","coordinates":[[[[120.540484,24.079308],[120.540452,24.079266],[120.540414,24.078767],[120.540398,24.078767],[120.540398,24.078752],[120.540385,24.078755],[120.54039,24.078804],[120.540403,24.078826],[120.54043,24.079225],[120.540425,24.07924],[120.54043,24.079281],[120.540446,24.079298],[120.540484,24.079308]]]]}},{"type":"Feature","properties":{"n":"和平路","v":"彰化市","w":0.9,"c":0.9,"r":null},"geometry":{"type":"MultiPolygon","coordinates":[[[[120.540543,24.080439],[120.540471,24.080364],[120.540479,24.080268],[120.540489,24.079773],[120.540462,24.079418],[120.540503,24.079379],[120.540468,24.079377],[120.540454,24.079382],[120.540441,24.079394],[120.540438,24.079423],[120.540468,24.079783],[120.540468,24.079999],[120.540457,24.080322],[120.540441,24.080329],[120.540441,24.080364],[120.540449,24.080398],[120.540465,24.080422],[120.540489,24.080437],[120.540543,24.080439]]]]}},{"type":"Feature","properties":{"n":" 光復路","v":"彰化市","w":1.2,"c":1.2,"r":null},"geometry":{"type":"MultiPolygon","coordinates":[[[[120.540961,24.080618],[120.540961,24.080596],[120.540476,24.080559],[120.54046,24.080569],[120.540454,24.080608],[120.540465,24.080586],[120.540487,24.080574],[120.540961,24.080618]]]]}},{"type":"Feature","properties":{"n":"和平路","v":"彰化市","w":0.9,"c":0.9,"r":null},"geometry":{"type":"MultiPolygon","coordinates":[[[[120.540296,24.080417],[120.540315,24.080417],[120.540344,24.080386],[120.540355,24.080354],[120.540353,24.080337],[120.540371,24.079884],[120.540379,24.079822],[120.540347,24.079445],[120.54035,24.079423],[120.540334,24.079399],[120.540312,24.079391],[120.540272,24.079389],[120.54032,24.079431],[120.540358,24.079832],[120.540336,24.080344],[120.54032,24.080378],[120.540296,24.080417]]]]}},{"type":"Feature","properties":{"n":"和平路","v":"彰化市","w":0.9,"c":0.9,"r":null},"geometry":{"type":"MultiPolygon","coordinates":[[[[120.540272,24.079303],[120.54031,24.079298],[120.540326,24.079286],[120.540336,24.079249],[120.540331,24.079237],[120.540296,24.078823],[120.540302,24.078811],[120.540299,24.078769],[120.540277,24.078767],[120.540312,24.079262],[120.540272,24.079303]]]]}},{"type":"Feature","properties":{"n":"中華路","v":"彰化市","w":0.9,"c":0.9,"r":null},"geometry":{"type":"MultiPolygon","coordinates":[[[[120.540275,24.078769],[120.540299,24.078769],[120.540299,24.078745],[120.540248,24.078708],[120.540194,24.078622],[120.540181,24.078576],[120.54017,24.078559],[120.540047,24.0785],[120.53936,24.078262],[120.539355,24.07825],[120.539317,24.078238],[120.539296,24.078243],[120.53928,24.07826],[120.539266,24.078285],[120.539309,24.07826],[120.540071,24.078527],[120.540119,24.078559],[120.540275,24.078769]]]]}},{"type":"Feature","properties":{"n":"中華路","v":"彰化市","w":0.9,"c":0.9,"r":null},"geometry":{"type":"MultiPolygon","coordinates":[[[[120.538189,24.077878],[120.538245,24.077843],[120.539139,24.078191],[120.539168,24.07823],[120.539173,24.078252],[120.539181,24.078252],[120.539181,24.078208],[120.539171,24.078189],[120.539141,24.078172],[120.539106,24.078164],[120.538312,24.077858],[120.538296,24.077841],[120.538232,24.077826],[120.538205,24.077836],[120.538189,24.077861],[120.538189,24.077878]]]]}},{"type":"Feature","properties":{"n":"中華路","v":"彰化市","w":0.9,"c":0.9,"r":null},"geometry":{"type":"MultiPolygon","coordinates":[[[[120.537138,24.07729],[120.537156,24.077278],[120.537194,24.07727],[120.537282,24.077317],[120.537524,24.077469],[120.538068,24.077768],[120.538103,24.077807],[120.538103,24.077787],[120.538074,24.077745],[120.538044,24.077728],[120.538028,24.077731],[120.537207,24.077258],[120.537199,24.077246],[120.537172,24.077234],[120.537154,24.077236],[120.53714,24.077243],[120.537122,24.077273],[120.537122,24.07729],[120.537138,24.07729]]]]}},{"type":"Feature","properties":{"n":"中華路","v":"彰化市","w":0.9,"c":0.9,"r":null},"geometry":{"type":"MultiPolygon","coordinates":[[[[120.537231,24.077072],[120.53721,24.077082],[120.537207,24.077136],[120.537215,24.07715],[120.53724,24.077165],[120.537258,24.077165],[120.537854,24.077532],[120.53809,24.07765],[120.538092,24.07766],[120.538151,24.077687],[120.538165,24.077687],[120.538208,24.077667],[120.538235,24.077645],[120.538235,24.077635],[120.538162,24.07767],[120.537913,24.07755],[120.537226,24.077131],[120.537231,24.077072]]]]}},{"type":"Feature","properties":{"n":"中華路","v":"彰化市","w":0.9,"c":0.9,"r":null},"geometry":{"type":"MultiPolygon","coordinates":[[[[120.538304,24.077689],[120.538286,24.077714],[120.538299,24.077758],[120.538371,24.077777],[120.538825,24.077944],[120.539047,24.07803],[120.539053,24.078037],[120.539238,24.078103],[120.539249,24.078103],[120.539267,24.078093],[120.539286,24.078074],[120.539249,24.078088],[120.539235,24.078086],[120.538307,24.077741],[120.538304,24.077689]]]]}},{"type":"Feature","properties":{"n":"中華路","v":"彰化市","w":0.9,"c":0.9,"r":null},"geometry":{"type":"MultiPolygon","coordinates":[[[[120.539372,24.078138],[120.539377,24.078118],[120.539364,24.078138],[120.539364,24.078148],[120.539375,24.078162],[120.539426,24.07818],[120.539444,24.078177],[120.54019,24.078449],[120.540254,24.078486],[120.540316,24.078483],[120.54037,24.078488],[120.540453,24.078513],[120.540488,24.078513],[120.540541,24.078503],[120.540552,24.078491],[120.540735,24.078459],[120.540756,24.078459],[120.540783,24.078437],[120.540783,24.078415],[120.540775,24.078385],[120.540745,24.078432],[120.540512,24.078473],[120.540434,24.078473],[120.540268,24.078451],[120.539423,24.07816],[120.539372,24.078138]]]]}},{"type":"Feature","properties":{"n":"寶山路","v":"彰化市","w":0.9,"c":0.9,"r":null},"geometry":{"type":"MultiPolygon","coordinates":[[[[120.555665,24.07195],[120.55569,24.07196],[120.5557,24.071943],[120.555716,24.071869],[120.555743,24.071781],[120.555773,24.07171],[120.555773,24.071688],[120.55581,24.071639],[120.555834,24.071632],[120.555893,24.071536],[120.555877,24.071507],[120.555845,24.071558],[120.555783,24.071637],[120.555733,24.07172],[120.555687,24.071874],[120.555665,24.07195]]]]}},{"type":"Feature","properties":{"n":"南郭路一段","v":"彰化市","w":0.9,"c":0.9,"r":null},"geometry":{"type":"MultiPolygon","coordinates":[[[[120.555987,24.071404],[120.556009,24.071411],[120.556036,24.071411],[120.556113,24.071363],[120.556119,24.071345],[120.556776,24.070958],[120.556816,24.070924],[120.556843,24.070927],[120.556918,24.070853],[120.556902,24.070831],[120.556658,24.070998],[120.556129,24.071321],[120.555987,24.071404]]]]}},{"type":"Feature","properties":{"n":"寶山路","v":"彰化市","w":0.9,"c":0.9,"r":null},"geometry":{"type":"MultiPolygon","coordinates":[[[[120.55813,24.065132],[120.558171,24.065438],[120.558409,24.066993],[120.558407,24.067067],[120.558393,24.067175],[120.558366,24.067322],[120.558087,24.06826],[120.557731,24.069291],[120.557567,24.069834],[120.557489,24.070025],[120.557398,24.070172],[120.55695,24.070758],[120.556985,24.070767],[120.557449,24.07015],[120.557581,24.069871],[120.557868,24.068955],[120.558098,24.068294],[120.558425,24.067192],[120.558439,24.067035],[120.558404,24.066766],[120.558152,24.065127],[120.558125,24.065108],[120.558087,24.065105],[120.55813,24.065132]]]]}},{"type":"Feature","properties":{"n":"忠孝路","v":"伸港鄉","w":0.9,"c":0.9,"r":null},"geometry":{"type":"MultiPolygon","coordinates":[[[[120.485154,24.14872],[120.485742,24.148635],[120.485739,24.148622],[120.485152,24.148713],[120.485154,24.14872]]]]}},{"type":"Feature","properties":{"n":"中正路","v":"花壇鄉","w":null,"c":null,"r":2},"geometry":{"type":"MultiPolygon","coordinates":[[[[120.545838,24.027639],[120.54528,24.02747],[120.545275,24.027494],[120.545827,24.027663],[120.545838,24.027639]]]]}},{"type":"Feature","properties":{"n":"中山路一段","v":"花壇鄉","w":2,"c":2,"r":6},"geometry":{"type":"MultiPolygon","coordinates":[[[[120.541377,24.023744],[120.541358,24.023722],[120.539212,24.025614],[120.539236,24.025624],[120.539357,24.025516],[120.541377,24.023744]]]]}},{"type":"Feature","properties":{"n":"中山路二段","v":"花壇鄉","w":1.8,"c":1.8,"r":2},"geometry":{"type":"MultiPolygon","coordinates":[[[[120.539164,24.025762],[120.53855,24.02751],[120.538564,24.027512],[120.53918,24.025769],[120.539164,24.025762]]]]}},{"type":"Feature","properties":{"n":"中山路二段","v":"花壇鄉","w":1.8,"c":1.8,"r":2},"geometry":{"type":"MultiPolygon","coordinates":[[[[120.538033,24.028923],[120.538049,24.02894],[120.538049,24.028925],[120.53853,24.027624],[120.538511,24.027622],[120.538033,24.028923]]]]}},{"type":"Feature","properties":{"n":"中山路二段","v":"花壇鄉","w":1.8,"c":1.8,"r":2},"geometry":{"type":"MultiPolygon","coordinates":[[[[120.538014,24.029066],[120.537995,24.029056],[120.537585,24.030464],[120.537593,24.030474],[120.537604,24.030469],[120.538014,24.029066]]]]}},{"type":"Feature","properties":{"n":"中山路二段","v":"花壇鄉","w":1.8,"c":1.8,"r":2},"geometry":{"type":"MultiPolygon","coordinates":[[[[120.537893,24.030546],[120.537914,24.030551],[120.538204,24.029588],[120.538303,24.029228],[120.538287,24.029223],[120.538019,24.030129],[120.537893,24.030546]]]]}},{"type":"Feature","properties":{"n":"中山路二段","v":"花壇鄉","w":1.8,"c":1.8,"r":2},"geometry":{"type":"MultiPolygon","coordinates":[[[[120.538859,24.027641],[120.539101,24.026951],[120.53909,24.026948],[120.538843,24.027646],[120.538849,24.027649],[120.538859,24.027641]]]]}},{"type":"Feature","properties":{"n":"公園一街","v":"芬園鄉","w":null,"c":null,"r":2},"geometry":{"type":"MultiPolygon","coordinates":[[[[120.630722,24.014921],[120.630749,24.014901],[120.630808,24.014046],[120.630776,24.014073],[120.630768,24.014095],[120.630722,24.014921]]]]}},{"type":"Feature","properties":{"n":"清水路","v":"芬園鄉","w":2.5,"c":1.8,"r":null},"geometry":{"type":"MultiPolygon","coordinates":[[[[120.630191,24.013669],[120.630151,24.013718],[120.630078,24.0146],[120.630089,24.014657],[120.630062,24.015007],[120.630094,24.015073],[120.630306,24.015294],[120.630322,24.015294],[120.63032,24.015264],[120.630127,24.015061],[120.630116,24.014978],[120.630127,24.014672],[120.630116,24.014583],[120.630191,24.013669]]]]}},{"type":"Feature","properties":{"n":"清水路","v":"芬園鄉","w":1.6,"c":1.6,"r":null},"geometry":{"type":"MultiPolygon","coordinates":[[[[120.630224,24.015371],[120.630232,24.015352],[120.630076,24.015207],[120.630055,24.015219],[120.630224,24.015371]]]]}},{"type":"Feature","properties":{"n":"清水路","v":"芬園鄉","w":1.8,"c":1.8,"r":null},"geometry":{"type":"MultiPolygon","coordinates":[[[[120.630001,24.01506],[120.63003,24.014729],[120.630033,24.014612],[120.630014,24.014568],[120.63006,24.013933],[120.630076,24.013926],[120.630097,24.013693],[120.630071,24.013659],[120.630044,24.013909],[120.630028,24.01395],[120.629985,24.014573],[120.630004,24.014636],[120.629966,24.015063],[120.629977,24.015075],[120.630001,24.01506]]]]}},{"type":"Feature","properties":{"n":"南妙街","v":"芬園鄉","w":3,"c":3,"r":2},"geometry":{"type":"MultiPolygon","coordinates":[[[[120.62841,24.011732],[120.628407,24.011718],[120.62838,24.011705],[120.627369,24.011708],[120.626618,24.011583],[120.626495,24.011536],[120.626468,24.011558],[120.626575,24.01161],[120.627366,24.011732],[120.62841,24.011732]]]]}},{"type":"Feature","properties":{"n":"西園路","v":"和美鎮","w":null,"c":null,"r":2},"geometry":{"type":"MultiPolygon","coordinates":[[[[120.492223,24.112738],[120.492872,24.11298],[120.492883,24.11298],[120.492891,24.112968],[120.492237,24.112713],[120.492223,24.112738]]]]}},{"type":"Feature","properties":{"n":"和線路957巷","v":"線西鄉","w":0.9,"c":0.9,"r":null},"geometry":{"type":"MultiPolygon","coordinates":[[[[120.468947,24.130541],[120.469172,24.130531],[120.469956,24.130377],[120.470197,24.130299],[120.470288,24.130286],[120.470277,24.130269],[120.470186,24.130291],[120.469939,24.130365],[120.469162,24.130514],[120.468944,24.130526],[120.468928,24.130538],[120.468947,24.130541]]]]}},{"type":"Feature","properties":{"n":"鹿草路一段","v":"鹿港鎮","w":5.1,"c":4.4,"r":2},"geometry":{"type":"MultiPolygon","coordinates":[[[[120.433734,24.062565],[120.433433,24.062085],[120.433422,24.062073],[120.43339,24.06209],[120.433699,24.062587],[120.433734,24.062565]]]]}},{"type":"Feature","properties":{"n":"中正路","v":"鹿港鎮","w":null,"c":null,"r":2},"geometry":{"type":"MultiPolygon","coordinates":[[[[120.436246,24.062135],[120.435458,24.06288],[120.435452,24.062904],[120.43549,24.062931],[120.436271,24.062187],[120.436246,24.062135]]]]}},{"type":"Feature","properties":{"n":"仁愛路","v":"秀水鄉","w":1.45,"c":0.8,"r":2},"geometry":{"type":"MultiPolygon","coordinates":[[[[120.503742,24.036185],[120.503767,24.036186],[120.503829,24.035496],[120.503799,24.035496],[120.503742,24.036185]]]]}},{"type":"Feature","properties":{"n":"建國路","v":"鹿港鎮","w":1.8,"c":0,"r":2},"geometry":{"type":"MultiPolygon","coordinates":[[[[120.435094,24.062879],[120.435107,24.062861],[120.434772,24.061587],[120.434756,24.061597],[120.435094,24.062879]]]]}},{"type":"Feature","properties":{"n":"建國路","v":"鹿港鎮","w":1.8,"c":0,"r":2},"geometry":{"type":"MultiPolygon","coordinates":[[[[120.434565,24.061034],[120.434567,24.061029],[120.434101,24.060593],[120.433966,24.060282],[120.433956,24.06029],[120.434087,24.060603],[120.434565,24.061034]]]]}},{"type":"Feature","properties":{"n":"建國路","v":"鹿港鎮","w":1.5,"c":0,"r":2},"geometry":{"type":"MultiPolygon","coordinates":[[[[120.436876,24.066012],[120.436967,24.066034],[120.437032,24.066037],[120.437118,24.066022],[120.437179,24.065988],[120.437225,24.065956],[120.437238,24.065917],[120.437201,24.065853],[120.437034,24.065647],[120.437029,24.065662],[120.437131,24.065787],[120.437209,24.0659],[120.437219,24.065924],[120.437201,24.065956],[120.437174,24.065975],[120.437152,24.065983],[120.437128,24.066],[120.437037,24.066024],[120.436989,24.066027],[120.436887,24.066002],[120.436876,24.066012]]]]}},{"type":"Feature","properties":{"n":"靜修路","v":"員林鎮","w":2,"c":1.7,"r":2},"geometry":{"type":"MultiPolygon","coordinates":[[[[120.569384,23.96238],[120.569703,23.96238],[120.569679,23.962365],[120.569422,23.962365],[120.569384,23.96238]]]]}},{"type":"Feature","properties":{"n":"靜修路","v":"員林鎮","w":null,"c":null,"r":2},"geometry":{"type":"MultiPolygon","coordinates":[[[[120.569202,23.962366],[120.568784,23.962369],[120.568738,23.962393],[120.569197,23.962384],[120.569202,23.962366]]]]}},{"type":"Feature","properties":{"n":"正興街","v":"員林鎮","w":3.7,"c":2.2,"r":2},"geometry":{"type":"MultiPolygon","coordinates":[[[[120.577334,23.960847],[120.57994,23.961323],[120.579889,23.96129],[120.577333,23.960821],[120.577334,23.960847]]]]}},{"type":"Feature","properties":{"n":"正興街","v":"員林鎮","w":2.5,"c":1.5,"r":2},"geometry":{"type":"MultiPolygon","coordinates":[[[[120.5749,23.960552],[120.576987,23.960925],[120.576949,23.960895],[120.574927,23.960537],[120.5749,23.960552]]]]}},{"type":"Feature","properties":{"n":"社斗路一段","v":"社頭鄉","w":3.5,"c":2,"r":2},"geometry":{"type":"MultiPolygon","coordinates":[[[[120.586097,23.897146],[120.586097,23.897181],[120.587503,23.897593],[120.587529,23.897568],[120.586097,23.897146]]]]}},{"type":"Feature","properties":{"n":"中山路一段","v":"社頭鄉","w":2,"c":1.6,"r":2},"geometry":{"type":"MultiPolygon","coordinates":[[[[120.583952,23.893676],[120.583957,23.893696],[120.584488,23.891675],[120.584472,23.89168],[120.583952,23.893676]]]]}},{"type":"Feature","properties":{"n":"和平二路","v":"社頭鄉","w":2,"c":1.6,"r":2},"geometry":{"type":"MultiPolygon","coordinates":[[[[120.585983,23.891996],[120.584499,23.891684],[120.584491,23.891694],[120.585983,23.892015],[120.585983,23.891996]]]]}},{"type":"Feature","properties":{"n":"瑚璉路","v":"永靖鄉","w":3.6,"c":2.8,"r":2},"geometry":{"type":"MultiPolygon","coordinates":[[[[120.544422,23.923303],[120.54443,23.923286],[120.544012,23.923107],[120.544009,23.923127],[120.544425,23.923296],[120.544422,23.923303]]]]}},{"type":"Feature","properties":{"n":"大溪路二段","v":"溪湖鎮","w":2.4,"c":1.5,"r":2},"geometry":{"type":"MultiPolygon","coordinates":[[[[120.483063,23.965278],[120.483119,23.965153],[120.482867,23.96478],[120.482856,23.964787],[120.483106,23.965155],[120.483044,23.96527],[120.483038,23.965327],[120.483055,23.965322],[120.483063,23.965278]]]]}},{"type":"Feature","properties":{"n":"二溪路一段","v":"溪湖鎮","w":2.8,"c":2.8,"r":2},"geometry":{"type":"MultiPolygon","coordinates":[[[[120.478214,23.959383],[120.479201,23.959231],[120.479201,23.959216],[120.478209,23.959368],[120.478214,23.959383]]]]}},{"type":"Feature","properties":{"n":"中正西路","v":"大村鄉","w":1.4,"c":1.4,"r":2},"geometry":{"type":"MultiPolygon","coordinates":[[[[120.547255,23.993261],[120.547024,23.993376],[120.547038,23.993383],[120.547268,23.993275],[120.547255,23.993261]]]]}},{"type":"Feature","properties":{"n":"學士街","v":"大村鄉","w":1.6,"c":1.2,"r":2},"geometry":{"type":"MultiPolygon","coordinates":[[[[120.546487,23.992921],[120.546495,23.992923],[120.546476,23.992465],[120.546513,23.992421],[120.546508,23.992408],[120.546468,23.992455],[120.546487,23.992921]]]]}},{"type":"Feature","properties":{"n":"大義街","v":"大村鄉","w":2.4,"c":1.9,"r":2},"geometry":{"type":"MultiPolygon","coordinates":[[[[120.547064,23.992756],[120.54689,23.992582],[120.546729,23.992494],[120.546512,23.992416],[120.546517,23.992433],[120.546753,23.992516],[120.546887,23.992594],[120.547059,23.992759],[120.547064,23.992756]]]]}},{"type":"Feature","properties":{"n":"中正路","v":"田中鎮","w":7,"c":1.2,"r":2},"geometry":{"type":"MultiPolygon","coordinates":[[[[120.585735,23.855307],[120.586834,23.854885],[120.58684,23.854878],[120.586837,23.854858],[120.585711,23.855273],[120.585735,23.855307]]]]}},{"type":"Feature","properties":{"n":"中正路","v":"田中鎮","w":2.1,"c":1.2,"r":2},"geometry":{"type":"MultiPolygon","coordinates":[[[[120.583218,23.857585],[120.583148,23.857761],[120.583084,23.858031],[120.583063,23.858443],[120.583073,23.858688],[120.583068,23.859218],[120.583095,23.859213],[120.583095,23.858669],[120.583084,23.858389],[120.583106,23.858056],[120.583154,23.85782],[120.58324,23.857589],[120.583218,23.857585]]]]}},{"type":"Feature","properties":{"n":"中正路","v":"田中鎮","w":2.1,"c":0.5,"r":2},"geometry":{"type":"MultiPolygon","coordinates":[[[[120.582844,23.860407],[120.582859,23.859253],[120.58284,23.859253],[120.582825,23.860409],[120.582844,23.860407]]]]}},{"type":"Feature","properties":{"n":"中正路","v":"田中鎮","w":2,"c":1,"r":2},"geometry":{"type":"MultiPolygon","coordinates":[[[[120.582854,23.859201],[120.582843,23.859201],[120.582876,23.858146],[120.58302,23.857548],[120.582994,23.857528],[120.582849,23.858132],[120.582822,23.859206],[120.582854,23.859201]]]]}},{"type":"Feature","properties":{"n":"斗中路一段","v":"田中鎮","w":1.2,"c":1.2,"r":2},"geometry":{"type":"MultiPolygon","coordinates":[[[[120.580867,23.861314],[120.580505,23.861446],[120.580505,23.861456],[120.580872,23.861329],[120.580867,23.861314]]]]}},{"type":"Feature","properties":{"n":"中山路二段","v":"北斗鎮","w":2,"c":2,"r":2},"geometry":{"type":"MultiPolygon","coordinates":[[[[120.518166,23.874339],[120.518182,23.874339],[120.517539,23.873625],[120.517528,23.87364],[120.518169,23.874344],[120.518166,23.874339]]]]}},{"type":"Feature","properties":{"n":"中山路二段","v":"北斗鎮","w":2,"c":2,"r":2},"geometry":{"type":"MultiPolygon","coordinates":[[[[120.519139,23.875417],[120.519153,23.87541],[120.518222,23.874384],[120.518217,23.874396],[120.519139,23.875417]]]]}},{"type":"Feature","properties":{"n":"中山路二段","v":"北斗鎮","w":2,"c":2,"r":2},"geometry":{"type":"MultiPolygon","coordinates":[[[[120.519217,23.875515],[120.519966,23.876346],[120.519979,23.876341],[120.519225,23.875502],[120.519217,23.875515]]]]}},{"type":"Feature","properties":{"n":"興安街","v":"埤頭鄉","w":1.8,"c":1.2,"r":2},"geometry":{"type":"MultiPolygon","coordinates":[[[[120.457804,23.895509],[120.458104,23.895357],[120.458096,23.895337],[120.457799,23.895497],[120.457804,23.895509]]]]}},{"type":"Feature","properties":{"n":"文鄉路","v":"埤頭鄉","w":1.8,"c":1.8,"r":2},"geometry":{"type":"MultiPolygon","coordinates":[[[[120.459687,23.894071],[120.459081,23.893527],[120.458829,23.893097],[120.458808,23.893105],[120.459065,23.893524],[120.459674,23.894076],[120.459687,23.894071]]]]}},{"type":"Feature","properties":{"n":"斗苑西路","v":"埤頭鄉","w":2.7,"c":1.6,"r":2},"geometry":{"type":"MultiPolygon","coordinates":[[[[120.461934,23.891387],[120.461934,23.891404],[120.462349,23.891347],[120.462341,23.891335],[120.461934,23.891387]]]]}},{"type":"Feature","properties":{"n":"中央路三段","v":"溪州鄉","w":4.5,"c":3.4,"r":2},"geometry":{"type":"MultiPolygon","coordinates":[[[[120.494805,23.85014],[120.494835,23.850135],[120.494771,23.849488],[120.49479,23.849309],[120.494766,23.849318],[120.494747,23.849488],[120.494794,23.849997],[120.494805,23.85014]]]]}},{"type":"Feature","properties":{"n":"中央路三段","v":"溪州鄉","w":4.5,"c":3.4,"r":2},"geometry":{"type":"MultiPolygon","coordinates":[[[[120.494829,23.850142],[120.494805,23.850147],[120.494907,23.850915],[120.494925,23.850912],[120.494829,23.850142]]]]}},{"type":"Feature","properties":{"n":"中央路三段","v":"溪州鄉","w":2.4,"c":0,"r":2},"geometry":{"type":"MultiPolygon","coordinates":[[[[120.494914,23.850918],[120.494903,23.85092],[120.494976,23.851543],[120.494984,23.851541],[120.494914,23.850918]]]]}},{"type":"Feature","properties":{"n":"竹五路","v":"竹塘鄉","w":2,"c":1.1,"r":2},"geometry":{"type":"MultiPolygon","coordinates":[[[[120.429399,23.859721],[120.429399,23.859299],[120.429382,23.859311],[120.429388,23.859723],[120.429399,23.859721]]]]}},{"type":"Feature","properties":{"n":"大成路一段","v":"二林鎮","w":3.9,"c":1.1,"r":2},"geometry":{"type":"MultiPolygon","coordinates":[[[[120.372571,23.8991],[120.372665,23.899439],[120.372697,23.899475],[120.372576,23.899066],[120.372571,23.8991]]]]}},{"type":"Feature","properties":{"n":"南平路","v":"大城鄉","w":1.9,"c":0.9,"r":2},"geometry":{"type":"MultiPolygon","coordinates":[[[[120.321001,23.853539],[120.321661,23.853358],[120.321658,23.85334],[120.320995,23.853524],[120.321001,23.853539]]]]}},{"type":"Feature","properties":{"n":"南平路","v":"大城鄉","w":1.6,"c":1,"r":2},"geometry":{"type":"MultiPolygon","coordinates":[[[[120.32167,23.853355],[120.322051,23.853232],[120.322054,23.85322],[120.32167,23.853338],[120.32167,23.853355]]]]}},{"type":"Feature","properties":{"n":"南平路","v":"大城鄉","w":2,"c":2,"r":2},"geometry":{"type":"MultiPolygon","coordinates":[[[[120.321175,23.853605],[120.321178,23.853615],[120.321685,23.85347],[120.321685,23.853451],[120.321175,23.853605]]]]}},{"type":"Feature","properties":{"n":"中山路二段","v":"彰化市","w":0.9,"c":0.9,"r":null},"geometry":{"type":"MultiPolygon","coordinates":[[[[120.545807,24.080695],[120.545925,24.080977],[120.545963,24.080982],[120.545847,24.080676],[120.545807,24.080695]]]]}},{"type":"Feature","properties":{"n":"中山路二段","v":"彰化市","w":4,"c":2.5,"r":2},"geometry":{"type":"MultiPolygon","coordinates":[[[[120.545617,24.080262],[120.545796,24.080646],[120.545872,24.080622],[120.5457,24.080208],[120.545617,24.080262]]]]}},{"type":"Feature","properties":{"n":"中山路二段","v":"彰化市","w":1.5,"c":1.5,"r":2},"geometry":{"type":"MultiPolygon","coordinates":[[[[120.547158,24.082761],[120.547325,24.082864],[120.548381,24.082883],[120.548376,24.082854],[120.547373,24.082839],[120.547196,24.082751],[120.547158,24.082761]]]]}},{"type":"Feature","properties":{"n":"中山路二段","v":"彰化市","w":1.5,"c":1.4,"r":2},"geometry":{"type":"MultiPolygon","coordinates":[[[[120.54689,24.082531],[120.546852,24.08257],[120.547067,24.082722],[120.54711,24.082702],[120.54689,24.082531]]]]}}]}