{"type":"FeatureCollection","features":[{"type":"Feature","properties":{"n":"公園路","v":"大林鎮","w":5.35,"c":1.9,"r":6},"geometry":{"type":"MultiPolygon","coordinates":[[[[120.456461,23.600573],[120.456439,23.600586],[120.456456,23.600596],[120.456479,23.600598],[120.457583,23.600335],[120.45852,23.6002],[120.458559,23.600166],[120.457575,23.600304],[120.456461,23.600573]]]]}},{"type":"Feature","properties":{"n":"忠孝路","v":"大林鎮","w":4.8,"c":1.6,"r":5},"geometry":{"type":"MultiPolygon","coordinates":[[[[120.45119,23.605758],[120.451189,23.605735],[120.4502,23.605587],[120.450138,23.605587],[120.450102,23.605623],[120.450652,23.605694],[120.450656,23.605683],[120.45119,23.605758]]]]}},{"type":"Feature","properties":{"n":"忠孝路","v":"大林鎮","w":4.8,"c":3.1,"r":2},"geometry":{"type":"MultiPolygon","coordinates":[[[[120.449547,23.605543],[120.449518,23.605466],[120.449453,23.605416],[120.448946,23.60523],[120.448661,23.6051],[120.448477,23.604996],[120.448246,23.604852],[120.448005,23.604678],[120.447826,23.604536],[120.447473,23.604211],[120.447439,23.604234],[120.447796,23.604564],[120.447978,23.604712],[120.448241,23.604895],[120.448454,23.605027],[120.448685,23.605152],[120.448938,23.605274],[120.449425,23.605443],[120.449483,23.605477],[120.449547,23.605543]]]]}},{"type":"Feature","properties":{"n":"新興街","v":"大林鎮","w":3.2,"c":1.2,"r":4},"geometry":{"type":"MultiPolygon","coordinates":[[[[120.458488,23.599799],[120.458523,23.599795],[120.458465,23.599066],[120.458428,23.599071],[120.458488,23.599799]]]]}},{"type":"Feature","properties":{"n":"民權路","v":"大林鎮","w":3.7,"c":1,"r":2},"geometry":{"type":"MultiPolygon","coordinates":[[[[120.461588,23.600026],[120.46159,23.599987],[120.461385,23.599988],[120.461386,23.600008],[120.461011,23.600014],[120.461011,23.600029],[120.461375,23.600023],[120.461588,23.600026]]]]}},{"type":"Feature","properties":{"n":"忠孝路","v":"大林鎮","w":4.8,"c":3.4,"r":4},"geometry":{"type":"MultiPolygon","coordinates":[[[[120.446475,23.602797],[120.446639,23.603019],[120.446712,23.603109],[120.446816,23.603233],[120.446996,23.603424],[120.447379,23.603794],[120.447417,23.603775],[120.447065,23.603434],[120.446865,23.603227],[120.446722,23.603054],[120.446524,23.602791],[120.446475,23.602797]]]]}},{"type":"Feature","properties":{"n":"忠孝路","v":"大林鎮","w":4,"c":2.8,"r":2},"geometry":{"type":"MultiPolygon","coordinates":[[[[120.446877,23.60369],[120.446909,23.603668],[120.446703,23.603477],[120.446445,23.603169],[120.446432,23.603208],[120.446674,23.603502],[120.446877,23.60369]]]]}},{"type":"Feature","properties":{"n":"忠孝路","v":"大林鎮","w":4.75,"c":1,"r":10},"geometry":{"type":"MultiPolygon","coordinates":[[[[120.452691,23.60573],[120.452701,23.605686],[120.451341,23.605495],[120.451333,23.605531],[120.452691,23.60573]]]]}},{"type":"Feature","properties":{"n":"忠孝路","v":"大林鎮","w":4.85,"c":1.5,"r":13},"geometry":{"type":"MultiPolygon","coordinates":[[[[120.453449,23.6058],[120.453408,23.605806],[120.453433,23.605827],[120.453463,23.605844],[120.455124,23.606089],[120.455162,23.606054],[120.453449,23.6058]]]]}},{"type":"Feature","properties":{"n":"中正路","v":"大林鎮","w":14.4,"c":1.4,"r":1},"geometry":{"type":"MultiPolygon","coordinates":[[[[120.453527,23.60214],[120.45351,23.602301],[120.453698,23.602307],[120.453684,23.602532],[120.453856,23.602593],[120.453892,23.602646],[120.453919,23.602672],[120.453973,23.602751],[120.45408,23.602679],[120.453998,23.602568],[120.453906,23.602461],[120.453527,23.60214]]]]}},{"type":"Feature","properties":{"n":"祥和路","v":"大林鎮","w":2.45,"c":1.2,"r":9},"geometry":{"type":"MultiPolygon","coordinates":[[[[120.453101,23.605221],[120.453068,23.605188],[120.452492,23.604227],[120.452482,23.604185],[120.452472,23.604183],[120.452458,23.604204],[120.452464,23.604231],[120.453035,23.605183],[120.453063,23.605218],[120.453101,23.605221]]]]}},{"type":"Feature","properties":{"n":"祥和路","v":"大林鎮","w":2.7,"c":1.5,"r":2},"geometry":{"type":"MultiPolygon","coordinates":[[[[120.453173,23.605412],[120.453408,23.605806],[120.453449,23.6058],[120.453201,23.605391],[120.453186,23.605382],[120.453175,23.605385],[120.453169,23.605399],[120.453173,23.605412]]]]}},{"type":"Feature","properties":{"n":"祥和路","v":"大林鎮","w":2.7,"c":1.5,"r":2},"geometry":{"type":"MultiPolygon","coordinates":[[[[120.452851,23.605296],[120.453103,23.605709],[120.453097,23.60574],[120.453128,23.605742],[120.453131,23.605708],[120.4529,23.605315],[120.452881,23.605302],[120.452851,23.605296]]]]}},{"type":"Feature","properties":{"n":"大林車站東側道路","v":"大林鎮","w":6.1,"c":1.9,"r":2},"geometry":{"type":"MultiPolygon","coordinates":[[[[120.456321,23.600791],[120.45629,23.600808],[120.457464,23.60207],[120.457538,23.602095],[120.457553,23.602067],[120.457503,23.602046],[120.456321,23.600791]]]]}},{"type":"Feature","properties":{"n":"大林車站東側道路","v":"大林鎮","w":3.1,"c":2.1,"r":1},"geometry":{"type":"MultiPolygon","coordinates":[[[[120.456439,23.600586],[120.456461,23.600573],[120.455957,23.600045],[120.455935,23.600058],[120.456439,23.600586]]]]}},{"type":"Feature","properties":{"n":"無名","v":"大林鎮","w":2.95,"c":1.5,"r":3},"geometry":{"type":"MultiPolygon","coordinates":[[[[120.455935,23.599988],[120.455924,23.600025],[120.455935,23.600058],[120.455957,23.600045],[120.455955,23.600003],[120.456267,23.599766],[120.456756,23.599433],[120.456866,23.599336],[120.456912,23.59916],[120.456877,23.599156],[120.456834,23.599323],[120.456743,23.599401],[120.45625,23.59975],[120.455935,23.599988]]]]}},{"type":"Feature","properties":{"n":"中正路","v":"大林鎮","w":4.75,"c":1.9,"r":8},"geometry":{"type":"MultiPolygon","coordinates":[[[[120.456062,23.60622],[120.456048,23.606231],[120.45605,23.60625],[120.456469,23.606324],[120.456481,23.606308],[120.45648,23.606291],[120.456062,23.60622]]]]}},{"type":"Feature","properties":{"n":"中正路","v":"大林鎮","w":4.8,"c":1.05,"r":12},"geometry":{"type":"MultiPolygon","coordinates":[[[[120.458591,23.606722],[120.458612,23.606692],[120.458174,23.606586],[120.457631,23.606485],[120.456628,23.606312],[120.456617,23.606345],[120.458004,23.606599],[120.458399,23.606687],[120.458552,23.606728],[120.458591,23.606722]]]]}},{"type":"Feature","properties":{"n":"中正路","v":"大林鎮","w":4.8,"c":1.7,"r":0},"geometry":{"type":"MultiPolygon","coordinates":[[[[120.459437,23.607376],[120.459491,23.607364],[120.45901,23.606922],[120.458993,23.606966],[120.459437,23.607376]]]]}},{"type":"Feature","properties":{"n":"中正路","v":"大林鎮","w":4.8,"c":1.8,"r":17},"geometry":{"type":"MultiPolygon","coordinates":[[[[120.456498,23.606561],[120.45649,23.606586],[120.457998,23.60686],[120.458351,23.606943],[120.458359,23.606909],[120.458019,23.606832],[120.456498,23.606561]]]]}},{"type":"Feature","properties":{"n":"中正路","v":"大林鎮","w":2.55,"c":2.05,"r":27},"geometry":{"type":"MultiPolygon","coordinates":[[[[120.449339,23.598788],[120.449362,23.598776],[120.44934,23.598742],[120.449159,23.598529],[120.448969,23.598336],[120.447182,23.596861],[120.447163,23.596874],[120.448939,23.598347],[120.449134,23.598544],[120.44932,23.598758],[120.449339,23.598788]]]]}},{"type":"Feature","properties":{"n":"中正路","v":"大林鎮","w":2.65,"c":2.05,"r":6},"geometry":{"type":"MultiPolygon","coordinates":[[[[120.44736,23.596733],[120.447335,23.59675],[120.449088,23.598197],[120.449111,23.598179],[120.448892,23.597993],[120.44736,23.596733]]]]}},{"type":"Feature","properties":{"n":"祥和路","v":"大林鎮","w":2.45,"c":1.35,"r":5},"geometry":{"type":"MultiPolygon","coordinates":[[[[120.450545,23.600777],[120.451008,23.601823],[120.451025,23.601835],[120.451043,23.60183],[120.450561,23.600751],[120.450549,23.600762],[120.450545,23.600777]]]]}},{"type":"Feature","properties":{"n":"祥和路","v":"大林鎮","w":2.8,"c":1.65,"r":3},"geometry":{"type":"MultiPolygon","coordinates":[[[[120.450791,23.601801],[120.450442,23.600989],[120.450423,23.600974],[120.450406,23.600978],[120.450767,23.601819],[120.450791,23.601801]]]]}},{"type":"Feature","properties":{"n":"祥和路","v":"大林鎮","w":4.75,"c":1.3,"r":2},"geometry":{"type":"MultiPolygon","coordinates":[[[[120.451838,23.603203],[120.451856,23.60321],[120.451881,23.603205],[120.451187,23.602076],[120.451178,23.602023],[120.451155,23.602042],[120.451154,23.602075],[120.451838,23.603203]]]]}},{"type":"Feature","properties":{"n":"祥和路","v":"大林鎮","w":2.6,"c":0.7,"r":26},"geometry":{"type":"MultiPolygon","coordinates":[[[[120.450861,23.602009],[120.450821,23.602],[120.452011,23.603913],[120.452039,23.603893],[120.450861,23.602009]]]]}},{"type":"Feature","properties":{"n":"祥和路","v":"大林鎮","w":2.65,"c":1.45,"r":7},"geometry":{"type":"MultiPolygon","coordinates":[[[[120.452217,23.604185],[120.452194,23.604194],[120.452753,23.605101],[120.452755,23.605129],[120.452769,23.605117],[120.452774,23.605103],[120.452217,23.604185]]]]}},{"type":"Feature","properties":{"n":"中山路一巷","v":"大林鎮","w":4.8,"c":3.3,"r":2},"geometry":{"type":"MultiPolygon","coordinates":[[[[120.455804,23.601091],[120.455824,23.601077],[120.455371,23.600626],[120.455302,23.600678],[120.45504,23.60044],[120.455019,23.600455],[120.455298,23.600713],[120.455368,23.600663],[120.455804,23.601091]]]]}},{"type":"Feature","properties":{"n":"中正路","v":"大林鎮","w":4.7,"c":3.6,"r":3},"geometry":{"type":"MultiPolygon","coordinates":[[[[120.45649,23.606586],[120.456498,23.606561],[120.455918,23.606458],[120.455895,23.606482],[120.45649,23.606586]]]]}},{"type":"Feature","properties":{"n":"中正路","v":"大林鎮","w":4.8,"c":2.4,"r":6},"geometry":{"type":"MultiPolygon","coordinates":[[[[120.455441,23.606107],[120.455426,23.606118],[120.455429,23.606137],[120.455946,23.606228],[120.455959,23.606212],[120.455957,23.606195],[120.455441,23.606107]]]]}},{"type":"Feature","properties":{"n":"忠孝路","v":"大林鎮","w":4.8,"c":3.25,"r":10},"geometry":{"type":"MultiPolygon","coordinates":[[[[120.455199,23.606373],[120.455205,23.606337],[120.453272,23.606037],[120.45324,23.606083],[120.455199,23.606373]]]]}},{"type":"Feature","properties":{"n":"中正路","v":"大林鎮","w":4.8,"c":1.8,"r":4},"geometry":{"type":"MultiPolygon","coordinates":[[[[120.455205,23.606337],[120.455199,23.606373],[120.455774,23.606458],[120.45576,23.606423],[120.455205,23.606337]]]]}},{"type":"Feature","properties":{"n":"忠孝路","v":"大林鎮","w":4.75,"c":3.2,"r":5},"geometry":{"type":"MultiPolygon","coordinates":[[[[120.451333,23.605531],[120.451341,23.605495],[120.450376,23.605352],[120.450369,23.605389],[120.451333,23.605531]]]]}},{"type":"Feature","properties":{"n":"忠孝路","v":"大林鎮","w":4.75,"c":3.3,"r":0},"geometry":{"type":"MultiPolygon","coordinates":[[[[120.452701,23.605686],[120.452691,23.60573],[120.453071,23.605786],[120.453091,23.605784],[120.453115,23.605768],[120.453128,23.605742],[120.453097,23.60574],[120.452701,23.605686]]]]}},{"type":"Feature","properties":{"n":"忠孝路","v":"大林鎮","w":4.9,"c":3.3,"r":2},"geometry":{"type":"MultiPolygon","coordinates":[[[[120.45269,23.605962],[120.452684,23.605995],[120.453116,23.606051],[120.453105,23.606035],[120.453066,23.606011],[120.45269,23.605962]]]]}},{"type":"Feature","properties":{"n":"忠孝路","v":"大林鎮","w":4.8,"c":1.85,"r":10},"geometry":{"type":"MultiPolygon","coordinates":[[[[120.451318,23.605755],[120.451312,23.60578],[120.452623,23.605983],[120.452626,23.605949],[120.451318,23.605755]]]]}},{"type":"Feature","properties":{"n":"忠孝路","v":"大林鎮","w":4.75,"c":2,"r":4},"geometry":{"type":"MultiPolygon","coordinates":[[[[120.450069,23.605203],[120.450101,23.605171],[120.449722,23.605176],[120.449402,23.60513],[120.448959,23.604937],[120.448608,23.604749],[120.448377,23.604605],[120.448127,23.604422],[120.447955,23.604272],[120.447601,23.603947],[120.447567,23.603969],[120.447925,23.604299],[120.448107,23.604448],[120.448372,23.604648],[120.448585,23.60478],[120.448982,23.60499],[120.449395,23.605162],[120.449728,23.605209],[120.450069,23.605203]]]]}},{"type":"Feature","properties":{"n":"忠孝路","v":"大林鎮","w":4.8,"c":3.35,"r":2},"geometry":{"type":"MultiPolygon","coordinates":[[[[120.447042,23.603793],[120.447014,23.603816],[120.44715,23.603942],[120.447144,23.603888],[120.447042,23.603793]]]]}},{"type":"Feature","properties":{"n":"祥和路","v":"大林鎮","w":2.55,"c":1.35,"r":2},"geometry":{"type":"MultiPolygon","coordinates":[[[[120.452121,23.603669],[120.452152,23.603669],[120.451927,23.603297],[120.451914,23.603309],[120.45191,23.603321],[120.452121,23.603669]]]]}},{"type":"Feature","properties":{"n":"祥和路","v":"大林鎮","w":2.65,"c":1.55,"r":3},"geometry":{"type":"MultiPolygon","coordinates":[[[[120.452234,23.603855],[120.452253,23.603859],[120.452265,23.603855],[120.452181,23.603717],[120.452168,23.603746],[120.452234,23.603855]]]]}},{"type":"Feature","properties":{"n":"祥和路","v":"大林鎮","w":2.7,"c":2,"r":2},"geometry":{"type":"MultiPolygon","coordinates":[[[[120.452284,23.603891],[120.452266,23.603908],[120.452337,23.604024],[120.452356,23.60403],[120.452395,23.604025],[120.452377,23.604007],[120.452358,23.604009],[120.452284,23.603891]]]]}},{"type":"Feature","properties":{"n":"明華路","v":"大林鎮","w":4.25,"c":2,"r":2},"geometry":{"type":"MultiPolygon","coordinates":[[[[120.45289,23.602148],[120.452892,23.602114],[120.4525,23.602096],[120.452498,23.602127],[120.45289,23.602148]]]]}},{"type":"Feature","properties":{"n":"祥和路","v":"大林鎮","w":2.4,"c":1.2,"r":4},"geometry":{"type":"MultiPolygon","coordinates":[[[[120.449828,23.59963],[120.449801,23.59964],[120.450282,23.600717],[120.450306,23.600699],[120.449828,23.59963]]]]}},{"type":"Feature","properties":{"n":"祥和路","v":"大林鎮","w":2.6,"c":1.4,"r":5},"geometry":{"type":"MultiPolygon","coordinates":[[[[120.449801,23.59964],[120.449828,23.59963],[120.44962,23.599165],[120.449601,23.59915],[120.449584,23.599155],[120.449801,23.59964]]]]}},{"type":"Feature","properties":{"n":"祥和路","v":"大林鎮","w":2.45,"c":1.3,"r":2},"geometry":{"type":"MultiPolygon","coordinates":[[[[120.450046,23.599622],[120.450429,23.600486],[120.450446,23.600499],[120.450464,23.600494],[120.450062,23.599596],[120.45005,23.599607],[120.450046,23.599622]]]]}},{"type":"Feature","properties":{"n":"中山路一巷","v":"大林鎮","w":3.2,"c":1.2,"r":1},"geometry":{"type":"MultiPolygon","coordinates":[[[[120.455824,23.601077],[120.455804,23.601091],[120.455799,23.601137],[120.455731,23.601198],[120.455735,23.601227],[120.455755,23.601242],[120.456115,23.601653],[120.456136,23.60164],[120.455775,23.601229],[120.455773,23.60119],[120.455867,23.60112],[120.455824,23.601077]]]]}},{"type":"Feature","properties":{"n":"民權路","v":"大林鎮","w":3.95,"c":1.25,"r":2},"geometry":{"type":"MultiPolygon","coordinates":[[[[120.46159,23.599987],[120.461588,23.600026],[120.461713,23.600028],[120.462142,23.600064],[120.462144,23.600048],[120.461777,23.600015],[120.461775,23.599991],[120.46159,23.599987]]]]}},{"type":"Feature","properties":{"n":"中興路","v":"大林鎮","w":6.5,"c":2.5,"r":3},"geometry":{"type":"MultiPolygon","coordinates":[[[[120.465928,23.602462],[120.465923,23.602407],[120.464776,23.602377],[120.46479,23.602428],[120.465928,23.602462]]]]}},{"type":"Feature","properties":{"n":"民生路","v":"大林鎮","w":2.5,"c":2.5,"r":1},"geometry":{"type":"MultiPolygon","coordinates":[[[[120.466567,23.601058],[120.466594,23.601037],[120.465744,23.600061],[120.46571,23.600031],[120.465672,23.600025],[120.46567,23.600045],[120.465695,23.600051],[120.465717,23.600071],[120.466567,23.601058]]]]}},{"type":"Feature","properties":{"n":"大林車站東側道路","v":"大林鎮","w":6.4,"c":1.6,"r":2},"geometry":{"type":"MultiPolygon","coordinates":[[[[120.45629,23.600808],[120.456321,23.600791],[120.455741,23.600175],[120.455723,23.600192],[120.456112,23.600593],[120.456074,23.60064],[120.456249,23.600821],[120.45629,23.600808]]]]}},{"type":"Feature","properties":{"n":"公園路","v":"大林鎮","w":5,"c":0,"r":0},"geometry":{"type":"MultiPolygon","coordinates":[[[[120.456608,23.600773],[120.456677,23.600794],[120.456816,23.600744],[120.457065,23.60069],[120.457045,23.600635],[120.456656,23.600745],[120.456608,23.600773]]]]}},{"type":"Feature","properties":{"n":"大林車站東側道路","v":"大林鎮","w":10.3,"c":7.3,"r":1},"geometry":{"type":"MultiPolygon","coordinates":[[[[120.456677,23.600794],[120.456608,23.600773],[120.456584,23.600807],[120.456588,23.600845],[120.456619,23.60089],[120.45669,23.600954],[120.456741,23.600943],[120.456677,23.600794]]]]}},{"type":"Feature","properties":{"n":"新興街","v":"大林鎮","w":5.55,"c":1.25,"r":2},"geometry":{"type":"MultiPolygon","coordinates":[[[[120.458354,23.598165],[120.458392,23.59816],[120.458352,23.597664],[120.458312,23.597647],[120.458354,23.598165]]]]}},{"type":"Feature","properties":{"n":"新興街","v":"大林鎮","w":5.55,"c":1.2,"r":4},"geometry":{"type":"MultiPolygon","coordinates":[[[[120.458428,23.599071],[120.458465,23.599066],[120.458398,23.598235],[120.45836,23.598231],[120.458428,23.599071]]]]}},{"type":"Feature","properties":{"n":"新興街","v":"大林鎮","w":5.45,"c":2.85,"r":1},"geometry":{"type":"MultiPolygon","coordinates":[[[[120.458523,23.599795],[120.458488,23.599799],[120.458516,23.600172],[120.458559,23.600166],[120.458523,23.599795]]]]}},{"type":"Feature","properties":{"n":"民生路","v":"大林鎮","w":4,"c":0,"r":0},"geometry":{"type":"MultiPolygon","coordinates":[[[[120.45637,23.596996],[120.456835,23.596939],[120.456831,23.596916],[120.456744,23.596927],[120.456723,23.596905],[120.456379,23.59695],[120.45637,23.596996]]]]}},{"type":"Feature","properties":{"n":"民生路","v":"大林鎮","w":3.6,"c":3.2,"r":2},"geometry":{"type":"MultiPolygon","coordinates":[[[[120.45699,23.596935],[120.457371,23.596887],[120.457406,23.596855],[120.457401,23.596832],[120.456946,23.596896],[120.45699,23.596935]]]]}},{"type":"Feature","properties":{"n":"民生路","v":"大林鎮","w":6.2,"c":2.5,"r":2},"geometry":{"type":"MultiPolygon","coordinates":[[[[120.457729,23.596793],[120.457775,23.596831],[120.458231,23.59679],[120.458267,23.596758],[120.458262,23.596735],[120.457729,23.596793]]]]}},{"type":"Feature","properties":{"n":"民生路","v":"大林鎮","w":3.5,"c":3.2,"r":2},"geometry":{"type":"MultiPolygon","coordinates":[[[[120.457625,23.596854],[120.457627,23.596808],[120.457506,23.596825],[120.45755,23.596864],[120.457625,23.596854]]]]}},{"type":"Feature","properties":{"n":"嘉99線","v":"大林鎮","w":6.2,"c":0,"r":3},"geometry":{"type":"MultiPolygon","coordinates":[[[[120.458097,23.595208],[120.458064,23.595216],[120.458095,23.595328],[120.458222,23.59674],[120.458262,23.596735],[120.458185,23.595883],[120.458129,23.595326],[120.458097,23.595208]]]]}},{"type":"Feature","properties":{"n":"嘉99線","v":"大林鎮","w":6.3,"c":1.8,"r":0},"geometry":{"type":"MultiPolygon","coordinates":[[[[120.457874,23.594847],[120.457902,23.594831],[120.457068,23.593886],[120.457042,23.593907],[120.457089,23.593959],[120.457874,23.594847]]]]}},{"type":"Feature","properties":{"n":"嘉99線","v":"大林鎮","w":6.1,"c":2.5,"r":0},"geometry":{"type":"MultiPolygon","coordinates":[[[[120.458064,23.595216],[120.458097,23.595208],[120.458085,23.595167],[120.457992,23.594977],[120.457964,23.594959],[120.457933,23.594963],[120.457936,23.594999],[120.457959,23.595007],[120.458047,23.595175],[120.458064,23.595216]]]]}},{"type":"Feature","properties":{"n":"南華路二段","v":"大林鎮","w":5.8,"c":1.8,"r":2},"geometry":{"type":"MultiPolygon","coordinates":[[[[120.479275,23.571146],[120.479036,23.570943],[120.479043,23.570937],[120.478229,23.570269],[120.478217,23.570325],[120.478951,23.57094],[120.478974,23.570917],[120.479263,23.571159],[120.479275,23.571146]]]]}},{"type":"Feature","properties":{"n":"南華路二段","v":"大林鎮","w":5.8,"c":1.8,"r":2},"geometry":{"type":"MultiPolygon","coordinates":[[[[120.479136,23.571289],[120.478873,23.571066],[120.478876,23.571035],[120.478139,23.570414],[120.478043,23.570401],[120.478852,23.571089],[120.478894,23.571119],[120.478899,23.571115],[120.479123,23.571302],[120.479136,23.571289]]]]}},{"type":"Feature","properties":{"n":"中正路","v":"大林鎮","w":2.8,"c":2.25,"r":0},"geometry":{"type":"MultiPolygon","coordinates":[[[[120.449362,23.598776],[120.449339,23.598788],[120.449544,23.599095],[120.449576,23.599094],[120.449362,23.598776]]]]}},{"type":"Feature","properties":{"n":"祥和路","v":"大林鎮","w":3.2,"c":1.6,"r":3},"geometry":{"type":"MultiPolygon","coordinates":[[[[120.452194,23.604194],[120.452217,23.604185],[120.452083,23.603965],[120.452067,23.603949],[120.452043,23.603949],[120.452194,23.604194]]]]}},{"type":"Feature","properties":{"n":"大埔路","v":"大埔鄉","w":2.1,"c":1,"r":1},"geometry":{"type":"MultiPolygon","coordinates":[[[[120.589412,23.298647],[120.589394,23.298645],[120.589369,23.298676],[120.587077,23.298613],[120.587077,23.298629],[120.589379,23.29869],[120.589407,23.298661],[120.589412,23.298647]]]]}},{"type":"Feature","properties":{"n":"大埔八街","v":"大埔鄉","w":2.15,"c":1.15,"r":0},"geometry":{"type":"MultiPolygon","coordinates":[[[[120.587993,23.294952],[120.587987,23.294962],[120.58801,23.294977],[120.588019,23.294996],[120.589401,23.298622],[120.589394,23.298645],[120.589412,23.298647],[120.58942,23.29862],[120.588021,23.294967],[120.587993,23.294952]]]]}},{"type":"Feature","properties":{"n":"茄苳街","v":"大埔鄉","w":2.15,"c":1.15,"r":3},"geometry":{"type":"MultiPolygon","coordinates":[[[[120.585477,23.294283],[120.585483,23.294267],[120.585457,23.294253],[120.584873,23.293708],[120.584553,23.293398],[120.584538,23.293415],[120.584868,23.293732],[120.584949,23.293803],[120.585446,23.294267],[120.585477,23.294283]]]]}},{"type":"Feature","properties":{"n":"竹圍一街","v":"大埔鄉","w":1.8,"c":0.9,"r":0},"geometry":{"type":"MultiPolygon","coordinates":[[[[120.590517,23.293517],[120.590505,23.293518],[120.590517,23.293644],[120.590565,23.293866],[120.590634,23.294062],[120.59068,23.294163],[120.590694,23.294157],[120.590645,23.294046],[120.590581,23.293866],[120.590527,23.293641],[120.590517,23.293517]]]]}},{"type":"Feature","properties":{"n":"竹圍一街","v":"大埔鄉","w":1.8,"c":0.6,"r":1},"geometry":{"type":"MultiPolygon","coordinates":[[[[120.590694,23.294157],[120.59068,23.294163],[120.591101,23.29509],[120.591119,23.295114],[120.591124,23.295099],[120.591112,23.295087],[120.590694,23.294157]]]]}},{"type":"Feature","properties":{"n":"竹圍一街","v":"大埔鄉","w":1.9,"c":1,"r":1},"geometry":{"type":"MultiPolygon","coordinates":[[[[120.590505,23.293518],[120.590517,23.293517],[120.590508,23.293349],[120.590507,23.292854],[120.590488,23.292854],[120.590488,23.293345],[120.590505,23.293518]]]]}},{"type":"Feature","properties":{"n":"自由街","v":"大埔鄉","w":1.8,"c":1,"r":2},"geometry":{"type":"MultiPolygon","coordinates":[[[[120.590819,23.295687],[120.590836,23.29569],[120.590855,23.295614],[120.590964,23.295401],[120.591029,23.29531],[120.591133,23.295216],[120.591121,23.295204],[120.591015,23.295303],[120.590949,23.295393],[120.590838,23.295607],[120.590819,23.295687]]]]}},{"type":"Feature","properties":{"n":"自由街","v":"大埔鄉","w":2.8,"c":0,"r":0},"geometry":{"type":"MultiPolygon","coordinates":[[[[120.59083,23.296274],[120.59085,23.296272],[120.590817,23.295846],[120.590794,23.29584],[120.59083,23.296274]]]]}},{"type":"Feature","properties":{"n":"自由街","v":"大埔鄉","w":1.85,"c":1.55,"r":2},"geometry":{"type":"MultiPolygon","coordinates":[[[[120.590778,23.296357],[120.590755,23.296356],[120.590839,23.297206],[120.590856,23.297203],[120.590778,23.296357]]]]}},{"type":"Feature","properties":{"n":"自由街","v":"大埔鄉","w":1.8,"c":1.6,"r":2},"geometry":{"type":"MultiPolygon","coordinates":[[[[120.590735,23.295683],[120.590752,23.295686],[120.590828,23.295458],[120.591002,23.295249],[120.591025,23.295226],[120.591035,23.295195],[120.591021,23.295194],[120.591008,23.295225],[120.590985,23.295245],[120.590813,23.295448],[120.590735,23.295683]]]]}},{"type":"Feature","properties":{"n":"大同一路","v":"大埔鄉","w":2.5,"c":0.85,"r":2},"geometry":{"type":"MultiPolygon","coordinates":[[[[120.592236,23.295836],[120.59225,23.295849],[120.592474,23.295694],[120.593027,23.295496],[120.593022,23.295484],[120.592462,23.29568],[120.592236,23.295836]]]]}},{"type":"Feature","properties":{"n":"大同一路","v":"大埔鄉","w":2.5,"c":0.95,"r":2},"geometry":{"type":"MultiPolygon","coordinates":[[[[120.591916,23.297293],[120.591935,23.297278],[120.592048,23.296274],[120.592139,23.296005],[120.592121,23.295997],[120.592032,23.296268],[120.591916,23.297293]]]]}},{"type":"Feature","properties":{"n":"大同一路","v":"大埔鄉","w":2.5,"c":0.95,"r":1},"geometry":{"type":"MultiPolygon","coordinates":[[[[120.591822,23.298071],[120.591842,23.298071],[120.59191,23.297465],[120.591895,23.297448],[120.591822,23.298071]]]]}},{"type":"Feature","properties":{"n":"公園路","v":"大埔鄉","w":2.55,"c":1.95,"r":0},"geometry":{"type":"MultiPolygon","coordinates":[[[[120.591464,23.301772],[120.59146,23.301747],[120.590937,23.301769],[120.590774,23.301788],[120.590366,23.301887],[120.589987,23.302007],[120.590002,23.302026],[120.590376,23.301908],[120.590783,23.301812],[120.590938,23.301794],[120.591464,23.301772]]]]}},{"type":"Feature","properties":{"n":"公園路","v":"大埔鄉","w":3,"c":0.8,"r":4},"geometry":{"type":"MultiPolygon","coordinates":[[[[120.597708,23.30171],[120.597712,23.301728],[120.598714,23.301635],[120.598711,23.301618],[120.597708,23.30171]]]]}},{"type":"Feature","properties":{"n":"公園路","v":"大埔鄉","w":2.5,"c":2.3,"r":3},"geometry":{"type":"MultiPolygon","coordinates":[[[[120.591539,23.30162],[120.591554,23.301637],[120.591576,23.301649],[120.592007,23.30164],[120.59224,23.301631],[120.592328,23.301633],[120.592394,23.301641],[120.592603,23.3017],[120.592704,23.301741],[120.592806,23.301792],[120.593118,23.302007],[120.593196,23.302039],[120.593276,23.302062],[120.593339,23.302074],[120.593428,23.302079],[120.593535,23.302075],[120.5947,23.301978],[120.594698,23.301955],[120.593533,23.302052],[120.593428,23.302055],[120.593342,23.302051],[120.593282,23.302039],[120.593205,23.302017],[120.593131,23.301987],[120.592821,23.301773],[120.592716,23.30172],[120.592613,23.301679],[120.592402,23.301619],[120.592331,23.30161],[120.59224,23.301608],[120.592006,23.301617],[120.591575,23.301625],[120.591553,23.301606],[120.591539,23.30162]]]]}},{"type":"Feature","properties":{"n":"公園路","v":"大埔鄉","w":2.5,"c":1.8,"r":5},"geometry":{"type":"MultiPolygon","coordinates":[[[[120.59146,23.301747],[120.591464,23.301772],[120.592307,23.301735],[120.592525,23.301781],[120.592761,23.301895],[120.593062,23.302097],[120.593195,23.302156],[120.593366,23.302191],[120.594718,23.302097],[120.594719,23.302071],[120.594031,23.302125],[120.593356,23.302165],[120.593208,23.302135],[120.593077,23.302079],[120.592781,23.301876],[120.592535,23.301759],[120.592309,23.301706],[120.591891,23.301725],[120.59146,23.301747]]]]}},{"type":"Feature","properties":{"n":"公園路","v":"大埔鄉","w":2.5,"c":2.5,"r":2},"geometry":{"type":"MultiPolygon","coordinates":[[[[120.591357,23.301595],[120.591314,23.301637],[120.590773,23.301684],[120.59063,23.301711],[120.590473,23.301749],[120.590114,23.301852],[120.589926,23.301918],[120.589935,23.30194],[120.590122,23.301875],[120.59048,23.301772],[120.590635,23.301734],[120.590776,23.301708],[120.591314,23.301658],[120.591351,23.301631],[120.591374,23.301605],[120.591357,23.301595]]]]}},{"type":"Feature","properties":{"n":"大同二路","v":"大埔鄉","w":1.8,"c":1.4,"r":0},"geometry":{"type":"MultiPolygon","coordinates":[[[[120.591374,23.301605],[120.591426,23.30154],[120.591452,23.301433],[120.591579,23.300714],[120.591601,23.300631],[120.591703,23.300339],[120.591824,23.300073],[120.591937,23.299887],[120.592263,23.299437],[120.59229,23.299376],[120.592299,23.29933],[120.592283,23.299284],[120.59227,23.299261],[120.592262,23.299268],[120.59226,23.299282],[120.592278,23.299329],[120.59227,23.299369],[120.592246,23.299427],[120.59192,23.299877],[120.591806,23.300064],[120.591684,23.300331],[120.591581,23.300625],[120.591559,23.30071],[120.591432,23.301429],[120.591406,23.301533],[120.591357,23.301595],[120.591374,23.301605]]]]}},{"type":"Feature","properties":{"n":"大同二路","v":"大埔鄉","w":1.7,"c":1.4,"r":0},"geometry":{"type":"MultiPolygon","coordinates":[[[[120.591539,23.30162],[120.591553,23.301606],[120.591543,23.301583],[120.591607,23.301326],[120.59166,23.300987],[120.591705,23.300764],[120.591763,23.300544],[120.59182,23.300386],[120.591963,23.300087],[120.592079,23.299901],[120.592337,23.299552],[120.592368,23.299517],[120.592439,23.299465],[120.592472,23.29947],[120.592481,23.299467],[120.592489,23.299456],[120.592434,23.299446],[120.592354,23.299504],[120.592321,23.299541],[120.592062,23.299891],[120.591946,23.300079],[120.591802,23.300379],[120.591744,23.300539],[120.591686,23.300761],[120.59164,23.300984],[120.591588,23.301322],[120.591522,23.301583],[120.59153,23.301609],[120.591539,23.30162]]]]}},{"type":"Feature","properties":{"n":"竹圍一街","v":"大埔鄉","w":3.6,"c":1.8,"r":0},"geometry":{"type":"MultiPolygon","coordinates":[[[[120.590435,23.293823],[120.590472,23.293817],[120.590455,23.29371],[120.590441,23.293659],[120.590424,23.293627],[120.590404,23.293607],[120.590377,23.293592],[120.590366,23.293627],[120.590392,23.293647],[120.590405,23.293672],[120.590417,23.293717],[120.590435,23.293823]]]]}},{"type":"Feature","properties":{"n":"大同一路","v":"大埔鄉","w":1.7,"c":1.7,"r":0},"geometry":{"type":"MultiPolygon","coordinates":[[[[120.593456,23.295353],[120.59345,23.295338],[120.593239,23.29541],[120.593179,23.295387],[120.593159,23.295338],[120.593143,23.295344],[120.593167,23.295399],[120.593242,23.295426],[120.593456,23.295353]]]]}},{"type":"Feature","properties":{"n":"茄苳街","v":"大埔鄉","w":2.1,"c":1,"r":0},"geometry":{"type":"MultiPolygon","coordinates":[[[[120.585483,23.294267],[120.585477,23.294283],[120.585525,23.294309],[120.587701,23.295004],[120.587951,23.29496],[120.58798,23.294958],[120.587987,23.294962],[120.587993,23.294952],[120.58798,23.294945],[120.587701,23.294992],[120.587653,23.294973],[120.586387,23.294564],[120.585535,23.294294],[120.585483,23.294267]]]]}},{"type":"Feature","properties":{"n":"大埔路","v":"大埔鄉","w":2.15,"c":0.9,"r":2},"geometry":{"type":"MultiPolygon","coordinates":[[[[120.587077,23.298701],[120.587077,23.298717],[120.589481,23.298783],[120.589481,23.298767],[120.587077,23.298701]]]]}},{"type":"Feature","properties":{"n":"自由街","v":"大埔鄉","w":2.85,"c":0.4,"r":2},"geometry":{"type":"MultiPolygon","coordinates":[[[[120.591124,23.295099],[120.591119,23.295114],[120.591141,23.295115],[120.591298,23.295034],[120.592719,23.294627],[120.592755,23.294597],[120.592761,23.294552],[120.592743,23.294553],[120.592735,23.294588],[120.592708,23.294609],[120.591291,23.295023],[120.591138,23.2951],[120.591124,23.295099]]]]}},{"type":"Feature","properties":{"n":"自由街","v":"大埔鄉","w":2.8,"c":0,"r":0},"geometry":{"type":"MultiPolygon","coordinates":[[[[120.590733,23.295837],[120.590714,23.295836],[120.59073,23.296186],[120.590758,23.296188],[120.590733,23.295837]]]]}},{"type":"Feature","properties":{"n":"自由街","v":"大埔鄉","w":1.85,"c":1.85,"r":2},"geometry":{"type":"MultiPolygon","coordinates":[[[[120.590852,23.296343],[120.590836,23.296354],[120.59091,23.297197],[120.59093,23.297194],[120.590852,23.296343]]]]}},{"type":"Feature","properties":{"n":"大同一路","v":"大埔鄉","w":2.5,"c":1,"r":1},"geometry":{"type":"MultiPolygon","coordinates":[[[[120.591842,23.298071],[120.591822,23.298071],[120.591786,23.298381],[120.591852,23.298702],[120.59187,23.298693],[120.591807,23.298386],[120.591842,23.298071]]]]}},{"type":"Feature","properties":{"n":"公園路","v":"大埔鄉","w":3,"c":0,"r":4},"geometry":{"type":"MultiPolygon","coordinates":[[[[120.597428,23.301752],[120.597424,23.301734],[120.596291,23.301826],[120.596295,23.301844],[120.597428,23.301752]]]]}},{"type":"Feature","properties":{"n":"公園路","v":"大埔鄉","w":3,"c":0,"r":2},"geometry":{"type":"MultiPolygon","coordinates":[[[[120.594986,23.301951],[120.596173,23.301854],[120.59617,23.301837],[120.594979,23.301933],[120.594986,23.301951]]]]}},{"type":"Feature","properties":{"n":"十字路","v":"中埔鄉","w":3.25,"c":2.85,"r":0},"geometry":{"type":"MultiPolygon","coordinates":[[[[120.532077,23.441379],[120.532071,23.441348],[120.531546,23.441436],[120.530828,23.441577],[120.530833,23.441608],[120.531552,23.441467],[120.532077,23.441379]]]]}},{"type":"Feature","properties":{"n":"檨仔林","v":"中埔鄉","w":7.35,"c":2.75,"r":3},"geometry":{"type":"MultiPolygon","coordinates":[[[[120.542291,23.444404],[120.542249,23.444384],[120.541858,23.444971],[120.541529,23.445441],[120.541521,23.44547],[120.541559,23.445495],[120.541901,23.445014],[120.542291,23.444404]]]]}},{"type":"Feature","properties":{"n":"檨仔林","v":"中埔鄉","w":7.35,"c":2.75,"r":7},"geometry":{"type":"MultiPolygon","coordinates":[[[[120.542174,23.444278],[120.542113,23.44425],[120.541745,23.444905],[120.541655,23.445014],[120.541409,23.445369],[120.541465,23.445377],[120.54178,23.44495],[120.542174,23.444278]]]]}},{"type":"Feature","properties":{"n":"嘉135線","v":"中埔鄉","w":1.2,"c":1,"r":5},"geometry":{"type":"MultiPolygon","coordinates":[[[[120.523093,23.424984],[120.523094,23.424971],[120.521978,23.424925],[120.521976,23.424938],[120.523093,23.424984]]]]}},{"type":"Feature","properties":{"n":"無名路","v":"中埔鄉","w":4,"c":0.8,"r":0},"geometry":{"type":"MultiPolygon","coordinates":[[[[120.542151,23.449723],[120.542112,23.449727],[120.542108,23.450402],[120.542127,23.452083],[120.542167,23.452084],[120.542147,23.450401],[120.542151,23.449723]]]]}},{"type":"Feature","properties":{"n":"無名路","v":"中埔鄉","w":5.2,"c":2.7,"r":6},"geometry":{"type":"MultiPolygon","coordinates":[[[[120.543564,23.445098],[120.543544,23.445064],[120.543106,23.445615],[120.542969,23.445779],[120.542904,23.445845],[120.54283,23.445898],[120.54278,23.445921],[120.542711,23.445938],[120.542151,23.446067],[120.541943,23.446154],[120.541869,23.446167],[120.5419,23.446189],[120.541928,23.446192],[120.54196,23.446186],[120.54216,23.446102],[120.542723,23.445972],[120.542796,23.445953],[120.54285,23.445929],[120.542931,23.44587],[120.542999,23.445802],[120.543137,23.445636],[120.543547,23.445119],[120.543564,23.445098]]]]}},{"type":"Feature","properties":{"n":"和興路","v":"中埔鄉","w":3.5,"c":1.8,"r":11},"geometry":{"type":"MultiPolygon","coordinates":[[[[120.455286,23.443742],[120.455265,23.443715],[120.454514,23.443664],[120.45439,23.443646],[120.454272,23.44362],[120.453629,23.443366],[120.452837,23.443061],[120.452161,23.442781],[120.452149,23.442782],[120.452135,23.442799],[120.452825,23.443086],[120.453617,23.443391],[120.454261,23.443644],[120.454384,23.443672],[120.454509,23.443691],[120.455258,23.443741],[120.455286,23.443742]]]]}},{"type":"Feature","properties":{"n":"和興路","v":"中埔鄉","w":3.5,"c":0,"r":12},"geometry":{"type":"MultiPolygon","coordinates":[[[[120.45134,23.442294],[120.451326,23.442323],[120.451781,23.44251],[120.453363,23.443139],[120.453527,23.443197],[120.454184,23.44346],[120.454343,23.44351],[120.454592,23.443553],[120.454965,23.443569],[120.455876,23.443625],[120.456103,23.443633],[120.456132,23.44362],[120.456141,23.443589],[120.456125,23.443567],[120.456083,23.4436],[120.455858,23.443594],[120.455473,23.443567],[120.454967,23.44354],[120.454595,23.443527],[120.45435,23.443484],[120.454195,23.443435],[120.451794,23.442484],[120.45134,23.442294]]]]}},{"type":"Feature","properties":{"n":"親水路","v":"中埔鄉","w":2,"c":1.4,"r":0},"geometry":{"type":"MultiPolygon","coordinates":[[[[120.467451,23.46052],[120.467438,23.460552],[120.467652,23.460616],[120.467791,23.460634],[120.467942,23.460641],[120.468175,23.460638],[120.469468,23.460694],[120.469891,23.460708],[120.46999,23.460725],[120.470534,23.46075],[120.470535,23.460712],[120.469468,23.460674],[120.467794,23.460601],[120.467659,23.460583],[120.467535,23.460548],[120.467451,23.46052]]]]}},{"type":"Feature","properties":{"n":"仁義路","v":"中埔鄉","w":1.3,"c":0,"r":0},"geometry":{"type":"MultiPolygon","coordinates":[[[[120.470473,23.460578],[120.470487,23.460578],[120.470462,23.459929],[120.470448,23.459929],[120.470473,23.460578]]]]}},{"type":"Feature","properties":{"n":"仁義路","v":"中埔鄉","w":1.4,"c":0,"r":0},"geometry":{"type":"MultiPolygon","coordinates":[[[[120.47057,23.460633],[120.470581,23.460634],[120.470569,23.459955],[120.470557,23.459956],[120.470561,23.460147],[120.47057,23.460633]]]]}},{"type":"Feature","properties":{"n":"仁義路","v":"中埔鄉","w":1.3,"c":0,"r":0},"geometry":{"type":"MultiPolygon","coordinates":[[[[120.470417,23.45817],[120.470405,23.458162],[120.470419,23.458704],[120.470432,23.458703],[120.470417,23.45817]]]]}},{"type":"Feature","properties":{"n":"仁義路","v":"中埔鄉","w":1.3,"c":0,"r":0},"geometry":{"type":"MultiPolygon","coordinates":[[[[120.470534,23.458947],[120.470544,23.458946],[120.470523,23.458102],[120.470512,23.458102],[120.470531,23.458862],[120.470534,23.458947]]]]}},{"type":"Feature","properties":{"n":"仁義路","v":"中埔鄉","w":1.3,"c":0,"r":0},"geometry":{"type":"MultiPolygon","coordinates":[[[[120.470401,23.457778],[120.470413,23.457778],[120.470331,23.454657],[120.470319,23.454657],[120.470401,23.457778]]]]}},{"type":"Feature","properties":{"n":"仁義路","v":"中埔鄉","w":1.3,"c":0,"r":0},"geometry":{"type":"MultiPolygon","coordinates":[[[[120.470471,23.454657],[120.470458,23.454657],[120.470534,23.457829],[120.470547,23.457828],[120.470471,23.454657]]]]}},{"type":"Feature","properties":{"n":"仁義路","v":"中埔鄉","w":1.3,"c":0.6,"r":0},"geometry":{"type":"MultiPolygon","coordinates":[[[[120.470321,23.454483],[120.470336,23.454485],[120.47032,23.454138],[120.470309,23.454137],[120.470321,23.454483]]]]}},{"type":"Feature","properties":{"n":"仁義路","v":"中埔鄉","w":1.2,"c":0,"r":0},"geometry":{"type":"MultiPolygon","coordinates":[[[[120.470305,23.454054],[120.47032,23.454054],[120.470306,23.453614],[120.470291,23.453614],[120.470305,23.454054]]]]}},{"type":"Feature","properties":{"n":"仁義路","v":"中埔鄉","w":1.3,"c":0,"r":0},"geometry":{"type":"MultiPolygon","coordinates":[[[[120.470283,23.453078],[120.470298,23.453079],[120.470256,23.451533],[120.470243,23.451533],[120.470283,23.453078]]]]}},{"type":"Feature","properties":{"n":"仁義路","v":"中埔鄉","w":1.3,"c":0,"r":0},"geometry":{"type":"MultiPolygon","coordinates":[[[[120.4704,23.451534],[120.470391,23.451534],[120.47043,23.4531],[120.470439,23.4531],[120.4704,23.451534]]]]}},{"type":"Feature","properties":{"n":"仁義路","v":"中埔鄉","w":1.2,"c":0,"r":0},"geometry":{"type":"MultiPolygon","coordinates":[[[[120.470249,23.451349],[120.470261,23.451349],[120.470229,23.450291],[120.470217,23.450292],[120.470249,23.451349]]]]}},{"type":"Feature","properties":{"n":"仁義路","v":"中埔鄉","w":1.5,"c":0,"r":0},"geometry":{"type":"MultiPolygon","coordinates":[[[[120.470369,23.450199],[120.470357,23.4502],[120.470382,23.451318],[120.470394,23.451317],[120.470369,23.450199]]]]}},{"type":"Feature","properties":{"n":"忠義路","v":"中埔鄉","w":3.7,"c":1.5,"r":2},"geometry":{"type":"MultiPolygon","coordinates":[[[[120.472065,23.454646],[120.472037,23.454646],[120.471671,23.458389],[120.471698,23.458392],[120.472065,23.454646]]]]}},{"type":"Feature","properties":{"n":"忠義路","v":"中埔鄉","w":1.8,"c":1.4,"r":2},"geometry":{"type":"MultiPolygon","coordinates":[[[[120.471583,23.459732],[120.471556,23.45973],[120.471491,23.460486],[120.471519,23.460488],[120.471583,23.459732]]]]}},{"type":"Feature","properties":{"n":"忠義路","v":"中埔鄉","w":1.5,"c":1.5,"r":1},"geometry":{"type":"MultiPolygon","coordinates":[[[[120.471377,23.461652],[120.471393,23.461654],[120.471462,23.460857],[120.471446,23.460856],[120.471377,23.461652]]]]}},{"type":"Feature","properties":{"n":"忠義路","v":"中埔鄉","w":1.5,"c":1.5,"r":1},"geometry":{"type":"MultiPolygon","coordinates":[[[[120.471108,23.461619],[120.471123,23.46162],[120.4712,23.460835],[120.471185,23.460834],[120.471108,23.461619]]]]}},{"type":"Feature","properties":{"n":"忠義路","v":"中埔鄉","w":2.9,"c":1.4,"r":4},"geometry":{"type":"MultiPolygon","coordinates":[[[[120.471203,23.46056],[120.471232,23.460563],[120.471328,23.459541],[120.471295,23.459571],[120.471203,23.46056]]]]}},{"type":"Feature","properties":{"n":"忠義路","v":"中埔鄉","w":3.7,"c":1,"r":3},"geometry":{"type":"MultiPolygon","coordinates":[[[[120.471396,23.45849],[120.471315,23.459396],[120.471346,23.459378],[120.471428,23.458473],[120.471405,23.458438],[120.471298,23.458387],[120.471293,23.458406],[120.471366,23.458442],[120.471396,23.45849]]]]}},{"type":"Feature","properties":{"n":"忠義路","v":"中埔鄉","w":3.7,"c":1.5,"r":4},"geometry":{"type":"MultiPolygon","coordinates":[[[[120.471356,23.458292],[120.471362,23.45832],[120.471449,23.458307],[120.471455,23.458265],[120.47181,23.454704],[120.471778,23.454684],[120.471416,23.458276],[120.471356,23.458292]]]]}},{"type":"Feature","properties":{"n":"忠義路","v":"中埔鄉","w":3.7,"c":2,"r":2},"geometry":{"type":"MultiPolygon","coordinates":[[[[120.471804,23.454534],[120.471832,23.454517],[120.47186,23.454169],[120.471832,23.454167],[120.471804,23.454534]]]]}},{"type":"Feature","properties":{"n":"忠義路","v":"中埔鄉","w":4,"c":2,"r":4},"geometry":{"type":"MultiPolygon","coordinates":[[[[120.471897,23.453107],[120.471887,23.453139],[120.471966,23.453103],[120.472103,23.451714],[120.472071,23.451688],[120.471981,23.451682],[120.472071,23.451743],[120.471935,23.453087],[120.471897,23.453107]]]]}},{"type":"Feature","properties":{"n":"富裕路","v":"中埔鄉","w":3,"c":1.3,"r":0},"geometry":{"type":"MultiPolygon","coordinates":[[[[120.465708,23.442704],[120.465717,23.44268],[120.464522,23.442307],[120.463984,23.442116],[120.463361,23.441914],[120.462283,23.441556],[120.460523,23.440994],[120.460513,23.441019],[120.462273,23.441581],[120.463351,23.441939],[120.463974,23.44214],[120.464513,23.442331],[120.465148,23.442528],[120.465708,23.442704]]]]}},{"type":"Feature","properties":{"n":"富裕路","v":"中埔鄉","w":3,"c":1.3,"r":0},"geometry":{"type":"MultiPolygon","coordinates":[[[[120.475119,23.445766],[120.475148,23.445749],[120.473856,23.445332],[120.47256,23.444903],[120.471153,23.444462],[120.471145,23.444485],[120.472551,23.444926],[120.473848,23.445355],[120.475089,23.445756],[120.475119,23.445766]]]]}},{"type":"Feature","properties":{"n":"富裕路","v":"中埔鄉","w":3,"c":1.3,"r":0},"geometry":{"type":"MultiPolygon","coordinates":[[[[120.474903,23.445871],[120.474893,23.445839],[120.474151,23.445595],[120.473857,23.445493],[120.47231,23.444988],[120.471098,23.44461],[120.471087,23.444612],[120.471075,23.444628],[120.471084,23.444635],[120.471509,23.444769],[120.472301,23.445013],[120.473848,23.445518],[120.474141,23.44562],[120.47469,23.445799],[120.474903,23.445871]]]]}},{"type":"Feature","properties":{"n":"富裕路","v":"中埔鄉","w":3,"c":1.3,"r":0},"geometry":{"type":"MultiPolygon","coordinates":[[[[120.465636,23.442843],[120.46561,23.442807],[120.46463,23.442482],[120.463672,23.442177],[120.462951,23.441935],[120.461936,23.441613],[120.460421,23.441115],[120.460411,23.44114],[120.461926,23.441637],[120.462942,23.441959],[120.463662,23.442201],[120.464621,23.442507],[120.465547,23.442815],[120.465636,23.442843]]]]}},{"type":"Feature","properties":{"n":"嘉135線","v":"中埔鄉","w":1.45,"c":1.45,"r":0},"geometry":{"type":"MultiPolygon","coordinates":[[[[120.519349,23.425304],[120.519358,23.425313],[120.519558,23.425179],[120.519753,23.425066],[120.520024,23.42496],[120.520219,23.424893],[120.520478,23.424833],[120.520966,23.424789],[120.520996,23.424773],[120.521703,23.424727],[120.521703,23.424714],[120.52099,23.424759],[120.520965,23.424776],[120.520476,23.42482],[120.520211,23.424881],[120.520019,23.424948],[120.519739,23.425056],[120.519548,23.425168],[120.519349,23.425304]]]]}},{"type":"Feature","properties":{"n":"檨仔林","v":"中埔鄉","w":7.35,"c":2.8,"r":5},"geometry":{"type":"MultiPolygon","coordinates":[[[[120.542286,23.444307],[120.542335,23.444332],[120.542572,23.443928],[120.542526,23.443904],[120.542286,23.444307]]]]}},{"type":"Feature","properties":{"n":"檨仔林","v":"中埔鄉","w":7.35,"c":2.5,"r":6},"geometry":{"type":"MultiPolygon","coordinates":[[[[120.542113,23.44425],[120.542174,23.444278],[120.542423,23.443853],[120.542363,23.443824],[120.542113,23.44425]]]]}},{"type":"Feature","properties":{"n":"無名路","v":"中埔鄉","w":5.2,"c":1.5,"r":4},"geometry":{"type":"MultiPolygon","coordinates":[[[[120.54203,23.446334],[120.542065,23.446349],[120.542074,23.446334],[120.542148,23.446304],[120.542772,23.446153],[120.542861,23.446122],[120.543019,23.44605],[120.543119,23.445967],[120.543677,23.445284],[120.544043,23.444826],[120.544054,23.444789],[120.544019,23.444794],[120.543646,23.445262],[120.543093,23.445941],[120.542998,23.44602],[120.542847,23.446088],[120.542762,23.446118],[120.542136,23.44627],[120.542042,23.446312],[120.54203,23.446334]]]]}},{"type":"Feature","properties":{"n":"無名路","v":"中埔鄉","w":4.1,"c":1.8,"r":2},"geometry":{"type":"MultiPolygon","coordinates":[[[[120.542106,23.447532],[120.542145,23.44755],[120.542143,23.446865],[120.542114,23.446685],[120.54205,23.446426],[120.542056,23.446365],[120.542065,23.446349],[120.54203,23.446334],[120.542018,23.446355],[120.54201,23.446428],[120.542075,23.44669],[120.542103,23.446866],[120.542106,23.447532]]]]}},{"type":"Feature","properties":{"n":"無名路","v":"中埔鄉","w":4.2,"c":1.2,"r":2},"geometry":{"type":"MultiPolygon","coordinates":[[[[120.542112,23.449665],[120.542152,23.449664],[120.542149,23.448182],[120.542143,23.447603],[120.542104,23.447621],[120.54211,23.448182],[120.542109,23.449292],[120.542113,23.449621],[120.542112,23.449665]]]]}},{"type":"Feature","properties":{"n":"無名路","v":"中埔鄉","w":4.15,"c":0.7,"r":2},"geometry":{"type":"MultiPolygon","coordinates":[[[[120.541947,23.449621],[120.541909,23.449618],[120.54191,23.449966],[120.541902,23.45063],[120.541905,23.451583],[120.541919,23.452146],[120.541958,23.452146],[120.541943,23.451583],[120.541941,23.45063],[120.541949,23.449966],[120.541947,23.449621]]]]}},{"type":"Feature","properties":{"n":"無名路","v":"中埔鄉","w":4,"c":1.5,"r":2},"geometry":{"type":"MultiPolygon","coordinates":[[[[120.541942,23.447661],[120.541903,23.447655],[120.541907,23.448117],[120.541902,23.448813],[120.541908,23.449551],[120.541947,23.449555],[120.54194,23.448813],[120.541946,23.448117],[120.541942,23.447669],[120.541942,23.447661]]]]}},{"type":"Feature","properties":{"n":"無名路","v":"中埔鄉","w":4.1,"c":1.5,"r":1},"geometry":{"type":"MultiPolygon","coordinates":[[[[120.541843,23.446328],[120.541804,23.446327],[120.541895,23.44681],[120.541902,23.447585],[120.54194,23.447577],[120.541934,23.446807],[120.541913,23.446707],[120.541843,23.446328]]]]}},{"type":"Feature","properties":{"n":"無名路","v":"中埔鄉","w":5.2,"c":2.7,"r":2},"geometry":{"type":"MultiPolygon","coordinates":[[[[120.543644,23.44493],[120.5437,23.444928],[120.543881,23.444703],[120.543886,23.444681],[120.543875,23.44466],[120.543644,23.44493]]]]}},{"type":"Feature","properties":{"n":"富裕路","v":"中埔鄉","w":3,"c":1.3,"r":0},"geometry":{"type":"MultiPolygon","coordinates":[[[[120.475221,23.445773],[120.475243,23.445806],[120.475701,23.445968],[120.476135,23.446084],[120.476143,23.446061],[120.47571,23.445945],[120.47523,23.445776],[120.475221,23.445773]]]]}},{"type":"Feature","properties":{"n":"富裕路","v":"中埔鄉","w":3,"c":1.3,"r":0},"geometry":{"type":"MultiPolygon","coordinates":[[[[120.475087,23.445905],[120.475045,23.445918],[120.475384,23.446033],[120.476044,23.446233],[120.476054,23.446209],[120.475393,23.446008],[120.475087,23.445905]]]]}},{"type":"Feature","properties":{"n":"富裕路","v":"中埔鄉","w":3,"c":1.3,"r":0},"geometry":{"type":"MultiPolygon","coordinates":[[[[120.465743,23.442848],[120.465734,23.442873],[120.46599,23.442951],[120.469945,23.444245],[120.470733,23.444523],[120.470753,23.444542],[120.470762,23.44457],[120.470795,23.444565],[120.470777,23.444525],[120.47075,23.444502],[120.469954,23.44422],[120.465999,23.442926],[120.465743,23.442848]]]]}},{"type":"Feature","properties":{"n":"富裕路","v":"中埔鄉","w":3,"c":1.3,"r":0},"geometry":{"type":"MultiPolygon","coordinates":[[[[120.465717,23.44268],[120.465708,23.442704],[120.466179,23.442853],[120.466469,23.442952],[120.46744,23.443269],[120.468107,23.443492],[120.469904,23.444072],[120.470859,23.444371],[120.470868,23.444346],[120.469913,23.444048],[120.468116,23.443467],[120.46745,23.443244],[120.466478,23.442928],[120.466189,23.442828],[120.465717,23.44268]]]]}},{"type":"Feature","properties":{"n":"中華路","v":"中埔鄉","w":6,"c":4,"r":3},"geometry":{"type":"MultiPolygon","coordinates":[[[[120.456462,23.44371],[120.456394,23.44373],[120.456613,23.44417],[120.456657,23.444179],[120.4565,23.443831],[120.456462,23.44371]]]]}},{"type":"Feature","properties":{"n":"和興路","v":"中埔鄉","w":3.5,"c":1.3,"r":2},"geometry":{"type":"MultiPolygon","coordinates":[[[[120.451473,23.442537],[120.451464,23.4425],[120.451111,23.442359],[120.451104,23.442394],[120.451473,23.442537]]]]}},{"type":"Feature","properties":{"n":"和興路","v":"中埔鄉","w":3.5,"c":1.8,"r":4},"geometry":{"type":"MultiPolygon","coordinates":[[[[120.455373,23.443719],[120.45537,23.443746],[120.456199,23.44378],[120.456193,23.443755],[120.455801,23.443736],[120.455373,23.443719]]]]}},{"type":"Feature","properties":{"n":"仁義路","v":"中埔鄉","w":1.5,"c":0,"r":0},"geometry":{"type":"MultiPolygon","coordinates":[[[[120.470439,23.458978],[120.470427,23.458974],[120.470446,23.459736],[120.470458,23.459736],[120.470449,23.459262],[120.470439,23.458978]]]]}},{"type":"Feature","properties":{"n":"仁義路","v":"中埔鄉","w":1.3,"c":0,"r":0},"geometry":{"type":"MultiPolygon","coordinates":[[[[120.470544,23.458946],[120.470534,23.458947],[120.470556,23.459653],[120.470567,23.459653],[120.470544,23.458946]]]]}},{"type":"Feature","properties":{"n":"仁義路","v":"中埔鄉","w":1.3,"c":0,"r":0},"geometry":{"type":"MultiPolygon","coordinates":[[[[120.470403,23.458126],[120.470415,23.458122],[120.470402,23.457981],[120.470389,23.457982],[120.470403,23.458126]]]]}},{"type":"Feature","properties":{"n":"忠明路","v":"中埔鄉","w":2.2,"c":2,"r":1},"geometry":{"type":"MultiPolygon","coordinates":[[[[120.469661,23.453113],[120.470276,23.453122],[120.470298,23.453079],[120.470283,23.453078],[120.470269,23.453105],[120.469617,23.453097],[120.469661,23.453113]]]]}},{"type":"Feature","properties":{"n":"忠明路","v":"中埔鄉","w":3.5,"c":2,"r":2},"geometry":{"type":"MultiPolygon","coordinates":[[[[120.469072,23.453275],[120.469072,23.453236],[120.468326,23.453228],[120.468288,23.453267],[120.469072,23.453275]]]]}},{"type":"Feature","properties":{"n":"忠義路","v":"中埔鄉","w":3.7,"c":1,"r":1},"geometry":{"type":"MultiPolygon","coordinates":[[[[120.471698,23.458392],[120.471671,23.458389],[120.471603,23.459186],[120.471633,23.459231],[120.471656,23.459217],[120.471631,23.45918],[120.471698,23.458392]]]]}},{"type":"Feature","properties":{"n":"忠義路","v":"中埔鄉","w":3.7,"c":1.3,"r":2},"geometry":{"type":"MultiPolygon","coordinates":[[[[120.472176,23.453241],[120.472203,23.453243],[120.472344,23.451714],[120.472316,23.451711],[120.472176,23.453241]]]]}},{"type":"Feature","properties":{"n":"忠義路","v":"中埔鄉","w":3.7,"c":1.7,"r":4},"geometry":{"type":"MultiPolygon","coordinates":[[[[120.472203,23.453243],[120.472176,23.453241],[120.472037,23.454646],[120.472065,23.454646],[120.472203,23.453243]]]]}},{"type":"Feature","properties":{"n":"中華路","v":"中埔鄉","w":28,"c":6,"r":3},"geometry":{"type":"MultiPolygon","coordinates":[[[[120.456394,23.44373],[120.456462,23.44371],[120.456476,23.443692],[120.456362,23.443114],[120.456191,23.442806],[120.455933,23.442293],[120.45591,23.442136],[120.455853,23.441977],[120.455421,23.441957],[120.455531,23.44217],[120.455809,23.442202],[120.455902,23.442345],[120.456003,23.442646],[120.456058,23.442947],[120.455994,23.44298],[120.45638,23.443703],[120.456394,23.44373]]]]}},{"type":"Feature","properties":{"n":"中華路","v":"中埔鄉","w":3.8,"c":2,"r":4},"geometry":{"type":"MultiPolygon","coordinates":[[[[120.455328,23.442062],[120.455302,23.442081],[120.455565,23.442575],[120.455989,23.443339],[120.456009,23.443317],[120.455328,23.442062]]]]}},{"type":"Feature","properties":{"n":"緊急避難道路","v":"中埔鄉","w":1.25,"c":1.25,"r":0},"geometry":{"type":"MultiPolygon","coordinates":[[[[120.526008,23.422809],[120.52599,23.422803],[120.525977,23.423005],[120.526131,23.423668],[120.526222,23.423624],[120.526215,23.423611],[120.526141,23.423644],[120.52599,23.423],[120.526008,23.422809]]]]}},{"type":"Feature","properties":{"n":"忠義路","v":"中埔鄉","w":3.7,"c":0.4,"r":2},"geometry":{"type":"MultiPolygon","coordinates":[[[[120.471946,23.45334],[120.471919,23.453312],[120.471838,23.454118],[120.471864,23.454118],[120.471946,23.45334]]]]}},{"type":"Feature","properties":{"n":"無名路(六腳鄉立幼兒園旁)","v":"六腳鄉","w":2.8,"c":2.5,"r":4},"geometry":{"type":"MultiPolygon","coordinates":[[[[120.287625,23.528222],[120.288194,23.527501],[120.288834,23.527052],[120.289457,23.526806],[120.289441,23.526759],[120.288813,23.527016],[120.28816,23.527467],[120.287568,23.528207],[120.287625,23.528222]]]]}},{"type":"Feature","properties":{"n":"樹仁路","v":"六腳鄉","w":3,"c":2,"r":3},"geometry":{"type":"MultiPolygon","coordinates":[[[[120.291482,23.502024],[120.291504,23.502028],[120.29168,23.499176],[120.291661,23.499176],[120.291638,23.499188],[120.291482,23.502024]]]]}},{"type":"Feature","properties":{"n":"縣道157線","v":"六腳鄉","w":3.2,"c":1.5,"r":0},"geometry":{"type":"MultiPolygon","coordinates":[[[[120.293853,23.498094],[120.293884,23.49809],[120.293645,23.4975],[120.293627,23.497489],[120.293609,23.497487],[120.293853,23.498094]]]]}},{"type":"Feature","properties":{"n":"嘉57線","v":"六腳鄉","w":2.6,"c":1.2,"r":1},"geometry":{"type":"MultiPolygon","coordinates":[[[[120.293285,23.487837],[120.293256,23.48783],[120.293132,23.488362],[120.293157,23.488367],[120.293285,23.487837]]]]}},{"type":"Feature","properties":{"n":"無名路","v":"六腳鄉","w":2.5,"c":1.3,"r":0},"geometry":{"type":"MultiPolygon","coordinates":[[[[120.291796,23.488767],[120.291801,23.488781],[120.291941,23.488733],[120.291945,23.488742],[120.29262,23.488511],[120.292733,23.488506],[120.292926,23.488544],[120.292932,23.488523],[120.292731,23.488484],[120.292629,23.488493],[120.291933,23.48872],[120.291796,23.488767]]]]}},{"type":"Feature","properties":{"n":"無名路","v":"六腳鄉","w":2.6,"c":1.1,"r":0},"geometry":{"type":"MultiPolygon","coordinates":[[[[120.290911,23.489147],[120.290926,23.489165],[120.291352,23.488949],[120.291649,23.488841],[120.291653,23.488832],[120.291801,23.488781],[120.291796,23.488767],[120.291604,23.488833],[120.291347,23.488929],[120.290963,23.489117],[120.290911,23.489147]]]]}},{"type":"Feature","properties":{"n":"縣道157線","v":"六腳鄉","w":3.2,"c":1.5,"r":0},"geometry":{"type":"MultiPolygon","coordinates":[[[[120.293246,23.496195],[120.293273,23.496198],[120.293199,23.496004],[120.293173,23.49601],[120.293246,23.496195]]]]}},{"type":"Feature","properties":{"n":"縣道157線","v":"六腳鄉","w":3.2,"c":1.5,"r":0},"geometry":{"type":"MultiPolygon","coordinates":[[[[120.293741,23.497373],[120.29372,23.49738],[120.293967,23.497999],[120.293989,23.497994],[120.293741,23.497373]]]]}},{"type":"Feature","properties":{"n":"縣道157線","v":"六腳鄉","w":3.2,"c":1.5,"r":0},"geometry":{"type":"MultiPolygon","coordinates":[[[[120.294295,23.498806],[120.294336,23.498821],[120.294036,23.498086],[120.294013,23.498112],[120.294295,23.498806]]]]}},{"type":"Feature","properties":{"n":"縣道157線","v":"六腳鄉","w":3.2,"c":1.5,"r":0},"geometry":{"type":"MultiPolygon","coordinates":[[[[120.294437,23.499548],[120.294461,23.499535],[120.294459,23.499522],[120.294224,23.498943],[120.294206,23.498932],[120.294188,23.49893],[120.294437,23.499548]]]]}},{"type":"Feature","properties":{"n":"縣道157線","v":"六腳鄉","w":3.2,"c":0,"r":0},"geometry":{"type":"MultiPolygon","coordinates":[[[[120.294554,23.499457],[120.294585,23.499449],[120.294396,23.498985],[120.294368,23.498999],[120.294554,23.499457]]]]}},{"type":"Feature","properties":{"n":"縣道157線","v":"六腳鄉","w":3.2,"c":1.5,"r":0},"geometry":{"type":"MultiPolygon","coordinates":[[[[120.292852,23.495595],[120.293559,23.497362],[120.293571,23.497343],[120.293574,23.497319],[120.292884,23.495589],[120.292852,23.495595]]]]}},{"type":"Feature","properties":{"n":"縣道157線","v":"六腳鄉","w":3.2,"c":1.5,"r":0},"geometry":{"type":"MultiPolygon","coordinates":[[[[120.293884,23.49809],[120.293853,23.498094],[120.294105,23.498722],[120.294114,23.498762],[120.29413,23.498737],[120.294136,23.498712],[120.293884,23.49809]]]]}},{"type":"Feature","properties":{"n":"縣道157線","v":"六腳鄉","w":3.1,"c":1.6,"r":0},"geometry":{"type":"MultiPolygon","coordinates":[[[[120.29299,23.495472],[120.292964,23.495478],[120.293083,23.495781],[120.293106,23.495777],[120.29299,23.495472]]]]}},{"type":"Feature","properties":{"n":"縣道157線","v":"六腳鄉","w":3.2,"c":1.5,"r":0},"geometry":{"type":"MultiPolygon","coordinates":[[[[120.29372,23.49738],[120.293741,23.497373],[120.293331,23.496343],[120.29331,23.49635],[120.29372,23.49738]]]]}},{"type":"Feature","properties":{"n":"嘉57線","v":"六腳鄉","w":8.8,"c":0,"r":4},"geometry":{"type":"MultiPolygon","coordinates":[[[[120.292058,23.493143],[120.292129,23.493121],[120.292092,23.493028],[120.292061,23.493038],[120.292067,23.492856],[120.292105,23.492318],[120.292063,23.492314],[120.292016,23.493045],[120.292058,23.493143]]]]}},{"type":"Feature","properties":{"n":"無名路","v":"六腳鄉","w":2.2,"c":2.2,"r":4},"geometry":{"type":"MultiPolygon","coordinates":[[[[120.291054,23.493867],[120.291409,23.495096],[120.291434,23.495091],[120.291082,23.493862],[120.291053,23.493831],[120.291017,23.493817],[120.290981,23.493817],[120.290983,23.49384],[120.291011,23.49384],[120.291033,23.493849],[120.291054,23.493867]]]]}},{"type":"Feature","properties":{"n":"嘉57線","v":"六腳鄉","w":2.6,"c":1.2,"r":5},"geometry":{"type":"MultiPolygon","coordinates":[[[[120.293256,23.48783],[120.293285,23.487837],[120.293405,23.487336],[120.293418,23.487076],[120.293114,23.485132],[120.293084,23.485127],[120.293379,23.487066],[120.293369,23.487345],[120.293256,23.48783]]]]}},{"type":"Feature","properties":{"n":"無名路","v":"六腳鄉","w":2.7,"c":1.3,"r":0},"geometry":{"type":"MultiPolygon","coordinates":[[[[120.290926,23.489165],[120.290911,23.489147],[120.289924,23.489705],[120.289941,23.489718],[120.290926,23.489165]]]]}},{"type":"Feature","properties":{"n":"無名路","v":"六腳鄉","w":1.6,"c":0.9,"r":3},"geometry":{"type":"MultiPolygon","coordinates":[[[[120.290874,23.493134],[120.290999,23.493618],[120.290998,23.493654],[120.290978,23.49368],[120.290982,23.493701],[120.291009,23.493675],[120.291025,23.493641],[120.290901,23.493134],[120.290874,23.493134]]]]}},{"type":"Feature","properties":{"n":"無名路","v":"六腳鄉","w":1.8,"c":1.8,"r":0},"geometry":{"type":"MultiPolygon","coordinates":[[[[120.293957,23.4925],[120.29397,23.492507],[120.294017,23.492475],[120.294298,23.491484],[120.294298,23.491438],[120.294279,23.491433],[120.294279,23.49148],[120.294002,23.492472],[120.293957,23.4925]]]]}},{"type":"Feature","properties":{"n":"縣道157線","v":"六腳鄉","w":4.2,"c":3,"r":3},"geometry":{"type":"MultiPolygon","coordinates":[[[[120.292142,23.493314],[120.292814,23.495109],[120.292926,23.49521],[120.292946,23.495186],[120.292852,23.4951],[120.292209,23.493403],[120.292232,23.493393],[120.292191,23.493261],[120.292153,23.493278],[120.292142,23.493314]]]]}},{"type":"Feature","properties":{"n":"中興路一段","v":"太保市","w":3,"c":3,"r":4},"geometry":{"type":"MultiPolygon","coordinates":[[[[120.378187,23.500992],[120.378211,23.501005],[120.378245,23.501],[120.377735,23.499962],[120.377695,23.499972],[120.378187,23.500992]]]]}},{"type":"Feature","properties":{"n":"祥和二路西段","v":"太保市","w":8,"c":3.5,"r":2},"geometry":{"type":"MultiPolygon","coordinates":[[[[120.290583,23.457507],[120.290594,23.457582],[120.293154,23.457177],[120.293184,23.45714],[120.293179,23.457103],[120.290583,23.457507]]]]}},{"type":"Feature","properties":{"n":"博學路","v":"太保市","w":6,"c":3,"r":1},"geometry":{"type":"MultiPolygon","coordinates":[[[[120.300582,23.46826],[120.300247,23.466069],[120.300209,23.466022],[120.300121,23.466009],[120.300122,23.466029],[120.300191,23.466075],[120.300514,23.468264],[120.300582,23.46826]]]]}},{"type":"Feature","properties":{"n":"故宮大道","v":"太保市","w":8,"c":3,"r":1},"geometry":{"type":"MultiPolygon","coordinates":[[[[120.285707,23.469489],[120.285716,23.469544],[120.286054,23.469505],[120.288096,23.469501],[120.288474,23.469479],[120.290556,23.469289],[120.290597,23.469266],[120.290597,23.469239],[120.29059,23.46919],[120.290563,23.469193],[120.290538,23.469234],[120.290512,23.469233],[120.290514,23.469248],[120.289722,23.469307],[120.288469,23.469421],[120.288095,23.46944],[120.286051,23.469447],[120.285707,23.469489]]]]}},{"type":"Feature","properties":{"n":"故宮大道","v":"太保市","w":8,"c":3,"r":2},"geometry":{"type":"MultiPolygon","coordinates":[[[[120.29075,23.469174],[120.290757,23.46922],[120.29077,23.469253],[120.29082,23.469266],[120.293924,23.468992],[120.293999,23.468898],[120.29399,23.468859],[120.293874,23.468879],[120.293906,23.468926],[120.290819,23.46921],[120.290767,23.469174],[120.29075,23.469174]]]]}},{"type":"Feature","properties":{"n":"太子大道","v":"太保市","w":12,"c":3.5,"r":2},"geometry":{"type":"MultiPolygon","coordinates":[[[[120.293062,23.464806],[120.293107,23.464974],[120.293221,23.464944],[120.293193,23.464779],[120.29306,23.464421],[120.292891,23.463569],[120.292877,23.463168],[120.292836,23.462969],[120.292699,23.462983],[120.293062,23.464806]]]]}},{"type":"Feature","properties":{"n":"信義一路","v":"太保市","w":3.6,"c":2.1,"r":0},"geometry":{"type":"MultiPolygon","coordinates":[[[[120.296111,23.462421],[120.296105,23.462384],[120.295564,23.462465],[120.295567,23.462488],[120.293281,23.462821],[120.293284,23.462842],[120.296111,23.462421]]]]}},{"type":"Feature","properties":{"n":"嘉朴東路一段","v":"太保市","w":4,"c":2.5,"r":2},"geometry":{"type":"MultiPolygon","coordinates":[[[[120.295993,23.460006],[120.296022,23.459973],[120.299111,23.459484],[120.299191,23.459536],[120.299253,23.459526],[120.299247,23.459509],[120.29922,23.459471],[120.299192,23.459455],[120.299155,23.459445],[120.299086,23.459446],[120.295992,23.459937],[120.295948,23.459965],[120.295923,23.460002],[120.295914,23.460041],[120.295914,23.460071],[120.295961,23.460066],[120.295964,23.460046],[120.295993,23.460006]]]]}},{"type":"Feature","properties":{"n":"博愛路","v":"太保市","w":3.6,"c":2.1,"r":0},"geometry":{"type":"MultiPolygon","coordinates":[[[[120.29635,23.462329],[120.296379,23.462322],[120.295961,23.460066],[120.295914,23.460071],[120.29635,23.462329]]]]}},{"type":"Feature","properties":{"n":"信義一路","v":"太保市","w":1.5,"c":0,"r":1},"geometry":{"type":"MultiPolygon","coordinates":[[[[120.29635,23.462329],[120.296358,23.462356],[120.296388,23.46238],[120.296402,23.462383],[120.296448,23.462377],[120.299514,23.461934],[120.299512,23.461919],[120.296446,23.462358],[120.296394,23.462342],[120.296379,23.462322],[120.29635,23.462329]]]]}},{"type":"Feature","properties":{"n":"麻太路","v":"太保市","w":2.5,"c":1.6,"r":0},"geometry":{"type":"MultiPolygon","coordinates":[[[[120.363676,23.497848],[120.36364,23.497863],[120.364496,23.498168],[120.364496,23.498146],[120.363676,23.497848]]]]}},{"type":"Feature","properties":{"n":"麻太路","v":"太保市","w":2.5,"c":1.1,"r":0},"geometry":{"type":"MultiPolygon","coordinates":[[[[120.364678,23.498218],[120.364634,23.498225],[120.365932,23.498709],[120.365937,23.498683],[120.364678,23.498218]]]]}},{"type":"Feature","properties":{"n":"麻太路","v":"太保市","w":2.2,"c":1.2,"r":0},"geometry":{"type":"MultiPolygon","coordinates":[[[[120.366003,23.498709],[120.36599,23.498727],[120.366263,23.498816],[120.366263,23.498799],[120.366003,23.498709]]]]}},{"type":"Feature","properties":{"n":"麻太路","v":"太保市","w":1.45,"c":0.6,"r":0},"geometry":{"type":"MultiPolygon","coordinates":[[[[120.366323,23.498817],[120.366318,23.498834],[120.366867,23.499027],[120.366874,23.499016],[120.366323,23.498817]]]]}},{"type":"Feature","properties":{"n":"中山路一段","v":"太保市","w":8.2,"c":5.2,"r":2},"geometry":{"type":"MultiPolygon","coordinates":[[[[120.386245,23.496369],[120.386262,23.496404],[120.3874,23.496148],[120.387384,23.496081],[120.386761,23.496238],[120.386245,23.496369]]]]}},{"type":"Feature","properties":{"n":"麻太路","v":"太保市","w":1.6,"c":0.8,"r":0},"geometry":{"type":"MultiPolygon","coordinates":[[[[120.36645,23.498722],[120.366912,23.498903],[120.366938,23.498891],[120.366452,23.498698],[120.36645,23.498722]]]]}},{"type":"Feature","properties":{"n":"麻太路","v":"太保市","w":2.3,"c":0.45,"r":0},"geometry":{"type":"MultiPolygon","coordinates":[[[[120.364684,23.498065],[120.364672,23.498082],[120.366388,23.498707],[120.366409,23.498687],[120.364684,23.498065]]]]}},{"type":"Feature","properties":{"n":"麻太路","v":"太保市","w":2.3,"c":1.4,"r":0},"geometry":{"type":"MultiPolygon","coordinates":[[[[120.359916,23.495384],[120.363125,23.497397],[120.363158,23.497405],[120.363179,23.497404],[120.359931,23.495362],[120.359913,23.495358],[120.359909,23.49537],[120.359916,23.495384]]]]}},{"type":"Feature","properties":{"n":"麻太路","v":"太保市","w":2.5,"c":1.3,"r":0},"geometry":{"type":"MultiPolygon","coordinates":[[[[120.359697,23.495401],[120.359677,23.495421],[120.363068,23.497548],[120.363086,23.497521],[120.359697,23.495401]]]]}},{"type":"Feature","properties":{"n":"麻太路","v":"太保市","w":2.35,"c":1.85,"r":0},"geometry":{"type":"MultiPolygon","coordinates":[[[[120.363238,23.497618],[120.363201,23.497622],[120.363479,23.49777],[120.363489,23.497751],[120.363238,23.497618]]]]}},{"type":"Feature","properties":{"n":"博愛路","v":"太保市","w":3.6,"c":2.1,"r":1},"geometry":{"type":"MultiPolygon","coordinates":[[[[120.296111,23.462421],[120.29615,23.462412],[120.296181,23.462394],[120.296184,23.462345],[120.295761,23.460079],[120.29571,23.460083],[120.296145,23.46235],[120.296105,23.462384],[120.296111,23.462421]]]]}},{"type":"Feature","properties":{"n":"嘉朴東路一段","v":"太保市","w":4,"c":2.5,"r":2},"geometry":{"type":"MultiPolygon","coordinates":[[[[120.292498,23.460257],[120.295551,23.45977],[120.29562,23.459732],[120.295638,23.459689],[120.295646,23.459656],[120.29559,23.459658],[120.295588,23.459699],[120.295546,23.459734],[120.292488,23.460219],[120.292498,23.460257]]]]}},{"type":"Feature","properties":{"n":"保鐵一路二段","v":"太保市","w":3.9,"c":3.5,"r":2},"geometry":{"type":"MultiPolygon","coordinates":[[[[120.323818,23.462775],[120.324066,23.462616],[120.324041,23.46258],[120.3238,23.46274],[120.323818,23.462775]]]]}},{"type":"Feature","properties":{"n":"嘉168線","v":"太保市","w":5.3,"c":3,"r":2},"geometry":{"type":"MultiPolygon","coordinates":[[[[120.323104,23.455608],[120.323075,23.455597],[120.322994,23.45558],[120.322929,23.455578],[120.321015,23.455889],[120.320984,23.455908],[120.320953,23.455962],[120.320951,23.456042],[120.321019,23.45604],[120.321104,23.456029],[120.321133,23.455993],[120.321122,23.45591],[120.322686,23.455669],[120.322688,23.455695],[120.32293,23.455653],[120.323034,23.455662],[120.323058,23.455673],[120.323104,23.455608]]]]}},{"type":"Feature","properties":{"n":"高鐵西路","v":"太保市","w":10,"c":4.1,"r":2},"geometry":{"type":"MultiPolygon","coordinates":[[[[120.323104,23.455608],[120.323058,23.455673],[120.323091,23.45569],[120.323134,23.455735],[120.323163,23.455801],[120.323161,23.455887],[120.323201,23.455888],[120.323242,23.456753],[120.323205,23.456754],[120.32321,23.456869],[120.323189,23.456927],[120.323149,23.456971],[120.323223,23.457017],[120.323261,23.456985],[120.323308,23.456917],[120.323334,23.45685],[120.323344,23.456809],[120.323299,23.455809],[120.323253,23.455717],[120.323174,23.455634],[120.323104,23.455608]]]]}},{"type":"Feature","properties":{"n":"太保一路","v":"太保市","w":3.3,"c":1.7,"r":2},"geometry":{"type":"MultiPolygon","coordinates":[[[[120.293607,23.458348],[120.293562,23.458354],[120.293671,23.458979],[120.29371,23.458977],[120.293607,23.458348]]]]}},{"type":"Feature","properties":{"n":"太保一路","v":"太保市","w":4.5,"c":2.6,"r":2},"geometry":{"type":"MultiPolygon","coordinates":[[[[120.292874,23.455455],[120.29281,23.455467],[120.292932,23.45612],[120.292995,23.45611],[120.292874,23.455455]]]]}},{"type":"Feature","properties":{"n":"保鐵六路","v":"太保市","w":5.1,"c":4.1,"r":2},"geometry":{"type":"MultiPolygon","coordinates":[[[[120.322455,23.457118],[120.322454,23.457068],[120.321193,23.45712],[120.321182,23.457066],[120.321172,23.457037],[120.32115,23.457022],[120.321125,23.457022],[120.321084,23.457042],[120.321012,23.45704],[120.321013,23.457092],[120.321032,23.457119],[120.321103,23.457172],[120.321137,23.457172],[120.322455,23.457118]]]]}},{"type":"Feature","properties":{"n":"保鐵七路","v":"太保市","w":6.3,"c":5.1,"r":1},"geometry":{"type":"MultiPolygon","coordinates":[[[[120.321012,23.45704],[120.321073,23.457042],[120.321019,23.45604],[120.320951,23.456042],[120.321012,23.45704]]]]}},{"type":"Feature","properties":{"n":"保鐵七路","v":"太保市","w":4,"c":2.7,"r":2},"geometry":{"type":"MultiPolygon","coordinates":[[[[120.321184,23.459283],[120.321143,23.459281],[120.321254,23.461141],[120.321304,23.461141],[120.321184,23.459283]]]]}},{"type":"Feature","properties":{"n":"太保二路","v":"太保市","w":5.5,"c":2,"r":4},"geometry":{"type":"MultiPolygon","coordinates":[[[[120.295646,23.459656],[120.295547,23.459014],[120.295472,23.458968],[120.295402,23.458946],[120.295403,23.459004],[120.295449,23.45901],[120.295498,23.459041],[120.29559,23.459658],[120.295646,23.459656]]]]}},{"type":"Feature","properties":{"n":"故宮大道","v":"太保市","w":5,"c":1.4,"r":2},"geometry":{"type":"MultiPolygon","coordinates":[[[[120.302451,23.468165],[120.302449,23.468205],[120.303528,23.468112],[120.304887,23.467946],[120.309244,23.467356],[120.30924,23.467317],[120.304871,23.467896],[120.303525,23.468068],[120.302451,23.468165]]]]}},{"type":"Feature","properties":{"n":"故宮大道","v":"太保市","w":3,"c":1.6,"r":2},"geometry":{"type":"MultiPolygon","coordinates":[[[[120.309345,23.467725],[120.309341,23.467714],[120.309305,23.467715],[120.309269,23.467704],[120.307262,23.467971],[120.306203,23.468118],[120.30381,23.468435],[120.302846,23.468523],[120.302377,23.468572],[120.302373,23.468592],[120.302842,23.468553],[120.30381,23.468458],[120.305152,23.468291],[120.307274,23.467999],[120.309277,23.467731],[120.309345,23.467725]]]]}},{"type":"Feature","properties":{"n":"高鐵大道","v":"太保市","w":1.45,"c":0,"r":0},"geometry":{"type":"MultiPolygon","coordinates":[[[[120.377773,23.4852],[120.377768,23.485213],[120.38114,23.486225],[120.382914,23.486753],[120.384737,23.487276],[120.384736,23.487259],[120.382918,23.48674],[120.379382,23.485682],[120.377773,23.4852]]]]}},{"type":"Feature","properties":{"n":"高鐵大道","v":"太保市","w":1.3,"c":0.4,"r":0},"geometry":{"type":"MultiPolygon","coordinates":[[[[120.384752,23.486877],[120.384757,23.486858],[120.383982,23.486627],[120.382435,23.486175],[120.37948,23.485297],[120.377947,23.484837],[120.377943,23.484851],[120.38243,23.486191],[120.383974,23.486643],[120.384752,23.486877]]]]}},{"type":"Feature","properties":{"n":"故宮大道","v":"太保市","w":4,"c":1.2,"r":1},"geometry":{"type":"MultiPolygon","coordinates":[[[[120.299621,23.468846],[120.299621,23.468821],[120.295862,23.469176],[120.295818,23.469185],[120.295791,23.469209],[120.295754,23.469297],[120.29577,23.469332],[120.295824,23.469217],[120.299537,23.46886],[120.299621,23.468846]]]]}},{"type":"Feature","properties":{"n":"祥和三路東段","v":"太保市","w":3,"c":0,"r":0},"geometry":{"type":"MultiPolygon","coordinates":[[[[120.296034,23.454063],[120.296074,23.454087],[120.297106,23.453927],[120.297121,23.453891],[120.296034,23.454063]]]]}},{"type":"Feature","properties":{"n":"祥和二路東段","v":"太保市","w":4.5,"c":2.5,"r":2},"geometry":{"type":"MultiPolygon","coordinates":[[[[120.293317,23.457091],[120.293338,23.457141],[120.293352,23.45715],[120.295065,23.456872],[120.295053,23.456833],[120.293364,23.457083],[120.293317,23.457091]]]]}},{"type":"Feature","properties":{"n":"祥和三路東段","v":"太保市","w":5.3,"c":1.4,"r":4},"geometry":{"type":"MultiPolygon","coordinates":[[[[120.292826,23.454597],[120.292952,23.454616],[120.293954,23.454431],[120.293995,23.454387],[120.292826,23.454597]]]]}},{"type":"Feature","properties":{"n":"祥和三路東段","v":"太保市","w":3.1,"c":1.7,"r":11},"geometry":{"type":"MultiPolygon","coordinates":[[[[120.294192,23.454581],[120.294176,23.454594],[120.294173,23.454609],[120.29468,23.454532],[120.294664,23.454515],[120.294629,23.454515],[120.294192,23.454581]]]]}},{"type":"Feature","properties":{"n":"祥和三路東段","v":"太保市","w":3.2,"c":1.9,"r":24},"geometry":{"type":"MultiPolygon","coordinates":[[[[120.292978,23.454768],[120.292954,23.454784],[120.292948,23.454798],[120.294006,23.454628],[120.293982,23.454609],[120.292978,23.454768]]]]}},{"type":"Feature","properties":{"n":"保鐵十二路","v":"太保市","w":3.8,"c":2.8,"r":2},"geometry":{"type":"MultiPolygon","coordinates":[[[[120.322691,23.461466],[120.322688,23.461416],[120.321319,23.461475],[120.321281,23.461492],[120.321257,23.461512],[120.321242,23.461534],[120.321235,23.461572],[120.321273,23.461575],[120.321293,23.461544],[120.321323,23.461521],[120.322691,23.461466]]]]}},{"type":"Feature","properties":{"n":"高鐵西路","v":"太保市","w":7,"c":2,"r":0},"geometry":{"type":"MultiPolygon","coordinates":[[[[120.323559,23.462858],[120.323608,23.462802],[120.323623,23.46277],[120.323577,23.461697],[120.32356,23.461624],[120.323508,23.461535],[120.323434,23.461469],[120.323347,23.461425],[120.323267,23.461405],[120.323268,23.461459],[120.323329,23.461483],[120.323419,23.461544],[120.323476,23.461626],[120.323502,23.461702],[120.323553,23.462707],[120.32355,23.462761],[120.323531,23.462826],[120.323559,23.462858]]]]}},{"type":"Feature","properties":{"n":"保鐵七路","v":"太保市","w":4.1,"c":3,"r":3},"geometry":{"type":"MultiPolygon","coordinates":[[[[120.321323,23.462548],[120.32129,23.46255],[120.321397,23.464283],[120.321432,23.464285],[120.321323,23.462548]]]]}},{"type":"Feature","properties":{"n":"保鐵一路三段","v":"太保市","w":4.3,"c":2.9,"r":3},"geometry":{"type":"MultiPolygon","coordinates":[[[[120.323559,23.462858],[120.323532,23.462825],[120.321585,23.464352],[120.321545,23.464367],[120.321508,23.464366],[120.321462,23.46435],[120.321443,23.464338],[120.321435,23.464316],[120.321432,23.464285],[120.321397,23.464283],[120.321398,23.464381],[120.321409,23.464409],[120.321428,23.46443],[120.321451,23.464441],[120.321511,23.464457],[120.321543,23.464438],[120.321617,23.464381],[120.323559,23.462858]]]]}},{"type":"Feature","properties":{"n":"信義二路","v":"太保市","w":6.5,"c":3.2,"r":2},"geometry":{"type":"MultiPolygon","coordinates":[[[[120.296554,23.464301],[120.296513,23.464304],[120.296456,23.46438],[120.293531,23.464736],[120.293531,23.464755],[120.293543,23.464769],[120.293581,23.464791],[120.296459,23.46444],[120.29652,23.464419],[120.296554,23.464377],[120.296559,23.464337],[120.296554,23.464301]]]]}},{"type":"Feature","properties":{"n":"博愛路","v":"太保市","w":3.6,"c":2.1,"r":1},"geometry":{"type":"MultiPolygon","coordinates":[[[[120.296135,23.462615],[120.296206,23.46264],[120.296513,23.464304],[120.296554,23.464301],[120.296243,23.462635],[120.296223,23.462584],[120.296188,23.462575],[120.296131,23.46258],[120.296135,23.462615]]]]}},{"type":"Feature","properties":{"n":"博愛路","v":"太保市","w":3.6,"c":2.1,"r":1},"geometry":{"type":"MultiPolygon","coordinates":[[[[120.296397,23.4626],[120.296715,23.464281],[120.296755,23.464276],[120.296436,23.462595],[120.296463,23.462547],[120.296463,23.46253],[120.296439,23.462534],[120.296417,23.462546],[120.296402,23.462562],[120.296397,23.4626]]]]}},{"type":"Feature","properties":{"n":"信義二路","v":"太保市","w":6.5,"c":3,"r":2},"geometry":{"type":"MultiPolygon","coordinates":[[[[120.299911,23.463892],[120.299842,23.463897],[120.299798,23.463947],[120.299795,23.463969],[120.296835,23.464329],[120.296754,23.464274],[120.296715,23.464281],[120.296727,23.464322],[120.296743,23.464352],[120.296788,23.464381],[120.29685,23.46439],[120.29983,23.464016],[120.299889,23.463987],[120.299917,23.463937],[120.299911,23.463892]]]]}},{"type":"Feature","properties":{"n":"博學路","v":"太保市","w":6,"c":3,"r":1},"geometry":{"type":"MultiPolygon","coordinates":[[[[120.299842,23.463897],[120.299911,23.463892],[120.299647,23.462145],[120.299641,23.462114],[120.299622,23.462086],[120.299536,23.462078],[120.299539,23.462096],[120.299573,23.462128],[120.299588,23.462149],[120.299842,23.463897]]]]}},{"type":"Feature","properties":{"n":"信義二路","v":"太保市","w":6.5,"c":3.2,"r":2},"geometry":{"type":"MultiPolygon","coordinates":[[[[120.296619,23.464734],[120.296574,23.464705],[120.296514,23.4647],[120.296298,23.464725],[120.296259,23.464755],[120.295564,23.464837],[120.295522,23.464813],[120.294779,23.464909],[120.294748,23.464944],[120.293964,23.465045],[120.293948,23.465017],[120.293649,23.465054],[120.293616,23.465156],[120.29374,23.465155],[120.293783,23.465098],[120.296534,23.464758],[120.296615,23.464799],[120.296649,23.464797],[120.296642,23.464767],[120.296619,23.464734]]]]}},{"type":"Feature","properties":{"n":"故宮大道","v":"太保市","w":5,"c":3.5,"r":1},"geometry":{"type":"MultiPolygon","coordinates":[[[[120.290708,23.469682],[120.290707,23.469663],[120.290686,23.469645],[120.290662,23.469638],[120.288435,23.469854],[120.287948,23.469866],[120.286649,23.469857],[120.286103,23.469863],[120.285767,23.469899],[120.285751,23.469907],[120.285746,23.469924],[120.285751,23.469937],[120.285771,23.469942],[120.286109,23.469911],[120.286649,23.469903],[120.287944,23.469907],[120.288436,23.469894],[120.290708,23.469682]]]]}},{"type":"Feature","properties":{"n":"祥和一路東段","v":"太保市","w":6,"c":2.3,"r":2},"geometry":{"type":"MultiPolygon","coordinates":[[[[120.293659,23.459226],[120.293669,23.459282],[120.295403,23.459004],[120.295402,23.458946],[120.293659,23.459226]]]]}},{"type":"Feature","properties":{"n":"太保一路","v":"太保市","w":5,"c":1.5,"r":2},"geometry":{"type":"MultiPolygon","coordinates":[[[[120.293423,23.458301],[120.293372,23.45831],[120.293492,23.459019],[120.293546,23.459012],[120.293423,23.458301]]]]}},{"type":"Feature","properties":{"n":"學府路一段","v":"太保市","w":4.1,"c":2.9,"r":1},"geometry":{"type":"MultiPolygon","coordinates":[[[[120.294489,23.453819],[120.294523,23.453815],[120.294509,23.453752],[120.294405,23.453458],[120.294372,23.453468],[120.294475,23.453762],[120.294489,23.453819]]]]}},{"type":"Feature","properties":{"n":"棒球一街","v":"太保市","w":3.2,"c":2,"r":2},"geometry":{"type":"MultiPolygon","coordinates":[[[[120.294338,23.455947],[120.294347,23.45598],[120.294876,23.455895],[120.294869,23.455864],[120.294338,23.455947]]]]}},{"type":"Feature","properties":{"n":"太保一路","v":"太保市","w":4.5,"c":2.9,"r":2},"geometry":{"type":"MultiPolygon","coordinates":[[[[120.292995,23.45611],[120.292932,23.45612],[120.293118,23.457113],[120.293179,23.457103],[120.292995,23.45611]]]]}},{"type":"Feature","properties":{"n":"太保一路","v":"太保市","w":4.5,"c":2.5,"r":2},"geometry":{"type":"MultiPolygon","coordinates":[[[[120.29281,23.455467],[120.292874,23.455455],[120.292766,23.454873],[120.292701,23.454884],[120.29281,23.455467]]]]}},{"type":"Feature","properties":{"n":"市政路","v":"太保市","w":2.9,"c":1.3,"r":1},"geometry":{"type":"MultiPolygon","coordinates":[[[[120.359199,23.494915],[120.359187,23.494934],[120.359758,23.495272],[120.359788,23.495254],[120.359199,23.494915]]]]}},{"type":"Feature","properties":{"n":"市政路","v":"太保市","w":2.5,"c":1.25,"r":2},"geometry":{"type":"MultiPolygon","coordinates":[[[[120.359086,23.495024],[120.359063,23.495044],[120.359477,23.495299],[120.359481,23.495287],[120.359473,23.495267],[120.359086,23.495024]]]]}},{"type":"Feature","properties":{"n":"麻太路","v":"太保市","w":2.3,"c":1.1,"r":0},"geometry":{"type":"MultiPolygon","coordinates":[[[[120.363687,23.497674],[120.363676,23.497691],[120.363987,23.497832],[120.364672,23.498082],[120.364684,23.498065],[120.364001,23.49781],[120.363687,23.497674]]]]}},{"type":"Feature","properties":{"n":"麻太路","v":"太保市","w":2.3,"c":1.1,"r":0},"geometry":{"type":"MultiPolygon","coordinates":[[[[120.363676,23.497691],[120.363687,23.497674],[120.363363,23.49752],[120.363364,23.497548],[120.363676,23.497691]]]]}},{"type":"Feature","properties":{"n":"中山路一段","v":"太保市","w":8.2,"c":5.2,"r":2},"geometry":{"type":"MultiPolygon","coordinates":[[[[120.386262,23.496404],[120.386245,23.496369],[120.386086,23.496386],[120.385552,23.496371],[120.385565,23.496409],[120.386084,23.496424],[120.386262,23.496404]]]]}},{"type":"Feature","properties":{"n":"保鐵一路三段","v":"太保市","w":4.3,"c":3.3,"r":2},"geometry":{"type":"MultiPolygon","coordinates":[[[[120.319607,23.465885],[120.31961,23.465916],[120.320143,23.465819],[120.320138,23.465787],[120.319607,23.465885]]]]}},{"type":"Feature","properties":{"n":"保鐵一路三段","v":"太保市","w":4.3,"c":3.1,"r":0},"geometry":{"type":"MultiPolygon","coordinates":[[[[120.320216,23.465436],[120.320215,23.465401],[120.31967,23.465504],[120.319649,23.465478],[120.319622,23.465481],[120.319625,23.465516],[120.319642,23.465528],[120.319669,23.465533],[120.320216,23.465436]]]]}},{"type":"Feature","properties":{"n":"保鐵一路三段","v":"太保市","w":4,"c":2.8,"r":1},"geometry":{"type":"MultiPolygon","coordinates":[[[[120.321682,23.464811],[120.321652,23.464772],[120.320404,23.465721],[120.320348,23.46573],[120.320321,23.465757],[120.320326,23.465793],[120.320423,23.465764],[120.321682,23.464811]]]]}},{"type":"Feature","properties":{"n":"高鐵東路","v":"太保市","w":7,"c":5.8,"r":0},"geometry":{"type":"MultiPolygon","coordinates":[[[[120.324263,23.461248],[120.324202,23.46125],[120.324226,23.462073],[120.324299,23.462072],[120.324263,23.461248]]]]}},{"type":"Feature","properties":{"n":"保鐵十二路","v":"太保市","w":4.5,"c":3.4,"r":1},"geometry":{"type":"MultiPolygon","coordinates":[[[[120.322688,23.461416],[120.322691,23.461466],[120.323209,23.461445],[120.323268,23.461459],[120.323267,23.461405],[120.323222,23.461392],[120.322688,23.461416]]]]}},{"type":"Feature","properties":{"n":"保鐵十六街","v":"太保市","w":2.4,"c":1.3,"r":2},"geometry":{"type":"MultiPolygon","coordinates":[[[[120.319353,23.462648],[120.319349,23.462622],[120.318269,23.462703],[120.318226,23.462687],[120.318198,23.462652],[120.318175,23.462653],[120.318186,23.462684],[120.31821,23.462714],[120.318259,23.46273],[120.319353,23.462648]]]]}},{"type":"Feature","properties":{"n":"保鐵六路","v":"太保市","w":3.5,"c":2.4,"r":2},"geometry":{"type":"MultiPolygon","coordinates":[[[[120.325388,23.456993],[120.325386,23.456956],[120.324205,23.456988],[120.324202,23.45703],[120.325388,23.456993]]]]}},{"type":"Feature","properties":{"n":"保鐵三路","v":"太保市","w":4.3,"c":3.2,"r":2},"geometry":{"type":"MultiPolygon","coordinates":[[[[120.325541,23.458493],[120.32551,23.458492],[120.32556,23.459781],[120.32556,23.459785],[120.325597,23.459784],[120.325544,23.458557],[120.325541,23.458493]]]]}},{"type":"Feature","properties":{"n":"春珠麻寮路","v":"太保市","w":3,"c":1.9,"r":1},"geometry":{"type":"MultiPolygon","coordinates":[[[[120.331888,23.456265],[120.331916,23.45626],[120.331856,23.456002],[120.331827,23.456007],[120.331888,23.456265]]]]}},{"type":"Feature","properties":{"n":"春珠麻寮路","v":"太保市","w":3.3,"c":2.7,"r":0},"geometry":{"type":"MultiPolygon","coordinates":[[[[120.332355,23.457388],[120.332388,23.457384],[120.332258,23.456937],[120.332143,23.456498],[120.332083,23.456244],[120.332054,23.456261],[120.332227,23.456945],[120.332355,23.457388]]]]}},{"type":"Feature","properties":{"n":"春珠麻寮路","v":"太保市","w":3,"c":0,"r":0},"geometry":{"type":"MultiPolygon","coordinates":[[[[120.332221,23.457412],[120.33219,23.45742],[120.33228,23.457723],[120.332543,23.458549],[120.332566,23.458537],[120.332308,23.457716],[120.332221,23.457412]]]]}},{"type":"Feature","properties":{"n":"春珠麻寮路","v":"太保市","w":3,"c":0,"r":0},"geometry":{"type":"MultiPolygon","coordinates":[[[[120.332419,23.461503],[120.332448,23.46152],[120.332627,23.461285],[120.332603,23.461269],[120.332419,23.461503]]]]}},{"type":"Feature","properties":{"n":"春珠麻寮路","v":"太保市","w":3,"c":2.6,"r":0},"geometry":{"type":"MultiPolygon","coordinates":[[[[120.332559,23.461585],[120.332586,23.4616],[120.332794,23.461296],[120.332763,23.46128],[120.33256,23.461584],[120.332559,23.461585]]]]}},{"type":"Feature","properties":{"n":"春珠麻寮路","v":"太保市","w":3.3,"c":1.3,"r":1},"geometry":{"type":"MultiPolygon","coordinates":[[[[120.331659,23.462913],[120.331625,23.46291],[120.331606,23.463021],[120.331641,23.463025],[120.331659,23.462913]]]]}},{"type":"Feature","properties":{"n":"春珠麻寮路","v":"太保市","w":3.2,"c":2.1,"r":0},"geometry":{"type":"MultiPolygon","coordinates":[[[[120.33183,23.462933],[120.331796,23.462929],[120.331774,23.463148],[120.33181,23.463146],[120.33183,23.462933]]]]}},{"type":"Feature","properties":{"n":"春珠麻寮路","v":"太保市","w":3.2,"c":2.2,"r":0},"geometry":{"type":"MultiPolygon","coordinates":[[[[120.332061,23.467122],[120.332036,23.467119],[120.332044,23.46823],[120.332062,23.468238],[120.332064,23.468247],[120.332061,23.467122]]]]}},{"type":"Feature","properties":{"n":"健康路","v":"太保市","w":4.2,"c":0,"r":1},"geometry":{"type":"MultiPolygon","coordinates":[[[[120.297044,23.46637],[120.297052,23.466417],[120.29757,23.466364],[120.297566,23.466332],[120.300122,23.466029],[120.300121,23.466009],[120.297044,23.46637]]]]}},{"type":"Feature","properties":{"n":"健康路","v":"太保市","w":3.3,"c":2.5,"r":0},"geometry":{"type":"MultiPolygon","coordinates":[[[[120.295429,23.466588],[120.295442,23.466556],[120.294425,23.466674],[120.294416,23.466694],[120.294417,23.466703],[120.295429,23.466588]]]]}},{"type":"Feature","properties":{"n":"健康路","v":"太保市","w":1.5,"c":0.6,"r":1},"geometry":{"type":"MultiPolygon","coordinates":[[[[120.295404,23.466398],[120.295406,23.466418],[120.296854,23.466259],[120.296899,23.466231],[120.296913,23.466191],[120.296867,23.466196],[120.29683,23.466244],[120.296757,23.466255],[120.295404,23.466398]]]]}},{"type":"Feature","properties":{"n":"無名","v":"太保市","w":1,"c":0,"r":0},"geometry":{"type":"MultiPolygon","coordinates":[[[[120.29075,23.469174],[120.290767,23.469174],[120.290426,23.467304],[120.290407,23.467304],[120.29075,23.469174]]]]}},{"type":"Feature","properties":{"n":"信義一路","v":"太保市","w":3.6,"c":0.4,"r":0},"geometry":{"type":"MultiPolygon","coordinates":[[[[120.296135,23.462615],[120.296131,23.46258],[120.293315,23.462984],[120.293319,23.463007],[120.29561,23.462671],[120.295614,23.462685],[120.296135,23.462615]]]]}},{"type":"Feature","properties":{"n":"太保五路","v":"太保市","w":2.8,"c":1.6,"r":2},"geometry":{"type":"MultiPolygon","coordinates":[[[[120.298528,23.456292],[120.298563,23.456286],[120.298471,23.455839],[120.298431,23.455817],[120.298528,23.456292]]]]}},{"type":"Feature","properties":{"n":"太保二路","v":"太保市","w":3.2,"c":1,"r":2},"geometry":{"type":"MultiPolygon","coordinates":[[[[120.295388,23.457032],[120.29555,23.457904],[120.295564,23.457918],[120.295594,23.457923],[120.295419,23.457027],[120.295388,23.457032]]]]}},{"type":"Feature","properties":{"n":"太保二路","v":"太保市","w":5.4,"c":2.1,"r":2},"geometry":{"type":"MultiPolygon","coordinates":[[[[120.295351,23.458094],[120.295342,23.458074],[120.295318,23.458066],[120.295293,23.458066],[120.295417,23.458714],[120.295394,23.458735],[120.295402,23.458785],[120.295436,23.458767],[120.295457,23.458743],[120.295473,23.45871],[120.295351,23.458094]]]]}},{"type":"Feature","properties":{"n":"太保五路","v":"太保市","w":3,"c":2,"r":0},"geometry":{"type":"MultiPolygon","coordinates":[[[[120.298411,23.455733],[120.29844,23.455702],[120.298257,23.454751],[120.298217,23.454729],[120.298411,23.455733]]]]}},{"type":"Feature","properties":{"n":"太保五路","v":"太保市","w":2.8,"c":1.3,"r":0},"geometry":{"type":"MultiPolygon","coordinates":[[[[120.29818,23.454591],[120.29821,23.45456],[120.298098,23.453967],[120.298058,23.453945],[120.29818,23.454591]]]]}},{"type":"Feature","properties":{"n":"祥和三路東段","v":"太保市","w":3,"c":0.5,"r":0},"geometry":{"type":"MultiPolygon","coordinates":[[[[120.295669,23.454148],[120.295909,23.454112],[120.295935,23.454074],[120.295644,23.454119],[120.295669,23.454148]]]]}},{"type":"Feature","properties":{"n":"太保二路","v":"太保市","w":2.9,"c":1.7,"r":1},"geometry":{"type":"MultiPolygon","coordinates":[[[[120.294658,23.454535],[120.294869,23.45574],[120.294885,23.455737],[120.294893,23.455725],[120.294897,23.455707],[120.294683,23.454532],[120.294658,23.454535]]]]}},{"type":"Feature","properties":{"n":"祥和三路東段","v":"太保市","w":2.6,"c":0.6,"r":2},"geometry":{"type":"MultiPolygon","coordinates":[[[[120.294597,23.454277],[120.294595,23.454295],[120.294572,23.454307],[120.294546,23.454314],[120.294134,23.454386],[120.294148,23.45441],[120.294583,23.454335],[120.294608,23.454326],[120.294623,23.454301],[120.294626,23.454271],[120.294597,23.454277]]]]}},{"type":"Feature","properties":{"n":"學府路一段","v":"太保市","w":4.1,"c":2.9,"r":2},"geometry":{"type":"MultiPolygon","coordinates":[[[[120.294108,23.452919],[120.294073,23.452939],[120.294167,23.45307],[120.294356,23.453435],[120.294388,23.453419],[120.294202,23.453052],[120.294108,23.452919]]]]}},{"type":"Feature","properties":{"n":"學府路一段","v":"太保市","w":5,"c":3.8,"r":4},"geometry":{"type":"MultiPolygon","coordinates":[[[[120.294682,23.453414],[120.294656,23.453436],[120.294651,23.453463],[120.294729,23.453714],[120.294753,23.453723],[120.294776,23.453724],[120.294688,23.453429],[120.294682,23.453414]]]]}},{"type":"Feature","properties":{"n":"祥和三路東段","v":"太保市","w":3.2,"c":1.6,"r":2},"geometry":{"type":"MultiPolygon","coordinates":[[[[120.291217,23.454842],[120.291241,23.454869],[120.292692,23.454634],[120.292722,23.454605],[120.291217,23.454842]]]]}},{"type":"Feature","properties":{"n":"祥和三路東段","v":"太保市","w":3,"c":1.7,"r":2},"geometry":{"type":"MultiPolygon","coordinates":[[[[120.290622,23.454935],[120.290646,23.454962],[120.291074,23.454889],[120.291104,23.454861],[120.290622,23.454935]]]]}},{"type":"Feature","properties":{"n":"祥和三路東段","v":"太保市","w":6.9,"c":2.2,"r":2},"geometry":{"type":"MultiPolygon","coordinates":[[[[120.290557,23.455163],[120.290574,23.455225],[120.292319,23.45494],[120.292766,23.454873],[120.292764,23.454862],[120.292734,23.454831],[120.292695,23.45482],[120.290983,23.455096],[120.290557,23.455163]]]]}},{"type":"Feature","properties":{"n":"太保二路","v":"太保市","w":2.7,"c":1.4,"r":2},"geometry":{"type":"MultiPolygon","coordinates":[[[[120.295373,23.456831],[120.295387,23.45681],[120.295362,23.456758],[120.295192,23.455795],[120.295175,23.455804],[120.295165,23.455827],[120.295339,23.456783],[120.295353,23.456811],[120.295373,23.456831]]]]}},{"type":"Feature","properties":{"n":"春珠麻寮路","v":"太保市","w":3,"c":2,"r":0},"geometry":{"type":"MultiPolygon","coordinates":[[[[120.33193,23.468277],[120.331903,23.468278],[120.331914,23.468443],[120.331977,23.468801],[120.332064,23.469082],[120.332175,23.469344],[120.332191,23.469325],[120.332085,23.469074],[120.332,23.468799],[120.33194,23.468441],[120.33193,23.468277]]]]}},{"type":"Feature","properties":{"n":"春珠麻寮路","v":"太保市","w":3,"c":2,"r":0},"geometry":{"type":"MultiPolygon","coordinates":[[[[120.331891,23.46595],[120.331864,23.46595],[120.331879,23.467079],[120.331902,23.46708],[120.331892,23.465999],[120.331891,23.46595]]]]}},{"type":"Feature","properties":{"n":"春珠麻寮路","v":"太保市","w":3,"c":0,"r":0},"geometry":{"type":"MultiPolygon","coordinates":[[[[120.332763,23.46128],[120.332794,23.461296],[120.333,23.460993],[120.333134,23.460578],[120.333098,23.460583],[120.332966,23.460976],[120.332763,23.46128]]]]}},{"type":"Feature","properties":{"n":"春珠麻寮路","v":"太保市","w":3,"c":0.6,"r":0},"geometry":{"type":"MultiPolygon","coordinates":[[[[120.332957,23.460368],[120.332987,23.460369],[120.332993,23.460281],[120.332987,23.460046],[120.332973,23.460028],[120.332953,23.460022],[120.332962,23.46028],[120.332957,23.460368]]]]}},{"type":"Feature","properties":{"n":"春珠麻寮路","v":"太保市","w":3,"c":2.6,"r":0},"geometry":{"type":"MultiPolygon","coordinates":[[[[120.332987,23.460369],[120.332957,23.460368],[120.332949,23.460494],[120.332927,23.460583],[120.332955,23.46059],[120.332977,23.460502],[120.332987,23.460369]]]]}},{"type":"Feature","properties":{"n":"春珠麻寮路","v":"太保市","w":3,"c":1,"r":0},"geometry":{"type":"MultiPolygon","coordinates":[[[[120.332702,23.458942],[120.332674,23.45895],[120.332889,23.459711],[120.332943,23.459964],[120.332971,23.459947],[120.332917,23.459706],[120.332702,23.458942]]]]}},{"type":"Feature","properties":{"n":"春珠麻寮路","v":"太保市","w":3,"c":0,"r":0},"geometry":{"type":"MultiPolygon","coordinates":[[[[120.332724,23.458539],[120.332692,23.458547],[120.333027,23.459691],[120.33306,23.459684],[120.332724,23.458539]]]]}},{"type":"Feature","properties":{"n":"春珠麻寮路","v":"太保市","w":3.3,"c":0,"r":0},"geometry":{"type":"MultiPolygon","coordinates":[[[[120.33183,23.455206],[120.331797,23.455211],[120.331932,23.455776],[120.331965,23.45577],[120.33183,23.455206]]]]}},{"type":"Feature","properties":{"n":"春珠麻寮路","v":"太保市","w":6.7,"c":3.2,"r":3},"geometry":{"type":"MultiPolygon","coordinates":[[[[120.331662,23.455225],[120.331614,23.455236],[120.331761,23.455812],[120.331802,23.455802],[120.331662,23.455225]]]]}},{"type":"Feature","properties":{"n":"嘉168線","v":"太保市","w":6,"c":3,"r":5},"geometry":{"type":"MultiPolygon","coordinates":[[[[120.330204,23.454366],[120.330187,23.454405],[120.3302,23.454462],[120.330253,23.454416],[120.331192,23.454258],[120.331247,23.454264],[120.331325,23.454254],[120.33142,23.454235],[120.331403,23.454165],[120.331304,23.454182],[120.330204,23.454366]]]]}},{"type":"Feature","properties":{"n":"保鐵一路二段","v":"太保市","w":2.2,"c":1.2,"r":2},"geometry":{"type":"MultiPolygon","coordinates":[[[[120.326995,23.456973],[120.327021,23.456986],[120.326858,23.454925],[120.326837,23.454932],[120.326835,23.454945],[120.326995,23.456973]]]]}},{"type":"Feature","properties":{"n":"保鐵一路二段","v":"太保市","w":2.4,"c":1.4,"r":2},"geometry":{"type":"MultiPolygon","coordinates":[[[[120.325829,23.46159],[120.325807,23.461566],[120.325032,23.46217],[120.325036,23.462177],[120.324904,23.462284],[120.324712,23.462429],[120.324729,23.462444],[120.32541,23.461916],[120.325829,23.46159]]]]}},{"type":"Feature","properties":{"n":"保鐵一路二段","v":"太保市","w":4,"c":3.6,"r":2},"geometry":{"type":"MultiPolygon","coordinates":[[[[120.324242,23.462506],[120.324463,23.462344],[120.324463,23.462325],[120.324432,23.462322],[120.324217,23.462486],[120.324211,23.462504],[120.324227,23.462512],[120.324242,23.462506]]]]}},{"type":"Feature","properties":{"n":"保鐵三路","v":"太保市","w":4.3,"c":3,"r":2},"geometry":{"type":"MultiPolygon","coordinates":[[[[120.325597,23.459784],[120.32556,23.459785],[120.325629,23.461159],[120.325634,23.461182],[120.325662,23.461235],[120.325692,23.46122],[120.325669,23.461157],[120.325597,23.459787],[120.325597,23.459784]]]]}},{"type":"Feature","properties":{"n":"保鐵六路","v":"太保市","w":3.9,"c":3.6,"r":2},"geometry":{"type":"MultiPolygon","coordinates":[[[[120.323961,23.457038],[120.32407,23.457036],[120.324085,23.457006],[120.32396,23.457009],[120.323961,23.457038]]]]}},{"type":"Feature","properties":{"n":"保鐵六路","v":"太保市","w":3.7,"c":3.5,"r":2},"geometry":{"type":"MultiPolygon","coordinates":[[[[120.323548,23.457055],[120.323835,23.457048],[120.323831,23.456996],[120.323542,23.457001],[120.323548,23.457055]]]]}},{"type":"Feature","properties":{"n":"保鐵六路","v":"太保市","w":4.4,"c":3.4,"r":2},"geometry":{"type":"MultiPolygon","coordinates":[[[[120.323551,23.457308],[120.32384,23.4573],[120.323833,23.457261],[120.323544,23.45727],[120.323551,23.457308]]]]}},{"type":"Feature","properties":{"n":"嘉168線","v":"太保市","w":3,"c":0,"r":2},"geometry":{"type":"MultiPolygon","coordinates":[[[[120.323442,23.455244],[120.323726,23.455205],[120.323722,23.455174],[120.323437,23.45521],[120.323442,23.455244]]]]}},{"type":"Feature","properties":{"n":"嘉168線","v":"太保市","w":3,"c":2.1,"r":2},"geometry":{"type":"MultiPolygon","coordinates":[[[[120.323462,23.455523],[120.323749,23.455485],[120.323744,23.455456],[120.323457,23.455494],[120.323462,23.455523]]]]}},{"type":"Feature","properties":{"n":"嘉168線","v":"太保市","w":2.7,"c":2.2,"r":2},"geometry":{"type":"MultiPolygon","coordinates":[[[[120.32386,23.455168],[120.324025,23.455143],[120.324004,23.455118],[120.323855,23.455134],[120.32386,23.455168]]]]}},{"type":"Feature","properties":{"n":"保鐵十二路","v":"太保市","w":4,"c":3.2,"r":2},"geometry":{"type":"MultiPolygon","coordinates":[[[[120.32372,23.461113],[120.324007,23.461105],[120.324007,23.461075],[120.323719,23.461079],[120.32372,23.461113]]]]}},{"type":"Feature","properties":{"n":"保鐵十二路","v":"太保市","w":4,"c":2.4,"r":2},"geometry":{"type":"MultiPolygon","coordinates":[[[[120.323729,23.461355],[120.324019,23.461347],[120.324017,23.461318],[120.323728,23.461327],[120.323729,23.461355]]]]}},{"type":"Feature","properties":{"n":"保鐵一路二段","v":"太保市","w":1.7,"c":1.4,"r":2},"geometry":{"type":"MultiPolygon","coordinates":[[[[120.324385,23.462694],[120.324622,23.462518],[120.324603,23.462508],[120.324375,23.462684],[120.324385,23.462694]]]]}},{"type":"Feature","properties":{"n":"保鐵十路","v":"太保市","w":4.3,"c":2.1,"r":1},"geometry":{"type":"MultiPolygon","coordinates":[[[[120.325383,23.459726],[120.325383,23.459691],[120.324257,23.459728],[120.32426,23.459771],[120.325383,23.459726]]]]}},{"type":"Feature","properties":{"n":"保鐵八路","v":"太保市","w":4.4,"c":2.1,"r":1},"geometry":{"type":"MultiPolygon","coordinates":[[[[120.325301,23.458434],[120.325302,23.458401],[120.324203,23.458438],[120.324202,23.458476],[120.325301,23.458434]]]]}},{"type":"Feature","properties":{"n":"保鐵六路","v":"太保市","w":7.5,"c":3.2,"r":2},"geometry":{"type":"MultiPolygon","coordinates":[[[[120.322597,23.457354],[120.323288,23.457326],[120.323289,23.457264],[120.322598,23.457293],[120.322597,23.457354]]]]}},{"type":"Feature","properties":{"n":"保鐵七路","v":"太保市","w":4.3,"c":2.3,"r":1},"geometry":{"type":"MultiPolygon","coordinates":[[[[120.32129,23.46255],[120.321323,23.462548],[120.321273,23.461575],[120.321235,23.461572],[120.32129,23.46255]]]]}},{"type":"Feature","properties":{"n":"保鐵七路","v":"太保市","w":4,"c":2.6,"r":1},"geometry":{"type":"MultiPolygon","coordinates":[[[[120.321143,23.459281],[120.321184,23.459283],[120.321064,23.457422],[120.321032,23.457421],[120.321143,23.459281]]]]}},{"type":"Feature","properties":{"n":"保鐵六路","v":"太保市","w":5.5,"c":4.1,"r":2},"geometry":{"type":"MultiPolygon","coordinates":[[[[120.322454,23.457068],[120.322455,23.457118],[120.32302,23.457094],[120.32314,23.457071],[120.323223,23.457017],[120.323149,23.456971],[120.32304,23.457005],[120.323057,23.457045],[120.323023,23.457054],[120.322454,23.457068]]]]}},{"type":"Feature","properties":{"n":"保鐵七路","v":"太保市","w":4.1,"c":2.9,"r":2},"geometry":{"type":"MultiPolygon","coordinates":[[[[120.320791,23.457292],[120.320837,23.457291],[120.32075,23.456029],[120.320705,23.456028],[120.320791,23.457292]]]]}},{"type":"Feature","properties":{"n":"保鐵七路","v":"太保市","w":3.9,"c":2.8,"r":1},"geometry":{"type":"MultiPolygon","coordinates":[[[[120.320952,23.459285],[120.320853,23.459292],[120.320867,23.459581],[120.320921,23.459579],[120.321006,23.461114],[120.321056,23.461114],[120.320952,23.459285]]]]}},{"type":"Feature","properties":{"n":"高鐵大道","v":"太保市","w":2.1,"c":1.2,"r":2},"geometry":{"type":"MultiPolygon","coordinates":[[[[120.317896,23.459405],[120.317866,23.459405],[120.318029,23.461212],[120.318062,23.461209],[120.317916,23.459653],[120.317896,23.459405]]]]}},{"type":"Feature","properties":{"n":"保鐵七路","v":"太保市","w":3.5,"c":2.3,"r":2},"geometry":{"type":"MultiPolygon","coordinates":[[[[120.320918,23.455602],[120.320826,23.454043],[120.320872,23.454041],[120.320876,23.453964],[120.320852,23.453593],[120.320762,23.453592],[120.320874,23.455606],[120.320917,23.455629],[120.320959,23.455643],[120.320958,23.455613],[120.320918,23.455602]]]]}},{"type":"Feature","properties":{"n":"高鐵大道","v":"太保市","w":3,"c":1.5,"r":2},"geometry":{"type":"MultiPolygon","coordinates":[[[[120.317522,23.456054],[120.317578,23.456124],[120.317596,23.456105],[120.317552,23.456054],[120.31736,23.45381],[120.317374,23.453771],[120.317344,23.453758],[120.317328,23.453783],[120.31733,23.453811],[120.317522,23.456054]]]]}},{"type":"Feature","properties":{"n":"故宮大道","v":"太保市","w":3,"c":1.5,"r":2},"geometry":{"type":"MultiPolygon","coordinates":[[[[120.317157,23.46637],[120.317162,23.466386],[120.318025,23.466231],[120.318028,23.466245],[120.318097,23.46624],[120.318083,23.466219],[120.318065,23.466207],[120.317871,23.466242],[120.317866,23.466233],[120.317297,23.466322],[120.317278,23.466348],[120.317157,23.46637]]]]}},{"type":"Feature","properties":{"n":"故宮大道","v":"太保市","w":3,"c":1.5,"r":2},"geometry":{"type":"MultiPolygon","coordinates":[[[[120.313365,23.467043],[120.313368,23.467071],[120.317101,23.466394],[120.317095,23.466383],[120.316955,23.466406],[120.316907,23.466395],[120.313969,23.466936],[120.313365,23.467043]]]]}},{"type":"Feature","properties":{"n":"故宮大道","v":"太保市","w":3,"c":1.5,"r":4},"geometry":{"type":"MultiPolygon","coordinates":[[[[120.309488,23.467669],[120.309451,23.467698],[120.309384,23.467709],[120.309387,23.46772],[120.310867,23.467522],[120.31322,23.467098],[120.313206,23.46707],[120.310862,23.467492],[120.309488,23.467669]]]]}},{"type":"Feature","properties":{"n":"故宮大道","v":"太保市","w":4.8,"c":1.2,"r":2},"geometry":{"type":"MultiPolygon","coordinates":[[[[120.316882,23.466012],[120.316887,23.466038],[120.318293,23.465791],[120.318293,23.465755],[120.316882,23.466012]]]]}},{"type":"Feature","properties":{"n":"故宮大道","v":"太保市","w":4.8,"c":1.2,"r":2},"geometry":{"type":"MultiPolygon","coordinates":[[[[120.313131,23.466689],[120.313137,23.466723],[120.316741,23.466068],[120.316736,23.466036],[120.313131,23.466689]]]]}},{"type":"Feature","properties":{"n":"故宮大道","v":"太保市","w":5,"c":1.4,"r":2},"geometry":{"type":"MultiPolygon","coordinates":[[[[120.309363,23.467307],[120.309366,23.46734],[120.310467,23.467197],[120.311198,23.467082],[120.313003,23.466751],[120.312999,23.466714],[120.311197,23.467039],[120.310456,23.467157],[120.309363,23.467307]]]]}},{"type":"Feature","properties":{"n":"故宮大道","v":"太保市","w":5,"c":1.4,"r":2},"geometry":{"type":"MultiPolygon","coordinates":[[[[120.302332,23.468222],[120.302328,23.468173],[120.301391,23.468269],[120.300965,23.468297],[120.300964,23.46835],[120.301395,23.468315],[120.302332,23.468222]]]]}},{"type":"Feature","properties":{"n":"故宮大道","v":"太保市","w":6,"c":3,"r":2},"geometry":{"type":"MultiPolygon","coordinates":[[[[120.295556,23.468842],[120.295579,23.468811],[120.295568,23.468775],[120.294459,23.468879],[120.294448,23.468785],[120.294329,23.468791],[120.294337,23.46886],[120.294355,23.468886],[120.294383,23.468916],[120.294427,23.468937],[120.294465,23.46894],[120.295556,23.468842]]]]}},{"type":"Feature","properties":{"n":"故宮大道","v":"太保市","w":5,"c":3.5,"r":2},"geometry":{"type":"MultiPolygon","coordinates":[[[[120.294088,23.469385],[120.294084,23.469365],[120.294043,23.46933],[120.293984,23.469334],[120.290868,23.469626],[120.290849,23.469632],[120.290839,23.469644],[120.290836,23.469675],[120.294088,23.469385]]]]}},{"type":"Feature","properties":{"n":"春珠麻寮路","v":"太保市","w":5,"c":2.5,"r":2},"geometry":{"type":"MultiPolygon","coordinates":[[[[120.331614,23.455236],[120.331662,23.455225],[120.331421,23.454235],[120.331382,23.454242],[120.331481,23.454647],[120.331614,23.455236]]]]}},{"type":"Feature","properties":{"n":"春珠麻寮路","v":"太保市","w":3,"c":0,"r":0},"geometry":{"type":"MultiPolygon","coordinates":[[[[120.33219,23.45742],[120.332221,23.457412],[120.332091,23.456958],[120.331978,23.456522],[120.331916,23.45626],[120.331888,23.456265],[120.331947,23.456521],[120.332063,23.456965],[120.332183,23.457396],[120.33219,23.45742]]]]}},{"type":"Feature","properties":{"n":"春珠麻寮路","v":"太保市","w":3.2,"c":2.1,"r":0},"geometry":{"type":"MultiPolygon","coordinates":[[[[120.332955,23.46059],[120.332927,23.460583],[120.332912,23.460641],[120.332805,23.460926],[120.33265,23.461198],[120.332674,23.461213],[120.332832,23.460936],[120.33294,23.460646],[120.332955,23.46059]]]]}},{"type":"Feature","properties":{"n":"春珠麻寮路","v":"太保市","w":3,"c":0,"r":0},"geometry":{"type":"MultiPolygon","coordinates":[[[[120.331625,23.46291],[120.331659,23.462913],[120.33167,23.462831],[120.331729,23.46258],[120.33189,23.462258],[120.332448,23.46152],[120.332419,23.461503],[120.332173,23.461813],[120.331849,23.462249],[120.331699,23.462574],[120.331635,23.462846],[120.331625,23.46291]]]]}},{"type":"Feature","properties":{"n":"春珠麻寮路","v":"太保市","w":2.5,"c":0,"r":0},"geometry":{"type":"MultiPolygon","coordinates":[[[[120.331622,23.463405],[120.331783,23.464366],[120.331812,23.464365],[120.331735,23.463865],[120.331651,23.463399],[120.331622,23.463405]]]]}},{"type":"Feature","properties":{"n":"春珠麻寮路","v":"太保市","w":3,"c":0,"r":0},"geometry":{"type":"MultiPolygon","coordinates":[[[[120.331864,23.46595],[120.331891,23.46595],[120.331864,23.464735],[120.331832,23.464714],[120.331864,23.46595]]]]}},{"type":"Feature","properties":{"n":"春珠麻寮路","v":"太保市","w":3,"c":2,"r":0},"geometry":{"type":"MultiPolygon","coordinates":[[[[120.331903,23.468278],[120.33193,23.468277],[120.331923,23.468181],[120.3319,23.467154],[120.33188,23.467153],[120.331896,23.468179],[120.331903,23.468278]]]]}},{"type":"Feature","properties":{"n":"春珠麻寮路","v":"太保市","w":3,"c":2,"r":0},"geometry":{"type":"MultiPolygon","coordinates":[[[[120.332213,23.469422],[120.332613,23.470386],[120.332635,23.470384],[120.332237,23.469414],[120.332232,23.469406],[120.332202,23.4694],[120.332213,23.469422]]]]}},{"type":"Feature","properties":{"n":"保鐵七路","v":"太保市","w":3.8,"c":2.6,"r":2},"geometry":{"type":"MultiPolygon","coordinates":[[[[120.321084,23.461569],[120.32113,23.462459],[120.32111,23.462482],[120.321094,23.462491],[120.321101,23.462518],[120.321138,23.4625],[120.32117,23.462472],[120.321121,23.461568],[120.321117,23.461537],[120.321071,23.461502],[120.321046,23.461497],[120.321045,23.461534],[120.321084,23.461569]]]]}},{"type":"Feature","properties":{"n":"保鐵十六街","v":"太保市","w":2.2,"c":1.3,"r":0},"geometry":{"type":"MultiPolygon","coordinates":[[[[120.319349,23.462622],[120.319353,23.462648],[120.321101,23.462518],[120.321094,23.462491],[120.319349,23.462622]]]]}},{"type":"Feature","properties":{"n":"保鐵十六街","v":"太保市","w":5.2,"c":4.1,"r":2},"geometry":{"type":"MultiPolygon","coordinates":[[[[120.318246,23.462827],[120.319254,23.46274],[120.319253,23.46271],[120.318238,23.462794],[120.318246,23.462827]]]]}},{"type":"Feature","properties":{"n":"保鐵九街","v":"太保市","w":2.3,"c":1.1,"r":2},"geometry":{"type":"MultiPolygon","coordinates":[[[[120.31929,23.462772],[120.319519,23.46549],[120.319544,23.465488],[120.319309,23.462731],[120.31927,23.462712],[120.319253,23.46271],[120.319254,23.46274],[120.319271,23.46274],[120.319287,23.462757],[120.31929,23.462772]]]]}},{"type":"Feature","properties":{"n":"保鐵一路三段","v":"太保市","w":4.3,"c":3.1,"r":1},"geometry":{"type":"MultiPolygon","coordinates":[[[[120.318566,23.465704],[120.318498,23.465654],[120.31848,23.465654],[120.318477,23.465689],[120.318484,23.465709],[120.318516,23.465734],[120.318546,23.465748],[120.319527,23.465562],[120.319547,23.465534],[120.319544,23.465488],[120.319519,23.46549],[120.319519,23.465505],[120.319511,23.465523],[120.319493,23.465537],[120.318566,23.465704]]]]}},{"type":"Feature","properties":{"n":"博學路","v":"太保市","w":6.5,"c":3,"r":1},"geometry":{"type":"MultiPolygon","coordinates":[[[[120.29992,23.464403],[120.300142,23.465799],[120.300112,23.465844],[120.300116,23.465877],[120.300179,23.465863],[120.300205,23.465833],[120.300205,23.465795],[120.299994,23.46439],[120.29992,23.464403]]]]}},{"type":"Feature","properties":{"n":"故宮大道","v":"太保市","w":6,"c":3,"r":2},"geometry":{"type":"MultiPolygon","coordinates":[[[[120.295706,23.468767],[120.295722,23.468831],[120.300452,23.46839],[120.300523,23.468361],[120.300566,23.468322],[120.300583,23.468274],[120.300582,23.46826],[120.300514,23.468264],[120.300441,23.468335],[120.295706,23.468767]]]]}},{"type":"Feature","properties":{"n":"春珠麻寮路","v":"太保市","w":3.3,"c":0,"r":0},"geometry":{"type":"MultiPolygon","coordinates":[[[[120.33179,23.455188],[120.331822,23.455182],[120.33157,23.454137],[120.331536,23.454142],[120.33179,23.455188]]]]}},{"type":"Feature","properties":{"n":"春珠麻寮路","v":"太保市","w":3,"c":3,"r":1},"geometry":{"type":"MultiPolygon","coordinates":[[[[120.331993,23.455887],[120.331967,23.455897],[120.332042,23.45621],[120.332071,23.456204],[120.331993,23.455887]]]]}},{"type":"Feature","properties":{"n":"春珠麻寮路","v":"太保市","w":3,"c":2.5,"r":0},"geometry":{"type":"MultiPolygon","coordinates":[[[[120.332388,23.457384],[120.332355,23.457388],[120.332692,23.458547],[120.332724,23.458539],[120.332388,23.457384]]]]}},{"type":"Feature","properties":{"n":"春珠麻寮路","v":"太保市","w":3,"c":0,"r":0},"geometry":{"type":"MultiPolygon","coordinates":[[[[120.331796,23.462929],[120.33183,23.462933],[120.331871,23.46275],[120.331946,23.462559],[120.33205,23.462342],[120.332223,23.462054],[120.332586,23.4616],[120.332559,23.461585],[120.332198,23.462033],[120.332018,23.462323],[120.331901,23.462558],[120.331835,23.462743],[120.331796,23.462929]]]]}},{"type":"Feature","properties":{"n":"春珠麻寮路","v":"太保市","w":3,"c":0,"r":0},"geometry":{"type":"MultiPolygon","coordinates":[[[[120.331836,23.463584],[120.331804,23.463582],[120.331866,23.463957],[120.331972,23.464515],[120.332004,23.464519],[120.331886,23.463877],[120.331836,23.463584]]]]}},{"type":"Feature","properties":{"n":"春珠麻寮路","v":"太保市","w":3,"c":1.8,"r":0},"geometry":{"type":"MultiPolygon","coordinates":[[[[120.332008,23.464572],[120.331988,23.464573],[120.331979,23.464584],[120.332025,23.465909],[120.332041,23.46592],[120.332054,23.465921],[120.332008,23.464572]]]]}},{"type":"Feature","properties":{"n":"春珠麻寮路","v":"太保市","w":3,"c":1.8,"r":0},"geometry":{"type":"MultiPolygon","coordinates":[[[[120.332036,23.467119],[120.332061,23.467122],[120.332057,23.465974],[120.332028,23.465986],[120.332036,23.467119]]]]}},{"type":"Feature","properties":{"n":"春珠麻寮路","v":"太保市","w":3,"c":2,"r":0},"geometry":{"type":"MultiPolygon","coordinates":[[[[120.332089,23.46832],[120.332088,23.468299],[120.332071,23.468302],[120.33206,23.468309],[120.332089,23.468563],[120.332161,23.468854],[120.332225,23.469064],[120.332344,23.46936],[120.332373,23.469357],[120.332243,23.46906],[120.332181,23.468845],[120.332111,23.46856],[120.332089,23.46832]]]]}},{"type":"Feature","properties":{"n":"祥和二路東段","v":"太保市","w":4.2,"c":1.5,"r":2},"geometry":{"type":"MultiPolygon","coordinates":[[[[120.297731,23.456633],[120.297731,23.456656],[120.298543,23.456526],[120.298567,23.456543],[120.298609,23.45654],[120.298599,23.456506],[120.298584,23.456485],[120.29776,23.456612],[120.297736,23.45662],[120.297731,23.456633]]]]}},{"type":"Feature","properties":{"n":"祥和一路東段","v":"太保市","w":4.8,"c":1.8,"r":2},"geometry":{"type":"MultiPolygon","coordinates":[[[[120.293671,23.458979],[120.293695,23.459025],[120.293714,23.459039],[120.293739,23.459045],[120.295402,23.458785],[120.295394,23.458735],[120.293719,23.458998],[120.29371,23.458977],[120.293671,23.458979]]]]}},{"type":"Feature","properties":{"n":"博愛路","v":"太保市","w":4,"c":2.5,"r":0},"geometry":{"type":"MultiPolygon","coordinates":[[[[120.297128,23.466175],[120.296862,23.464762],[120.296812,23.464765],[120.297078,23.466178],[120.297128,23.466175]]]]}},{"type":"Feature","properties":{"n":"高鐵大道","v":"太保市","w":2.1,"c":0.9,"r":2},"geometry":{"type":"MultiPolygon","coordinates":[[[[120.31848,23.465654],[120.318498,23.465654],[120.318233,23.462844],[120.318246,23.462827],[120.318238,23.462794],[120.318207,23.462828],[120.31848,23.465654]]]]}},{"type":"Feature","properties":{"n":"高鐵大道","v":"太保市","w":2.1,"c":0.9,"r":2},"geometry":{"type":"MultiPolygon","coordinates":[[[[120.318175,23.462653],[120.318198,23.462652],[120.318123,23.461711],[120.318096,23.461709],[120.318175,23.462653]]]]}},{"type":"Feature","properties":{"n":"保鐵十二路","v":"太保市","w":4,"c":3.1,"r":3},"geometry":{"type":"MultiPolygon","coordinates":[[[[120.318207,23.461652],[120.321045,23.461534],[120.321046,23.461497],[120.318184,23.461615],[120.318146,23.461631],[120.318124,23.461648],[120.318106,23.461667],[120.318098,23.461685],[120.318096,23.461709],[120.318123,23.461711],[120.318145,23.461685],[120.318173,23.461666],[120.318207,23.461652]]]]}},{"type":"Feature","properties":{"n":"健康路","v":"太保市","w":4.2,"c":2.1,"r":1},"geometry":{"type":"MultiPolygon","coordinates":[[[[120.29554,23.466545],[120.295568,23.466572],[120.297052,23.466417],[120.297044,23.46637],[120.29554,23.466545]]]]}},{"type":"Feature","properties":{"n":"健康路","v":"太保市","w":3,"c":2,"r":1},"geometry":{"type":"MultiPolygon","coordinates":[[[[120.300112,23.465844],[120.297078,23.466178],[120.297113,23.466212],[120.297154,23.46621],[120.300116,23.465877],[120.300112,23.465844]]]]}},{"type":"Feature","properties":{"n":"高鐵東路","v":"太保市","w":4.5,"c":3.3,"r":2},"geometry":{"type":"MultiPolygon","coordinates":[[[[120.324299,23.462072],[120.324225,23.46207],[120.324238,23.462123],[120.32427,23.46218],[120.324331,23.462229],[120.324391,23.462258],[120.324471,23.462263],[120.32453,23.462255],[120.324571,23.462238],[120.324708,23.462154],[120.32547,23.461555],[120.325523,23.461498],[120.325529,23.461479],[120.325471,23.461484],[120.325449,23.461526],[120.325408,23.461564],[120.324682,23.462133],[120.324611,23.462179],[120.324543,23.462201],[120.32448,23.462208],[120.324418,23.4622],[120.324368,23.462171],[120.324327,23.462126],[120.324299,23.462072]]]]}},{"type":"Feature","properties":{"n":"保鐵三路","v":"太保市","w":4.3,"c":3,"r":2},"geometry":{"type":"MultiPolygon","coordinates":[[[[120.325479,23.461448],[120.325471,23.461484],[120.325529,23.461479],[120.325473,23.459895],[120.325469,23.45987],[120.325441,23.459837],[120.32543,23.45983],[120.325384,23.459825],[120.325384,23.459861],[120.325399,23.459861],[120.325435,23.459883],[120.325436,23.459899],[120.325479,23.461448]]]]}},{"type":"Feature","properties":{"n":"保鐵十路","v":"太保市","w":4.3,"c":2.1,"r":0},"geometry":{"type":"MultiPolygon","coordinates":[[[[120.325384,23.459861],[120.325384,23.459825],[120.324257,23.459862],[120.32426,23.459905],[120.325384,23.459861]]]]}},{"type":"Feature","properties":{"n":"高鐵東路","v":"太保市","w":4,"c":3.1,"r":1},"geometry":{"type":"MultiPolygon","coordinates":[[[[120.324202,23.46125],[120.324263,23.461248],[120.324206,23.459942],[120.324217,23.459922],[120.324237,23.45991],[120.32426,23.459905],[120.324257,23.459862],[120.324229,23.459878],[120.324165,23.459945],[120.324202,23.46125]]]]}},{"type":"Feature","properties":{"n":"保鐵一路二段","v":"太保市","w":4.4,"c":3.3,"r":2},"geometry":{"type":"MultiPolygon","coordinates":[[[[120.325704,23.461229],[120.325692,23.46122],[120.325662,23.461235],[120.325688,23.46126],[120.325712,23.461274],[120.32574,23.461281],[120.325784,23.461285],[120.325827,23.461279],[120.325851,23.46127],[120.326904,23.460456],[120.32699,23.460314],[120.326794,23.457257],[120.326787,23.457206],[120.326776,23.457179],[120.326759,23.45716],[120.326722,23.457139],[120.326674,23.457128],[120.32667,23.457204],[120.3267,23.457207],[120.326714,23.457224],[120.326723,23.457267],[120.32674,23.457657],[120.326777,23.457655],[120.326946,23.460306],[120.32687,23.460435],[120.325831,23.461231],[120.325793,23.461244],[120.325765,23.461246],[120.325729,23.46124],[120.325704,23.461229]]]]}},{"type":"Feature","properties":{"n":"保鐵六路","v":"太保市","w":8.5,"c":3,"r":2},"geometry":{"type":"MultiPolygon","coordinates":[[[[120.32667,23.457204],[120.326674,23.457128],[120.325537,23.457174],[120.325494,23.457179],[120.325448,23.45722],[120.325438,23.457242],[120.325436,23.457294],[120.325518,23.457287],[120.325549,23.457259],[120.32667,23.457204]]]]}},{"type":"Feature","properties":{"n":"保鐵三路","v":"太保市","w":4.5,"c":3.3,"r":3},"geometry":{"type":"MultiPolygon","coordinates":[[[[120.32551,23.458492],[120.325541,23.458493],[120.325502,23.457716],[120.32554,23.457715],[120.325519,23.457285],[120.325434,23.457294],[120.32551,23.458492]]]]}},{"type":"Feature","properties":{"n":"保鐵三路","v":"太保市","w":4.5,"c":3.4,"r":2},"geometry":{"type":"MultiPolygon","coordinates":[[[[120.325299,23.457271],[120.325342,23.458352],[120.3253,23.458401],[120.325301,23.458434],[120.325343,23.458426],[120.325386,23.458389],[120.325336,23.457271],[120.325299,23.457271]]]]}},{"type":"Feature","properties":{"n":"高鐵東路","v":"太保市","w":7.7,"c":4.8,"r":1},"geometry":{"type":"MultiPolygon","coordinates":[[[[120.323984,23.455565],[120.323907,23.455562],[120.323968,23.456812],[120.324003,23.456886],[120.324049,23.456943],[120.324104,23.456984],[120.324202,23.45703],[120.324205,23.456988],[120.324134,23.456954],[120.324074,23.456888],[120.324038,23.456815],[120.323984,23.455565]]]]}},{"type":"Feature","properties":{"n":"嘉168線","v":"太保市","w":3,"c":1.5,"r":2},"geometry":{"type":"MultiPolygon","coordinates":[[[[120.323984,23.455565],[120.323999,23.455534],[120.324023,23.455501],[120.324077,23.455441],[120.324137,23.455424],[120.326501,23.455031],[120.326551,23.455044],[120.326573,23.455059],[120.326589,23.45508],[120.326599,23.455107],[120.326631,23.455103],[120.326626,23.455077],[120.326618,23.455052],[120.326584,23.455008],[120.326558,23.454997],[120.326502,23.454991],[120.324102,23.455392],[120.324012,23.455412],[120.323968,23.455449],[120.323939,23.455477],[120.323919,23.455514],[120.323906,23.455564],[120.323984,23.455565]]]]}},{"type":"Feature","properties":{"n":"保鐵一路二段","v":"太保市","w":3.5,"c":2.2,"r":2},"geometry":{"type":"MultiPolygon","coordinates":[[[[120.326599,23.455107],[120.326724,23.45684],[120.326757,23.456841],[120.326631,23.455103],[120.326599,23.455107]]]]}},{"type":"Feature","properties":{"n":"保鐵六路","v":"太保市","w":3.5,"c":2.3,"r":2},"geometry":{"type":"MultiPolygon","coordinates":[[[[120.325386,23.456956],[120.325388,23.456993],[120.326654,23.456953],[120.326736,23.456909],[120.326755,23.456876],[120.326757,23.456841],[120.326724,23.45684],[120.326642,23.456921],[120.325386,23.456956]]]]}},{"type":"Feature","properties":{"n":"太保五路","v":"太保市","w":2.7,"c":1.2,"r":2},"geometry":{"type":"MultiPolygon","coordinates":[[[[120.29893,23.458269],[120.299008,23.458674],[120.299036,23.458644],[120.298965,23.45829],[120.29893,23.458269]]]]}},{"type":"Feature","properties":{"n":"太保五路","v":"太保市","w":2.9,"c":1.4,"r":2},"geometry":{"type":"MultiPolygon","coordinates":[[[[120.298902,23.458137],[120.298932,23.458132],[120.298716,23.457103],[120.29868,23.457095],[120.298902,23.458137]]]]}},{"type":"Feature","properties":{"n":"保鐵一路二段","v":"太保市","w":2.3,"c":1.2,"r":4},"geometry":{"type":"MultiPolygon","coordinates":[[[[120.325807,23.461566],[120.325829,23.46159],[120.327263,23.46048],[120.327123,23.458437],[120.327077,23.457632],[120.327033,23.457108],[120.327005,23.457108],[120.327219,23.460286],[120.327123,23.460464],[120.327078,23.460539],[120.327015,23.460629],[120.325807,23.461566]]]]}},{"type":"Feature","properties":{"n":"保鐵一路三段","v":"太保市","w":4.3,"c":3.3,"r":1},"geometry":{"type":"MultiPolygon","coordinates":[[[[120.31961,23.465916],[120.319607,23.465885],[120.318547,23.466079],[120.318515,23.466132],[120.318503,23.466166],[120.31853,23.466166],[120.318568,23.466107],[120.31961,23.465916]]]]}},{"type":"Feature","properties":{"n":"保鐵一路三段","v":"太保市","w":3.9,"c":2.8,"r":1},"geometry":{"type":"MultiPolygon","coordinates":[[[[120.321652,23.464772],[120.321682,23.464811],[120.323461,23.463462],[120.323429,23.463451],[120.323391,23.46345],[120.321652,23.464772]]]]}},{"type":"Feature","properties":{"n":"保鐵一路三段","v":"太保市","w":3.8,"c":3.8,"r":2},"geometry":{"type":"MultiPolygon","coordinates":[[[[120.32348,23.463399],[120.32366,23.463262],[120.323656,23.463248],[120.323639,23.463237],[120.32344,23.463389],[120.32348,23.463399]]]]}},{"type":"Feature","properties":{"n":"保鐵一路二段","v":"太保市","w":3.9,"c":3.6,"r":2},"geometry":{"type":"MultiPolygon","coordinates":[[[[120.323841,23.463141],[120.324103,23.463001],[120.324082,23.462967],[120.323825,23.463108],[120.323841,23.463141]]]]}},{"type":"Feature","properties":{"n":"保鐵八路","v":"太保市","w":3.7,"c":3.3,"r":0},"geometry":{"type":"MultiPolygon","coordinates":[[[[120.324177,23.459727],[120.324123,23.458639],[120.324122,23.458623],[120.324133,23.45862],[120.324132,23.45859],[120.324105,23.458615],[120.32409,23.458637],[120.324143,23.459722],[120.324169,23.45975],[120.324206,23.459765],[120.32426,23.459771],[120.324257,23.459728],[120.324177,23.459727]]]]}},{"type":"Feature","properties":{"n":"保鐵八路","v":"太保市","w":4.4,"c":2.3,"r":1},"geometry":{"type":"MultiPolygon","coordinates":[[[[120.325332,23.458561],[120.325331,23.45853],[120.324132,23.45859],[120.324133,23.45862],[120.325332,23.458561]]]]}},{"type":"Feature","properties":{"n":"保鐵三路","v":"太保市","w":4.3,"c":3.5,"r":2},"geometry":{"type":"MultiPolygon","coordinates":[[[[120.325332,23.458561],[120.325355,23.458569],[120.325366,23.458582],[120.325409,23.459674],[120.325383,23.459692],[120.325383,23.459726],[120.325399,23.45972],[120.325425,23.459701],[120.325438,23.459688],[120.325444,23.45967],[120.325405,23.458582],[120.325361,23.458538],[120.325331,23.45853],[120.325332,23.458561]]]]}},{"type":"Feature","properties":{"n":"高鐵東路","v":"太保市","w":4,"c":1.8,"r":2},"geometry":{"type":"MultiPolygon","coordinates":[[[[120.324203,23.458438],[120.32416,23.458433],[120.324124,23.458404],[120.324069,23.457319],[120.324121,23.457266],[120.324117,23.457233],[120.324088,23.457237],[120.324033,23.457278],[120.324026,23.457319],[120.324086,23.458394],[120.324097,23.458418],[120.324114,23.458437],[120.324156,23.458462],[120.324203,23.458476],[120.324203,23.458438]]]]}},{"type":"Feature","properties":{"n":"保鐵六路","v":"太保市","w":4.4,"c":2.1,"r":2},"geometry":{"type":"MultiPolygon","coordinates":[[[[120.32412,23.457266],[120.325226,23.457226],[120.325257,23.457234],[120.325297,23.457255],[120.325299,23.457271],[120.325336,23.457271],[120.325333,23.457244],[120.325317,23.457215],[120.325299,23.457201],[120.325277,23.457195],[120.324117,23.457233],[120.32412,23.457266]]]]}},{"type":"Feature","properties":{"n":"祥和三路東段","v":"太保市","w":3.1,"c":0,"r":0},"geometry":{"type":"MultiPolygon","coordinates":[[[[120.297234,23.453874],[120.297266,23.453901],[120.298028,23.453779],[120.298022,23.453743],[120.297234,23.453874]]]]}},{"type":"Feature","properties":{"n":"祥和三路東段","v":"太保市","w":3,"c":0.5,"r":0},"geometry":{"type":"MultiPolygon","coordinates":[[[[120.297268,23.454116],[120.298066,23.453977],[120.298058,23.453945],[120.297293,23.454071],[120.297268,23.454116]]]]}},{"type":"Feature","properties":{"n":"祥和三路東段","v":"太保市","w":3,"c":0,"r":1},"geometry":{"type":"MultiPolygon","coordinates":[[[[120.295945,23.454311],[120.295905,23.454288],[120.294947,23.454439],[120.294909,23.454482],[120.294944,23.454482],[120.294974,23.454463],[120.295945,23.454311]]]]}},{"type":"Feature","properties":{"n":"祥和二路東段","v":"太保市","w":1.6,"c":1.6,"r":2},"geometry":{"type":"MultiPolygon","coordinates":[[[[120.29639,23.456665],[120.296386,23.45665],[120.295387,23.45681],[120.295373,23.456831],[120.29639,23.456665]]]]}},{"type":"Feature","properties":{"n":"祥和二路東段","v":"太保市","w":3.9,"c":1.5,"r":2},"geometry":{"type":"MultiPolygon","coordinates":[[[[120.296566,23.456602],[120.296572,23.456623],[120.296587,23.456641],[120.297563,23.456483],[120.29759,23.456472],[120.297593,23.45644],[120.296566,23.456602]]]]}},{"type":"Feature","properties":{"n":"祥和二路東段","v":"太保市","w":4.4,"c":1.9,"r":2},"geometry":{"type":"MultiPolygon","coordinates":[[[[120.29768,23.456428],[120.297685,23.45645],[120.297698,23.45646],[120.297717,23.456466],[120.298542,23.456335],[120.298555,23.456323],[120.298563,23.456286],[120.298528,23.456292],[120.29768,23.456428]]]]}},{"type":"Feature","properties":{"n":"祥和二路東段","v":"太保市","w":3.9,"c":1.6,"r":2},"geometry":{"type":"MultiPolygon","coordinates":[[[[120.296612,23.4568],[120.296607,23.456817],[120.296613,23.456858],[120.296655,23.456853],[120.296679,23.45682],[120.297634,23.456671],[120.297624,23.456645],[120.297603,23.45664],[120.296626,23.456792],[120.296612,23.4568]]]]}},{"type":"Feature","properties":{"n":"祥和二路東段","v":"太保市","w":3.9,"c":1.3,"r":2},"geometry":{"type":"MultiPolygon","coordinates":[[[[120.296467,23.456883],[120.296454,23.456834],[120.296437,23.456827],[120.296414,23.456828],[120.295416,23.45698],[120.295386,23.457001],[120.295388,23.457032],[120.296401,23.456868],[120.296434,23.45689],[120.296467,23.456883]]]]}},{"type":"Feature","properties":{"n":"祥和二路東段","v":"太保市","w":5.4,"c":3.4,"r":2},"geometry":{"type":"MultiPolygon","coordinates":[[[[120.295027,23.45706],[120.293466,23.457321],[120.293436,23.457335],[120.293412,23.457366],[120.293414,23.457395],[120.293464,23.457393],[120.293477,23.457372],[120.295051,23.4571],[120.295079,23.457098],[120.2951,23.457103],[120.295113,23.457117],[120.295122,23.457136],[120.295156,23.457131],[120.295136,23.457057],[120.295121,23.457047],[120.295027,23.45706]]]]}},{"type":"Feature","properties":{"n":"祥和二路西段","v":"太保市","w":6.4,"c":2.1,"r":2},"geometry":{"type":"MultiPolygon","coordinates":[[[[120.290686,23.457796],[120.290746,23.457807],[120.290774,23.457765],[120.293199,23.457406],[120.293223,23.457436],[120.293272,23.457425],[120.293248,23.457379],[120.293222,23.457366],[120.293191,23.457359],[120.290714,23.457746],[120.290693,23.457766],[120.290686,23.457796]]]]}},{"type":"Feature","properties":{"n":"太保一路","v":"太保市","w":5,"c":3.5,"r":2},"geometry":{"type":"MultiPolygon","coordinates":[[[[120.293372,23.45831],[120.293423,23.458301],[120.293272,23.457425],[120.293223,23.457436],[120.293372,23.45831]]]]}},{"type":"Feature","properties":{"n":"太保一路","v":"太保市","w":6.8,"c":3,"r":2},"geometry":{"type":"MultiPolygon","coordinates":[[[[120.293528,23.458147],[120.293549,23.458201],[120.293587,23.458213],[120.293613,23.458213],[120.293609,23.458183],[120.293578,23.458147],[120.293464,23.457393],[120.293414,23.457395],[120.293528,23.458147]]]]}},{"type":"Feature","properties":{"n":"太保一路","v":"太保市","w":4.2,"c":3,"r":2},"geometry":{"type":"MultiPolygon","coordinates":[[[[120.293317,23.457091],[120.293364,23.457083],[120.293193,23.45618],[120.293147,23.456191],[120.293317,23.457091]]]]}},{"type":"Feature","properties":{"n":"太保二路","v":"太保市","w":2.7,"c":1.4,"r":1},"geometry":{"type":"MultiPolygon","coordinates":[[[[120.294944,23.454482],[120.294909,23.454482],[120.295144,23.45569],[120.295155,23.455707],[120.295177,23.455715],[120.294944,23.454482]]]]}},{"type":"Feature","properties":{"n":"高鐵西路","v":"太保市","w":3.4,"c":2,"r":11},"geometry":{"type":"MultiPolygon","coordinates":[[[[120.323495,23.461104],[120.323514,23.461085],[120.323461,23.460012],[120.323454,23.459678],[120.323417,23.459618],[120.323372,23.458689],[120.323398,23.458637],[120.323339,23.457341],[120.323335,23.457273],[120.323289,23.457264],[120.323288,23.457326],[120.323307,23.457343],[120.323362,23.458484],[120.32333,23.458472],[120.323299,23.458468],[120.323259,23.458486],[120.323246,23.458534],[120.323248,23.458706],[120.323317,23.458706],[120.323364,23.459799],[120.323406,23.459804],[120.323467,23.461052],[120.323467,23.461114],[120.323495,23.461104]]]]}},{"type":"Feature","properties":{"n":"棒球一街","v":"太保市","w":3.2,"c":2,"r":2},"geometry":{"type":"MultiPolygon","coordinates":[[[[120.294347,23.45598],[120.294338,23.455947],[120.293195,23.456124],[120.293154,23.456136],[120.293141,23.456161],[120.293147,23.456191],[120.293193,23.45618],[120.293198,23.45617],[120.293218,23.456161],[120.294347,23.45598]]]]}},{"type":"Feature","properties":{"n":"太保二路一巷","v":"太保市","w":3.2,"c":1.7,"r":2},"geometry":{"type":"MultiPolygon","coordinates":[[[[120.295299,23.458101],[120.295293,23.458066],[120.293598,23.458302],[120.293572,23.458311],[120.293562,23.458354],[120.293607,23.458348],[120.293605,23.458335],[120.295299,23.458101]]]]}},{"type":"Feature","properties":{"n":"太保二路一巷","v":"太保市","w":2.7,"c":0.4,"r":2},"geometry":{"type":"MultiPolygon","coordinates":[[[[120.295321,23.457949],[120.295326,23.45792],[120.295294,23.457923],[120.295236,23.457949],[120.293609,23.458183],[120.293613,23.458213],[120.295245,23.457978],[120.295307,23.457967],[120.295315,23.45796],[120.295321,23.457949]]]]}},{"type":"Feature","properties":{"n":"學府路一段","v":"太保市","w":4.1,"c":2.3,"r":0},"geometry":{"type":"MultiPolygon","coordinates":[[[[120.294523,23.453815],[120.294489,23.453819],[120.294597,23.454277],[120.294626,23.454271],[120.294622,23.454251],[120.294523,23.453815]]]]}},{"type":"Feature","properties":{"n":"學府路一段","v":"太保市","w":3.7,"c":2.5,"r":2},"geometry":{"type":"MultiPolygon","coordinates":[[[[120.294913,23.454263],[120.294802,23.453805],[120.294782,23.453809],[120.29477,23.453822],[120.294877,23.454251],[120.294895,23.454264],[120.294913,23.454263]]]]}},{"type":"Feature","properties":{"n":"太保二路","v":"太保市","w":4,"c":2.8,"r":2},"geometry":{"type":"MultiPolygon","coordinates":[[[[120.295065,23.456872],[120.295092,23.456857],[120.295112,23.456833],[120.295115,23.456796],[120.294943,23.455886],[120.29493,23.455868],[120.29491,23.455862],[120.294873,23.455865],[120.294876,23.455895],[120.294905,23.455892],[120.294916,23.455952],[120.295069,23.456818],[120.295053,23.456833],[120.295065,23.456872]]]]}},{"type":"Feature","properties":{"n":"太保二路","v":"太保市","w":2.8,"c":1.6,"r":2},"geometry":{"type":"MultiPolygon","coordinates":[[[[120.295611,23.458009],[120.295593,23.458015],[120.295578,23.458043],[120.295579,23.458056],[120.295702,23.458696],[120.295749,23.458719],[120.295611,23.458009]]]]}},{"type":"Feature","properties":{"n":"太保二路","v":"太保市","w":2.9,"c":1.7,"r":2},"geometry":{"type":"MultiPolygon","coordinates":[[[[120.295873,23.459602],[120.29591,23.4596],[120.29578,23.458852],[120.295753,23.45887],[120.295738,23.45889],[120.295873,23.459602]]]]}},{"type":"Feature","properties":{"n":"太保二路","v":"太保市","w":4.4,"c":1.6,"r":2},"geometry":{"type":"MultiPolygon","coordinates":[[[[120.295294,23.457923],[120.295326,23.45792],[120.295156,23.457131],[120.295122,23.457136],[120.295294,23.457923]]]]}},{"type":"Feature","properties":{"n":"保鐵一路三段","v":"太保市","w":4.2,"c":3,"r":1},"geometry":{"type":"MultiPolygon","coordinates":[[[[120.320215,23.465401],[120.320216,23.465436],[120.320242,23.465431],[120.321284,23.464636],[120.321296,23.464625],[120.321303,23.464569],[120.321261,23.464576],[120.321262,23.464593],[120.320223,23.4654],[120.320215,23.465401]]]]}},{"type":"Feature","properties":{"n":"保鐵九街","v":"太保市","w":2.3,"c":1.1,"r":2},"geometry":{"type":"MultiPolygon","coordinates":[[[[120.319622,23.465481],[120.319649,23.465478],[120.319409,23.462745],[120.319416,23.462738],[120.319414,23.462715],[120.319393,23.462724],[120.31938,23.462744],[120.319622,23.465481]]]]}},{"type":"Feature","properties":{"n":"保鐵十六街","v":"太保市","w":2.2,"c":1.3,"r":2},"geometry":{"type":"MultiPolygon","coordinates":[[[[120.319414,23.462715],[120.319416,23.462738],[120.321125,23.462607],[120.321127,23.462576],[120.319414,23.462715]]]]}},{"type":"Feature","properties":{"n":"保鐵七路","v":"太保市","w":3.3,"c":2.2,"r":2},"geometry":{"type":"MultiPolygon","coordinates":[[[[120.321261,23.464576],[120.321303,23.464569],[120.32121,23.462626],[120.32118,23.462595],[120.321127,23.462576],[120.321125,23.462607],[120.321154,23.462624],[120.321173,23.462648],[120.321261,23.464576]]]]}},{"type":"Feature","properties":{"n":"高鐵西路","v":"太保市","w":6.5,"c":1.9,"r":2},"geometry":{"type":"MultiPolygon","coordinates":[[[[120.323041,23.452306],[120.322995,23.452348],[120.323034,23.452375],[120.323064,23.452424],[120.323095,23.453166],[120.323044,23.453224],[120.323048,23.453259],[120.323082,23.453257],[120.323132,23.453218],[120.323155,23.453167],[120.323127,23.452416],[120.323094,23.452348],[120.323041,23.452306]]]]}},{"type":"Feature","properties":{"n":"保鐵二路","v":"太保市","w":4.2,"c":2.9,"r":2},"geometry":{"type":"MultiPolygon","coordinates":[[[[120.320887,23.453557],[120.321596,23.453522],[120.321604,23.453486],[120.323038,23.453392],[120.323036,23.453356],[120.320886,23.453489],[120.320839,23.453496],[120.320807,23.453511],[120.320778,23.45354],[120.320762,23.453592],[120.320852,23.453593],[120.320863,23.453566],[120.320887,23.453557]]]]}},{"type":"Feature","properties":{"n":"保鐵二路","v":"太保市","w":3.5,"c":2.3,"r":1},"geometry":{"type":"MultiPolygon","coordinates":[[[[120.317397,23.453555],[120.317395,23.453585],[120.320559,23.453404],[120.32061,23.45337],[120.320638,23.453345],[120.3206,23.453337],[120.320561,23.453364],[120.317397,23.453555]]]]}},{"type":"Feature","properties":{"n":"太保五路","v":"太保市","w":2.7,"c":1.2,"r":2},"geometry":{"type":"MultiPolygon","coordinates":[[[[120.298661,23.45699],[120.298691,23.456973],[120.298609,23.45654],[120.298581,23.456543],[120.298661,23.45699]]]]}},{"type":"Feature","properties":{"n":"太保三路","v":"太保市","w":2.8,"c":1.7,"r":2},"geometry":{"type":"MultiPolygon","coordinates":[[[[120.29639,23.456665],[120.296414,23.456643],[120.296412,23.456619],[120.296331,23.456173],[120.296305,23.456156],[120.296284,23.456164],[120.296387,23.456634],[120.296386,23.45665],[120.29639,23.456665]]]]}},{"type":"Feature","properties":{"n":"健康路","v":"太保市","w":1.5,"c":0.6,"r":1},"geometry":{"type":"MultiPolygon","coordinates":[[[[120.295406,23.466418],[120.295404,23.466398],[120.294039,23.466542],[120.294003,23.466517],[120.293998,23.466491],[120.293872,23.4665],[120.293883,23.466523],[120.293933,23.466552],[120.293994,23.466572],[120.295406,23.466418]]]]}},{"type":"Feature","properties":{"n":"嘉168線","v":"太保市","w":4,"c":2.7,"r":5},"geometry":{"type":"MultiPolygon","coordinates":[[[[120.324223,23.455083],[120.324098,23.45506],[120.324085,23.455086],[120.324229,23.455113],[120.326403,23.45477],[120.326398,23.45473],[120.324223,23.455083]]]]}},{"type":"Feature","properties":{"n":"寶鐵一路二段","v":"太保市","w":3.5,"c":2.4,"r":4},"geometry":{"type":"MultiPolygon","coordinates":[[[[120.326403,23.45477],[120.326493,23.454755],[120.326546,23.4547],[120.326531,23.454626],[120.326389,23.454271],[120.32614,23.453843],[120.325796,23.453441],[120.32546,23.453178],[120.32537,23.453116],[120.324908,23.452854],[120.324434,23.452657],[120.324176,23.452559],[120.324163,23.452595],[120.324424,23.452686],[120.324894,23.452884],[120.32535,23.453142],[120.325759,23.453456],[120.32611,23.453857],[120.326339,23.454271],[120.326489,23.454639],[120.326485,23.454673],[120.326464,23.454695],[120.326438,23.454714],[120.326398,23.45473],[120.326403,23.45477]]]]}},{"type":"Feature","properties":{"n":"博愛路","v":"太保市","w":4,"c":2.5,"r":0},"geometry":{"type":"MultiPolygon","coordinates":[[[[120.296867,23.466196],[120.296913,23.466191],[120.296649,23.464797],[120.296615,23.464799],[120.296867,23.466196]]]]}},{"type":"Feature","properties":{"n":"春珠麻寮路","v":"太保市","w":3,"c":1.8,"r":0},"geometry":{"type":"MultiPolygon","coordinates":[[[[120.332388,23.469432],[120.332376,23.469437],[120.332372,23.469448],[120.332762,23.470365],[120.332774,23.470377],[120.332791,23.470382],[120.332388,23.469432]]]]}},{"type":"Feature","properties":{"n":"博學路","v":"太保市","w":6,"c":3,"r":0},"geometry":{"type":"MultiPolygon","coordinates":[[[[120.29961,23.461888],[120.299608,23.461856],[120.299253,23.459526],[120.299191,23.459536],[120.299542,23.461875],[120.299512,23.461919],[120.299514,23.461934],[120.299595,23.461916],[120.299603,23.461903],[120.29961,23.461888]]]]}},{"type":"Feature","properties":{"n":"信義一路","v":"太保市","w":1.5,"c":0,"r":0},"geometry":{"type":"MultiPolygon","coordinates":[[[[120.296463,23.462547],[120.299539,23.462096],[120.299536,23.462078],[120.296463,23.46253],[120.296463,23.462547]]]]}},{"type":"Feature","properties":{"n":"太子大道","v":"太保市","w":12,"c":3.5,"r":2},"geometry":{"type":"MultiPolygon","coordinates":[[[[120.293531,23.464736],[120.293664,23.46472],[120.2934,23.463437],[120.293315,23.462984],[120.293273,23.462987],[120.293207,23.463119],[120.293338,23.463465],[120.293512,23.464315],[120.293531,23.464736]]]]}},{"type":"Feature","properties":{"n":"嘉168線","v":"太保市","w":3.1,"c":1.8,"r":2},"geometry":{"type":"MultiPolygon","coordinates":[[[[120.320958,23.455613],[120.320959,23.455643],[120.323099,23.4553],[120.323091,23.455235],[120.323033,23.455273],[120.320958,23.455613]]]]}},{"type":"Feature","properties":{"n":"嘉168線","v":"太保市","w":3,"c":1.7,"r":2},"geometry":{"type":"MultiPolygon","coordinates":[[[[120.317596,23.456105],[120.317578,23.456124],[120.317638,23.456155],[120.317672,23.456159],[120.320705,23.455683],[120.320701,23.455653],[120.317671,23.456131],[120.317628,23.456123],[120.317597,23.456106],[120.317596,23.456105]]]]}},{"type":"Feature","properties":{"n":"高鐵大道","v":"太保市","w":3,"c":0.6,"r":1},"geometry":{"type":"MultiPolygon","coordinates":[[[[120.317354,23.453533],[120.317064,23.450434],[120.317017,23.450427],[120.31731,23.453525],[120.317323,23.453558],[120.317369,23.453584],[120.317395,23.453585],[120.317397,23.453555],[120.317354,23.453533]]]]}},{"type":"Feature","properties":{"n":"保鐵一路一段","v":"太保市","w":4,"c":3,"r":4},"geometry":{"type":"MultiPolygon","coordinates":[[[[120.317017,23.450427],[120.317064,23.450434],[120.317083,23.450381],[120.317159,23.45029],[120.317227,23.450249],[120.317348,23.45019],[120.317423,23.450163],[120.317507,23.45015],[120.317686,23.45017],[120.320401,23.451265],[120.320484,23.451402],[120.320527,23.451396],[120.320517,23.451322],[120.320485,23.451267],[120.317583,23.450074],[120.317482,23.450058],[120.317343,23.450075],[120.317222,23.450122],[120.317153,23.450177],[120.317106,23.450224],[120.317073,23.450276],[120.317039,23.450344],[120.317017,23.450427]]]]}},{"type":"Feature","properties":{"n":"保鐵一路一段","v":"太保市","w":4.5,"c":3.5,"r":4},"geometry":{"type":"MultiPolygon","coordinates":[[[[120.323041,23.452306],[120.322975,23.45226],[120.321148,23.451519],[120.321058,23.451499],[120.32097,23.451493],[120.320869,23.451519],[120.320813,23.45155],[120.32076,23.451589],[120.320718,23.451635],[120.320681,23.451707],[120.320671,23.451752],[120.320666,23.451839],[120.320731,23.451837],[120.320787,23.451721],[120.320837,23.451662],[120.320907,23.451612],[120.32101,23.451572],[120.321078,23.451568],[120.321158,23.451576],[120.322939,23.4523],[120.322995,23.452348],[120.323041,23.452306]]]]}},{"type":"Feature","properties":{"n":"高鐵西路","v":"太保市","w":6.5,"c":4.2,"r":2},"geometry":{"type":"MultiPolygon","coordinates":[[[[120.323207,23.455248],[120.323244,23.455187],[120.323253,23.455067],[120.323177,23.453426],[120.323129,23.453382],[120.323085,23.453364],[120.323036,23.453356],[120.323038,23.453392],[120.323101,23.45344],[120.323108,23.453735],[120.323183,23.455066],[120.323165,23.455149],[120.323122,23.455205],[120.323091,23.455235],[120.323099,23.4553],[120.323169,23.455278],[120.323207,23.455248]]]]}},{"type":"Feature","properties":{"n":"保鐵十二路","v":"太保市","w":6,"c":3.2,"r":2},"geometry":{"type":"MultiPolygon","coordinates":[[[[120.322729,23.461136],[120.323467,23.461114],[120.323467,23.461052],[120.322752,23.461078],[120.322752,23.461068],[120.322722,23.46107],[120.322729,23.461136]]]]}},{"type":"Feature","properties":{"n":"保鐵十二路","v":"太保市","w":3.2,"c":1,"r":2},"geometry":{"type":"MultiPolygon","coordinates":[[[[120.321301,23.461189],[120.321338,23.461197],[120.322514,23.461156],[120.322554,23.461149],[120.322586,23.461118],[120.322584,23.461094],[120.322555,23.461096],[120.322552,23.461113],[120.32254,23.461121],[120.321333,23.461164],[120.321304,23.461141],[120.321254,23.461141],[120.321301,23.461189]]]]}},{"type":"Feature","properties":{"n":"保鐵五路","v":"太保市","w":2.5,"c":1.8,"r":4},"geometry":{"type":"MultiPolygon","coordinates":[[[[120.322582,23.46106],[120.3224,23.457366],[120.322371,23.457366],[120.322446,23.458864],[120.322414,23.458881],[120.322452,23.459616],[120.322484,23.459642],[120.322555,23.461096],[120.322584,23.461094],[120.322582,23.46106]]]]}},{"type":"Feature","properties":{"n":"保鐵六路","v":"太保市","w":4,"c":1.8,"r":2},"geometry":{"type":"MultiPolygon","coordinates":[[[[120.321132,23.457384],[120.322346,23.457349],[120.322371,23.457366],[120.3224,23.457366],[120.322383,23.45733],[120.322371,23.457316],[120.322353,23.457307],[120.321132,23.457347],[120.321057,23.457376],[120.321035,23.457394],[120.321032,23.457421],[120.321064,23.457422],[120.321132,23.457384]]]]}},{"type":"Feature","properties":{"n":"保鐵十二路","v":"太保市","w":3.4,"c":2.3,"r":2},"geometry":{"type":"MultiPolygon","coordinates":[[[[120.321056,23.461153],[120.321056,23.461114],[120.321006,23.461114],[120.320951,23.461178],[120.318225,23.46129],[120.318139,23.461292],[120.318108,23.461277],[120.318062,23.461209],[120.318029,23.461212],[120.318035,23.461256],[120.318069,23.461304],[120.318118,23.461339],[120.320974,23.461217],[120.321025,23.461194],[120.321056,23.461153]]]]}},{"type":"Feature","properties":{"n":"嘉168線","v":"太保市","w":3,"c":2,"r":2},"geometry":{"type":"MultiPolygon","coordinates":[[[[120.317676,23.456477],[120.320632,23.455982],[120.320705,23.456028],[120.32075,23.456029],[120.320743,23.456001],[120.32072,23.455975],[120.320669,23.455942],[120.320616,23.455948],[120.317668,23.456441],[120.317642,23.456473],[120.317631,23.456504],[120.31763,23.456535],[120.317662,23.456534],[120.317663,23.456506],[120.317676,23.456477]]]]}},{"type":"Feature","properties":{"n":"保鐵七路","v":"太保市","w":4.1,"c":2.9,"r":1},"geometry":{"type":"MultiPolygon","coordinates":[[[[120.320839,23.459026],[120.320853,23.459292],[120.320952,23.459285],[120.320837,23.457291],[120.320791,23.457292],[120.320887,23.458998],[120.320839,23.459026]]]]}},{"type":"Feature","properties":{"n":"高鐵大道","v":"太保市","w":2.5,"c":1.2,"r":2},"geometry":{"type":"MultiPolygon","coordinates":[[[[120.317866,23.459405],[120.317896,23.459405],[120.317662,23.456534],[120.31763,23.456535],[120.317866,23.459405]]]]}},{"type":"Feature","properties":{"n":"保鐵一路一段","v":"太保市","w":4,"c":3,"r":6},"geometry":{"type":"MultiPolygon","coordinates":[[[[120.316687,23.449319],[120.320596,23.450907],[120.320613,23.450871],[120.316682,23.44927],[120.316687,23.449319]]]]}},{"type":"Feature","properties":{"n":"信義二路","v":"太保市","w":6.5,"c":3,"r":2},"geometry":{"type":"MultiPolygon","coordinates":[[[[120.296916,23.464706],[120.299856,23.464348],[120.29992,23.464403],[120.299994,23.46439],[120.299975,23.464353],[120.299925,23.464308],[120.299858,23.464285],[120.296879,23.464652],[120.296831,23.464679],[120.296811,23.46473],[120.296812,23.464765],[120.296862,23.464762],[120.296916,23.464706]]]]}},{"type":"Feature","properties":{"n":"保鐵五路","v":"太保市","w":2.2,"c":0.8,"r":13},"geometry":{"type":"MultiPolygon","coordinates":[[[[120.322577,23.457362],[120.322597,23.457354],[120.322598,23.457293],[120.322547,23.457312],[120.322539,23.457361],[120.322605,23.458749],[120.322634,23.458796],[120.322653,23.459145],[120.322631,23.459192],[120.322635,23.459285],[120.322661,23.459333],[120.32268,23.45969],[120.322657,23.459747],[120.322722,23.46107],[120.322752,23.461068],[120.322689,23.459739],[120.322713,23.459691],[120.322668,23.458793],[120.322639,23.458742],[120.32263,23.458496],[120.322577,23.457362]]]]}},{"type":"Feature","properties":{"n":"保鐵二路","v":"太保市","w":3,"c":2,"r":1},"geometry":{"type":"MultiPolygon","coordinates":[[[[120.323048,23.453259],[120.323044,23.453224],[120.321005,23.453339],[120.320814,23.453346],[120.320801,23.453334],[120.320784,23.453296],[120.320756,23.453294],[120.320765,23.453336],[120.320785,23.453357],[120.320822,23.453376],[120.323048,23.453259]]]]}},{"type":"Feature","properties":{"n":"保鐵七路","v":"太保市","w":3,"c":2,"r":0},"geometry":{"type":"MultiPolygon","coordinates":[[[[120.320666,23.451839],[120.320756,23.453295],[120.320784,23.453296],[120.320713,23.451932],[120.320731,23.451837],[120.320666,23.451839]]]]}},{"type":"Feature","properties":{"n":"保鐵七路","v":"太保市","w":3.5,"c":2.3,"r":2},"geometry":{"type":"MultiPolygon","coordinates":[[[[120.320773,23.455609],[120.320655,23.453588],[120.320616,23.453587],[120.320729,23.455613],[120.320701,23.455653],[120.320705,23.455683],[120.320731,23.455678],[120.320763,23.455643],[120.320773,23.455609]]]]}},{"type":"Feature","properties":{"n":"保鐵七路","v":"太保市","w":3,"c":2,"r":0},"geometry":{"type":"MultiPolygon","coordinates":[[[[120.320527,23.451396],[120.320484,23.451402],[120.3206,23.453337],[120.320638,23.453345],[120.320527,23.451396]]]]}},{"type":"Feature","properties":{"n":"保鐵二路","v":"太保市","w":3.5,"c":2.3,"r":2},"geometry":{"type":"MultiPolygon","coordinates":[[[[120.317344,23.453758],[120.317374,23.453771],[120.317395,23.453747],[120.317446,23.453739],[120.318559,23.453664],[120.320571,23.453541],[120.320616,23.453587],[120.320655,23.453588],[120.320645,23.45356],[120.320626,23.453533],[120.320603,23.453514],[120.320574,23.453506],[120.318542,23.453627],[120.317401,23.453709],[120.317373,23.453721],[120.317344,23.453758]]]]}},{"type":"Feature","properties":{"n":"保鐵一路一段","v":"太保市","w":4.2,"c":2.9,"r":3},"geometry":{"type":"MultiPolygon","coordinates":[[[[120.320689,23.450949],[120.322869,23.451799],[120.3229,23.451805],[120.322951,23.451797],[120.320708,23.450911],[120.320689,23.450949]]]]}},{"type":"Feature","properties":{"n":"寶鐵一路二段","v":"太保市","w":2.3,"c":1.1,"r":2},"geometry":{"type":"MultiPolygon","coordinates":[[[[120.323812,23.452175],[120.324633,23.452507],[120.325064,23.452701],[120.325413,23.452886],[120.325798,23.453188],[120.32616,23.453558],[120.326343,23.453784],[120.326589,23.454221],[120.326757,23.454679],[120.326772,23.454713],[120.326798,23.454729],[120.326617,23.454214],[120.326366,23.453771],[120.326175,23.453544],[120.325822,23.453168],[120.325438,23.452862],[120.325085,23.45268],[120.324652,23.452482],[120.323771,23.452125],[120.323812,23.452175]]]]}},{"type":"Feature","properties":{"n":"高鐵東路","v":"太保市","w":6.4,"c":4,"r":0},"geometry":{"type":"MultiPolygon","coordinates":[[[[120.323927,23.454966],[120.323954,23.454998],[120.324005,23.455039],[120.324085,23.455086],[120.324098,23.45506],[120.324023,23.455017],[120.323966,23.454959],[120.323956,23.454882],[120.323844,23.452825],[120.323846,23.45274],[120.32389,23.452674],[120.323943,23.452624],[120.324031,23.452585],[120.324101,23.452585],[120.324163,23.452595],[120.324176,23.452559],[120.324073,23.45251],[120.323989,23.452511],[120.323889,23.452542],[120.323818,23.452594],[120.323771,23.452689],[120.323882,23.454884],[120.323904,23.454934],[120.323927,23.454966]]]]}},{"type":"Feature","properties":{"n":"中山路一段","v":"太保市","w":5.15,"c":1.5,"r":4},"geometry":{"type":"MultiPolygon","coordinates":[[[[120.38375,23.496656],[120.383751,23.496604],[120.383152,23.496961],[120.383169,23.496982],[120.38375,23.496656]]]]}},{"type":"Feature","properties":{"n":"嘉168線","v":"太保市","w":4,"c":1.8,"r":4},"geometry":{"type":"MultiPolygon","coordinates":[[[[120.329907,23.454473],[120.329887,23.454418],[120.328573,23.454638],[120.328587,23.454688],[120.329907,23.454473]]]]}},{"type":"Feature","properties":{"n":"故宮大道","v":"太保市","w":4,"c":3,"r":2},"geometry":{"type":"MultiPolygon","coordinates":[[[[120.294386,23.469308],[120.294363,23.469328],[120.294357,23.469347],[120.294358,23.469361],[120.295403,23.469258],[120.295537,23.4693],[120.295573,23.469291],[120.295559,23.469262],[120.29551,23.469225],[120.295454,23.46921],[120.295397,23.469209],[120.294457,23.469303],[120.294386,23.469308]]]]}},{"type":"Feature","properties":{"n":"市政路","v":"太保市","w":2.53,"c":1.15,"r":0},"geometry":{"type":"MultiPolygon","coordinates":[[[[120.337976,23.492657],[120.33798,23.49268],[120.338095,23.492665],[120.338514,23.492651],[120.340615,23.492315],[120.342235,23.492068],[120.343975,23.491785],[120.344745,23.491649],[120.345654,23.491505],[120.347486,23.491235],[120.349245,23.490958],[120.350328,23.490783],[120.351308,23.490643],[120.351619,23.490614],[120.351849,23.490605],[120.352066,23.490608],[120.35231,23.490648],[120.352679,23.490725],[120.353156,23.490907],[120.353442,23.491065],[120.353771,23.491309],[120.354669,23.491907],[120.355225,23.492268],[120.357281,23.49365],[120.357295,23.493632],[120.35524,23.492249],[120.354683,23.491889],[120.353786,23.491291],[120.353458,23.491047],[120.353169,23.490888],[120.352689,23.490704],[120.352316,23.490625],[120.35207,23.490585],[120.35185,23.490582],[120.351618,23.490592],[120.351305,23.490621],[120.350325,23.49076],[120.349241,23.490936],[120.347482,23.491213],[120.34565,23.491483],[120.344741,23.491627],[120.343971,23.491762],[120.342231,23.492046],[120.340611,23.492293],[120.338511,23.492629],[120.338094,23.492642],[120.337976,23.492657]]]]}},{"type":"Feature","properties":{"n":"市政路","v":"太保市","w":2.55,"c":1.17,"r":0},"geometry":{"type":"MultiPolygon","coordinates":[[[[120.357063,23.493713],[120.35708,23.493697],[120.357045,23.493663],[120.356375,23.493221],[120.355165,23.492406],[120.355149,23.492406],[120.354675,23.4921],[120.354523,23.491989],[120.35383,23.491512],[120.353219,23.491132],[120.353031,23.491023],[120.352884,23.490961],[120.352656,23.490874],[120.352302,23.490792],[120.352142,23.490772],[120.351931,23.490761],[120.351773,23.490759],[120.351503,23.490777],[120.350417,23.490932],[120.349156,23.491124],[120.347886,23.491327],[120.347088,23.491446],[120.346579,23.491543],[120.346003,23.491636],[120.345606,23.491676],[120.343071,23.492072],[120.342002,23.492231],[120.340685,23.492462],[120.340669,23.492451],[120.340648,23.492447],[120.339614,23.492626],[120.338605,23.492792],[120.338237,23.492811],[120.338231,23.492835],[120.338605,23.492815],[120.339619,23.492649],[120.340647,23.49247],[120.340686,23.492485],[120.342006,23.492253],[120.343075,23.492095],[120.34561,23.491699],[120.346006,23.491659],[120.346583,23.491566],[120.347092,23.491468],[120.34789,23.49135],[120.349161,23.491147],[120.350421,23.490955],[120.351506,23.4908],[120.351773,23.490782],[120.35193,23.490784],[120.352139,23.490795],[120.352297,23.490815],[120.352648,23.490896],[120.352874,23.490982],[120.353019,23.491043],[120.353205,23.491152],[120.353815,23.49153],[120.354508,23.492007],[120.354659,23.492118],[120.355134,23.492425],[120.355157,23.492429],[120.356361,23.493239],[120.357028,23.493681],[120.357063,23.493713]]]]}},{"type":"Feature","properties":{"n":"市政路","v":"太保市","w":2.9,"c":1.4,"r":2},"geometry":{"type":"MultiPolygon","coordinates":[[[[120.359187,23.494934],[120.359199,23.494915],[120.357483,23.493787],[120.357453,23.493808],[120.359187,23.494934]]]]}},{"type":"Feature","properties":{"n":"市政路","v":"太保市","w":2.4,"c":1,"r":2},"geometry":{"type":"MultiPolygon","coordinates":[[[[120.359063,23.495044],[120.359086,23.495024],[120.357262,23.493851],[120.35724,23.493858],[120.359063,23.495044]]]]}},{"type":"Feature","properties":{"n":"市政路","v":"太保市","w":2.6,"c":1.4,"r":8},"geometry":{"type":"MultiPolygon","coordinates":[[[[120.335736,23.486705],[120.33613,23.488485],[120.336212,23.48896],[120.33623,23.489838],[120.336232,23.490864],[120.336269,23.491223],[120.336431,23.491624],[120.336648,23.492002],[120.336838,23.492209],[120.337063,23.492365],[120.337219,23.492458],[120.337385,23.492542],[120.337409,23.492516],[120.33699,23.492266],[120.336698,23.492012],[120.336456,23.491597],[120.336304,23.491194],[120.336276,23.490861],[120.336243,23.48896],[120.336183,23.488481],[120.335783,23.486692],[120.335736,23.486705]]]]}},{"type":"Feature","properties":{"n":"市政路","v":"太保市","w":2.8,"c":1.6,"r":6},"geometry":{"type":"MultiPolygon","coordinates":[[[[120.335619,23.486724],[120.335587,23.486727],[120.336002,23.488588],[120.336043,23.489065],[120.336061,23.490448],[120.336079,23.491288],[120.33629,23.491776],[120.336599,23.492214],[120.336903,23.492462],[120.337302,23.492673],[120.33731,23.492648],[120.336915,23.492434],[120.33662,23.492183],[120.336321,23.491769],[120.33611,23.491281],[120.336089,23.490448],[120.336075,23.489062],[120.336042,23.488584],[120.335619,23.486724]]]]}},{"type":"Feature","properties":{"n":"い隔琿65075-古穝","v":"太保市","w":3,"c":3,"r":2},"geometry":{"type":"MultiPolygon","coordinates":[[[[120.377739,23.499963],[120.37775,23.499987],[120.378284,23.499921],[120.378712,23.499801],[120.378707,23.499773],[120.378284,23.49989],[120.377739,23.499963]]]]}},{"type":"Feature","properties":{"n":"北興路228巷22弄-嘉新國中","v":"太保市","w":2.5,"c":2.5,"r":4},"geometry":{"type":"MultiPolygon","coordinates":[[[[120.378245,23.500994],[120.378253,23.501017],[120.37836,23.500971],[120.379387,23.500695],[120.37947,23.500669],[120.379452,23.50065],[120.378355,23.500954],[120.378245,23.500994]]]]}},{"type":"Feature","properties":{"n":"故宮東路","v":"太保市","w":2.8,"c":2.3,"r":2},"geometry":{"type":"MultiPolygon","coordinates":[[[[120.295573,23.469291],[120.295537,23.4693],[120.297027,23.473694],[120.297821,23.475903],[120.298199,23.47701],[120.298515,23.477962],[120.298569,23.478109],[120.298581,23.478161],[120.298564,23.478196],[120.298487,23.478272],[120.298459,23.47829],[120.298484,23.478334],[120.298513,23.478325],[120.298549,23.478298],[120.298647,23.478195],[120.298612,23.478106],[120.298252,23.477007],[120.297868,23.475893],[120.297482,23.474784],[120.297078,23.473675],[120.296065,23.470768],[120.295808,23.469986],[120.295573,23.469291]]]]}},{"type":"Feature","properties":{"n":"學府路一段","v":"太保市","w":3.6,"c":2.4,"r":2},"geometry":{"type":"MultiPolygon","coordinates":[[[[120.294358,23.452808],[120.294313,23.452825],[120.294428,23.453025],[120.294462,23.453003],[120.294358,23.452808]]]]}},{"type":"Feature","properties":{"n":"學府路一段","v":"太保市","w":3.6,"c":2.4,"r":2},"geometry":{"type":"MultiPolygon","coordinates":[[[[120.294541,23.45324],[120.29461,23.453373],[120.294635,23.453386],[120.294669,23.453387],[120.29457,23.453205],[120.294541,23.45324]]]]}},{"type":"Feature","properties":{"n":"嘉朴東路一段","v":"太保市","w":4,"c":2,"r":2},"geometry":{"type":"MultiPolygon","coordinates":[[[[120.29855,23.459252],[120.298559,23.45929],[120.298594,23.459284],[120.298652,23.459236],[120.29855,23.459252]]]]}},{"type":"Feature","properties":{"n":"嘉朴東路一段","v":"太保市","w":4,"c":2,"r":2},"geometry":{"type":"MultiPolygon","coordinates":[[[[120.298518,23.459296],[120.298514,23.459257],[120.297684,23.459387],[120.29772,23.459423],[120.298518,23.459296]]]]}},{"type":"Feature","properties":{"n":"嘉朴東路一段","v":"太保市","w":4,"c":2,"r":2},"geometry":{"type":"MultiPolygon","coordinates":[[[[120.297489,23.459459],[120.297518,23.459454],[120.297558,23.459383],[120.296371,23.459573],[120.296372,23.459634],[120.296409,23.459628],[120.296424,23.459605],[120.296812,23.459544],[120.296817,23.459564],[120.296882,23.459553],[120.296877,23.459534],[120.297124,23.459495],[120.297129,23.459515],[120.297179,23.459507],[120.297174,23.459487],[120.297479,23.459439],[120.297489,23.459459]]]]}},{"type":"Feature","properties":{"n":"嘉朴東路一段","v":"太保市","w":4,"c":2,"r":2},"geometry":{"type":"MultiPolygon","coordinates":[[[[120.296265,23.459651],[120.296343,23.459639],[120.296342,23.459578],[120.295969,23.459637],[120.29591,23.4596],[120.295873,23.459602],[120.29589,23.459638],[120.295913,23.459661],[120.295934,23.459676],[120.295994,23.459693],[120.296117,23.459674],[120.296128,23.459652],[120.296246,23.459634],[120.296265,23.459651]]]]}},{"type":"Feature","properties":{"n":"嘉朴東路一段","v":"太保市","w":4,"c":2.5,"r":4},"geometry":{"type":"MultiPolygon","coordinates":[[[[120.295748,23.460052],[120.295707,23.460009],[120.295679,23.459997],[120.295631,23.459995],[120.293412,23.460353],[120.293411,23.460393],[120.295637,23.460032],[120.29571,23.460083],[120.29576,23.460076],[120.295748,23.460052]]]]}},{"type":"Feature","properties":{"n":"嘉朴東路一段","v":"太保市","w":4,"c":2.5,"r":4},"geometry":{"type":"MultiPolygon","coordinates":[[[[120.293133,23.460438],[120.293133,23.460398],[120.293055,23.46041],[120.293051,23.460452],[120.293133,23.460438]]]]}},{"type":"Feature","properties":{"n":"嘉朴東路一段","v":"太保市","w":4,"c":2.5,"r":4},"geometry":{"type":"MultiPolygon","coordinates":[[[[120.292885,23.460479],[120.292855,23.460443],[120.292806,23.46045],[120.292818,23.46049],[120.292885,23.460479]]]]}},{"type":"Feature","properties":{"n":"正義路","v":"水上鄉","w":2,"c":1.65,"r":5},"geometry":{"type":"MultiPolygon","coordinates":[[[[120.397197,23.427982],[120.397184,23.427996],[120.397424,23.428255],[120.397576,23.428406],[120.397609,23.42845],[120.398037,23.428896],[120.398045,23.428919],[120.398063,23.428913],[120.398054,23.428887],[120.397625,23.428439],[120.397591,23.428395],[120.397439,23.428243],[120.397197,23.427982]]]]}},{"type":"Feature","properties":{"n":"正義路","v":"水上鄉","w":2,"c":1.65,"r":10},"geometry":{"type":"MultiPolygon","coordinates":[[[[120.397338,23.427981],[120.397322,23.427991],[120.397593,23.428264],[120.39813,23.428842],[120.398145,23.42883],[120.397608,23.428252],[120.397338,23.427981]]]]}},{"type":"Feature","properties":{"n":"中山路二段","v":"水上鄉","w":3,"c":1.4,"r":2},"geometry":{"type":"MultiPolygon","coordinates":[[[[120.398346,23.433405],[120.39837,23.433391],[120.398111,23.433014],[120.398098,23.433025],[120.398097,23.433039],[120.398245,23.433256],[120.398346,23.433405]]]]}},{"type":"Feature","properties":{"n":"中山路三段","v":"水上鄉","w":4.8,"c":3.2,"r":1},"geometry":{"type":"MultiPolygon","coordinates":[[[[120.41577,23.45331],[120.415782,23.453249],[120.415514,23.452919],[120.415505,23.452927],[120.415496,23.452949],[120.415496,23.452961],[120.415506,23.452982],[120.41577,23.45331]]]]}},{"type":"Feature","properties":{"n":"榮典路","v":"水上鄉","w":3.6,"c":1.9,"r":1},"geometry":{"type":"MultiPolygon","coordinates":[[[[120.414508,23.453419],[120.414509,23.453452],[120.415025,23.453426],[120.415032,23.453398],[120.41459,23.453414],[120.414508,23.453419]]]]}},{"type":"Feature","properties":{"n":"榮典路","v":"水上鄉","w":4,"c":1.2,"r":2},"geometry":{"type":"MultiPolygon","coordinates":[[[[120.410861,23.453657],[120.410864,23.45369],[120.412452,23.453589],[120.41245,23.453557],[120.410923,23.453654],[120.410861,23.453657]]]]}},{"type":"Feature","properties":{"n":"榮典路","v":"水上鄉","w":2.45,"c":2.15,"r":0},"geometry":{"type":"MultiPolygon","coordinates":[[[[120.410429,23.453799],[120.410431,23.453824],[120.410817,23.453801],[120.410816,23.453776],[120.410577,23.453788],[120.410429,23.453799]]]]}},{"type":"Feature","properties":{"n":"榮典路","v":"水上鄉","w":4.6,"c":1.2,"r":2},"geometry":{"type":"MultiPolygon","coordinates":[[[[120.412521,23.453753],[120.412518,23.453716],[120.410911,23.453804],[120.410911,23.453838],[120.412521,23.453753]]]]}},{"type":"Feature","properties":{"n":"榮典路","v":"水上鄉","w":4.5,"c":1.2,"r":2},"geometry":{"type":"MultiPolygon","coordinates":[[[[120.414598,23.453591],[120.414602,23.453626],[120.414885,23.453613],[120.414972,23.453625],[120.414997,23.453598],[120.414943,23.453585],[120.414881,23.453578],[120.414598,23.453591]]]]}},{"type":"Feature","properties":{"n":"中正路","v":"水上鄉","w":1.6,"c":0.9,"r":0},"geometry":{"type":"MultiPolygon","coordinates":[[[[120.399655,23.42798],[120.399654,23.427958],[120.399648,23.427948],[120.399618,23.427938],[120.398757,23.427867],[120.39873,23.427875],[120.398718,23.427888],[120.39873,23.427893],[120.398757,23.427879],[120.399624,23.427952],[120.399639,23.427962],[120.399642,23.42798],[120.399655,23.42798]]]]}},{"type":"Feature","properties":{"n":"中正路","v":"水上鄉","w":2,"c":1.5,"r":0},"geometry":{"type":"MultiPolygon","coordinates":[[[[120.399819,23.427953],[120.399795,23.427955],[120.399785,23.427961],[120.399777,23.427975],[120.399777,23.428006],[120.399793,23.42801],[120.399795,23.427988],[120.399804,23.427974],[120.399823,23.427969],[120.399819,23.427953]]]]}},{"type":"Feature","properties":{"n":"中正路","v":"水上鄉","w":1.6,"c":1.6,"r":0},"geometry":{"type":"MultiPolygon","coordinates":[[[[120.398951,23.427793],[120.399606,23.42785],[120.399618,23.427845],[120.399627,23.427833],[120.399631,23.427802],[120.399618,23.427801],[120.399614,23.427823],[120.399604,23.427838],[120.398956,23.42778],[120.398958,23.427772],[120.39894,23.427769],[120.398942,23.427781],[120.398951,23.427793]]]]}},{"type":"Feature","properties":{"n":"中正路","v":"水上鄉","w":2,"c":1.6,"r":0},"geometry":{"type":"MultiPolygon","coordinates":[[[[120.399812,23.427848],[120.399814,23.427833],[120.399803,23.427831],[120.39979,23.427819],[120.399786,23.427801],[120.39976,23.4278],[120.399767,23.42783],[120.399777,23.427842],[120.399788,23.427846],[120.399812,23.427848]]]]}},{"type":"Feature","properties":{"n":"中山路二段","v":"水上鄉","w":3,"c":1.5,"r":11},"geometry":{"type":"MultiPolygon","coordinates":[[[[120.399792,23.435603],[120.39976,23.435608],[120.400123,23.436038],[120.400683,23.436722],[120.400705,23.436706],[120.400146,23.436021],[120.399962,23.435806],[120.399792,23.435603]]]]}},{"type":"Feature","properties":{"n":"中山路二段","v":"水上鄉","w":3,"c":0,"r":3},"geometry":{"type":"MultiPolygon","coordinates":[[[[120.395625,23.429431],[120.395599,23.429442],[120.395912,23.429853],[120.396221,23.430209],[120.396242,23.430193],[120.395933,23.429838],[120.395625,23.429431]]]]}},{"type":"Feature","properties":{"n":"中山路二段","v":"水上鄉","w":4,"c":0,"r":0},"geometry":{"type":"MultiPolygon","coordinates":[[[[120.393967,23.426707],[120.394007,23.426686],[120.39306,23.425033],[120.393015,23.425052],[120.393581,23.42604],[120.393967,23.426707]]]]}},{"type":"Feature","properties":{"n":"中山路二段","v":"水上鄉","w":3.2,"c":1.8,"r":12},"geometry":{"type":"MultiPolygon","coordinates":[[[[120.399848,23.435186],[120.399872,23.435172],[120.398995,23.43413],[120.398795,23.433895],[120.398773,23.433911],[120.399652,23.434956],[120.399848,23.435186]]]]}},{"type":"Feature","properties":{"n":"榮典路","v":"水上鄉","w":2.6,"c":2.15,"r":4},"geometry":{"type":"MultiPolygon","coordinates":[[[[120.410378,23.453679],[120.41038,23.453712],[120.410864,23.45369],[120.410861,23.453657],[120.410378,23.453679]]]]}},{"type":"Feature","properties":{"n":"中正路","v":"水上鄉","w":1.4,"c":1,"r":8},"geometry":{"type":"MultiPolygon","coordinates":[[[[120.39728,23.427758],[120.397283,23.427774],[120.397642,23.427746],[120.398144,23.42773],[120.398426,23.427743],[120.398477,23.427732],[120.398478,23.427706],[120.398462,23.427704],[120.398461,23.427721],[120.398425,23.427728],[120.398143,23.427715],[120.397641,23.427731],[120.39728,23.427758]]]]}},{"type":"Feature","properties":{"n":"正義路","v":"水上鄉","w":4,"c":1.4,"r":4},"geometry":{"type":"MultiPolygon","coordinates":[[[[120.397198,23.42798],[120.396978,23.427804],[120.396019,23.427187],[120.395991,23.427215],[120.39695,23.427825],[120.397178,23.428006],[120.397198,23.42798]]]]}},{"type":"Feature","properties":{"n":"中山路二段","v":"水上鄉","w":8.8,"c":0,"r":1},"geometry":{"type":"MultiPolygon","coordinates":[[[[120.394007,23.426686],[120.393967,23.426707],[120.395033,23.428552],[120.395377,23.429127],[120.395599,23.429442],[120.395684,23.429407],[120.395405,23.429021],[120.395093,23.428525],[120.394584,23.427653],[120.394092,23.426832],[120.394007,23.426686]]]]}},{"type":"Feature","properties":{"n":"中山路二段","v":"水上鄉","w":3,"c":1.1,"r":17},"geometry":{"type":"MultiPolygon","coordinates":[[[[120.396275,23.43023],[120.396254,23.430245],[120.396416,23.430441],[120.396536,23.430616],[120.39767,23.432372],[120.39797,23.432856],[120.398008,23.432892],[120.398028,23.432902],[120.398041,23.432905],[120.398069,23.432901],[120.398056,23.43288],[120.398044,23.432881],[120.398024,23.432872],[120.397992,23.432841],[120.397693,23.43236],[120.396559,23.430603],[120.396439,23.430428],[120.396275,23.43023]]]]}},{"type":"Feature","properties":{"n":"中山路二段","v":"水上鄉","w":3,"c":1.4,"r":10},"geometry":{"type":"MultiPolygon","coordinates":[[[[120.39837,23.433391],[120.398346,23.433405],[120.398367,23.433436],[120.398747,23.433883],[120.39877,23.433867],[120.39839,23.433421],[120.39837,23.433391]]]]}},{"type":"Feature","properties":{"n":"中山路二段","v":"水上鄉","w":3,"c":1.6,"r":12},"geometry":{"type":"MultiPolygon","coordinates":[[[[120.399872,23.435172],[120.399848,23.435186],[120.400321,23.435742],[120.400725,23.436228],[120.400768,23.436325],[120.401029,23.436666],[120.401052,23.436652],[120.400792,23.436312],[120.400749,23.436216],[120.400343,23.435727],[120.399974,23.435293],[120.399872,23.435172]]]]}},{"type":"Feature","properties":{"n":"中山路二段","v":"水上鄉","w":3,"c":1.1,"r":8},"geometry":{"type":"MultiPolygon","coordinates":[[[[120.399478,23.435269],[120.399496,23.435249],[120.398712,23.434328],[120.39821,23.433729],[120.398185,23.433702],[120.398168,23.433696],[120.398148,23.433702],[120.399459,23.435246],[120.399478,23.435269]]]]}},{"type":"Feature","properties":{"n":"嘉朴路","v":"水上鄉","w":2.8,"c":1.7,"r":5},"geometry":{"type":"MultiPolygon","coordinates":[[[[120.398076,23.433606],[120.398069,23.433564],[120.397814,23.433189],[120.39778,23.433168],[120.397759,23.433168],[120.397793,23.433206],[120.398076,23.433606]]]]}},{"type":"Feature","properties":{"n":"中山路二段","v":"水上鄉","w":3,"c":0.8,"r":12},"geometry":{"type":"MultiPolygon","coordinates":[[[[120.397633,23.432969],[120.397648,23.43299],[120.397655,23.43298],[120.397658,23.43296],[120.397652,23.432941],[120.397538,23.432758],[120.396718,23.431477],[120.396693,23.431491],[120.397512,23.432771],[120.397629,23.432962],[120.397633,23.432969]]]]}},{"type":"Feature","properties":{"n":"中山路二段","v":"水上鄉","w":3,"c":1.7,"r":9},"geometry":{"type":"MultiPolygon","coordinates":[[[[120.396659,23.431436],[120.396684,23.431422],[120.396233,23.430726],[120.395955,23.430371],[120.395934,23.43039],[120.396208,23.430741],[120.396578,23.431313],[120.396659,23.431436]]]]}},{"type":"Feature","properties":{"n":"中山路二段","v":"水上鄉","w":3,"c":1.5,"r":10},"geometry":{"type":"MultiPolygon","coordinates":[[[[120.395891,23.430339],[120.395914,23.430322],[120.395767,23.430154],[120.395437,23.429756],[120.395414,23.429772],[120.395744,23.43017],[120.395891,23.430339]]]]}},{"type":"Feature","properties":{"n":"中山路二段","v":"水上鄉","w":3,"c":2.8,"r":2},"geometry":{"type":"MultiPolygon","coordinates":[[[[120.395377,23.429724],[120.395401,23.429708],[120.395268,23.429545],[120.395245,23.429561],[120.395377,23.429724]]]]}},{"type":"Feature","properties":{"n":"中山路二段","v":"水上鄉","w":3,"c":1.1,"r":17},"geometry":{"type":"MultiPolygon","coordinates":[[[[120.395178,23.429458],[120.395188,23.42945],[120.39519,23.429435],[120.395012,23.429174],[120.394817,23.428842],[120.393717,23.426924],[120.393699,23.426916],[120.393682,23.426919],[120.394791,23.428854],[120.394986,23.429186],[120.395162,23.429445],[120.395171,23.429453],[120.395178,23.429458]]]]}},{"type":"Feature","properties":{"n":"中山路二段","v":"水上鄉","w":3,"c":1.8,"r":10},"geometry":{"type":"MultiPolygon","coordinates":[[[[120.39349,23.42665],[120.393495,23.426668],[120.393515,23.426662],[120.393523,23.426648],[120.393522,23.426625],[120.393349,23.426289],[120.392942,23.425581],[120.392725,23.425192],[120.3927,23.425204],[120.392917,23.425593],[120.393323,23.426301],[120.393443,23.426531],[120.393495,23.42664],[120.39349,23.42665]]]]}},{"type":"Feature","properties":{"n":"榮典路","v":"水上鄉","w":3.6,"c":1.9,"r":4},"geometry":{"type":"MultiPolygon","coordinates":[[[[120.414509,23.453452],[120.414508,23.453419],[120.413614,23.45347],[120.413021,23.453511],[120.413023,23.453544],[120.413617,23.453503],[120.414509,23.453452]]]]}},{"type":"Feature","properties":{"n":"榮典路","v":"水上鄉","w":2.6,"c":2.1,"r":8},"geometry":{"type":"MultiPolygon","coordinates":[[[[120.41038,23.453712],[120.410378,23.453679],[120.410083,23.453692],[120.409288,23.453744],[120.409291,23.453777],[120.410084,23.453725],[120.41038,23.453712]]]]}},{"type":"Feature","properties":{"n":"榮典路","v":"水上鄉","w":2.5,"c":0.5,"r":4},"geometry":{"type":"MultiPolygon","coordinates":[[[[120.410361,23.453827],[120.410358,23.453804],[120.409298,23.453872],[120.4093,23.453897],[120.410089,23.453848],[120.410361,23.453827]]]]}},{"type":"Feature","properties":{"n":"榮典路","v":"水上鄉","w":4.5,"c":1.2,"r":4},"geometry":{"type":"MultiPolygon","coordinates":[[[[120.414484,23.453628],[120.414478,23.453594],[120.412677,23.453706],[120.412679,23.453742],[120.413874,23.453666],[120.414484,23.453628]]]]}},{"type":"Feature","properties":{"n":"中山路三段","v":"水上鄉","w":4.8,"c":2.5,"r":4},"geometry":{"type":"MultiPolygon","coordinates":[[[[120.416458,23.454043],[120.416399,23.454048],[120.417084,23.45483],[120.417468,23.455286],[120.418095,23.455999],[120.418396,23.456354],[120.418441,23.456334],[120.418133,23.455971],[120.417506,23.455258],[120.417122,23.454802],[120.416458,23.454043]]]]}},{"type":"Feature","properties":{"n":"中山路三段","v":"水上鄉","w":5,"c":3.8,"r":20},"geometry":{"type":"MultiPolygon","coordinates":[[[[120.421694,23.460215],[120.421752,23.460218],[120.421345,23.459751],[120.420787,23.459046],[120.420522,23.458775],[120.420016,23.458194],[120.419815,23.457947],[120.418495,23.456418],[120.41848,23.456446],[120.418488,23.456472],[120.419778,23.457973],[120.41998,23.458221],[120.420485,23.458801],[120.42075,23.459071],[120.421308,23.459777],[120.421694,23.460215]]]]}},{"type":"Feature","properties":{"n":"中山路三段","v":"水上鄉","w":5,"c":3.8,"r":3},"geometry":{"type":"MultiPolygon","coordinates":[[[[120.422253,23.460866],[120.422305,23.460866],[120.421823,23.460322],[120.421828,23.460385],[120.422253,23.460866]]]]}},{"type":"Feature","properties":{"n":"中山路三段","v":"水上鄉","w":5,"c":3.3,"r":27},"geometry":{"type":"MultiPolygon","coordinates":[[[[120.417726,23.45675],[120.417666,23.456752],[120.420474,23.460026],[120.421267,23.460955],[120.421295,23.460993],[120.421311,23.460977],[120.421304,23.460928],[120.419765,23.459132],[120.417726,23.45675]]]]}},{"type":"Feature","properties":{"n":"中山路三段","v":"水上鄉","w":4.8,"c":3.8,"r":16},"geometry":{"type":"MultiPolygon","coordinates":[[[[120.414997,23.453598],[120.414972,23.453625],[120.417616,23.456693],[120.417652,23.456666],[120.416168,23.454924],[120.415672,23.454351],[120.415516,23.454178],[120.415072,23.453646],[120.414997,23.453598]]]]}},{"type":"Feature","properties":{"n":"中山路三段","v":"水上鄉","w":3,"c":1,"r":2},"geometry":{"type":"MultiPolygon","coordinates":[[[[120.415059,23.453409],[120.415082,23.453342],[120.414892,23.453116],[120.414824,23.45308],[120.415048,23.453338],[120.415025,23.453426],[120.415059,23.453409]]]]}},{"type":"Feature","properties":{"n":"中正路","v":"水上鄉","w":1.5,"c":1.5,"r":3},"geometry":{"type":"MultiPolygon","coordinates":[[[[120.397958,23.42785],[120.397956,23.427837],[120.397771,23.427855],[120.397372,23.427884],[120.397317,23.427897],[120.397293,23.427912],[120.397282,23.427928],[120.397284,23.427941],[120.397324,23.427988],[120.397338,23.42798],[120.397301,23.427936],[120.397301,23.427931],[120.397333,23.427905],[120.397374,23.427897],[120.397772,23.427868],[120.397958,23.42785]]]]}},{"type":"Feature","properties":{"n":"正義路","v":"水上鄉","w":3.6,"c":2.1,"r":4},"geometry":{"type":"MultiPolygon","coordinates":[[[[120.396015,23.426969],[120.396008,23.426983],[120.396024,23.427007],[120.396899,23.427562],[120.397161,23.427742],[120.397221,23.427769],[120.397283,23.427774],[120.39728,23.427758],[120.397225,23.427734],[120.397171,23.427718],[120.39691,23.427541],[120.396015,23.426969]]]]}},{"type":"Feature","properties":{"n":"新北路","v":"布袋鎮","w":2.1,"c":2.1,"r":0},"geometry":{"type":"MultiPolygon","coordinates":[[[[120.155107,23.383339],[120.155498,23.383343],[120.155497,23.383324],[120.155107,23.383321],[120.155107,23.383339]]]]}},{"type":"Feature","properties":{"n":"中正路","v":"布袋鎮","w":2.1,"c":2.1,"r":0},"geometry":{"type":"MultiPolygon","coordinates":[[[[120.155088,23.38331],[120.155094,23.38333],[120.155107,23.383339],[120.155105,23.382064],[120.155124,23.382046],[120.155139,23.382045],[120.155139,23.382026],[120.155103,23.382036],[120.155093,23.382046],[120.155089,23.382059],[120.155088,23.38331]]]]}},{"type":"Feature","properties":{"n":"中正路","v":"布袋鎮","w":2.5,"c":1.5,"r":2},"geometry":{"type":"MultiPolygon","coordinates":[[[[120.155094,23.381836],[120.155148,23.381881],[120.15515,23.381857],[120.155132,23.381846],[120.155117,23.381822],[120.155121,23.380461],[120.155096,23.38046],[120.155093,23.381816],[120.155094,23.381836]]]]}},{"type":"Feature","properties":{"n":"中正路","v":"布袋鎮","w":4,"c":3.8,"r":2},"geometry":{"type":"MultiPolygon","coordinates":[[[[120.155098,23.379864],[120.1551,23.380347],[120.155133,23.380348],[120.15514,23.379864],[120.155098,23.379864]]]]}},{"type":"Feature","properties":{"n":"無名路","v":"布袋鎮","w":3.5,"c":1,"r":0},"geometry":{"type":"MultiPolygon","coordinates":[[[[120.1603,23.381604],[120.160293,23.381661],[120.160271,23.381718],[120.160197,23.381856],[120.160086,23.382009],[120.159959,23.382157],[120.160004,23.382184],[120.160134,23.382023],[120.160293,23.381797],[120.160344,23.381694],[120.160369,23.381613],[120.1603,23.381604]]]]}},{"type":"Feature","properties":{"n":"無名路","v":"布袋鎮","w":3.5,"c":0,"r":2},"geometry":{"type":"MultiPolygon","coordinates":[[[[120.160381,23.381281],[120.160419,23.381291],[120.160844,23.379261],[120.160813,23.379252],[120.160422,23.381089],[120.160381,23.381281]]]]}},{"type":"Feature","properties":{"n":"海港大道","v":"布袋鎮","w":5.5,"c":3,"r":3},"geometry":{"type":"MultiPolygon","coordinates":[[[[120.160371,23.381331],[120.161833,23.381589],[120.161839,23.381564],[120.162186,23.381615],[120.16218,23.381636],[120.163219,23.381787],[120.163224,23.381762],[120.163541,23.381812],[120.163539,23.381836],[120.164535,23.381984],[120.164539,23.381962],[120.164867,23.382004],[120.164859,23.382029],[120.165865,23.382184],[120.165874,23.382161],[120.166214,23.382208],[120.166211,23.382237],[120.167172,23.382372],[120.167174,23.382348],[120.167671,23.382422],[120.167671,23.382444],[120.168434,23.382555],[120.169242,23.382658],[120.169484,23.382643],[120.169717,23.382578],[120.169961,23.382483],[120.170017,23.382436],[120.170027,23.382403],[120.169991,23.38241],[120.169681,23.382533],[120.169483,23.382584],[120.169232,23.382606],[120.167677,23.382401],[120.166883,23.382272],[120.164533,23.381936],[120.163635,23.381796],[120.162193,23.381589],[120.161335,23.381456],[120.160381,23.381281],[120.160371,23.381331]]]]}},{"type":"Feature","properties":{"n":"新中路","v":"布袋鎮","w":1.7,"c":1.7,"r":0},"geometry":{"type":"MultiPolygon","coordinates":[[[[120.151471,23.37984],[120.151474,23.38032],[120.151506,23.380355],[120.151503,23.379836],[120.151471,23.37984]]]]}},{"type":"Feature","properties":{"n":"新北路","v":"布袋鎮","w":1.4,"c":0,"r":0},"geometry":{"type":"MultiPolygon","coordinates":[[[[120.150504,23.383325],[120.153193,23.383343],[120.153233,23.383328],[120.15326,23.383295],[120.153239,23.383293],[120.153227,23.38331],[120.153184,23.383327],[120.150504,23.383307],[120.150504,23.383325]]]]}},{"type":"Feature","properties":{"n":"新北路","v":"布袋鎮","w":1.5,"c":0,"r":0},"geometry":{"type":"MultiPolygon","coordinates":[[[[120.153404,23.383337],[120.154359,23.38334],[120.154392,23.38333],[120.154407,23.383315],[120.15439,23.383308],[120.154377,23.383321],[120.154349,23.383328],[120.153406,23.383319],[120.153404,23.383337]]]]}},{"type":"Feature","properties":{"n":"新西路","v":"布袋鎮","w":3.2,"c":1.2,"r":3},"geometry":{"type":"MultiPolygon","coordinates":[[[[120.149846,23.377461],[120.149888,23.377482],[120.14988,23.376647],[120.149862,23.37666],[120.149842,23.376686],[120.149846,23.377461]]]]}},{"type":"Feature","properties":{"n":"新西路","v":"布袋鎮","w":3.5,"c":2.5,"r":2},"geometry":{"type":"MultiPolygon","coordinates":[[[[120.149849,23.377996],[120.149869,23.378013],[120.149888,23.37802],[120.149896,23.377622],[120.14985,23.377672],[120.149849,23.377996]]]]}},{"type":"Feature","properties":{"n":"文昌街","v":"布袋鎮","w":1.7,"c":1.7,"r":2},"geometry":{"type":"MultiPolygon","coordinates":[[[[120.14812,23.378984],[120.149706,23.37898],[120.149738,23.378951],[120.149748,23.378922],[120.149712,23.37892],[120.149702,23.378933],[120.149666,23.378957],[120.148117,23.37896],[120.14812,23.378984]]]]}},{"type":"Feature","properties":{"n":"海興街","v":"布袋鎮","w":3,"c":3,"r":0},"geometry":{"type":"MultiPolygon","coordinates":[[[[120.147857,23.378121],[120.147887,23.378114],[120.147613,23.377208],[120.147573,23.377214],[120.147857,23.378121]]]]}},{"type":"Feature","properties":{"n":"海運街","v":"布袋鎮","w":2.2,"c":1,"r":1},"geometry":{"type":"MultiPolygon","coordinates":[[[[120.155148,23.381881],[120.155721,23.381882],[120.155722,23.381854],[120.15515,23.381857],[120.155148,23.381881]]]]}},{"type":"Feature","properties":{"n":"新西路","v":"布袋鎮","w":3.5,"c":2.5,"r":2},"geometry":{"type":"MultiPolygon","coordinates":[[[[120.149835,23.378932],[120.149855,23.378959],[120.149874,23.378972],[120.149875,23.378577],[120.149831,23.37861],[120.149835,23.378932]]]]}},{"type":"Feature","properties":{"n":"新西路","v":"布袋鎮","w":1,"c":0,"r":0},"geometry":{"type":"MultiPolygon","coordinates":[[[[120.149968,23.381614],[120.149995,23.381614],[120.150019,23.381625],[120.150035,23.381639],[120.150088,23.382029],[120.150105,23.382016],[120.15005,23.381635],[120.15003,23.381616],[120.149998,23.381603],[120.149969,23.381603],[120.149968,23.381614]]]]}},{"type":"Feature","properties":{"n":"新西路","v":"布袋鎮","w":1.5,"c":0,"r":0},"geometry":{"type":"MultiPolygon","coordinates":[[[[120.150237,23.382896],[120.150246,23.382876],[120.150184,23.382541],[120.150168,23.382541],[120.150237,23.382896]]]]}},{"type":"Feature","properties":{"n":"新北路","v":"布袋鎮","w":1,"c":0,"r":0},"geometry":{"type":"MultiPolygon","coordinates":[[[[120.153294,23.383453],[120.153292,23.383435],[120.150483,23.383418],[120.150486,23.38343],[120.153294,23.383453]]]]}},{"type":"Feature","properties":{"n":"中山路","v":"布袋鎮","w":2,"c":0,"r":2},"geometry":{"type":"MultiPolygon","coordinates":[[[[120.148426,23.37978],[120.148434,23.379808],[120.149718,23.379814],[120.149712,23.379791],[120.148426,23.37978]]]]}},{"type":"Feature","properties":{"n":"中山路","v":"布袋鎮","w":1.9,"c":0,"r":0},"geometry":{"type":"MultiPolygon","coordinates":[[[[120.149947,23.379787],[120.149913,23.379804],[120.149896,23.379818],[120.149887,23.37985],[120.149907,23.379848],[120.149912,23.379828],[120.149959,23.379807],[120.151292,23.379809],[120.151306,23.379815],[120.151336,23.379843],[120.151348,23.379841],[120.151326,23.379806],[120.151301,23.37979],[120.149947,23.379787]]]]}},{"type":"Feature","properties":{"n":"中山路","v":"布袋鎮","w":5.3,"c":0.8,"r":0},"geometry":{"type":"MultiPolygon","coordinates":[[[[120.151488,23.379797],[120.151459,23.37984],[120.152246,23.379838],[120.152229,23.379811],[120.153199,23.379814],[120.153219,23.37982],[120.153235,23.379839],[120.15325,23.379876],[120.153249,23.379834],[120.153233,23.379806],[120.153197,23.37979],[120.151512,23.379787],[120.151488,23.379797]]]]}},{"type":"Feature","properties":{"n":"中山路","v":"布袋鎮","w":2,"c":0,"r":1},"geometry":{"type":"MultiPolygon","coordinates":[[[[120.154125,23.379812],[120.154124,23.379793],[120.153389,23.37979],[120.153382,23.379811],[120.154125,23.379812]]]]}},{"type":"Feature","properties":{"n":"中山路","v":"布袋鎮","w":6.5,"c":1.6,"r":4},"geometry":{"type":"MultiPolygon","coordinates":[[[[120.155151,23.379801],[120.155125,23.379811],[120.155105,23.379825],[120.155098,23.379864],[120.155687,23.379868],[120.155687,23.379829],[120.156127,23.379835],[120.156125,23.379909],[120.156154,23.379909],[120.156151,23.37982],[120.156127,23.37981],[120.155151,23.379801]]]]}},{"type":"Feature","properties":{"n":"布新橋","v":"布袋鎮","w":1,"c":0.9,"r":0},"geometry":{"type":"MultiPolygon","coordinates":[[[[120.15723,23.379773],[120.157231,23.379764],[120.156349,23.379824],[120.156283,23.379824],[120.156282,23.379833],[120.156349,23.379834],[120.15723,23.379773]]]]}},{"type":"Feature","properties":{"n":"上海路","v":"布袋鎮","w":7.5,"c":6,"r":2},"geometry":{"type":"MultiPolygon","coordinates":[[[[120.167405,23.379737],[120.167416,23.379776],[120.168793,23.379589],[120.168876,23.379542],[120.168965,23.379567],[120.168959,23.379519],[120.168912,23.379506],[120.168377,23.379587],[120.167405,23.379737]]]]}},{"type":"Feature","properties":{"n":"中山路","v":"布袋鎮","w":2,"c":1.1,"r":0},"geometry":{"type":"MultiPolygon","coordinates":[[[[120.155156,23.379647],[120.155159,23.379662],[120.156252,23.379661],[120.156251,23.379638],[120.155156,23.379647]]]]}},{"type":"Feature","properties":{"n":"布新橋","v":"布袋鎮","w":1,"c":0.9,"r":0},"geometry":{"type":"MultiPolygon","coordinates":[[[[120.156282,23.37966],[120.156807,23.379637],[120.157027,23.379619],[120.15724,23.379582],[120.157235,23.379573],[120.157027,23.379608],[120.156806,23.379627],[120.156282,23.379651],[120.156282,23.37966]]]]}},{"type":"Feature","properties":{"n":"上海路","v":"布袋鎮","w":3,"c":1.5,"r":0},"geometry":{"type":"MultiPolygon","coordinates":[[[[120.167382,23.379587],[120.168909,23.379353],[120.16894,23.379314],[120.168935,23.379256],[120.168919,23.379297],[120.168894,23.379315],[120.167368,23.379562],[120.167382,23.379587]]]]}},{"type":"Feature","properties":{"n":"無名路","v":"布袋鎮","w":3.2,"c":0,"r":2},"geometry":{"type":"MultiPolygon","coordinates":[[[[120.160082,23.381261],[120.160122,23.381269],[120.160145,23.381248],[120.160179,23.381211],[120.160199,23.381137],[120.160581,23.379294],[120.160554,23.379272],[120.160167,23.381073],[120.160111,23.38116],[120.160098,23.38119],[120.160082,23.381261]]]]}},{"type":"Feature","properties":{"n":"海港大道","v":"布袋鎮","w":5.5,"c":3,"r":0},"geometry":{"type":"MultiPolygon","coordinates":[[[[120.158848,23.380589],[120.158857,23.380646],[120.159004,23.380783],[120.160082,23.381261],[120.160095,23.381203],[120.159492,23.380932],[120.159011,23.380727],[120.158892,23.380625],[120.158848,23.380589]]]]}},{"type":"Feature","properties":{"n":"海興街","v":"布袋鎮","w":2.5,"c":1.5,"r":0},"geometry":{"type":"MultiPolygon","coordinates":[[[[120.148335,23.379829],[120.148445,23.380195],[120.14847,23.380197],[120.148361,23.379822],[120.148335,23.379829]]]]}},{"type":"Feature","properties":{"n":"海興街","v":"布袋鎮","w":2.5,"c":1.5,"r":0},"geometry":{"type":"MultiPolygon","coordinates":[[[[120.14849,23.380285],[120.148635,23.380761],[120.148681,23.380778],[120.148685,23.380745],[120.148653,23.380734],[120.148513,23.380299],[120.148517,23.380285],[120.148532,23.380276],[120.148532,23.380261],[120.148516,23.380261],[120.14849,23.380285]]]]}},{"type":"Feature","properties":{"n":"海興街","v":"布袋鎮","w":2.5,"c":0,"r":0},"geometry":{"type":"MultiPolygon","coordinates":[[[[120.148664,23.380841],[120.148774,23.3812],[120.148796,23.38121],[120.148691,23.380835],[120.148664,23.380841]]]]}},{"type":"Feature","properties":{"n":"海興街","v":"布袋鎮","w":2.5,"c":0,"r":0},"geometry":{"type":"MultiPolygon","coordinates":[[[[120.148925,23.381666],[120.148945,23.381661],[120.14883,23.381323],[120.148812,23.38133],[120.148925,23.381666]]]]}},{"type":"Feature","properties":{"n":"海興街","v":"布袋鎮","w":2.5,"c":0,"r":0},"geometry":{"type":"MultiPolygon","coordinates":[[[[120.148972,23.381806],[120.149083,23.382122],[120.149107,23.382127],[120.148993,23.381798],[120.148972,23.381806]]]]}},{"type":"Feature","properties":{"n":"海興街","v":"布袋鎮","w":2.5,"c":0,"r":0},"geometry":{"type":"MultiPolygon","coordinates":[[[[120.149154,23.382269],[120.149258,23.382576],[120.14929,23.382572],[120.149176,23.382243],[120.149154,23.382269]]]]}},{"type":"Feature","properties":{"n":"新興街","v":"布袋鎮","w":1.6,"c":0.4,"r":0},"geometry":{"type":"MultiPolygon","coordinates":[[[[120.150976,23.384478],[120.150977,23.384505],[120.153525,23.384518],[120.153828,23.384536],[120.154715,23.384617],[120.155408,23.384619],[120.15541,23.38459],[120.154741,23.384587],[120.153836,23.38451],[120.153529,23.38449],[120.150976,23.384478]]]]}},{"type":"Feature","properties":{"n":"順安路","v":"布袋鎮","w":2.8,"c":1.6,"r":1},"geometry":{"type":"MultiPolygon","coordinates":[[[[120.155686,23.382507],[120.155713,23.382507],[120.155773,23.382068],[120.155771,23.382055],[120.155763,23.382046],[120.155713,23.382023],[120.155699,23.382022],[120.155695,23.382043],[120.15573,23.382058],[120.155733,23.38207],[120.155686,23.382507]]]]}},{"type":"Feature","properties":{"n":"順安路","v":"布袋鎮","w":2.2,"c":1,"r":0},"geometry":{"type":"MultiPolygon","coordinates":[[[[120.155823,23.381844],[120.155874,23.381528],[120.155845,23.381528],[120.155794,23.381824],[120.15578,23.381841],[120.155765,23.38185],[120.155722,23.381854],[120.155721,23.381882],[120.155765,23.381877],[120.155805,23.381858],[120.155823,23.381844]]]]}},{"type":"Feature","properties":{"n":"新西路","v":"布袋鎮","w":2,"c":0,"r":0},"geometry":{"type":"MultiPolygon","coordinates":[[[[120.149887,23.37985],[120.149982,23.380532],[120.150003,23.380529],[120.149907,23.379848],[120.149887,23.37985]]]]}},{"type":"Feature","properties":{"n":"新西路","v":"布袋鎮","w":1.4,"c":0,"r":0},"geometry":{"type":"MultiPolygon","coordinates":[[[[120.150015,23.38069],[120.150076,23.381021],[120.150101,23.381017],[120.150039,23.380683],[120.150015,23.38069]]]]}},{"type":"Feature","properties":{"n":"新西路","v":"布袋鎮","w":1.3,"c":0,"r":0},"geometry":{"type":"MultiPolygon","coordinates":[[[[120.150101,23.381137],[120.150152,23.381493],[120.150177,23.381493],[120.150121,23.381133],[120.150101,23.381137]]]]}},{"type":"Feature","properties":{"n":"新西路","v":"布袋鎮","w":1.2,"c":0,"r":0},"geometry":{"type":"MultiPolygon","coordinates":[[[[120.150174,23.38161],[120.150222,23.381969],[120.150242,23.381982],[120.150188,23.381609],[120.150193,23.381594],[120.150201,23.38159],[120.150191,23.381581],[120.150181,23.381587],[120.150176,23.381598],[120.150174,23.38161]]]]}},{"type":"Feature","properties":{"n":"海興街","v":"布袋鎮","w":1,"c":0,"r":0},"geometry":{"type":"MultiPolygon","coordinates":[[[[120.149297,23.382676],[120.149404,23.383021],[120.14942,23.383023],[120.149307,23.382659],[120.149297,23.382676]]]]}},{"type":"Feature","properties":{"n":"海運街","v":"布袋鎮","w":2.2,"c":1,"r":1},"geometry":{"type":"MultiPolygon","coordinates":[[[[120.155139,23.382026],[120.155139,23.382045],[120.155695,23.382043],[120.155699,23.382022],[120.155139,23.382026]]]]}},{"type":"Feature","properties":{"n":"海港大道","v":"布袋鎮","w":5.5,"c":3,"r":0},"geometry":{"type":"MultiPolygon","coordinates":[[[[120.160297,23.381605],[120.160857,23.381703],[120.162586,23.381955],[120.165495,23.382403],[120.168623,23.382851],[120.168624,23.38279],[120.167655,23.382647],[120.167646,23.382676],[120.167153,23.382604],[120.167155,23.382574],[120.166174,23.38243],[120.166166,23.382456],[120.16584,23.382412],[120.165837,23.38238],[120.164831,23.382232],[120.164817,23.382258],[120.164486,23.382209],[120.164496,23.382177],[120.16352,23.382035],[120.163517,23.382064],[120.163152,23.382007],[120.163152,23.38198],[120.162166,23.381841],[120.16216,23.381865],[120.161787,23.381811],[120.161794,23.381786],[120.160681,23.381629],[120.160346,23.381568],[120.160297,23.381605]]]]}},{"type":"Feature","properties":{"n":"海港大道","v":"布袋鎮","w":5.5,"c":3,"r":2},"geometry":{"type":"MultiPolygon","coordinates":[[[[120.168781,23.382817],[120.168775,23.382868],[120.169127,23.382908],[120.16945,23.382917],[120.16971,23.382848],[120.170201,23.382681],[120.170168,23.382639],[120.170118,23.382646],[120.169892,23.38273],[120.169412,23.382859],[120.16912,23.382853],[120.168781,23.382817]]]]}},{"type":"Feature","properties":{"n":"無名路","v":"布袋鎮","w":3,"c":1.5,"r":0},"geometry":{"type":"MultiPolygon","coordinates":[[[[120.160047,23.381497],[120.160036,23.381623],[120.159981,23.381741],[120.159831,23.381913],[120.159775,23.381955],[120.159817,23.381997],[120.160027,23.381767],[120.160085,23.381637],[120.160097,23.381528],[120.160047,23.381497]]]]}},{"type":"Feature","properties":{"n":"文昌街","v":"布袋鎮","w":2,"c":1,"r":0},"geometry":{"type":"MultiPolygon","coordinates":[[[[120.151483,23.378955],[120.153233,23.378975],[120.153253,23.378941],[120.151474,23.378925],[120.151483,23.378955]]]]}},{"type":"Feature","properties":{"n":"中山路","v":"布袋鎮","w":2,"c":1,"r":2},"geometry":{"type":"MultiPolygon","coordinates":[[[[120.148335,23.379641],[120.149702,23.379647],[120.149738,23.379612],[120.149748,23.379583],[120.149718,23.379583],[120.149673,23.379622],[120.148338,23.379621],[120.148311,23.379614],[120.148282,23.379597],[120.148263,23.379602],[120.148296,23.379628],[120.148335,23.379641]]]]}},{"type":"Feature","properties":{"n":"中山路","v":"布袋鎮","w":2,"c":1,"r":2},"geometry":{"type":"MultiPolygon","coordinates":[[[[120.149865,23.379576],[120.149831,23.379578],[120.149857,23.379618],[120.149885,23.379638],[120.149915,23.379645],[120.151294,23.379648],[120.15132,23.379637],[120.151336,23.379622],[120.151346,23.379602],[120.151345,23.379578],[120.151293,23.379631],[120.149922,23.379621],[120.149865,23.379576]]]]}},{"type":"Feature","properties":{"n":"中山路","v":"布袋鎮","w":2,"c":1,"r":0},"geometry":{"type":"MultiPolygon","coordinates":[[[[120.151458,23.379614],[120.151466,23.37963],[120.15148,23.379642],[120.151512,23.379647],[120.153228,23.379651],[120.15325,23.379636],[120.153256,23.379601],[120.153249,23.379572],[120.15323,23.379597],[120.153219,23.379628],[120.151499,23.379623],[120.151469,23.379604],[120.151457,23.379579],[120.151458,23.379614]]]]}},{"type":"Feature","properties":{"n":"中山路","v":"布袋鎮","w":2,"c":0,"r":0},"geometry":{"type":"MultiPolygon","coordinates":[[[[120.154204,23.379634],[120.154205,23.379654],[120.154901,23.379662],[120.154926,23.379638],[120.154204,23.379634]]]]}},{"type":"Feature","properties":{"n":"上海路","v":"布袋鎮","w":2,"c":0.8,"r":2},"geometry":{"type":"MultiPolygon","coordinates":[[[[120.160909,23.379061],[120.160898,23.379071],[120.160898,23.379083],[120.166153,23.379841],[120.166403,23.379865],[120.166546,23.379867],[120.166892,23.379831],[120.167196,23.379786],[120.16717,23.379766],[120.166553,23.379842],[120.166404,23.379842],[120.166151,23.379817],[120.160981,23.37907],[120.160909,23.379061]]]]}},{"type":"Feature","properties":{"n":"新西路","v":"布袋鎮","w":3.5,"c":2.5,"r":2},"geometry":{"type":"MultiPolygon","coordinates":[[[[120.149831,23.379578],[120.149865,23.379576],[120.149871,23.379117],[120.149928,23.379087],[120.149894,23.379087],[120.149855,23.379106],[120.149836,23.379126],[120.149831,23.379578]]]]}},{"type":"Feature","properties":{"n":"新西路","v":"布袋鎮","w":3.5,"c":3.1,"r":2},"geometry":{"type":"MultiPolygon","coordinates":[[[[120.149747,23.379583],[120.149747,23.379129],[120.149742,23.379109],[120.14973,23.379097],[120.149703,23.379087],[120.149701,23.379103],[120.149721,23.379111],[120.149718,23.379583],[120.149747,23.379583]]]]}},{"type":"Feature","properties":{"n":"新西路","v":"布袋鎮","w":3.5,"c":2.5,"r":2},"geometry":{"type":"MultiPolygon","coordinates":[[[[120.149838,23.378465],[120.149853,23.37848],[120.149879,23.378494],[120.149883,23.378095],[120.149857,23.378101],[120.149843,23.378116],[120.149836,23.378133],[120.149838,23.378465]]]]}},{"type":"Feature","properties":{"n":"自由路","v":"布袋鎮","w":2.2,"c":2.2,"r":0},"geometry":{"type":"MultiPolygon","coordinates":[[[[120.167458,23.379888],[120.167481,23.37988],[120.167437,23.379767],[120.167409,23.379771],[120.167437,23.379844],[120.167458,23.379888]]]]}},{"type":"Feature","properties":{"n":"海興街","v":"布袋鎮","w":2,"c":1.5,"r":3},"geometry":{"type":"MultiPolygon","coordinates":[[[[120.147937,23.378501],[120.147916,23.378505],[120.147912,23.378538],[120.148041,23.378945],[120.148069,23.378971],[120.148095,23.378982],[120.14812,23.378984],[120.148117,23.37896],[120.148075,23.378952],[120.148062,23.378933],[120.147935,23.37851],[120.147937,23.378501]]]]}},{"type":"Feature","properties":{"n":"碧沙街","v":"布袋鎮","w":2.3,"c":0,"r":0},"geometry":{"type":"MultiPolygon","coordinates":[[[[120.157674,23.378467],[120.158318,23.379017],[120.158368,23.379017],[120.158389,23.379004],[120.15836,23.378986],[120.158347,23.378997],[120.158328,23.378992],[120.158247,23.378932],[120.157699,23.378464],[120.157692,23.378435],[120.157678,23.378425],[120.15767,23.378447],[120.157674,23.378467]]]]}},{"type":"Feature","properties":{"n":"新北路","v":"布袋鎮","w":1,"c":0,"r":2},"geometry":{"type":"MultiPolygon","coordinates":[[[[120.153292,23.383435],[120.153294,23.383453],[120.154372,23.383454],[120.154366,23.383437],[120.153292,23.383435]]]]}},{"type":"Feature","properties":{"n":"中山路","v":"布袋鎮","w":2,"c":1,"r":0},"geometry":{"type":"MultiPolygon","coordinates":[[[[120.154103,23.379653],[120.154102,23.379635],[120.153394,23.379631],[120.153369,23.379602],[120.15336,23.379582],[120.153353,23.379596],[120.153361,23.37962],[120.153373,23.379634],[120.153401,23.379647],[120.154103,23.379653]]]]}},{"type":"Feature","properties":{"n":"上海路","v":"布袋鎮","w":2,"c":1,"r":2},"geometry":{"type":"MultiPolygon","coordinates":[[[[120.158788,23.379513],[120.158785,23.379531],[120.158791,23.379539],[120.159374,23.379234],[120.15936,23.379223],[120.15933,23.379238],[120.158788,23.379513]]]]}},{"type":"Feature","properties":{"n":"上海路","v":"布袋鎮","w":2,"c":1,"r":2},"geometry":{"type":"MultiPolygon","coordinates":[[[[120.160344,23.379034],[120.160338,23.379038],[120.160338,23.379052],[120.160604,23.379053],[120.160585,23.379033],[120.160344,23.379034]]]]}},{"type":"Feature","properties":{"n":"上海路","v":"布袋鎮","w":2,"c":1,"r":2},"geometry":{"type":"MultiPolygon","coordinates":[[[[120.159423,23.379193],[120.159426,23.379211],[120.159617,23.379126],[120.159711,23.37909],[120.159881,23.379061],[120.160268,23.379053],[120.160256,23.379034],[120.159888,23.379036],[120.1597,23.379068],[120.159593,23.379113],[120.159423,23.379193]]]]}},{"type":"Feature","properties":{"n":"上海路","v":"布袋鎮","w":2,"c":1,"r":2},"geometry":{"type":"MultiPolygon","coordinates":[[[[120.158767,23.379551],[120.158749,23.379533],[120.158708,23.379553],[120.158596,23.379597],[120.158528,23.379613],[120.15846,23.379623],[120.158442,23.37963],[120.158464,23.379642],[120.158506,23.379642],[120.158673,23.3796],[120.158767,23.379551]]]]}},{"type":"Feature","properties":{"n":"台17線","v":"布袋鎮","w":4.5,"c":3,"r":0},"geometry":{"type":"MultiPolygon","coordinates":[[[[120.168935,23.379712],[120.169016,23.380343],[120.169058,23.380338],[120.168977,23.379702],[120.168935,23.379712]]]]}},{"type":"Feature","properties":{"n":"自由路","v":"布袋鎮","w":2.2,"c":2.2,"r":0},"geometry":{"type":"MultiPolygon","coordinates":[[[[120.169117,23.38076],[120.169098,23.380794],[120.169072,23.380818],[120.169029,23.38084],[120.168969,23.380854],[120.168808,23.380853],[120.168588,23.380844],[120.1684,23.3808],[120.168309,23.380768],[120.168056,23.380624],[120.168039,23.380645],[120.168089,23.380677],[120.168317,23.380801],[120.168363,23.380821],[120.168418,23.380838],[120.168596,23.380871],[120.168993,23.380879],[120.169054,23.38086],[120.169097,23.380838],[120.169129,23.380798],[120.169151,23.380758],[120.169162,23.380722],[120.169133,23.380708],[120.169117,23.38076]]]]}},{"type":"Feature","properties":{"n":"台17線","v":"布袋鎮","w":3.5,"c":2.2,"r":0},"geometry":{"type":"MultiPolygon","coordinates":[[[[120.169268,23.381108],[120.169406,23.381326],[120.169384,23.381474],[120.169492,23.381672],[120.169901,23.382334],[120.169976,23.382287],[120.169717,23.381824],[120.169589,23.381794],[120.169416,23.38147],[120.169434,23.38133],[120.169296,23.381096],[120.169268,23.381108]]]]}},{"type":"Feature","properties":{"n":"無名路","v":"布袋鎮","w":2,"c":2,"r":0},"geometry":{"type":"MultiPolygon","coordinates":[[[[120.160602,23.37906],[120.160554,23.379272],[120.160576,23.37929],[120.160626,23.37906],[120.160602,23.37906]]]]}},{"type":"Feature","properties":{"n":"無名路","v":"布袋鎮","w":2,"c":2,"r":0},"geometry":{"type":"MultiPolygon","coordinates":[[[[120.160813,23.379252],[120.160844,23.379261],[120.160875,23.379084],[120.160848,23.379082],[120.160813,23.379252]]]]}},{"type":"Feature","properties":{"n":"第三漁港聯絡道","v":"布袋鎮","w":3.3,"c":0,"r":0},"geometry":{"type":"MultiPolygon","coordinates":[[[[120.159883,23.382847],[120.159858,23.382827],[120.159817,23.382828],[120.159753,23.382849],[120.159695,23.382903],[120.159676,23.382948],[120.159683,23.383004],[120.160186,23.385732],[120.160295,23.386266],[120.160371,23.38661],[120.160493,23.386888],[120.160713,23.387329],[120.161197,23.388437],[120.161451,23.388822],[120.162019,23.389654],[120.162061,23.389634],[120.161507,23.388839],[120.161274,23.38847],[120.161005,23.387893],[120.160406,23.386536],[120.160327,23.386182],[120.160232,23.385676],[120.160126,23.385059],[120.159737,23.382949],[120.159766,23.382894],[120.159821,23.382855],[120.159883,23.382847]]]]}},{"type":"Feature","properties":{"n":"第三漁港聯絡道","v":"布袋鎮","w":5,"c":3.5,"r":0},"geometry":{"type":"MultiPolygon","coordinates":[[[[120.161805,23.38982],[120.161857,23.389794],[120.161502,23.389303],[120.16111,23.388719],[120.160979,23.388489],[120.16064,23.387703],[120.160365,23.387116],[120.160226,23.386804],[120.160121,23.386491],[120.160072,23.386317],[120.160034,23.386076],[120.159807,23.384816],[120.159575,23.383602],[120.15953,23.383601],[120.15953,23.383647],[120.159555,23.383799],[120.160037,23.386382],[120.160127,23.386699],[120.160399,23.387342],[120.160974,23.388557],[120.16107,23.38873],[120.161805,23.38982]]]]}},{"type":"Feature","properties":{"n":"順安路","v":"布袋鎮","w":12,"c":1.5,"r":0},"geometry":{"type":"MultiPolygon","coordinates":[[[[120.155696,23.383417],[120.155839,23.383438],[120.156051,23.382132],[120.155977,23.382122],[120.156,23.381978],[120.15593,23.381967],[120.155907,23.382107],[120.155696,23.383417]]]]}},{"type":"Feature","properties":{"n":"順安路","v":"布袋鎮","w":5,"c":4,"r":0},"geometry":{"type":"MultiPolygon","coordinates":[[[[120.15625,23.380444],[120.156208,23.380438],[120.156202,23.380484],[120.156174,23.380481],[120.15593,23.381967],[120.156,23.381978],[120.156239,23.380511],[120.15625,23.380444]]]]}},{"type":"Feature","properties":{"n":"順安路","v":"布袋鎮","w":5,"c":4,"r":0},"geometry":{"type":"MultiPolygon","coordinates":[[[[120.156208,23.380438],[120.15625,23.380444],[120.156349,23.379834],[120.156282,23.379833],[120.15619,23.380374],[120.156217,23.380379],[120.156208,23.380438]]]]}},{"type":"Feature","properties":{"n":"順安路","v":"布袋鎮","w":12,"c":10,"r":0},"geometry":{"type":"MultiPolygon","coordinates":[[[[120.155839,23.383438],[120.155696,23.383417],[120.155507,23.38461],[120.155576,23.384623],[120.155607,23.384444],[120.155674,23.384447],[120.155839,23.383438]]]]}},{"type":"Feature","properties":{"n":"海興街","v":"布袋鎮","w":2,"c":2,"r":0},"geometry":{"type":"MultiPolygon","coordinates":[[[[120.148263,23.379602],[120.148282,23.379597],[120.148122,23.379104],[120.148118,23.379085],[120.148123,23.379074],[120.148135,23.379068],[120.148129,23.379054],[120.148109,23.379055],[120.148092,23.379077],[120.148263,23.379602]]]]}},{"type":"Feature","properties":{"n":"新西路","v":"布袋鎮","w":1.5,"c":1.5,"r":0},"geometry":{"type":"MultiPolygon","coordinates":[[[[120.149737,23.377569],[120.149754,23.377569],[120.149758,23.376781],[120.149741,23.37678],[120.149737,23.377569]]]]}},{"type":"Feature","properties":{"n":"上海路","v":"布袋鎮","w":2,"c":2,"r":0},"geometry":{"type":"MultiPolygon","coordinates":[[[[120.15699,23.379111],[120.156967,23.379122],[120.157306,23.379552],[120.157235,23.379573],[120.15724,23.379582],[120.157342,23.379551],[120.15699,23.379111]]]]}},{"type":"Feature","properties":{"n":"碧沙街","v":"布袋鎮","w":2.3,"c":0,"r":0},"geometry":{"type":"MultiPolygon","coordinates":[[[[120.158293,23.379086],[120.157652,23.378533],[120.157602,23.378533],[120.157581,23.378546],[120.15761,23.378564],[120.157623,23.378553],[120.157642,23.378558],[120.157722,23.378618],[120.158268,23.379089],[120.158274,23.379119],[120.158289,23.379129],[120.158297,23.379107],[120.158293,23.379086]]]]}},{"type":"Feature","properties":{"n":"新北一街","v":"布袋鎮","w":1.9,"c":1.9,"r":0},"geometry":{"type":"MultiPolygon","coordinates":[[[[120.152364,23.380355],[120.152364,23.380329],[120.151506,23.38032],[120.151506,23.380354],[120.152364,23.380355]]]]}},{"type":"Feature","properties":{"n":"自由路","v":"布袋鎮","w":2.2,"c":1.5,"r":0},"geometry":{"type":"MultiPolygon","coordinates":[[[[120.168886,23.381038],[120.169214,23.38104],[120.169125,23.38101],[120.168739,23.381],[120.168513,23.380988],[120.168289,23.380926],[120.16797,23.380755],[120.16795,23.38078],[120.168275,23.380957],[120.168427,23.381003],[120.168624,23.381031],[120.168886,23.381038]]]]}},{"type":"Feature","properties":{"n":"新西路","v":"布袋鎮","w":1.5,"c":1.5,"r":0},"geometry":{"type":"MultiPolygon","coordinates":[[[[120.14975,23.378559],[120.149728,23.378559],[120.149728,23.378897],[120.149712,23.37892],[120.149748,23.378922],[120.14975,23.378559]]]]}},{"type":"Feature","properties":{"n":"新西路","v":"布袋鎮","w":1.5,"c":1.5,"r":0},"geometry":{"type":"MultiPolygon","coordinates":[[[[120.149752,23.37806],[120.149736,23.37806],[120.149728,23.378559],[120.14975,23.378559],[120.149752,23.37806]]]]}},{"type":"Feature","properties":{"n":"新西路","v":"布袋鎮","w":1.5,"c":1.5,"r":0},"geometry":{"type":"MultiPolygon","coordinates":[[[[120.149754,23.377569],[120.149737,23.377569],[120.149736,23.37806],[120.149752,23.37806],[120.149754,23.377569]]]]}},{"type":"Feature","properties":{"n":"中山路","v":"布袋鎮","w":2,"c":0,"r":1},"geometry":{"type":"MultiPolygon","coordinates":[[[[120.154198,23.379793],[120.154199,23.379812],[120.154884,23.379813],[120.154949,23.379849],[120.154954,23.379832],[120.1549,23.379796],[120.154198,23.379793]]]]}},{"type":"Feature","properties":{"n":"布袋都市計畫1-9號道路","v":"布袋鎮","w":3,"c":1.5,"r":10},"geometry":{"type":"MultiPolygon","coordinates":[[[[120.1591,23.378251],[120.16343,23.378931],[120.16357,23.379368],[120.163596,23.379368],[120.163375,23.378465],[120.163336,23.378489],[120.163418,23.378883],[120.159132,23.378221],[120.1591,23.378251]]]]}},{"type":"Feature","properties":{"n":"前瞻-洲南鹽場","v":"布袋鎮","w":1.5,"c":1.5,"r":8},"geometry":{"type":"MultiPolygon","coordinates":[[[[120.168766,23.385408],[120.168632,23.384102],[120.168679,23.383673],[120.168714,23.383473],[120.168646,23.382852],[120.168646,23.38279],[120.168624,23.38279],[120.168623,23.382849],[120.168697,23.383454],[120.168662,23.383667],[120.168617,23.384147],[120.16875,23.385411],[120.168766,23.385408]]]]}},{"type":"Feature","properties":{"n":"振寮社區人行道路改善","v":"布袋鎮","w":1.5,"c":1.5,"r":2},"geometry":{"type":"MultiPolygon","coordinates":[[[[120.182748,23.38402],[120.182732,23.384027],[120.182933,23.384164],[120.183244,23.384304],[120.183215,23.384516],[120.18323,23.384515],[120.183263,23.384297],[120.18294,23.384147],[120.182748,23.38402]]]]}},{"type":"Feature","properties":{"n":"161縣道","v":"布袋鎮","w":4,"c":3,"r":4},"geometry":{"type":"MultiPolygon","coordinates":[[[[120.193378,23.382385],[120.193634,23.382597],[120.193719,23.382699],[120.194045,23.383241],[120.194077,23.383227],[120.19375,23.382677],[120.193657,23.382572],[120.193407,23.38236],[120.193378,23.382385]]]]}},{"type":"Feature","properties":{"n":"無名路","v":"布袋鎮","w":4,"c":3.05,"r":2},"geometry":{"type":"MultiPolygon","coordinates":[[[[120.159646,23.329678],[120.159626,23.329696],[120.159622,23.329741],[120.159649,23.329734],[120.159709,23.329704],[120.160273,23.329645],[120.160501,23.329632],[120.160587,23.329645],[120.160555,23.329598],[120.159646,23.329678]]]]}},{"type":"Feature","properties":{"n":"中華路","v":"民雄鄉","w":3,"c":1.5,"r":4},"geometry":{"type":"MultiPolygon","coordinates":[[[[120.456412,23.525293],[120.456437,23.525299],[120.456665,23.524564],[120.456788,23.524502],[120.456796,23.52448],[120.456755,23.524475],[120.456716,23.524482],[120.456652,23.524535],[120.456638,23.524565],[120.456412,23.525293]]]]}},{"type":"Feature","properties":{"n":"光明二街","v":"民雄鄉","w":2.48,"c":1.38,"r":0},"geometry":{"type":"MultiPolygon","coordinates":[[[[120.448681,23.526157],[120.449611,23.526754],[120.449743,23.526865],[120.449836,23.526976],[120.450271,23.527613],[120.450377,23.527756],[120.45048,23.52787],[120.450671,23.528014],[120.45232,23.529075],[120.452326,23.529127],[120.452338,23.529142],[120.452342,23.529102],[120.452337,23.529064],[120.450682,23.528],[120.450498,23.527858],[120.450398,23.52775],[120.450282,23.527594],[120.449852,23.526965],[120.449761,23.526852],[120.449627,23.526742],[120.448694,23.526139],[120.448681,23.526157]]]]}},{"type":"Feature","properties":{"n":"嘉81線","v":"民雄鄉","w":2.55,"c":2,"r":0},"geometry":{"type":"MultiPolygon","coordinates":[[[[120.423501,23.541859],[120.423425,23.542328],[120.423449,23.54232],[120.423529,23.541858],[120.423519,23.541836],[120.423499,23.541824],[120.423471,23.541825],[120.423501,23.541859]]]]}},{"type":"Feature","properties":{"n":"保生街","v":"民雄鄉","w":23.4,"c":3.7,"r":0},"geometry":{"type":"MultiPolygon","coordinates":[[[[120.425735,23.5549],[120.425852,23.554946],[120.425837,23.554904],[120.425955,23.554672],[120.426041,23.554725],[120.426168,23.554501],[120.426528,23.55406],[120.426372,23.553972],[120.425874,23.554617],[120.425735,23.5549]]]]}},{"type":"Feature","properties":{"n":"西安路","v":"民雄鄉","w":17.2,"c":1,"r":3},"geometry":{"type":"MultiPolygon","coordinates":[[[[120.419933,23.558008],[120.420011,23.557999],[120.420016,23.558027],[120.420319,23.557997],[120.42042,23.558001],[120.420491,23.558047],[120.420534,23.558022],[120.420606,23.557994],[120.420696,23.557995],[120.420722,23.558004],[120.420728,23.558022],[120.420785,23.558022],[120.420864,23.557999],[120.421008,23.557972],[120.421016,23.557942],[120.421084,23.557928],[120.421283,23.557917],[120.421358,23.557903],[120.421571,23.557926],[120.421683,23.558026],[120.421651,23.557777],[120.419932,23.557967],[120.419933,23.558008]]]]}},{"type":"Feature","properties":{"n":"民樂街","v":"民雄鄉","w":2.7,"c":1.45,"r":7},"geometry":{"type":"MultiPolygon","coordinates":[[[[120.42587,23.559737],[120.425866,23.55971],[120.425154,23.559793],[120.42369,23.55951],[120.423685,23.559536],[120.425144,23.55982],[120.42587,23.559737]]]]}},{"type":"Feature","properties":{"n":"民權路","v":"民雄鄉","w":2.25,"c":0.55,"r":3},"geometry":{"type":"MultiPolygon","coordinates":[[[[120.42993,23.559761],[120.429906,23.559755],[120.429726,23.560423],[120.429749,23.560428],[120.42993,23.559761]]]]}},{"type":"Feature","properties":{"n":"民權路","v":"民雄鄉","w":1.5,"c":1.5,"r":0},"geometry":{"type":"MultiPolygon","coordinates":[[[[120.429894,23.559662],[120.429907,23.559667],[120.4302,23.558583],[120.430184,23.55858],[120.429894,23.559662]]]]}},{"type":"Feature","properties":{"n":"民權路","v":"民雄鄉","w":1.5,"c":1.5,"r":0},"geometry":{"type":"MultiPolygon","coordinates":[[[[120.429834,23.559563],[120.429847,23.559567],[120.430121,23.558553],[120.430105,23.55855],[120.429834,23.559563]]]]}},{"type":"Feature","properties":{"n":"和平路","v":"民雄鄉","w":10,"c":7.1,"r":2},"geometry":{"type":"MultiPolygon","coordinates":[[[[120.431611,23.555535],[120.431565,23.555359],[120.431463,23.555361],[120.431429,23.555221],[120.431368,23.555136],[120.431486,23.555553],[120.431611,23.555535]]]]}},{"type":"Feature","properties":{"n":"南華路二段","v":"民雄鄉","w":5.8,"c":1.3,"r":0},"geometry":{"type":"MultiPolygon","coordinates":[[[[120.471317,23.569098],[120.471307,23.56905],[120.471006,23.569097],[120.470978,23.569124],[120.470971,23.569157],[120.471015,23.569145],[120.471317,23.569098]]]]}},{"type":"Feature","properties":{"n":"南華路二段","v":"民雄鄉","w":5.5,"c":1.3,"r":0},"geometry":{"type":"MultiPolygon","coordinates":[[[[120.471384,23.568875],[120.471385,23.568921],[120.473913,23.568926],[120.474137,23.568963],[120.477682,23.569934],[120.477873,23.570037],[120.478044,23.570187],[120.478133,23.570193],[120.477894,23.570004],[120.477705,23.569897],[120.474148,23.568917],[120.473886,23.568874],[120.471384,23.568875]]]]}},{"type":"Feature","properties":{"n":"南華路二段","v":"民雄鄉","w":2.1,"c":1.4,"r":0},"geometry":{"type":"MultiPolygon","coordinates":[[[[120.471154,23.568915],[120.47115,23.568897],[120.470842,23.568973],[120.470846,23.568992],[120.471154,23.568915]]]]}},{"type":"Feature","properties":{"n":"無名路","v":"民雄鄉","w":1.2,"c":0,"r":1},"geometry":{"type":"MultiPolygon","coordinates":[[[[120.470472,23.567521],[120.470458,23.567509],[120.470005,23.567805],[120.470013,23.567815],[120.470472,23.567521]]]]}},{"type":"Feature","properties":{"n":"澤人路","v":"民雄鄉","w":5.8,"c":2.7,"r":4},"geometry":{"type":"MultiPolygon","coordinates":[[[[120.469718,23.566023],[120.469682,23.565993],[120.469679,23.566106],[120.470764,23.567478],[120.47079,23.567458],[120.469715,23.566096],[120.469718,23.566023]]]]}},{"type":"Feature","properties":{"n":"澤人路","v":"民雄鄉","w":5.8,"c":2.7,"r":6},"geometry":{"type":"MultiPolygon","coordinates":[[[[120.469481,23.566111],[120.469447,23.566131],[120.470455,23.567419],[120.470485,23.567398],[120.469481,23.566111]]]]}},{"type":"Feature","properties":{"n":"澤人路","v":"民雄鄉","w":4.15,"c":2.35,"r":4},"geometry":{"type":"MultiPolygon","coordinates":[[[[120.468511,23.563814],[120.468534,23.563827],[120.468549,23.563822],[120.468553,23.563807],[120.468531,23.563775],[120.468391,23.563247],[120.468348,23.563114],[120.468296,23.562997],[120.468206,23.5629],[120.468019,23.562788],[120.468006,23.562802],[120.468186,23.56291],[120.468276,23.563006],[120.468324,23.563112],[120.468359,23.563254],[120.468511,23.563814]]]]}},{"type":"Feature","properties":{"n":"大民南路","v":"民雄鄉","w":3,"c":2.55,"r":3},"geometry":{"type":"MultiPolygon","coordinates":[[[[120.462915,23.564366],[120.462944,23.564367],[120.46309,23.563307],[120.463141,23.563107],[120.463229,23.562951],[120.463193,23.562949],[120.463104,23.563107],[120.463054,23.563304],[120.462915,23.564366]]]]}},{"type":"Feature","properties":{"n":"大民南路","v":"民雄鄉","w":3,"c":2,"r":3},"geometry":{"type":"MultiPolygon","coordinates":[[[[120.46271,23.564298],[120.462739,23.564271],[120.462847,23.563467],[120.462824,23.563245],[120.462766,23.563047],[120.462701,23.562931],[120.462665,23.562929],[120.46273,23.563047],[120.46279,23.563252],[120.462812,23.563464],[120.46271,23.564298]]]]}},{"type":"Feature","properties":{"n":"大學路二段","v":"民雄鄉","w":3,"c":3,"r":2},"geometry":{"type":"MultiPolygon","coordinates":[[[[120.463817,23.562408],[120.463758,23.562404],[120.463632,23.562473],[120.463633,23.562507],[120.463817,23.562408]]]]}},{"type":"Feature","properties":{"n":"大學路二段","v":"民雄鄉","w":3,"c":2.5,"r":3},"geometry":{"type":"MultiPolygon","coordinates":[[[[120.465515,23.561469],[120.465513,23.561508],[120.465882,23.5613],[120.465849,23.561279],[120.465515,23.561469]]]]}},{"type":"Feature","properties":{"n":"大學路一段","v":"民雄鄉","w":3,"c":1.7,"r":2},"geometry":{"type":"MultiPolygon","coordinates":[[[[120.47346,23.557654],[120.473476,23.557685],[120.475291,23.557286],[120.475277,23.557249],[120.473491,23.557642],[120.47346,23.557654]]]]}},{"type":"Feature","properties":{"n":"大學路一段","v":"民雄鄉","w":3,"c":2.45,"r":3},"geometry":{"type":"MultiPolygon","coordinates":[[[[120.470095,23.558951],[120.470114,23.558985],[120.470517,23.55879],[120.4716,23.558383],[120.471567,23.558358],[120.470499,23.558756],[120.470095,23.558951]]]]}},{"type":"Feature","properties":{"n":"大學路一段","v":"民雄鄉","w":3,"c":1.9,"r":2},"geometry":{"type":"MultiPolygon","coordinates":[[[[120.470114,23.558985],[120.470095,23.558951],[120.469188,23.559389],[120.469069,23.559454],[120.469096,23.559483],[120.469204,23.559424],[120.470114,23.558985]]]]}},{"type":"Feature","properties":{"n":"大學路二段","v":"民雄鄉","w":3,"c":2.15,"r":1},"geometry":{"type":"MultiPolygon","coordinates":[[[[120.467588,23.560332],[120.467565,23.560303],[120.46608,23.56115],[120.466098,23.56118],[120.467588,23.560332]]]]}},{"type":"Feature","properties":{"n":"大學路一段","v":"民雄鄉","w":3,"c":1.45,"r":2},"geometry":{"type":"MultiPolygon","coordinates":[[[[120.475277,23.557249],[120.475291,23.557286],[120.476062,23.557151],[120.475934,23.55714],[120.475288,23.557247],[120.475277,23.557249]]]]}},{"type":"Feature","properties":{"n":"大學路一段","v":"民雄鄉","w":3,"c":1.8,"r":2},"geometry":{"type":"MultiPolygon","coordinates":[[[[120.473476,23.557685],[120.47346,23.557654],[120.472015,23.55819],[120.472003,23.558229],[120.473459,23.557689],[120.473476,23.557685]]]]}},{"type":"Feature","properties":{"n":"大學路二段","v":"民雄鄉","w":3,"c":2.2,"r":4},"geometry":{"type":"MultiPolygon","coordinates":[[[[120.465757,23.561058],[120.465753,23.561023],[120.465417,23.56121],[120.465448,23.56123],[120.465757,23.561058]]]]}},{"type":"Feature","properties":{"n":"神農路","v":"民雄鄉","w":6.1,"c":4,"r":2},"geometry":{"type":"MultiPolygon","coordinates":[[[[120.471604,23.557542],[120.471586,23.557529],[120.471554,23.557526],[120.471549,23.558064],[120.4716,23.558045],[120.471604,23.557542]]]]}},{"type":"Feature","properties":{"n":"神農路","v":"民雄鄉","w":6.4,"c":3.8,"r":2},"geometry":{"type":"MultiPolygon","coordinates":[[[[120.471557,23.55668],[120.47161,23.556678],[120.47161,23.556621],[120.471589,23.556622],[120.471589,23.556505],[120.47161,23.556505],[120.47161,23.556444],[120.471587,23.556443],[120.471587,23.556313],[120.471611,23.556313],[120.471611,23.556185],[120.471589,23.556173],[120.471514,23.556171],[120.471557,23.556209],[120.471557,23.55668]]]]}},{"type":"Feature","properties":{"n":"神農路","v":"民雄鄉","w":5.8,"c":3.7,"r":2},"geometry":{"type":"MultiPolygon","coordinates":[[[[120.471895,23.557531],[120.471797,23.55753],[120.471777,23.55755],[120.471769,23.557829],[120.471773,23.557963],[120.471827,23.557945],[120.471834,23.557569],[120.471894,23.557569],[120.471895,23.557531]]]]}},{"type":"Feature","properties":{"n":"神農路","v":"民雄鄉","w":10.9,"c":3.8,"r":2},"geometry":{"type":"MultiPolygon","coordinates":[[[[120.47187,23.556774],[120.471782,23.556773],[120.471782,23.556819],[120.471805,23.556818],[120.471804,23.556919],[120.471781,23.556919],[120.47178,23.556966],[120.471806,23.556966],[120.471805,23.557098],[120.471779,23.557096],[120.471779,23.557128],[120.471806,23.55713],[120.471805,23.557319],[120.471778,23.557319],[120.47178,23.55744],[120.471795,23.557459],[120.471866,23.557464],[120.47187,23.556774]]]]}},{"type":"Feature","properties":{"n":"神農路","v":"民雄鄉","w":6.4,"c":3.8,"r":3},"geometry":{"type":"MultiPolygon","coordinates":[[[[120.471793,23.556],[120.471811,23.556006],[120.47185,23.556007],[120.471852,23.555008],[120.471891,23.554967],[120.471816,23.554966],[120.471795,23.554982],[120.471793,23.555101],[120.471811,23.555121],[120.471812,23.555236],[120.471789,23.555249],[120.471789,23.555299],[120.471813,23.555314],[120.471813,23.555427],[120.471789,23.555437],[120.471789,23.55557],[120.471813,23.555583],[120.471813,23.555858],[120.471786,23.555869],[120.471787,23.555977],[120.471793,23.556]]]]}},{"type":"Feature","properties":{"n":"神農路","v":"民雄鄉","w":6.4,"c":2.6,"r":2},"geometry":{"type":"MultiPolygon","coordinates":[[[[120.471618,23.556002],[120.471624,23.555979],[120.471627,23.555872],[120.471599,23.55586],[120.471602,23.555585],[120.471626,23.555572],[120.471627,23.555448],[120.471603,23.555438],[120.471604,23.555317],[120.471628,23.555302],[120.471628,23.555251],[120.471606,23.555238],[120.471607,23.555123],[120.471626,23.555104],[120.471624,23.554984],[120.471604,23.554968],[120.471528,23.554969],[120.471567,23.55501],[120.471561,23.556009],[120.4716,23.556008],[120.471618,23.556002]]]]}},{"type":"Feature","properties":{"n":"神農路","v":"民雄鄉","w":6.3,"c":3.75,"r":2},"geometry":{"type":"MultiPolygon","coordinates":[[[[120.471814,23.554803],[120.471895,23.554804],[120.471851,23.554771],[120.471853,23.554431],[120.471892,23.554391],[120.471817,23.554389],[120.471796,23.554405],[120.471795,23.554542],[120.471817,23.554549],[120.47182,23.554659],[120.471793,23.554677],[120.471791,23.554789],[120.471814,23.554803]]]]}},{"type":"Feature","properties":{"n":"神農路","v":"民雄鄉","w":6.3,"c":3.7,"r":2},"geometry":{"type":"MultiPolygon","coordinates":[[[[120.471599,23.554804],[120.471621,23.55479],[120.471621,23.554678],[120.471594,23.55466],[120.471597,23.55455],[120.47162,23.554544],[120.47162,23.554406],[120.4716,23.55439],[120.471524,23.554391],[120.471563,23.554432],[120.471562,23.554771],[120.471517,23.554804],[120.471599,23.554804]]]]}},{"type":"Feature","properties":{"n":"神農路","v":"民雄鄉","w":6.2,"c":4.4,"r":8},"geometry":{"type":"MultiPolygon","coordinates":[[[[120.471614,23.554246],[120.471636,23.554232],[120.471634,23.553848],[120.471614,23.553832],[120.471539,23.553833],[120.471577,23.553874],[120.471577,23.554213],[120.471532,23.554246],[120.471614,23.554246]]]]}},{"type":"Feature","properties":{"n":"神農路","v":"民雄鄉","w":6.4,"c":2.1,"r":3},"geometry":{"type":"MultiPolygon","coordinates":[[[[120.471817,23.554254],[120.471899,23.554255],[120.471854,23.554222],[120.471856,23.553883],[120.471895,23.553842],[120.47182,23.553841],[120.471799,23.553857],[120.471795,23.55424],[120.471817,23.554254]]]]}},{"type":"Feature","properties":{"n":"神農路","v":"民雄鄉","w":6.4,"c":3.9,"r":2},"geometry":{"type":"MultiPolygon","coordinates":[[[[120.471604,23.553743],[120.471625,23.553727],[120.471624,23.55361],[120.4716,23.553588],[120.471598,23.553514],[120.471625,23.553508],[120.471627,23.553305],[120.471598,23.553278],[120.471564,23.553273],[120.471568,23.553705],[120.471522,23.553744],[120.471604,23.553743]]]]}},{"type":"Feature","properties":{"n":"神農路","v":"民雄鄉","w":6.4,"c":4.1,"r":3},"geometry":{"type":"MultiPolygon","coordinates":[[[[120.471824,23.553743],[120.471906,23.553744],[120.47186,23.553705],[120.471867,23.553273],[120.471834,23.553278],[120.471804,23.553305],[120.471805,23.553508],[120.471832,23.553513],[120.471829,23.553588],[120.471805,23.553609],[120.471803,23.553727],[120.471824,23.553743]]]]}},{"type":"Feature","properties":{"n":"公園路","v":"民雄鄉","w":4.3,"c":2.2,"r":0},"geometry":{"type":"MultiPolygon","coordinates":[[[[120.470859,23.555992],[120.470881,23.55596],[120.470872,23.555956],[120.470876,23.555504],[120.470837,23.555504],[120.470833,23.555969],[120.470855,23.555989],[120.470859,23.555992]]]]}},{"type":"Feature","properties":{"n":"公園路","v":"民雄鄉","w":5.45,"c":3.4,"r":0},"geometry":{"type":"MultiPolygon","coordinates":[[[[120.472702,23.556205],[120.472702,23.556169],[120.47185,23.556173],[120.471849,23.556207],[120.472702,23.556205]]]]}},{"type":"Feature","properties":{"n":"公園路","v":"民雄鄉","w":4,"c":1.7,"r":1},"geometry":{"type":"MultiPolygon","coordinates":[[[[120.47251,23.556012],[120.47251,23.555983],[120.47185,23.555984],[120.471849,23.556007],[120.47251,23.556012]]]]}},{"type":"Feature","properties":{"n":"公園路","v":"民雄鄉","w":3,"c":2.3,"r":0},"geometry":{"type":"MultiPolygon","coordinates":[[[[120.472554,23.555949],[120.472539,23.555974],[120.47251,23.555983],[120.47251,23.556012],[120.472557,23.55599],[120.472576,23.555949],[120.472581,23.555593],[120.47256,23.555592],[120.472554,23.555949]]]]}},{"type":"Feature","properties":{"n":"公園路","v":"民雄鄉","w":4.65,"c":4.65,"r":0},"geometry":{"type":"MultiPolygon","coordinates":[[[[120.472793,23.555968],[120.472804,23.555306],[120.472774,23.555334],[120.472764,23.55536],[120.472754,23.555944],[120.472774,23.555963],[120.472793,23.555968]]]]}},{"type":"Feature","properties":{"n":"富農路","v":"民雄鄉","w":4.9,"c":3.1,"r":0},"geometry":{"type":"MultiPolygon","coordinates":[[[[120.473282,23.555975],[120.473301,23.55597],[120.473322,23.555952],[120.473326,23.555356],[120.473317,23.555331],[120.473288,23.555308],[120.473282,23.555975]]]]}},{"type":"Feature","properties":{"n":"正義路","v":"民雄鄉","w":4,"c":4,"r":0},"geometry":{"type":"MultiPolygon","coordinates":[[[[120.472804,23.555343],[120.473287,23.555345],[120.473288,23.555309],[120.472804,23.555306],[120.472804,23.555343]]]]}},{"type":"Feature","properties":{"n":"富農路","v":"民雄鄉","w":4.9,"c":2.7,"r":0},"geometry":{"type":"MultiPolygon","coordinates":[[[[120.473268,23.557115],[120.473307,23.557114],[120.473321,23.556115],[120.473313,23.556089],[120.47329,23.556072],[120.473268,23.557115]]]]}},{"type":"Feature","properties":{"n":"大學路一段","v":"民雄鄉","w":7.2,"c":4.35,"r":1},"geometry":{"type":"MultiPolygon","coordinates":[[[[120.475585,23.556968],[120.475597,23.556943],[120.475591,23.556914],[120.475267,23.556977],[120.475275,23.55701],[120.475297,23.557019],[120.475585,23.556968]]]]}},{"type":"Feature","properties":{"n":"興農路","v":"民雄鄉","w":1.95,"c":0.75,"r":8},"geometry":{"type":"MultiPolygon","coordinates":[[[[120.4758,23.553856],[120.475787,23.555155],[120.475808,23.555156],[120.475813,23.553872],[120.4758,23.553856]]]]}},{"type":"Feature","properties":{"n":"興農路","v":"民雄鄉","w":1.9,"c":1.6,"r":3},"geometry":{"type":"MultiPolygon","coordinates":[[[[120.475786,23.553325],[120.475776,23.553334],[120.475802,23.553374],[120.475798,23.553691],[120.47581,23.553679],[120.475815,23.55337],[120.475786,23.553325]]]]}},{"type":"Feature","properties":{"n":"三豐路","v":"民雄鄉","w":1.9,"c":0.5,"r":2},"geometry":{"type":"MultiPolygon","coordinates":[[[[120.473551,23.553323],[120.473559,23.553308],[120.473581,23.553296],[120.473614,23.55329],[120.475738,23.553307],[120.475762,23.553315],[120.475776,23.553334],[120.475786,23.553325],[120.475773,23.553306],[120.475738,23.553295],[120.473609,23.553278],[120.473576,23.553284],[120.473552,23.553298],[120.473537,23.553324],[120.473551,23.553323]]]]}},{"type":"Feature","properties":{"n":"三豐路","v":"民雄鄉","w":2,"c":1.15,"r":8},"geometry":{"type":"MultiPolygon","coordinates":[[[[120.471865,23.553355],[120.471886,23.553314],[120.471941,23.553286],[120.473314,23.553292],[120.473327,23.553299],[120.473341,23.553317],[120.473351,23.553309],[120.473337,23.55329],[120.473318,23.553282],[120.471867,23.553273],[120.471865,23.553355]]]]}},{"type":"Feature","properties":{"n":"三豐路","v":"民雄鄉","w":1.85,"c":1,"r":5},"geometry":{"type":"MultiPolygon","coordinates":[[[[120.471566,23.553342],[120.471564,23.553273],[120.470135,23.553257],[120.470116,23.553265],[120.470102,23.553284],[120.470112,23.553292],[120.470126,23.553274],[120.470139,23.553268],[120.47149,23.553286],[120.471546,23.553313],[120.471566,23.553342]]]]}},{"type":"Feature","properties":{"n":"三豐路","v":"民雄鄉","w":1.85,"c":1,"r":21},"geometry":{"type":"MultiPolygon","coordinates":[[[[120.467085,23.553266],[120.467084,23.553278],[120.469858,23.553281],[120.469882,23.553289],[120.469896,23.553308],[120.469906,23.5533],[120.469893,23.553281],[120.469858,23.55327],[120.467085,23.553266]]]]}},{"type":"Feature","properties":{"n":"三豐路","v":"民雄鄉","w":1.8,"c":0,"r":4},"geometry":{"type":"MultiPolygon","coordinates":[[[[120.464472,23.555381],[120.464485,23.555391],[120.464492,23.554608],[120.464508,23.554438],[120.464539,23.554291],[120.464573,23.554196],[120.464669,23.553984],[120.464805,23.553797],[120.464952,23.553654],[120.465111,23.553531],[120.465393,23.553386],[120.465624,23.553311],[120.465861,23.55328],[120.466837,23.553281],[120.466861,23.553289],[120.466875,23.553308],[120.466885,23.553299],[120.466872,23.553281],[120.466837,23.55327],[120.465859,23.553269],[120.465627,23.553299],[120.465395,23.553374],[120.46511,23.553519],[120.464904,23.55368],[120.464793,23.553793],[120.464657,23.553978],[120.464561,23.554194],[120.464528,23.554288],[120.464496,23.554437],[120.464479,23.55461],[120.464472,23.555381]]]]}},{"type":"Feature","properties":{"n":"三豐路","v":"民雄鄉","w":1.8,"c":0,"r":13},"geometry":{"type":"MultiPolygon","coordinates":[[[[120.466981,23.553082],[120.466981,23.553071],[120.465924,23.553072],[120.465651,23.553101],[120.465421,23.553153],[120.465081,23.553301],[120.464881,23.553438],[120.464736,23.553546],[120.464588,23.553717],[120.464474,23.553894],[120.464375,23.554108],[120.464341,23.554202],[120.464303,23.554348],[120.464286,23.554522],[120.464275,23.555488],[120.464288,23.555487],[120.464299,23.554519],[120.464315,23.554349],[120.464352,23.554205],[120.464386,23.55411],[120.464486,23.5539],[120.4646,23.553721],[120.46475,23.553551],[120.464884,23.553451],[120.465081,23.553313],[120.46542,23.553165],[120.465648,23.553113],[120.465927,23.553084],[120.466953,23.553082],[120.466981,23.553082]]]]}},{"type":"Feature","properties":{"n":"三豐路","v":"民雄鄉","w":1.65,"c":0,"r":0},"geometry":{"type":"MultiPolygon","coordinates":[[[[120.464288,23.555487],[120.464275,23.555488],[120.464264,23.556509],[120.464278,23.55651],[120.464288,23.555487]]]]}},{"type":"Feature","properties":{"n":"三豐路","v":"民雄鄉","w":1.85,"c":0.35,"r":3},"geometry":{"type":"MultiPolygon","coordinates":[[[[120.464484,23.555553],[120.46447,23.555568],[120.464465,23.556578],[120.464479,23.556578],[120.464484,23.555553]]]]}},{"type":"Feature","properties":{"n":"三豐路","v":"民雄鄉","w":1.55,"c":0.6,"r":7},"geometry":{"type":"MultiPolygon","coordinates":[[[[120.473455,23.553089],[120.473455,23.5531],[120.475689,23.553106],[120.475689,23.553095],[120.473455,23.553089]]]]}},{"type":"Feature","properties":{"n":"三豐路","v":"民雄鄉","w":1.55,"c":0,"r":4},"geometry":{"type":"MultiPolygon","coordinates":[[[[120.471712,23.553084],[120.471712,23.553095],[120.473455,23.5531],[120.473455,23.553089],[120.471712,23.553084]]]]}},{"type":"Feature","properties":{"n":"三豐路","v":"民雄鄉","w":1.55,"c":0,"r":6},"geometry":{"type":"MultiPolygon","coordinates":[[[[120.470002,23.553079],[120.470002,23.55309],[120.471712,23.553095],[120.471712,23.553084],[120.470002,23.553079]]]]}},{"type":"Feature","properties":{"n":"三豐路","v":"民雄鄉","w":1.55,"c":0.2,"r":15},"geometry":{"type":"MultiPolygon","coordinates":[[[[120.466981,23.553071],[120.466981,23.553082],[120.470002,23.55309],[120.470002,23.553079],[120.466981,23.553071]]]]}},{"type":"Feature","properties":{"n":"興農路","v":"民雄鄉","w":2.35,"c":0.5,"r":8},"geometry":{"type":"MultiPolygon","coordinates":[[[[120.476003,23.555312],[120.476219,23.556722],[120.476235,23.556722],[120.476027,23.555328],[120.476003,23.555312]]]]}},{"type":"Feature","properties":{"n":"興農路","v":"民雄鄉","w":2.2,"c":0.8,"r":3},"geometry":{"type":"MultiPolygon","coordinates":[[[[120.476032,23.553864],[120.476011,23.553863],[120.476003,23.555073],[120.476019,23.555072],[120.476032,23.553864]]]]}},{"type":"Feature","properties":{"n":"興農路","v":"民雄鄉","w":2.15,"c":2,"r":2},"geometry":{"type":"MultiPolygon","coordinates":[[[[120.476012,23.553666],[120.476025,23.553667],[120.476032,23.553319],[120.476015,23.553316],[120.476012,23.553666]]]]}},{"type":"Feature","properties":{"n":"建國路一段","v":"民雄鄉","w":2.9,"c":1,"r":14},"geometry":{"type":"MultiPolygon","coordinates":[[[[120.434394,23.560149],[120.434369,23.560149],[120.434783,23.562121],[120.434808,23.562118],[120.434394,23.560149]]]]}},{"type":"Feature","properties":{"n":"建國路一段","v":"民雄鄉","w":2.85,"c":0.85,"r":5},"geometry":{"type":"MultiPolygon","coordinates":[[[[120.434061,23.558688],[120.434086,23.558683],[120.433811,23.557377],[120.433772,23.557379],[120.433779,23.557407],[120.433797,23.557429],[120.434061,23.558688]]]]}},{"type":"Feature","properties":{"n":"建國路一段","v":"民雄鄉","w":4.35,"c":0.8,"r":15},"geometry":{"type":"MultiPolygon","coordinates":[[[[120.434043,23.560228],[120.43401,23.560227],[120.434389,23.562027],[120.434414,23.562024],[120.434043,23.560228]]]]}},{"type":"Feature","properties":{"n":"建國路一段","v":"民雄鄉","w":4.7,"c":1.8,"r":10},"geometry":{"type":"MultiPolygon","coordinates":[[[[120.433732,23.558741],[120.433708,23.558746],[120.433979,23.560106],[120.434003,23.560102],[120.433732,23.558741]]]]}},{"type":"Feature","properties":{"n":"建國路一段","v":"民雄鄉","w":2.9,"c":1.5,"r":14},"geometry":{"type":"MultiPolygon","coordinates":[[[[120.433707,23.558702],[120.433731,23.558697],[120.433459,23.557409],[120.433442,23.557374],[120.433421,23.557365],[120.433399,23.557368],[120.433408,23.557407],[120.433435,23.557412],[120.433707,23.558702]]]]}},{"type":"Feature","properties":{"n":"建國路一段","v":"民雄鄉","w":2.85,"c":1.5,"r":21},"geometry":{"type":"MultiPolygon","coordinates":[[[[120.433673,23.555404],[120.43365,23.555397],[120.433322,23.556929],[120.433387,23.557237],[120.433411,23.557235],[120.433347,23.55693],[120.43342,23.556578],[120.433673,23.555404]]]]}},{"type":"Feature","properties":{"n":"建國路一段","v":"民雄鄉","w":3,"c":1.5,"r":13},"geometry":{"type":"MultiPolygon","coordinates":[[[[120.434019,23.555542],[120.433994,23.555538],[120.433683,23.556883],[120.433747,23.557191],[120.433771,23.557189],[120.433708,23.556885],[120.43379,23.556536],[120.434019,23.555542]]]]}},{"type":"Feature","properties":{"n":"建國路一段","v":"民雄鄉","w":3.05,"c":1.7,"r":5},"geometry":{"type":"MultiPolygon","coordinates":[[[[120.434014,23.555421],[120.434036,23.555433],[120.434162,23.554891],[120.434181,23.554707],[120.434157,23.554703],[120.434137,23.554888],[120.434014,23.555421]]]]}},{"type":"Feature","properties":{"n":"建國路一段","v":"民雄鄉","w":3.1,"c":1.8,"r":9},"geometry":{"type":"MultiPolygon","coordinates":[[[[120.433665,23.555325],[120.433689,23.55533],[120.433831,23.55467],[120.433826,23.554631],[120.43381,23.554617],[120.433787,23.554613],[120.433783,23.554653],[120.433807,23.554666],[120.433665,23.555325]]]]}},{"type":"Feature","properties":{"n":"東榮路","v":"民雄鄉","w":2.1,"c":2.1,"r":0},"geometry":{"type":"MultiPolygon","coordinates":[[[[120.436485,23.557389],[120.436484,23.557408],[120.437279,23.557429],[120.43728,23.557413],[120.436485,23.557389]]]]}},{"type":"Feature","properties":{"n":"東榮路","v":"民雄鄉","w":5.05,"c":1.75,"r":2},"geometry":{"type":"MultiPolygon","coordinates":[[[[120.434965,23.557412],[120.435627,23.557438],[120.435631,23.55738],[120.436315,23.557403],[120.436317,23.557384],[120.4356,23.557359],[120.4356,23.557401],[120.434967,23.557375],[120.434965,23.557412]]]]}},{"type":"Feature","properties":{"n":"東榮路 太平橋","v":"民雄鄉","w":2.1,"c":2.1,"r":0},"geometry":{"type":"MultiPolygon","coordinates":[[[[120.437356,23.557419],[120.437357,23.557437],[120.437639,23.557432],[120.437832,23.557407],[120.437832,23.55739],[120.437636,23.557417],[120.437356,23.557419]]]]}},{"type":"Feature","properties":{"n":"東榮路","v":"民雄鄉","w":2,"c":1.2,"r":2},"geometry":{"type":"MultiPolygon","coordinates":[[[[120.43796,23.557408],[120.438156,23.557361],[120.438491,23.557346],[120.43873,23.557362],[120.438732,23.557348],[120.438496,23.557334],[120.438153,23.557347],[120.437953,23.557394],[120.43796,23.557408]]]]}},{"type":"Feature","properties":{"n":"大學路二段","v":"民雄鄉","w":2.5,"c":1.4,"r":4},"geometry":{"type":"MultiPolygon","coordinates":[[[[120.437712,23.556408],[120.43769,23.556422],[120.43779,23.556554],[120.437941,23.55672],[120.438047,23.556814],[120.43823,23.556956],[120.438322,23.557017],[120.438645,23.557196],[120.438659,23.557178],[120.438337,23.556997],[120.438248,23.556937],[120.438061,23.556789],[120.43797,23.556702],[120.43781,23.556536],[120.437712,23.556408]]]]}},{"type":"Feature","properties":{"n":"大學路三段","v":"民雄鄉","w":2.5,"c":1.2,"r":6},"geometry":{"type":"MultiPolygon","coordinates":[[[[120.435844,23.554994],[120.435859,23.554975],[120.435626,23.55488],[120.435416,23.55482],[120.435224,23.554779],[120.43504,23.554757],[120.434226,23.554703],[120.434225,23.554725],[120.435032,23.554777],[120.435215,23.5548],[120.435407,23.554841],[120.435617,23.554902],[120.43582,23.554981],[120.435844,23.554994]]]]}},{"type":"Feature","properties":{"n":"建國路二段","v":"民雄鄉","w":2.85,"c":1.5,"r":22},"geometry":{"type":"MultiPolygon","coordinates":[[[[120.433855,23.550389],[120.433831,23.550393],[120.43405,23.552487],[120.434074,23.552487],[120.433855,23.550389]]]]}},{"type":"Feature","properties":{"n":"建國路二段","v":"民雄鄉","w":3.1,"c":1.8,"r":2},"geometry":{"type":"MultiPolygon","coordinates":[[[[120.434212,23.554266],[120.434186,23.554292],[120.434178,23.554485],[120.434202,23.554493],[120.434212,23.554266]]]]}},{"type":"Feature","properties":{"n":"建國路二段","v":"民雄鄉","w":2.85,"c":1.5,"r":19},"geometry":{"type":"MultiPolygon","coordinates":[[[[120.43408,23.552552],[120.434055,23.552553],[120.434174,23.553862],[120.434186,23.554109],[120.43421,23.554122],[120.434199,23.553862],[120.434172,23.553572],[120.43408,23.552552]]]]}},{"type":"Feature","properties":{"n":"建國路二段","v":"民雄鄉","w":2.8,"c":1.25,"r":8},"geometry":{"type":"MultiPolygon","coordinates":[[[[120.433838,23.550242],[120.433863,23.550241],[120.433798,23.549434],[120.433793,23.549419],[120.433827,23.549361],[120.433847,23.549345],[120.433846,23.549326],[120.433809,23.54935],[120.433771,23.549416],[120.433773,23.549434],[120.433838,23.550242]]]]}},{"type":"Feature","properties":{"n":"建國路二段","v":"民雄鄉","w":2.9,"c":0,"r":11},"geometry":{"type":"MultiPolygon","coordinates":[[[[120.433831,23.554237],[120.433855,23.554238],[120.433859,23.554158],[120.433847,23.553898],[120.433727,23.552583],[120.433701,23.552568],[120.433822,23.553897],[120.433834,23.554144],[120.433831,23.554237]]]]}},{"type":"Feature","properties":{"n":"建國路二段","v":"民雄鄉","w":2.85,"c":1.6,"r":17},"geometry":{"type":"MultiPolygon","coordinates":[[[[120.433514,23.550569],[120.43349,23.550571],[120.433691,23.552494],[120.433715,23.552494],[120.433514,23.550569]]]]}},{"type":"Feature","properties":{"n":"建國路二段","v":"民雄鄉","w":2.8,"c":1.5,"r":7},"geometry":{"type":"MultiPolygon","coordinates":[[[[120.433476,23.550381],[120.433501,23.55038],[120.433416,23.549478],[120.433382,23.549436],[120.433346,23.549411],[120.433344,23.549436],[120.433367,23.549452],[120.433391,23.549478],[120.433476,23.550381]]]]}},{"type":"Feature","properties":{"n":"民新路","v":"民雄鄉","w":1.7,"c":0,"r":0},"geometry":{"type":"MultiPolygon","coordinates":[[[[120.433843,23.549323],[120.433847,23.549345],[120.436116,23.549135],[120.436111,23.549113],[120.433843,23.549323]]]]}},{"type":"Feature","properties":{"n":"民新路","v":"民雄鄉","w":1.65,"c":0,"r":0},"geometry":{"type":"MultiPolygon","coordinates":[[[[120.433936,23.549052],[120.43394,23.549074],[120.435926,23.548909],[120.435926,23.548886],[120.433936,23.549052]]]]}},{"type":"Feature","properties":{"n":"建國路二段","v":"民雄鄉","w":2.9,"c":1.3,"r":2},"geometry":{"type":"MultiPolygon","coordinates":[[[[120.433855,23.554238],[120.433831,23.554237],[120.433821,23.554467],[120.433846,23.554474],[120.433855,23.554238]]]]}},{"type":"Feature","properties":{"n":"建國路二段","v":"民雄鄉","w":2.8,"c":1.3,"r":9},"geometry":{"type":"MultiPolygon","coordinates":[[[[120.433464,23.54588],[120.433439,23.545882],[120.433525,23.546977],[120.433708,23.548955],[120.433738,23.549018],[120.433769,23.549055],[120.433786,23.549041],[120.433757,23.549008],[120.433733,23.548954],[120.43355,23.546976],[120.433464,23.54588]]]]}},{"type":"Feature","properties":{"n":"建國路二段","v":"民雄鄉","w":3,"c":2.8,"r":3},"geometry":{"type":"MultiPolygon","coordinates":[[[[120.433439,23.545882],[120.433464,23.54588],[120.433417,23.545292],[120.433393,23.545293],[120.433439,23.545882]]]]}},{"type":"Feature","properties":{"n":"建國路二段","v":"民雄鄉","w":4.2,"c":1.3,"r":5},"geometry":{"type":"MultiPolygon","coordinates":[[[[120.433383,23.545115],[120.433425,23.545111],[120.433353,23.54378],[120.433365,23.54329],[120.433404,23.543009],[120.433516,23.542533],[120.433631,23.542208],[120.433746,23.541944],[120.434679,23.540168],[120.434646,23.540151],[120.433705,23.54194],[120.433591,23.5422],[120.433475,23.542531],[120.433365,23.542998],[120.433322,23.543291],[120.433311,23.543788],[120.433383,23.545115]]]]}},{"type":"Feature","properties":{"n":"建國路二段","v":"民雄鄉","w":7.1,"c":1.1,"r":17},"geometry":{"type":"MultiPolygon","coordinates":[[[[120.432977,23.545108],[120.43304,23.545101],[120.432967,23.543633],[120.432986,23.543239],[120.433034,23.543065],[120.433057,23.542847],[120.43319,23.542377],[120.433317,23.542051],[120.433433,23.541787],[120.434366,23.54001],[120.434333,23.539994],[120.433392,23.541783],[120.433135,23.542371],[120.433009,23.542833],[120.43298,23.543062],[120.432936,23.543242],[120.432911,23.543649],[120.43291,23.543873],[120.432925,23.544166],[120.432977,23.545108]]]]}},{"type":"Feature","properties":{"n":"建國路二段","v":"民雄鄉","w":3,"c":1.5,"r":5},"geometry":{"type":"MultiPolygon","coordinates":[[[[120.433095,23.545905],[120.433071,23.545906],[120.433165,23.547],[120.433354,23.548973],[120.43334,23.549012],[120.433318,23.549043],[120.43335,23.549048],[120.433365,23.549021],[120.433376,23.54897],[120.43319,23.546999],[120.433095,23.545905]]]]}},{"type":"Feature","properties":{"n":"建國路二段","v":"民雄鄉","w":2.9,"c":1.5,"r":2},"geometry":{"type":"MultiPolygon","coordinates":[[[[120.433071,23.545906],[120.433095,23.545905],[120.433058,23.545315],[120.433033,23.545316],[120.433071,23.545906]]]]}},{"type":"Feature","properties":{"n":"建國路二段","v":"民雄鄉","w":4.6,"c":1.5,"r":19},"geometry":{"type":"MultiPolygon","coordinates":[[[[120.434767,23.539927],[120.434805,23.539944],[120.435468,23.538759],[120.43587,23.537986],[120.436291,23.537199],[120.436424,23.53688],[120.436475,23.536702],[120.436526,23.536492],[120.436486,23.536481],[120.436435,23.536693],[120.436384,23.53687],[120.436257,23.537178],[120.435427,23.538747],[120.434767,23.539927]]]]}},{"type":"Feature","properties":{"n":"建國路二段","v":"民雄鄉","w":3.1,"c":0,"r":26},"geometry":{"type":"MultiPolygon","coordinates":[[[[120.434426,23.539833],[120.434464,23.53985],[120.435103,23.538669],[120.435505,23.537896],[120.435926,23.537109],[120.43606,23.536801],[120.436121,23.536618],[120.436172,23.536433],[120.436132,23.536422],[120.436081,23.536608],[120.43602,23.536792],[120.435892,23.537088],[120.435062,23.538657],[120.434426,23.539833]]]]}},{"type":"Feature","properties":{"n":"建國路二段","v":"民雄鄉","w":3,"c":1.7,"r":3},"geometry":{"type":"MultiPolygon","coordinates":[[[[120.436224,23.536086],[120.436183,23.536085],[120.436149,23.536285],[120.43619,23.536288],[120.436224,23.536086]]]]}},{"type":"Feature","properties":{"n":"建國路二段","v":"民雄鄉","w":4.5,"c":2.8,"r":2},"geometry":{"type":"MultiPolygon","coordinates":[[[[120.43662,23.536005],[120.436579,23.535999],[120.436522,23.536333],[120.436563,23.536336],[120.43662,23.536005]]]]}},{"type":"Feature","properties":{"n":"經國路二段","v":"民雄鄉","w":4.3,"c":2.8,"r":3},"geometry":{"type":"MultiPolygon","coordinates":[[[[120.436579,23.535999],[120.43662,23.536005],[120.436651,23.535821],[120.43661,23.535819],[120.436579,23.535999]]]]}},{"type":"Feature","properties":{"n":"建國路二段","v":"民雄鄉","w":5,"c":1.5,"r":18},"geometry":{"type":"MultiPolygon","coordinates":[[[[120.436262,23.535674],[120.436302,23.53568],[120.436559,23.533758],[120.436518,23.533757],[120.436262,23.535674]]]]}},{"type":"Feature","properties":{"n":"民新路","v":"民雄鄉","w":2.85,"c":1.8,"r":11},"geometry":{"type":"MultiPolygon","coordinates":[[[[120.431726,23.549552],[120.433275,23.549431],[120.433309,23.549429],[120.433344,23.549436],[120.433346,23.549411],[120.433313,23.549403],[120.433272,23.549404],[120.431724,23.549524],[120.429257,23.549731],[120.428369,23.54981],[120.428024,23.549871],[120.427771,23.549928],[120.427738,23.549943],[120.427714,23.54997],[120.42771,23.550008],[120.427739,23.549999],[120.427746,23.549973],[120.427762,23.549953],[120.428028,23.549897],[120.42837,23.549837],[120.429257,23.549758],[120.431726,23.549552]]]]}},{"type":"Feature","properties":{"n":"民新路","v":"民雄鄉","w":2.85,"c":1.75,"r":12},"geometry":{"type":"MultiPolygon","coordinates":[[[[120.431694,23.549222],[120.433243,23.549101],[120.43332,23.549083],[120.43335,23.549048],[120.433318,23.549043],[120.433287,23.549063],[120.43324,23.549074],[120.431692,23.549194],[120.429225,23.549401],[120.428608,23.549449],[120.428247,23.549492],[120.427909,23.549551],[120.427427,23.549668],[120.427381,23.54969],[120.427324,23.549698],[120.427367,23.549712],[120.427921,23.549577],[120.428252,23.549518],[120.428611,23.549475],[120.429225,23.549428],[120.431694,23.549222]]]]}},{"type":"Feature","properties":{"n":"民新路","v":"民雄鄉","w":4.5,"c":1.6,"r":6},"geometry":{"type":"MultiPolygon","coordinates":[[[[120.425551,23.550238],[120.425541,23.550259],[120.426791,23.55008],[120.427385,23.550003],[120.427448,23.550009],[120.427509,23.550034],[120.427522,23.550016],[120.427453,23.54998],[120.42738,23.549975],[120.426775,23.550056],[120.425584,23.550234],[120.425551,23.550238]]]]}},{"type":"Feature","properties":{"n":"民新路","v":"民雄鄉","w":3,"c":1.6,"r":7},"geometry":{"type":"MultiPolygon","coordinates":[[[[120.425498,23.550025],[120.426412,23.549901],[120.427009,23.549808],[120.427074,23.549783],[120.427095,23.549735],[120.427083,23.549727],[120.427064,23.549766],[120.427004,23.54979],[120.426414,23.549882],[120.425482,23.550007],[120.425498,23.550025]]]]}},{"type":"Feature","properties":{"n":"民新路","v":"民雄鄉","w":4.8,"c":1.6,"r":13},"geometry":{"type":"MultiPolygon","coordinates":[[[[120.423385,23.550297],[120.423392,23.550326],[120.42536,23.550047],[120.425401,23.550035],[120.425417,23.550005],[120.423385,23.550297]]]]}},{"type":"Feature","properties":{"n":"民新路","v":"民雄鄉","w":4.9,"c":2.9,"r":8},"geometry":{"type":"MultiPolygon","coordinates":[[[[120.42225,23.550691],[120.422258,23.550715],[120.423275,23.550581],[120.423272,23.550565],[120.423227,23.550561],[120.422625,23.550642],[120.42225,23.550691]]]]}},{"type":"Feature","properties":{"n":"民新路","v":"民雄鄉","w":4.7,"c":1.7,"r":8},"geometry":{"type":"MultiPolygon","coordinates":[[[[120.422264,23.550477],[120.422268,23.550459],[120.421936,23.550512],[120.4217,23.550555],[120.421453,23.550611],[120.421133,23.550694],[120.420619,23.550851],[120.420109,23.551022],[120.420139,23.551042],[120.42064,23.550866],[120.421143,23.550726],[120.421444,23.550636],[120.42171,23.550573],[120.421951,23.550529],[120.422264,23.550477]]]]}},{"type":"Feature","properties":{"n":"建國路二段","v":"民雄鄉","w":4.3,"c":1.5,"r":14},"geometry":{"type":"MultiPolygon","coordinates":[[[[120.436618,23.535685],[120.436659,23.535692],[120.436943,23.533809],[120.436901,23.533807],[120.436618,23.535685]]]]}},{"type":"Feature","properties":{"n":"建國路二段","v":"民雄鄉","w":5.15,"c":1.3,"r":14},"geometry":{"type":"MultiPolygon","coordinates":[[[[120.436542,23.533584],[120.436582,23.53359],[120.436839,23.531668],[120.436923,23.531252],[120.437047,23.530874],[120.437179,23.530544],[120.437149,23.530519],[120.437008,23.530867],[120.436884,23.531244],[120.436798,23.531666],[120.436542,23.533584]]]]}},{"type":"Feature","properties":{"n":"建國路三段","v":"民雄鄉","w":3,"c":1.2,"r":23},"geometry":{"type":"MultiPolygon","coordinates":[[[[120.437271,23.530309],[120.437308,23.530326],[120.437705,23.529581],[120.438007,23.528935],[120.438113,23.528624],[120.438546,23.526868],[120.438691,23.526205],[120.438666,23.526185],[120.438517,23.526861],[120.438083,23.528612],[120.43797,23.528922],[120.437666,23.529568],[120.437271,23.530309]]]]}},{"type":"Feature","properties":{"n":"建國路三段","v":"民雄鄉","w":4.75,"c":2,"r":11},"geometry":{"type":"MultiPolygon","coordinates":[[[[120.437608,23.530513],[120.437645,23.530527],[120.438073,23.529685],[120.43837,23.529064],[120.438475,23.528754],[120.439019,23.526441],[120.438993,23.526421],[120.438445,23.528741],[120.438333,23.529052],[120.438242,23.529246],[120.438035,23.529672],[120.437643,23.53044],[120.437608,23.530513]]]]}},{"type":"Feature","properties":{"n":"建國路二段","v":"民雄鄉","w":4.35,"c":1.15,"r":27},"geometry":{"type":"MultiPolygon","coordinates":[[[[120.437645,23.530527],[120.437608,23.530513],[120.437383,23.530977],[120.437257,23.53138],[120.437181,23.531802],[120.436914,23.533666],[120.436951,23.533672],[120.437222,23.531804],[120.437297,23.531388],[120.437422,23.530984],[120.437645,23.530527]]]]}},{"type":"Feature","properties":{"n":"建國路三段","v":"民雄鄉","w":4.15,"c":1.5,"r":12},"geometry":{"type":"MultiPolygon","coordinates":[[[[120.438763,23.525786],[120.438793,23.525792],[120.439305,23.523674],[120.43928,23.523654],[120.438763,23.525786]]]]}},{"type":"Feature","properties":{"n":"建國路三段","v":"民雄鄉","w":4,"c":1.55,"r":3},"geometry":{"type":"MultiPolygon","coordinates":[[[[120.438793,23.525792],[120.438763,23.525786],[120.438678,23.526137],[120.438707,23.526145],[120.438793,23.525792]]]]}},{"type":"Feature","properties":{"n":"建國路三段","v":"民雄鄉","w":4.8,"c":1.6,"r":7},"geometry":{"type":"MultiPolygon","coordinates":[[[[120.439137,23.52585],[120.439168,23.525857],[120.439606,23.524046],[120.439575,23.524019],[120.439137,23.52585]]]]}},{"type":"Feature","properties":{"n":"建國路三段","v":"民雄鄉","w":4.6,"c":2.6,"r":3},"geometry":{"type":"MultiPolygon","coordinates":[[[[120.439149,23.525937],[120.439114,23.525925],[120.439029,23.526276],[120.439058,23.526284],[120.439149,23.525937]]]]}},{"type":"Feature","properties":{"n":"建國路三段","v":"民雄鄉","w":4.2,"c":0.9,"r":11},"geometry":{"type":"MultiPolygon","coordinates":[[[[120.439593,23.522239],[120.439622,23.522245],[120.440051,23.520318],[120.440026,23.520299],[120.439593,23.522239]]]]}},{"type":"Feature","properties":{"n":"建國路三段","v":"民雄鄉","w":3.95,"c":1.4,"r":7},"geometry":{"type":"MultiPolygon","coordinates":[[[[120.439591,23.522358],[120.439562,23.522352],[120.439297,23.523536],[120.439326,23.523542],[120.439591,23.522358]]]]}},{"type":"Feature","properties":{"n":"建國路三段","v":"民雄鄉","w":4.3,"c":1.6,"r":8},"geometry":{"type":"MultiPolygon","coordinates":[[[[120.439978,23.522435],[120.439949,23.522429],[120.439616,23.523843],[120.439645,23.523849],[120.439978,23.522435]]]]}},{"type":"Feature","properties":{"n":"建國路三段","v":"民雄鄉","w":4.15,"c":0.9,"r":14},"geometry":{"type":"MultiPolygon","coordinates":[[[[120.440101,23.52013],[120.440127,23.520136],[120.44054,23.518428],[120.440515,23.518408],[120.440101,23.52013]]]]}},{"type":"Feature","properties":{"n":"建國路三段","v":"民雄鄉","w":3.1,"c":1.25,"r":4},"geometry":{"type":"MultiPolygon","coordinates":[[[[120.44051,23.519974],[120.440516,23.520002],[120.440542,23.52006],[120.440567,23.520095],[120.44059,23.520088],[120.440542,23.519997],[120.440538,23.519973],[120.44089,23.518487],[120.440865,23.518468],[120.44051,23.519974]]]]}},{"type":"Feature","properties":{"n":"工業二路","v":"民雄鄉","w":1.85,"c":0.9,"r":0},"geometry":{"type":"MultiPolygon","coordinates":[[[[120.429815,23.522002],[120.429839,23.52199],[120.429855,23.521974],[120.429871,23.521941],[120.429852,23.521942],[120.429842,23.521967],[120.429813,23.521988],[120.42788,23.522248],[120.427883,23.522262],[120.429815,23.522002]]]]}},{"type":"Feature","properties":{"n":"工業二路","v":"民雄鄉","w":1.9,"c":0.1,"r":0},"geometry":{"type":"MultiPolygon","coordinates":[[[[120.433094,23.521675],[120.433091,23.521661],[120.430066,23.522048],[120.430023,23.522062],[120.429998,23.522096],[120.42999,23.522121],[120.430021,23.522118],[120.430023,23.522099],[120.430032,23.522086],[120.430068,23.522062],[120.433094,23.521675]]]]}},{"type":"Feature","properties":{"n":"工業二路","v":"民雄鄉","w":1.85,"c":0.6,"r":0},"geometry":{"type":"MultiPolygon","coordinates":[[[[120.432987,23.521585],[120.432984,23.521571],[120.430059,23.52197],[120.430033,23.521965],[120.43,23.521945],[120.429985,23.52193],[120.429966,23.521931],[120.429996,23.521963],[120.43003,23.521981],[120.430062,23.521984],[120.432987,23.521585]]]]}},{"type":"Feature","properties":{"n":"工業二路","v":"民雄鄉","w":1.9,"c":0.5,"r":0},"geometry":{"type":"MultiPolygon","coordinates":[[[[120.435377,23.521417],[120.435388,23.521408],[120.435373,23.521392],[120.435314,23.521385],[120.433091,23.521661],[120.433094,23.521675],[120.435317,23.5214],[120.435357,23.521402],[120.435369,23.521406],[120.435376,23.521416],[120.435377,23.521417]]]]}},{"type":"Feature","properties":{"n":"工業二路","v":"民雄鄉","w":2,"c":1.1,"r":0},"geometry":{"type":"MultiPolygon","coordinates":[[[[120.433147,23.521555],[120.43315,23.521569],[120.435507,23.52128],[120.435544,23.521262],[120.435567,23.521234],[120.435554,23.521227],[120.435544,23.521244],[120.435505,23.521266],[120.433147,23.521555]]]]}},{"type":"Feature","properties":{"n":"工業二路","v":"民雄鄉","w":1.5,"c":0.3,"r":0},"geometry":{"type":"MultiPolygon","coordinates":[[[[120.435661,23.521332],[120.435665,23.521348],[120.435685,23.521346],[120.435722,23.521355],[120.436567,23.521962],[120.437236,23.522701],[120.437244,23.522688],[120.43658,23.521955],[120.435743,23.521343],[120.435704,23.521331],[120.435669,23.52133],[120.435661,23.521332]]]]}},{"type":"Feature","properties":{"n":"工業三路","v":"民雄鄉","w":2.35,"c":1,"r":4},"geometry":{"type":"MultiPolygon","coordinates":[[[[120.435751,23.521195],[120.435774,23.521183],[120.43577,23.521137],[120.435779,23.521118],[120.43665,23.519852],[120.43663,23.519839],[120.435762,23.521105],[120.435746,23.521137],[120.435745,23.521168],[120.435751,23.521195]]]]}},{"type":"Feature","properties":{"n":"工業二路","v":"民雄鄉","w":2.8,"c":0.9,"r":0},"geometry":{"type":"MultiPolygon","coordinates":[[[[120.435774,23.521183],[120.435751,23.521195],[120.435764,23.521219],[120.435784,23.521236],[120.436678,23.521936],[120.437278,23.522618],[120.437286,23.522606],[120.436691,23.521929],[120.435794,23.521223],[120.435783,23.521207],[120.435774,23.521183]]]]}},{"type":"Feature","properties":{"n":"工業三路","v":"民雄鄉","w":2.5,"c":1.2,"r":7},"geometry":{"type":"MultiPolygon","coordinates":[[[[120.435554,23.521227],[120.435567,23.521234],[120.435663,23.521112],[120.436529,23.51982],[120.436529,23.519776],[120.435647,23.521098],[120.435554,23.521227]]]]}},{"type":"Feature","properties":{"n":"工業一路","v":"民雄鄉","w":2.6,"c":2,"r":10},"geometry":{"type":"MultiPolygon","coordinates":[[[[120.43667,23.51966],[120.433196,23.51916],[120.433194,23.51919],[120.436649,23.519688],[120.43667,23.51966]]]]}},{"type":"Feature","properties":{"n":"工業一路","v":"民雄鄉","w":2.05,"c":1.65,"r":9},"geometry":{"type":"MultiPolygon","coordinates":[[[[120.433027,23.51925],[120.429618,23.518755],[120.429588,23.518764],[120.429535,23.518803],[120.429523,23.518835],[120.429552,23.518837],[120.429576,23.518802],[120.429599,23.518787],[120.429622,23.518781],[120.433013,23.519277],[120.433023,23.519286],[120.433028,23.519301],[120.433065,23.519301],[120.433051,23.519274],[120.433027,23.51925]]]]}},{"type":"Feature","properties":{"n":"工業一路","v":"民雄鄉","w":2.9,"c":2.15,"r":4},"geometry":{"type":"MultiPolygon","coordinates":[[[[120.429411,23.518702],[120.428201,23.517562],[120.428181,23.517579],[120.429382,23.518716],[120.429395,23.518764],[120.429427,23.518762],[120.429421,23.518733],[120.429411,23.518702]]]]}},{"type":"Feature","properties":{"n":"工業一路","v":"民雄鄉","w":2.8,"c":2.3,"r":12},"geometry":{"type":"MultiPolygon","coordinates":[[[[120.432974,23.519156],[120.433009,23.51914],[120.429506,23.518626],[120.429455,23.518591],[120.429434,23.51861],[120.429494,23.518649],[120.432974,23.519156]]]]}},{"type":"Feature","properties":{"n":"工業一路","v":"民雄鄉","w":2.4,"c":1.4,"r":6},"geometry":{"type":"MultiPolygon","coordinates":[[[[120.429455,23.518591],[120.428301,23.517505],[120.428281,23.517523],[120.429434,23.51861],[120.429455,23.518591]]]]}},{"type":"Feature","properties":{"n":"工業三路","v":"民雄鄉","w":2.4,"c":1.2,"r":3},"geometry":{"type":"MultiPolygon","coordinates":[[[[120.429966,23.521931],[120.429986,23.52193],[120.429552,23.518837],[120.429523,23.518835],[120.429966,23.521931]]]]}},{"type":"Feature","properties":{"n":"工業三路","v":"民雄鄉","w":2.5,"c":0,"r":10},"geometry":{"type":"MultiPolygon","coordinates":[[[[120.429852,23.521942],[120.429871,23.521941],[120.429427,23.518762],[120.429395,23.518764],[120.429852,23.521942]]]]}},{"type":"Feature","properties":{"n":"工業三路","v":"民雄鄉","w":2.6,"c":0,"r":15},"geometry":{"type":"MultiPolygon","coordinates":[[[[120.430227,23.523872],[120.430295,23.523884],[120.432386,23.523848],[120.432364,23.523833],[120.430295,23.523866],[120.430259,23.523859],[120.430207,23.523838],[120.430178,23.523815],[120.430159,23.523789],[120.430143,23.523738],[120.429913,23.522137],[120.429885,23.522139],[120.430119,23.523742],[120.430135,23.5238],[120.430155,23.523826],[120.4302,23.523858],[120.430227,23.523872]]]]}},{"type":"Feature","properties":{"n":"工業三路","v":"民雄鄉","w":2.7,"c":1.5,"r":7},"geometry":{"type":"MultiPolygon","coordinates":[[[[120.432482,23.523765],[120.432481,23.523747],[120.430366,23.523787],[120.430308,23.523783],[120.430278,23.523774],[120.430256,23.523751],[120.430243,23.523701],[120.430021,23.522118],[120.42999,23.522121],[120.430223,23.523752],[120.430234,23.523773],[120.430253,23.523786],[120.430282,23.523796],[120.430372,23.523803],[120.432482,23.523765]]]]}},{"type":"Feature","properties":{"n":"工業三路","v":"民雄鄉","w":2.6,"c":1.25,"r":2},"geometry":{"type":"MultiPolygon","coordinates":[[[[120.432481,23.523747],[120.432482,23.523765],[120.433803,23.52374],[120.433875,23.523708],[120.433913,23.52365],[120.433896,23.523641],[120.433863,23.523692],[120.433831,23.523709],[120.433801,23.523721],[120.433751,23.523724],[120.432481,23.523747]]]]}},{"type":"Feature","properties":{"n":"工業三路","v":"民雄鄉","w":2.55,"c":0.4,"r":4},"geometry":{"type":"MultiPolygon","coordinates":[[[[120.432587,23.523836],[120.432572,23.523854],[120.433789,23.523831],[120.43384,23.52382],[120.433888,23.523799],[120.433932,23.52377],[120.433985,23.5237],[120.433968,23.52369],[120.43392,23.523754],[120.433876,23.523783],[120.433832,23.523802],[120.433787,23.523812],[120.433737,23.523815],[120.432587,23.523836]]]]}},{"type":"Feature","properties":{"n":"工業三路","v":"民雄鄉","w":2.6,"c":0.4,"r":8},"geometry":{"type":"MultiPolygon","coordinates":[[[[120.433985,23.5237],[120.435599,23.521377],[120.435624,23.521358],[120.435665,23.521348],[120.435661,23.521332],[120.435612,23.521349],[120.435585,23.521371],[120.433968,23.52369],[120.433985,23.5237]]]]}},{"type":"Feature","properties":{"n":"工業三路","v":"民雄鄉","w":2.45,"c":1.25,"r":3},"geometry":{"type":"MultiPolygon","coordinates":[[[[120.433913,23.52365],[120.435402,23.521482],[120.435408,23.521452],[120.4354,23.521423],[120.435388,23.521408],[120.435377,23.521417],[120.435386,23.521426],[120.435392,23.521453],[120.435388,23.521475],[120.433896,23.523641],[120.433913,23.52365]]]]}},{"type":"Feature","properties":{"n":"中山路","v":"民雄鄉","w":2.85,"c":1.3,"r":3},"geometry":{"type":"MultiPolygon","coordinates":[[[[120.443854,23.521144],[120.443867,23.521127],[120.443689,23.521018],[120.44076,23.520417],[120.440702,23.520418],[120.440489,23.520486],[120.440495,23.520506],[120.440703,23.520438],[120.440754,23.520438],[120.443684,23.521036],[120.443854,23.521144]]]]}},{"type":"Feature","properties":{"n":"建國路三段","v":"民雄鄉","w":4.8,"c":1.2,"r":13},"geometry":{"type":"MultiPolygon","coordinates":[[[[120.440495,23.520506],[120.440489,23.520486],[120.440464,23.520494],[120.440416,23.520526],[120.440376,23.520569],[120.43997,23.522314],[120.440009,23.522318],[120.440399,23.520584],[120.440443,23.520536],[120.440481,23.52051],[120.440495,23.520506]]]]}},{"type":"Feature","properties":{"n":"中山路","v":"民雄鄉","w":3,"c":0,"r":7},"geometry":{"type":"MultiPolygon","coordinates":[[[[120.443809,23.520834],[120.443828,23.520818],[120.443744,23.520777],[120.443412,23.520724],[120.443317,23.520725],[120.442391,23.520571],[120.440743,23.52024],[120.440703,23.52021],[120.44059,23.520088],[120.440567,23.520095],[120.440626,23.520166],[120.440689,23.520228],[120.440728,23.520258],[120.442385,23.520592],[120.443316,23.520747],[120.443404,23.520743],[120.443738,23.5208],[120.443809,23.520834]]]]}},{"type":"Feature","properties":{"n":"中山路","v":"民雄鄉","w":2.85,"c":1.45,"r":1},"geometry":{"type":"MultiPolygon","coordinates":[[[[120.444104,23.52122],[120.444092,23.521235],[120.446657,23.522873],[120.446704,23.522914],[120.446709,23.522944],[120.446734,23.52296],[120.446731,23.522928],[120.446722,23.522901],[120.446667,23.522857],[120.444104,23.52122]]]]}},{"type":"Feature","properties":{"n":"中山路","v":"民雄鄉","w":3.1,"c":1.1,"r":0},"geometry":{"type":"MultiPolygon","coordinates":[[[[120.444373,23.521183],[120.444361,23.521199],[120.446749,23.522721],[120.446792,23.522735],[120.446822,23.522738],[120.446843,23.522734],[120.446837,23.522692],[120.446802,23.522701],[120.44676,23.522702],[120.444373,23.521183]]]]}},{"type":"Feature","properties":{"n":"中正路","v":"民雄鄉","w":3.05,"c":1.95,"r":1},"geometry":{"type":"MultiPolygon","coordinates":[[[[120.448514,23.520559],[120.448511,23.520514],[120.448479,23.520455],[120.448459,23.520496],[120.448475,23.52053],[120.448477,23.520561],[120.447675,23.521629],[120.4477,23.521643],[120.448514,23.520559]]]]}},{"type":"Feature","properties":{"n":"中正路","v":"民雄鄉","w":3.05,"c":1.65,"r":1},"geometry":{"type":"MultiPolygon","coordinates":[[[[120.4477,23.521643],[120.447675,23.521629],[120.446898,23.522664],[120.446872,23.52269],[120.446837,23.522692],[120.446843,23.522734],[120.446866,23.522731],[120.446892,23.522719],[120.44692,23.522682],[120.4477,23.521643]]]]}},{"type":"Feature","properties":{"n":"中正路","v":"民雄鄉","w":3.5,"c":1.5,"r":0},"geometry":{"type":"MultiPolygon","coordinates":[[[[120.448609,23.520384],[120.448654,23.520373],[120.449197,23.519649],[120.449217,23.519604],[120.449217,23.519573],[120.449179,23.519588],[120.449182,23.519599],[120.449173,23.519633],[120.448647,23.520334],[120.448598,23.520347],[120.448548,23.520349],[120.448528,23.520384],[120.448609,23.520384]]]]}},{"type":"Feature","properties":{"n":"中正路","v":"民雄鄉","w":2.8,"c":1.5,"r":1},"geometry":{"type":"MultiPolygon","coordinates":[[[[120.449274,23.51983],[120.447928,23.521637],[120.447951,23.521654],[120.449285,23.519862],[120.449317,23.519853],[120.449357,23.519856],[120.449392,23.519825],[120.449321,23.519817],[120.449274,23.51983]]]]}},{"type":"Feature","properties":{"n":"中正路","v":"民雄鄉","w":2.8,"c":1.6,"r":0},"geometry":{"type":"MultiPolygon","coordinates":[[[[120.447475,23.522216],[120.447478,23.522259],[120.447798,23.521849],[120.447775,23.521833],[120.447493,23.522193],[120.447475,23.522216]]]]}},{"type":"Feature","properties":{"n":"中正路","v":"民雄鄉","w":3,"c":1.8,"r":0},"geometry":{"type":"MultiPolygon","coordinates":[[[[120.447402,23.522357],[120.447354,23.522371],[120.447337,23.522392],[120.447039,23.522803],[120.447032,23.522851],[120.447084,23.522844],[120.447078,23.522809],[120.447092,23.522778],[120.447358,23.522413],[120.447402,23.522357]]]]}},{"type":"Feature","properties":{"n":"中山路","v":"民雄鄉","w":3.35,"c":1.2,"r":7},"geometry":{"type":"MultiPolygon","coordinates":[[[[120.449542,23.524693],[120.446983,23.523056],[120.446916,23.523033],[120.446851,23.523042],[120.446878,23.523057],[120.44691,23.523052],[120.446972,23.523073],[120.449534,23.524711],[120.449545,23.524733],[120.449545,23.524772],[120.449567,23.524781],[120.449565,23.524726],[120.449559,23.524708],[120.449542,23.524693]]]]}},{"type":"Feature","properties":{"n":"中山路","v":"民雄鄉","w":3.2,"c":1.9,"r":0},"geometry":{"type":"MultiPolygon","coordinates":[[[[120.447216,23.52302],[120.447264,23.523016],[120.447291,23.523],[120.447277,23.522981],[120.447228,23.522995],[120.447132,23.522934],[120.447093,23.522897],[120.447084,23.522844],[120.447032,23.522851],[120.447059,23.522917],[120.447117,23.522957],[120.447216,23.52302]]]]}},{"type":"Feature","properties":{"n":"中山路","v":"民雄鄉","w":2.85,"c":1.5,"r":7},"geometry":{"type":"MultiPolygon","coordinates":[[[[120.449698,23.524559],[120.449694,23.524541],[120.449661,23.524546],[120.447443,23.523136],[120.447431,23.523116],[120.447429,23.523086],[120.447397,23.523085],[120.447399,23.523107],[120.447412,23.523144],[120.449643,23.524561],[120.449681,23.524564],[120.449698,23.524559]]]]}},{"type":"Feature","properties":{"n":"新生一路","v":"民雄鄉","w":2.4,"c":0.8,"r":2},"geometry":{"type":"MultiPolygon","coordinates":[[[[120.449694,23.524541],[120.449698,23.524559],[120.449743,23.524544],[120.450474,23.523576],[120.450481,23.52355],[120.450479,23.523506],[120.450465,23.523478],[120.450455,23.523497],[120.450461,23.523511],[120.450461,23.523549],[120.450455,23.523571],[120.449719,23.524535],[120.449694,23.524541]]]]}},{"type":"Feature","properties":{"n":"新生一路","v":"民雄鄉","w":2.4,"c":1.2,"r":2},"geometry":{"type":"MultiPolygon","coordinates":[[[[120.451385,23.522428],[120.451369,23.522421],[120.451285,23.522487],[120.45122,23.522559],[120.451126,23.522673],[120.450586,23.523385],[120.45056,23.523391],[120.450564,23.523409],[120.450609,23.523394],[120.451142,23.522683],[120.451305,23.522491],[120.451385,23.522428]]]]}},{"type":"Feature","properties":{"n":"新生一路","v":"民雄鄉","w":2.4,"c":1.2,"r":1},"geometry":{"type":"MultiPolygon","coordinates":[[[[120.449833,23.524603],[120.449834,23.52458],[120.451272,23.522644],[120.45135,23.522558],[120.451435,23.522492],[120.451425,23.522475],[120.451345,23.522538],[120.451261,23.52263],[120.449817,23.524562],[120.449799,23.524596],[120.449798,23.524622],[120.449833,23.524623],[120.449833,23.524603]]]]}},{"type":"Feature","properties":{"n":"中山路","v":"民雄鄉","w":3,"c":1.25,"r":6},"geometry":{"type":"MultiPolygon","coordinates":[[[[120.454912,23.528101],[120.449783,23.52484],[120.449748,23.524821],[120.449715,23.52481],[120.449684,23.524814],[120.449651,23.524825],[120.449678,23.524839],[120.44971,23.524834],[120.44974,23.524839],[120.449768,23.524854],[120.454898,23.528118],[120.454918,23.528151],[120.454921,23.528191],[120.454944,23.5282],[120.45495,23.528175],[120.454941,23.528142],[120.45493,23.528122],[120.454912,23.528101]]]]}},{"type":"Feature","properties":{"n":"中山路","v":"民雄鄉","w":2.6,"c":1,"r":5},"geometry":{"type":"MultiPolygon","coordinates":[[[[120.457418,23.52958],[120.457471,23.529583],[120.457545,23.52957],[120.45753,23.529561],[120.457471,23.52957],[120.45743,23.529565],[120.455283,23.528163],[120.45526,23.528147],[120.455247,23.528114],[120.455246,23.528087],[120.455226,23.528076],[120.455226,23.528118],[120.455244,23.528155],[120.455301,23.528195],[120.457418,23.52958]]]]}},{"type":"Feature","properties":{"n":"新生街","v":"民雄鄉","w":2.4,"c":1.2,"r":1},"geometry":{"type":"MultiPolygon","coordinates":[[[[120.457413,23.529673],[120.457391,23.529682],[120.457394,23.529725],[120.456756,23.530597],[120.456773,23.530609],[120.457417,23.529735],[120.457419,23.529696],[120.457413,23.529673]]]]}},{"type":"Feature","properties":{"n":"中山路","v":"民雄鄉","w":2.35,"c":0.7,"r":3},"geometry":{"type":"MultiPolygon","coordinates":[[[[120.459078,23.530738],[120.45909,23.530723],[120.45764,23.529781],[120.457584,23.529754],[120.457544,23.529748],[120.457544,23.52977],[120.457575,23.529773],[120.457627,23.529795],[120.459078,23.530738]]]]}},{"type":"Feature","properties":{"n":"新生街","v":"民雄鄉","w":2.55,"c":0.7,"r":0},"geometry":{"type":"MultiPolygon","coordinates":[[[[120.457544,23.529748],[120.457504,23.529761],[120.457473,23.529778],[120.456821,23.530633],[120.45684,23.530643],[120.457491,23.529794],[120.457544,23.52977],[120.457544,23.529748]]]]}},{"type":"Feature","properties":{"n":"中山路","v":"民雄鄉","w":2.4,"c":0.7,"r":3},"geometry":{"type":"MultiPolygon","coordinates":[[[[120.459153,23.530663],[120.457648,23.529684],[120.457632,23.529665],[120.457623,23.529634],[120.457602,23.529643],[120.457617,23.52968],[120.457633,23.529696],[120.459141,23.530677],[120.459153,23.530663]]]]}},{"type":"Feature","properties":{"n":"新生街","v":"民雄鄉","w":2.5,"c":0,"r":2},"geometry":{"type":"MultiPolygon","coordinates":[[[[120.457623,23.529634],[120.45925,23.527432],[120.459231,23.527419],[120.457608,23.529624],[120.457602,23.529643],[120.457623,23.529634]]]]}},{"type":"Feature","properties":{"n":"中山路","v":"民雄鄉","w":2.85,"c":1.4,"r":10},"geometry":{"type":"MultiPolygon","coordinates":[[[[120.45507,23.527981],[120.455065,23.527959],[120.455037,23.52796],[120.455002,23.527945],[120.449891,23.5247],[120.449844,23.524661],[120.449834,23.524645],[120.449833,23.524623],[120.449798,23.524622],[120.449804,23.524649],[120.449878,23.524716],[120.454989,23.527963],[120.455022,23.527981],[120.455048,23.527984],[120.45507,23.527981]]]]}},{"type":"Feature","properties":{"n":"中華路","v":"民雄鄉","w":2.9,"c":1.6,"r":2},"geometry":{"type":"MultiPolygon","coordinates":[[[[120.455065,23.527959],[120.45507,23.527981],[120.45508,23.52798],[120.455107,23.527958],[120.455544,23.527358],[120.455609,23.527222],[120.455857,23.526475],[120.455859,23.526442],[120.455852,23.526408],[120.455834,23.52638],[120.455803,23.526355],[120.455767,23.526338],[120.455762,23.526358],[120.455787,23.52637],[120.455818,23.526425],[120.455831,23.526475],[120.455586,23.527214],[120.455526,23.527346],[120.455087,23.527947],[120.455066,23.527959],[120.455065,23.527959]]]]}},{"type":"Feature","properties":{"n":"中山路","v":"民雄鄉","w":2.65,"c":0.9,"r":5},"geometry":{"type":"MultiPolygon","coordinates":[[[[120.455104,23.528216],[120.45511,23.528231],[120.455153,23.528234],[120.455209,23.528259],[120.45737,23.529639],[120.457391,23.529682],[120.457413,23.529673],[120.4574,23.529644],[120.457381,23.529624],[120.455222,23.528245],[120.455156,23.528218],[120.455113,23.528212],[120.455104,23.528216]]]]}},{"type":"Feature","properties":{"n":"中華路","v":"民雄鄉","w":2.4,"c":0.6,"r":2},"geometry":{"type":"MultiPolygon","coordinates":[[[[120.45511,23.528231],[120.455104,23.528216],[120.455069,23.528229],[120.454312,23.529234],[120.454311,23.529267],[120.454316,23.529287],[120.454329,23.529281],[120.454328,23.529236],[120.455086,23.528239],[120.45511,23.528231]]]]}},{"type":"Feature","properties":{"n":"中華路","v":"民雄鄉","w":3,"c":1.7,"r":3},"geometry":{"type":"MultiPolygon","coordinates":[[[[120.455226,23.528076],[120.455246,23.528087],[120.455752,23.527384],[120.455805,23.527266],[120.456044,23.526524],[120.456154,23.52647],[120.456163,23.52645],[120.456077,23.526452],[120.456046,23.526474],[120.456025,23.526501],[120.455782,23.527259],[120.455734,23.527372],[120.455226,23.528076]]]]}},{"type":"Feature","properties":{"n":"新生街","v":"民雄鄉","w":2.5,"c":0.6,"r":6},"geometry":{"type":"MultiPolygon","coordinates":[[[[120.459359,23.52711],[120.459379,23.527114],[120.459935,23.525392],[120.459907,23.525408],[120.459359,23.52711]]]]}},{"type":"Feature","properties":{"n":"成功一街","v":"民雄鄉","w":2.5,"c":0.45,"r":9},"geometry":{"type":"MultiPolygon","coordinates":[[[[120.4603,23.524143],[120.460323,23.52414],[120.460311,23.524091],[120.460263,23.523985],[120.460224,23.523942],[120.460175,23.523916],[120.457259,23.523092],[120.457254,23.523109],[120.46017,23.523935],[120.460212,23.523956],[120.460258,23.524014],[120.460292,23.524101],[120.460298,23.524132],[120.4603,23.524143]]]]}},{"type":"Feature","properties":{"n":"新生街","v":"民雄鄉","w":2.4,"c":0.9,"r":3},"geometry":{"type":"MultiPolygon","coordinates":[[[[120.460323,23.52414],[120.4603,23.524143],[120.460297,23.52421],[120.459931,23.5253],[120.459953,23.525306],[120.460318,23.52422],[120.460326,23.524154],[120.460323,23.52414]]]]}},{"type":"Feature","properties":{"n":"新生街","v":"民雄鄉","w":2.4,"c":0.7,"r":2},"geometry":{"type":"MultiPolygon","coordinates":[[[[120.460224,23.524154],[120.460202,23.524157],[120.460206,23.524174],[120.460205,23.524228],[120.459883,23.525171],[120.459781,23.525222],[120.459774,23.525241],[120.459811,23.525249],[120.459869,23.52523],[120.459901,23.525183],[120.460226,23.524238],[120.460229,23.524174],[120.460224,23.524154]]]]}},{"type":"Feature","properties":{"n":"成功三街","v":"民雄鄉","w":2.6,"c":1.3,"r":3},"geometry":{"type":"MultiPolygon","coordinates":[[[[120.454467,23.524707],[120.454461,23.524725],[120.456153,23.525204],[120.456158,23.525187],[120.454467,23.524707]]]]}},{"type":"Feature","properties":{"n":"成功二街","v":"民雄鄉","w":2.5,"c":1,"r":7},"geometry":{"type":"MultiPolygon","coordinates":[[[[120.451654,23.522323],[120.451667,23.522337],[120.451682,23.522325],[120.451731,23.522317],[120.451762,23.522319],[120.451786,23.522331],[120.451812,23.522355],[120.452446,23.523167],[120.4525,23.523227],[120.452556,23.523271],[120.452618,23.523311],[120.452713,23.523358],[120.456419,23.524392],[120.456425,23.524373],[120.452858,23.523376],[120.452721,23.523342],[120.452631,23.523297],[120.452574,23.523258],[120.452515,23.523213],[120.452462,23.523154],[120.451825,23.522343],[120.451787,23.52231],[120.451764,23.522301],[120.451711,23.5223],[120.451676,23.522309],[120.451654,23.522323]]]]}},{"type":"Feature","properties":{"n":"成功三街","v":"民雄鄉","w":2.5,"c":1.2,"r":2},"geometry":{"type":"MultiPolygon","coordinates":[[[[120.451667,23.522337],[120.451654,23.522323],[120.451627,23.522352],[120.451616,23.5224],[120.451624,23.522451],[120.452389,23.523377],[120.45299,23.524119],[120.453127,23.524243],[120.453255,23.524334],[120.453446,23.524434],[120.454461,23.524725],[120.454467,23.524707],[120.453457,23.524419],[120.453268,23.524319],[120.453138,23.524227],[120.453009,23.524107],[120.452411,23.523367],[120.451644,23.522441],[120.451637,23.522401],[120.451647,23.522364],[120.451663,23.522339],[120.451667,23.522337]]]]}},{"type":"Feature","properties":{"n":"中正路","v":"民雄鄉","w":3,"c":1.5,"r":2},"geometry":{"type":"MultiPolygon","coordinates":[[[[120.449564,23.519589],[120.449578,23.519581],[120.449555,23.519567],[120.449529,23.51956],[120.449499,23.519558],[120.449449,23.519577],[120.449423,23.519605],[120.449405,23.519639],[120.449411,23.519697],[120.449427,23.51969],[120.449423,23.519672],[120.449424,23.51964],[120.44944,23.519609],[120.449459,23.51959],[120.449503,23.519572],[120.449543,23.519576],[120.449564,23.519589]]]]}},{"type":"Feature","properties":{"n":"成功二街","v":"民雄鄉","w":2.6,"c":1.25,"r":1},"geometry":{"type":"MultiPolygon","coordinates":[[[[120.450241,23.520434],[120.450259,23.520423],[120.449578,23.519581],[120.449564,23.519589],[120.450241,23.520434]]]]}},{"type":"Feature","properties":{"n":"中正路","v":"民雄鄉","w":2.95,"c":1.85,"r":2},"geometry":{"type":"MultiPolygon","coordinates":[[[[120.449403,23.51938],[120.449385,23.51937],[120.449357,23.519408],[120.449337,23.519421],[120.449263,23.519444],[120.449314,23.519457],[120.449336,23.519452],[120.449351,23.519446],[120.449375,23.519418],[120.449403,23.51938]]]]}},{"type":"Feature","properties":{"n":"中正路","v":"民雄鄉","w":2.85,"c":1.4,"r":7},"geometry":{"type":"MultiPolygon","coordinates":[[[[120.452059,23.518666],[120.452065,23.518646],[120.451022,23.518354],[120.450845,23.518332],[120.450662,23.518357],[120.450509,23.518401],[120.450354,23.518481],[120.450259,23.518541],[120.450148,23.518649],[120.449598,23.519366],[120.449585,23.519399],[120.449581,23.519427],[120.449586,23.519469],[120.449614,23.519519],[120.449628,23.519509],[120.449606,23.51946],[120.449604,23.519423],[120.449618,23.519377],[120.450168,23.518665],[120.450266,23.518561],[120.450367,23.518498],[120.450519,23.51842],[120.450668,23.518375],[120.450849,23.51835],[120.451021,23.518375],[120.452059,23.518666]]]]}},{"type":"Feature","properties":{"n":"中正路","v":"民雄鄉","w":2.8,"c":0.4,"r":3},"geometry":{"type":"MultiPolygon","coordinates":[[[[120.461352,23.52124],[120.461346,23.521258],[120.462186,23.521492],[120.462243,23.521599],[120.462261,23.521576],[120.462263,23.52155],[120.462225,23.521494],[120.462194,23.521475],[120.461352,23.52124]]]]}},{"type":"Feature","properties":{"n":"中正路","v":"民雄鄉","w":2.8,"c":1.2,"r":2},"geometry":{"type":"MultiPolygon","coordinates":[[[[120.459128,23.520638],[120.459133,23.520621],[120.458167,23.520351],[120.458163,23.520368],[120.459128,23.520638]]]]}},{"type":"Feature","properties":{"n":"中正路","v":"民雄鄉","w":2.8,"c":1.05,"r":6},"geometry":{"type":"MultiPolygon","coordinates":[[[[120.459256,23.520399],[120.459232,23.520394],[120.459225,23.520452],[120.459252,23.520486],[120.459275,23.520497],[120.461256,23.521062],[120.461317,23.521057],[120.461348,23.521045],[120.461384,23.521003],[120.461369,23.521001],[120.461249,23.521039],[120.459295,23.520485],[120.459256,23.520399]]]]}},{"type":"Feature","properties":{"n":"中正路","v":"民雄鄉","w":2.7,"c":1.1,"r":5},"geometry":{"type":"MultiPolygon","coordinates":[[[[120.458032,23.520144],[120.458026,23.520159],[120.45904,23.520445],[120.459103,23.520433],[120.459133,23.520411],[120.459152,23.52038],[120.459135,23.520376],[120.459044,23.520429],[120.458032,23.520144]]]]}},{"type":"Feature","properties":{"n":"中正路","v":"民雄鄉","w":2.75,"c":1.5,"r":8},"geometry":{"type":"MultiPolygon","coordinates":[[[[120.455073,23.51949],[120.455066,23.519509],[120.457791,23.520273],[120.457797,23.520253],[120.455073,23.51949]]]]}},{"type":"Feature","properties":{"n":"中正路","v":"民雄鄉","w":2.8,"c":1.25,"r":6},"geometry":{"type":"MultiPolygon","coordinates":[[[[120.452065,23.518646],[120.452059,23.518666],[120.455066,23.519509],[120.455073,23.51949],[120.452065,23.518646]]]]}},{"type":"Feature","properties":{"n":"中正路","v":"民雄鄉","w":2.7,"c":0,"r":5},"geometry":{"type":"MultiPolygon","coordinates":[[[[120.454989,23.519313],[120.455048,23.519314],[120.455088,23.519292],[120.455113,23.519241],[120.455091,23.519237],[120.455068,23.519283],[120.454995,23.519298],[120.452257,23.518525],[120.452211,23.518482],[120.452205,23.518461],[120.452207,23.518431],[120.452185,23.518427],[120.452184,23.518465],[120.452195,23.518498],[120.452218,23.51853],[120.452253,23.518542],[120.454989,23.519313]]]]}},{"type":"Feature","properties":{"n":"民新路","v":"民雄鄉","w":3,"c":1.6,"r":6},"geometry":{"type":"MultiPolygon","coordinates":[[[[120.423392,23.550323],[120.423385,23.550297],[120.422384,23.550444],[120.422386,23.55047],[120.423392,23.550323]]]]}},{"type":"Feature","properties":{"n":"民樂街","v":"民雄鄉","w":2.7,"c":1.4,"r":9},"geometry":{"type":"MultiPolygon","coordinates":[[[[120.42618,23.559671],[120.426181,23.559697],[120.427907,23.559186],[120.429476,23.558682],[120.429465,23.558661],[120.426967,23.559457],[120.42618,23.559671]]]]}},{"type":"Feature","properties":{"n":"大學路三段","v":"民雄鄉","w":2.5,"c":1.2,"r":10},"geometry":{"type":"MultiPolygon","coordinates":[[[[120.435859,23.554975],[120.435844,23.554994],[120.436679,23.555448],[120.436856,23.555569],[120.437077,23.555733],[120.437354,23.555992],[120.43769,23.556422],[120.437712,23.556408],[120.437379,23.55598],[120.437093,23.555712],[120.436876,23.555551],[120.436696,23.555428],[120.435859,23.554975]]]]}},{"type":"Feature","properties":{"n":"民新路","v":"民雄鄉","w":3,"c":1.6,"r":11},"geometry":{"type":"MultiPolygon","coordinates":[[[[120.425501,23.550263],[120.425491,23.550245],[120.425461,23.550248],[120.423615,23.550508],[120.423617,23.550535],[120.425466,23.550268],[120.425501,23.550263]]]]}},{"type":"Feature","properties":{"n":"民新路","v":"民雄鄉","w":2.9,"c":1.5,"r":6},"geometry":{"type":"MultiPolygon","coordinates":[[[[120.422054,23.55075],[120.422056,23.550732],[120.421734,23.550793],[120.421507,23.550844],[120.421262,23.550906],[120.420933,23.551003],[120.420422,23.551177],[120.420383,23.5512],[120.42037,23.55122],[120.420394,23.551224],[120.420445,23.55119],[120.420937,23.551024],[120.421254,23.550931],[120.421518,23.550861],[120.421749,23.550809],[120.422054,23.55075]]]]}},{"type":"Feature","properties":{"n":"中華路","v":"民雄鄉","w":3,"c":1.4,"r":2},"geometry":{"type":"MultiPolygon","coordinates":[[[[120.456872,23.523002],[120.456922,23.523009],[120.456971,23.523001],[120.45702,23.522972],[120.457038,23.522936],[120.457368,23.521892],[120.457375,23.521832],[120.457368,23.521809],[120.457347,23.521779],[120.457286,23.521755],[120.457276,23.521781],[120.457343,23.521868],[120.457014,23.52293],[120.45688,23.522985],[120.456872,23.523002]]]]}},{"type":"Feature","properties":{"n":"東榮路","v":"民雄鄉","w":4.95,"c":1.7,"r":3},"geometry":{"type":"MultiPolygon","coordinates":[[[[120.434818,23.557406],[120.43482,23.557369],[120.434046,23.557337],[120.434048,23.557376],[120.434818,23.557406]]]]}},{"type":"Feature","properties":{"n":"大學路一段","v":"民雄鄉","w":7.65,"c":2.7,"r":3},"geometry":{"type":"MultiPolygon","coordinates":[[[[120.468967,23.559141],[120.46902,23.55921],[120.469834,23.558831],[120.469878,23.558786],[120.469887,23.558696],[120.469853,23.558736],[120.468967,23.559141]]]]}},{"type":"Feature","properties":{"n":"西安路","v":"民雄鄉","w":5.05,"c":2.35,"r":4},"geometry":{"type":"MultiPolygon","coordinates":[[[[120.41982,23.55778],[120.419825,23.557827],[120.420941,23.557706],[120.420962,23.557694],[120.420919,23.557666],[120.41982,23.55778]]]]}},{"type":"Feature","properties":{"n":"成功二街","v":"民雄鄉","w":2.6,"c":1.3,"r":1},"geometry":{"type":"MultiPolygon","coordinates":[[[[120.449628,23.519509],[120.449614,23.519519],[120.450224,23.520265],[120.450248,23.52029],[120.450279,23.520309],[120.450324,23.520316],[120.450342,23.520273],[120.450282,23.520265],[120.450232,23.520248],[120.449628,23.519509]]]]}},{"type":"Feature","properties":{"n":"成功街","v":"民雄鄉","w":2.5,"c":0.8,"r":8},"geometry":{"type":"MultiPolygon","coordinates":[[[[120.457683,23.521769],[120.457675,23.521788],[120.459726,23.522358],[120.459835,23.522351],[120.459944,23.522321],[120.459945,23.522309],[120.459836,23.522338],[120.459726,23.522343],[120.457683,23.521769]]]]}},{"type":"Feature","properties":{"n":"新生街","v":"民雄鄉","w":2.5,"c":0.9,"r":2},"geometry":{"type":"MultiPolygon","coordinates":[[[[120.45753,23.529561],[120.457545,23.52957],[120.459122,23.527462],[120.459157,23.527401],[120.459167,23.527366],[120.459159,23.527331],[120.459128,23.527297],[120.459095,23.527274],[120.459089,23.527288],[120.459107,23.527443],[120.45753,23.529561]]]]}},{"type":"Feature","properties":{"n":"大學路一段","v":"民雄鄉","w":8.1,"c":5,"r":4},"geometry":{"type":"MultiPolygon","coordinates":[[[[120.475146,23.557015],[120.475122,23.556946],[120.475076,23.55699],[120.473556,23.557313],[120.473513,23.557304],[120.473481,23.557275],[120.473481,23.55732],[120.473501,23.557357],[120.473528,23.557376],[120.473552,23.557383],[120.473576,23.557381],[120.475127,23.557045],[120.475142,23.557033],[120.475146,23.557015]]]]}},{"type":"Feature","properties":{"n":"大學路一段","v":"民雄鄉","w":7.5,"c":4.65,"r":3},"geometry":{"type":"MultiPolygon","coordinates":[[[[120.475686,23.556896],[120.475683,23.556928],[120.475699,23.556947],[120.476007,23.556896],[120.476033,23.556883],[120.476031,23.556832],[120.475686,23.556896]]]]}},{"type":"Feature","properties":{"n":"三興路","v":"民雄鄉","w":3.5,"c":3.5,"r":0},"geometry":{"type":"MultiPolygon","coordinates":[[[[120.470097,23.554235],[120.47012,23.554256],[120.470522,23.554252],[120.470561,23.554212],[120.470521,23.554214],[120.470497,23.554227],[120.470134,23.55423],[120.470111,23.554218],[120.470106,23.554199],[120.470079,23.5542],[120.470083,23.554223],[120.470097,23.554235]]]]}},{"type":"Feature","properties":{"n":"澤人路","v":"民雄鄉","w":5.8,"c":2.8,"r":9},"geometry":{"type":"MultiPolygon","coordinates":[[[[120.469447,23.566131],[120.469481,23.566111],[120.468967,23.565452],[120.468929,23.565387],[120.468491,23.564065],[120.468436,23.564021],[120.46888,23.56537],[120.468914,23.565448],[120.469007,23.565565],[120.469072,23.565655],[120.469447,23.566131]]]]}},{"type":"Feature","properties":{"n":"新生街","v":"民雄鄉","w":2.5,"c":0.8,"r":5},"geometry":{"type":"MultiPolygon","coordinates":[[[[120.459125,23.527191],[120.459118,23.527209],[120.459174,23.527209],[120.459218,23.527194],[120.459255,23.527146],[120.459825,23.52543],[120.459825,23.525399],[120.459819,23.52537],[120.459789,23.525326],[120.459754,23.525311],[120.459748,23.525326],[120.459803,23.525418],[120.459234,23.527142],[120.459125,23.527191]]]]}},{"type":"Feature","properties":{"n":"成功一街","v":"民雄鄉","w":2.5,"c":0,"r":10},"geometry":{"type":"MultiPolygon","coordinates":[[[[120.460202,23.524157],[120.460224,23.524154],[120.460214,23.524111],[120.460201,23.524076],[120.460167,23.524025],[120.460122,23.523987],[120.46007,23.523965],[120.457236,23.523172],[120.457231,23.523189],[120.460065,23.523984],[120.46011,23.524001],[120.460149,23.524035],[120.46018,23.52408],[120.460195,23.524121],[120.4602,23.524152],[120.460202,23.524157]]]]}},{"type":"Feature","properties":{"n":"成功一街","v":"民雄鄉","w":2.6,"c":0.8,"r":7},"geometry":{"type":"MultiPolygon","coordinates":[[[[120.451897,23.522292],[120.451911,23.522178],[120.452102,23.522042],[120.452332,23.521925],[120.452451,23.5219],[120.45255,23.5219],[120.452656,23.521909],[120.452751,23.521929],[120.453837,23.522238],[120.456856,23.523081],[120.456861,23.523061],[120.453845,23.522219],[120.452755,23.52191],[120.452665,23.521891],[120.452549,23.521881],[120.452445,23.521883],[120.452325,23.52191],[120.452092,23.522027],[120.451887,23.522166],[120.451862,23.522196],[120.451856,23.522258],[120.451876,23.522303],[120.451897,23.522292]]]]}},{"type":"Feature","properties":{"n":"成功一街","v":"民雄鄉","w":2.5,"c":0.8,"r":3},"geometry":{"type":"MultiPolygon","coordinates":[[[[120.451732,23.522094],[120.451711,23.5221],[120.45174,23.52212],[120.451782,23.522125],[120.451817,23.522122],[120.451846,23.522109],[120.4522,23.521879],[120.452359,23.521831],[120.452557,23.521817],[120.452647,23.521821],[120.452729,23.521839],[120.456872,23.523002],[120.45688,23.522985],[120.452734,23.521823],[120.452647,23.521803],[120.452553,23.521796],[120.452354,23.521812],[120.452182,23.521863],[120.451835,23.522089],[120.451732,23.522094]]]]}},{"type":"Feature","properties":{"n":"成功二街","v":"民雄鄉","w":2.8,"c":1.4,"r":2},"geometry":{"type":"MultiPolygon","coordinates":[[[[120.451732,23.522094],[120.45042,23.520477],[120.450428,23.520431],[120.450394,23.520395],[120.450383,23.520449],[120.450389,23.520472],[120.450402,23.520491],[120.451711,23.5221],[120.451732,23.522094]]]]}},{"type":"Feature","properties":{"n":"成功二街","v":"民雄鄉","w":2.5,"c":0.4,"r":10},"geometry":{"type":"MultiPolygon","coordinates":[[[[120.451897,23.522292],[120.451876,23.522303],[120.452525,23.523107],[120.452606,23.523182],[120.452677,23.523234],[120.45277,23.523282],[120.456451,23.524317],[120.456462,23.524295],[120.452772,23.523264],[120.452709,23.523229],[120.452611,23.523162],[120.452533,23.523088],[120.451897,23.522292]]]]}},{"type":"Feature","properties":{"n":"成功二街","v":"民雄鄉","w":2.4,"c":0.3,"r":12},"geometry":{"type":"MultiPolygon","coordinates":[[[[120.456822,23.524393],[120.456817,23.524414],[120.459774,23.525241],[120.459781,23.525222],[120.456822,23.524393]]]]}},{"type":"Feature","properties":{"n":"成功二街","v":"民雄鄉","w":2.5,"c":1,"r":10},"geometry":{"type":"MultiPolygon","coordinates":[[[[120.456788,23.524502],[120.459748,23.525326],[120.459754,23.525311],[120.456796,23.52448],[120.456788,23.524502]]]]}},{"type":"Feature","properties":{"n":"成功街","v":"民雄鄉","w":2.5,"c":1.3,"r":7},"geometry":{"type":"MultiPolygon","coordinates":[[[[120.459611,23.522421],[120.459617,23.522407],[120.457646,23.521857],[120.457641,23.521872],[120.459611,23.522421]]]]}},{"type":"Feature","properties":{"n":"成功街","v":"民雄鄉","w":2.55,"c":0.8,"r":9},"geometry":{"type":"MultiPolygon","coordinates":[[[[120.45063,23.520241],[120.450716,23.520185],[120.450828,23.520125],[120.450973,23.520083],[120.451185,23.520067],[120.457276,23.521781],[120.457286,23.521755],[120.45119,23.52005],[120.450971,23.520063],[120.450818,23.52011],[120.450706,23.52017],[120.450618,23.520225],[120.45063,23.520241]]]]}},{"type":"Feature","properties":{"n":"成功街","v":"民雄鄉","w":2.5,"c":0.6,"r":15},"geometry":{"type":"MultiPolygon","coordinates":[[[[120.457241,23.521668],[120.457248,23.521646],[120.451245,23.519966],[120.451021,23.51996],[120.450917,23.519976],[120.450816,23.520002],[120.450707,23.520052],[120.450529,23.520171],[120.450542,23.520188],[120.450712,23.520073],[120.450818,23.52002],[120.450909,23.519997],[120.451023,23.519981],[120.451243,23.519987],[120.457241,23.521668]]]]}},{"type":"Feature","properties":{"n":"成功四街","v":"民雄鄉","w":2.5,"c":1.4,"r":1},"geometry":{"type":"MultiPolygon","coordinates":[[[[120.456154,23.52647],[120.459089,23.527288],[120.459095,23.527274],[120.456163,23.52645],[120.456154,23.52647]]]]}},{"type":"Feature","properties":{"n":"成功四街","v":"民雄鄉","w":2.5,"c":1.1,"r":2},"geometry":{"type":"MultiPolygon","coordinates":[[[[120.455762,23.526358],[120.455767,23.526338],[120.455671,23.526313],[120.455504,23.526243],[120.454389,23.52554],[120.454332,23.525487],[120.454292,23.525431],[120.454268,23.525379],[120.454261,23.525255],[120.454368,23.524888],[120.454346,23.524883],[120.45424,23.525253],[120.454247,23.525386],[120.454319,23.525501],[120.454373,23.525551],[120.455496,23.52626],[120.455667,23.526332],[120.455762,23.526358]]]]}},{"type":"Feature","properties":{"n":"成功四街","v":"民雄鄉","w":2.4,"c":0.3,"r":3},"geometry":{"type":"MultiPolygon","coordinates":[[[[120.455773,23.52626],[120.455658,23.526221],[120.454431,23.525442],[120.454384,23.525381],[120.454362,23.525293],[120.454362,23.52526],[120.45447,23.524915],[120.454449,23.524907],[120.454343,23.525255],[120.454342,23.525296],[120.454365,23.525388],[120.454417,23.525454],[120.455642,23.526233],[120.455769,23.526276],[120.455773,23.52626]]]]}},{"type":"Feature","properties":{"n":"成功四街","v":"民雄鄉","w":2.6,"c":0.8,"r":2},"geometry":{"type":"MultiPolygon","coordinates":[[[[120.456189,23.526369],[120.456185,23.526385],[120.459118,23.527209],[120.459125,23.527191],[120.456189,23.526369]]]]}},{"type":"Feature","properties":{"n":"中興一街","v":"民雄鄉","w":2.4,"c":0,"r":12},"geometry":{"type":"MultiPolygon","coordinates":[[[[120.452207,23.518431],[120.452548,23.517376],[120.452589,23.517317],[120.452644,23.517277],[120.452711,23.517256],[120.452807,23.517261],[120.453073,23.517324],[120.455313,23.517957],[120.455365,23.517984],[120.455417,23.518042],[120.455456,23.518094],[120.455453,23.518193],[120.455091,23.519237],[120.455113,23.519241],[120.45547,23.518197],[120.455471,23.51809],[120.455435,23.518033],[120.455379,23.517969],[120.455321,23.51794],[120.453078,23.517304],[120.452811,23.517241],[120.452709,23.517236],[120.452639,23.51726],[120.452575,23.517305],[120.452532,23.517367],[120.452185,23.518427],[120.452207,23.518431]]]]}},{"type":"Feature","properties":{"n":"中興一街","v":"民雄鄉","w":2.4,"c":0,"r":6},"geometry":{"type":"MultiPolygon","coordinates":[[[[120.452039,23.51846],[120.452059,23.518457],[120.452096,23.518438],[120.452121,23.518401],[120.452462,23.51733],[120.452529,23.517242],[120.452639,23.51718],[120.452799,23.517163],[120.452932,23.517197],[120.45532,23.517866],[120.455377,23.517889],[120.455435,23.517933],[120.455471,23.517968],[120.455512,23.518035],[120.455528,23.518092],[120.455524,23.518208],[120.455515,23.518245],[120.45518,23.519261],[120.455202,23.519265],[120.455539,23.51825],[120.455552,23.518188],[120.455552,23.518098],[120.455535,23.518031],[120.455491,23.517958],[120.455455,23.517919],[120.455393,23.517875],[120.45533,23.517848],[120.452799,23.517137],[120.452631,23.517156],[120.452505,23.517229],[120.452437,23.517323],[120.452096,23.51839],[120.452072,23.518419],[120.452032,23.518433],[120.452039,23.51846]]]]}},{"type":"Feature","properties":{"n":"中興街","v":"民雄鄉","w":2.3,"c":0.6,"r":9},"geometry":{"type":"MultiPolygon","coordinates":[[[[120.459135,23.520376],[120.459152,23.52038],[120.459432,23.519524],[120.459478,23.519445],[120.459525,23.519395],[120.459579,23.519348],[120.459642,23.519321],[120.459735,23.519307],[120.459828,23.519309],[120.461568,23.519804],[120.461657,23.519862],[120.461717,23.519933],[120.461749,23.519996],[120.461751,23.520067],[120.461745,23.520182],[120.461462,23.521022],[120.461477,23.521026],[120.461761,23.520187],[120.461768,23.520062],[120.461765,23.51999],[120.461729,23.519921],[120.461666,23.519848],[120.461575,23.519789],[120.459831,23.519293],[120.459728,23.51929],[120.459642,23.519302],[120.459566,23.519333],[120.459512,23.519381],[120.459462,23.519436],[120.459414,23.519516],[120.459135,23.520376]]]]}},{"type":"Feature","properties":{"n":"中興街","v":"民雄鄉","w":2.3,"c":0.5,"r":11},"geometry":{"type":"MultiPolygon","coordinates":[[[[120.459255,23.520399],[120.459506,23.5196],[120.459548,23.519499],[120.459596,23.519449],[120.459642,23.519414],[120.459734,23.519388],[120.459795,23.519394],[120.461569,23.519906],[120.461609,23.519939],[120.461645,23.519997],[120.461663,23.520062],[120.461654,23.520138],[120.461369,23.521001],[120.461384,23.521003],[120.461669,23.520145],[120.461681,23.520061],[120.461662,23.519992],[120.461625,23.519934],[120.461575,23.51989],[120.459801,23.519378],[120.459734,23.519374],[120.459642,23.519397],[120.459583,23.519437],[120.459533,23.519491],[120.459486,23.519598],[120.459232,23.520394],[120.459255,23.520399]]]]}},{"type":"Feature","properties":{"n":"成功二街","v":"民雄鄉","w":2.6,"c":1.25,"r":0},"geometry":{"type":"MultiPolygon","coordinates":[[[[120.450259,23.520423],[120.450241,23.520434],[120.451638,23.522156],[120.451643,23.522185],[120.451639,23.52221],[120.45163,23.522233],[120.451615,23.522247],[120.451626,23.522263],[120.45165,23.522236],[120.451657,23.522219],[120.451662,23.5222],[120.451656,23.522149],[120.450259,23.520423]]]]}},{"type":"Feature","properties":{"n":"成功三街","v":"民雄鄉","w":2.5,"c":1,"r":3},"geometry":{"type":"MultiPolygon","coordinates":[[[[120.45447,23.524915],[120.454606,23.524851],[120.456099,23.525269],[120.456104,23.525249],[120.454601,23.524832],[120.454551,23.524825],[120.4545,23.52484],[120.454466,23.524866],[120.454449,23.524907],[120.45447,23.524915]]]]}},{"type":"Feature","properties":{"n":"成功三街","v":"民雄鄉","w":2.5,"c":0.7,"r":8},"geometry":{"type":"MultiPolygon","coordinates":[[[[120.453959,23.524672],[120.453966,23.524652],[120.453464,23.524513],[120.453216,23.524395],[120.453085,23.524299],[120.452985,23.524211],[120.452897,23.524113],[120.452535,23.523676],[120.45159,23.522501],[120.451536,23.522467],[120.451475,23.522461],[120.451425,23.522475],[120.451435,23.522492],[120.451579,23.522517],[120.452885,23.524134],[120.45297,23.524228],[120.453072,23.524316],[120.453201,23.52441],[120.453455,23.524532],[120.453959,23.524672]]]]}},{"type":"Feature","properties":{"n":"中華路","v":"民雄鄉","w":3,"c":0.9,"r":2},"geometry":{"type":"MultiPolygon","coordinates":[[[[120.458163,23.520368],[120.458167,23.520351],[120.458116,23.520347],[120.458065,23.520367],[120.458029,23.520407],[120.457605,23.521671],[120.457605,23.521718],[120.457625,23.521756],[120.457675,23.521788],[120.457683,23.521769],[120.457632,23.521672],[120.458053,23.520409],[120.458115,23.520381],[120.458163,23.520368]]]]}},{"type":"Feature","properties":{"n":"中華路","v":"民雄鄉","w":3,"c":1.7,"r":2},"geometry":{"type":"MultiPolygon","coordinates":[[[[120.45718,23.522969],[120.457202,23.522974],[120.457554,23.521914],[120.457641,23.521872],[120.457646,23.521857],[120.457617,23.521853],[120.457567,23.521869],[120.457528,23.521907],[120.45718,23.522969]]]]}},{"type":"Feature","properties":{"n":"中華路","v":"民雄鄉","w":2.9,"c":1,"r":2},"geometry":{"type":"MultiPolygon","coordinates":[[[[120.456822,23.524393],[120.456766,23.524301],[120.457118,23.523241],[120.457231,23.523189],[120.457236,23.523172],[120.457189,23.52317],[120.457153,23.523179],[120.45712,23.523199],[120.457095,23.523233],[120.456744,23.524297],[120.456735,23.524351],[120.456769,23.524394],[120.456817,23.524414],[120.456822,23.524393]]]]}},{"type":"Feature","properties":{"n":"中華路","v":"民雄鄉","w":3,"c":1.5,"r":2},"geometry":{"type":"MultiPolygon","coordinates":[[[[120.456437,23.525299],[120.456412,23.525293],[120.456104,23.526284],[120.456109,23.526337],[120.456142,23.526368],[120.456185,23.526385],[120.456189,23.526369],[120.456133,23.526276],[120.456437,23.525299]]]]}},{"type":"Feature","properties":{"n":"中正路","v":"民雄鄉","w":2.8,"c":1.4,"r":6},"geometry":{"type":"MultiPolygon","coordinates":[[[[120.459133,23.520621],[120.459128,23.520638],[120.461346,23.521258],[120.461352,23.52124],[120.459133,23.520621]]]]}},{"type":"Feature","properties":{"n":"中華路","v":"民雄鄉","w":3,"c":1.55,"r":4},"geometry":{"type":"MultiPolygon","coordinates":[[[[120.457437,23.521602],[120.457456,23.521607],[120.457858,23.520374],[120.457858,23.520328],[120.457844,23.520296],[120.457826,23.520275],[120.457797,23.520253],[120.457791,23.520273],[120.457838,23.520368],[120.457437,23.521602]]]]}},{"type":"Feature","properties":{"n":"中華路","v":"民雄鄉","w":3,"c":1.4,"r":3},"geometry":{"type":"MultiPolygon","coordinates":[[[[120.456462,23.524295],[120.456451,23.524317],[120.45649,23.524322],[120.456517,23.524316],[120.456547,23.524302],[120.456583,23.524265],[120.456945,23.52318],[120.45694,23.523134],[120.456909,23.523091],[120.456861,23.523061],[120.456856,23.523081],[120.456921,23.523177],[120.456563,23.524252],[120.456525,23.524284],[120.456487,23.524296],[120.456462,23.524295]]]]}},{"type":"Feature","properties":{"n":"中華路","v":"民雄鄉","w":3.1,"c":2,"r":3},"geometry":{"type":"MultiPolygon","coordinates":[[[[120.456158,23.525187],[120.456153,23.525204],[120.456208,23.525209],[120.456244,23.525194],[120.456273,23.525177],[120.456293,23.525138],[120.4565,23.524499],[120.456509,23.524461],[120.456494,23.524425],[120.456466,23.524391],[120.456425,23.524373],[120.456419,23.524392],[120.456482,23.524499],[120.456271,23.525133],[120.456158,23.525187]]]]}},{"type":"Feature","properties":{"n":"中華路","v":"民雄鄉","w":3,"c":2,"r":2},"geometry":{"type":"MultiPolygon","coordinates":[[[[120.456204,23.525391],[120.45618,23.525406],[120.455928,23.526208],[120.455773,23.52626],[120.455769,23.526276],[120.455838,23.526288],[120.455879,23.526279],[120.455909,23.526266],[120.455944,23.526223],[120.456203,23.525398],[120.456204,23.525391]]]]}},{"type":"Feature","properties":{"n":"中華路","v":"民雄鄉","w":2.3,"c":0.7,"r":2},"geometry":{"type":"MultiPolygon","coordinates":[[[[120.454853,23.528341],[120.454837,23.528331],[120.454221,23.529166],[120.454176,23.529184],[120.454175,23.529196],[120.454197,23.529193],[120.454229,23.529179],[120.454853,23.528341]]]]}},{"type":"Feature","properties":{"n":"中正路","v":"民雄鄉","w":3,"c":0,"r":5},"geometry":{"type":"MultiPolygon","coordinates":[[[[120.449404,23.519343],[120.449422,23.519353],[120.449973,23.518557],[120.450074,23.518469],[120.450318,23.518321],[120.450511,23.518238],[120.450624,23.518204],[120.450885,23.518186],[120.451084,23.518207],[120.451977,23.518462],[120.452039,23.51846],[120.452032,23.518433],[120.451977,23.518438],[120.451089,23.518188],[120.450887,23.518166],[120.450624,23.518184],[120.450514,23.518214],[120.450318,23.518295],[120.450061,23.51845],[120.44996,23.518538],[120.449404,23.519343]]]]}},{"type":"Feature","properties":{"n":"中正路","v":"民雄鄉","w":2.7,"c":1.5,"r":5},"geometry":{"type":"MultiPolygon","coordinates":[[[[120.458026,23.520159],[120.458032,23.520144],[120.455252,23.519359],[120.455218,23.519325],[120.455206,23.519296],[120.455202,23.519265],[120.45518,23.519261],[120.455179,23.519299],[120.45519,23.519332],[120.455213,23.519364],[120.455248,23.519377],[120.458026,23.520159]]]]}},{"type":"Feature","properties":{"n":"中正路","v":"民雄鄉","w":2.8,"c":1.5,"r":3},"geometry":{"type":"MultiPolygon","coordinates":[[[[120.461477,23.521026],[120.461462,23.521022],[120.461453,23.521044],[120.461457,23.521074],[120.461483,23.521108],[120.461507,23.521119],[120.46225,23.521335],[120.462317,23.521321],[120.462354,23.521299],[120.462383,23.521278],[120.462391,23.521244],[120.462242,23.521313],[120.46151,23.521102],[120.461477,23.521026]]]]}},{"type":"Feature","properties":{"n":"建國路一段","v":"民雄鄉","w":2.85,"c":0.8,"r":7},"geometry":{"type":"MultiPolygon","coordinates":[[[[120.434086,23.558683],[120.434061,23.558688],[120.434354,23.560078],[120.434378,23.560074],[120.434086,23.558683]]]]}},{"type":"Feature","properties":{"n":"神農路","v":"民雄鄉","w":6.4,"c":3.8,"r":2},"geometry":{"type":"MultiPolygon","coordinates":[[[[120.471606,23.557433],[120.471606,23.557304],[120.471582,23.557303],[120.471586,23.557178],[120.471607,23.557179],[120.471608,23.557106],[120.471588,23.557107],[120.471586,23.556974],[120.471609,23.556974],[120.471609,23.556903],[120.471584,23.556904],[120.471584,23.556827],[120.471611,23.556828],[120.471611,23.556776],[120.471517,23.556774],[120.471517,23.5573],[120.471554,23.557304],[120.471553,23.557446],[120.471582,23.557449],[120.471606,23.557433]]]]}},{"type":"Feature","properties":{"n":"神農路","v":"民雄鄉","w":6.55,"c":4,"r":2},"geometry":{"type":"MultiPolygon","coordinates":[[[[120.471783,23.556671],[120.471842,23.556679],[120.47185,23.556173],[120.471804,23.556174],[120.471788,23.556193],[120.471786,23.55631],[120.47181,23.556309],[120.471808,23.556444],[120.471784,23.556444],[120.471785,23.556507],[120.471806,23.556508],[120.471808,23.55662],[120.471784,23.556618],[120.471783,23.556671]]]]}},{"type":"Feature","properties":{"n":"嘉81線","v":"民雄鄉","w":3.5,"c":2.3,"r":1},"geometry":{"type":"MultiPolygon","coordinates":[[[[120.420076,23.526472],[120.420072,23.526474],[120.42015,23.526506],[120.42047,23.526753],[120.420486,23.526736],[120.420212,23.526504],[120.420129,23.526465],[120.420076,23.526472]]]]}},{"type":"Feature","properties":{"n":"大學路二段","v":"民雄鄉","w":3,"c":2.5,"r":9},"geometry":{"type":"MultiPolygon","coordinates":[[[[120.463646,23.56219],[120.463936,23.562066],[120.464906,23.561519],[120.464922,23.561484],[120.463906,23.562046],[120.46364,23.562162],[120.463219,23.562309],[120.463251,23.562328],[120.463646,23.56219]]]]}},{"type":"Feature","properties":{"n":"大學路二段","v":"民雄鄉","w":3,"c":2.2,"r":3},"geometry":{"type":"MultiPolygon","coordinates":[[[[120.465803,23.560995],[120.465846,23.561007],[120.467298,23.560196],[120.467317,23.560162],[120.467322,23.560117],[120.467305,23.560081],[120.46728,23.560069],[120.46727,23.560105],[120.467232,23.560136],[120.467258,23.560184],[120.465803,23.560995]]]]}},{"type":"Feature","properties":{"n":"大學路一段","v":"民雄鄉","w":2.75,"c":2.15,"r":2},"geometry":{"type":"MultiPolygon","coordinates":[[[[120.470065,23.558642],[120.470091,23.558664],[120.470153,23.558676],[120.470397,23.558555],[120.470872,23.558363],[120.471552,23.558109],[120.4716,23.558077],[120.4716,23.558045],[120.470868,23.55832],[120.470387,23.558515],[120.470155,23.558627],[120.470143,23.558599],[120.470062,23.55861],[120.470065,23.558642]]]]}},{"type":"Feature","properties":{"n":"大學路一段","v":"民雄鄉","w":6.5,"c":2.35,"r":2},"geometry":{"type":"MultiPolygon","coordinates":[[[[120.47184,23.557997],[120.472104,23.5579],[120.472139,23.557833],[120.472337,23.557769],[120.472408,23.557789],[120.473303,23.557453],[120.473286,23.557367],[120.473275,23.557401],[120.473255,23.557415],[120.47326,23.557435],[120.4724,23.557748],[120.472329,23.557727],[120.472103,23.557798],[120.47208,23.557862],[120.471773,23.557963],[120.471799,23.557989],[120.47184,23.557997]]]]}},{"type":"Feature","properties":{"n":"大學路二段","v":"民雄鄉","w":2.8,"c":2.3,"r":3},"geometry":{"type":"MultiPolygon","coordinates":[[[[120.467477,23.560074],[120.467507,23.560077],[120.468872,23.559308],[120.468881,23.559281],[120.468871,23.559253],[120.468848,23.55922],[120.468812,23.55924],[120.468847,23.559293],[120.467511,23.56004],[120.467488,23.559997],[120.467434,23.560029],[120.467477,23.560074]]]]}},{"type":"Feature","properties":{"n":"公園路","v":"民雄鄉","w":4.3,"c":2,"r":1},"geometry":{"type":"MultiPolygon","coordinates":[[[[120.470881,23.55596],[120.470859,23.555992],[120.47088,23.556006],[120.470989,23.556007],[120.470989,23.555989],[120.471068,23.555991],[120.471067,23.556007],[120.471244,23.556008],[120.471244,23.555991],[120.471336,23.555991],[120.471336,23.556009],[120.471561,23.556009],[120.471562,23.555967],[120.470887,23.555963],[120.470881,23.55596]]]]}},{"type":"Feature","properties":{"n":"興農路","v":"民雄鄉","w":1.9,"c":0.6,"r":2},"geometry":{"type":"MultiPolygon","coordinates":[[[[120.475798,23.555347],[120.476019,23.556834],[120.476031,23.556832],[120.475818,23.555357],[120.475798,23.555347]]]]}},{"type":"Feature","properties":{"n":"南華路二段","v":"民雄鄉","w":5.8,"c":1.3,"r":0},"geometry":{"type":"MultiPolygon","coordinates":[[[[120.471307,23.56905],[120.471317,23.569098],[120.471358,23.569088],[120.473827,23.5691],[120.474035,23.569112],[120.4776,23.570083],[120.477772,23.570165],[120.47798,23.570348],[120.477962,23.570263],[120.477795,23.570126],[120.477623,23.570046],[120.474045,23.569066],[120.4738,23.569048],[120.471357,23.569042],[120.471307,23.56905]]]]}},{"type":"Feature","properties":{"n":"澤人路","v":"民雄鄉","w":5.8,"c":2.7,"r":6},"geometry":{"type":"MultiPolygon","coordinates":[[[[120.468684,23.563937],[120.468668,23.563988],[120.469087,23.565339],[120.469527,23.565896],[120.469563,23.565929],[120.469606,23.565927],[120.469597,23.565899],[120.46958,23.565901],[120.469557,23.565877],[120.46913,23.565318],[120.468684,23.563937]]]]}},{"type":"Feature","properties":{"n":"無名路","v":"民雄鄉","w":2.6,"c":2.6,"r":1},"geometry":{"type":"MultiPolygon","coordinates":[[[[120.470108,23.567871],[120.470602,23.567564],[120.470589,23.567545],[120.470096,23.567854],[120.470108,23.567871]]]]}},{"type":"Feature","properties":{"n":"無名路","v":"民雄鄉","w":1.2,"c":1.2,"r":1},"geometry":{"type":"MultiPolygon","coordinates":[[[[120.470013,23.567815],[120.470005,23.567805],[120.469279,23.568267],[120.469289,23.56828],[120.470013,23.567815]]]]}},{"type":"Feature","properties":{"n":"無名路","v":"民雄鄉","w":1.2,"c":1.2,"r":1},"geometry":{"type":"MultiPolygon","coordinates":[[[[120.470038,23.567919],[120.470028,23.567901],[120.469331,23.568338],[120.469344,23.568353],[120.470038,23.567919]]]]}},{"type":"Feature","properties":{"n":"大學路二段","v":"民雄鄉","w":3.75,"c":2.15,"r":7},"geometry":{"type":"MultiPolygon","coordinates":[[[[120.467565,23.560303],[120.467588,23.560332],[120.468794,23.559645],[120.469096,23.559483],[120.469069,23.559454],[120.468799,23.5596],[120.467565,23.560303]]]]}},{"type":"Feature","properties":{"n":"大學路二段","v":"民雄鄉","w":3,"c":2.3,"r":4},"geometry":{"type":"MultiPolygon","coordinates":[[[[120.465159,23.561693],[120.4651,23.561685],[120.463962,23.562293],[120.463979,23.562321],[120.465089,23.561728],[120.465159,23.561693]]]]}},{"type":"Feature","properties":{"n":"安和路","v":"民雄鄉","w":7.7,"c":1.7,"r":2},"geometry":{"type":"MultiPolygon","coordinates":[[[[120.425751,23.554911],[120.425522,23.554751],[120.42552,23.55472],[120.425472,23.554699],[120.425424,23.554698],[120.42515,23.554518],[120.425141,23.554547],[120.425148,23.554563],[120.42585,23.555031],[120.425867,23.555037],[120.425878,23.555036],[120.425898,23.555016],[120.42592,23.554968],[120.425852,23.554946],[120.425751,23.554911]]]]}},{"type":"Feature","properties":{"n":"和平路","v":"民雄鄉","w":6,"c":1.5,"r":1},"geometry":{"type":"MultiPolygon","coordinates":[[[[120.431814,23.556434],[120.431849,23.556427],[120.431719,23.556082],[120.43167,23.556099],[120.431814,23.556434]]]]}},{"type":"Feature","properties":{"n":"工業一路","v":"民雄鄉","w":2.4,"c":1.75,"r":9},"geometry":{"type":"MultiPolygon","coordinates":[[[[120.436494,23.519742],[120.433207,23.519269],[120.433205,23.519299],[120.43648,23.519769],[120.436515,23.519798],[120.436529,23.519776],[120.436494,23.519742]]]]}},{"type":"Feature","properties":{"n":"工業二路","v":"民雄鄉","w":1.7,"c":0.6,"r":0},"geometry":{"type":"MultiPolygon","coordinates":[[[[120.429807,23.522097],[120.429844,23.522104],[120.429885,23.522139],[120.429913,23.522137],[120.429895,23.522119],[120.429845,23.522086],[120.429805,23.522083],[120.427831,23.522349],[120.427834,23.522363],[120.429807,23.522097]]]]}},{"type":"Feature","properties":{"n":"民族路","v":"民雄鄉","w":3.05,"c":1.95,"r":4},"geometry":{"type":"MultiPolygon","coordinates":[[[[120.429929,23.555277],[120.429921,23.555247],[120.42894,23.555443],[120.428954,23.555483],[120.429929,23.555277]]]]}},{"type":"Feature","properties":{"n":"文化路","v":"民雄鄉","w":4.2,"c":1.5,"r":2},"geometry":{"type":"MultiPolygon","coordinates":[[[[120.42998,23.555196],[120.429898,23.554894],[120.429837,23.554576],[120.429847,23.554504],[120.429795,23.554506],[120.429794,23.554574],[120.429862,23.554899],[120.429949,23.555205],[120.429921,23.555247],[120.429929,23.555277],[120.429968,23.555257],[120.429983,23.555233],[120.42998,23.555196]]]]}},{"type":"Feature","properties":{"n":"祥和二路西段","v":"朴子市","w":5.8,"c":3.8,"r":2},"geometry":{"type":"MultiPolygon","coordinates":[[[[120.29055,23.457833],[120.290596,23.457833],[120.290579,23.457791],[120.290531,23.457781],[120.289529,23.457936],[120.289482,23.457951],[120.289465,23.457979],[120.289466,23.458008],[120.289508,23.458004],[120.289551,23.45798],[120.290517,23.457822],[120.29055,23.457833]]]]}},{"type":"Feature","properties":{"n":"太子大道","v":"朴子市","w":5.4,"c":3.4,"r":2},"geometry":{"type":"MultiPolygon","coordinates":[[[[120.294329,23.468791],[120.294376,23.468789],[120.294368,23.468464],[120.294201,23.467592],[120.294121,23.467209],[120.293992,23.46684],[120.294067,23.466831],[120.294048,23.466715],[120.294009,23.466722],[120.293939,23.46682],[120.294076,23.467218],[120.294287,23.468262],[120.294323,23.468464],[120.294329,23.468791]]]]}},{"type":"Feature","properties":{"n":"八德路","v":"朴子市","w":10.8,"c":2,"r":4},"geometry":{"type":"MultiPolygon","coordinates":[[[[120.236623,23.462612],[120.236633,23.462627],[120.239625,23.463012],[120.239627,23.462988],[120.239511,23.462894],[120.236682,23.462534],[120.236652,23.462538],[120.236632,23.462551],[120.236623,23.46258],[120.236623,23.462612]]]]}},{"type":"Feature","properties":{"n":"故宮大道","v":"朴子市","w":8,"c":3,"r":1},"geometry":{"type":"MultiPolygon","coordinates":[[[[120.285562,23.469569],[120.285552,23.469511],[120.284089,23.469759],[120.284126,23.469798],[120.284206,23.469818],[120.285562,23.469569]]]]}},{"type":"Feature","properties":{"n":"仁和二路","v":"朴子市","w":1.6,"c":0,"r":0},"geometry":{"type":"MultiPolygon","coordinates":[[[[120.280627,23.468786],[120.280624,23.468767],[120.279112,23.46901],[120.279125,23.469037],[120.280627,23.468786]]]]}},{"type":"Feature","properties":{"n":"仁和二路","v":"朴子市","w":1.6,"c":0,"r":0},"geometry":{"type":"MultiPolygon","coordinates":[[[[120.280624,23.468767],[120.280627,23.468786],[120.281289,23.468675],[120.281285,23.46866],[120.280624,23.468767]]]]}},{"type":"Feature","properties":{"n":"仁和二路","v":"朴子市","w":1.6,"c":0,"r":2},"geometry":{"type":"MultiPolygon","coordinates":[[[[120.280699,23.468589],[120.280656,23.46856],[120.280658,23.46858],[120.280665,23.468597],[120.280682,23.468608],[120.281137,23.468536],[120.281166,23.468507],[120.281166,23.468498],[120.28115,23.468498],[120.281131,23.468521],[120.280699,23.468589]]]]}},{"type":"Feature","properties":{"n":"小康榔一路","v":"朴子市","w":8,"c":3,"r":1},"geometry":{"type":"MultiPolygon","coordinates":[[[[120.283168,23.464383],[120.28324,23.464374],[120.282832,23.462024],[120.282785,23.46207],[120.282775,23.462113],[120.282871,23.462657],[120.283168,23.464383]]]]}},{"type":"Feature","properties":{"n":"小康榔一路","v":"朴子市","w":8,"c":3,"r":1},"geometry":{"type":"MultiPolygon","coordinates":[[[[120.283894,23.468184],[120.283823,23.468195],[120.284089,23.469759],[120.284168,23.469746],[120.283894,23.468184]]]]}},{"type":"Feature","properties":{"n":"仁和一路","v":"朴子市","w":1.6,"c":0.4,"r":1},"geometry":{"type":"MultiPolygon","coordinates":[[[[120.280548,23.464829],[120.280545,23.464813],[120.2784,23.465147],[120.278375,23.465142],[120.278362,23.465134],[120.278345,23.465133],[120.278366,23.465153],[120.278402,23.46516],[120.280548,23.464829]]]]}},{"type":"Feature","properties":{"n":"嘉朴路西段","v":"朴子市","w":4.2,"c":2.7,"r":0},"geometry":{"type":"MultiPolygon","coordinates":[[[[120.277918,23.462507],[120.277948,23.462539],[120.277995,23.462537],[120.280088,23.462224],[120.282216,23.461872],[120.282209,23.461838],[120.280058,23.462175],[120.277918,23.462507]]]]}},{"type":"Feature","properties":{"n":"朴子七路","v":"朴子市","w":2.7,"c":1.5,"r":2},"geometry":{"type":"MultiPolygon","coordinates":[[[[120.285477,23.460453],[120.285446,23.460483],[120.2855,23.460813],[120.285544,23.460842],[120.285477,23.460453]]]]}},{"type":"Feature","properties":{"n":"嘉朴路西段","v":"朴子市","w":6.8,"c":3,"r":1},"geometry":{"type":"MultiPolygon","coordinates":[[[[120.28558,23.461676],[120.285568,23.461614],[120.284981,23.461706],[120.284504,23.461811],[120.284462,23.461849],[120.284994,23.461739],[120.285239,23.461702],[120.285273,23.461731],[120.28558,23.461676]]]]}},{"type":"Feature","properties":{"n":"嘉朴路西段","v":"朴子市","w":4,"c":2.5,"r":1},"geometry":{"type":"MultiPolygon","coordinates":[[[[120.284271,23.461526],[120.284278,23.461566],[120.285394,23.4614],[120.285393,23.461354],[120.284271,23.461526]]]]}},{"type":"Feature","properties":{"n":"嘉朴路西段","v":"朴子市","w":7.5,"c":3.5,"r":2},"geometry":{"type":"MultiPolygon","coordinates":[[[[120.286709,23.461483],[120.286688,23.461437],[120.286449,23.461483],[120.286426,23.461501],[120.286398,23.461512],[120.285865,23.461598],[120.285832,23.461585],[120.285818,23.461572],[120.285568,23.461614],[120.28558,23.461676],[120.285798,23.461637],[120.285821,23.461635],[120.285838,23.461643],[120.286431,23.461544],[120.286675,23.461498],[120.286709,23.461483]]]]}},{"type":"Feature","properties":{"n":"祥和一路西段","v":"朴子市","w":6,"c":3.2,"r":2},"geometry":{"type":"MultiPolygon","coordinates":[[[[120.289775,23.459905],[120.289764,23.459851],[120.288943,23.459983],[120.288922,23.459999],[120.288914,23.460043],[120.288978,23.460048],[120.288989,23.460032],[120.289775,23.459905]]]]}},{"type":"Feature","properties":{"n":"祥和二路西段","v":"朴子市","w":2.7,"c":0,"r":2},"geometry":{"type":"MultiPolygon","coordinates":[[[[120.285096,23.458459],[120.285118,23.45848],[120.285939,23.45837],[120.285976,23.45836],[120.286015,23.45833],[120.285978,23.458314],[120.285964,23.458334],[120.285941,23.458343],[120.285096,23.458459]]]]}},{"type":"Feature","properties":{"n":"朴子五路","v":"朴子市","w":2.7,"c":1.8,"r":2},"geometry":{"type":"MultiPolygon","coordinates":[[[[120.287183,23.457604],[120.287157,23.457608],[120.287255,23.458115],[120.287281,23.458111],[120.287183,23.457604]]]]}},{"type":"Feature","properties":{"n":"朴子五路","v":"朴子市","w":1.7,"c":1.7,"r":2},"geometry":{"type":"MultiPolygon","coordinates":[[[[120.286939,23.456474],[120.286964,23.456471],[120.286828,23.455767],[120.286804,23.455771],[120.286939,23.456474]]]]}},{"type":"Feature","properties":{"n":"朴子七路","v":"朴子市","w":5,"c":4.2,"r":1},"geometry":{"type":"MultiPolygon","coordinates":[[[[120.284786,23.45799],[120.284735,23.458],[120.284767,23.458166],[120.284819,23.45816],[120.284786,23.45799]]]]}},{"type":"Feature","properties":{"n":"故宮大道","v":"朴子市","w":5,"c":0,"r":1},"geometry":{"type":"MultiPolygon","coordinates":[[[[120.284006,23.470254],[120.283995,23.470217],[120.282512,23.470468],[120.28252,23.470487],[120.283784,23.470293],[120.284006,23.470254]]]]}},{"type":"Feature","properties":{"n":"健康路","v":"朴子市","w":3.7,"c":2.6,"r":0},"geometry":{"type":"MultiPolygon","coordinates":[[[[120.29128,23.46716],[120.293497,23.466828],[120.293492,23.466795],[120.290437,23.467255],[120.290409,23.467274],[120.290407,23.467304],[120.290426,23.467304],[120.290435,23.467278],[120.291276,23.467143],[120.29128,23.46716]]]]}},{"type":"Feature","properties":{"n":"健康路","v":"朴子市","w":3.6,"c":2.5,"r":1},"geometry":{"type":"MultiPolygon","coordinates":[[[[120.290415,23.467066],[120.290394,23.467087],[120.290438,23.467107],[120.293475,23.466645],[120.29354,23.466545],[120.293539,23.466515],[120.293402,23.466557],[120.293423,23.466617],[120.290415,23.467068],[120.290415,23.467066]]]]}},{"type":"Feature","properties":{"n":"太子大道","v":"朴子市","w":12,"c":3.5,"r":2},"geometry":{"type":"MultiPolygon","coordinates":[[[[120.292699,23.462983],[120.292836,23.462969],[120.292819,23.462888],[120.29281,23.462812],[120.292671,23.462436],[120.292396,23.461047],[120.292382,23.46062],[120.292365,23.46059],[120.292324,23.460559],[120.292259,23.460535],[120.292133,23.460556],[120.292143,23.460723],[120.292214,23.460763],[120.292258,23.460765],[120.292699,23.462983]]]]}},{"type":"Feature","properties":{"n":"太子大道","v":"朴子市","w":12,"c":3.5,"r":1},"geometry":{"type":"MultiPolygon","coordinates":[[[[120.293231,23.46503],[120.293109,23.465044],[120.293402,23.466557],[120.293537,23.466515],[120.293375,23.466144],[120.293265,23.465578],[120.293275,23.465212],[120.293232,23.465033],[120.293231,23.46503]]]]}},{"type":"Feature","properties":{"n":"祥和二路西段","v":"朴子市","w":8,"c":3.2,"r":2},"geometry":{"type":"MultiPolygon","coordinates":[[[[120.289378,23.457694],[120.289391,23.457773],[120.290594,23.457582],[120.290583,23.457507],[120.289378,23.457694]]]]}},{"type":"Feature","properties":{"n":"祥和二路西段","v":"朴子市","w":8,"c":3.4,"r":2},"geometry":{"type":"MultiPolygon","coordinates":[[[[120.289391,23.457773],[120.289378,23.457694],[120.288555,23.457822],[120.288562,23.457904],[120.289391,23.457773]]]]}},{"type":"Feature","properties":{"n":"祥和三路西段","v":"朴子市","w":6,"c":2.2,"r":2},"geometry":{"type":"MultiPolygon","coordinates":[[[[120.289838,23.455277],[120.289851,23.45534],[120.290574,23.455225],[120.290557,23.455163],[120.289838,23.455277]]]]}},{"type":"Feature","properties":{"n":"祥和三路西段","v":"朴子市","w":2.7,"c":1.5,"r":2},"geometry":{"type":"MultiPolygon","coordinates":[[[[120.289845,23.455046],[120.289851,23.455072],[120.289866,23.455094],[120.290374,23.455021],[120.290401,23.455005],[120.290408,23.454976],[120.290404,23.454958],[120.290367,23.45496],[120.290368,23.45499],[120.289912,23.455062],[120.289845,23.455046]]]]}},{"type":"Feature","properties":{"n":"八德路","v":"朴子市","w":10.8,"c":2,"r":0},"geometry":{"type":"MultiPolygon","coordinates":[[[[120.239789,23.463028],[120.241195,23.463215],[120.241186,23.463101],[120.23976,23.462936],[120.239789,23.463028]]]]}},{"type":"Feature","properties":{"n":"八德路","v":"朴子市","w":10.8,"c":2,"r":0},"geometry":{"type":"MultiPolygon","coordinates":[[[[120.241422,23.463239],[120.242975,23.463439],[120.242987,23.463416],[120.242987,23.463384],[120.242979,23.463349],[120.242958,23.463336],[120.241419,23.463138],[120.241385,23.463141],[120.24137,23.463191],[120.24137,23.463227],[120.241422,23.463239]]]]}},{"type":"Feature","properties":{"n":"新生街","v":"朴子市","w":4.2,"c":1.5,"r":0},"geometry":{"type":"MultiPolygon","coordinates":[[[[120.239183,23.45948],[120.239266,23.45952],[120.239262,23.459463],[120.238713,23.459444],[120.238074,23.45943],[120.238074,23.459455],[120.238716,23.45947],[120.239183,23.45948]]]]}},{"type":"Feature","properties":{"n":"台19線","v":"朴子市","w":7.5,"c":2,"r":2},"geometry":{"type":"MultiPolygon","coordinates":[[[[120.243916,23.455215],[120.243953,23.455219],[120.244013,23.454766],[120.244032,23.454767],[120.244164,23.453669],[120.244103,23.453661],[120.243975,23.454758],[120.243916,23.455215]]]]}},{"type":"Feature","properties":{"n":"光復新路","v":"朴子市","w":2,"c":2,"r":0},"geometry":{"type":"MultiPolygon","coordinates":[[[[120.243881,23.455682],[120.244155,23.455919],[120.244168,23.45591],[120.243892,23.455663],[120.243867,23.455658],[120.243843,23.455666],[120.243881,23.455682]]]]}},{"type":"Feature","properties":{"n":"南通路三段","v":"朴子市","w":2,"c":2,"r":3},"geometry":{"type":"MultiPolygon","coordinates":[[[[120.243743,23.455926],[120.243766,23.455926],[120.243776,23.455818],[120.243821,23.455717],[120.24386,23.455673],[120.243843,23.455666],[120.243798,23.455712],[120.243754,23.455816],[120.243743,23.455926]]]]}},{"type":"Feature","properties":{"n":"三安路","v":"朴子市","w":3,"c":1.8,"r":0},"geometry":{"type":"MultiPolygon","coordinates":[[[[120.246337,23.460766],[120.246351,23.4608],[120.246385,23.460828],[120.246422,23.460832],[120.246473,23.460827],[120.246491,23.460818],[120.246516,23.460787],[120.246496,23.460779],[120.246447,23.460798],[120.246404,23.460793],[120.246366,23.460758],[120.246337,23.460766]]]]}},{"type":"Feature","properties":{"n":"光復新路","v":"朴子市","w":2.5,"c":2.5,"r":0},"geometry":{"type":"MultiPolygon","coordinates":[[[[120.246241,23.460846],[120.246222,23.460819],[120.246172,23.460851],[120.246139,23.460883],[120.246115,23.460915],[120.246082,23.460989],[120.24611,23.460991],[120.246144,23.460929],[120.246176,23.460889],[120.246241,23.460846]]]]}},{"type":"Feature","properties":{"n":"大同路","v":"朴子市","w":2.5,"c":2.5,"r":0},"geometry":{"type":"MultiPolygon","coordinates":[[[[120.246119,23.46121],[120.246192,23.461281],[120.246241,23.461303],[120.246312,23.461328],[120.246407,23.461348],[120.246405,23.461336],[120.246378,23.461309],[120.246351,23.461309],[120.246313,23.4613],[120.246261,23.46128],[120.24621,23.461254],[120.246152,23.461199],[120.246138,23.461159],[120.246099,23.461136],[120.24605,23.461136],[120.246051,23.461154],[120.246072,23.461159],[120.246099,23.461177],[120.246119,23.46121]]]]}},{"type":"Feature","properties":{"n":"光復新路","v":"朴子市","w":2.7,"c":1.9,"r":0},"geometry":{"type":"MultiPolygon","coordinates":[[[[120.246514,23.461317],[120.246534,23.461316],[120.246542,23.461298],[120.246573,23.461261],[120.246648,23.461154],[120.246684,23.461131],[120.246641,23.461127],[120.246628,23.461129],[120.246569,23.461223],[120.246541,23.461242],[120.246499,23.461279],[120.246514,23.461317]]]]}},{"type":"Feature","properties":{"n":"大同東路","v":"朴子市","w":2.5,"c":2.2,"r":0},"geometry":{"type":"MultiPolygon","coordinates":[[[[120.246698,23.461029],[120.246701,23.461002],[120.246637,23.460959],[120.246613,23.460916],[120.246606,23.460894],[120.246599,23.460895],[120.246585,23.460909],[120.246591,23.460935],[120.246656,23.461014],[120.246684,23.461032],[120.246698,23.461029]]]]}},{"type":"Feature","properties":{"n":"文明南路","v":"朴子市","w":4.4,"c":1.7,"r":0},"geometry":{"type":"MultiPolygon","coordinates":[[[[120.248106,23.459009],[120.248333,23.459279],[120.248385,23.459285],[120.248356,23.459226],[120.248146,23.458979],[120.248105,23.458938],[120.248106,23.459009]]]]}},{"type":"Feature","properties":{"n":"文明南路","v":"朴子市","w":4.2,"c":2.8,"r":1},"geometry":{"type":"MultiPolygon","coordinates":[[[[120.248872,23.459348],[120.248926,23.459331],[120.248909,23.459298],[120.248873,23.459281],[120.248815,23.45927],[120.24874,23.459297],[120.248354,23.459224],[120.248385,23.459285],[120.248773,23.459354],[120.248856,23.459322],[120.248872,23.459348]]]]}},{"type":"Feature","properties":{"n":"三安路","v":"朴子市","w":5.5,"c":0,"r":0},"geometry":{"type":"MultiPolygon","coordinates":[[[[120.248485,23.458922],[120.24851,23.458891],[120.248309,23.458733],[120.248237,23.458748],[120.248232,23.458768],[120.248196,23.458806],[120.24821,23.458848],[120.248318,23.458947],[120.248351,23.458926],[120.248268,23.458851],[120.248269,23.458798],[120.248306,23.458784],[120.248324,23.458787],[120.248485,23.458922]]]]}},{"type":"Feature","properties":{"n":"光復新路","v":"朴子市","w":3,"c":1.9,"r":0},"geometry":{"type":"MultiPolygon","coordinates":[[[[120.247077,23.46388],[120.247092,23.463862],[120.246957,23.463666],[120.24692,23.463664],[120.247077,23.46388]]]]}},{"type":"Feature","properties":{"n":"光復新路","v":"朴子市","w":3.5,"c":1.5,"r":0},"geometry":{"type":"MultiPolygon","coordinates":[[[[120.247198,23.463844],[120.247222,23.463835],[120.247053,23.463596],[120.247027,23.463611],[120.247198,23.463844]]]]}},{"type":"Feature","properties":{"n":"山通路","v":"朴子市","w":3,"c":2.2,"r":3},"geometry":{"type":"MultiPolygon","coordinates":[[[[120.247125,23.466791],[120.247143,23.466766],[120.246153,23.466233],[120.246137,23.466261],[120.247104,23.466779],[120.247125,23.466791]]]]}},{"type":"Feature","properties":{"n":"山通路","v":"朴子市","w":3,"c":1.5,"r":1},"geometry":{"type":"MultiPolygon","coordinates":[[[[120.248067,23.467127],[120.24806,23.467146],[120.248527,23.467109],[120.248533,23.46709],[120.248067,23.467127]]]]}},{"type":"Feature","properties":{"n":"光復路","v":"朴子市","w":7,"c":2.1,"r":3},"geometry":{"type":"MultiPolygon","coordinates":[[[[120.246325,23.465918],[120.246276,23.465901],[120.246201,23.466044],[120.246216,23.466052],[120.246165,23.466152],[120.246148,23.466146],[120.246111,23.466217],[120.246118,23.466247],[120.246137,23.466261],[120.24615,23.466239],[120.246325,23.465918]]]]}},{"type":"Feature","properties":{"n":"光復路","v":"朴子市","w":2.4,"c":0,"r":0},"geometry":{"type":"MultiPolygon","coordinates":[[[[120.245787,23.46695],[120.246047,23.466418],[120.246092,23.466423],[120.246104,23.466405],[120.246032,23.466387],[120.245762,23.466939],[120.245787,23.46695]]]]}},{"type":"Feature","properties":{"n":"山通路","v":"朴子市","w":6.8,"c":1.5,"r":3},"geometry":{"type":"MultiPolygon","coordinates":[[[[120.25131,23.466844],[120.251322,23.466887],[120.251538,23.466854],[120.251912,23.466829],[120.252226,23.466786],[120.252222,23.466744],[120.251908,23.466788],[120.251535,23.466809],[120.25131,23.466844]]]]}},{"type":"Feature","properties":{"n":"山通路","v":"朴子市","w":7.5,"c":2.5,"r":0},"geometry":{"type":"MultiPolygon","coordinates":[[[[120.250419,23.467047],[120.250406,23.466984],[120.249557,23.467115],[120.249569,23.467177],[120.250419,23.467047]]]]}},{"type":"Feature","properties":{"n":"四維路一段","v":"朴子市","w":4.4,"c":1.5,"r":3},"geometry":{"type":"MultiPolygon","coordinates":[[[[120.251641,23.466586],[120.251753,23.466563],[120.251769,23.46655],[120.251775,23.466535],[120.251764,23.466508],[120.25115,23.465773],[120.251111,23.465733],[120.251046,23.465735],[120.251049,23.465761],[120.251086,23.46576],[120.251726,23.466505],[120.251732,23.466526],[120.251725,23.466548],[120.251718,23.46655],[120.251705,23.466537],[120.251669,23.466566],[120.251641,23.466563],[120.251641,23.466586]]]]}},{"type":"Feature","properties":{"n":"四維路一段","v":"朴子市","w":7,"c":4,"r":2},"geometry":{"type":"MultiPolygon","coordinates":[[[[120.252033,23.466362],[120.252069,23.466383],[120.252156,23.466408],[120.252315,23.466419],[120.252322,23.466384],[120.252223,23.466367],[120.252119,23.46634],[120.252057,23.466317],[120.251965,23.466265],[120.251897,23.466211],[120.251901,23.466264],[120.252033,23.466362]]]]}},{"type":"Feature","properties":{"n":"公園二街","v":"朴子市","w":2.6,"c":2,"r":2},"geometry":{"type":"MultiPolygon","coordinates":[[[[120.25124,23.465513],[120.251713,23.465472],[120.251713,23.465454],[120.251192,23.465495],[120.251204,23.465508],[120.251224,23.465514],[120.25124,23.465513]]]]}},{"type":"Feature","properties":{"n":"四維路一段","v":"朴子市","w":4.5,"c":1.5,"r":2},"geometry":{"type":"MultiPolygon","coordinates":[[[[120.251192,23.465495],[120.251228,23.465492],[120.250904,23.465099],[120.250889,23.465043],[120.250721,23.464842],[120.250721,23.464846],[120.250689,23.464863],[120.250689,23.464885],[120.250722,23.464931],[120.251192,23.465495]]]]}},{"type":"Feature","properties":{"n":"四維路一段","v":"朴子市","w":4.5,"c":1.5,"r":4},"geometry":{"type":"MultiPolygon","coordinates":[[[[120.250815,23.465532],[120.250865,23.465528],[120.250898,23.465507],[120.250877,23.465464],[120.250455,23.464953],[120.250435,23.464945],[120.250419,23.464946],[120.250408,23.464956],[120.250828,23.465466],[120.250815,23.465532]]]]}},{"type":"Feature","properties":{"n":"朴子溪大橋","v":"朴子市","w":2,"c":2,"r":0},"geometry":{"type":"MultiPolygon","coordinates":[[[[120.244499,23.473619],[120.244481,23.473621],[120.245011,23.475674],[120.245025,23.475668],[120.244499,23.473619]]]]}},{"type":"Feature","properties":{"n":"朴子溪大橋","v":"朴子市","w":2,"c":2,"r":0},"geometry":{"type":"MultiPolygon","coordinates":[[[[120.244262,23.473651],[120.244242,23.473654],[120.244346,23.474012],[120.244789,23.47575],[120.244804,23.475744],[120.244366,23.474011],[120.244262,23.473651]]]]}},{"type":"Feature","properties":{"n":"四維路一段","v":"朴子市","w":5,"c":3.5,"r":3},"geometry":{"type":"MultiPolygon","coordinates":[[[[120.247238,23.45807],[120.245612,23.458162],[120.245634,23.458189],[120.245663,23.458195],[120.247236,23.458106],[120.247654,23.458145],[120.247976,23.458237],[120.248264,23.458352],[120.248373,23.458418],[120.248555,23.458369],[120.248539,23.458338],[120.248377,23.458394],[120.248295,23.458334],[120.247999,23.458211],[120.247692,23.458112],[120.247238,23.45807]]]]}},{"type":"Feature","properties":{"n":"四維路一段","v":"朴子市","w":6,"c":2,"r":2},"geometry":{"type":"MultiPolygon","coordinates":[[[[120.248588,23.458493],[120.248569,23.458494],[120.24856,23.458529],[120.249043,23.45905],[120.249664,23.459991],[120.249691,23.459967],[120.249084,23.459033],[120.248588,23.458493]]]]}},{"type":"Feature","properties":{"n":"山通路","v":"朴子市","w":11.3,"c":6.8,"r":0},"geometry":{"type":"MultiPolygon","coordinates":[[[[120.252226,23.466786],[120.253893,23.466534],[120.253965,23.466558],[120.254011,23.466517],[120.253928,23.46648],[120.253874,23.466474],[120.252222,23.466744],[120.252226,23.466786]]]]}},{"type":"Feature","properties":{"n":"中正路","v":"朴子市","w":9.2,"c":4,"r":0},"geometry":{"type":"MultiPolygon","coordinates":[[[[120.248365,23.468495],[120.249689,23.468267],[120.249688,23.468202],[120.248369,23.468446],[120.248365,23.468495]]]]}},{"type":"Feature","properties":{"n":"中正路","v":"朴子市","w":7.6,"c":1.3,"r":0},"geometry":{"type":"MultiPolygon","coordinates":[[[[120.249774,23.468263],[120.251187,23.468023],[120.251179,23.467978],[120.249737,23.468221],[120.249774,23.468263]]]]}},{"type":"Feature","properties":{"n":"文明路","v":"朴子市","w":2.4,"c":1.2,"r":0},"geometry":{"type":"MultiPolygon","coordinates":[[[[120.248177,23.468459],[120.248541,23.46727],[120.248509,23.467264],[120.248154,23.468448],[120.248177,23.468459]]]]}},{"type":"Feature","properties":{"n":"文明路","v":"朴子市","w":2.7,"c":1.8,"r":0},"geometry":{"type":"MultiPolygon","coordinates":[[[[120.248306,23.468411],[120.248299,23.468435],[120.2483,23.468457],[120.248332,23.468483],[120.248365,23.468495],[120.248369,23.468446],[120.248337,23.468414],[120.248689,23.467253],[120.248661,23.467257],[120.248306,23.468411]]]]}},{"type":"Feature","properties":{"n":"文明路","v":"朴子市","w":2.7,"c":1.7,"r":0},"geometry":{"type":"MultiPolygon","coordinates":[[[[120.248765,23.467057],[120.249118,23.46585],[120.249092,23.465845],[120.248736,23.467061],[120.248765,23.467057]]]]}},{"type":"Feature","properties":{"n":"文明路","v":"朴子市","w":3.3,"c":1.7,"r":0},"geometry":{"type":"MultiPolygon","coordinates":[[[[120.249184,23.465622],[120.249215,23.465627],[120.249398,23.464953],[120.249362,23.464951],[120.249184,23.465622]]]]}},{"type":"Feature","properties":{"n":"文明路","v":"朴子市","w":3.5,"c":3.5,"r":0},"geometry":{"type":"MultiPolygon","coordinates":[[[[120.248954,23.465619],[120.248973,23.465626],[120.249034,23.46562],[120.249245,23.464922],[120.249213,23.464922],[120.24901,23.465573],[120.248961,23.465589],[120.248954,23.465619]]]]}},{"type":"Feature","properties":{"n":"祥和三路西段","v":"朴子市","w":2.9,"c":0,"r":2},"geometry":{"type":"MultiPolygon","coordinates":[[[[120.285675,23.455695],[120.285693,23.455736],[120.286603,23.455592],[120.286645,23.455543],[120.285675,23.455695]]]]}},{"type":"Feature","properties":{"n":"祥和三路西段","v":"朴子市","w":3.2,"c":0.8,"r":2},"geometry":{"type":"MultiPolygon","coordinates":[[[[120.289719,23.455086],[120.287979,23.455364],[120.287994,23.455381],[120.288029,23.455388],[120.289725,23.455118],[120.289752,23.455102],[120.289759,23.455072],[120.289755,23.455055],[120.289718,23.455056],[120.289719,23.455086]]]]}},{"type":"Feature","properties":{"n":"祥和三路西段","v":"朴子市","w":2.9,"c":0,"r":2},"geometry":{"type":"MultiPolygon","coordinates":[[[[120.285739,23.455894],[120.285724,23.455929],[120.286655,23.455787],[120.28662,23.455761],[120.285739,23.455894]]]]}},{"type":"Feature","properties":{"n":"祥和二路西段","v":"朴子市","w":2.5,"c":1.2,"r":2},"geometry":{"type":"MultiPolygon","coordinates":[[[[120.287278,23.458345],[120.288385,23.458172],[120.288364,23.458143],[120.28833,23.458145],[120.287295,23.458316],[120.287277,23.458328],[120.287278,23.458345]]]]}},{"type":"Feature","properties":{"n":"祥和二路西段","v":"朴子市","w":2.7,"c":1.3,"r":2},"geometry":{"type":"MultiPolygon","coordinates":[[[[120.286177,23.458514],[120.287128,23.45836],[120.287095,23.458343],[120.286195,23.458482],[120.286177,23.458514]]]]}},{"type":"Feature","properties":{"n":"祥和二路西段","v":"朴子市","w":3,"c":0.9,"r":2},"geometry":{"type":"MultiPolygon","coordinates":[[[[120.285142,23.458696],[120.285153,23.458679],[120.285168,23.458667],[120.286014,23.458546],[120.286038,23.458549],[120.286059,23.458564],[120.286089,23.458539],[120.286044,23.458513],[120.286001,23.458516],[120.285142,23.458649],[120.285129,23.458666],[120.285119,23.458699],[120.285142,23.458696]]]]}},{"type":"Feature","properties":{"n":"祥和二路西段","v":"朴子市","w":2.2,"c":0,"r":2},"geometry":{"type":"MultiPolygon","coordinates":[[[[120.286128,23.458304],[120.286138,23.458328],[120.287059,23.458168],[120.28709,23.458137],[120.286128,23.458304]]]]}},{"type":"Feature","properties":{"n":"祥和二路西段","v":"朴子市","w":2.7,"c":1.7,"r":2},"geometry":{"type":"MultiPolygon","coordinates":[[[[120.287255,23.458115],[120.287262,23.458134],[120.287282,23.458137],[120.288281,23.457992],[120.288273,23.457969],[120.287281,23.458111],[120.287255,23.458115]]]]}},{"type":"Feature","properties":{"n":"祥和二路西段","v":"朴子市","w":5.8,"c":3.8,"r":2},"geometry":{"type":"MultiPolygon","coordinates":[[[[120.289343,23.458038],[120.289397,23.458028],[120.289387,23.457996],[120.289366,23.457978],[120.28932,23.457973],[120.288568,23.458111],[120.288563,23.458131],[120.288566,23.458159],[120.289316,23.458031],[120.289343,23.458038]]]]}},{"type":"Feature","properties":{"n":"朴子三路","v":"朴子市","w":3.2,"c":1.7,"r":2},"geometry":{"type":"MultiPolygon","coordinates":[[[[120.288273,23.457969],[120.288281,23.457992],[120.288314,23.457977],[120.28833,23.45796],[120.288328,23.457936],[120.287888,23.455627],[120.287841,23.455628],[120.288289,23.457936],[120.288286,23.457956],[120.288273,23.457969]]]]}},{"type":"Feature","properties":{"n":"祥和三路西段","v":"朴子市","w":1.8,"c":1.8,"r":2},"geometry":{"type":"MultiPolygon","coordinates":[[[[120.287841,23.455628],[120.287888,23.455627],[120.287881,23.455596],[120.287849,23.455572],[120.28687,23.455719],[120.286828,23.455733],[120.286803,23.455763],[120.286804,23.455771],[120.286828,23.455767],[120.286881,23.455745],[120.287823,23.455605],[120.287841,23.455628]]]]}},{"type":"Feature","properties":{"n":"太子大道","v":"朴子市","w":5.5,"c":3.5,"r":2},"geometry":{"type":"MultiPolygon","coordinates":[[[[120.293874,23.468879],[120.29399,23.468859],[120.293857,23.468484],[120.293619,23.467311],[120.293607,23.466929],[120.293584,23.466842],[120.293492,23.466795],[120.293548,23.467193],[120.293793,23.468493],[120.293874,23.468879]]]]}},{"type":"Feature","properties":{"n":"祥和一路西段","v":"朴子市","w":6,"c":3.2,"r":2},"geometry":{"type":"MultiPolygon","coordinates":[[[[120.289764,23.459851],[120.289775,23.459905],[120.290964,23.459713],[120.290955,23.459673],[120.290949,23.459666],[120.290915,23.459665],[120.289764,23.459851]]]]}},{"type":"Feature","properties":{"n":"朴子七路","v":"朴子市","w":2.8,"c":1.6,"r":2},"geometry":{"type":"MultiPolygon","coordinates":[[[[120.285201,23.459145],[120.285238,23.459165],[120.285142,23.458696],[120.285117,23.458699],[120.285201,23.459145]]]]}},{"type":"Feature","properties":{"n":"朴子七路","v":"朴子市","w":2.8,"c":0,"r":2},"geometry":{"type":"MultiPolygon","coordinates":[[[[120.285229,23.459267],[120.285405,23.460299],[120.285449,23.460323],[120.285257,23.459251],[120.285229,23.459267]]]]}},{"type":"Feature","properties":{"n":"朴子七路","v":"朴子市","w":3.1,"c":1.6,"r":2},"geometry":{"type":"MultiPolygon","coordinates":[[[[120.285569,23.460937],[120.285538,23.460967],[120.285583,23.461273],[120.285617,23.461301],[120.285624,23.461267],[120.285569,23.460937]]]]}},{"type":"Feature","properties":{"n":"嘉朴路西段","v":"朴子市","w":6.9,"c":2.6,"r":2},"geometry":{"type":"MultiPolygon","coordinates":[[[[120.285704,23.461355],[120.287009,23.461137],[120.287018,23.46109],[120.285677,23.461295],[120.285624,23.461267],[120.285617,23.461301],[120.285679,23.461345],[120.285704,23.461355]]]]}},{"type":"Feature","properties":{"n":"嘉朴路西段","v":"朴子市","w":6.9,"c":2.6,"r":3},"geometry":{"type":"MultiPolygon","coordinates":[[[[120.287166,23.461076],[120.287195,23.461113],[120.28866,23.460872],[120.288788,23.460841],[120.288831,23.460809],[120.288848,23.460783],[120.288865,23.460722],[120.288811,23.460727],[120.288769,23.460787],[120.288691,23.460798],[120.288695,23.460826],[120.288654,23.460834],[120.287166,23.461076]]]]}},{"type":"Feature","properties":{"n":"嘉朴路西段","v":"朴子市","w":4,"c":2.5,"r":3},"geometry":{"type":"MultiPolygon","coordinates":[[[[120.289029,23.460649],[120.289057,23.46071],[120.289085,23.460744],[120.289136,23.460769],[120.289178,23.460778],[120.289233,23.460779],[120.292498,23.460257],[120.292488,23.460219],[120.289224,23.460742],[120.289092,23.460662],[120.289094,23.460642],[120.289029,23.460649]]]]}},{"type":"Feature","properties":{"n":"嘉朴路西段","v":"朴子市","w":8,"c":6.5,"r":1},"geometry":{"type":"MultiPolygon","coordinates":[[[[120.289263,23.461015],[120.289247,23.461023],[120.289244,23.461033],[120.289249,23.461063],[120.292136,23.46061],[120.292133,23.460556],[120.289263,23.461015]]]]}},{"type":"Feature","properties":{"n":"嘉朴路西段","v":"朴子市","w":4.2,"c":2.7,"r":2},"geometry":{"type":"MultiPolygon","coordinates":[[[[120.277998,23.46277],[120.277965,23.462777],[120.277946,23.462795],[120.277936,23.462808],[120.277937,23.462844],[120.277954,23.462841],[120.278001,23.462806],[120.282384,23.462147],[120.282363,23.462127],[120.282335,23.462112],[120.282288,23.462108],[120.277998,23.46277]]]]}},{"type":"Feature","properties":{"n":"小槺榔五路","v":"朴子市","w":1.6,"c":0.4,"r":0},"geometry":{"type":"MultiPolygon","coordinates":[[[[120.277937,23.462844],[120.278345,23.465133],[120.278362,23.465134],[120.277954,23.462841],[120.277937,23.462844]]]]}},{"type":"Feature","properties":{"n":"仁和一路","v":"朴子市","w":1.6,"c":0.4,"r":0},"geometry":{"type":"MultiPolygon","coordinates":[[[[120.280545,23.464813],[120.280548,23.464829],[120.282693,23.464496],[120.28269,23.464476],[120.28146,23.464666],[120.281461,23.464672],[120.280545,23.464813]]]]}},{"type":"Feature","properties":{"n":"朴子五路","v":"朴子市","w":2.8,"c":1.5,"r":1},"geometry":{"type":"MultiPolygon","coordinates":[[[[120.287278,23.458345],[120.287386,23.458905],[120.287425,23.458899],[120.287311,23.458339],[120.287278,23.458345]]]]}},{"type":"Feature","properties":{"n":"朴子五路","v":"朴子市","w":2.9,"c":1.7,"r":1},"geometry":{"type":"MultiPolygon","coordinates":[[[[120.287265,23.458981],[120.287231,23.458949],[120.287315,23.459446],[120.287341,23.45944],[120.287265,23.458981]]]]}},{"type":"Feature","properties":{"n":"四維新路","v":"朴子市","w":2,"c":1.5,"r":0},"geometry":{"type":"MultiPolygon","coordinates":[[[[120.230074,23.459728],[120.236641,23.460028],[120.236625,23.460006],[120.236603,23.46],[120.230098,23.459707],[120.230077,23.459717],[120.230074,23.459728]]]]}},{"type":"Feature","properties":{"n":"四維新路","v":"朴子市","w":2,"c":1.5,"r":0},"geometry":{"type":"MultiPolygon","coordinates":[[[[120.229976,23.459552],[120.229983,23.459568],[120.229997,23.459576],[120.236622,23.459876],[120.236643,23.459869],[120.236653,23.459853],[120.229976,23.459552]]]]}},{"type":"Feature","properties":{"n":"大同路","v":"朴子市","w":3.6,"c":2.8,"r":3},"geometry":{"type":"MultiPolygon","coordinates":[[[[120.23864,23.461453],[120.239375,23.461406],[120.239399,23.461321],[120.239399,23.461309],[120.239358,23.461308],[120.239321,23.461367],[120.23864,23.461404],[120.23864,23.461453]]]]}},{"type":"Feature","properties":{"n":"小康榔一路","v":"朴子市","w":8,"c":3,"r":1},"geometry":{"type":"MultiPolygon","coordinates":[[[[120.283452,23.468363],[120.283438,23.468349],[120.283401,23.46833],[120.283355,23.468327],[120.283357,23.468342],[120.283386,23.46837],[120.283615,23.469806],[120.283686,23.469803],[120.283452,23.468363]]]]}},{"type":"Feature","properties":{"n":"故宮大道","v":"朴子市","w":8,"c":0,"r":2},"geometry":{"type":"MultiPolygon","coordinates":[[[[120.279112,23.46901],[120.279075,23.469023],[120.279047,23.46904],[120.279032,23.469073],[120.2791,23.469469],[120.281314,23.470294],[120.281398,23.470316],[120.281429,23.470329],[120.281627,23.47032],[120.281833,23.470293],[120.28361,23.469914],[120.283645,23.469893],[120.283689,23.469836],[120.283686,23.469803],[120.283615,23.469806],[120.283575,23.469865],[120.28139,23.470254],[120.281317,23.470277],[120.27912,23.469454],[120.279055,23.469072],[120.279125,23.469037],[120.279112,23.46901]]]]}},{"type":"Feature","properties":{"n":"仁和二路","v":"朴子市","w":1.6,"c":0,"r":0},"geometry":{"type":"MultiPolygon","coordinates":[[[[120.281285,23.46866],[120.281289,23.468675],[120.283357,23.468342],[120.283355,23.468327],[120.281285,23.46866]]]]}},{"type":"Feature","properties":{"n":"仁和一路","v":"朴子市","w":1.6,"c":0.4,"r":1},"geometry":{"type":"MultiPolygon","coordinates":[[[[120.280714,23.464941],[120.280682,23.464966],[120.280675,23.465015],[120.280688,23.465015],[120.280718,23.464957],[120.282717,23.464646],[120.282715,23.464631],[120.280714,23.464941]]]]}},{"type":"Feature","properties":{"n":"仁和二路","v":"朴子市","w":1.6,"c":0,"r":2},"geometry":{"type":"MultiPolygon","coordinates":[[[[120.283326,23.468191],[120.283324,23.46817],[120.283315,23.468176],[120.281392,23.468481],[120.281337,23.46846],[120.281322,23.468461],[120.28132,23.468472],[120.281337,23.468486],[120.28136,23.468495],[120.281384,23.468496],[120.283326,23.468191]]]]}},{"type":"Feature","properties":{"n":"小康榔二路","v":"朴子市","w":1.6,"c":0.4,"r":1},"geometry":{"type":"MultiPolygon","coordinates":[[[[120.281322,23.468461],[120.281337,23.46846],[120.281048,23.466922],[120.281088,23.466917],[120.280871,23.465721],[120.280825,23.465725],[120.280688,23.465015],[120.280675,23.465015],[120.281322,23.468461]]]]}},{"type":"Feature","properties":{"n":"小康榔一路","v":"朴子市","w":8,"c":3,"r":1},"geometry":{"type":"MultiPolygon","coordinates":[[[[120.283326,23.468191],[120.283359,23.468186],[120.283385,23.468171],[120.283407,23.468147],[120.283409,23.468125],[120.282826,23.464675],[120.282799,23.464638],[120.28278,23.464627],[120.282715,23.464631],[120.282717,23.464646],[120.282763,23.464692],[120.283346,23.46813],[120.283342,23.468156],[120.283324,23.46817],[120.283326,23.468191]]]]}},{"type":"Feature","properties":{"n":"小康榔二路","v":"朴子市","w":1.6,"c":0.4,"r":2},"geometry":{"type":"MultiPolygon","coordinates":[[[[120.280519,23.465021],[120.280505,23.465023],[120.28115,23.468498],[120.281166,23.468498],[120.280519,23.465021]]]]}},{"type":"Feature","properties":{"n":"小槺榔五路","v":"朴子市","w":3.5,"c":2,"r":0},"geometry":{"type":"MultiPolygon","coordinates":[[[[120.27841,23.465336],[120.278382,23.465342],[120.278665,23.466973],[120.278994,23.468815],[120.279032,23.46881],[120.278689,23.466819],[120.27866,23.466822],[120.27841,23.465336]]]]}},{"type":"Feature","properties":{"n":"仁和一路","v":"朴子市","w":1.6,"c":0.4,"r":2},"geometry":{"type":"MultiPolygon","coordinates":[[[[120.27841,23.465336],[120.278414,23.465314],[120.278437,23.465307],[120.280451,23.464999],[120.280499,23.465011],[120.280505,23.465023],[120.280519,23.465021],[120.280505,23.464994],[120.280497,23.464987],[120.280469,23.464982],[120.278434,23.465292],[120.278393,23.465309],[120.278381,23.465321],[120.278382,23.46534],[120.27841,23.465336]]]]}},{"type":"Feature","properties":{"n":"仁和二路","v":"朴子市","w":3.5,"c":2,"r":1},"geometry":{"type":"MultiPolygon","coordinates":[[[[120.280544,23.46863],[120.280561,23.468625],[120.280565,23.468617],[120.280557,23.468571],[120.280537,23.468613],[120.279927,23.46871],[120.279917,23.468671],[120.278994,23.468815],[120.279006,23.468859],[120.279024,23.468872],[120.279918,23.468729],[120.280544,23.46863]]]]}},{"type":"Feature","properties":{"n":"嘉朴路西段","v":"朴子市","w":9.5,"c":1.5,"r":5},"geometry":{"type":"MultiPolygon","coordinates":[[[[120.286976,23.46139],[120.28693,23.461438],[120.288479,23.461191],[120.288885,23.461131],[120.288932,23.461111],[120.288891,23.461087],[120.288864,23.461079],[120.288799,23.461086],[120.288455,23.46115],[120.286976,23.46139]]]]}},{"type":"Feature","properties":{"n":"博文街","v":"朴子市","w":3.6,"c":3.1,"r":0},"geometry":{"type":"MultiPolygon","coordinates":[[[[120.239292,23.459493],[120.23929,23.459478],[120.239262,23.459463],[120.239358,23.461308],[120.239399,23.461309],[120.239292,23.459493]]]]}},{"type":"Feature","properties":{"n":"故宮大道","v":"朴子市","w":5,"c":3.5,"r":1},"geometry":{"type":"MultiPolygon","coordinates":[[[[120.283995,23.470217],[120.284006,23.470254],[120.284699,23.470131],[120.285658,23.469953],[120.285651,23.469934],[120.285639,23.469924],[120.285609,23.46991],[120.284683,23.47009],[120.283995,23.470217]]]]}},{"type":"Feature","properties":{"n":"小康榔一路","v":"朴子市","w":8,"c":3,"r":2},"geometry":{"type":"MultiPolygon","coordinates":[[[[120.283823,23.468195],[120.283894,23.468184],[120.283257,23.464551],[120.2832,23.464557],[120.283664,23.467265],[120.283823,23.468195]]]]}},{"type":"Feature","properties":{"n":"祥和一路西段","v":"朴子市","w":6.6,"c":3.2,"r":2},"geometry":{"type":"MultiPolygon","coordinates":[[[[120.289759,23.459629],[120.289782,23.459664],[120.28982,23.459676],[120.290826,23.459523],[120.290817,23.459472],[120.28981,23.459621],[120.289759,23.459629]]]]}},{"type":"Feature","properties":{"n":"祥和一路西段","v":"朴子市","w":6.2,"c":2.8,"r":2},"geometry":{"type":"MultiPolygon","coordinates":[[[[120.288925,23.459824],[120.289652,23.459711],[120.289688,23.459687],[120.28969,23.459634],[120.289637,23.459639],[120.289603,23.459667],[120.28887,23.459779],[120.28888,23.459802],[120.288897,23.459815],[120.288925,23.459824]]]]}},{"type":"Feature","properties":{"n":"山通路","v":"朴子市","w":7,"c":4,"r":1},"geometry":{"type":"MultiPolygon","coordinates":[[[[120.250406,23.466984],[120.250414,23.467028],[120.251322,23.466887],[120.25131,23.466844],[120.250406,23.466984]]]]}},{"type":"Feature","properties":{"n":"山通路","v":"朴子市","w":2.5,"c":2.5,"r":0},"geometry":{"type":"MultiPolygon","coordinates":[[[[120.249568,23.466925],[120.249563,23.466896],[120.248775,23.467025],[120.248765,23.467057],[120.249568,23.466925]]]]}},{"type":"Feature","properties":{"n":"文明路","v":"朴子市","w":3.2,"c":2.4,"r":0},"geometry":{"type":"MultiPolygon","coordinates":[[[[120.248152,23.469007],[120.248182,23.469014],[120.248301,23.468601],[120.248269,23.468589],[120.248152,23.469007]]]]}},{"type":"Feature","properties":{"n":"大同路","v":"朴子市","w":3.6,"c":2,"r":5},"geometry":{"type":"MultiPolygon","coordinates":[[[[120.23951,23.461372],[120.23951,23.461403],[120.241027,23.461307],[120.241063,23.461281],[120.241063,23.461247],[120.241029,23.461247],[120.240995,23.46128],[120.23951,23.461372]]]]}},{"type":"Feature","properties":{"n":"光復新路","v":"朴子市","w":6.5,"c":5,"r":1},"geometry":{"type":"MultiPolygon","coordinates":[[[[120.24572,23.458504],[120.245673,23.458507],[120.245953,23.459423],[120.245979,23.459456],[120.246021,23.459485],[120.246043,23.459447],[120.245993,23.459417],[120.24572,23.458504]]]]}},{"type":"Feature","properties":{"n":"四維路一段","v":"朴子市","w":4.5,"c":3,"r":2},"geometry":{"type":"MultiPolygon","coordinates":[[[[120.245722,23.458459],[120.245681,23.458463],[120.24567,23.45848],[120.245673,23.458507],[120.24665,23.458442],[120.247434,23.458424],[120.247615,23.458456],[120.247797,23.458498],[120.248135,23.458653],[120.248116,23.458597],[120.247801,23.458465],[120.24762,23.458418],[120.247441,23.45839],[120.247208,23.458372],[120.24663,23.458408],[120.245722,23.458459]]]]}},{"type":"Feature","properties":{"n":"三安路","v":"朴子市","w":4.5,"c":3,"r":3},"geometry":{"type":"MultiPolygon","coordinates":[[[[120.24747,23.459442],[120.247505,23.459466],[120.24793,23.458917],[120.247892,23.45889],[120.24747,23.459442]]]]}},{"type":"Feature","properties":{"n":"文化南路","v":"朴子市","w":2,"c":2,"r":0},"geometry":{"type":"MultiPolygon","coordinates":[[[[120.241063,23.461247],[120.240936,23.459352],[120.240919,23.45935],[120.241029,23.461247],[120.241063,23.461247]]]]}},{"type":"Feature","properties":{"n":"文明路","v":"朴子市","w":2.7,"c":2.2,"r":2},"geometry":{"type":"MultiPolygon","coordinates":[[[[120.248936,23.465753],[120.24892,23.46578],[120.248927,23.465844],[120.248527,23.467109],[120.248569,23.467079],[120.248973,23.46582],[120.24897,23.465782],[120.248957,23.465765],[120.248936,23.465753]]]]}},{"type":"Feature","properties":{"n":"山通路","v":"朴子市","w":3,"c":1.5,"r":1},"geometry":{"type":"MultiPolygon","coordinates":[[[[120.24806,23.467146],[120.248067,23.467127],[120.247736,23.467018],[120.247207,23.466801],[120.247191,23.466827],[120.247731,23.467047],[120.24806,23.467146]]]]}},{"type":"Feature","properties":{"n":"光復路","v":"朴子市","w":7,"c":1.5,"r":3},"geometry":{"type":"MultiPolygon","coordinates":[[[[120.246314,23.465829],[120.246365,23.465859],[120.246848,23.464915],[120.24681,23.464883],[120.246314,23.465829]]]]}},{"type":"Feature","properties":{"n":"平和路","v":"朴子市","w":3,"c":1.5,"r":3},"geometry":{"type":"MultiPolygon","coordinates":[[[[120.246875,23.464865],[120.246852,23.464859],[120.246821,23.464868],[120.24681,23.464883],[120.246848,23.464915],[120.246872,23.464896],[120.246891,23.464899],[120.24892,23.46578],[120.248936,23.465753],[120.246875,23.464865]]]]}},{"type":"Feature","properties":{"n":"光復路","v":"朴子市","w":2.5,"c":1.3,"r":2},"geometry":{"type":"MultiPolygon","coordinates":[[[[120.246936,23.46473],[120.247297,23.464052],[120.247265,23.464052],[120.246921,23.46472],[120.246936,23.46473]]]]}},{"type":"Feature","properties":{"n":"光復路","v":"朴子市","w":2.3,"c":1.1,"r":2},"geometry":{"type":"MultiPolygon","coordinates":[[[[120.247114,23.464069],[120.247091,23.464051],[120.24678,23.464671],[120.246803,23.464674],[120.247114,23.464069]]]]}},{"type":"Feature","properties":{"n":"光復路","v":"朴子市","w":2.2,"c":0,"r":0},"geometry":{"type":"MultiPolygon","coordinates":[[[[120.245718,23.467018],[120.245419,23.467579],[120.245427,23.46762],[120.245443,23.467607],[120.245438,23.467582],[120.245749,23.467027],[120.245718,23.467018]]]]}},{"type":"Feature","properties":{"n":"光復路","v":"朴子市","w":2.5,"c":0,"r":0},"geometry":{"type":"MultiPolygon","coordinates":[[[[120.245676,23.466896],[120.245939,23.466358],[120.245929,23.466301],[120.245652,23.466885],[120.245676,23.466896]]]]}},{"type":"Feature","properties":{"n":"光復路","v":"朴子市","w":2.7,"c":0,"r":0},"geometry":{"type":"MultiPolygon","coordinates":[[[[120.245595,23.466961],[120.245331,23.467481],[120.245284,23.467502],[120.245291,23.467528],[120.245343,23.467506],[120.245602,23.467017],[120.245595,23.466961]]]]}},{"type":"Feature","properties":{"n":"朴子一路","v":"朴子市","w":4,"c":2.5,"r":2},"geometry":{"type":"MultiPolygon","coordinates":[[[[120.290596,23.457833],[120.29055,23.457833],[120.290842,23.45944],[120.290817,23.459472],[120.290826,23.459523],[120.290868,23.459509],[120.290889,23.459494],[120.290893,23.459465],[120.290596,23.457833]]]]}},{"type":"Feature","properties":{"n":"朴子一路","v":"朴子市","w":4,"c":2.5,"r":2},"geometry":{"type":"MultiPolygon","coordinates":[[[[120.290746,23.457807],[120.290686,23.457796],[120.290982,23.459442],[120.291051,23.459434],[120.290746,23.457807]]]]}},{"type":"Feature","properties":{"n":"小康榔一路","v":"朴子市","w":8,"c":3,"r":1},"geometry":{"type":"MultiPolygon","coordinates":[[[[120.282787,23.464412],[120.282384,23.462147],[120.282317,23.462156],[120.282729,23.464418],[120.28269,23.464478],[120.282693,23.464496],[120.282734,23.464484],[120.282767,23.464468],[120.282785,23.464444],[120.282787,23.464412]]]]}},{"type":"Feature","properties":{"n":"朴子三路","v":"朴子市","w":9.3,"c":2.5,"r":2},"geometry":{"type":"MultiPolygon","coordinates":[[[[120.28851,23.457855],[120.288562,23.457904],[120.288555,23.457822],[120.288549,23.457817],[120.288443,23.457282],[120.28849,23.457274],[120.288278,23.45612],[120.288217,23.456126],[120.288117,23.455642],[120.288128,23.455601],[120.288087,23.455607],[120.288078,23.455638],[120.28851,23.457855]]]]}},{"type":"Feature","properties":{"n":"朴子三路","v":"朴子市","w":4.4,"c":2.8,"r":2},"geometry":{"type":"MultiPolygon","coordinates":[[[[120.288566,23.458159],[120.28887,23.459779],[120.288923,23.459771],[120.288604,23.458154],[120.288566,23.458159]]]]}},{"type":"Feature","properties":{"n":"朴子三路","v":"朴子市","w":5.6,"c":3,"r":0},"geometry":{"type":"MultiPolygon","coordinates":[[[[120.289029,23.460649],[120.289094,23.460642],[120.288978,23.460048],[120.288914,23.460043],[120.289029,23.460649]]]]}},{"type":"Feature","properties":{"n":"朴子三路","v":"朴子市","w":3.2,"c":1.7,"r":3},"geometry":{"type":"MultiPolygon","coordinates":[[[[120.288865,23.460722],[120.288743,23.460036],[120.288731,23.460022],[120.288715,23.460014],[120.288697,23.460014],[120.288828,23.460725],[120.288865,23.460722]]]]}},{"type":"Feature","properties":{"n":"朴子三路","v":"朴子市","w":3.2,"c":1.7,"r":3},"geometry":{"type":"MultiPolygon","coordinates":[[[[120.28866,23.459822],[120.288685,23.459788],[120.288605,23.459316],[120.288385,23.458172],[120.288342,23.458176],[120.288569,23.459356],[120.28866,23.459822]]]]}},{"type":"Feature","properties":{"n":"朴子五路","v":"朴子市","w":1.7,"c":1.7,"r":2},"geometry":{"type":"MultiPolygon","coordinates":[[[[120.286964,23.456471],[120.286939,23.456474],[120.287157,23.457608],[120.287183,23.457604],[120.286964,23.456471]]]]}},{"type":"Feature","properties":{"n":"嘉朴路西段","v":"朴子市","w":4,"c":2.5,"r":3},"geometry":{"type":"MultiPolygon","coordinates":[[[[120.284278,23.461566],[120.284271,23.461526],[120.282861,23.461743],[120.282866,23.461775],[120.284278,23.461566]]]]}},{"type":"Feature","properties":{"n":"太子大道","v":"朴子市","w":12,"c":3.5,"r":0},"geometry":{"type":"MultiPolygon","coordinates":[[[[120.293872,23.4665],[120.293998,23.466491],[120.29374,23.465155],[120.293616,23.465156],[120.29375,23.46552],[120.293861,23.466078],[120.293872,23.4665]]]]}},{"type":"Feature","properties":{"n":"祥和三路西段","v":"朴子市","w":6,"c":2.2,"r":2},"geometry":{"type":"MultiPolygon","coordinates":[[[[120.289851,23.45534],[120.289838,23.455277],[120.288153,23.455544],[120.28812,23.455567],[120.288087,23.455607],[120.289847,23.455341],[120.289851,23.45534]]]]}},{"type":"Feature","properties":{"n":"太子大道","v":"朴子市","w":12,"c":3.5,"r":2},"geometry":{"type":"MultiPolygon","coordinates":[[[[120.29324,23.462847],[120.293284,23.462842],[120.293196,23.462336],[120.292834,23.460543],[120.292806,23.46045],[120.292774,23.46045],[120.292707,23.460542],[120.292715,23.460579],[120.29286,23.460951],[120.293122,23.46235],[120.293136,23.46278],[120.29324,23.462847]]]]}},{"type":"Feature","properties":{"n":"祥和一路西段","v":"朴子市","w":3.8,"c":1.2,"r":2},"geometry":{"type":"MultiPolygon","coordinates":[[[[120.290983,23.459442],[120.291003,23.459471],[120.291038,23.459489],[120.293505,23.459083],[120.293535,23.459054],[120.293546,23.459025],[120.293546,23.459012],[120.293492,23.459019],[120.293493,23.459041],[120.293476,23.459054],[120.29106,23.459446],[120.291051,23.459434],[120.290983,23.459442]]]]}},{"type":"Feature","properties":{"n":"祥和一路西段","v":"朴子市","w":5.8,"c":3,"r":2},"geometry":{"type":"MultiPolygon","coordinates":[[[[120.293669,23.459282],[120.293659,23.459226],[120.291035,23.459646],[120.291021,23.459656],[120.291012,23.459675],[120.291019,23.459705],[120.293669,23.459282]]]]}},{"type":"Feature","properties":{"n":"八德路","v":"朴子市","w":10.6,"c":2,"r":5},"geometry":{"type":"MultiPolygon","coordinates":[[[[120.230158,23.461777],[120.230178,23.461795],[120.236399,23.462598],[120.236427,23.462577],[120.236435,23.462557],[120.236431,23.462524],[120.236413,23.462501],[120.230188,23.461704],[120.230169,23.461717],[120.230159,23.461748],[120.230158,23.461777]]]]}},{"type":"Feature","properties":{"n":"八德路","v":"朴子市","w":1.5,"c":1.5,"r":5},"geometry":{"type":"MultiPolygon","coordinates":[[[[120.236404,23.462419],[120.236434,23.462417],[120.236455,23.462408],[120.236461,23.462395],[120.236395,23.462412],[120.236404,23.462419]]]]}},{"type":"Feature","properties":{"n":"故宮北路","v":"朴子市","w":2.7,"c":0.9,"r":0},"geometry":{"type":"MultiPolygon","coordinates":[[[[120.281994,23.478543],[120.283072,23.478457],[120.286348,23.478153],[120.291216,23.478047],[120.298413,23.47833],[120.298478,23.478337],[120.298456,23.4783],[120.297933,23.478274],[120.29122,23.478006],[120.286348,23.478115],[120.282018,23.478503],[120.281988,23.478527],[120.281994,23.478543]]]]}},{"type":"Feature","properties":{"n":"北通路","v":"朴子市","w":1.65,"c":1.65,"r":0},"geometry":{"type":"MultiPolygon","coordinates":[[[[120.247401,23.466454],[120.247391,23.466449],[120.247198,23.466796],[120.247211,23.4668],[120.247401,23.466454]]]]}},{"type":"Feature","properties":{"n":"北通路","v":"朴子市","w":1.65,"c":1.65,"r":0},"geometry":{"type":"MultiPolygon","coordinates":[[[[120.247408,23.466442],[120.246868,23.466179],[120.24686,23.466188],[120.247401,23.466454],[120.247408,23.466442]]]]}},{"type":"Feature","properties":{"n":"光復新路","v":"朴子市","w":4,"c":2.5,"r":0},"geometry":{"type":"MultiPolygon","coordinates":[[[[120.245106,23.456548],[120.245046,23.456413],[120.245023,23.456426],[120.24508,23.456557],[120.245106,23.456548]]]]}},{"type":"Feature","properties":{"n":"光復新路","v":"朴子市","w":4,"c":2.5,"r":0},"geometry":{"type":"MultiPolygon","coordinates":[[[[120.245398,23.457325],[120.245285,23.456954],[120.24528,23.456942],[120.245248,23.456943],[120.245366,23.457336],[120.245398,23.457325]]]]}},{"type":"Feature","properties":{"n":"光復新路","v":"朴子市","w":4,"c":2.5,"r":0},"geometry":{"type":"MultiPolygon","coordinates":[[[[120.24544,23.457465],[120.245422,23.457406],[120.24539,23.457416],[120.245404,23.457464],[120.24544,23.457465]]]]}},{"type":"Feature","properties":{"n":"光復新路","v":"朴子市","w":4,"c":2.5,"r":0},"geometry":{"type":"MultiPolygon","coordinates":[[[[120.24545,23.457497],[120.245415,23.457499],[120.245487,23.457742],[120.245522,23.457734],[120.24545,23.457497]]]]}},{"type":"Feature","properties":{"n":"光復新路","v":"朴子市","w":4,"c":2.5,"r":0},"geometry":{"type":"MultiPolygon","coordinates":[[[[120.245612,23.458162],[120.245652,23.45816],[120.245534,23.457773],[120.245498,23.45778],[120.245612,23.458162]]]]}},{"type":"Feature","properties":{"n":"光復新路","v":"朴子市","w":4,"c":1.9,"r":8},"geometry":{"type":"MultiPolygon","coordinates":[[[[120.243916,23.455215],[120.244021,23.455436],[120.244109,23.45553],[120.24444,23.455862],[120.24447,23.455837],[120.244142,23.455503],[120.244069,23.455419],[120.243953,23.455219],[120.243916,23.455215]]]]}},{"type":"Feature","properties":{"n":"光復新路","v":"朴子市","w":4,"c":1.9,"r":8},"geometry":{"type":"MultiPolygon","coordinates":[[[[120.244951,23.456375],[120.244983,23.45636],[120.244605,23.455975],[120.244575,23.455997],[120.244951,23.456375]]]]}},{"type":"Feature","properties":{"n":"嘉朴路西段","v":"朴子市","w":11.5,"c":10,"r":0},"geometry":{"type":"MultiPolygon","coordinates":[[[[120.284059,23.461883],[120.28402,23.461889],[120.284007,23.461898],[120.284025,23.461996],[120.284137,23.461979],[120.284129,23.461918],[120.284116,23.461894],[120.284092,23.461887],[120.284059,23.461883]]]]}},{"type":"Feature","properties":{"n":"嘉朴路西段","v":"朴子市","w":11.5,"c":10,"r":0},"geometry":{"type":"MultiPolygon","coordinates":[[[[120.283935,23.462009],[120.28391,23.461909],[120.283735,23.461928],[120.28364,23.461912],[120.282832,23.462024],[120.282855,23.462169],[120.283935,23.462009]]]]}},{"type":"Feature","properties":{"n":"朴子七路","v":"朴子市","w":5,"c":4.2,"r":1},"geometry":{"type":"MultiPolygon","coordinates":[[[[120.284408,23.456156],[120.284436,23.456144],[120.284415,23.456034],[120.284362,23.456045],[120.284464,23.456577],[120.284519,23.456569],[120.284495,23.456436],[120.284457,23.456426],[120.284408,23.456156]]]]}},{"type":"Feature","properties":{"n":"朴子七路","v":"朴子市","w":5,"c":4.2,"r":1},"geometry":{"type":"MultiPolygon","coordinates":[[[[120.284513,23.456836],[120.284566,23.456828],[120.284544,23.456708],[120.28449,23.456714],[120.284513,23.456836]]]]}},{"type":"Feature","properties":{"n":"中興路","v":"朴子市","w":5,"c":3.3,"r":0},"geometry":{"type":"MultiPolygon","coordinates":[[[[120.246549,23.459454],[120.246874,23.459501],[120.247285,23.459685],[120.247303,23.459657],[120.24689,23.459464],[120.24654,23.459413],[120.246041,23.459446],[120.246021,23.459485],[120.246549,23.459454]]]]}},{"type":"Feature","properties":{"n":"朴子七路","v":"朴子市","w":5,"c":4.2,"r":1},"geometry":{"type":"MultiPolygon","coordinates":[[[[120.284566,23.456828],[120.284513,23.456836],[120.284625,23.457423],[120.284681,23.457403],[120.284566,23.456828]]]]}},{"type":"Feature","properties":{"n":"朴子七路","v":"朴子市","w":5,"c":4.2,"r":1},"geometry":{"type":"MultiPolygon","coordinates":[[[[120.284735,23.458],[120.284786,23.45799],[120.28472,23.45764],[120.284657,23.457587],[120.284735,23.458]]]]}},{"type":"Feature","properties":{"n":"三安路","v":"朴子市","w":5.5,"c":3.5,"r":2},"geometry":{"type":"MultiPolygon","coordinates":[[[[120.247505,23.459466],[120.24747,23.459442],[120.247288,23.459681],[120.24732,23.459706],[120.247505,23.459466]]]]}},{"type":"Feature","properties":{"n":"三安路","v":"朴子市","w":5.5,"c":3.5,"r":3},"geometry":{"type":"MultiPolygon","coordinates":[[[[120.247892,23.45889],[120.24793,23.458917],[120.248135,23.458653],[120.248089,23.458632],[120.247892,23.45889]]]]}},{"type":"Feature","properties":{"n":"山通路","v":"朴子市","w":7.5,"c":2.5,"r":0},"geometry":{"type":"MultiPolygon","coordinates":[[[[120.249563,23.466896],[120.249568,23.466925],[120.250298,23.466795],[120.250299,23.466765],[120.250165,23.466781],[120.250166,23.466754],[120.249559,23.466851],[120.249563,23.466896]]]]}},{"type":"Feature","properties":{"n":"四維路二段","v":"朴子市","w":9.8,"c":3.7,"r":2},"geometry":{"type":"MultiPolygon","coordinates":[[[[120.236706,23.459821],[120.236748,23.459485],[120.23691,23.459131],[120.236886,23.459094],[120.236817,23.459082],[120.236779,23.459097],[120.236714,23.459453],[120.236676,23.459822],[120.236706,23.459821]]]]}},{"type":"Feature","properties":{"n":"台19線","v":"朴子市","w":2,"c":2,"r":0},"geometry":{"type":"MultiPolygon","coordinates":[[[[120.244481,23.473621],[120.244499,23.473619],[120.244422,23.473346],[120.244407,23.473349],[120.244481,23.473621]]]]}},{"type":"Feature","properties":{"n":"台19線","v":"朴子市","w":2,"c":2,"r":0},"geometry":{"type":"MultiPolygon","coordinates":[[[[120.244242,23.473654],[120.244262,23.473651],[120.244139,23.473303],[120.244118,23.473305],[120.244242,23.473654]]]]}},{"type":"Feature","properties":{"n":"縣道170","v":"朴子市","w":1.5,"c":1.5,"r":1},"geometry":{"type":"MultiPolygon","coordinates":[[[[120.250994,23.411983],[120.251003,23.411965],[120.24959,23.411588],[120.249595,23.411546],[120.250727,23.410323],[120.250816,23.410274],[120.250976,23.41024],[120.25133,23.410205],[120.251886,23.410185],[120.252159,23.41023],[120.25217,23.410198],[120.251883,23.410158],[120.251381,23.410173],[120.250982,23.410212],[120.250799,23.410254],[120.25072,23.410307],[120.249569,23.411543],[120.249569,23.411597],[120.250994,23.411983]]]]}},{"type":"Feature","properties":{"n":"故宮北路","v":"朴子市","w":2.7,"c":0.9,"r":0},"geometry":{"type":"MultiPolygon","coordinates":[[[[120.281994,23.478543],[120.283072,23.478457],[120.286348,23.478153],[120.291216,23.478047],[120.298413,23.47833],[120.298478,23.478337],[120.298456,23.4783],[120.297933,23.478274],[120.29122,23.478006],[120.286348,23.478115],[120.282018,23.478503],[120.281988,23.478527],[120.281994,23.478543]]]]}},{"type":"Feature","properties":{"n":"文化路","v":"竹崎鄉","w":3.92,"c":1.3,"r":4},"geometry":{"type":"MultiPolygon","coordinates":[[[[120.553398,23.521044],[120.553389,23.52101],[120.552554,23.521206],[120.552564,23.52124],[120.553024,23.521131],[120.553398,23.521044]]]]}},{"type":"Feature","properties":{"n":"文化路","v":"竹崎鄉","w":4.3,"c":2.81,"r":1},"geometry":{"type":"MultiPolygon","coordinates":[[[[120.552561,23.521093],[120.552572,23.52113],[120.553463,23.520922],[120.553453,23.520884],[120.552958,23.520998],[120.552561,23.521093]]]]}},{"type":"Feature","properties":{"n":"竹崎大橋","v":"竹崎鄉","w":1.85,"c":1.85,"r":0},"geometry":{"type":"MultiPolygon","coordinates":[[[[120.547133,23.523566],[120.547117,23.523558],[120.546884,23.523875],[120.546899,23.523884],[120.547133,23.523566]]]]}},{"type":"Feature","properties":{"n":"中正路","v":"竹崎鄉","w":2.3,"c":0.7,"r":0},"geometry":{"type":"MultiPolygon","coordinates":[[[[120.548043,23.522874],[120.548058,23.522886],[120.548187,23.522787],[120.548317,23.52267],[120.548303,23.522657],[120.548174,23.522773],[120.548044,23.522874],[120.548043,23.522874]]]]}},{"type":"Feature","properties":{"n":"中正路","v":"竹崎鄉","w":1.8,"c":0.3,"r":0},"geometry":{"type":"MultiPolygon","coordinates":[[[[120.547881,23.522817],[120.547894,23.52283],[120.548099,23.522668],[120.548243,23.522538],[120.54823,23.522526],[120.548086,23.522655],[120.547961,23.522754],[120.547881,23.522817]]]]}},{"type":"Feature","properties":{"n":"竹崎大橋","v":"竹崎鄉","w":1.6,"c":0.3,"r":0},"geometry":{"type":"MultiPolygon","coordinates":[[[[120.547894,23.52283],[120.547881,23.522817],[120.547433,23.523174],[120.547229,23.523368],[120.547243,23.523379],[120.547445,23.523187],[120.547894,23.52283]]]]}},{"type":"Feature","properties":{"n":"竹崎大橋","v":"竹崎鄉","w":3,"c":1,"r":0},"geometry":{"type":"MultiPolygon","coordinates":[[[[120.548,23.522932],[120.547959,23.522925],[120.547744,23.523112],[120.547529,23.523284],[120.547441,23.52336],[120.547315,23.523484],[120.547035,23.52385],[120.547051,23.52386],[120.54733,23.523495],[120.547454,23.523373],[120.547542,23.523297],[120.547757,23.523125],[120.548,23.522932]]]]}},{"type":"Feature","properties":{"n":"高鐵大道","v":"西區","w":3.7,"c":2.5,"r":0},"geometry":{"type":"MultiPolygon","coordinates":[[[[120.38755,23.487719],[120.387543,23.487737],[120.391023,23.488786],[120.39121,23.488828],[120.391814,23.489],[120.392589,23.489163],[120.393402,23.489253],[120.39414,23.489282],[120.394535,23.489252],[120.394532,23.489219],[120.39412,23.489248],[120.393408,23.489213],[120.392589,23.489127],[120.391826,23.488967],[120.391237,23.488802],[120.391045,23.48876],[120.38755,23.487719]]]]}},{"type":"Feature","properties":{"n":"高鐵大道","v":"西區","w":3.5,"c":1.9,"r":0},"geometry":{"type":"MultiPolygon","coordinates":[[[[120.387361,23.488102],[120.387354,23.48812],[120.391074,23.489229],[120.391407,23.489326],[120.391898,23.489451],[120.392631,23.489593],[120.393452,23.489683],[120.394192,23.489694],[120.394587,23.489663],[120.394584,23.48963],[120.394172,23.489659],[120.393458,23.489643],[120.392631,23.489557],[120.39191,23.489418],[120.391434,23.4893],[120.391096,23.489204],[120.387361,23.488102]]]]}},{"type":"Feature","properties":{"n":"169縣道","v":"阿里山鄉","w":2,"c":0.4,"r":0},"geometry":{"type":"MultiPolygon","coordinates":[[[[120.758489,23.462871],[120.75847,23.462885],[120.758537,23.462945],[120.75864,23.463104],[120.758723,23.463245],[120.758823,23.463386],[120.75895,23.463525],[120.759246,23.4639],[120.759267,23.463891],[120.75926,23.463876],[120.758969,23.463511],[120.758843,23.463374],[120.758744,23.463235],[120.758661,23.463094],[120.758556,23.462932],[120.758489,23.462871]]]]}},{"type":"Feature","properties":{"n":"169縣道","v":"阿里山鄉","w":2,"c":1.4,"r":2},"geometry":{"type":"MultiPolygon","coordinates":[[[[120.758053,23.462696],[120.758014,23.462664],[120.757962,23.462656],[120.757772,23.462614],[120.757683,23.462583],[120.757612,23.462545],[120.757533,23.462472],[120.757435,23.462362],[120.757327,23.462174],[120.757212,23.462022],[120.757103,23.461945],[120.757077,23.461951],[120.757194,23.462036],[120.757307,23.462185],[120.757415,23.462373],[120.757515,23.462486],[120.757597,23.462561],[120.757672,23.462602],[120.757764,23.462634],[120.757957,23.462678],[120.758053,23.462696]]]]}},{"type":"Feature","properties":{"n":"169縣道","v":"阿里山鄉","w":2,"c":1.4,"r":0},"geometry":{"type":"MultiPolygon","coordinates":[[[[120.75847,23.462885],[120.758489,23.462871],[120.758355,23.462767],[120.758138,23.462691],[120.75811,23.462708],[120.758243,23.462747],[120.758343,23.462786],[120.758444,23.462862],[120.75847,23.462885]]]]}},{"type":"Feature","properties":{"n":"新興路","v":"梅山鄉","w":2.8,"c":1.7,"r":1},"geometry":{"type":"MultiPolygon","coordinates":[[[[120.561225,23.580553],[120.561194,23.580556],[120.56122,23.581085],[120.561251,23.581084],[120.561225,23.580553]]]]}},{"type":"Feature","properties":{"n":"無名巷路","v":"梅山鄉","w":3.5,"c":3.5,"r":1},"geometry":{"type":"MultiPolygon","coordinates":[[[[120.56012,23.581282],[120.561271,23.581268],[120.561272,23.581247],[120.560123,23.581267],[120.56012,23.581282]]]]}},{"type":"Feature","properties":{"n":"中正路","v":"梅山鄉","w":1.7,"c":1.1,"r":4},"geometry":{"type":"MultiPolygon","coordinates":[[[[120.560056,23.582071],[120.560175,23.58139],[120.560162,23.58139],[120.560038,23.582071],[120.560056,23.582071]]]]}},{"type":"Feature","properties":{"n":"新興路","v":"梅山鄉","w":2.8,"c":1.5,"r":2},"geometry":{"type":"MultiPolygon","coordinates":[[[[120.561194,23.580556],[120.561225,23.580553],[120.561172,23.579452],[120.56114,23.579456],[120.561194,23.580556]]]]}},{"type":"Feature","properties":{"n":"長壽路","v":"鹿草鄉","w":4.8,"c":2.3,"r":10},"geometry":{"type":"MultiPolygon","coordinates":[[[[120.308078,23.411027],[120.308041,23.411029],[120.308238,23.412279],[120.308281,23.412274],[120.308078,23.411027]]]]}},{"type":"Feature","properties":{"n":"鹿環北路","v":"鹿草鄉","w":5.9,"c":1.9,"r":0},"geometry":{"type":"MultiPolygon","coordinates":[[[[120.303433,23.417016],[120.303412,23.417054],[120.308572,23.417959],[120.309926,23.41817],[120.309916,23.418125],[120.30858,23.4179],[120.303433,23.417016]]]]}},{"type":"Feature","properties":{"n":"長壽路","v":"鹿草鄉","w":8.8,"c":2.7,"r":4},"geometry":{"type":"MultiPolygon","coordinates":[[[[120.308068,23.412369],[120.308132,23.412351],[120.307911,23.411029],[120.307833,23.411034],[120.308068,23.412369]]]]}},{"type":"Feature","properties":{"n":"長壽路","v":"鹿草鄉","w":10.25,"c":6.65,"r":1},"geometry":{"type":"MultiPolygon","coordinates":[[[[120.308132,23.412351],[120.308068,23.412369],[120.30809,23.41254],[120.308162,23.412525],[120.308132,23.412351]]]]}},{"type":"Feature","properties":{"n":"長壽路","v":"鹿草鄉","w":2,"c":2,"r":4},"geometry":{"type":"MultiPolygon","coordinates":[[[[120.308336,23.412703],[120.308355,23.4127],[120.308321,23.412497],[120.308289,23.412344],[120.308273,23.412351],[120.308336,23.412703]]]]}},{"type":"Feature","properties":{"n":"鹿環北路","v":"鹿草鄉","w":5.2,"c":1.9,"r":1},"geometry":{"type":"MultiPolygon","coordinates":[[[[120.314137,23.418187],[120.314127,23.418154],[120.314086,23.418137],[120.312056,23.418145],[120.31201,23.418199],[120.314137,23.418187]]]]}},{"type":"Feature","properties":{"n":"鹿環北路","v":"鹿草鄉","w":5.9,"c":1.9,"r":0},"geometry":{"type":"MultiPolygon","coordinates":[[[[120.303353,23.417046],[120.303335,23.416988],[120.301931,23.416738],[120.301885,23.416794],[120.303353,23.417046]]]]}},{"type":"Feature","properties":{"n":"鹿環北路","v":"鹿草鄉","w":5.2,"c":1.9,"r":0},"geometry":{"type":"MultiPolygon","coordinates":[[[[120.311942,23.418197],[120.311909,23.418144],[120.310043,23.418143],[120.310001,23.418171],[120.311904,23.418199],[120.311942,23.418197]]]]}},{"type":"Feature","properties":{"n":"鹿環北路","v":"鹿草鄉","w":5.8,"c":1.8,"r":0},"geometry":{"type":"MultiPolygon","coordinates":[[[[120.314241,23.418168],[120.314229,23.418181],[120.31444,23.418186],[120.314438,23.418171],[120.314397,23.418137],[120.314265,23.418139],[120.314241,23.418168]]]]}},{"type":"Feature","properties":{"n":"159甲","v":"番路鄉","w":1.8,"c":1.8,"r":0},"geometry":{"type":"MultiPolygon","coordinates":[[[[120.59542,23.461796],[120.595292,23.461885],[120.595069,23.461953],[120.594921,23.462073],[120.594889,23.462145],[120.59487,23.462248],[120.594868,23.462411],[120.594886,23.462547],[120.594908,23.462544],[120.5949,23.462246],[120.59492,23.462143],[120.594945,23.462096],[120.595084,23.461977],[120.595306,23.461916],[120.595446,23.461816],[120.59542,23.461796]]]]}},{"type":"Feature","properties":{"n":"公路A","v":"番路鄉","w":1.5,"c":0,"r":6},"geometry":{"type":"MultiPolygon","coordinates":[[[[120.501664,23.457153],[120.501679,23.457146],[120.501071,23.456617],[120.500099,23.456296],[120.499874,23.456097],[120.49981,23.456008],[120.499801,23.455931],[120.499998,23.455204],[120.50016,23.454845],[120.500398,23.454638],[120.502534,23.45456],[120.502697,23.454618],[120.503326,23.455178],[120.503339,23.455879],[120.50337,23.455868],[120.503341,23.455172],[120.502703,23.454601],[120.502533,23.454544],[120.500384,23.454621],[120.500141,23.454842],[120.499977,23.455195],[120.499788,23.45593],[120.499792,23.456007],[120.499827,23.456075],[120.500099,23.456316],[120.501074,23.456637],[120.501664,23.457153]]]]}},{"type":"Feature","properties":{"n":"嘉北路","v":"新港鄉","w":3.5,"c":2.2,"r":0},"geometry":{"type":"MultiPolygon","coordinates":[[[[120.341876,23.55631],[120.341853,23.556309],[120.341825,23.556321],[120.341672,23.556633],[120.341136,23.557246],[120.341126,23.557259],[120.341126,23.557309],[120.341708,23.556652],[120.341876,23.55631]]]]}},{"type":"Feature","properties":{"n":"嘉74線","v":"新港鄉","w":3.1,"c":1.1,"r":2},"geometry":{"type":"MultiPolygon","coordinates":[[[[120.348699,23.568658],[120.348672,23.568642],[120.348151,23.569211],[120.348016,23.569302],[120.347422,23.569429],[120.347429,23.569452],[120.348026,23.569324],[120.348175,23.569233],[120.348699,23.568658]]]]}},{"type":"Feature","properties":{"n":"新中路","v":"新港鄉","w":3.4,"c":2.25,"r":2},"geometry":{"type":"MultiPolygon","coordinates":[[[[120.348949,23.55935],[120.348941,23.559329],[120.348295,23.559491],[120.348303,23.559521],[120.348744,23.559408],[120.348753,23.559432],[120.348959,23.559376],[120.348949,23.55935]]]]}},{"type":"Feature","properties":{"n":"新中路","v":"新港鄉","w":1.5,"c":1.5,"r":0},"geometry":{"type":"MultiPolygon","coordinates":[[[[120.346059,23.559937],[120.346056,23.559926],[120.344549,23.560158],[120.344553,23.560169],[120.344595,23.560163],[120.346059,23.559937]]]]}},{"type":"Feature","properties":{"n":"新中路","v":"新港鄉","w":1.5,"c":1.5,"r":0},"geometry":{"type":"MultiPolygon","coordinates":[[[[120.343652,23.56006],[120.343658,23.560055],[120.3436,23.560001],[120.343502,23.559871],[120.34348,23.559857],[120.343473,23.559864],[120.343596,23.560009],[120.343652,23.56006]]]]}},{"type":"Feature","properties":{"n":"新中路","v":"新港鄉","w":1.5,"c":1.5,"r":0},"geometry":{"type":"MultiPolygon","coordinates":[[[[120.344553,23.560169],[120.344549,23.560158],[120.344169,23.560215],[120.344036,23.560216],[120.343904,23.560192],[120.343799,23.560154],[120.343703,23.560096],[120.343658,23.560055],[120.343652,23.56006],[120.343702,23.560106],[120.3438,23.560165],[120.343905,23.560203],[120.34404,23.560227],[120.344172,23.560225],[120.344553,23.560169]]]]}},{"type":"Feature","properties":{"n":"新中路","v":"新港鄉","w":1.5,"c":1.5,"r":0},"geometry":{"type":"MultiPolygon","coordinates":[[[[120.346056,23.559926],[120.346059,23.559937],[120.347013,23.55979],[120.347009,23.559779],[120.346056,23.559926]]]]}},{"type":"Feature","properties":{"n":"新中路","v":"新港鄉","w":1.7,"c":1.7,"r":0},"geometry":{"type":"MultiPolygon","coordinates":[[[[120.343147,23.558331],[120.343162,23.558328],[120.343047,23.557926],[120.343033,23.557929],[120.343147,23.558331]]]]}},{"type":"Feature","properties":{"n":"新中路","v":"新港鄉","w":1.7,"c":1.7,"r":0},"geometry":{"type":"MultiPolygon","coordinates":[[[[120.342819,23.55721],[120.343016,23.557928],[120.343032,23.557924],[120.342834,23.557207],[120.342819,23.55721]]]]}},{"type":"Feature","properties":{"n":"登雲路","v":"新港鄉","w":2.95,"c":2.15,"r":1},"geometry":{"type":"MultiPolygon","coordinates":[[[[120.345287,23.555899],[120.345291,23.555912],[120.345873,23.555777],[120.345865,23.555745],[120.345287,23.555899]]]]}},{"type":"Feature","properties":{"n":"登雲路","v":"新港鄉","w":7.65,"c":2.05,"r":1},"geometry":{"type":"MultiPolygon","coordinates":[[[[120.344675,23.556054],[120.344662,23.556007],[120.344454,23.556047],[120.344462,23.556065],[120.344302,23.556097],[120.34432,23.556135],[120.344675,23.556054]]]]}},{"type":"Feature","properties":{"n":"文昌街","v":"新港鄉","w":1.7,"c":1.4,"r":4},"geometry":{"type":"MultiPolygon","coordinates":[[[[120.34847,23.554255],[120.348467,23.554237],[120.347822,23.55424],[120.347828,23.554255],[120.34847,23.554255]]]]}},{"type":"Feature","properties":{"n":"古民街","v":"新港鄉","w":2.7,"c":0.9,"r":0},"geometry":{"type":"MultiPolygon","coordinates":[[[[120.351808,23.561741],[120.351782,23.56174],[120.351778,23.561785],[120.351722,23.561976],[120.351549,23.562368],[120.351573,23.562377],[120.351747,23.561984],[120.351804,23.56179],[120.351808,23.561741]]]]}},{"type":"Feature","properties":{"n":"嘉民北路","v":"新港鄉","w":2.75,"c":1.3,"r":2},"geometry":{"type":"MultiPolygon","coordinates":[[[[120.3542,23.557131],[120.35417,23.557126],[120.35409,23.557568],[120.353996,23.558129],[120.35394,23.558329],[120.353957,23.558351],[120.354019,23.558136],[120.3542,23.557131]]]]}},{"type":"Feature","properties":{"n":"嘉民北路","v":"新港鄉","w":2.7,"c":1.4,"r":2},"geometry":{"type":"MultiPolygon","coordinates":[[[[120.35417,23.557126],[120.3542,23.557131],[120.354389,23.556102],[120.354358,23.556099],[120.354186,23.557039],[120.35417,23.557126]]]]}},{"type":"Feature","properties":{"n":"嘉民北路","v":"新港鄉","w":2.7,"c":1.25,"r":2},"geometry":{"type":"MultiPolygon","coordinates":[[[[120.354021,23.557216],[120.353994,23.557189],[120.353822,23.558153],[120.353764,23.558347],[120.353752,23.558356],[120.353749,23.558374],[120.353766,23.558371],[120.353794,23.558349],[120.353851,23.558162],[120.353956,23.557605],[120.354021,23.557216]]]]}},{"type":"Feature","properties":{"n":"嘉民北路","v":"新港鄉","w":2.7,"c":1.2,"r":4},"geometry":{"type":"MultiPolygon","coordinates":[[[[120.354019,23.557044],[120.354046,23.557056],[120.35421,23.556136],[120.354178,23.556133],[120.354019,23.557044]]]]}},{"type":"Feature","properties":{"n":"嘉民北路","v":"新港鄉","w":2.65,"c":1.1,"r":8},"geometry":{"type":"MultiPolygon","coordinates":[[[[120.353727,23.558516],[120.353722,23.55849],[120.353708,23.558473],[120.353694,23.558471],[120.353693,23.558486],[120.353704,23.558498],[120.353702,23.558515],[120.353628,23.558657],[120.35355,23.558791],[120.35348,23.558893],[120.353382,23.559016],[120.353117,23.559288],[120.351672,23.560511],[120.35169,23.560531],[120.353142,23.559301],[120.353397,23.559036],[120.353503,23.558907],[120.353574,23.558801],[120.353652,23.558663],[120.353727,23.558516]]]]}},{"type":"Feature","properties":{"n":"古民街","v":"新港鄉","w":5.45,"c":2.25,"r":2},"geometry":{"type":"MultiPolygon","coordinates":[[[[120.351054,23.559484],[120.351082,23.559473],[120.35089,23.558901],[120.350825,23.558916],[120.350848,23.559005],[120.35089,23.558994],[120.351054,23.559484]]]]}},{"type":"Feature","properties":{"n":"新民路","v":"新港鄉","w":4.1,"c":3.05,"r":4},"geometry":{"type":"MultiPolygon","coordinates":[[[[120.354457,23.556053],[120.354877,23.556019],[120.354867,23.555995],[120.354457,23.556027],[120.354457,23.556053]]]]}},{"type":"Feature","properties":{"n":"嘉民路","v":"新港鄉","w":2.65,"c":1.25,"r":1},"geometry":{"type":"MultiPolygon","coordinates":[[[[120.353676,23.554914],[120.353705,23.554906],[120.353136,23.554085],[120.353109,23.554098],[120.353131,23.554129],[120.353676,23.554914]]]]}},{"type":"Feature","properties":{"n":"嘉民路","v":"新港鄉","w":2.8,"c":1.1,"r":3},"geometry":{"type":"MultiPolygon","coordinates":[[[[120.354002,23.555337],[120.353975,23.555347],[120.354282,23.555784],[120.354307,23.555775],[120.354002,23.555337]]]]}},{"type":"Feature","properties":{"n":"嘉民路","v":"新港鄉","w":2.6,"c":1.15,"r":4},"geometry":{"type":"MultiPolygon","coordinates":[[[[120.351586,23.551869],[120.351563,23.551883],[120.352681,23.553484],[120.35271,23.553473],[120.352079,23.552566],[120.351586,23.551869]]]]}},{"type":"Feature","properties":{"n":"嘉民路","v":"新港鄉","w":2.75,"c":1.2,"r":6},"geometry":{"type":"MultiPolygon","coordinates":[[[[120.349689,23.549886],[120.349722,23.549861],[120.349439,23.549762],[120.349181,23.549693],[120.347812,23.549498],[120.347809,23.549525],[120.349171,23.549724],[120.349427,23.549789],[120.349689,23.549886]]]]}},{"type":"Feature","properties":{"n":"嘉民路","v":"新港鄉","w":2.8,"c":1.4,"r":2},"geometry":{"type":"MultiPolygon","coordinates":[[[[120.353975,23.555347],[120.354002,23.555337],[120.353736,23.554958],[120.353719,23.554961],[120.353715,23.554976],[120.353975,23.555347]]]]}},{"type":"Feature","properties":{"n":"嘉民路","v":"新港鄉","w":2.7,"c":1.55,"r":3},"geometry":{"type":"MultiPolygon","coordinates":[[[[120.352795,23.553595],[120.352769,23.553609],[120.353109,23.554098],[120.353136,23.554085],[120.352795,23.553595]]]]}},{"type":"Feature","properties":{"n":"嘉民路","v":"新港鄉","w":2.7,"c":1.3,"r":2},"geometry":{"type":"MultiPolygon","coordinates":[[[[120.351519,23.55182],[120.351544,23.55181],[120.351319,23.551491],[120.351305,23.551514],[120.351337,23.55156],[120.351519,23.55182]]]]}},{"type":"Feature","properties":{"n":"古民街8巷","v":"新港鄉","w":3.75,"c":1.5,"r":3},"geometry":{"type":"MultiPolygon","coordinates":[[[[120.349819,23.553659],[120.349841,23.553658],[120.349833,23.553479],[120.349862,23.553453],[120.351104,23.55351],[120.351119,23.553527],[120.351124,23.553546],[120.351154,23.553786],[120.351179,23.553783],[120.351149,23.553541],[120.351143,23.553517],[120.351126,23.553492],[120.351054,23.55348],[120.349887,23.553424],[120.349862,23.553426],[120.349841,23.553434],[120.349816,23.553461],[120.349811,23.553473],[120.349819,23.553659]]]]}},{"type":"Feature","properties":{"n":"古民街","v":"新港鄉","w":1.7,"c":0.8,"r":4},"geometry":{"type":"MultiPolygon","coordinates":[[[[120.349867,23.554206],[120.349843,23.554207],[120.349885,23.555198],[120.349912,23.555192],[120.349867,23.554206]]]]}},{"type":"Feature","properties":{"n":"古民街","v":"新港鄉","w":2.2,"c":1.5,"r":4},"geometry":{"type":"MultiPolygon","coordinates":[[[[120.349841,23.553658],[120.349819,23.553659],[120.349843,23.554207],[120.349867,23.554206],[120.349841,23.553658]]]]}},{"type":"Feature","properties":{"n":"公園路","v":"新港鄉","w":6.5,"c":0.8,"r":3},"geometry":{"type":"MultiPolygon","coordinates":[[[[120.345742,23.552833],[120.345766,23.552873],[120.346612,23.552597],[120.346657,23.552686],[120.347241,23.55249],[120.34724,23.552462],[120.34667,23.552635],[120.346623,23.552528],[120.345742,23.552833]]]]}},{"type":"Feature","properties":{"n":"嘉北路","v":"新港鄉","w":3.4,"c":2.15,"r":0},"geometry":{"type":"MultiPolygon","coordinates":[[[[120.343911,23.55276],[120.343921,23.552711],[120.342941,23.55355],[120.342737,23.553735],[120.34257,23.553926],[120.342392,23.55422],[120.342347,23.554323],[120.342363,23.554327],[120.342395,23.554299],[120.342431,23.554217],[120.342593,23.553947],[120.342762,23.553752],[120.342962,23.553571],[120.343911,23.55276]]]]}},{"type":"Feature","properties":{"n":"嘉北路","v":"新港鄉","w":3.5,"c":2.45,"r":0},"geometry":{"type":"MultiPolygon","coordinates":[[[[120.343983,23.552663],[120.344049,23.552648],[120.344712,23.552074],[120.344725,23.552019],[120.343983,23.552663]]]]}},{"type":"Feature","properties":{"n":"嘉北路","v":"新港鄉","w":3.4,"c":2.1,"r":0},"geometry":{"type":"MultiPolygon","coordinates":[[[[120.346605,23.550649],[120.34738,23.549951],[120.34737,23.549941],[120.347331,23.549951],[120.346604,23.550604],[120.346592,23.550632],[120.346605,23.550649]]]]}},{"type":"Feature","properties":{"n":"縣道157線","v":"新港鄉","w":1.5,"c":0,"r":0},"geometry":{"type":"MultiPolygon","coordinates":[[[[120.345618,23.549945],[120.345616,23.549967],[120.346355,23.550491],[120.34637,23.550478],[120.345618,23.549945]]]]}},{"type":"Feature","properties":{"n":"縣道157線","v":"新港鄉","w":1.4,"c":0,"r":0},"geometry":{"type":"MultiPolygon","coordinates":[[[[120.345436,23.550008],[120.345422,23.550015],[120.345923,23.550373],[120.345932,23.550362],[120.345436,23.550008]]]]}},{"type":"Feature","properties":{"n":"嘉北路","v":"新港鄉","w":3.45,"c":2.15,"r":0},"geometry":{"type":"MultiPolygon","coordinates":[[[[120.342573,23.554276],[120.342593,23.554301],[120.342748,23.55408],[120.342723,23.554083],[120.342701,23.554092],[120.342573,23.554276]]]]}},{"type":"Feature","properties":{"n":"嘉北路","v":"新港鄉","w":3.4,"c":2.1,"r":0},"geometry":{"type":"MultiPolygon","coordinates":[[[[120.342426,23.554652],[120.342437,23.554675],[120.342452,23.55469],[120.342571,23.554374],[120.342533,23.554386],[120.34251,23.554422],[120.342426,23.554652]]]]}},{"type":"Feature","properties":{"n":"嘉北路","v":"新港鄉","w":3.45,"c":2.15,"r":0},"geometry":{"type":"MultiPolygon","coordinates":[[[[120.341863,23.556239],[120.341866,23.556263],[120.341884,23.556269],[120.342345,23.554996],[120.342314,23.554985],[120.341863,23.556239]]]]}},{"type":"Feature","properties":{"n":"嘉北路","v":"新港鄉","w":3.45,"c":0.95,"r":0},"geometry":{"type":"MultiPolygon","coordinates":[[[[120.341688,23.556239],[120.341659,23.556225],[120.341588,23.556386],[120.34147,23.556593],[120.340702,23.557412],[120.340766,23.557401],[120.341503,23.556604],[120.341619,23.556399],[120.341688,23.556239]]]]}},{"type":"Feature","properties":{"n":"嘉北路","v":"新港鄉","w":3.55,"c":2.25,"r":0},"geometry":{"type":"MultiPolygon","coordinates":[[[[120.34221,23.554768],[120.342179,23.554758],[120.341659,23.556225],[120.341688,23.556239],[120.34221,23.554768]]]]}},{"type":"Feature","properties":{"n":"嘉北路","v":"新港鄉","w":3.55,"c":2.25,"r":0},"geometry":{"type":"MultiPolygon","coordinates":[[[[120.342179,23.554758],[120.34221,23.554768],[120.342337,23.554406],[120.342306,23.554394],[120.342179,23.554758]]]]}},{"type":"Feature","properties":{"n":"福德路","v":"新港鄉","w":4.2,"c":2.7,"r":0},"geometry":{"type":"MultiPolygon","coordinates":[[[[120.338037,23.558094],[120.338054,23.558123],[120.34032,23.55757],[120.340306,23.55754],[120.338037,23.558094]]]]}},{"type":"Feature","properties":{"n":"福德路","v":"新港鄉","w":4.35,"c":3.05,"r":0},"geometry":{"type":"MultiPolygon","coordinates":[[[[120.336722,23.558415],[120.336731,23.558445],[120.337915,23.558157],[120.337919,23.558123],[120.336722,23.558415]]]]}},{"type":"Feature","properties":{"n":"文昌街","v":"新港鄉","w":1.5,"c":1.1,"r":2},"geometry":{"type":"MultiPolygon","coordinates":[[[[120.348662,23.554236],[120.348663,23.554255],[120.349091,23.554254],[120.349092,23.554234],[120.348662,23.554236]]]]}},{"type":"Feature","properties":{"n":"嘉北路","v":"新港鄉","w":4.2,"c":1.4,"r":2},"geometry":{"type":"MultiPolygon","coordinates":[[[[120.344002,23.552898],[120.344003,23.552928],[120.344927,23.552139],[120.346467,23.550767],[120.346449,23.550748],[120.344896,23.552126],[120.344002,23.552898]]]]}},{"type":"Feature","properties":{"n":"登雲路111巷","v":"新港鄉","w":4.3,"c":2.3,"r":2},"geometry":{"type":"MultiPolygon","coordinates":[[[[120.344027,23.55353],[120.344002,23.552898],[120.343968,23.552922],[120.343986,23.553531],[120.344027,23.55353]]]]}},{"type":"Feature","properties":{"n":"中山路","v":"新港鄉","w":5.2,"c":1.5,"r":4},"geometry":{"type":"MultiPolygon","coordinates":[[[[120.347199,23.55151],[120.347221,23.551995],[120.347134,23.552063],[120.347138,23.552201],[120.347237,23.552331],[120.347241,23.55249],[120.347276,23.552488],[120.347269,23.552324],[120.347172,23.552202],[120.347167,23.55207],[120.347251,23.552004],[120.347231,23.551509],[120.347199,23.55151]]]]}},{"type":"Feature","properties":{"n":"登雲路111巷","v":"新港鄉","w":3.05,"c":2.6,"r":2},"geometry":{"type":"MultiPolygon","coordinates":[[[[120.345766,23.552873],[120.345742,23.552833],[120.345592,23.552904],[120.345284,23.553003],[120.345302,23.553038],[120.344024,23.553444],[120.344025,23.553477],[120.345342,23.553059],[120.345328,23.553017],[120.345766,23.552873]]]]}},{"type":"Feature","properties":{"n":"縣道157線","v":"新港鄉","w":1.5,"c":0,"r":0},"geometry":{"type":"MultiPolygon","coordinates":[[[[120.345533,23.549908],[120.345556,23.549901],[120.343972,23.548778],[120.34396,23.548792],[120.345533,23.549908]]]]}},{"type":"Feature","properties":{"n":"中正路274巷","v":"新港鄉","w":1.15,"c":0.95,"r":4},"geometry":{"type":"MultiPolygon","coordinates":[[[[120.348419,23.562653],[120.34842,23.562663],[120.349956,23.562544],[120.349955,23.562533],[120.348419,23.562653]]]]}},{"type":"Feature","properties":{"n":"古民街","v":"新港鄉","w":2.4,"c":0.8,"r":0},"geometry":{"type":"MultiPolygon","coordinates":[[[[120.351782,23.56174],[120.351808,23.561741],[120.351815,23.56167],[120.351417,23.560423],[120.351392,23.560431],[120.351788,23.561672],[120.351782,23.56174]]]]}},{"type":"Feature","properties":{"n":"藝高路","v":"新港鄉","w":2.1,"c":1,"r":10},"geometry":{"type":"MultiPolygon","coordinates":[[[[120.348496,23.56071],[120.3485,23.560728],[120.35131,23.560347],[120.351308,23.560329],[120.348496,23.56071]]]]}},{"type":"Feature","properties":{"n":"古民街","v":"新港鄉","w":2.3,"c":2.3,"r":4},"geometry":{"type":"MultiPolygon","coordinates":[[[[120.351082,23.559473],[120.351054,23.559484],[120.351321,23.56026],[120.351308,23.560329],[120.35131,23.560347],[120.351368,23.560332],[120.351362,23.560311],[120.351082,23.559473]]]]}},{"type":"Feature","properties":{"n":"縣道157線","v":"新港鄉","w":1.5,"c":0,"r":0},"geometry":{"type":"MultiPolygon","coordinates":[[[[120.345422,23.550015],[120.345436,23.550008],[120.343865,23.548884],[120.343856,23.548895],[120.345422,23.550015]]]]}},{"type":"Feature","properties":{"n":"新中路","v":"新港鄉","w":5.8,"c":2.3,"r":6},"geometry":{"type":"MultiPolygon","coordinates":[[[[120.348941,23.559329],[120.348952,23.559357],[120.350582,23.558943],[120.350594,23.55897],[120.35089,23.558901],[120.350836,23.558873],[120.350769,23.558859],[120.348941,23.559329]]]]}},{"type":"Feature","properties":{"n":"新中路","v":"新港鄉","w":1.5,"c":1.2,"r":4},"geometry":{"type":"MultiPolygon","coordinates":[[[[120.343162,23.558328],[120.343147,23.558331],[120.34354,23.559711],[120.343554,23.559707],[120.343162,23.558328]]]]}},{"type":"Feature","properties":{"n":"登雲路","v":"新港鄉","w":2.8,"c":1.2,"r":1},"geometry":{"type":"MultiPolygon","coordinates":[[[[120.34467,23.556035],[120.344675,23.556054],[120.345291,23.555912],[120.345287,23.555899],[120.34467,23.556035]]]]}},{"type":"Feature","properties":{"n":"古民街8巷","v":"新港鄉","w":2.4,"c":1.3,"r":3},"geometry":{"type":"MultiPolygon","coordinates":[[[[120.351179,23.553783],[120.351154,23.553786],[120.351267,23.555073],[120.351293,23.555073],[120.351179,23.553783]]]]}},{"type":"Feature","properties":{"n":"嘉民路","v":"新港鄉","w":2.7,"c":1.6,"r":3},"geometry":{"type":"MultiPolygon","coordinates":[[[[120.349772,23.549879],[120.349767,23.549915],[120.349815,23.549933],[120.35006,23.550073],[120.350298,23.550244],[120.350494,23.55042],[120.350688,23.550639],[120.351232,23.551411],[120.351255,23.551399],[120.350716,23.550622],[120.350535,23.550402],[120.350335,23.550224],[120.35008,23.550043],[120.349818,23.549895],[120.349772,23.549879]]]]}},{"type":"Feature","properties":{"n":"嘉民北路","v":"新港鄉","w":2.85,"c":1.4,"r":11},"geometry":{"type":"MultiPolygon","coordinates":[[[[120.35394,23.55841],[120.353912,23.558416],[120.35382,23.558641],[120.353752,23.558766],[120.35359,23.55902],[120.353326,23.559308],[120.351706,23.56068],[120.351725,23.560701],[120.35335,23.559321],[120.353605,23.55904],[120.353775,23.558779],[120.353844,23.558647],[120.35394,23.55841],[120.35394,23.55841]]]]}},{"type":"Feature","properties":{"n":"中山路","v":"溪口鄉","w":22.9,"c":1.8,"r":10},"geometry":{"type":"MultiPolygon","coordinates":[[[[120.389412,23.599656],[120.389421,23.599611],[120.389397,23.599564],[120.389372,23.599547],[120.389344,23.599595],[120.389351,23.599629],[120.389382,23.599645],[120.389279,23.600005],[120.389267,23.600135],[120.389291,23.600213],[120.389364,23.600365],[120.389531,23.600513],[120.39233,23.602132],[120.392575,23.602355],[120.392524,23.602395],[120.392969,23.602818],[120.393045,23.603101],[120.393207,23.603043],[120.393251,23.603014],[120.393262,23.602993],[120.393261,23.602972],[120.392355,23.602122],[120.389547,23.60049],[120.38939,23.600346],[120.389322,23.600202],[120.389301,23.600128],[120.389306,23.600018],[120.389412,23.599656]]]]}},{"type":"Feature","properties":{"n":"中山路","v":"溪口鄉","w":6.4,"c":1.2,"r":2},"geometry":{"type":"MultiPolygon","coordinates":[[[[120.393918,23.603889],[120.393897,23.6039],[120.394267,23.604447],[120.394231,23.604643],[120.394407,23.604598],[120.393918,23.603889]]]]}},{"type":"Feature","properties":{"n":"中正路","v":"溪口鄉","w":1.55,"c":0.55,"r":0},"geometry":{"type":"MultiPolygon","coordinates":[[[[120.395592,23.603836],[120.395605,23.603827],[120.395593,23.603813],[120.395064,23.603259],[120.395052,23.603268],[120.39558,23.603822],[120.395592,23.603836]]]]}},{"type":"Feature","properties":{"n":"中正路","v":"溪口鄉","w":1.55,"c":1,"r":0},"geometry":{"type":"MultiPolygon","coordinates":[[[[120.39558,23.603989],[120.395833,23.604277],[120.395849,23.60427],[120.395593,23.603983],[120.39558,23.603989]]]]}},{"type":"Feature","properties":{"n":"中正路","v":"溪口鄉","w":1.55,"c":1.35,"r":0},"geometry":{"type":"MultiPolygon","coordinates":[[[[120.396209,23.604344],[120.396208,23.604358],[120.396804,23.604398],[120.396805,23.604384],[120.396209,23.604344]]]]}},{"type":"Feature","properties":{"n":"中山路","v":"溪口鄉","w":4.2,"c":1.5,"r":3},"geometry":{"type":"MultiPolygon","coordinates":[[[[120.393797,23.603767],[120.393813,23.603739],[120.39339,23.6031],[120.393339,23.60308],[120.393797,23.603767]]]]}},{"type":"Feature","properties":{"n":"中正路","v":"溪口鄉","w":1.55,"c":1,"r":0},"geometry":{"type":"MultiPolygon","coordinates":[[[[120.395633,23.60386],[120.395627,23.603876],[120.395961,23.604257],[120.396044,23.604312],[120.396106,23.604337],[120.396107,23.604321],[120.396052,23.6043],[120.395971,23.604246],[120.395885,23.604149],[120.395633,23.60386]]]]}},{"type":"Feature","properties":{"n":"無名路","v":"溪口鄉","w":5,"c":1.6,"r":2},"geometry":{"type":"MultiPolygon","coordinates":[[[[120.396181,23.598699],[120.396186,23.598734],[120.401784,23.597765],[120.401775,23.597739],[120.396181,23.598699]]]]}},{"type":"Feature","properties":{"n":"中正路","v":"溪口鄉","w":4.9,"c":0.8,"r":0},"geometry":{"type":"MultiPolygon","coordinates":[[[[120.390105,23.597981],[120.390142,23.597952],[120.388216,23.596406],[120.388187,23.596438],[120.390105,23.597981]]]]}},{"type":"Feature","properties":{"n":"中正路","v":"溪口鄉","w":4.9,"c":0.8,"r":0},"geometry":{"type":"MultiPolygon","coordinates":[[[[120.390142,23.597952],[120.390105,23.597981],[120.391353,23.598983],[120.391546,23.599103],[120.391842,23.599255],[120.391983,23.599302],[120.392199,23.599362],[120.392224,23.599359],[120.392466,23.599372],[120.392455,23.599334],[120.392199,23.599337],[120.391841,23.599231],[120.391618,23.599115],[120.391536,23.599063],[120.391392,23.598955],[120.390142,23.597952]]]]}},{"type":"Feature","properties":{"n":"無名路","v":"溪口鄉","w":4.95,"c":2.95,"r":2},"geometry":{"type":"MultiPolygon","coordinates":[[[[120.395998,23.598766],[120.396022,23.598726],[120.392455,23.599334],[120.392466,23.599372],[120.39249,23.599374],[120.395998,23.598766]]]]}},{"type":"Feature","properties":{"n":"成功路","v":"溪口鄉","w":3.3,"c":1.9,"r":0},"geometry":{"type":"MultiPolygon","coordinates":[[[[120.395829,23.600312],[120.395824,23.600335],[120.400809,23.601448],[120.400815,23.601419],[120.395829,23.600312]]]]}},{"type":"Feature","properties":{"n":"成功路","v":"溪口鄉","w":3.2,"c":1.8,"r":0},"geometry":{"type":"MultiPolygon","coordinates":[[[[120.395862,23.600178],[120.395857,23.6002],[120.400838,23.601312],[120.400844,23.601284],[120.395862,23.600178]]]]}},{"type":"Feature","properties":{"n":"成功路","v":"溪口鄉","w":3.3,"c":1.9,"r":0},"geometry":{"type":"MultiPolygon","coordinates":[[[[120.395562,23.600276],[120.395568,23.600254],[120.392474,23.599567],[120.392468,23.599585],[120.395562,23.600276]]]]}},{"type":"Feature","properties":{"n":"成功路","v":"溪口鄉","w":3.2,"c":1.8,"r":0},"geometry":{"type":"MultiPolygon","coordinates":[[[[120.395596,23.600142],[120.395601,23.60012],[120.393243,23.599596],[120.393237,23.599615],[120.395596,23.600142]]]]}},{"type":"Feature","properties":{"n":"無名路","v":"義竹鄉","w":5,"c":4.1,"r":6},"geometry":{"type":"MultiPolygon","coordinates":[[[[120.250517,23.339693],[120.250353,23.336217],[120.25031,23.336217],[120.250475,23.339715],[120.250508,23.339711],[120.250517,23.339693]]]]}},{"type":"Feature","properties":{"n":"無名路","v":"義竹鄉","w":4.4,"c":3.4,"r":6},"geometry":{"type":"MultiPolygon","coordinates":[[[[120.250674,23.339563],[120.250692,23.339583],[120.250713,23.339592],[120.250551,23.336212],[120.250512,23.336212],[120.250611,23.338429],[120.250674,23.339563]]]]}},{"type":"Feature","properties":{"n":"無名路","v":"義竹鄉","w":4.8,"c":3.2,"r":3},"geometry":{"type":"MultiPolygon","coordinates":[[[[120.24522,23.336282],[120.245165,23.336313],[120.246045,23.336513],[120.246053,23.336474],[120.24522,23.336282]]]]}},{"type":"Feature","properties":{"n":"無名路","v":"義竹鄉","w":2.7,"c":1.3,"r":0},"geometry":{"type":"MultiPolygon","coordinates":[[[[120.243048,23.332636],[120.243476,23.332841],[120.243875,23.333018],[120.244165,23.333128],[120.245001,23.333427],[120.245212,23.333546],[120.245475,23.333884],[120.245495,23.33387],[120.245231,23.333529],[120.245013,23.333404],[120.244179,23.333109],[120.243886,23.332999],[120.243483,23.332821],[120.24306,23.332614],[120.243048,23.332636]]]]}}]}