{"type":"FeatureCollection","features":[{"type":"Feature","properties":{"n":"港北路","v":"北區","w":2.4,"c":1.5,"r":2},"geometry":{"type":"MultiPolygon","coordinates":[[[[120.927545,24.832813],[120.92805,24.832544],[120.928144,24.83252],[120.928084,24.832496],[120.928042,24.832503],[120.927542,24.832768],[120.927537,24.832775],[120.927537,24.832797],[120.927545,24.832813]]]]}},{"type":"Feature","properties":{"n":"竹光路","v":"北區","w":2.1,"c":2.1,"r":2},"geometry":{"type":"MultiPolygon","coordinates":[[[[120.952358,24.806311],[120.952379,24.806292],[120.952065,24.805974],[120.952034,24.805983],[120.952358,24.806311]]]]}},{"type":"Feature","properties":{"n":"成功路","v":"北區","w":1.8,"c":0.9,"r":2},"geometry":{"type":"MultiPolygon","coordinates":[[[[120.957223,24.816464],[120.957218,24.816421],[120.957163,24.816319],[120.957113,24.816254],[120.957032,24.816194],[120.956891,24.816006],[120.956066,24.815272],[120.954693,24.814017],[120.954567,24.813946],[120.954457,24.813869],[120.954326,24.813752],[120.954101,24.813539],[120.954067,24.813568],[120.956951,24.816192],[120.957178,24.816431],[120.957207,24.816474],[120.957223,24.816464]]]]}},{"type":"Feature","properties":{"n":"新港二路","v":"北區","w":2.8,"c":2.8,"r":6},"geometry":{"type":"MultiPolygon","coordinates":[[[[120.923469,24.842961],[120.925083,24.845145],[120.925821,24.846239],[120.925878,24.846318],[120.92592,24.846335],[120.925978,24.846335],[120.926012,24.846325],[120.925991,24.846304],[120.925959,24.846313],[120.925936,24.846313],[120.925904,24.846306],[120.925543,24.845766],[120.925169,24.845195],[120.925083,24.845073],[120.924578,24.844373],[120.924199,24.843864],[120.923854,24.843386],[120.92348,24.842903],[120.923469,24.842961]]]]}},{"type":"Feature","properties":{"n":"凌雲街","v":"北區","w":3,"c":2,"r":3},"geometry":{"type":"MultiPolygon","coordinates":[[[[120.954393,24.802133],[120.954385,24.802116],[120.953451,24.802421],[120.953409,24.802536],[120.953686,24.803298],[120.954008,24.804146],[120.954042,24.804132],[120.954042,24.804115],[120.953461,24.802548],[120.953495,24.802448],[120.954354,24.802168],[120.954393,24.802133]]]]}},{"type":"Feature","properties":{"n":"北新街","v":"北區","w":4.7,"c":2.5,"r":2},"geometry":{"type":"MultiPolygon","coordinates":[[[[120.955204,24.803484],[120.955931,24.803246],[120.955921,24.803222],[120.955198,24.803456],[120.955204,24.803484]]]]}},{"type":"Feature","properties":{"n":"經國路二段438巷","v":"北區","w":2,"c":1.4,"r":5},"geometry":{"type":"MultiPolygon","coordinates":[[[[120.95325,24.807275],[120.953287,24.807316],[120.953727,24.807175],[120.955881,24.806514],[120.955852,24.806502],[120.954648,24.806851],[120.953753,24.80712],[120.95325,24.807275]]]]}},{"type":"Feature","properties":{"n":"成德路","v":"北區","w":1.7,"c":1.7,"r":2},"geometry":{"type":"MultiPolygon","coordinates":[[[[120.956355,24.795036],[120.956637,24.794871],[120.957098,24.794625],[120.957292,24.794535],[120.957684,24.794396],[120.957689,24.79437],[120.957347,24.794487],[120.957203,24.794544],[120.957046,24.794616],[120.956883,24.794702],[120.956342,24.795014],[120.956355,24.795036]]]]}},{"type":"Feature","properties":{"n":"東大路二段","v":"北區","w":3.2,"c":2,"r":2},"geometry":{"type":"MultiPolygon","coordinates":[[[[120.964172,24.816961],[120.964198,24.816986],[120.964558,24.81663],[120.964566,24.816611],[120.964561,24.816593],[120.964553,24.816587],[120.964172,24.816962],[120.964172,24.816961]]]]}},{"type":"Feature","properties":{"n":"武陵路18巷","v":"北區","w":6.7,"c":6.4,"r":2},"geometry":{"type":"MultiPolygon","coordinates":[[[[120.963307,24.816278],[120.963331,24.81629],[120.963669,24.815967],[120.96364,24.815946],[120.963627,24.815946],[120.963307,24.816278]]]]}},{"type":"Feature","properties":{"n":"中正路","v":"北區","w":70,"c":0.6,"r":3},"geometry":{"type":"MultiPolygon","coordinates":[[[[120.961083,24.815711],[120.96109,24.815737],[120.961847,24.815577],[120.961876,24.815582],[120.96191,24.815606],[120.962164,24.815831],[120.96219,24.815807],[120.961894,24.815549],[120.96185,24.815542],[120.961104,24.815687],[120.961083,24.815711]]]]}},{"type":"Feature","properties":{"n":"中山路","v":"北區","w":6,"c":7.2,"r":1},"geometry":{"type":"MultiPolygon","coordinates":[[[[120.968572,24.806389],[120.96854,24.806395],[120.968517,24.806392],[120.968508,24.806377],[120.968459,24.806349],[120.968451,24.806358],[120.968406,24.806329],[120.968419,24.806311],[120.968228,24.80619],[120.968218,24.806203],[120.968184,24.806181],[120.968182,24.806184],[120.968109,24.806131],[120.968078,24.806169],[120.968519,24.80645],[120.968572,24.806389]]]]}},{"type":"Feature","properties":{"n":"東門圓環","v":"北區","w":7.8,"c":7.3,"r":2},"geometry":{"type":"MultiPolygon","coordinates":[[[[120.969879,24.804021],[120.969896,24.804059],[120.969896,24.804074],[120.969882,24.804101],[120.969855,24.804118],[120.969863,24.804131],[120.969923,24.804125],[120.969948,24.804066],[120.969944,24.804059],[120.969879,24.804021]]]]}},{"type":"Feature","properties":{"n":"東門圓環","v":"北區","w":7,"c":7.2,"r":2},"geometry":{"type":"MultiPolygon","coordinates":[[[[120.969865,24.804249],[120.969897,24.804276],[120.969912,24.804361],[120.969956,24.804319],[120.969934,24.804258],[120.969865,24.804249]]]]}},{"type":"Feature","properties":{"n":"中正路","v":"北區","w":4.7,"c":2.4,"r":2},"geometry":{"type":"MultiPolygon","coordinates":[[[[120.966805,24.808837],[120.967193,24.808333],[120.967195,24.80832],[120.967188,24.80831],[120.967142,24.808281],[120.967143,24.808291],[120.967017,24.808455],[120.967043,24.808471],[120.966788,24.808808],[120.966716,24.808815],[120.966774,24.80885],[120.96679,24.808849],[120.966803,24.80884],[120.966805,24.808837]]]]}},{"type":"Feature","properties":{"n":"中正路","v":"北區","w":6,"c":3,"r":3},"geometry":{"type":"MultiPolygon","coordinates":[[[[120.969685,24.805101],[120.970105,24.804556],[120.970117,24.804534],[120.970117,24.804505],[120.970102,24.804471],[120.970037,24.804422],[120.969968,24.804353],[120.969959,24.804355],[120.96993,24.804379],[120.96996,24.804422],[120.970062,24.804501],[120.970072,24.804523],[120.97007,24.804541],[120.969651,24.805083],[120.969685,24.805101]]]]}},{"type":"Feature","properties":{"n":"中正路","v":"北區","w":4.7,"c":3.2,"r":2},"geometry":{"type":"MultiPolygon","coordinates":[[[[120.969141,24.805807],[120.969282,24.805623],[120.969279,24.805603],[120.969391,24.805455],[120.969414,24.805452],[120.969665,24.805129],[120.969633,24.805109],[120.969101,24.805799],[120.96908,24.805812],[120.969051,24.805809],[120.969077,24.805825],[120.969092,24.805828],[120.969116,24.805826],[120.969136,24.805813],[120.969141,24.805807]]]]}},{"type":"Feature","properties":{"n":"中正路","v":"北區","w":10,"c":8.6,"r":2},"geometry":{"type":"MultiPolygon","coordinates":[[[[120.968572,24.806389],[120.968519,24.80645],[120.968554,24.806473],[120.968568,24.806474],[120.968609,24.806468],[120.968637,24.806454],[120.969032,24.805942],[120.969038,24.805925],[120.969033,24.805909],[120.969018,24.805898],[120.969013,24.805899],[120.969009,24.805919],[120.968992,24.805928],[120.968964,24.805918],[120.968606,24.806384],[120.968586,24.806371],[120.968587,24.80638],[120.968574,24.806388],[120.968572,24.806389]]]]}},{"type":"Feature","properties":{"n":"中正路","v":"北區","w":13,"c":9.4,"r":2},"geometry":{"type":"MultiPolygon","coordinates":[[[[120.968196,24.807032],[120.968469,24.806674],[120.968479,24.806637],[120.968471,24.8066],[120.968465,24.806589],[120.968423,24.806561],[120.968397,24.806598],[120.968428,24.806618],[120.968325,24.806753],[120.968313,24.806746],[120.968296,24.806766],[120.968285,24.806759],[120.968279,24.806766],[120.968282,24.806768],[120.968242,24.80682],[120.968263,24.806834],[120.968147,24.806983],[120.968165,24.806994],[120.96815,24.807014],[120.968151,24.807026],[120.968175,24.807039],[120.968194,24.807034],[120.968196,24.807032]]]]}},{"type":"Feature","properties":{"n":"中正路","v":"北區","w":4.7,"c":2.4,"r":2},"geometry":{"type":"MultiPolygon","coordinates":[[[[120.9681,24.807102],[120.968063,24.807078],[120.968074,24.807131],[120.967699,24.807616],[120.967639,24.807625],[120.967695,24.80766],[120.967708,24.80766],[120.967716,24.807654],[120.968103,24.807155],[120.968117,24.807127],[120.968113,24.807114],[120.968104,24.807104],[120.9681,24.807102]]]]}},{"type":"Feature","properties":{"n":"中正路","v":"北區","w":4.7,"c":2.4,"r":2},"geometry":{"type":"MultiPolygon","coordinates":[[[[120.967197,24.808219],[120.967241,24.808247],[120.967262,24.808244],[120.967654,24.807735],[120.967655,24.807727],[120.967649,24.807718],[120.967604,24.807689],[120.967612,24.807734],[120.967234,24.808209],[120.967197,24.808219]]]]}},{"type":"Feature","properties":{"n":"演藝路","v":"北區","w":3.55,"c":2.55,"r":null},"geometry":{"type":"MultiPolygon","coordinates":[[[[120.967954,24.812964],[120.967823,24.813122],[120.967738,24.813235],[120.967736,24.813233],[120.967705,24.813271],[120.967718,24.813278],[120.967738,24.813276],[120.967979,24.812981],[120.967954,24.812964]]]]}},{"type":"Feature","properties":{"n":"東大路二段","v":"北區","w":1.7,"c":1.3,"r":2},"geometry":{"type":"MultiPolygon","coordinates":[[[[120.967647,24.813293],[120.967651,24.813341],[120.967529,24.813491],[120.967552,24.813505],[120.967686,24.813338],[120.967688,24.813327],[120.967684,24.813318],[120.967647,24.813293]]]]}},{"type":"Feature","properties":{"n":"東大路二段","v":"北區","w":3.7,"c":2.5,"r":2},"geometry":{"type":"MultiPolygon","coordinates":[[[[120.967394,24.814207],[120.967428,24.814214],[120.967556,24.814064],[120.967574,24.814013],[120.967585,24.813951],[120.967582,24.813918],[120.967569,24.813889],[120.967564,24.813892],[120.967556,24.813985],[120.967535,24.814047],[120.967394,24.814207]]]]}},{"type":"Feature","properties":{"n":"東大路二段","v":"北區","w":2.9,"c":1.4,"r":3},"geometry":{"type":"MultiPolygon","coordinates":[[[[120.967113,24.813795],[120.967099,24.813813],[120.967176,24.813863],[120.966702,24.814449],[120.966711,24.814458],[120.966734,24.814459],[120.967211,24.813892],[120.96721,24.813873],[120.967195,24.813845],[120.967113,24.813795]]]]}},{"type":"Feature","properties":{"n":"東大路二段","v":"北區","w":3.2,"c":2.2,"r":3},"geometry":{"type":"MultiPolygon","coordinates":[[[[120.967,24.814753],[120.967163,24.814564],[120.96716,24.814561],[120.96725,24.814446],[120.967376,24.814295],[120.96733,24.814299],[120.967323,24.814332],[120.967208,24.814476],[120.967177,24.814493],[120.966986,24.814732],[120.966992,24.814746],[120.967,24.814753]]]]}},{"type":"Feature","properties":{"n":"東大路二段","v":"北區","w":3,"c":1.8,"r":2},"geometry":{"type":"MultiPolygon","coordinates":[[[[120.966619,24.814495],[120.966586,24.814516],[120.966559,24.814578],[120.96655,24.814585],[120.966558,24.814605],[120.965739,24.815415],[120.96576,24.815425],[120.965782,24.815418],[120.966109,24.815094],[120.966121,24.815063],[120.96623,24.814955],[120.966258,24.814944],[120.966646,24.814564],[120.966652,24.814553],[120.966654,24.814535],[120.966645,24.814518],[120.966639,24.814525],[120.966619,24.814495]]]]}},{"type":"Feature","properties":{"n":"武陵路","v":"北區","w":3,"c":2.2,"r":2},"geometry":{"type":"MultiPolygon","coordinates":[[[[120.962098,24.815134],[120.962077,24.81513],[120.962093,24.815165],[120.962412,24.815462],[120.962436,24.815474],[120.962441,24.815459],[120.962098,24.815134]]]]}},{"type":"Feature","properties":{"n":"中正路","v":"北區","w":3,"c":2.2,"r":2},"geometry":{"type":"MultiPolygon","coordinates":[[[[120.961832,24.81525],[120.961803,24.815236],[120.961748,24.815317],[120.960725,24.815555],[120.960733,24.815582],[120.961764,24.815346],[120.961814,24.815295],[120.961832,24.81525]]]]}},{"type":"Feature","properties":{"n":"東大路二段","v":"北區","w":3.5,"c":2,"r":2},"geometry":{"type":"MultiPolygon","coordinates":[[[[120.966828,24.814875],[120.966827,24.814891],[120.966218,24.815493],[120.966214,24.815516],[120.966228,24.815535],[120.966896,24.814866],[120.966862,24.814842],[120.966828,24.814875]]]]}},{"type":"Feature","properties":{"n":"東大路二段","v":"北區","w":4.9,"c":4.9,"r":2},"geometry":{"type":"MultiPolygon","coordinates":[[[[120.966198,24.815558],[120.966181,24.815549],[120.966159,24.815553],[120.966098,24.815612],[120.96612,24.815632],[120.966157,24.815596],[120.966198,24.815558]]]]}},{"type":"Feature","properties":{"n":"中正路","v":"北區","w":2,"c":1.1,"r":2},"geometry":{"type":"MultiPolygon","coordinates":[[[[120.960159,24.815715],[120.960706,24.815589],[120.960693,24.815563],[120.960146,24.815689],[120.960141,24.815696],[120.960159,24.815715]]]]}},{"type":"Feature","properties":{"n":"中正路","v":"北區","w":7,"c":1.6,"r":4},"geometry":{"type":"MultiPolygon","coordinates":[[[[120.960208,24.815904],[120.960967,24.815733],[120.960961,24.815702],[120.9602,24.815871],[120.960208,24.815904]]]]}},{"type":"Feature","properties":{"n":"中正路","v":"北區","w":2.3,"c":1.4,"r":2},"geometry":{"type":"MultiPolygon","coordinates":[[[[120.959988,24.815727],[120.959511,24.815836],[120.959518,24.815853],[120.959532,24.815856],[120.95998,24.815754],[120.959991,24.815743],[120.959988,24.815727]]]]}},{"type":"Feature","properties":{"n":"東大路二段","v":"北區","w":7,"c":4.7,"r":1},"geometry":{"type":"MultiPolygon","coordinates":[[[[120.966374,24.815988],[120.966371,24.815939],[120.966104,24.815716],[120.966037,24.815718],[120.966028,24.815727],[120.966327,24.81598],[120.966362,24.815998],[120.966374,24.815988]]]]}},{"type":"Feature","properties":{"n":"武陵路","v":"北區","w":5,"c":4.1,"r":4},"geometry":{"type":"MultiPolygon","coordinates":[[[[120.962235,24.815911],[120.963433,24.816936],[120.963446,24.816924],[120.963452,24.8169],[120.962279,24.815894],[120.962235,24.815911]]]]}},{"type":"Feature","properties":{"n":"中正路","v":"北區","w":2,"c":1.1,"r":2},"geometry":{"type":"MultiPolygon","coordinates":[[[[120.958397,24.816116],[120.959436,24.815875],[120.959426,24.815854],[120.958394,24.816085],[120.958397,24.816116]]]]}},{"type":"Feature","properties":{"n":"中正路","v":"北區","w":2.8,"c":1.9,"r":2},"geometry":{"type":"MultiPolygon","coordinates":[[[[120.959917,24.815977],[120.960065,24.815943],[120.960058,24.815928],[120.960044,24.815923],[120.959233,24.816108],[120.959222,24.816117],[120.959223,24.816135],[120.959917,24.815977]]]]}},{"type":"Feature","properties":{"n":"東大路二段","v":"北區","w":3.2,"c":2,"r":2},"geometry":{"type":"MultiPolygon","coordinates":[[[[120.964974,24.816174],[120.964998,24.816181],[120.965025,24.81617],[120.965664,24.815536],[120.965668,24.815505],[120.965655,24.815465],[120.965643,24.815456],[120.965651,24.815497],[120.965657,24.8155],[120.965172,24.815978],[120.964974,24.816174]]]]}},{"type":"Feature","properties":{"n":"東大路二段239巷","v":"北區","w":2.2,"c":1.3,"r":0},"geometry":{"type":"MultiPolygon","coordinates":[[[[120.963749,24.815917],[120.963733,24.815915],[120.963717,24.815923],[120.963822,24.816014],[120.963831,24.816005],[120.964077,24.816218],[120.964085,24.816189],[120.963749,24.815917]]]]}},{"type":"Feature","properties":{"n":"武陵路18巷","v":"北區","w":2.4,"c":2.4,"r":1},"geometry":{"type":"MultiPolygon","coordinates":[[[[120.963291,24.816183],[120.963313,24.816201],[120.963532,24.815971],[120.963523,24.815963],[120.963458,24.81603],[120.963455,24.816027],[120.963291,24.816183]]]]}},{"type":"Feature","properties":{"n":"中正路","v":"北區","w":2.8,"c":1.9,"r":2},"geometry":{"type":"MultiPolygon","coordinates":[[[[120.958465,24.816293],[120.958465,24.816308],[120.959185,24.816143],[120.959178,24.81613],[120.959166,24.816125],[120.958476,24.81628],[120.958465,24.816291],[120.958465,24.816293]]]]}},{"type":"Feature","properties":{"n":"中正路","v":"北區","w":2.6,"c":1.4,"r":2},"geometry":{"type":"MultiPolygon","coordinates":[[[[120.958226,24.81613],[120.95753,24.816289],[120.957429,24.816263],[120.957412,24.816247],[120.957399,24.81626],[120.95743,24.816284],[120.957539,24.81631],[120.958239,24.81615],[120.958226,24.81613]]]]}},{"type":"Feature","properties":{"n":"中正路","v":"北區","w":2.6,"c":1.4,"r":2},"geometry":{"type":"MultiPolygon","coordinates":[[[[120.95752,24.816511],[120.957523,24.816521],[120.958313,24.816343],[120.958309,24.816328],[120.958279,24.816335],[120.958276,24.816326],[120.957528,24.816497],[120.95752,24.816509],[120.95752,24.816511]]]]}},{"type":"Feature","properties":{"n":"東大路二段","v":"北區","w":3.2,"c":2,"r":2},"geometry":{"type":"MultiPolygon","coordinates":[[[[120.964643,24.816545],[120.964952,24.816242],[120.96496,24.816226],[120.964956,24.816206],[120.964947,24.816199],[120.964599,24.816545],[120.96462,24.816557],[120.96464,24.816549],[120.964643,24.816545]]]]}},{"type":"Feature","properties":{"n":"東大路二段","v":"北區","w":3.2,"c":2,"r":2},"geometry":{"type":"MultiPolygon","coordinates":[[[[120.964991,24.816754],[120.964988,24.816752],[120.966037,24.815718],[120.966026,24.815707],[120.966003,24.815709],[120.964974,24.816725],[120.964968,24.816736],[120.964969,24.816746],[120.964985,24.816761],[120.964991,24.816754]]]]}},{"type":"Feature","properties":{"n":"鐵道路三段","v":"北區","w":3,"c":3,"r":0},"geometry":{"type":"MultiPolygon","coordinates":[[[[120.957494,24.816757],[120.957504,24.816745],[120.957305,24.816575],[120.957287,24.816582],[120.957274,24.816594],[120.957303,24.816597],[120.957494,24.816757]]]]}},{"type":"Feature","properties":{"n":"東大路二段190巷","v":"北區","w":2.5,"c":1.6,"r":1},"geometry":{"type":"MultiPolygon","coordinates":[[[[120.964989,24.816753],[120.96575,24.817033],[120.965787,24.817016],[120.965831,24.816925],[120.965811,24.816913],[120.965769,24.816966],[120.965761,24.816961],[120.96575,24.816968],[120.965737,24.816994],[120.965703,24.816966],[120.965664,24.816942],[120.965653,24.816966],[120.965517,24.81692],[120.965523,24.816901],[120.965447,24.816877],[120.965439,24.816884],[120.96535,24.816849],[120.965258,24.816774],[120.965232,24.816801],[120.965211,24.816786],[120.965209,24.816794],[120.965164,24.816777],[120.965169,24.81676],[120.965101,24.816739],[120.965093,24.816748],[120.965057,24.816739],[120.965104,24.816691],[120.965075,24.816667],[120.964989,24.816753]]]]}},{"type":"Feature","properties":{"n":"鐵道路三段","v":"北區","w":1.3,"c":0.6,"r":2},"geometry":{"type":"MultiPolygon","coordinates":[[[[120.957522,24.81654],[120.957493,24.816545],[120.957553,24.816681],[120.958228,24.817216],[120.958244,24.817195],[120.957569,24.816664],[120.957522,24.81654]]]]}},{"type":"Feature","properties":{"n":"武陵路","v":"北區","w":1.5,"c":1.2,"r":2},"geometry":{"type":"MultiPolygon","coordinates":[[[[120.963716,24.816572],[120.96364,24.816509],[120.963648,24.816503],[120.963373,24.816263],[120.963373,24.816247],[120.963358,24.816234],[120.963339,24.816254],[120.963334,24.816268],[120.963336,24.816282],[120.963384,24.816329],[120.963398,24.816316],[120.963512,24.816413],[120.963497,24.816427],[120.963519,24.816445],[120.963533,24.816431],[120.963626,24.816511],[120.963612,24.816526],[120.963633,24.816544],[120.963647,24.816531],[120.963877,24.816729],[120.964085,24.81691],[120.964072,24.816923],[120.964144,24.816986],[120.964169,24.816996],[120.964198,24.816986],[120.963822,24.816656],[120.963716,24.816572]]]]}},{"type":"Feature","properties":{"n":"東大路二段190巷","v":"北區","w":2.6,"c":1.4,"r":2},"geometry":{"type":"MultiPolygon","coordinates":[[[[120.964884,24.816843],[120.965679,24.817139],[120.965682,24.817161],[120.965663,24.817185],[120.965666,24.817199],[120.96569,24.817206],[120.965718,24.817178],[120.965729,24.817156],[120.965724,24.817115],[120.964907,24.816814],[120.964884,24.816843]]]]}},{"type":"Feature","properties":{"n":"東大路二段","v":"北區","w":3,"c":2.1,"r":2},"geometry":{"type":"MultiPolygon","coordinates":[[[[120.963846,24.817114],[120.963944,24.817196],[120.963972,24.8172],[120.963986,24.817195],[120.964088,24.817095],[120.964093,24.817079],[120.964084,24.817059],[120.963984,24.816972],[120.963959,24.816997],[120.963994,24.817019],[120.964008,24.817046],[120.964009,24.817079],[120.963994,24.817108],[120.963966,24.817127],[120.963922,24.817134],[120.963889,24.817124],[120.963863,24.817096],[120.963846,24.817114]]]]}},{"type":"Feature","properties":{"n":"武陵路70巷","v":"北區","w":3,"c":1.2,"r":2},"geometry":{"type":"MultiPolygon","coordinates":[[[[120.96563,24.817214],[120.965356,24.817489],[120.96539,24.817494],[120.965653,24.817233],[120.96563,24.817214]]]]}},{"type":"Feature","properties":{"n":"東大路二段190巷","v":"北區","w":2.6,"c":1.7,"r":3},"geometry":{"type":"MultiPolygon","coordinates":[[[[120.965831,24.81721],[120.965867,24.817203],[120.966663,24.817504],[120.966673,24.817537],[120.966647,24.817568],[120.966673,24.817583],[120.96671,24.817533],[120.966694,24.817485],[120.965854,24.817169],[120.965807,24.817188],[120.965831,24.81721]]]]}},{"type":"Feature","properties":{"n":"武陵路70巷","v":"北區","w":2.3,"c":1.4,"r":2},"geometry":{"type":"MultiPolygon","coordinates":[[[[120.965806,24.817189],[120.965324,24.81766],[120.965374,24.817676],[120.9654,24.817643],[120.965518,24.817519],[120.96583,24.817211],[120.965806,24.817189]]]]}},{"type":"Feature","properties":{"n":"武陵路","v":"北區","w":3,"c":1.5,"r":2},"geometry":{"type":"MultiPolygon","coordinates":[[[[120.964483,24.817301],[120.964454,24.817329],[120.965254,24.817631],[120.965345,24.817538],[120.965344,24.817531],[120.965329,24.817518],[120.965253,24.817592],[120.964678,24.817374],[120.964483,24.817301]]]]}},{"type":"Feature","properties":{"n":"鐵道路三段","v":"北區","w":0.9,"c":0.6,"r":2},"geometry":{"type":"MultiPolygon","coordinates":[[[[120.95831,24.817238],[120.958292,24.817254],[120.959286,24.818028],[120.959302,24.818005],[120.95831,24.817238]]]]}},{"type":"Feature","properties":{"n":"東大路二段190巷","v":"北區","w":2.6,"c":1.7,"r":3},"geometry":{"type":"MultiPolygon","coordinates":[[[[120.966802,24.817549],[120.966803,24.817586],[120.966841,24.817578],[120.967533,24.817836],[120.967507,24.817865],[120.967516,24.817869],[120.967526,24.817882],[120.967547,24.817875],[120.967577,24.817846],[120.967552,24.817805],[120.96685,24.817544],[120.966802,24.817549]]]]}},{"type":"Feature","properties":{"n":"武陵路86巷","v":"北區","w":2.4,"c":1.5,"r":2},"geometry":{"type":"MultiPolygon","coordinates":[[[[120.966323,24.817877],[120.966357,24.817886],[120.966618,24.817623],[120.966598,24.817607],[120.966323,24.817877]]]]}},{"type":"Feature","properties":{"n":"武陵路","v":"北區","w":2.9,"c":2,"r":2},"geometry":{"type":"MultiPolygon","coordinates":[[[[120.965396,24.817657],[120.965365,24.81768],[120.966247,24.818005],[120.966262,24.818003],[120.966315,24.817936],[120.966283,24.817917],[120.966249,24.81796],[120.966239,24.817965],[120.966231,24.817962],[120.965396,24.817657]]]]}},{"type":"Feature","properties":{"n":"東大路二段","v":"北區","w":3.8,"c":2.8,"r":2},"geometry":{"type":"MultiPolygon","coordinates":[[[[120.963665,24.818002],[120.963704,24.818024],[120.964173,24.817565],[120.964199,24.81752],[120.964181,24.817515],[120.964144,24.817522],[120.963665,24.818002]]]]}},{"type":"Feature","properties":{"n":"武陵路86巷","v":"北區","w":2.4,"c":1.5,"r":null},"geometry":{"type":"MultiPolygon","coordinates":[[[[120.966372,24.818017],[120.966803,24.817586],[120.966802,24.817549],[120.966321,24.81803],[120.966346,24.818043],[120.966372,24.818017]]]]}},{"type":"Feature","properties":{"n":"鐵道路三段","v":"北區","w":1.3,"c":0.8,"r":2},"geometry":{"type":"MultiPolygon","coordinates":[[[[120.957586,24.816846],[120.959218,24.818143],[120.959232,24.818128],[120.957601,24.816831],[120.957586,24.816846]]]]}},{"type":"Feature","properties":{"n":"武陵路98巷","v":"北區","w":2.9,"c":2,"r":5},"geometry":{"type":"MultiPolygon","coordinates":[[[[120.967059,24.81881],[120.967104,24.818805],[120.967077,24.818564],[120.967117,24.81848],[120.96769,24.817898],[120.967737,24.817898],[120.967876,24.817953],[120.967897,24.817914],[120.967711,24.817845],[120.967687,24.817848],[120.967054,24.818476],[120.967022,24.818562],[120.967059,24.81881]]]]}},{"type":"Feature","properties":{"n":"武陵路","v":"北區","w":0.9,"c":0.9,"r":1},"geometry":{"type":"MultiPolygon","coordinates":[[[[120.966353,24.818045],[120.9668,24.818213],[120.966868,24.818256],[120.966894,24.818296],[120.966944,24.818428],[120.966957,24.818478],[120.966981,24.818478],[120.967088,24.818387],[120.967132,24.818332],[120.967127,24.818311],[120.967112,24.818311],[120.967002,24.818425],[120.966986,24.818428],[120.966978,24.818418],[120.966926,24.818263],[120.966889,24.818222],[120.966839,24.818196],[120.966374,24.818019],[120.966353,24.818045]]]]}},{"type":"Feature","properties":{"n":"武陵路","v":"北區","w":2.7,"c":1.5,"r":2},"geometry":{"type":"MultiPolygon","coordinates":[[[[120.965045,24.817998],[120.965124,24.817924],[120.965153,24.817927],[120.965956,24.81823],[120.965953,24.81824],[120.965933,24.818259],[120.965967,24.818283],[120.966019,24.81823],[120.966014,24.818213],[120.965129,24.817874],[120.9651,24.817883],[120.965014,24.817981],[120.965045,24.817998]]]]}},{"type":"Feature","properties":{"n":"武陵路61巷","v":"北區","w":2.9,"c":1.2,"r":5},"geometry":{"type":"MultiPolygon","coordinates":[[[[120.964751,24.818239],[120.964656,24.818335],[120.964662,24.81838],[120.965133,24.81791],[120.965086,24.817893],[120.964751,24.818239]]]]}},{"type":"Feature","properties":{"n":"武陵路98巷","v":"北區","w":3,"c":2.1,"r":1},"geometry":{"type":"MultiPolygon","coordinates":[[[[120.967107,24.818288],[120.967099,24.818305],[120.967101,24.818314],[120.967138,24.818309],[120.967502,24.817918],[120.967494,24.817899],[120.967471,24.817901],[120.967107,24.818288]]]]}},{"type":"Feature","properties":{"n":"武陵西一路","v":"北區","w":1.4,"c":1.1,"r":2},"geometry":{"type":"MultiPolygon","coordinates":[[[[120.963633,24.818091],[120.964441,24.818395],[120.964453,24.818435],[120.964467,24.818424],[120.964455,24.818384],[120.963638,24.818076],[120.963633,24.818091]]]]}},{"type":"Feature","properties":{"n":"東大路二段","v":"北區","w":3.2,"c":2.2,"r":2},"geometry":{"type":"MultiPolygon","coordinates":[[[[120.962442,24.818668],[120.962465,24.818679],[120.962486,24.81867],[120.962845,24.818316],[120.962848,24.818298],[120.962835,24.81828],[120.962442,24.818668]]]]}},{"type":"Feature","properties":{"n":"武陵路73巷","v":"北區","w":3,"c":2.1,"r":3},"geometry":{"type":"MultiPolygon","coordinates":[[[[120.965959,24.818282],[120.965925,24.818258],[120.965878,24.818312],[120.965531,24.818659],[120.965508,24.818666],[120.965507,24.818702],[120.965546,24.818693],[120.965959,24.818282]]]]}},{"type":"Feature","properties":{"n":"東大路二段232巷","v":"北區","w":3,"c":2.1,"r":3},"geometry":{"type":"MultiPolygon","coordinates":[[[[120.965511,24.818705],[120.965509,24.818662],[120.964695,24.818361],[120.964692,24.818346],[120.964721,24.818323],[120.964682,24.818303],[120.96465,24.818337],[120.964658,24.818385],[120.964776,24.818428],[120.965511,24.818705]]]]}},{"type":"Feature","properties":{"n":"鐵道路三段","v":"北區","w":3.3,"c":1.5,"r":3},"geometry":{"type":"MultiPolygon","coordinates":[[[[120.959382,24.818078],[120.960256,24.818771],[120.960295,24.818773],[120.960316,24.818749],[120.959947,24.818469],[120.959923,24.818489],[120.959395,24.818066],[120.959382,24.818078]]]]}},{"type":"Feature","properties":{"n":"東大路二段232巷","v":"北區","w":3,"c":2.1,"r":2},"geometry":{"type":"MultiPolygon","coordinates":[[[[120.965409,24.818765],[120.964581,24.818451],[120.964532,24.818459],[120.964551,24.818492],[120.964577,24.818489],[120.965379,24.818792],[120.965409,24.818765],[120.965409,24.818765]]]]}},{"type":"Feature","properties":{"n":"武陵路61巷","v":"北區","w":3,"c":0.71,"r":1},"geometry":{"type":"MultiPolygon","coordinates":[[[[120.964195,24.818846],[120.964551,24.818492],[120.964532,24.818459],[120.964156,24.818835],[120.964197,24.818854],[120.964195,24.818846]]]]}},{"type":"Feature","properties":{"n":"鐵道路三段","v":"北區","w":1.5,"c":0.9,"r":2},"geometry":{"type":"MultiPolygon","coordinates":[[[[120.959269,24.818184],[120.960152,24.818886],[120.960189,24.818888],[120.960104,24.81883],[120.960108,24.818816],[120.960079,24.818792],[120.960074,24.818796],[120.959282,24.818168],[120.959276,24.818175],[120.959269,24.818184]]]]}},{"type":"Feature","properties":{"n":"東大路二段","v":"北區","w":3.8,"c":2.5,"r":2},"geometry":{"type":"MultiPolygon","coordinates":[[[[120.963124,24.818594],[120.96309,24.818578],[120.96291,24.818757],[120.962941,24.818771],[120.963124,24.818594]]]]}},{"type":"Feature","properties":{"n":"武陵路","v":"北區","w":3,"c":1.5,"r":3},"geometry":{"type":"MultiPolygon","coordinates":[[[[120.966103,24.818246],[120.966077,24.818268],[120.966563,24.818454],[120.9666,24.81849],[120.966754,24.818954],[120.966796,24.818951],[120.966705,24.818674],[120.96665,24.818485],[120.966621,24.818447],[120.966553,24.818407],[120.966393,24.818354],[120.966103,24.818246]]]]}},{"type":"Feature","properties":{"n":"東大路二段","v":"北區","w":3,"c":1.8,"r":2},"geometry":{"type":"MultiPolygon","coordinates":[[[[120.961997,24.81913],[120.962008,24.819135],[120.962022,24.819131],[120.962418,24.818739],[120.962421,24.81872],[120.962417,24.818705],[120.96241,24.818699],[120.961986,24.81912],[120.961997,24.81913]]]]}},{"type":"Feature","properties":{"n":"武陵西二路","v":"北區","w":3,"c":1.3,"r":1},"geometry":{"type":"MultiPolygon","coordinates":[[[[120.965014,24.819159],[120.964197,24.818854],[120.964156,24.818835],[120.964167,24.81888],[120.965008,24.819194],[120.965014,24.819159]]]]}},{"type":"Feature","properties":{"n":"武陵路71巷","v":"北區","w":3.2,"c":2.2,"r":3},"geometry":{"type":"MultiPolygon","coordinates":[[[[120.965409,24.818765],[120.96538,24.818792],[120.965382,24.818802],[120.965025,24.81916],[120.965014,24.819159],[120.965008,24.819194],[120.965055,24.819184],[120.965421,24.818816],[120.965409,24.818765]]]]}},{"type":"Feature","properties":{"n":"武陵西三路","v":"北區","w":1.2,"c":1.2,"r":2},"geometry":{"type":"MultiPolygon","coordinates":[[[[120.962778,24.818996],[120.962776,24.819012],[120.96355,24.819295],[120.963603,24.81929],[120.963624,24.819264],[120.963613,24.819256],[120.963579,24.819278],[120.963543,24.819278],[120.962778,24.818996]]]]}},{"type":"Feature","properties":{"n":"武陵路61巷","v":"北區","w":1.2,"c":1.2,"r":2},"geometry":{"type":"MultiPolygon","coordinates":[[[[120.964064,24.818953],[120.964032,24.818958],[120.963689,24.819299],[120.963702,24.819347],[120.963715,24.819338],[120.963708,24.819309],[120.964043,24.81897],[120.964064,24.818967],[120.964064,24.818953]]]]}},{"type":"Feature","properties":{"n":"東大路二段","v":"北區","w":3.5,"c":2.3,"r":2},"geometry":{"type":"MultiPolygon","coordinates":[[[[120.961766,24.819338],[120.961791,24.819359],[120.961964,24.819189],[120.961966,24.81917],[120.961953,24.819154],[120.961766,24.819338]]]]}},{"type":"Feature","properties":{"n":"武陵西三路","v":"北區","w":1.2,"c":1.2,"r":1},"geometry":{"type":"MultiPolygon","coordinates":[[[[120.963723,24.81934],[120.96371,24.819323],[120.963694,24.819333],[120.9637,24.81935],[120.964252,24.819546],[120.964255,24.819529],[120.963723,24.81934]]]]}},{"type":"Feature","properties":{"n":"鐵道路三段","v":"北區","w":1.4,"c":0.5,"r":2},"geometry":{"type":"MultiPolygon","coordinates":[[[[120.960393,24.818827],[120.960369,24.818851],[120.960374,24.81887],[120.961379,24.819673],[120.961413,24.819689],[120.961431,24.819689],[120.961473,24.819644],[120.961387,24.819649],[120.960403,24.818867],[120.960406,24.818815],[120.960393,24.818827]]]]}},{"type":"Feature","properties":{"n":"東大路二段","v":"北區","w":3.5,"c":1.7,"r":3},"geometry":{"type":"MultiPolygon","coordinates":[[[[120.961434,24.819689],[120.961476,24.819689],[120.961505,24.819673],[120.961722,24.819439],[120.961698,24.819417],[120.961434,24.819689]]]]}},{"type":"Feature","properties":{"n":"鐵道路三段","v":"北區","w":1.4,"c":0.5,"r":2},"geometry":{"type":"MultiPolygon","coordinates":[[[[120.96029,24.818994],[120.960968,24.819532],[120.961277,24.819768],[120.961285,24.81978],[120.961282,24.819816],[120.961303,24.819821],[120.961303,24.819787],[120.961295,24.819763],[120.960304,24.81898],[120.96029,24.818994]]]]}},{"type":"Feature","properties":{"n":"鐵道路二段","v":"北區","w":4.5,"c":4.5,"r":2},"geometry":{"type":"MultiPolygon","coordinates":[[[[120.961559,24.819823],[120.961662,24.819908],[120.96167,24.819908],[120.961689,24.819889],[120.961581,24.819799],[120.961559,24.819813],[120.961559,24.819822],[120.961559,24.819823]]]]}},{"type":"Feature","properties":{"n":"東大路二段","v":"北區","w":5,"c":2,"r":2},"geometry":{"type":"MultiPolygon","coordinates":[[[[120.96202,24.819685],[120.962,24.819674],[120.961975,24.819681],[120.96173,24.819925],[120.961726,24.819942],[120.961739,24.819962],[120.96202,24.819685]]]]}},{"type":"Feature","properties":{"n":"鐵道路二段","v":"北區","w":6.4,"c":5.8,"r":2},"geometry":{"type":"MultiPolygon","coordinates":[[[[120.961733,24.819964],[120.962515,24.820621],[120.962573,24.820621],[120.962604,24.820581],[120.962562,24.820583],[120.962361,24.820423],[120.962403,24.820385],[120.961772,24.81988],[120.96173,24.819928],[120.96173,24.81995],[120.961733,24.819964]]]]}},{"type":"Feature","properties":{"n":"鐵道路二段","v":"北區","w":3,"c":10,"r":2},"geometry":{"type":"MultiPolygon","coordinates":[[[[120.962659,24.820619],[120.962615,24.820657],[120.962615,24.82069],[120.962923,24.820958],[120.962923,24.820968],[120.963101,24.821087],[120.963114,24.821078],[120.963112,24.821066],[120.962965,24.82097],[120.962963,24.820951],[120.962949,24.820941],[120.962944,24.820948],[120.962913,24.820922],[120.963004,24.820863],[120.962897,24.820786],[120.962874,24.820815],[120.962832,24.820824],[120.962811,24.820815],[120.962751,24.820764],[120.962745,24.820755],[120.962766,24.820731],[120.962798,24.820722],[120.962659,24.820619]]]]}},{"type":"Feature","properties":{"n":"天府路二段","v":"北區","w":3.7,"c":1.9,"r":4},"geometry":{"type":"MultiPolygon","coordinates":[[[[120.923078,24.842889],[120.923115,24.842875],[120.923298,24.84277],[120.923351,24.842712],[120.923621,24.842345],[120.923794,24.842127],[120.923922,24.841984],[120.923982,24.841927],[120.924053,24.841879],[120.924365,24.841693],[120.924391,24.841655],[120.924396,24.841636],[120.924372,24.841585],[120.924338,24.841609],[120.924359,24.841645],[120.924299,24.841686],[120.92405,24.841827],[120.923917,24.841915],[120.923822,24.842015],[120.923626,24.842252],[120.923477,24.842462],[120.923275,24.84272],[120.923225,24.84276],[120.923058,24.842858],[120.923078,24.842889]]]]}},{"type":"Feature","properties":{"n":"榮濱南路","v":"北區","w":2.3,"c":1.2,"r":2},"geometry":{"type":"MultiPolygon","coordinates":[[[[120.92938,24.839506],[120.927918,24.836823],[120.9279,24.836854],[120.929356,24.839521],[120.929375,24.839506],[120.92938,24.839506]]]]}},{"type":"Feature","properties":{"n":"東大路二段","v":"北區","w":3.2,"c":2.3,"r":2},"geometry":{"type":"MultiPolygon","coordinates":[[[[120.962919,24.818248],[120.963858,24.817338],[120.963832,24.817319],[120.962898,24.818229],[120.962919,24.818248]]]]}},{"type":"Feature","properties":{"n":"天府路一段","v":"北區","w":3,"c":1.5,"r":2},"geometry":{"type":"MultiPolygon","coordinates":[[[[120.931752,24.839718],[120.931801,24.83968],[120.931867,24.839649],[120.932333,24.839594],[120.932312,24.839575],[120.931846,24.839627],[120.931773,24.839665],[120.931752,24.839718]]]]}},{"type":"Feature","properties":{"n":"天府路一段","v":"北區","w":4,"c":3,"r":2},"geometry":{"type":"MultiPolygon","coordinates":[[[[120.933431,24.839201],[120.933421,24.839173],[120.933259,24.839201],[120.93313,24.839218],[120.931806,24.83938],[120.931662,24.839401],[120.931596,24.839428],[120.931654,24.839428],[120.932973,24.839275],[120.933261,24.839235],[120.933382,24.839213],[120.933431,24.839201]]]]}},{"type":"Feature","properties":{"n":"天府路一段","v":"北區","w":3,"c":2.4,"r":2},"geometry":{"type":"MultiPolygon","coordinates":[[[[120.932381,24.839586],[120.933208,24.839487],[120.93342,24.839446],[120.933402,24.839425],[120.933276,24.839448],[120.93236,24.839563],[120.932381,24.839586]]]]}},{"type":"Feature","properties":{"n":"天府路一段","v":"北區","w":3,"c":2.1,"r":2},"geometry":{"type":"MultiPolygon","coordinates":[[[[120.93346,24.839417],[120.933475,24.839443],[120.933829,24.839374],[120.933808,24.839348],[120.933659,24.839371],[120.93346,24.839417]]]]}},{"type":"Feature","properties":{"n":"天府路二段","v":"北區","w":3.6,"c":1.8,"r":3},"geometry":{"type":"MultiPolygon","coordinates":[[[[120.923481,24.842904],[120.923494,24.842921],[120.923908,24.842374],[120.924102,24.842164],[120.924304,24.841995],[120.92445,24.841909],[120.924581,24.84188],[120.92461,24.841902],[120.924639,24.841885],[120.92461,24.841859],[120.924592,24.841849],[120.924547,24.841847],[120.924401,24.841885],[120.924183,24.84203],[120.924042,24.842162],[120.923919,24.842286],[120.923591,24.842718],[120.923494,24.842857],[120.923481,24.842904]]]]}},{"type":"Feature","properties":{"n":"天府路二段","v":"北區","w":4,"c":3.1,"r":2},"geometry":{"type":"MultiPolygon","coordinates":[[[[120.924546,24.841472],[120.92458,24.84151],[120.924627,24.841512],[120.924682,24.841493],[120.926261,24.840574],[120.926557,24.84041],[120.926926,24.840235],[120.927298,24.840095],[120.927316,24.840092],[120.927327,24.840078],[120.927319,24.840054],[120.926863,24.840226],[120.926476,24.840407],[120.926031,24.840653],[120.925198,24.841147],[120.924732,24.841417],[120.924632,24.841464],[120.924593,24.841476],[120.92458,24.84146],[120.924546,24.841472]]]]}},{"type":"Feature","properties":{"n":"天府路二段","v":"北區","w":3,"c":2.4,"r":2},"geometry":{"type":"MultiPolygon","coordinates":[[[[120.926405,24.840799],[120.926654,24.840651],[120.926944,24.840512],[120.927369,24.840338],[120.927353,24.840321],[120.927306,24.840336],[120.926916,24.840496],[120.926719,24.840586],[120.926405,24.840753],[120.926405,24.840799]]]]}},{"type":"Feature","properties":{"n":"天府路二段","v":"北區","w":2.8,"c":2.2,"r":3},"geometry":{"type":"MultiPolygon","coordinates":[[[[120.927374,24.840046],[120.927377,24.840065],[120.927398,24.84007],[120.927636,24.839991],[120.927853,24.839934],[120.928068,24.839884],[120.928505,24.83981],[120.928785,24.839775],[120.929037,24.839751],[120.929199,24.839729],[120.929301,24.83971],[120.929322,24.839689],[120.929317,24.839674],[120.928914,24.839732],[120.928686,24.839753],[120.928322,24.83981],[120.927777,24.839913],[120.927568,24.839984],[120.927374,24.840046]]]]}},{"type":"Feature","properties":{"n":"北大路","v":"北區","w":4.5,"c":3.5,"r":4},"geometry":{"type":"MultiPolygon","coordinates":[[[[120.959862,24.802059],[120.959799,24.802068],[120.960247,24.803268],[120.960278,24.803251],[120.960301,24.80322],[120.959862,24.802059]]]]}},{"type":"Feature","properties":{"n":"金竹路48巷","v":"北區","w":1.2,"c":0.6,"r":2},"geometry":{"type":"MultiPolygon","coordinates":[[[[120.974438,24.822564],[120.974428,24.822564],[120.974499,24.822607],[120.974852,24.823037],[120.974865,24.823082],[120.97487,24.823032],[120.974504,24.822585],[120.974438,24.822564]]]]}},{"type":"Feature","properties":{"n":"海濱路","v":"北區","w":1.8,"c":0.9,"r":2},"geometry":{"type":"MultiPolygon","coordinates":[[[[120.927308,24.845677],[120.927323,24.845665],[120.927342,24.84563],[120.927091,24.845204],[120.926735,24.844659],[120.926361,24.84411],[120.926065,24.843699],[120.924642,24.841885],[120.924621,24.841904],[120.925474,24.842972],[120.925707,24.843288],[120.926209,24.843923],[120.926421,24.844244],[120.926816,24.844822],[120.927284,24.845565],[120.927321,24.84563],[120.927305,24.845668],[120.927308,24.845677]]]]}},{"type":"Feature","properties":{"n":"中央路","v":"東區","w":3,"c":2,"r":5},"geometry":{"type":"MultiPolygon","coordinates":[[[[120.969152,24.806073],[120.970054,24.806661],[120.970075,24.80663],[120.96917,24.806047],[120.969152,24.806073]]]]}},{"type":"Feature","properties":{"n":"中央路","v":"東區","w":4,"c":3,"r":4},"geometry":{"type":"MultiPolygon","coordinates":[[[[120.97018,24.806736],[120.97041,24.806893],[120.970643,24.807037],[120.970658,24.807013],[120.970653,24.807003],[120.970201,24.806709],[120.97018,24.806736]]]]}},{"type":"Feature","properties":{"n":"北新街","v":"北區","w":4.7,"c":3.4,"r":1},"geometry":{"type":"MultiPolygon","coordinates":[[[[120.955154,24.803362],[120.955217,24.803372],[120.95591,24.803138],[120.955918,24.8031],[120.955141,24.80335],[120.955154,24.803362]]]]}},{"type":"Feature","properties":{"n":"四維路","v":"北區","w":4,"c":3,"r":3},"geometry":{"type":"MultiPolygon","coordinates":[[[[120.961476,24.799952],[120.96199,24.799266],[120.961974,24.799245],[120.961966,24.79924],[120.961448,24.799928],[120.961476,24.799952]]]]}},{"type":"Feature","properties":{"n":"延平路一段","v":"北區","w":3,"c":2.1,"r":3},"geometry":{"type":"MultiPolygon","coordinates":[[[[120.958203,24.803901],[120.960224,24.803279],[120.960242,24.803267],[120.960229,24.803236],[120.95819,24.803868],[120.958198,24.803868],[120.958188,24.803873],[120.958203,24.803901]]]]}},{"type":"Feature","properties":{"n":"西大路","v":"北區","w":3,"c":2.4,"r":3},"geometry":{"type":"MultiPolygon","coordinates":[[[[120.960147,24.808973],[120.961001,24.80788],[120.960996,24.807849],[120.960121,24.808957],[120.960147,24.808973]]]]}},{"type":"Feature","properties":{"n":"西大路","v":"北區","w":3,"c":2.1,"r":2},"geometry":{"type":"MultiPolygon","coordinates":[[[[120.956816,24.811048],[120.956839,24.811041],[120.956884,24.811012],[120.957402,24.810726],[120.957384,24.8107],[120.956805,24.811017],[120.956816,24.811048]]]]}},{"type":"Feature","properties":{"n":"中華路一段","v":"東區","w":2.3,"c":2.5,"r":2},"geometry":{"type":"MultiPolygon","coordinates":[[[[120.993696,24.816198],[120.993806,24.816315],[120.994371,24.817167],[120.994622,24.817511],[120.995078,24.818199],[120.995101,24.818195],[120.995101,24.81818],[120.9938,24.816264],[120.993719,24.816195],[120.993696,24.816198]]]]}},{"type":"Feature","properties":{"n":"中華路一段","v":"東區","w":3,"c":1.8,"r":2},"geometry":{"type":"MultiPolygon","coordinates":[[[[120.995333,24.819468],[120.995364,24.819429],[120.995178,24.818835],[120.99511,24.818679],[120.995013,24.818488],[120.994744,24.818087],[120.994343,24.817509],[120.99432,24.817511],[120.994689,24.818039],[120.994979,24.818474],[120.995129,24.81877],[120.995241,24.819112],[120.995296,24.819317],[120.995333,24.819468]]]]}},{"type":"Feature","properties":{"n":"中華路一段","v":"東區","w":1.2,"c":0.3,"r":2},"geometry":{"type":"MultiPolygon","coordinates":[[[[120.994284,24.817405],[120.993561,24.816342],[120.993514,24.816311],[120.993509,24.81633],[120.993546,24.816354],[120.994271,24.817429],[120.994284,24.817405]]]]}},{"type":"Feature","properties":{"n":"中華路一段","v":"東區","w":2,"c":0.8,"r":2},"geometry":{"type":"MultiPolygon","coordinates":[[[[120.993718,24.816133],[120.993752,24.816133],[120.993731,24.816082],[120.993582,24.815834],[120.993247,24.815366],[120.993216,24.815328],[120.992883,24.815043],[120.992862,24.815062],[120.99321,24.815366],[120.993462,24.815719],[120.993697,24.816078],[120.993718,24.816133]]]]}},{"type":"Feature","properties":{"n":"中華路二段","v":"東區","w":3.2,"c":3.2,"r":2},"geometry":{"type":"MultiPolygon","coordinates":[[[[120.983552,24.809694],[120.98356,24.809682],[120.983421,24.809589],[120.983413,24.809601],[120.983552,24.809694]]]]}},{"type":"Feature","properties":{"n":"中華路二段","v":"東區","w":4,"c":3.3,"r":2},"geometry":{"type":"MultiPolygon","coordinates":[[[[120.976978,24.805554],[120.975225,24.804419],[120.97514,24.804455],[120.976978,24.80559],[120.976978,24.805554]]]]}},{"type":"Feature","properties":{"n":"光復路二段","v":"東區","w":1.4,"c":0.2,"r":2},"geometry":{"type":"MultiPolygon","coordinates":[[[[120.980072,24.803468],[120.98064,24.803279],[120.98064,24.803255],[120.980072,24.803432],[120.980069,24.803466],[120.980072,24.803468]]]]}},{"type":"Feature","properties":{"n":"光復路二段","v":"東區","w":2.9,"c":1.4,"r":2},"geometry":{"type":"MultiPolygon","coordinates":[[[[120.979996,24.803188],[120.980032,24.803205],[120.981595,24.802703],[120.9816,24.802674],[120.980001,24.803188],[120.979996,24.803188]]]]}},{"type":"Feature","properties":{"n":"慈雲路","v":"東區","w":3.2,"c":2,"r":3},"geometry":{"type":"MultiPolygon","coordinates":[[[[121.010882,24.788308],[121.010053,24.7873],[121.010053,24.787331],[121.010853,24.788303],[121.010882,24.788308]]]]}},{"type":"Feature","properties":{"n":"慈雲路","v":"東區","w":3.1,"c":2.2,"r":2},"geometry":{"type":"MultiPolygon","coordinates":[[[[121.010963,24.788481],[121.011086,24.788727],[121.011096,24.788723],[121.010965,24.788458],[121.010963,24.788481]]]]}},{"type":"Feature","properties":{"n":"中央路","v":"東區","w":3,"c":2,"r":2},"geometry":{"type":"MultiPolygon","coordinates":[[[[120.979465,24.811101],[120.979468,24.811129],[120.981213,24.812243],[120.981318,24.812243],[120.981315,24.812207],[120.981239,24.812216],[120.979489,24.811105],[120.979465,24.811101]]]]}},{"type":"Feature","properties":{"n":"中央路","v":"東區","w":4,"c":2.5,"r":3},"geometry":{"type":"MultiPolygon","coordinates":[[[[120.979325,24.811251],[120.979383,24.811277],[120.98072,24.812145],[120.980736,24.812118],[120.979396,24.811249],[120.979325,24.811251]]]]}},{"type":"Feature","properties":{"n":"中央路","v":"東區","w":3.8,"c":0,"r":2},"geometry":{"type":"MultiPolygon","coordinates":[[[[120.97244,24.807963],[120.97245,24.807987],[120.972464,24.807996],[120.972843,24.808242],[120.973243,24.808383],[120.973256,24.808367],[120.972861,24.80823],[120.972482,24.807987],[120.97244,24.807963]]]]}},{"type":"Feature","properties":{"n":"民主路","v":"東區","w":1.5,"c":1.5,"r":2},"geometry":{"type":"MultiPolygon","coordinates":[[[[120.979487,24.811103],[120.979903,24.810549],[120.97995,24.810542],[120.979927,24.81052],[120.979885,24.810537],[120.979469,24.811089],[120.979487,24.811103]]]]}},{"type":"Feature","properties":{"n":"食品路","v":"東區","w":4,"c":2.8,"r":2},"geometry":{"type":"MultiPolygon","coordinates":[[[[120.972485,24.794944],[120.972341,24.795069],[120.972365,24.795093],[120.972488,24.794973],[120.972532,24.794968],[120.972545,24.794968],[120.972762,24.795105],[120.972778,24.795085],[120.972561,24.794947],[120.97254,24.79494],[120.972503,24.79494],[120.972485,24.794944]]]]}},{"type":"Feature","properties":{"n":"食品路","v":"東區","w":3,"c":1.5,"r":2},"geometry":{"type":"MultiPolygon","coordinates":[[[[120.978171,24.798451],[120.980309,24.799782],[120.980314,24.799739],[120.978237,24.798456],[120.978171,24.798451]]]]}},{"type":"Feature","properties":{"n":"關新路","v":"東區","w":4.5,"c":3.3,"r":2},"geometry":{"type":"MultiPolygon","coordinates":[[[[121.018571,24.785574],[121.018756,24.786038],[121.018793,24.786016],[121.018612,24.785551],[121.018571,24.785574]]]]}},{"type":"Feature","properties":{"n":"關新北路","v":"東區","w":2,"c":1.5,"r":2},"geometry":{"type":"MultiPolygon","coordinates":[[[[121.018973,24.78657],[121.019032,24.786546],[121.018842,24.786063],[121.018777,24.786098],[121.018973,24.78657]]]]}},{"type":"Feature","properties":{"n":"體育街","v":"東區","w":2.5,"c":2.5,"r":4},"geometry":{"type":"MultiPolygon","coordinates":[[[[120.979524,24.802896],[120.979529,24.80291],[120.982905,24.801797],[120.982903,24.801783],[120.979524,24.802896]]]]}},{"type":"Feature","properties":{"n":"學府路","v":"東區","w":3,"c":2.3,"r":4},"geometry":{"type":"MultiPolygon","coordinates":[[[[120.985748,24.797526],[120.985717,24.797569],[120.987128,24.80089],[120.987181,24.80089],[120.985781,24.797545],[120.985748,24.797526]]]]}},{"type":"Feature","properties":{"n":"慈雲路","v":"東區","w":3.1,"c":2.5,"r":3},"geometry":{"type":"MultiPolygon","coordinates":[[[[121.011133,24.788811],[121.011127,24.788833],[121.011408,24.789394],[121.011449,24.78942],[121.011133,24.788811]]]]}},{"type":"Feature","properties":{"n":"公道五路1段","v":"東區","w":3,"c":3,"r":30},"geometry":{"type":"MultiPolygon","coordinates":[[[[121.013322,24.795881],[121.0203,24.791558],[121.0203,24.791534],[121.013322,24.795881]]]]}},{"type":"Feature","properties":{"n":"南大路125巷","v":"東區","w":1.5,"c":1.5,"r":10},"geometry":{"type":"MultiPolygon","coordinates":[[[[120.975166,24.800968],[120.974386,24.802332],[120.974383,24.802349],[120.975166,24.800968]]]]}},{"type":"Feature","properties":{"n":"府後街","v":"東區","w":2.65,"c":0,"r":1},"geometry":{"type":"MultiPolygon","coordinates":[[[[120.970418,24.804603],[120.970394,24.80461],[120.970614,24.805404],[120.970619,24.805403],[120.970715,24.805753],[120.970727,24.805742],[120.970731,24.805723],[120.970659,24.805463],[120.970588,24.805237],[120.97051,24.804913],[120.970419,24.804607],[120.970418,24.804603]]]]}},{"type":"Feature","properties":{"n":"中央路","v":"東區","w":4,"c":3,"r":2},"geometry":{"type":"MultiPolygon","coordinates":[[[[120.970335,24.806593],[120.970308,24.806573],[120.9703,24.806583],[120.970298,24.806609],[120.970536,24.806762],[120.970555,24.806779],[120.970726,24.806884],[120.970733,24.806887],[120.970765,24.806882],[120.970802,24.806839],[120.970801,24.806833],[120.970756,24.806803],[120.970726,24.80684],[120.970572,24.806745],[120.970335,24.806593]]]]}},{"type":"Feature","properties":{"n":"世界街","v":"北區","w":3.1,"c":3.1,"r":2},"geometry":{"type":"MultiPolygon","coordinates":[[[[120.96881,24.808514],[120.968845,24.808544],[120.968863,24.808539],[120.969041,24.808653],[120.969035,24.808617],[120.96903,24.808612],[120.96886,24.808502],[120.968817,24.808505],[120.96881,24.808514]]]]}},{"type":"Feature","properties":{"n":"北大路","v":"東區","w":3.2,"c":1.8,"r":2},"geometry":{"type":"MultiPolygon","coordinates":[[[[120.968017,24.80959],[120.967989,24.809573],[120.967984,24.80958],[120.967988,24.809617],[120.968373,24.809862],[120.968396,24.809842],[120.968018,24.809601],[120.968017,24.80959]]]]}},{"type":"Feature","properties":{"n":"中正路","v":"東區","w":0,"c":2,"r":4},"geometry":{"type":"MultiPolygon","coordinates":[[[[120.967454,24.808258],[120.967727,24.807903],[120.967758,24.807923],[120.967828,24.807835],[120.967774,24.807802],[120.967754,24.807805],[120.967373,24.8083],[120.967374,24.808318],[120.967397,24.808333],[120.967454,24.808258],[120.967454,24.808258]]]]}},{"type":"Feature","properties":{"n":"世界街","v":"北區","w":2.45,"c":1.55,"r":13},"geometry":{"type":"MultiPolygon","coordinates":[[[[120.967828,24.807835],[120.967814,24.807857],[120.968636,24.808379],[120.968722,24.808438],[120.968718,24.808443],[120.968743,24.808459],[120.968761,24.808435],[120.968152,24.808045],[120.967828,24.807835]]]]}},{"type":"Feature","properties":{"n":"文化街","v":"東區","w":4.2,"c":2,"r":2},"geometry":{"type":"MultiPolygon","coordinates":[[[[120.969817,24.808022],[120.969804,24.808012],[120.969752,24.808079],[120.969766,24.808088],[120.969743,24.808142],[120.969712,24.808186],[120.969615,24.808275],[120.969586,24.808319],[120.969572,24.80831],[120.969531,24.808365],[120.969546,24.808374],[120.969491,24.808444],[120.969471,24.808489],[120.969428,24.808524],[120.969374,24.808596],[120.96936,24.808586],[120.969297,24.808664],[120.96934,24.808694],[120.969374,24.80868],[120.970048,24.807809],[120.97004,24.807761],[120.96988,24.807662],[120.969872,24.807673],[120.970005,24.807752],[120.96996,24.807808],[120.969976,24.807819],[120.969945,24.807855],[120.969932,24.807892],[120.969904,24.807942],[120.96988,24.807971],[120.969853,24.807994],[120.969817,24.808022]]]]}},{"type":"Feature","properties":{"n":"文化街","v":"東區","w":4.2,"c":2,"r":2},"geometry":{"type":"MultiPolygon","coordinates":[[[[120.970133,24.807697],[120.970652,24.807027],[120.970649,24.807025],[120.970657,24.807012],[120.970654,24.807005],[120.970611,24.806977],[120.970407,24.807242],[120.970423,24.807253],[120.970392,24.807292],[120.970396,24.807311],[120.970276,24.807465],[120.970254,24.807469],[120.970223,24.807509],[120.970207,24.807498],[120.970065,24.807682],[120.970093,24.807698],[120.970132,24.807698],[120.970133,24.807697]]]]}},{"type":"Feature","properties":{"n":"中正路","v":"東區","w":0,"c":2.42,"r":3},"geometry":{"type":"MultiPolygon","coordinates":[[[[120.968288,24.80717],[120.968263,24.807155],[120.968251,24.807159],[120.967834,24.807701],[120.967833,24.807714],[120.96784,24.807724],[120.967924,24.807779],[120.967955,24.807737],[120.967941,24.807728],[120.967973,24.807687],[120.967946,24.807672],[120.96802,24.807575],[120.968046,24.807592],[120.968086,24.807537],[120.968033,24.807503],[120.968075,24.807446],[120.968288,24.80717]]]]}},{"type":"Feature","properties":{"n":"東大路一段","v":"東區","w":0,"c":1.77,"r":2},"geometry":{"type":"MultiPolygon","coordinates":[[[[120.972456,24.807995],[120.972472,24.808006],[120.972912,24.807438],[120.972896,24.807429],[120.972476,24.807969],[120.972445,24.807951],[120.972439,24.807944],[120.972442,24.807972],[120.972455,24.807995],[120.972456,24.807995]]]]}},{"type":"Feature","properties":{"n":"中正路","v":"東區","w":3.7,"c":2.38,"r":0},"geometry":{"type":"MultiPolygon","coordinates":[[[[120.968334,24.807111],[120.968603,24.80676],[120.968581,24.806749],[120.968566,24.806752],[120.968558,24.80676],[120.968308,24.807085],[120.968313,24.807098],[120.968334,24.807111]]]]}},{"type":"Feature","properties":{"n":"東大路一段","v":"東區","w":0,"c":0.4,"r":2},"geometry":{"type":"MultiPolygon","coordinates":[[[[120.973119,24.807144],[120.973131,24.80716],[120.973404,24.806808],[120.973388,24.806798],[120.973119,24.807144]]]]}},{"type":"Feature","properties":{"n":"府後街","v":"北區","w":3.25,"c":1.95,"r":null},"geometry":{"type":"MultiPolygon","coordinates":[[[[120.97005,24.80667],[120.969715,24.807114],[120.969733,24.807123],[120.969741,24.807133],[120.968804,24.808339],[120.968838,24.808365],[120.96954,24.807455],[120.969584,24.807391],[120.969655,24.807331],[120.970129,24.806694],[120.970129,24.806672],[120.970076,24.806631],[120.97005,24.80667]]]]}},{"type":"Feature","properties":{"n":"中央路","v":"東區","w":3,"c":2.1,"r":2},"geometry":{"type":"MultiPolygon","coordinates":[[[[120.971276,24.807189],[120.971258,24.807178],[120.97124,24.807181],[120.970837,24.806915],[120.970843,24.80696],[120.971238,24.807214],[120.971261,24.807209],[120.971276,24.807189]]]]}},{"type":"Feature","properties":{"n":"府後街","v":"東區","w":4.2,"c":2,"r":2},"geometry":{"type":"MultiPolygon","coordinates":[[[[120.969704,24.807472],[120.970212,24.806763],[120.970184,24.806744],[120.970176,24.806751],[120.96967,24.807453],[120.969704,24.807472]]]]}},{"type":"Feature","properties":{"n":"東大路一段","v":"東區","w":0,"c":0.67,"r":1},"geometry":{"type":"MultiPolygon","coordinates":[[[[120.97294,24.807373],[120.972972,24.807394],[120.973007,24.80735],[120.973033,24.807341],[120.97311,24.807385],[120.973122,24.807366],[120.973104,24.807355],[120.973102,24.807322],[120.973091,24.807301],[120.973063,24.807278],[120.973103,24.807227],[120.973071,24.807207],[120.97294,24.807373]]]]}},{"type":"Feature","properties":{"n":"府後街","v":"東區","w":4,"c":1.8,"r":2},"geometry":{"type":"MultiPolygon","coordinates":[[[[120.968963,24.808442],[120.969457,24.807742],[120.969628,24.807511],[120.96962,24.807496],[120.969596,24.807499],[120.968916,24.808392],[120.968916,24.808414],[120.968963,24.808442]]]]}},{"type":"Feature","properties":{"n":"仁義街","v":"東區","w":0,"c":2,"r":8},"geometry":{"type":"MultiPolygon","coordinates":[[[[120.972481,24.806482],[120.972131,24.806256],[120.972113,24.80625],[120.972065,24.806212],[120.972059,24.80622],[120.97206,24.806209],[120.971734,24.805995],[120.971726,24.806007],[120.972015,24.806196],[120.972003,24.806211],[120.972133,24.806295],[120.972144,24.806281],[120.972467,24.806491],[120.972477,24.806488],[120.972481,24.806482]]],[[[120.971692,24.805968],[120.971417,24.805788],[120.971375,24.805756],[120.971366,24.805752],[120.971344,24.805776],[120.971464,24.805859],[120.971475,24.805845],[120.971684,24.80598],[120.971692,24.805968]]]]}},{"type":"Feature","properties":{"n":"中正路","v":"東區","w":0,"c":1.88,"r":2},"geometry":{"type":"MultiPolygon","coordinates":[[[[120.969149,24.806078],[120.969169,24.806049],[120.969134,24.80603],[120.96911,24.806038],[120.96878,24.806468],[120.968776,24.806483],[120.968783,24.806497],[120.968797,24.806506],[120.969003,24.806236],[120.969015,24.806243],[120.969139,24.806079],[120.969148,24.806077],[120.969149,24.806078]]]]}},{"type":"Feature","properties":{"n":"府後街","v":"東區","w":1.7,"c":1.7,"r":2},"geometry":{"type":"MultiPolygon","coordinates":[[[[120.970218,24.806504],[120.970241,24.806521],[120.970528,24.806156],[120.970532,24.806124],[120.970514,24.806097],[120.970479,24.806079],[120.970461,24.806105],[120.970495,24.806122],[120.970499,24.806143],[120.97047,24.806179],[120.970454,24.806192],[120.970415,24.806253],[120.97032,24.806373],[120.970218,24.806504]]]]}},{"type":"Feature","properties":{"n":"仁義街","v":"東區","w":0,"c":1.52,"r":0},"geometry":{"type":"MultiPolygon","coordinates":[[[[120.972851,24.806707],[120.972826,24.806706],[120.97253,24.806513],[120.972525,24.806523],[120.972528,24.80653],[120.972832,24.806728],[120.972851,24.806707]]]]}},{"type":"Feature","properties":{"n":"民族路","v":"東區","w":0,"c":0.85,"r":3},"geometry":{"type":"MultiPolygon","coordinates":[[[[120.975405,24.806675],[120.975514,24.806739],[120.975542,24.806698],[120.975432,24.806632],[120.975423,24.806644],[120.974649,24.806157],[120.974627,24.806185],[120.974627,24.806189],[120.975388,24.806665],[120.975405,24.806675]]]]}},{"type":"Feature","properties":{"n":"東大路一段","v":"東區","w":0,"c":1.1,"r":4},"geometry":{"type":"MultiPolygon","coordinates":[[[[120.973612,24.805711],[120.973582,24.805737],[120.973588,24.805765],[120.972832,24.806728],[120.972869,24.806739],[120.973617,24.805776],[120.973623,24.805766],[120.973615,24.805714],[120.973612,24.805711]]]]}},{"type":"Feature","properties":{"n":"東大路一段","v":"東區","w":0,"c":0.4,"r":2},"geometry":{"type":"MultiPolygon","coordinates":[[[[120.973788,24.806286],[120.973422,24.806756],[120.973437,24.806765],[120.973803,24.806296],[120.973788,24.806286]]]]}},{"type":"Feature","properties":{"n":"府後街","v":"東區","w":4,"c":3,"r":2},"geometry":{"type":"MultiPolygon","coordinates":[[[[120.970308,24.806573],[120.970335,24.806593],[120.970332,24.80659],[120.970841,24.805932],[120.970855,24.805924],[120.970844,24.805904],[120.970793,24.805945],[120.970547,24.806263],[120.970308,24.806573]]]]}},{"type":"Feature","properties":{"n":"民族路","v":"東區","w":0,"c":6.25,"r":2},"geometry":{"type":"MultiPolygon","coordinates":[[[[120.973732,24.805793],[120.973718,24.805795],[120.973692,24.805828],[120.973696,24.805839],[120.973803,24.805906],[120.973818,24.805902],[120.973841,24.805872],[120.973839,24.805859],[120.973732,24.805793]]]]}},{"type":"Feature","properties":{"n":"中正路","v":"東區","w":0,"c":1.03,"r":1},"geometry":{"type":"MultiPolygon","coordinates":[[[[120.969604,24.805506],[120.969559,24.805479],[120.969542,24.805486],[120.969527,24.805499],[120.969241,24.805869],[120.969232,24.80589],[120.969232,24.805902],[120.969257,24.805938],[120.969275,24.805949],[120.969267,24.805897],[120.969556,24.805516],[120.969576,24.805503],[120.969599,24.805504],[120.969604,24.805506]]]]}},{"type":"Feature","properties":{"n":"民族路33巷","v":"東區","w":0,"c":1.46,"r":3},"geometry":{"type":"MultiPolygon","coordinates":[[[[120.971366,24.805752],[120.971353,24.805733],[120.971347,24.80571],[120.971347,24.805684],[120.97136,24.805657],[120.972237,24.804901],[120.972284,24.804943],[120.972334,24.804885],[120.972275,24.804844],[120.972265,24.804842],[120.972252,24.804847],[120.971344,24.805626],[120.971317,24.805664],[120.971312,24.805693],[120.971316,24.805717],[120.971344,24.805776],[120.971366,24.805752]]]]}},{"type":"Feature","properties":{"n":"民族路","v":"東區","w":0,"c":1.18,"r":0},"geometry":{"type":"MultiPolygon","coordinates":[[[[120.974593,24.806122],[120.974038,24.805776],[120.974018,24.805807],[120.974563,24.806149],[120.974578,24.806143],[120.974593,24.806122]]]]}},{"type":"Feature","properties":{"n":"東大路一段","v":"東區","w":0,"c":2.23,"r":0},"geometry":{"type":"MultiPolygon","coordinates":[[[[120.973753,24.806207],[120.973973,24.805943],[120.973951,24.805928],[120.97394,24.805928],[120.973928,24.805934],[120.973751,24.806162],[120.973745,24.806175],[120.973747,24.806201],[120.973753,24.806207]]]]}},{"type":"Feature","properties":{"n":"民族路","v":"東區","w":0,"c":0.4,"r":3},"geometry":{"type":"MultiPolygon","coordinates":[[[[120.973378,24.80556],[120.973269,24.80549],[120.973249,24.805497],[120.97308,24.805387],[120.973076,24.805363],[120.972403,24.804923],[120.97238,24.804954],[120.97238,24.804968],[120.972426,24.804981],[120.973368,24.805597],[120.973378,24.80556]]],[[[120.973612,24.805711],[120.973445,24.805604],[120.973408,24.805623],[120.973582,24.805737],[120.973612,24.805711]]]]}},{"type":"Feature","properties":{"n":"民族路","v":"東區","w":0,"c":7.73,"r":2},"geometry":{"type":"MultiPolygon","coordinates":[[[[120.973917,24.805652],[120.973873,24.805628],[120.973834,24.805679],[120.973837,24.80569],[120.973927,24.805749],[120.973942,24.805746],[120.973993,24.805682],[120.973942,24.80565],[120.97393,24.805656],[120.973919,24.805653],[120.973917,24.805652]]]]}},{"type":"Feature","properties":{"n":"中正路","v":"東區","w":3.7,"c":0.98,"r":0},"geometry":{"type":"MultiPolygon","coordinates":[[[[120.970394,24.80461],[120.970418,24.804603],[120.970414,24.804595],[120.970395,24.804572],[120.970363,24.804558],[120.970279,24.80455],[120.970254,24.804559],[120.97024,24.804571],[120.969769,24.805186],[120.969773,24.805201],[120.969658,24.80535],[120.969639,24.805353],[120.969613,24.805384],[120.969603,24.805411],[120.969607,24.805421],[120.969645,24.805447],[120.969634,24.805427],[120.969639,24.80541],[120.96965,24.805401],[120.969723,24.805299],[120.970269,24.804592],[120.970394,24.80461]]]]}},{"type":"Feature","properties":{"n":"中正路","v":"東區","w":0,"c":2.05,"r":3},"geometry":{"type":"MultiPolygon","coordinates":[[[[120.966985,24.80892],[120.967176,24.808673],[120.967164,24.808665],[120.967221,24.808588],[120.967234,24.808597],[120.967385,24.808399],[120.967338,24.808369],[120.967326,24.808368],[120.967316,24.808374],[120.966905,24.808908],[120.966901,24.808924],[120.966906,24.808935],[120.966948,24.808965],[120.966985,24.80892]]]]}},{"type":"Feature","properties":{"n":"北大路","v":"北區","w":2.4,"c":1.2,"r":1},"geometry":{"type":"MultiPolygon","coordinates":[[[[120.966876,24.809182],[120.967535,24.809598],[120.967564,24.809572],[120.966842,24.809115],[120.966818,24.809146],[120.966876,24.809182]]]]}},{"type":"Feature","properties":{"n":"府後街","v":"東區","w":2.2,"c":1.5,"r":2},"geometry":{"type":"MultiPolygon","coordinates":[[[[120.967989,24.809573],[120.968017,24.80959],[120.968454,24.809024],[120.968479,24.809018],[120.968503,24.808986],[120.968499,24.808964],[120.968651,24.808767],[120.968673,24.808765],[120.968845,24.808544],[120.96881,24.808514],[120.967989,24.809573]]]]}},{"type":"Feature","properties":{"n":"北大路","v":"北區","w":4.05,"c":1.9,"r":1},"geometry":{"type":"MultiPolygon","coordinates":[[[[120.96943,24.81053],[120.969734,24.810719],[120.969762,24.81069],[120.969443,24.810511],[120.96943,24.81053]]]]}},{"type":"Feature","properties":{"n":"演藝路","v":"北區","w":2.05,"c":2.05,"r":null},"geometry":{"type":"MultiPolygon","coordinates":[[[[120.967683,24.810988],[120.967625,24.811267],[120.967646,24.811267],[120.967699,24.810995],[120.967683,24.810988]]]]}},{"type":"Feature","properties":{"n":"東大路二段","v":"東區","w":0,"c":0.53,"r":2},"geometry":{"type":"MultiPolygon","coordinates":[[[[120.969009,24.811669],[120.96904,24.81169],[120.969621,24.810973],[120.96963,24.810948],[120.96962,24.810924],[120.969579,24.810975],[120.969571,24.810971],[120.969564,24.810992],[120.969518,24.811048],[120.969512,24.811043],[120.969473,24.811105],[120.969465,24.811101],[120.96946,24.811108],[120.969467,24.811112],[120.969437,24.811149],[120.969431,24.811144],[120.969118,24.811534],[120.969009,24.811669]]]]}},{"type":"Feature","properties":{"n":"演藝路","v":"北區","w":2,"c":2,"r":null},"geometry":{"type":"MultiPolygon","coordinates":[[[[120.967636,24.811407],[120.967643,24.811317],[120.967635,24.811316],[120.967627,24.811325],[120.967618,24.811487],[120.96763,24.811705],[120.967647,24.811714],[120.967681,24.811714],[120.967692,24.811708],[120.967695,24.811698],[120.967644,24.811699],[120.967633,24.811488],[120.967636,24.811407]]]]}},{"type":"Feature","properties":{"n":"演藝路","v":"北區","w":2.7,"c":2.7,"r":null},"geometry":{"type":"MultiPolygon","coordinates":[[[[120.967994,24.812636],[120.967892,24.812474],[120.967826,24.812348],[120.967769,24.812218],[120.967725,24.812095],[120.96768,24.811927],[120.967655,24.811798],[120.967661,24.811786],[120.967724,24.811775],[120.967703,24.811766],[120.967659,24.811773],[120.967648,24.811781],[120.96764,24.811799],[120.967655,24.811884],[120.967697,24.812051],[120.967755,24.812223],[120.967812,24.812354],[120.967859,24.812445],[120.967981,24.812644],[120.967994,24.812636]]]]}},{"type":"Feature","properties":{"n":"東大路二段","v":"東區","w":0,"c":1.26,"r":2},"geometry":{"type":"MultiPolygon","coordinates":[[[[120.96904,24.81169],[120.969009,24.811669],[120.968857,24.811857],[120.968723,24.81203],[120.96868,24.812074],[120.968632,24.812151],[120.968578,24.812205],[120.96846,24.812358],[120.968372,24.81246],[120.968291,24.812564],[120.968235,24.812626],[120.968159,24.812695],[120.968132,24.812699],[120.968046,24.812671],[120.968019,24.812633],[120.967994,24.812636],[120.967981,24.812644],[120.968093,24.812796],[120.968112,24.812803],[120.96813,24.812794],[120.968975,24.811771],[120.96904,24.81169]]]]}},{"type":"Feature","properties":{"n":"中正路","v":"東區","w":0,"c":0.26,"r":2},"geometry":{"type":"MultiPolygon","coordinates":[[[[120.971214,24.80427],[120.971197,24.80426],[120.971155,24.804262],[120.971111,24.804313],[120.971053,24.804366],[120.970982,24.804414],[120.970912,24.804447],[120.970883,24.804465],[120.970867,24.804491],[120.970868,24.804511],[120.970874,24.804531],[120.97099,24.804475],[120.97106,24.804433],[120.971178,24.804303],[120.971214,24.80427]]]]}},{"type":"Feature","properties":{"n":"中正路","v":"東區","w":0,"c":0.32,"r":2},"geometry":{"type":"MultiPolygon","coordinates":[[[[120.97081,24.80458],[120.970848,24.804573],[120.970839,24.804544],[120.970843,24.804529],[120.970838,24.804515],[120.970822,24.804501],[120.970806,24.804497],[120.97049,24.804548],[120.970465,24.804563],[120.970457,24.804585],[120.970466,24.804619],[120.9705,24.804621],[120.970498,24.804583],[120.970597,24.804578],[120.970597,24.804584],[120.97074,24.804559],[120.970745,24.804588],[120.970737,24.804592],[120.97081,24.80458]]]]}},{"type":"Feature","properties":{"n":"中正路","v":"東區","w":0,"c":0.64,"r":1},"geometry":{"type":"MultiPolygon","coordinates":[[[[120.970705,24.803782],[120.970688,24.803781],[120.970686,24.803824],[120.970699,24.803828],[120.970798,24.803834],[120.970816,24.803786],[120.970705,24.803782]]]]}},{"type":"Feature","properties":{"n":"中正路","v":"東區","w":0,"c":0.62,"r":0},"geometry":{"type":"MultiPolygon","coordinates":[[[[120.97024,24.803817],[120.97025,24.803847],[120.970265,24.80387],[120.970302,24.803895],[120.970579,24.80385],[120.97061,24.803826],[120.970618,24.803807],[120.97062,24.803786],[120.970613,24.803755],[120.97051,24.803774],[120.970511,24.803777],[120.970385,24.803798],[120.970384,24.803794],[120.97024,24.803817]]]]}},{"type":"Feature","properties":{"n":"中正路","v":"東區","w":0,"c":0.4,"r":0},"geometry":{"type":"MultiPolygon","coordinates":[[[[120.970034,24.803993],[120.970094,24.80396],[120.970186,24.803919],[120.970205,24.803864],[120.970164,24.803879],[120.970156,24.803888],[120.970151,24.803884],[120.97005,24.803929],[120.969983,24.803976],[120.970021,24.803994],[120.970031,24.803994],[120.970034,24.803993]]]]}},{"type":"Feature","properties":{"n":"中正路","v":"東區","w":0,"c":1.46,"r":0},"geometry":{"type":"MultiPolygon","coordinates":[[[[120.971001,24.803859],[120.970972,24.803926],[120.971034,24.803978],[120.971058,24.804009],[120.971097,24.804079],[120.971173,24.804079],[120.971127,24.804022],[120.971136,24.804016],[120.971057,24.803918],[120.971046,24.803917],[120.971001,24.803859]]]]}},{"type":"Feature","properties":{"n":"中正路","v":"東區","w":0,"c":2.05,"r":0},"geometry":{"type":"MultiPolygon","coordinates":[[[[120.966985,24.80892],[120.966948,24.808965],[120.96707,24.809044],[120.967081,24.809028],[120.967075,24.809023],[120.967087,24.80901],[120.966992,24.808949],[120.966985,24.80892]]]]}},{"type":"Feature","properties":{"n":"中正路","v":"東區","w":4,"c":1.87,"r":1},"geometry":{"type":"MultiPolygon","coordinates":[[[[120.966876,24.809176],[120.966881,24.80916],[120.966893,24.809146],[120.966837,24.809111],[120.966772,24.809122],[120.966572,24.809381],[120.966609,24.809405],[120.966621,24.80939],[120.966615,24.809385],[120.966651,24.80934],[120.966657,24.809344],[120.966666,24.809332],[120.966661,24.809329],[120.966722,24.809249],[120.966741,24.809246],[120.966738,24.80923],[120.966744,24.809229],[120.966742,24.809222],[120.966764,24.809194],[120.966876,24.809176]]]]}},{"type":"Feature","properties":{"n":"金山18街","v":"東區","w":0,"c":1,"r":2},"geometry":{"type":"MultiPolygon","coordinates":[[[[121.024281,24.775944],[121.0246,24.776563],[121.024611,24.776551],[121.024297,24.775934],[121.024281,24.775944]]]]}},{"type":"Feature","properties":{"n":"金山19街","v":"東區","w":0,"c":1,"r":2},"geometry":{"type":"MultiPolygon","coordinates":[[[[121.025048,24.776314],[121.025061,24.776307],[121.024721,24.775743],[121.024702,24.775755],[121.025048,24.776314]]]]}},{"type":"Feature","properties":{"n":"埔頂三路","v":"東區","w":0,"c":4,"r":2},"geometry":{"type":"MultiPolygon","coordinates":[[[[121.010488,24.792694],[121.010517,24.792728],[121.01069,24.792606],[121.010967,24.792453],[121.011663,24.792087],[121.01165,24.792049],[121.010645,24.792594],[121.010488,24.792694]]]]}},{"type":"Feature","properties":{"n":"介壽路","v":"東區","w":4,"c":2,"r":8},"geometry":{"type":"MultiPolygon","coordinates":[[[[121.019451,24.778579],[121.019412,24.778603],[121.019979,24.779659],[121.021149,24.781765],[121.021178,24.781758],[121.019451,24.778579]]]]}},{"type":"Feature","properties":{"n":"光復路1段136巷","v":"東區","w":0,"c":1.5,"r":0},"geometry":{"type":"MultiPolygon","coordinates":[[[[121.024147,24.778603],[121.024157,24.778608],[121.024338,24.778326],[121.025515,24.777819],[121.025518,24.777805],[121.024333,24.778316],[121.024147,24.778603]]]]}},{"type":"Feature","properties":{"n":"園區二路","v":"東區","w":0,"c":4,"r":2},"geometry":{"type":"MultiPolygon","coordinates":[[[[121.010076,24.772978],[121.010081,24.772997],[121.011052,24.772629],[121.011219,24.77254],[121.013061,24.771291],[121.013045,24.771272],[121.011203,24.772524],[121.011039,24.772607],[121.010076,24.772978]]]]}},{"type":"Feature","properties":{"n":"公道五路3段","v":"東區","w":4,"c":4,"r":2},"geometry":{"type":"MultiPolygon","coordinates":[[[[120.988697,24.808032],[120.992788,24.805547],[120.992788,24.805558],[120.992801,24.80557],[120.992814,24.805523],[120.988697,24.808032]]]]}},{"type":"Feature","properties":{"n":"國區二路","v":"東區","w":2,"c":2,"r":2},"geometry":{"type":"MultiPolygon","coordinates":[[[[121.004511,24.775315],[121.005593,24.774798],[121.008514,24.77365],[121.010051,24.773023],[121.010025,24.772981],[121.007984,24.773788],[121.006179,24.774486],[121.004472,24.775227],[121.004511,24.775315]]]]}},{"type":"Feature","properties":{"n":"公園路","v":"東區","w":4.7,"c":5,"r":4},"geometry":{"type":"MultiPolygon","coordinates":[[[[120.9796,24.803255],[120.979636,24.803252],[120.979655,24.803226],[120.979642,24.803183],[120.979571,24.80308],[120.979443,24.802968],[120.977109,24.801522],[120.97703,24.801546],[120.977093,24.801544],[120.979341,24.802944],[120.979474,24.803044],[120.979566,24.803135],[120.979621,24.803202],[120.9796,24.803255]]]]}},{"type":"Feature","properties":{"n":"公道五","v":"東區","w":4,"c":1.4,"r":null},"geometry":{"type":"MultiPolygon","coordinates":[[[[120.993504,24.805304],[120.994011,24.805055],[120.993963,24.805038],[120.993486,24.805274],[120.993504,24.805304]]]]}},{"type":"Feature","properties":{"n":"公道五","v":"東區","w":4,"c":2.5,"r":null},"geometry":{"type":"MultiPolygon","coordinates":[[[[121.000686,24.801803],[121.000681,24.801795],[121.000663,24.801786],[121.000634,24.801787],[121.000255,24.801966],[121.000273,24.801997],[121.000686,24.801803]]]]}},{"type":"Feature","properties":{"n":"建華街","v":"東區","w":3.8,"c":2.5,"r":1},"geometry":{"type":"MultiPolygon","coordinates":[[[[120.976556,24.794233],[120.975045,24.793682],[120.975017,24.793738],[120.976519,24.794275],[120.976556,24.794233]]]]}},{"type":"Feature","properties":{"n":"光復路二段","v":"東區","w":3.3,"c":1.8,"r":2},"geometry":{"type":"MultiPolygon","coordinates":[[[[120.987277,24.801153],[120.987878,24.80094],[120.987847,24.800904],[120.987263,24.801117],[120.987277,24.801145],[120.987277,24.801153]]]]}},{"type":"Feature","properties":{"n":"光復路二段","v":"東區","w":3.3,"c":1.8,"r":2},"geometry":{"type":"MultiPolygon","coordinates":[[[[120.987079,24.800841],[120.987145,24.800905],[120.988247,24.800552],[120.988194,24.800504],[120.987114,24.80086],[120.987079,24.800841]]]]}},{"type":"Feature","properties":{"n":"建功一路","v":"東區","w":1.2,"c":1.45,"r":1},"geometry":{"type":"MultiPolygon","coordinates":[[[[120.99825,24.796491],[120.998235,24.796521],[120.998274,24.796539],[120.99829,24.796498],[120.99825,24.796491]]]]}},{"type":"Feature","properties":{"n":"建功一路","v":"東區","w":2.1,"c":1.45,"r":null},"geometry":{"type":"MultiPolygon","coordinates":[[[[120.998241,24.796525],[120.998198,24.796624],[120.998223,24.796627],[120.998246,24.796622],[120.998257,24.796612],[120.99828,24.796541],[120.998241,24.796525]]]]}},{"type":"Feature","properties":{"n":"大學路","v":"東區","w":2.2,"c":0.9,"r":2},"geometry":{"type":"MultiPolygon","coordinates":[[[[121.004327,24.790774],[121.004342,24.790764],[121.004347,24.79074],[121.004347,24.790707],[121.004324,24.790695],[121.004303,24.790695],[121.004305,24.790784],[121.004315,24.790782],[121.004327,24.790774]]]]}},{"type":"Feature","properties":{"n":"大學路","v":"東區","w":2.2,"c":0.9,"r":2},"geometry":{"type":"MultiPolygon","coordinates":[[[[121.004338,24.790642],[121.00436,24.790632],[121.004376,24.790585],[121.004397,24.790465],[121.004405,24.790358],[121.004397,24.790293],[121.004358,24.790205],[121.004319,24.790209],[121.004281,24.790221],[121.004322,24.790252],[121.004353,24.790293],[121.004361,24.790367],[121.004356,24.790451],[121.00434,24.790558],[121.004319,24.790648],[121.004338,24.790642]]]]}},{"type":"Feature","properties":{"n":"大學路","v":"東區","w":2.2,"c":0.9,"r":2},"geometry":{"type":"MultiPolygon","coordinates":[[[[121.004238,24.790155],[121.004264,24.790131],[121.004274,24.79009],[121.004258,24.790057],[121.004209,24.789992],[121.004046,24.789794],[121.00402,24.789794],[121.003967,24.789806],[121.003965,24.789811],[121.004054,24.789918],[121.004238,24.790155]]]]}},{"type":"Feature","properties":{"n":"大學路","v":"東區","w":2.2,"c":0.9,"r":2},"geometry":{"type":"MultiPolygon","coordinates":[[[[121.003939,24.789767],[121.003957,24.78975],[121.00397,24.789712],[121.003567,24.789215],[121.00351,24.789215],[121.003499,24.789239],[121.003939,24.789767]]]]}},{"type":"Feature","properties":{"n":"大學路","v":"東區","w":2.2,"c":0.9,"r":2},"geometry":{"type":"MultiPolygon","coordinates":[[[[121.003449,24.789174],[121.003465,24.789153],[121.003478,24.789117],[121.003452,24.789074],[121.003316,24.788947],[121.003266,24.788916],[121.003151,24.788883],[121.003096,24.788883],[121.003075,24.7889],[121.003065,24.788943],[121.003159,24.788945],[121.003248,24.788971],[121.003316,24.789022],[121.003449,24.789174]]]]}},{"type":"Feature","properties":{"n":"大學路","v":"東區","w":2.2,"c":0.9,"r":1},"geometry":{"type":"MultiPolygon","coordinates":[[[[121.002963,24.788967],[121.002937,24.788947],[121.002853,24.788914],[121.002882,24.788995],[121.002963,24.788967]]]]}},{"type":"Feature","properties":{"n":"大學路","v":"東區","w":2.2,"c":0.9,"r":1},"geometry":{"type":"MultiPolygon","coordinates":[[[[121.001538,24.789432],[121.002469,24.789119],[121.002443,24.789062],[121.001572,24.789366],[121.001546,24.78938],[121.001532,24.789418],[121.001538,24.789432]]]]}},{"type":"Feature","properties":{"n":"大學路","v":"東區","w":2.2,"c":0.9,"r":2},"geometry":{"type":"MultiPolygon","coordinates":[[[[121.00147,24.789447],[121.001444,24.789418],[121.001418,24.789406],[121.001033,24.78944],[121.000934,24.789432],[121.000884,24.789452],[121.000866,24.789487],[121.001049,24.789499],[121.00147,24.789447]]]]}},{"type":"Feature","properties":{"n":"大學路","v":"東區","w":2.4,"c":1.1,"r":2},"geometry":{"type":"MultiPolygon","coordinates":[[[[121.000682,24.789279],[121.000697,24.7893],[121.000731,24.789315],[121.001011,24.789305],[121.001035,24.789293],[121.001053,24.789269],[121.001058,24.78925],[121.000682,24.789267],[121.000682,24.789279]]]]}},{"type":"Feature","properties":{"n":"大學路","v":"東區","w":2.2,"c":0.9,"r":2},"geometry":{"type":"MultiPolygon","coordinates":[[[[121.00109,24.789255],[121.001095,24.789279],[121.001119,24.789298],[121.001145,24.789303],[121.001359,24.789281],[121.001532,24.789243],[121.001548,24.789229],[121.00155,24.789203],[121.001542,24.789195],[121.001357,24.789243],[121.001147,24.789265],[121.00109,24.789255]]]]}},{"type":"Feature","properties":{"n":"大學路","v":"東區","w":2.2,"c":0.9,"r":2},"geometry":{"type":"MultiPolygon","coordinates":[[[[121.001569,24.789205],[121.001595,24.789229],[121.001634,24.789236],[121.001676,24.789234],[121.002675,24.788897],[121.002851,24.788856],[121.002851,24.788832],[121.002832,24.788801],[121.002649,24.788842],[121.001569,24.789205]]]]}},{"type":"Feature","properties":{"n":"大學路","v":"東區","w":2.2,"c":0.9,"r":2},"geometry":{"type":"MultiPolygon","coordinates":[[[[121.002911,24.788741],[121.002924,24.788799],[121.003073,24.78877],[121.003167,24.788765],[121.00323,24.788775],[121.003311,24.78882],[121.003332,24.78882],[121.003353,24.788811],[121.003366,24.788794],[121.003309,24.788756],[121.003225,24.78872],[121.003133,24.788713],[121.003052,24.788713],[121.002911,24.788741]]]]}},{"type":"Feature","properties":{"n":"大學路","v":"東區","w":2.2,"c":0.9,"r":2},"geometry":{"type":"MultiPolygon","coordinates":[[[[121.003408,24.78883],[121.003398,24.788866],[121.003411,24.788894],[121.003591,24.789095],[121.003623,24.789105],[121.003659,24.78909],[121.00367,24.789081],[121.003432,24.788813],[121.003408,24.78883]]]]}},{"type":"Feature","properties":{"n":"大學路","v":"東區","w":2.2,"c":0.9,"r":2},"geometry":{"type":"MultiPolygon","coordinates":[[[[121.003693,24.789117],[121.003675,24.789128],[121.003665,24.789152],[121.003665,24.789169],[121.003905,24.78947],[121.003939,24.789489],[121.003973,24.789482],[121.004002,24.78947],[121.003706,24.789112],[121.003693,24.789117]]]]}},{"type":"Feature","properties":{"n":"大學路","v":"東區","w":2.2,"c":0.9,"r":2},"geometry":{"type":"MultiPolygon","coordinates":[[[[121.004081,24.789578],[121.004049,24.789601],[121.004047,24.789625],[121.004154,24.789785],[121.004188,24.789793],[121.004219,24.789781],[121.004081,24.789578]]]]}},{"type":"Feature","properties":{"n":"大學路","v":"東區","w":2.2,"c":0.9,"r":2},"geometry":{"type":"MultiPolygon","coordinates":[[[[121.004314,24.789874],[121.004295,24.789874],[121.00428,24.789881],[121.004272,24.78989],[121.004272,24.789912],[121.00428,24.789931],[121.004314,24.789972],[121.004348,24.789972],[121.004374,24.789962],[121.004314,24.789874]]]]}},{"type":"Feature","properties":{"n":"大學路","v":"東區","w":2.2,"c":0.9,"r":2},"geometry":{"type":"MultiPolygon","coordinates":[[[[121.004452,24.79006],[121.004434,24.790077],[121.004426,24.790094],[121.004426,24.790115],[121.004478,24.790187],[121.004515,24.79027],[121.004523,24.790359],[121.004512,24.790447],[121.004489,24.790555],[121.004468,24.790736],[121.004473,24.790796],[121.004505,24.790841],[121.004552,24.790789],[121.004526,24.790753],[121.004523,24.790727],[121.004581,24.790387],[121.004578,24.790285],[121.004523,24.790163],[121.00446,24.790065],[121.004452,24.79006]]]]}},{"type":"Feature","properties":{"n":"建功一路","v":"東區","w":2.8,"c":2.15,"r":2},"geometry":{"type":"MultiPolygon","coordinates":[[[[120.997629,24.798466],[120.997661,24.79847],[120.99771,24.798455],[120.997757,24.798306],[120.997757,24.798287],[120.997749,24.798273],[120.997734,24.798263],[120.997692,24.798252],[120.997629,24.798466]]]]}},{"type":"Feature","properties":{"n":"建功一路","v":"東區","w":2.1,"c":1.45,"r":2},"geometry":{"type":"MultiPolygon","coordinates":[[[[120.997728,24.798201],[120.997755,24.798204],[120.997784,24.798193],[120.997794,24.798181],[120.998022,24.797403],[120.998016,24.797379],[120.997977,24.797357],[120.997964,24.797355],[120.997729,24.798193],[120.997728,24.798201]]]]}},{"type":"Feature","properties":{"n":"建功一路","v":"東區","w":2.1,"c":1.45,"r":2},"geometry":{"type":"MultiPolygon","coordinates":[[[[120.997977,24.797327],[120.998019,24.797329],[120.998043,24.797315],[120.998218,24.796725],[120.998218,24.796705],[120.998205,24.796689],[120.998173,24.796684],[120.998001,24.797248],[120.997977,24.797327]]]]}},{"type":"Feature","properties":{"n":"建功一路","v":"東區","w":2.1,"c":1.45,"r":2},"geometry":{"type":"MultiPolygon","coordinates":[[[[120.99789,24.798393],[120.997918,24.798305],[120.997952,24.798305],[120.997973,24.798226],[120.997949,24.798222],[120.997908,24.798229],[120.997875,24.798367],[120.997878,24.798389],[120.99789,24.798393]]]]}},{"type":"Feature","properties":{"n":"建功一路","v":"東區","w":2.1,"c":1.45,"r":2},"geometry":{"type":"MultiPolygon","coordinates":[[[[120.997963,24.798183],[120.997986,24.798128],[120.997957,24.798131],[120.997939,24.79814],[120.997928,24.798157],[120.99793,24.798169],[120.997946,24.798179],[120.997963,24.798183]]]]}},{"type":"Feature","properties":{"n":"建功一路","v":"東區","w":2.1,"c":1.45,"r":2},"geometry":{"type":"MultiPolygon","coordinates":[[[[120.997995,24.798085],[120.99801,24.79809],[120.998046,24.797923],[120.998007,24.797928],[120.997984,24.797942],[120.997964,24.798035],[120.99798,24.798073],[120.997995,24.798085]]]]}},{"type":"Feature","properties":{"n":"建功一路","v":"東區","w":2.1,"c":1.45,"r":2},"geometry":{"type":"MultiPolygon","coordinates":[[[[120.998052,24.797904],[120.998083,24.797789],[120.998036,24.797796],[120.998025,24.797806],[120.998009,24.797863],[120.998011,24.797878],[120.998027,24.797897],[120.998052,24.797904]]]]}},{"type":"Feature","properties":{"n":"建功一路","v":"東區","w":2.1,"c":1.45,"r":2},"geometry":{"type":"MultiPolygon","coordinates":[[[[120.998092,24.797767],[120.998135,24.797644],[120.99812,24.797639],[120.998072,24.797653],[120.998045,24.797739],[120.998066,24.797763],[120.998092,24.797767]]]]}},{"type":"Feature","properties":{"n":"建功一路","v":"東區","w":2.1,"c":1.45,"r":2},"geometry":{"type":"MultiPolygon","coordinates":[[[[120.998144,24.797603],[120.998209,24.797393],[120.998206,24.797386],[120.998167,24.797388],[120.998151,24.7974],[120.998103,24.797572],[120.998119,24.797601],[120.998144,24.797603]]]]}},{"type":"Feature","properties":{"n":"建功一路","v":"東區","w":2.1,"c":1.45,"r":2},"geometry":{"type":"MultiPolygon","coordinates":[[[[120.998212,24.797361],[120.998299,24.797073],[120.998254,24.797077],[120.998236,24.797087],[120.998169,24.797328],[120.998174,24.797347],[120.998188,24.797359],[120.998212,24.797361]]]]}},{"type":"Feature","properties":{"n":"建功一路","v":"東區","w":2.1,"c":1.45,"r":2},"geometry":{"type":"MultiPolygon","coordinates":[[[[120.998311,24.797015],[120.998428,24.796612],[120.998512,24.7966],[120.998538,24.796552],[120.998512,24.796547],[120.998462,24.796552],[120.998431,24.796559],[120.9984,24.796573],[120.998381,24.796588],[120.998282,24.796953],[120.998278,24.796987],[120.998284,24.797003],[120.998297,24.797013],[120.998311,24.797015]]]]}},{"type":"Feature","properties":{"n":"公道五","v":"東區","w":4,"c":2.45,"r":1},"geometry":{"type":"MultiPolygon","coordinates":[[[[121.000445,24.801407],[121.000463,24.801439],[121.000873,24.801244],[121.000892,24.801221],[121.00088,24.801194],[121.000445,24.801407]]]]}},{"type":"Feature","properties":{"n":"公道五","v":"東區","w":4,"c":2.45,"r":0},"geometry":{"type":"MultiPolygon","coordinates":[[[[121.00099,24.801142],[121.001076,24.801148],[121.001547,24.800922],[121.001552,24.800881],[121.001543,24.800887],[121.00099,24.801142]]]]}},{"type":"Feature","properties":{"n":"公道五","v":"東區","w":4,"c":1.36,"r":0},"geometry":{"type":"MultiPolygon","coordinates":[[[[121.002885,24.800202],[121.001776,24.800765],[121.001792,24.800782],[121.001815,24.800788],[121.002374,24.800503],[121.002475,24.800442],[121.002579,24.80039],[121.002585,24.800369],[121.00262,24.800352],[121.002628,24.800364],[121.002879,24.800239],[121.002889,24.800222],[121.002885,24.800202]]]]}},{"type":"Feature","properties":{"n":"公道五","v":"東區","w":4,"c":4,"r":0},"geometry":{"type":"MultiPolygon","coordinates":[[[[121.002925,24.800182],[121.002942,24.800198],[121.002964,24.800196],[121.003394,24.799981],[121.003405,24.799969],[121.00342,24.799896],[121.003422,24.799822],[121.003296,24.799416],[121.003255,24.799422],[121.003381,24.799828],[121.003372,24.799958],[121.002925,24.800182]]]]}},{"type":"Feature","properties":{"n":"建功一路","v":"東區","w":2.1,"c":1.45,"r":2},"geometry":{"type":"MultiPolygon","coordinates":[[[[120.997854,24.798584],[120.997861,24.798585],[120.997911,24.798438],[120.997895,24.798436],[120.997867,24.798443],[120.997846,24.798457],[120.997817,24.798539],[120.997822,24.798563],[120.997835,24.798577],[120.997854,24.798584]]]]}},{"type":"Feature","properties":{"n":"建功一路","v":"東區","w":1.65,"c":1.45,"r":1},"geometry":{"type":"MultiPolygon","coordinates":[[[[120.998232,24.79646],[120.998251,24.796487],[120.998295,24.796499],[120.998295,24.796467],[120.998269,24.796434],[120.998232,24.79646]]]]}},{"type":"Feature","properties":{"n":"水源街","v":"東區","w":1.7,"c":1.4,"r":2},"geometry":{"type":"MultiPolygon","coordinates":[[[[120.992851,24.803109],[120.992859,24.803071],[120.992097,24.801772],[120.992037,24.801753],[120.992838,24.803105],[120.992851,24.803109]]]]}},{"type":"Feature","properties":{"n":"東香路二段","v":"香山區","w":2.55,"c":1,"r":2},"geometry":{"type":"MultiPolygon","coordinates":[[[[120.944085,24.776138],[120.944098,24.776157],[120.94466,24.775899],[120.944974,24.77578],[120.945215,24.775713],[120.946552,24.775639],[120.946759,24.775632],[120.946759,24.775608],[120.945733,24.77566],[120.945571,24.775675],[120.945291,24.775687],[120.945131,24.775715],[120.944998,24.775749],[120.944804,24.775813],[120.944611,24.775901],[120.94442,24.77598],[120.944085,24.776138]]]]}},{"type":"Feature","properties":{"n":"中華路6段","v":"香山區","w":4.2,"c":3,"r":2},"geometry":{"type":"MultiPolygon","coordinates":[[[[120.913015,24.734014],[120.91301,24.734005],[120.912974,24.734043],[120.912926,24.734131],[120.912861,24.734236],[120.912837,24.734305],[120.91279,24.734408],[120.912756,24.734501],[120.912753,24.734528],[120.912769,24.734532],[120.912811,24.734401],[120.912864,24.734279],[120.912913,24.734177],[120.912976,24.734079],[120.913015,24.734014]]]]}},{"type":"Feature","properties":{"n":"客雅大道","v":"香山區","w":3,"c":1.2,"r":2},"geometry":{"type":"MultiPolygon","coordinates":[[[[120.954361,24.783343],[120.954393,24.78345],[120.954459,24.783546],[120.954518,24.783594],[120.954747,24.783725],[120.955368,24.784042],[120.955538,24.784155],[120.955989,24.784371],[120.956192,24.784448],[120.956205,24.784448],[120.956205,24.784436],[120.956185,24.784412],[120.956042,24.784371],[120.955891,24.784287],[120.955459,24.784078],[120.955368,24.784018],[120.955204,24.783928],[120.95491,24.783791],[120.954537,24.783582],[120.954485,24.783546],[120.954413,24.783444],[120.9544,24.783385],[120.954374,24.783319],[120.954361,24.783343]]]]}},{"type":"Feature","properties":{"n":"中華路五段","v":"香山區","w":5,"c":3.25,"r":2},"geometry":{"type":"MultiPolygon","coordinates":[[[[120.917908,24.773197],[120.917525,24.770944],[120.917188,24.770079],[120.917146,24.770103],[120.917481,24.770963],[120.917869,24.773214],[120.917903,24.7732],[120.917908,24.773197]]]]}},{"type":"Feature","properties":{"n":"元培路","v":"香山區","w":1.9,"c":1.9,"r":5},"geometry":{"type":"MultiPolygon","coordinates":[[[[120.929007,24.787181],[120.929028,24.78719],[120.929145,24.786958],[120.929297,24.786697],[120.929348,24.786613],[120.929466,24.786442],[120.92945,24.786433],[120.929355,24.78657],[120.929204,24.78682],[120.929007,24.787181]]]]}},{"type":"Feature","properties":{"n":"海埔路","v":"香山區","w":2.4,"c":0.78,"r":null},"geometry":{"type":"MultiPolygon","coordinates":[[[[120.924606,24.818772],[120.926722,24.818369],[120.926918,24.818327],[120.927979,24.818129],[120.92843,24.818039],[120.928907,24.817975],[120.92893,24.817962],[120.928923,24.817953],[120.928903,24.817954],[120.928525,24.818002],[120.928425,24.818018],[120.927976,24.818107],[120.927961,24.818093],[120.927835,24.818108],[120.924606,24.818772]]]]}},{"type":"Feature","properties":{"n":"海埔路","v":"香山區","w":1.7,"c":1.4,"r":null},"geometry":{"type":"MultiPolygon","coordinates":[[[[120.924889,24.81885],[120.926978,24.818447],[120.926959,24.818436],[120.924884,24.818829],[120.924889,24.81885]]]]}},{"type":"Feature","properties":{"n":"中華路五段","v":"香山區","w":1,"c":0,"r":2},"geometry":{"type":"MultiPolygon","coordinates":[[[[120.915411,24.772359],[120.915431,24.772355],[120.9153,24.771684],[120.915277,24.771497],[120.915259,24.771282],[120.915206,24.771098],[120.915192,24.771103],[120.915244,24.771273],[120.915282,24.771672],[120.915411,24.772359]]]]}},{"type":"Feature","properties":{"n":"中華路4段","v":"香山區","w":2,"c":1,"r":2},"geometry":{"type":"MultiPolygon","coordinates":[[[[120.948193,24.79453],[120.948224,24.794541],[120.94808,24.794311],[120.947891,24.794077],[120.94774,24.793946],[120.947431,24.793702],[120.946976,24.793332],[120.946578,24.792952],[120.946544,24.792887],[120.946583,24.792792],[120.946665,24.79271],[120.946775,24.792656],[120.946822,24.792708],[120.947217,24.793052],[120.94762,24.793384],[120.947837,24.793549],[120.948001,24.79369],[120.948239,24.793922],[120.948331,24.794034],[120.948464,24.794254],[120.948585,24.794476],[120.948697,24.794706],[120.948721,24.794707],[120.948585,24.794431],[120.94842,24.794144],[120.948302,24.793965],[120.94819,24.793836],[120.94808,24.793726],[120.947088,24.792921],[120.946921,24.79277],[120.946777,24.792629],[120.946628,24.792706],[120.946549,24.792799],[120.946528,24.792892],[120.946548,24.792954],[120.946955,24.793344],[120.947492,24.793781],[120.947817,24.794037],[120.947996,24.794242],[120.948193,24.79453]]]]}},{"type":"Feature","properties":{"n":"中華路4段","v":"香山區","w":2,"c":1,"r":2},"geometry":{"type":"MultiPolygon","coordinates":[[[[120.948733,24.794706],[120.948747,24.794709],[120.94876,24.794605],[120.948808,24.794387],[120.948842,24.794079],[120.948999,24.792899],[120.948984,24.792897],[120.948863,24.793769],[120.948792,24.794373],[120.948747,24.79459],[120.948733,24.794706]]]]}},{"type":"Feature","properties":{"n":"中華路六段","v":"香山區","w":0,"c":4,"r":2},"geometry":{"type":"MultiPolygon","coordinates":[[[[120.907195,24.74455],[120.907849,24.743444],[120.907821,24.743428],[120.907166,24.744533],[120.907195,24.74455]]]]}},{"type":"Feature","properties":{"n":"中華路五段","v":"香山區","w":0,"c":4,"r":2},"geometry":{"type":"MultiPolygon","coordinates":[[[[120.920481,24.784705],[120.919775,24.783756],[120.919651,24.783475],[120.919462,24.782633],[120.919383,24.782656],[120.919585,24.783487],[120.919716,24.783785],[120.920409,24.784753],[120.920481,24.784705]]]]}},{"type":"Feature","properties":{"n":"牛埔路","v":"香山區","w":0,"c":4,"r":2},"geometry":{"type":"MultiPolygon","coordinates":[[[[120.950653,24.799231],[120.95114,24.799487],[120.951532,24.799662],[120.952056,24.799542],[120.952765,24.799359],[120.953354,24.799227],[120.953346,24.799208],[120.952755,24.799342],[120.952058,24.799521],[120.95154,24.799638],[120.951161,24.799468],[120.950664,24.79921],[120.950653,24.799231]]]]}},{"type":"Feature","properties":{"n":"中華路六段","v":"香山區","w":0,"c":4,"r":2},"geometry":{"type":"MultiPolygon","coordinates":[[[[120.913149,24.734003],[120.913241,24.733905],[120.913487,24.733711],[120.914018,24.733399],[120.914235,24.733248],[120.914345,24.733143],[120.914568,24.732857],[120.914822,24.732429],[120.915084,24.731954],[120.915094,24.731928],[120.915063,24.731921],[120.914539,24.732847],[120.914314,24.733122],[120.914209,24.733224],[120.913898,24.733437],[120.913476,24.733678],[120.913236,24.733869],[120.91312,24.733988],[120.913149,24.734003]]]]}},{"type":"Feature","properties":{"n":"元培街","v":"香山區","w":0,"c":2.5,"r":2},"geometry":{"type":"MultiPolygon","coordinates":[[[[120.944081,24.774742],[120.943957,24.775071],[120.943878,24.775566],[120.943832,24.776146],[120.9427,24.776504],[120.942223,24.776647],[120.941739,24.776993],[120.94132,24.777345],[120.94096,24.777703],[120.940469,24.777942],[120.939959,24.77821],[120.939998,24.77824],[120.940404,24.778008],[120.940973,24.777727],[120.941346,24.777369],[120.941961,24.776868],[120.942177,24.776718],[120.942988,24.776444],[120.943852,24.776176],[120.943865,24.77614],[120.943917,24.775644],[120.943983,24.77513],[120.944114,24.77476],[120.944081,24.774742]]]]}},{"type":"Feature","properties":{"n":"浸水北街","v":"香山區","w":1.5,"c":1.5,"r":4},"geometry":{"type":"MultiPolygon","coordinates":[[[[120.921492,24.803561],[120.92377,24.802583],[120.923796,24.802499],[120.923809,24.802475],[120.921492,24.803561]]]]}},{"type":"Feature","properties":{"n":"彩虹路","v":"香山區","w":1.5,"c":1.5,"r":10},"geometry":{"type":"MultiPolygon","coordinates":[[[[120.918248,24.805307],[120.917752,24.804148],[120.917712,24.804172],[120.917751,24.804411],[120.91783,24.804721],[120.918248,24.805307]]]]}},{"type":"Feature","properties":{"n":"中華路6段","v":"香山區","w":3,"c":2.2,"r":1},"geometry":{"type":"MultiPolygon","coordinates":[[[[120.912833,24.735571],[120.912844,24.735575],[120.912886,24.735389],[120.912928,24.735233],[120.913052,24.734682],[120.913125,24.73451],[120.913185,24.734345],[120.913238,24.734266],[120.913308,24.734187],[120.9133,24.73418],[120.913234,24.734253],[120.913173,24.734339],[120.913045,24.73468],[120.912872,24.735402],[120.912833,24.735571]]]]}},{"type":"Feature","properties":{"n":"中華路五段","v":"香山區","w":2.5,"c":2.5,"r":6},"geometry":{"type":"MultiPolygon","coordinates":[[[[120.915785,24.767445],[120.914704,24.765623],[120.914691,24.765647],[120.915785,24.767445]]]]}},{"type":"Feature","properties":{"n":"延濱路","v":"香山區","w":1.5,"c":1.5,"r":8},"geometry":{"type":"MultiPolygon","coordinates":[[[[120.928304,24.835789],[120.928973,24.83552],[120.928927,24.835484],[120.928293,24.835765],[120.928304,24.835789]]]]}},{"type":"Feature","properties":{"n":"公道三","v":"香山區","w":2,"c":2,"r":2},"geometry":{"type":"MultiPolygon","coordinates":[[[[120.949514,24.798545],[120.949482,24.798557],[120.949634,24.800152],[120.94968,24.800158],[120.949514,24.798545]]]]}},{"type":"Feature","properties":{"n":"公道三","v":"香山區","w":2,"c":2,"r":2},"geometry":{"type":"MultiPolygon","coordinates":[[[[120.949514,24.798545],[120.949482,24.798557],[120.949634,24.800152],[120.94968,24.800158],[120.949514,24.798545]]]]}},{"type":"Feature","properties":{"n":"南隘路1段","v":"香山區","w":1,"c":1,"r":2},"geometry":{"type":"MultiPolygon","coordinates":[[[[120.926918,24.725295],[120.926941,24.725295],[120.926915,24.725097],[120.926839,24.724992],[120.926656,24.724882],[120.926319,24.724707],[120.925898,24.724509],[120.925896,24.724525],[120.926198,24.724674],[120.92677,24.724965],[120.926892,24.725097],[120.926918,24.725295]]]]}},{"type":"Feature","properties":{"n":"中華路四段","v":"香山區","w":1.8,"c":1.8,"r":0},"geometry":{"type":"MultiPolygon","coordinates":[[[[120.951473,24.796417],[120.951829,24.796563],[120.951904,24.796599],[120.951959,24.796608],[120.952093,24.796654],[120.952145,24.79668],[120.952145,24.796668],[120.952127,24.796656],[120.951986,24.796608],[120.951904,24.796589],[120.951588,24.796446],[120.951496,24.796414],[120.951473,24.796417]]]]}},{"type":"Feature","properties":{"n":"中華路五段","v":"香山區","w":2,"c":1,"r":3},"geometry":{"type":"MultiPolygon","coordinates":[[[[120.928602,24.788145],[120.928607,24.788138],[120.927333,24.787568],[120.927328,24.78758],[120.92744,24.787633],[120.928602,24.788145]]]]}},{"type":"Feature","properties":{"n":"牛埔路","v":"香山區","w":1.8,"c":1.6,"r":2},"geometry":{"type":"MultiPolygon","coordinates":[[[[120.953251,24.799171],[120.953249,24.799163],[120.952377,24.799388],[120.952377,24.799395],[120.953251,24.799171]]]]}},{"type":"Feature","properties":{"n":"牛埔東路","v":"香山區","w":1.6,"c":1.3,"r":2},"geometry":{"type":"MultiPolygon","coordinates":[[[[120.951471,24.799532],[120.951468,24.799523],[120.951343,24.799489],[120.950997,24.799341],[120.950712,24.799186],[120.950709,24.799193],[120.950717,24.7992],[120.950968,24.799336],[120.951235,24.799456],[120.951358,24.799506],[120.951471,24.799532]]]]}},{"type":"Feature","properties":{"n":"中華路四段226巷","v":"香山區","w":3,"c":2,"r":2},"geometry":{"type":"MultiPolygon","coordinates":[[[[120.949624,24.79837],[120.949632,24.798366],[120.949188,24.796899],[120.949172,24.796901],[120.949611,24.798356],[120.949624,24.79837]]]]}},{"type":"Feature","properties":{"n":"海埔路","v":"香山區","w":1,"c":0.7,"r":8},"geometry":{"type":"MultiPolygon","coordinates":[[[[120.910537,24.822468],[120.91054,24.822478],[120.912967,24.82183],[120.913053,24.821856],[120.91325,24.821787],[120.918773,24.820333],[120.918988,24.820309],[120.919315,24.820202],[120.920902,24.819789],[120.923425,24.819143],[120.924326,24.818929],[120.924323,24.818921],[120.92393,24.819005],[120.92075,24.819811],[120.919323,24.820187],[120.918985,24.820297],[120.918765,24.820323],[120.915632,24.821153],[120.913268,24.82177],[120.913051,24.821844],[120.912967,24.82182],[120.911922,24.822099],[120.910537,24.822468]]]]}},{"type":"Feature","properties":{"n":"海埔路","v":"香山區","w":1,"c":0.7,"r":8},"geometry":{"type":"MultiPolygon","coordinates":[[[[120.910513,24.822354],[120.910558,24.822366],[120.913314,24.821621],[120.916697,24.820733],[120.919976,24.819881],[120.922064,24.819326],[120.924217,24.818772],[120.924217,24.818754],[120.921645,24.819416],[120.9162,24.820846],[120.913837,24.821454],[120.910539,24.822342],[120.910513,24.822354]]]]}},{"type":"Feature","properties":{"n":"中華路四段","v":"香山區","w":2,"c":1,"r":3},"geometry":{"type":"MultiPolygon","coordinates":[[[[120.945472,24.793829],[120.942509,24.792651],[120.942502,24.792669],[120.945478,24.793847],[120.945472,24.793829]]]]}},{"type":"Feature","properties":{"n":"中華路","v":"北區","w":5,"c":3.5,"r":2},"geometry":{"type":"MultiPolygon","coordinates":[[[[120.966841,24.806366],[120.966926,24.806313],[120.966947,24.806315],[120.967181,24.806454],[120.967183,24.806419],[120.96717,24.806381],[120.967019,24.806294],[120.966898,24.806305],[120.966841,24.806366]]]]}},{"type":"Feature","properties":{"n":"中華路二段","v":"東區","w":6,"c":4.1,"r":2},"geometry":{"type":"MultiPolygon","coordinates":[[[[120.975062,24.804535],[120.975146,24.804482],[120.975175,24.804485],[120.9754,24.804625],[120.97541,24.804604],[120.97541,24.804584],[120.9754,24.804563],[120.975385,24.804549],[120.975245,24.804462],[120.975116,24.804474],[120.975062,24.804535]]]]}},{"type":"Feature","properties":{"n":"中華路二段","v":"東區","w":6,"c":4.1,"r":2},"geometry":{"type":"MultiPolygon","coordinates":[[[[120.975637,24.804773],[120.976588,24.805367],[120.976612,24.805334],[120.976947,24.805545],[120.97695,24.805533],[120.976943,24.805523],[120.976914,24.805505],[120.976911,24.80551],[120.976894,24.805499],[120.976897,24.805495],[120.975721,24.804759],[120.975692,24.80475],[120.975676,24.80475],[120.975648,24.804763],[120.975637,24.804773]]]]}},{"type":"Feature","properties":{"n":"中華路二段","v":"東區","w":1.9,"c":1.9,"r":2},"geometry":{"type":"MultiPolygon","coordinates":[[[[120.978526,24.806535],[120.978528,24.806524],[120.978521,24.806514],[120.978465,24.806479],[120.978449,24.806477],[120.978442,24.806483],[120.978526,24.806535]]]]}},{"type":"Feature","properties":{"n":"中華路二段","v":"東區","w":1.9,"c":0.75,"r":2},"geometry":{"type":"MultiPolygon","coordinates":[[[[120.978977,24.806818],[120.979333,24.807041],[120.979335,24.80703],[120.979328,24.80702],[120.979,24.806814],[120.978988,24.806812],[120.978977,24.806818]]]]}},{"type":"Feature","properties":{"n":"中華路二段","v":"東區","w":1.9,"c":1.9,"r":2},"geometry":{"type":"MultiPolygon","coordinates":[[[[120.979537,24.807169],[120.980477,24.807762],[120.980479,24.80775],[120.980472,24.80774],[120.97956,24.807165],[120.979548,24.807163],[120.979537,24.807169]]]]}},{"type":"Feature","properties":{"n":"中華路二段","v":"東區","w":1.9,"c":1.9,"r":2},"geometry":{"type":"MultiPolygon","coordinates":[[[[120.98053,24.807795],[120.981398,24.808338],[120.981401,24.808327],[120.981394,24.808317],[120.980554,24.807791],[120.980541,24.807789],[120.98053,24.807795]]]]}},{"type":"Feature","properties":{"n":"中華路二段","v":"東區","w":1.9,"c":1.9,"r":null},"geometry":{"type":"MultiPolygon","coordinates":[[[[120.981705,24.808531],[120.982425,24.808984],[120.982428,24.808972],[120.982421,24.808963],[120.981729,24.808527],[120.981716,24.808525],[120.981705,24.808531]]]]}},{"type":"Feature","properties":{"n":"中華路二段","v":"東區","w":1.9,"c":0.7,"r":2},"geometry":{"type":"MultiPolygon","coordinates":[[[[120.982535,24.809053],[120.982968,24.809324],[120.982971,24.809312],[120.982964,24.809303],[120.982558,24.809049],[120.982546,24.809046],[120.982535,24.809053]]]]}},{"type":"Feature","properties":{"n":"中華路二段","v":"東區","w":1.9,"c":1.9,"r":2},"geometry":{"type":"MultiPolygon","coordinates":[[[[120.983072,24.809389],[120.983353,24.809564],[120.983355,24.809553],[120.983348,24.809543],[120.983095,24.809385],[120.983083,24.809382],[120.983072,24.809389]]]]}},{"type":"Feature","properties":{"n":"中華路二段","v":"東區","w":1.9,"c":0.94,"r":2},"geometry":{"type":"MultiPolygon","coordinates":[[[[120.983585,24.809709],[120.984567,24.810324],[120.984576,24.810312],[120.983609,24.809706],[120.983596,24.809703],[120.983585,24.809709]]]]}},{"type":"Feature","properties":{"n":"中華路二段","v":"東區","w":1.9,"c":0.7,"r":2},"geometry":{"type":"MultiPolygon","coordinates":[[[[120.984689,24.8104],[120.984922,24.81053],[120.984923,24.810518],[120.984915,24.810509],[120.984698,24.810387],[120.984689,24.8104]]]]}},{"type":"Feature","properties":{"n":"中華路二段","v":"東區","w":1.9,"c":1.9,"r":2},"geometry":{"type":"MultiPolygon","coordinates":[[[[120.985132,24.810616],[120.985119,24.810615],[120.985109,24.810623],[120.985286,24.810702],[120.985468,24.810773],[120.985699,24.810853],[120.986057,24.810961],[120.986055,24.810949],[120.986046,24.810942],[120.985927,24.810906],[120.985926,24.810911],[120.985914,24.810907],[120.985916,24.810903],[120.985563,24.810791],[120.985381,24.810723],[120.985158,24.810628],[120.985132,24.810616]]]]}},{"type":"Feature","properties":{"n":"中華路一段","v":"東區","w":1.7,"c":1.7,"r":2},"geometry":{"type":"MultiPolygon","coordinates":[[[[120.986433,24.81107],[120.986726,24.811155],[120.986911,24.811217],[120.987135,24.81131],[120.987324,24.811404],[120.987326,24.811393],[120.987319,24.811384],[120.987276,24.811361],[120.987145,24.811297],[120.986965,24.811221],[120.986734,24.811141],[120.986454,24.81106],[120.986441,24.811061],[120.986433,24.81107]]]]}},{"type":"Feature","properties":{"n":"中華路二段","v":"東區","w":1.9,"c":1.9,"r":2},"geometry":{"type":"MultiPolygon","coordinates":[[[[120.978407,24.806099],[120.978447,24.806126],[120.978458,24.806171],[120.978474,24.806169],[120.978464,24.806115],[120.978417,24.806086],[120.978407,24.806099]]]]}},{"type":"Feature","properties":{"n":"中華路二段","v":"東區","w":2.5,"c":0.45,"r":3},"geometry":{"type":"MultiPolygon","coordinates":[[[[120.975498,24.804247],[120.975485,24.80425],[120.97548,24.804261],[120.975472,24.804351],[120.975475,24.804365],[120.975485,24.804376],[120.976104,24.804762],[120.976126,24.804767],[120.976243,24.80475],[120.976265,24.804754],[120.976934,24.805173],[120.976978,24.805194],[120.977072,24.805222],[120.977121,24.805229],[120.977219,24.805228],[120.977268,24.80522],[120.977315,24.805207],[120.977404,24.805167],[120.977444,24.805141],[120.977491,24.8051],[120.977479,24.80509],[120.977433,24.80513],[120.977352,24.805176],[120.977308,24.805194],[120.977215,24.805213],[120.97712,24.805214],[120.977031,24.805196],[120.976983,24.805179],[120.976941,24.805158],[120.976259,24.804732],[120.97613,24.804751],[120.976108,24.804746],[120.975488,24.804359],[120.975498,24.804247]]]]}},{"type":"Feature","properties":{"n":"中華路二段","v":"東區","w":1.9,"c":0.4,"r":2},"geometry":{"type":"MultiPolygon","coordinates":[[[[120.978493,24.806259],[120.981748,24.808302],[120.981761,24.808305],[120.981771,24.808298],[120.978488,24.806238],[120.978485,24.80625],[120.978493,24.806259]]]]}},{"type":"Feature","properties":{"n":"中華路二段","v":"東區","w":1.9,"c":0,"r":2},"geometry":{"type":"MultiPolygon","coordinates":[[[[120.982014,24.80847],[120.983447,24.809368],[120.983459,24.80937],[120.98347,24.809364],[120.982023,24.808457],[120.982014,24.80847]]]]}},{"type":"Feature","properties":{"n":"中華路二段","v":"東區","w":2,"c":2,"r":3},"geometry":{"type":"MultiPolygon","coordinates":[[[[120.977101,24.805279],[120.977082,24.805276],[120.977041,24.805329],[120.977193,24.805425],[120.977319,24.805362],[120.977457,24.805274],[120.977485,24.805238],[120.977467,24.805228],[120.977504,24.805178],[120.977522,24.805189],[120.977535,24.805171],[120.977517,24.805161],[120.97751,24.805161],[120.977464,24.805198],[120.977426,24.805221],[120.977441,24.805243],[120.977443,24.805253],[120.977438,24.805261],[120.977362,24.80531],[120.977191,24.805402],[120.977067,24.805324],[120.977101,24.805279]]]]}},{"type":"Feature","properties":{"n":"中華路二段","v":"東區","w":2,"c":2,"r":2},"geometry":{"type":"MultiPolygon","coordinates":[[[[120.977602,24.80521],[120.977527,24.805314],[120.977523,24.805359],[120.977525,24.805404],[120.977534,24.805449],[120.977556,24.805504],[120.977569,24.805526],[120.977617,24.805585],[120.977637,24.805602],[120.977641,24.8056],[120.977605,24.805496],[120.977594,24.805406],[120.977599,24.805316],[120.977622,24.805228],[120.97762,24.80522],[120.977602,24.80521]]]]}},{"type":"Feature","properties":{"n":"中華路二段","v":"東區","w":1.9,"c":1.9,"r":2},"geometry":{"type":"MultiPolygon","coordinates":[[[[120.98376,24.809545],[120.983757,24.809557],[120.983764,24.809567],[120.984739,24.810177],[120.984933,24.810292],[120.984945,24.810293],[120.984955,24.810286],[120.98376,24.809545]]]]}},{"type":"Feature","properties":{"n":"中華路二段","v":"東區","w":1.9,"c":1,"r":2},"geometry":{"type":"MultiPolygon","coordinates":[[[[120.985141,24.810401],[120.985362,24.810502],[120.985589,24.810591],[120.985775,24.810654],[120.985949,24.810707],[120.985951,24.810703],[120.985965,24.810707],[120.985963,24.810711],[120.986115,24.810757],[120.986128,24.810756],[120.986136,24.810747],[120.985783,24.810641],[120.985644,24.810594],[120.985372,24.810489],[120.985135,24.81038],[120.985135,24.810395],[120.985141,24.810401]]]]}},{"type":"Feature","properties":{"n":"中華路二段","v":"東區","w":8,"c":1.9,"r":2},"geometry":{"type":"MultiPolygon","coordinates":[[[[120.977095,24.805619],[120.977082,24.805616],[120.977071,24.805623],[120.977319,24.805778],[120.977284,24.805826],[120.978362,24.806502],[120.978375,24.806456],[120.978359,24.806413],[120.978256,24.80635],[120.978199,24.806367],[120.978176,24.806362],[120.978013,24.806259],[120.978,24.806241],[120.978001,24.806197],[120.977992,24.806182],[120.977095,24.805619]]]]}},{"type":"Feature","properties":{"n":"中華路二段","v":"東區","w":1.9,"c":1.9,"r":2},"geometry":{"type":"MultiPolygon","coordinates":[[[[120.977709,24.805214],[120.977691,24.805203],[120.97766,24.805288],[120.977651,24.805333],[120.977648,24.805423],[120.977665,24.805512],[120.9777,24.805596],[120.977724,24.805635],[120.977784,24.805707],[120.977822,24.805736],[120.978246,24.805999],[120.978263,24.805976],[120.97779,24.805683],[120.97774,24.805622],[120.977699,24.805544],[120.977675,24.805461],[120.97767,24.805418],[120.977673,24.805332],[120.977695,24.805248],[120.977709,24.805214]]]]}},{"type":"Feature","properties":{"n":"建新路","v":"東區","w":4.25,"c":2,"r":2},"geometry":{"type":"MultiPolygon","coordinates":[[[[120.997559,24.798511],[120.997582,24.7985],[120.9976,24.798483],[120.997365,24.798378],[120.997361,24.798403],[120.997371,24.798426],[120.997559,24.798511]]]]}},{"type":"Feature","properties":{"n":"建新路","v":"東區","w":4.25,"c":2,"r":2},"geometry":{"type":"MultiPolygon","coordinates":[[[[120.997253,24.798369],[120.99728,24.798366],[120.997299,24.798349],[120.996184,24.797845],[120.99618,24.797868],[120.996192,24.797889],[120.997253,24.798369]]]]}},{"type":"Feature","properties":{"n":"建新路","v":"東區","w":2.2,"c":2.2,"r":2},"geometry":{"type":"MultiPolygon","coordinates":[[[[120.996076,24.797786],[120.996094,24.797794],[120.996107,24.79779],[120.995985,24.797653],[120.995993,24.797607],[120.995988,24.797571],[120.995976,24.797589],[120.995966,24.79765],[120.995973,24.797671],[120.996076,24.797786]]]]}},{"type":"Feature","properties":{"n":"建功二路","v":"東區","w":1.5,"c":1.5,"r":2},"geometry":{"type":"MultiPolygon","coordinates":[[[[121.003564,24.799917],[121.003585,24.799886],[121.003308,24.798971],[121.003143,24.798348],[121.003075,24.798114],[121.003033,24.798025],[121.002261,24.796762],[121.002231,24.796762],[121.00231,24.796903],[121.003001,24.798011],[121.003051,24.798116],[121.003124,24.798367],[121.003194,24.798661],[121.003407,24.799385],[121.003564,24.799917]]]]}},{"type":"Feature","properties":{"n":"金農路","v":"北區","w":1.5,"c":1.5,"r":6},"geometry":{"type":"MultiPolygon","coordinates":[[[[120.96413,24.822004],[120.96413,24.821966],[120.961381,24.824151],[120.961378,24.824191],[120.96413,24.822004]]]]}},{"type":"Feature","properties":{"n":"竹光路","v":"北區","w":2,"c":1.7,"r":4},"geometry":{"type":"MultiPolygon","coordinates":[[[[120.960756,24.814402],[120.960732,24.814431],[120.961829,24.815248],[120.961826,24.81521],[120.961635,24.815066],[120.960756,24.814402]]]]}},{"type":"Feature","properties":{"n":"竹光路","v":"北區","w":20,"c":1.7,"r":2},"geometry":{"type":"MultiPolygon","coordinates":[[[[120.961465,24.814632],[120.961994,24.815052],[120.962015,24.815023],[120.961478,24.814605],[120.961465,24.814632]]]]}},{"type":"Feature","properties":{"n":"金雅西街","v":"北區","w":1.5,"c":1.5,"r":2},"geometry":{"type":"MultiPolygon","coordinates":[[[[120.968028,24.826842],[120.968061,24.82682],[120.967419,24.82605],[120.96739,24.826074],[120.968028,24.826842]]]]}},{"type":"Feature","properties":{"n":"舊社大橋","v":"北區","w":2.5,"c":2.5,"r":2},"geometry":{"type":"MultiPolygon","coordinates":[[[[120.978853,24.824185],[120.979684,24.825951],[120.979716,24.825936],[120.978899,24.824192],[120.978853,24.824185]]]]}},{"type":"Feature","properties":{"n":"延平路二段","v":"香山區","w":1.5,"c":1.5,"r":2},"geometry":{"type":"MultiPolygon","coordinates":[[[[120.922729,24.808489],[120.928483,24.813721],[120.928542,24.8137],[120.922782,24.808464],[120.922729,24.808489]]]]}},{"type":"Feature","properties":{"n":"彩虹路","v":"香山區","w":1.5,"c":1.5,"r":6},"geometry":{"type":"MultiPolygon","coordinates":[[[[120.917194,24.795621],[120.917156,24.795609],[120.917157,24.795638],[120.91734,24.796271],[120.917385,24.796659],[120.917411,24.797513],[120.917364,24.798415],[120.916932,24.799543],[120.916919,24.799627],[120.916898,24.800887],[120.917193,24.802087],[120.917206,24.802231],[120.917278,24.80244],[120.917461,24.802631],[120.917585,24.803091],[120.917584,24.80324],[120.917676,24.803623],[120.917695,24.804506],[120.917767,24.804733],[120.918192,24.805337],[120.918224,24.805318],[120.917806,24.804716],[120.917741,24.804504],[120.917715,24.803587],[120.917682,24.803443],[120.917624,24.803247],[120.917624,24.803077],[120.917496,24.802612],[120.917313,24.802416],[120.917256,24.802272],[120.917232,24.802084],[120.916945,24.80094],[120.916932,24.800837],[120.916958,24.799748],[120.916947,24.799617],[120.917395,24.798405],[120.917448,24.797527],[120.917429,24.796601],[120.91737,24.796207],[120.917194,24.795621]]]]}},{"type":"Feature","properties":{"n":"茄苳路","v":"香山區","w":1,"c":1,"r":null},"geometry":{"type":"MultiPolygon","coordinates":[[[[120.947755,24.75786],[120.947716,24.757695],[120.947716,24.757516],[120.947711,24.757437],[120.947687,24.757368],[120.947645,24.757313],[120.947567,24.757265],[120.947467,24.757222],[120.947454,24.757208],[120.947418,24.757117],[120.947378,24.757038],[120.947329,24.756976],[120.947269,24.756931],[120.947151,24.756825],[120.947059,24.756684],[120.947012,24.756601],[120.946973,24.756503],[120.946814,24.756142],[120.946777,24.756087],[120.946696,24.75603],[120.946633,24.755968],[120.946597,24.755927],[120.946529,24.755824],[120.946435,24.755714],[120.946372,24.755669],[120.945963,24.755497],[120.94593,24.755456],[120.945919,24.755463],[120.945956,24.755504],[120.946364,24.755676],[120.946426,24.755722],[120.946518,24.755831],[120.946586,24.755932],[120.946683,24.756035],[120.946769,24.756092],[120.946803,24.756145],[120.947004,24.756608],[120.94714,24.756825],[120.94726,24.756935],[120.947315,24.756978],[120.947375,24.75705],[120.947454,24.757229],[120.9476,24.757296],[120.947645,24.757325],[120.947679,24.757373],[120.947697,24.757442],[120.947702,24.757693],[120.947744,24.757863],[120.947755,24.75786]]]]}},{"type":"Feature","properties":{"n":"公道五路","v":"東區","w":3.75,"c":1.8,"r":2},"geometry":{"type":"MultiPolygon","coordinates":[[[[120.99272,24.805182],[120.992741,24.805198],[120.992768,24.805196],[120.993757,24.804705],[120.993775,24.804685],[120.993772,24.804659],[120.99272,24.805182]]]]}},{"type":"Feature","properties":{"n":"公道五路二段","v":"東區","w":3.75,"c":2.55,"r":2},"geometry":{"type":"MultiPolygon","coordinates":[[[[120.99435,24.804376],[120.994371,24.804392],[120.994399,24.80439],[120.994956,24.804119],[120.994966,24.804103],[120.994959,24.804078],[120.99435,24.804376]]]]}},{"type":"Feature","properties":{"n":"公道五路二段","v":"東區","w":3.75,"c":2.55,"r":2},"geometry":{"type":"MultiPolygon","coordinates":[[[[120.995093,24.804052],[120.995522,24.803842],[120.995504,24.803811],[120.99505,24.804034],[120.995069,24.804049],[120.995093,24.804052]]]]}},{"type":"Feature","properties":{"n":"公道五路二段","v":"東區","w":3.75,"c":2.55,"r":2},"geometry":{"type":"MultiPolygon","coordinates":[[[[120.996389,24.803373],[120.996413,24.80339],[120.996443,24.803387],[120.998079,24.802573],[120.998098,24.802552],[120.998095,24.802526],[120.996389,24.803373]]]]}},{"type":"Feature","properties":{"n":"公道五路二段","v":"東區","w":3.75,"c":2.55,"r":2},"geometry":{"type":"MultiPolygon","coordinates":[[[[120.998308,24.802422],[120.998331,24.802439],[120.998359,24.802437],[120.999426,24.801931],[120.999445,24.801909],[120.999442,24.801882],[120.998308,24.802422]]]]}},{"type":"Feature","properties":{"n":"公道五路二段","v":"東區","w":3.75,"c":2.55,"r":2},"geometry":{"type":"MultiPolygon","coordinates":[[[[121.000463,24.801439],[121.000444,24.801406],[120.999486,24.801861],[120.999504,24.801879],[120.99953,24.801881],[121.000463,24.801439]]]]}},{"type":"Feature","properties":{"n":"金山街","v":"東區","w":1.6,"c":0.4,"r":2},"geometry":{"type":"MultiPolygon","coordinates":[[[[121.019436,24.778547],[121.02008,24.778242],[121.020113,24.778252],[121.020123,24.778268],[121.020136,24.778261],[121.02012,24.778235],[121.02011,24.778228],[121.020066,24.778232],[121.019399,24.778548],[121.019395,24.778567],[121.0194,24.778586],[121.019446,24.778565],[121.019436,24.778547]]]]}},{"type":"Feature","properties":{"n":"金山街","v":"東區","w":1.6,"c":1.6,"r":2},"geometry":{"type":"MultiPolygon","coordinates":[[[[121.020226,24.778176],[121.020463,24.778062],[121.020508,24.778079],[121.020517,24.778095],[121.020532,24.778089],[121.020519,24.778067],[121.020496,24.778045],[121.020462,24.778042],[121.020231,24.778152],[121.020205,24.778179],[121.020206,24.778211],[121.020214,24.778227],[121.020224,24.778222],[121.020215,24.778206],[121.020226,24.778176]]]]}},{"type":"Feature","properties":{"n":"金山街","v":"東區","w":1.6,"c":1.6,"r":2},"geometry":{"type":"MultiPolygon","coordinates":[[[[121.020624,24.777989],[121.020847,24.77788],[121.020894,24.777896],[121.020903,24.777912],[121.020915,24.777906],[121.020901,24.777881],[121.020875,24.77786],[121.02084,24.777863],[121.020615,24.77797],[121.020591,24.777996],[121.020594,24.778031],[121.020607,24.778054],[121.020619,24.778048],[121.02061,24.778032],[121.020624,24.777989]]]]}},{"type":"Feature","properties":{"n":"金山街","v":"東區","w":1.6,"c":1.6,"r":2},"geometry":{"type":"MultiPolygon","coordinates":[[[[121.021014,24.777803],[121.021192,24.777719],[121.021194,24.777723],[121.02124,24.777701],[121.021278,24.777708],[121.021287,24.777724],[121.021301,24.777718],[121.02129,24.7777],[121.021265,24.777677],[121.021229,24.777677],[121.020999,24.777787],[121.020974,24.777812],[121.020977,24.777847],[121.020988,24.777865],[121.021,24.77786],[121.020991,24.777844],[121.021014,24.777803]]]]}},{"type":"Feature","properties":{"n":"金山街","v":"東區","w":1.6,"c":1.6,"r":2},"geometry":{"type":"MultiPolygon","coordinates":[[[[121.021512,24.777574],[121.021636,24.777515],[121.021672,24.777528],[121.021681,24.777544],[121.0217,24.777535],[121.021681,24.777502],[121.021656,24.777487],[121.021627,24.777488],[121.021376,24.777608],[121.021358,24.777628],[121.02136,24.777655],[121.021377,24.777684],[121.02139,24.777678],[121.02138,24.777662],[121.021395,24.77762],[121.021508,24.777567],[121.021512,24.777574]]]]}},{"type":"Feature","properties":{"n":"金山街","v":"東區","w":1.6,"c":1.6,"r":2},"geometry":{"type":"MultiPolygon","coordinates":[[[[121.019524,24.778365],[121.019346,24.778449],[121.019355,24.778466],[121.019533,24.778382],[121.019556,24.778363],[121.019563,24.778322],[121.019545,24.778322],[121.019545,24.77834],[121.019524,24.778365]]]]}},{"type":"Feature","properties":{"n":"金山街","v":"東區","w":1.6,"c":0.4,"r":2},"geometry":{"type":"MultiPolygon","coordinates":[[[[121.019953,24.778162],[121.019703,24.778279],[121.019661,24.778258],[121.019661,24.77824],[121.019647,24.77824],[121.019647,24.778271],[121.019652,24.778289],[121.019666,24.778302],[121.019686,24.778307],[121.019705,24.778302],[121.019959,24.778182],[121.019982,24.778167],[121.019995,24.778144],[121.019996,24.77811],[121.019983,24.77811],[121.019983,24.778128],[121.019953,24.778162]]]]}},{"type":"Feature","properties":{"n":"金山街","v":"東區","w":1.6,"c":1.6,"r":2},"geometry":{"type":"MultiPolygon","coordinates":[[[[121.020142,24.778071],[121.020098,24.778054],[121.020098,24.778036],[121.020084,24.778036],[121.02009,24.778073],[121.020104,24.778086],[121.020136,24.778093],[121.020152,24.778089],[121.020421,24.777959],[121.020432,24.777944],[121.020435,24.777901],[121.020424,24.777901],[121.020424,24.777919],[121.020407,24.777946],[121.020142,24.778071]]]]}},{"type":"Feature","properties":{"n":"金山街","v":"東區","w":1.6,"c":1.6,"r":2},"geometry":{"type":"MultiPolygon","coordinates":[[[[121.020593,24.77786],[121.020563,24.777861],[121.020533,24.777843],[121.020533,24.777825],[121.020519,24.777825],[121.020523,24.777858],[121.020543,24.777879],[121.020564,24.777886],[121.020591,24.777881],[121.020847,24.777759],[121.020866,24.777741],[121.020871,24.777689],[121.020855,24.777689],[121.020855,24.777707],[121.020829,24.777745],[121.020593,24.77786]]]]}},{"type":"Feature","properties":{"n":"金山街","v":"東區","w":1.6,"c":1.6,"r":2},"geometry":{"type":"MultiPolygon","coordinates":[[[[121.021042,24.777647],[121.020971,24.777635],[121.020971,24.777617],[121.020956,24.777617],[121.020956,24.777639],[121.020968,24.777659],[121.020986,24.77767],[121.021031,24.777671],[121.021277,24.777555],[121.0213,24.777539],[121.021306,24.777513],[121.021307,24.777488],[121.021288,24.777488],[121.021288,24.777531],[121.021042,24.777647]]]]}},{"type":"Feature","properties":{"n":"金山街","v":"東區","w":1.6,"c":1.6,"r":2},"geometry":{"type":"MultiPolygon","coordinates":[[[[121.021488,24.777435],[121.021411,24.777432],[121.021404,24.777425],[121.021404,24.777407],[121.021391,24.777407],[121.021391,24.777422],[121.021399,24.777443],[121.021415,24.777459],[121.02144,24.777468],[121.021461,24.777467],[121.021723,24.777343],[121.021738,24.777326],[121.021743,24.777278],[121.021728,24.777278],[121.021728,24.777296],[121.021706,24.777321],[121.021665,24.777351],[121.021488,24.777435]]]]}},{"type":"Feature","properties":{"n":"金山街","v":"東區","w":2.3,"c":1.3,"r":2},"geometry":{"type":"MultiPolygon","coordinates":[[[[121.022047,24.777904],[121.023534,24.777184],[121.023561,24.777194],[121.02357,24.77721],[121.023584,24.777204],[121.023577,24.777191],[121.023548,24.777169],[121.02351,24.777172],[121.022081,24.777855],[121.022053,24.77787],[121.022044,24.777881],[121.022036,24.777903],[121.02204,24.777927],[121.022057,24.77792],[121.022047,24.777904]]]]}},{"type":"Feature","properties":{"n":"金山街","v":"東區","w":1.6,"c":1.6,"r":2},"geometry":{"type":"MultiPolygon","coordinates":[[[[121.0237,24.777104],[121.024563,24.776695],[121.024596,24.776703],[121.024603,24.776714],[121.024615,24.776708],[121.024581,24.776678],[121.024544,24.776681],[121.023672,24.777095],[121.023649,24.777119],[121.023648,24.777151],[121.023661,24.777173],[121.023674,24.777167],[121.023665,24.777151],[121.023678,24.777127],[121.0237,24.777104]]]]}},{"type":"Feature","properties":{"n":"金山街","v":"東區","w":2,"c":2,"r":2},"geometry":{"type":"MultiPolygon","coordinates":[[[[121.024813,24.776569],[121.025076,24.776436],[121.025086,24.776452],[121.025101,24.776444],[121.025072,24.776429],[121.025039,24.776434],[121.024803,24.776553],[121.024783,24.776577],[121.024787,24.776607],[121.024802,24.776634],[121.024813,24.776629],[121.024803,24.776613],[121.024813,24.776569]]]]}},{"type":"Feature","properties":{"n":"金山街","v":"東區","w":2,"c":1,"r":2},"geometry":{"type":"MultiPolygon","coordinates":[[[[121.025181,24.776389],[121.026591,24.775674],[121.026633,24.775695],[121.026643,24.77571],[121.026655,24.775703],[121.026637,24.775676],[121.026608,24.775656],[121.026571,24.77566],[121.025206,24.776352],[121.025188,24.776368],[121.025181,24.776389]]]]}},{"type":"Feature","properties":{"n":"金山街","v":"東區","w":2,"c":0.8,"r":2},"geometry":{"type":"MultiPolygon","coordinates":[[[[121.026755,24.775585],[121.027003,24.775457],[121.027032,24.775467],[121.027042,24.775462],[121.027018,24.775446],[121.026984,24.775446],[121.026747,24.77557],[121.026734,24.775584],[121.026725,24.775611],[121.026739,24.775639],[121.026756,24.775631],[121.026746,24.775613],[121.026755,24.775585]]]]}},{"type":"Feature","properties":{"n":"金山街","v":"東區","w":2,"c":2,"r":2},"geometry":{"type":"MultiPolygon","coordinates":[[[[121.027147,24.775385],[121.02737,24.775272],[121.027391,24.775268],[121.02741,24.775276],[121.027417,24.775286],[121.027431,24.775278],[121.027421,24.775261],[121.027401,24.775249],[121.027374,24.775248],[121.027137,24.775368],[121.027115,24.775393],[121.027114,24.775413],[121.027133,24.775454],[121.027145,24.775448],[121.027132,24.775426],[121.027147,24.775385]]]]}},{"type":"Feature","properties":{"n":"金山街","v":"東區","w":2,"c":2,"r":2},"geometry":{"type":"MultiPolygon","coordinates":[[[[121.027532,24.775191],[121.027734,24.775086],[121.027735,24.775088],[121.027761,24.775076],[121.027808,24.775096],[121.027821,24.775089],[121.027787,24.775057],[121.027754,24.775054],[121.027514,24.775176],[121.027494,24.775201],[121.027505,24.775239],[121.027516,24.775256],[121.027526,24.775251],[121.027516,24.775233],[121.027532,24.775191]]]]}},{"type":"Feature","properties":{"n":"金山街","v":"東區","w":2.45,"c":1.45,"r":2},"geometry":{"type":"MultiPolygon","coordinates":[[[[121.022308,24.777646],[121.022587,24.777513],[121.022605,24.777493],[121.022613,24.777468],[121.022613,24.777427],[121.022598,24.777427],[121.022598,24.777445],[121.022576,24.777495],[121.022296,24.777628],[121.022275,24.777627],[121.022275,24.777609],[121.02226,24.777609],[121.022264,24.777633],[121.022272,24.777642],[121.022295,24.777649],[121.022308,24.777646]]]]}},{"type":"Feature","properties":{"n":"金山街","v":"東區","w":2.45,"c":2.45,"r":2},"geometry":{"type":"MultiPolygon","coordinates":[[[[121.022769,24.777425],[121.023017,24.777306],[121.023039,24.777287],[121.023048,24.77726],[121.023049,24.777214],[121.023024,24.777214],[121.023024,24.777232],[121.022998,24.777265],[121.022908,24.777329],[121.022768,24.777396],[121.022718,24.777376],[121.022696,24.777376],[121.022702,24.777406],[121.02272,24.777424],[121.022753,24.77743],[121.022769,24.777425]]]]}},{"type":"Feature","properties":{"n":"金山街","v":"東區","w":2.45,"c":2.45,"r":2},"geometry":{"type":"MultiPolygon","coordinates":[[[[121.023201,24.777219],[121.023458,24.777096],[121.023477,24.77708],[121.023484,24.777057],[121.023485,24.777035],[121.023469,24.777035],[121.023469,24.777053],[121.023427,24.777087],[121.023211,24.777193],[121.023159,24.777158],[121.023159,24.77714],[121.023133,24.77714],[121.023133,24.777178],[121.023144,24.777211],[121.023175,24.777225],[121.023201,24.777219]]]]}},{"type":"Feature","properties":{"n":"金山街","v":"東區","w":2.45,"c":2.45,"r":2},"geometry":{"type":"MultiPolygon","coordinates":[[[[121.023628,24.777016],[121.023895,24.776889],[121.023915,24.776873],[121.023922,24.776849],[121.023922,24.776813],[121.023909,24.776813],[121.023861,24.776885],[121.023624,24.776998],[121.023582,24.776973],[121.023582,24.776954],[121.023569,24.776954],[121.023574,24.776994],[121.023588,24.777009],[121.02361,24.777018],[121.023628,24.777016]]]]}},{"type":"Feature","properties":{"n":"金山街","v":"東區","w":2.45,"c":2.45,"r":2},"geometry":{"type":"MultiPolygon","coordinates":[[[[121.024071,24.776805],[121.024499,24.776601],[121.024523,24.776574],[121.02452,24.77654],[121.024509,24.776521],[121.024496,24.776527],[121.024505,24.776543],[121.024493,24.776572],[121.024333,24.776649],[121.024336,24.776654],[121.024073,24.776781],[121.024029,24.776756],[121.024021,24.776743],[121.024021,24.776725],[121.024006,24.776725],[121.024006,24.776769],[121.024011,24.776791],[121.024026,24.776806],[121.024047,24.776812],[121.024071,24.776805]]]]}},{"type":"Feature","properties":{"n":"金山街","v":"東區","w":2.45,"c":1.45,"r":2},"geometry":{"type":"MultiPolygon","coordinates":[[[[121.024765,24.776472],[121.024996,24.776356],[121.025019,24.776329],[121.025015,24.776295],[121.025002,24.776272],[121.024988,24.776279],[121.024998,24.776295],[121.024985,24.776335],[121.024773,24.776442],[121.024714,24.776439],[121.024705,24.776423],[121.024687,24.776432],[121.024702,24.776458],[121.024716,24.776471],[121.02473,24.776477],[121.024765,24.776472]]]]}},{"type":"Feature","properties":{"n":"金山街","v":"東區","w":2.45,"c":1.45,"r":2},"geometry":{"type":"MultiPolygon","coordinates":[[[[121.02515,24.77628],[121.025404,24.776136],[121.0254,24.776108],[121.025388,24.776083],[121.025365,24.776095],[121.025375,24.776111],[121.025365,24.776146],[121.025144,24.776258],[121.025107,24.776257],[121.025093,24.776233],[121.025079,24.776241],[121.025089,24.776258],[121.025116,24.776278],[121.02515,24.77628]]]]}},{"type":"Feature","properties":{"n":"金山街","v":"東區","w":2.45,"c":2.45,"r":2},"geometry":{"type":"MultiPolygon","coordinates":[[[[121.025539,24.776082],[121.025762,24.775969],[121.025786,24.775942],[121.025781,24.775908],[121.02577,24.775889],[121.025757,24.775896],[121.025767,24.775911],[121.02575,24.775951],[121.02564,24.776006],[121.025632,24.775994],[121.025505,24.776058],[121.025495,24.776043],[121.025467,24.776057],[121.025502,24.776086],[121.025539,24.776082]]]]}},{"type":"Feature","properties":{"n":"金山街","v":"東區","w":2.45,"c":2.45,"r":2},"geometry":{"type":"MultiPolygon","coordinates":[[[[121.025921,24.775888],[121.026147,24.775773],[121.02617,24.775743],[121.02616,24.775708],[121.026145,24.775684],[121.026132,24.775691],[121.026141,24.775707],[121.026134,24.775755],[121.025905,24.775872],[121.025861,24.77586],[121.025851,24.775844],[121.025841,24.775849],[121.025854,24.77587],[121.025884,24.775892],[121.025921,24.775888]]]]}},{"type":"Feature","properties":{"n":"金山街","v":"東區","w":2.45,"c":2.45,"r":2},"geometry":{"type":"MultiPolygon","coordinates":[[[[121.025921,24.775888],[121.026147,24.775773],[121.02617,24.775743],[121.02616,24.775708],[121.026145,24.775684],[121.026132,24.775691],[121.026141,24.775707],[121.026134,24.775755],[121.025905,24.775872],[121.025861,24.77586],[121.025851,24.775844],[121.025841,24.775849],[121.025854,24.77587],[121.025884,24.775892],[121.025921,24.775888]]]]}},{"type":"Feature","properties":{"n":"金山街","v":"東區","w":2.45,"c":2.45,"r":2},"geometry":{"type":"MultiPolygon","coordinates":[[[[121.026304,24.775694],[121.026532,24.775579],[121.026556,24.775552],[121.026552,24.775518],[121.026539,24.775497],[121.026517,24.775507],[121.026527,24.775523],[121.02651,24.775563],[121.0264,24.775618],[121.026403,24.775623],[121.026288,24.775681],[121.026265,24.775671],[121.026256,24.775655],[121.026232,24.775667],[121.026237,24.775676],[121.026267,24.775698],[121.026304,24.775694]]]]}},{"type":"Feature","properties":{"n":"金山街","v":"東區","w":2.45,"c":2.45,"r":2},"geometry":{"type":"MultiPolygon","coordinates":[[[[121.026688,24.775496],[121.026926,24.775375],[121.026951,24.775337],[121.026947,24.775304],[121.026936,24.775287],[121.026922,24.775295],[121.026933,24.775313],[121.026919,24.775353],[121.02679,24.775419],[121.026791,24.775422],[121.026693,24.775473],[121.026652,24.775458],[121.026642,24.775442],[121.026623,24.775452],[121.026641,24.775481],[121.026667,24.775497],[121.026688,24.775496]]]]}},{"type":"Feature","properties":{"n":"金山街","v":"東區","w":2.45,"c":2.45,"r":2},"geometry":{"type":"MultiPolygon","coordinates":[[[[121.027091,24.775291],[121.027338,24.775162],[121.02735,24.775147],[121.027349,24.775136],[121.02733,24.775105],[121.02732,24.77511],[121.027312,24.775154],[121.027081,24.775274],[121.027038,24.775274],[121.027027,24.775257],[121.027018,24.775261],[121.027029,24.775279],[121.027067,24.775296],[121.027091,24.775291]]]]}},{"type":"Feature","properties":{"n":"光復路二段","v":"東區","w":3.2,"c":1.7,"r":2},"geometry":{"type":"MultiPolygon","coordinates":[[[[120.98516,24.801556],[120.985506,24.801444],[120.985524,24.801429],[120.985525,24.801407],[120.985119,24.801539],[120.98516,24.801556]]]]}},{"type":"Feature","properties":{"n":"光復路二段","v":"東區","w":3.2,"c":1.7,"r":3},"geometry":{"type":"MultiPolygon","coordinates":[[[[120.985619,24.801407],[120.98618,24.801225],[120.986198,24.80121],[120.986199,24.801188],[120.985579,24.80139],[120.985595,24.801406],[120.985619,24.801407]]]]}},{"type":"Feature","properties":{"n":"光復路二段","v":"東區","w":3.2,"c":2.2,"r":3},"geometry":{"type":"MultiPolygon","coordinates":[[[[120.986298,24.801187],[120.986872,24.801001],[120.98689,24.800986],[120.986891,24.800964],[120.986257,24.801169],[120.986274,24.801186],[120.986298,24.801187]]]]}},{"type":"Feature","properties":{"n":"光復路二段","v":"東區","w":2.6,"c":1.7,"r":2},"geometry":{"type":"MultiPolygon","coordinates":[[[[120.981698,24.80268],[120.982963,24.802269],[120.982981,24.802254],[120.982983,24.802232],[120.981657,24.802662],[120.981674,24.802679],[120.981698,24.80268]]]]}},{"type":"Feature","properties":{"n":"建功路","v":"東區","w":2,"c":1.5,"r":2},"geometry":{"type":"MultiPolygon","coordinates":[[[[120.998476,24.796576],[120.998664,24.796619],[120.998662,24.796605],[120.998649,24.796597],[120.998473,24.796557],[120.998419,24.796587],[120.998429,24.796602],[120.998476,24.796576]]]]}},{"type":"Feature","properties":{"n":"建功路","v":"東區","w":2,"c":1.5,"r":2},"geometry":{"type":"MultiPolygon","coordinates":[[[[120.999124,24.796717],[120.999121,24.796704],[120.999109,24.796696],[120.998764,24.79662],[120.998749,24.796622],[120.99874,24.796634],[120.999124,24.796717]]]]}},{"type":"Feature","properties":{"n":"建功路","v":"東區","w":2,"c":1.5,"r":3},"geometry":{"type":"MultiPolygon","coordinates":[[[[120.999157,24.796725],[120.999731,24.79685],[120.999729,24.796836],[120.999717,24.796828],[120.999181,24.796711],[120.999166,24.796713],[120.999157,24.796725]]]]}},{"type":"Feature","properties":{"n":"建功路","v":"東區","w":2,"c":1.5,"r":2},"geometry":{"type":"MultiPolygon","coordinates":[[[[121.000467,24.797069],[121.00125,24.797123],[121.001299,24.797122],[121.001297,24.797088],[121.001286,24.797063],[121.00125,24.797052],[121.0005,24.796999],[120.999854,24.796858],[120.999839,24.79686],[120.99983,24.79687],[121.000074,24.796967],[121.000469,24.797054],[121.000467,24.797069]]]]}},{"type":"Feature","properties":{"n":"建功路","v":"東區","w":2,"c":1.5,"r":3},"geometry":{"type":"MultiPolygon","coordinates":[[[[121.001357,24.797108],[121.001465,24.797092],[121.001544,24.797074],[121.00162,24.797048],[121.001724,24.797002],[121.001848,24.796925],[121.001883,24.796912],[121.00187,24.796883],[121.001958,24.796809],[121.001955,24.796833],[121.001966,24.796855],[121.001982,24.796867],[121.002026,24.79685],[121.00204,24.796879],[121.002106,24.796843],[121.002065,24.796727],[121.00203,24.796728],[121.001992,24.79674],[121.001956,24.796758],[121.001817,24.796873],[121.001757,24.796914],[121.001693,24.796951],[121.00156,24.797006],[121.001488,24.797027],[121.001377,24.797048],[121.001364,24.797057],[121.001354,24.79708],[121.001357,24.797108]]]]}},{"type":"Feature","properties":{"n":"金城一路35巷","v":"東區","w":1.85,"c":1.5,"r":2},"geometry":{"type":"MultiPolygon","coordinates":[[[[121.002105,24.795946],[121.002116,24.795958],[121.002125,24.795958],[121.0021,24.795726],[121.002089,24.795564],[121.002083,24.795402],[121.002082,24.795197],[121.002069,24.795201],[121.002063,24.795213],[121.002066,24.795457],[121.002082,24.795727],[121.002105,24.795943],[121.002105,24.795946]]]]}},{"type":"Feature","properties":{"n":"金城一路35巷","v":"東區","w":1.85,"c":1.5,"r":1},"geometry":{"type":"MultiPolygon","coordinates":[[[[121.002065,24.795132],[121.00207,24.795144],[121.002083,24.795149],[121.002093,24.794916],[121.002075,24.794915],[121.002065,24.795112],[121.002065,24.795132]]]]}},{"type":"Feature","properties":{"n":"建功路","v":"東區","w":2,"c":1.5,"r":2},"geometry":{"type":"MultiPolygon","coordinates":[[[[120.998474,24.796389],[120.998432,24.796374],[120.998385,24.796341],[120.998371,24.796353],[120.998394,24.796374],[120.998422,24.79639],[120.99847,24.796407],[120.998986,24.79652],[120.998997,24.796518],[120.999005,24.796505],[120.998474,24.796389]]]]}},{"type":"Feature","properties":{"n":"建功路","v":"東區","w":2,"c":1.5,"r":2},"geometry":{"type":"MultiPolygon","coordinates":[[[[120.999129,24.796551],[121.000216,24.796788],[121.000225,24.796788],[121.000234,24.796778],[120.99912,24.79653],[120.99912,24.796545],[120.999129,24.796551]]]]}},{"type":"Feature","properties":{"n":"建功路","v":"東區","w":2,"c":1.5,"r":2},"geometry":{"type":"MultiPolygon","coordinates":[[[[121.00028,24.796802],[121.000518,24.796854],[121.000979,24.796887],[121.000992,24.796883],[121.000998,24.796872],[121.000521,24.796838],[121.000267,24.796783],[121.000269,24.796795],[121.00028,24.796802]]]]}},{"type":"Feature","properties":{"n":"建功路","v":"東區","w":1.8,"c":1.2,"r":4},"geometry":{"type":"MultiPolygon","coordinates":[[[[121.0011,24.796897],[121.001235,24.796905],[121.001357,24.796903],[121.001477,24.796879],[121.001589,24.796837],[121.001693,24.796779],[121.001741,24.796744],[121.001824,24.796663],[121.001891,24.79657],[121.001918,24.79652],[121.001958,24.796415],[121.00197,24.79636],[121.001978,24.796249],[121.001922,24.795725],[121.001907,24.795495],[121.001888,24.795496],[121.001893,24.795591],[121.001911,24.795817],[121.001955,24.796194],[121.001957,24.796304],[121.001939,24.796411],[121.001901,24.796513],[121.001875,24.796562],[121.001809,24.796652],[121.001728,24.796731],[121.001682,24.796765],[121.001581,24.796822],[121.001471,24.796862],[121.001355,24.796885],[121.001236,24.796887],[121.001088,24.796878],[121.001091,24.796892],[121.0011,24.796897]]]]}},{"type":"Feature","properties":{"n":"竹香南路","v":"香山區","w":2.5,"c":2.5,"r":null},"geometry":{"type":"MultiPolygon","coordinates":[[[[120.935832,24.802763],[120.935818,24.802762],[120.935816,24.802789],[120.935854,24.802792],[120.935949,24.801638],[120.935924,24.801637],[120.935926,24.801609],[120.935951,24.80161],[120.935974,24.801064],[120.935994,24.800948],[120.936027,24.800835],[120.936073,24.800725],[120.93613,24.80062],[120.936199,24.800521],[120.936278,24.800428],[120.936344,24.800364],[120.936474,24.800271],[120.936579,24.800208],[120.936718,24.800141],[120.936893,24.800076],[120.937017,24.800042],[120.937943,24.799842],[120.938067,24.799822],[120.938191,24.79981],[120.938379,24.799807],[120.938504,24.799814],[120.938546,24.799819],[120.939303,24.799974],[120.940025,24.80016],[120.940198,24.800229],[120.940362,24.800314],[120.940466,24.80038],[120.940563,24.800453],[120.940654,24.800533],[120.940739,24.800618],[120.940758,24.800603],[120.940627,24.800476],[120.940525,24.800395],[120.940535,24.800385],[120.940511,24.800368],[120.940502,24.800378],[120.940376,24.800295],[120.940209,24.800209],[120.940093,24.80016],[120.939997,24.800128],[120.93931,24.799952],[120.938551,24.799797],[120.938444,24.799787],[120.938317,24.799784],[120.938126,24.799793],[120.937964,24.799815],[120.937932,24.799808],[120.937935,24.799821],[120.937011,24.80002],[120.936825,24.800074],[120.936708,24.80012],[120.936567,24.800189],[120.936408,24.800287],[120.936304,24.800369],[120.936218,24.800459],[120.936142,24.800557],[120.936078,24.800662],[120.93605,24.800716],[120.936006,24.800821],[120.935992,24.800817],[120.935983,24.800843],[120.935997,24.800847],[120.93597,24.800944],[120.935949,24.801062],[120.935929,24.801575],[120.935915,24.801574],[120.935906,24.801675],[120.935921,24.801676],[120.935832,24.802763]]]]}},{"type":"Feature","properties":{"n":"三民路","v":"東區","w":2,"c":4,"r":4},"geometry":{"type":"MultiPolygon","coordinates":[[[[120.974787,24.808408],[120.974818,24.808372],[120.972981,24.807383],[120.972952,24.807414],[120.974017,24.807992],[120.974787,24.808408]]]]}},{"type":"Feature","properties":{"n":"三民路","v":"東區","w":2,"c":1.5,"r":4},"geometry":{"type":"MultiPolygon","coordinates":[[[[120.974842,24.808381],[120.975669,24.808673],[120.977362,24.809235],[120.977637,24.809361],[120.97766,24.809326],[120.977385,24.809206],[120.975745,24.808668],[120.974857,24.808353],[120.974842,24.808381]]]]}},{"type":"Feature","properties":{"n":"三民路","v":"東區","w":2,"c":1.5,"r":4},"geometry":{"type":"MultiPolygon","coordinates":[[[[120.97968,24.810652],[120.979701,24.810625],[120.977686,24.809342],[120.977663,24.809373],[120.97968,24.810652]]]]}},{"type":"Feature","properties":{"n":"金雅路","v":"北區","w":1.5,"c":1,"r":2},"geometry":{"type":"MultiPolygon","coordinates":[[[[120.962839,24.823446],[120.962846,24.82348],[120.963071,24.8236],[120.963085,24.823576],[120.962839,24.823446]]]]}},{"type":"Feature","properties":{"n":"金雅路","v":"北區","w":1.5,"c":1,"r":2},"geometry":{"type":"MultiPolygon","coordinates":[[[[120.963961,24.824138],[120.963139,24.823595],[120.963145,24.823636],[120.963919,24.82415],[120.963961,24.824138]]]]}},{"type":"Feature","properties":{"n":"金雅路","v":"北區","w":1.5,"c":1,"r":2},"geometry":{"type":"MultiPolygon","coordinates":[[[[120.964042,24.824185],[120.964045,24.824238],[120.965351,24.824969],[120.96539,24.824955],[120.964042,24.824185]]]]}},{"type":"Feature","properties":{"n":"金雅路","v":"北區","w":1.5,"c":1,"r":2},"geometry":{"type":"MultiPolygon","coordinates":[[[[120.965453,24.824993],[120.965458,24.825036],[120.965751,24.82522],[120.965804,24.825208],[120.965453,24.824993]]]]}},{"type":"Feature","properties":{"n":"金雅路","v":"北區","w":1.5,"c":1,"r":2},"geometry":{"type":"MultiPolygon","coordinates":[[[[120.966241,24.825557],[120.965832,24.825237],[120.965838,24.825282],[120.966212,24.82556],[120.966241,24.825557]]]]}},{"type":"Feature","properties":{"n":"金雅路","v":"北區","w":1.5,"c":1,"r":2},"geometry":{"type":"MultiPolygon","coordinates":[[[[120.966712,24.82604],[120.966382,24.825679],[120.966332,24.825684],[120.966662,24.82604],[120.966712,24.82604]]]]}},{"type":"Feature","properties":{"n":"金雅路","v":"北區","w":1.5,"c":1,"r":2},"geometry":{"type":"MultiPolygon","coordinates":[[[[120.967136,24.826503],[120.966774,24.826104],[120.966772,24.826157],[120.967083,24.826496],[120.967136,24.826503]]]]}},{"type":"Feature","properties":{"n":"金雅路","v":"北區","w":1.5,"c":1,"r":2},"geometry":{"type":"MultiPolygon","coordinates":[[[[120.967502,24.826972],[120.967549,24.826962],[120.96718,24.826549],[120.967177,24.826604],[120.967502,24.826972]]]]}},{"type":"Feature","properties":{"n":"延平路二段","v":"香山區","w":2,"c":1.5,"r":6},"geometry":{"type":"MultiPolygon","coordinates":[[[[120.943184,24.80515],[120.943161,24.805126],[120.9404,24.805129],[120.940368,24.805144],[120.940337,24.805201],[120.940341,24.807172],[120.94037,24.807172],[120.940366,24.805211],[120.940402,24.805165],[120.943184,24.80515]]]]}},{"type":"Feature","properties":{"n":"中華路五段","v":"香山區","w":4,"c":3.5,"r":1},"geometry":{"type":"MultiPolygon","coordinates":[[[[120.918731,24.778037],[120.918809,24.778007],[120.917975,24.773187],[120.917923,24.773211],[120.918731,24.778037]]]]}},{"type":"Feature","properties":{"n":"博愛街","v":"東區","w":3,"c":3,"r":3},"geometry":{"type":"MultiPolygon","coordinates":[[[[120.981947,24.799065],[120.982328,24.798895],[120.982669,24.798723],[120.982921,24.798609],[120.982947,24.798617],[120.982992,24.798597],[120.983011,24.79857],[120.983118,24.798522],[120.983153,24.798526],[120.983277,24.798471],[120.983295,24.798453],[120.983296,24.798439],[120.983193,24.798468],[120.983165,24.798444],[120.983135,24.798467],[120.98253,24.798733],[120.982536,24.798745],[120.982459,24.798798],[120.982311,24.798865],[120.982315,24.798873],[120.982186,24.798928],[120.982184,24.798923],[120.981905,24.799047],[120.981924,24.799066],[120.981947,24.799065]]]]}},{"type":"Feature","properties":{"n":"博愛街","v":"東區","w":3.62,"c":2.37,"r":3},"geometry":{"type":"MultiPolygon","coordinates":[[[[120.980591,24.799671],[120.981047,24.799467],[120.981057,24.799455],[120.981059,24.79944],[120.981055,24.799434],[120.980561,24.799655],[120.980543,24.799621],[120.980504,24.799639],[120.980539,24.799664],[120.980576,24.799675],[120.980591,24.799671]]]]}},{"type":"Feature","properties":{"n":"博愛街","v":"東區","w":3,"c":1.5,"r":2},"geometry":{"type":"MultiPolygon","coordinates":[[[[120.981145,24.799425],[120.981237,24.799384],[120.981259,24.799358],[120.981364,24.79931],[120.981396,24.799311],[120.981437,24.799292],[120.981444,24.799274],[120.981741,24.799141],[120.981747,24.799152],[120.981846,24.799109],[120.981858,24.799097],[120.981861,24.799081],[120.981857,24.799074],[120.981107,24.799411],[120.981126,24.799426],[120.981145,24.799425]]]]}},{"type":"Feature","properties":{"n":"博愛街","v":"東區","w":8,"c":5,"r":null},"geometry":{"type":"MultiPolygon","coordinates":[[[[120.983291,24.798429],[120.983302,24.798322],[120.983286,24.798317],[120.983248,24.798315],[120.983244,24.798405],[120.983239,24.798405],[120.98324,24.7984],[120.983227,24.7984],[120.983225,24.798436],[120.983221,24.798433],[120.983203,24.798454],[120.983291,24.798429]]]]}},{"type":"Feature","properties":{"n":"博愛街","v":"東區","w":5,"c":2.1,"r":2},"geometry":{"type":"MultiPolygon","coordinates":[[[[120.983548,24.798349],[120.983718,24.798273],[120.983728,24.798249],[120.984313,24.797988],[120.984342,24.797994],[120.984422,24.797958],[120.984427,24.797945],[120.984424,24.797928],[120.984344,24.797964],[120.984333,24.797944],[120.984122,24.79804],[120.984038,24.798091],[120.983897,24.798154],[120.983864,24.798154],[120.983694,24.798231],[120.983681,24.798249],[120.983651,24.798263],[120.983644,24.798251],[120.983612,24.798265],[120.983618,24.798278],[120.983601,24.798285],[120.983594,24.798273],[120.983562,24.798288],[120.983569,24.7983],[120.983519,24.798325],[120.983522,24.79833],[120.983513,24.798335],[120.983526,24.798348],[120.983548,24.798349]]]]}},{"type":"Feature","properties":{"n":"竹香北路-1","v":"香山區","w":3,"c":2,"r":5},"geometry":{"type":"MultiPolygon","coordinates":[[[[120.940764,24.801136],[120.940782,24.801157],[120.94079,24.801152],[120.940881,24.801257],[120.940905,24.801296],[120.940909,24.801296],[120.940961,24.801454],[120.941114,24.802125],[120.941271,24.802851],[120.941342,24.803131],[120.941419,24.803318],[120.941542,24.80355],[120.941576,24.803607],[120.941668,24.803716],[120.941687,24.803701],[120.941599,24.803598],[120.941562,24.803541],[120.94144,24.803309],[120.941364,24.803125],[120.941254,24.80269],[120.941131,24.802122],[120.940977,24.80145],[120.940936,24.801322],[120.940912,24.801273],[120.940896,24.80125],[120.940784,24.801121],[120.940764,24.801136]]]]}},{"type":"Feature","properties":{"n":"竹香北路-2","v":"香山區","w":3,"c":2,"r":5},"geometry":{"type":"MultiPolygon","coordinates":[[[[120.941687,24.803701],[120.941668,24.803716],[120.941763,24.803811],[120.941957,24.80394],[120.942826,24.804476],[120.942819,24.804487],[120.942844,24.8045],[120.942851,24.80449],[120.942986,24.80455],[120.943119,24.804594],[120.943236,24.80462],[120.943356,24.804636],[120.944444,24.80468],[120.944586,24.804668],[120.944719,24.804634],[120.944821,24.804592],[120.944916,24.804537],[120.945009,24.804464],[120.945082,24.804387],[120.945144,24.804301],[120.945194,24.804201],[120.945226,24.804103],[120.945243,24.803994],[120.945243,24.803892],[120.945228,24.80379],[120.945203,24.803795],[120.945215,24.803866],[120.94522,24.803938],[120.945215,24.804018],[120.945203,24.804089],[120.945167,24.804202],[120.945112,24.804305],[120.945031,24.804408],[120.944932,24.804496],[120.944826,24.804563],[120.944701,24.804615],[120.944571,24.804647],[120.944434,24.804657],[120.943378,24.804615],[120.943241,24.804597],[120.943107,24.804566],[120.94297,24.804519],[120.942848,24.804461],[120.941972,24.803921],[120.94178,24.803794],[120.9417,24.803715],[120.941687,24.803701]]]]}},{"type":"Feature","properties":{"n":"竹香北路-3","v":"香山區","w":3,"c":2,"r":5},"geometry":{"type":"MultiPolygon","coordinates":[[[[120.945228,24.80379],[120.945065,24.803066],[120.945059,24.802963],[120.945075,24.80286],[120.945094,24.802802],[120.94512,24.802746],[120.945148,24.802701],[120.945189,24.802647],[120.945347,24.802489],[120.945642,24.802246],[120.945625,24.802229],[120.94533,24.802473],[120.945188,24.802612],[120.945142,24.802666],[120.945102,24.802728],[120.945074,24.802786],[120.945051,24.802855],[120.945034,24.802962],[120.94504,24.80307],[120.945203,24.803795],[120.945228,24.80379]]]]}},{"type":"Feature","properties":{"n":"竹香北路-4","v":"香山區","w":3,"c":2,"r":5},"geometry":{"type":"MultiPolygon","coordinates":[[[[120.945649,24.802253],[120.945671,24.802235],[120.945664,24.802228],[120.946274,24.80173],[120.946379,24.801638],[120.946579,24.801518],[120.946783,24.801429],[120.94699,24.801375],[120.947189,24.801354],[120.947425,24.801355],[120.947655,24.801389],[120.947992,24.801449],[120.94799,24.801459],[120.948019,24.801464],[120.948021,24.801454],[120.948385,24.801513],[120.949872,24.801776],[120.950314,24.801835],[120.950312,24.801845],[120.950346,24.801847],[120.950357,24.801817],[120.949876,24.801754],[120.948827,24.801567],[120.947893,24.80141],[120.94766,24.801367],[120.947425,24.801332],[120.947336,24.801331],[120.947277,24.801336],[120.947187,24.801331],[120.946986,24.801352],[120.946772,24.801408],[120.946565,24.801499],[120.946379,24.801612],[120.945625,24.802228],[120.945649,24.802253]]]]}},{"type":"Feature","properties":{"n":"育英路-1","v":"北區","w":3,"c":2,"r":2},"geometry":{"type":"MultiPolygon","coordinates":[[[[120.958742,24.798907],[120.958725,24.798909],[120.958711,24.798901],[120.958634,24.798957],[120.958667,24.799001],[120.959078,24.798735],[120.95959,24.79804],[120.959593,24.798026],[120.959586,24.798015],[120.959547,24.798032],[120.959042,24.798705],[120.959018,24.798728],[120.958742,24.798907]]]]}},{"type":"Feature","properties":{"n":"育英路-2","v":"北區","w":3,"c":2,"r":2},"geometry":{"type":"MultiPolygon","coordinates":[[[[120.959547,24.798032],[120.959586,24.798015],[120.95929,24.79781],[120.958966,24.797558],[120.958736,24.797916],[120.958619,24.798082],[120.958407,24.798336],[120.958355,24.798436],[120.958333,24.798432],[120.958311,24.798437],[120.958325,24.798477],[120.9581,24.798615],[120.958124,24.798648],[120.958351,24.79851],[120.958683,24.798925],[120.958711,24.798901],[120.95839,24.798502],[120.958389,24.798472],[120.958376,24.798444],[120.958426,24.798346],[120.958592,24.798152],[120.958649,24.798079],[120.958755,24.797926],[120.958959,24.797609],[120.95897,24.797602],[120.958984,24.797604],[120.959274,24.797829],[120.959368,24.797894],[120.959374,24.797887],[120.959402,24.797918],[120.959433,24.797939],[120.959439,24.797932],[120.959456,24.797944],[120.959451,24.797951],[120.959549,24.798024],[120.959547,24.798032]]]]}},{"type":"Feature","properties":{"n":"關新路","v":"東區","w":4.8,"c":4.8,"r":2},"geometry":{"type":"MultiPolygon","coordinates":[[[[121.021179,24.788185],[121.021164,24.788187],[121.021155,24.788198],[121.021149,24.788221],[121.02153,24.788308],[121.021536,24.788285],[121.021534,24.788271],[121.021522,24.788263],[121.021179,24.788185]]]]}},{"type":"Feature","properties":{"n":"關新路","v":"東區","w":4.8,"c":2,"r":4},"geometry":{"type":"MultiPolygon","coordinates":[[[[121.020739,24.78789],[121.021756,24.788124],[121.021767,24.788083],[121.020712,24.78784],[121.020679,24.787796],[121.020679,24.787824],[121.020684,24.787842],[121.020706,24.787872],[121.020721,24.787883],[121.020739,24.78789]]]]}},{"type":"Feature","properties":{"n":"關新路","v":"東區","w":4.8,"c":4.8,"r":3},"geometry":{"type":"MultiPolygon","coordinates":[[[[121.021074,24.788204],[121.021081,24.78818],[121.021078,24.788166],[121.021066,24.788158],[121.020825,24.788104],[121.020786,24.788109],[121.02075,24.788125],[121.020712,24.788166],[121.02066,24.788363],[121.020704,24.788373],[121.02075,24.788194],[121.020834,24.788149],[121.021074,24.788204]]]]}},{"type":"Feature","properties":{"n":"南隘路二段","v":"香山區","w":1.7,"c":1.7,"r":6},"geometry":{"type":"MultiPolygon","coordinates":[[[[120.926963,24.725357],[120.926971,24.72539],[120.927211,24.725534],[120.927331,24.725598],[120.92742,24.725608],[120.927501,24.72561],[120.927643,24.725527],[120.927954,24.725465],[120.928168,24.725455],[120.928192,24.725465],[120.928223,24.725518],[120.928623,24.725589],[120.928714,24.725601],[120.928819,24.725661],[120.929394,24.72602],[120.930329,24.726623],[120.931178,24.727155],[120.931198,24.727131],[120.930688,24.726821],[120.929989,24.726378],[120.929152,24.725846],[120.928767,24.725589],[120.928695,24.72556],[120.92823,24.725488],[120.928198,24.725434],[120.928028,24.72544],[120.927923,24.725434],[120.927662,24.725493],[120.927577,24.725535],[120.927485,24.725589],[120.927335,24.725571],[120.927008,24.725386],[120.926963,24.725357]]]]}},{"type":"Feature","properties":{"n":"公道五路二段","v":"北區","w":3.8,"c":3.8,"r":1},"geometry":{"type":"MultiPolygon","coordinates":[[[[121.006761,24.798759],[121.006744,24.79878],[121.006746,24.798806],[121.007287,24.798539],[121.007367,24.798522],[121.007358,24.798506],[121.007512,24.798446],[121.007571,24.79844],[121.007568,24.798405],[121.007512,24.79841],[121.007439,24.798434],[121.006761,24.798759]]]]}},{"type":"Feature","properties":{"n":"公道五路二段","v":"北區","w":3.8,"c":2.6,"r":2},"geometry":{"type":"MultiPolygon","coordinates":[[[[121.006621,24.798871],[121.006603,24.798841],[121.006366,24.798957],[121.006283,24.79901],[121.006173,24.799064],[121.006115,24.799081],[121.006084,24.799096],[121.006102,24.799126],[121.006621,24.798871]]]]}},{"type":"Feature","properties":{"n":"公道五路二段","v":"北區","w":3.8,"c":1.7,"r":4},"geometry":{"type":"MultiPolygon","coordinates":[[[[121.005308,24.799514],[121.005296,24.799496],[121.005278,24.799486],[121.005246,24.799488],[121.005049,24.799587],[121.00504,24.799602],[121.00504,24.799625],[121.00505,24.799641],[121.005308,24.799514]]]]}},{"type":"Feature","properties":{"n":"公道五路二段","v":"北區","w":3.8,"c":1.35,"r":2},"geometry":{"type":"MultiPolygon","coordinates":[[[[121.004542,24.79989],[121.004531,24.799872],[121.004512,24.799861],[121.00448,24.799864],[121.00437,24.799918],[121.00435,24.799941],[121.00435,24.799963],[121.004359,24.79998],[121.004542,24.79989]]]]}},{"type":"Feature","properties":{"n":"公道五路二段","v":"北區","w":3.8,"c":1.4,"r":2},"geometry":{"type":"MultiPolygon","coordinates":[[[[121.004879,24.799725],[121.004871,24.799711],[121.004848,24.799696],[121.004834,24.799695],[121.004817,24.799699],[121.004707,24.799753],[121.004694,24.799763],[121.004687,24.799775],[121.004688,24.7998],[121.004696,24.799815],[121.004879,24.799725]]]]}},{"type":"Feature","properties":{"n":"公道五路二段","v":"北區","w":3.8,"c":1.35,"r":2},"geometry":{"type":"MultiPolygon","coordinates":[[[[121.004102,24.800109],[121.004096,24.800099],[121.004071,24.80008],[121.00404,24.800083],[121.003836,24.800184],[121.003824,24.800194],[121.003816,24.800207],[121.003816,24.800227],[121.003825,24.800246],[121.004102,24.800109]]]]}},{"type":"Feature","properties":{"n":"公道五路二段","v":"北區","w":3.8,"c":1.35,"r":2},"geometry":{"type":"MultiPolygon","coordinates":[[[[121.003771,24.800271],[121.003758,24.800252],[121.00374,24.800242],[121.003708,24.800245],[121.003656,24.800271],[121.003573,24.800325],[121.003463,24.800379],[121.003406,24.800395],[121.003317,24.800439],[121.003302,24.800452],[121.003295,24.80047],[121.003306,24.800501],[121.003771,24.800271]]]]}},{"type":"Feature","properties":{"n":"公道五路二段","v":"北區","w":3.8,"c":1.35,"r":4},"geometry":{"type":"MultiPolygon","coordinates":[[[[121.003224,24.800542],[121.003212,24.800525],[121.003193,24.800513],[121.003161,24.800516],[121.002822,24.800684],[121.002806,24.800695],[121.002799,24.800709],[121.002799,24.800732],[121.002811,24.800752],[121.002914,24.800702],[121.002913,24.800696],[121.003224,24.800542]]]]}},{"type":"Feature","properties":{"n":"公道五路二段","v":"北區","w":3.8,"c":1.35,"r":2},"geometry":{"type":"MultiPolygon","coordinates":[[[[121.002734,24.800796],[121.00272,24.800777],[121.002704,24.800768],[121.002672,24.800771],[121.002536,24.800841],[121.002527,24.800856],[121.002526,24.800874],[121.002537,24.800895],[121.002734,24.800796]]]]}},{"type":"Feature","properties":{"n":"公道五路二段","v":"北區","w":3.8,"c":1.35,"r":2},"geometry":{"type":"MultiPolygon","coordinates":[[[[121.002166,24.801087],[121.002155,24.801072],[121.002137,24.801062],[121.002105,24.801064],[121.000865,24.801662],[121.000845,24.801684],[121.000843,24.801698],[121.000852,24.80172],[121.002166,24.801087]]]]}},{"type":"Feature","properties":{"n":"公道五路二段","v":"北區","w":3.8,"c":1.35,"r":3},"geometry":{"type":"MultiPolygon","coordinates":[[[[121.00068,24.801805],[121.000626,24.801788],[121.000599,24.801787],[121.000261,24.801946],[121.00024,24.801968],[121.000239,24.801986],[121.000248,24.802007],[121.00068,24.801805]]]]}},{"type":"Feature","properties":{"n":"公道五路二段","v":"北區","w":3.8,"c":1.35,"r":2},"geometry":{"type":"MultiPolygon","coordinates":[[[[121.000149,24.802052],[121.000135,24.802032],[121.000119,24.802023],[121.000087,24.802026],[120.999566,24.802273],[120.999591,24.802317],[121.000149,24.802052]]]]}},{"type":"Feature","properties":{"n":"公道五路二段","v":"北區","w":3.8,"c":1.35,"r":2},"geometry":{"type":"MultiPolygon","coordinates":[[[[120.999314,24.802449],[120.999296,24.802425],[120.999268,24.802418],[120.998322,24.802869],[120.998347,24.802913],[120.999314,24.802449]]]]}},{"type":"Feature","properties":{"n":"公道五路二段","v":"北區","w":3.8,"c":1.35,"r":2},"geometry":{"type":"MultiPolygon","coordinates":[[[[120.998116,24.803025],[120.9981,24.803004],[120.998085,24.802997],[120.998068,24.802995],[120.996578,24.803735],[120.996558,24.803758],[120.996556,24.803774],[120.996567,24.803797],[120.998116,24.803025]]]]}},{"type":"Feature","properties":{"n":"公道五路二段","v":"北區","w":3.8,"c":1.35,"r":2},"geometry":{"type":"MultiPolygon","coordinates":[[[[120.996375,24.803892],[120.996359,24.80387],[120.996345,24.803864],[120.996313,24.803867],[120.994943,24.804538],[120.99486,24.804591],[120.99475,24.804645],[120.994692,24.804661],[120.994115,24.804944],[120.994103,24.804953],[120.994095,24.804966],[120.994094,24.804981],[120.994104,24.805006],[120.996375,24.803892]]]]}},{"type":"Feature","properties":{"n":"公道五路二段","v":"北區","w":3.8,"c":1.35,"r":3},"geometry":{"type":"MultiPolygon","coordinates":[[[[120.993976,24.805068],[120.994025,24.805078],[120.993992,24.80503],[120.993965,24.805022],[120.993946,24.805026],[120.992967,24.805513],[120.992954,24.805523],[120.992947,24.805535],[120.992946,24.805549],[120.992957,24.805574],[120.993976,24.805068]]]]}},{"type":"Feature","properties":{"n":"公道五路二段","v":"北區","w":4.6,"c":4.6,"r":2},"geometry":{"type":"MultiPolygon","coordinates":[[[[120.99396,24.804564],[120.993949,24.804564],[120.993924,24.804576],[120.993936,24.804589],[120.99395,24.804596],[120.993978,24.804595],[120.994203,24.804484],[120.994217,24.80447],[120.994222,24.804454],[120.99421,24.804424],[120.994186,24.804435],[120.994185,24.804454],[120.99396,24.804564]]]]}},{"type":"Feature","properties":{"n":"公道五路二段","v":"北區","w":3.8,"c":2.6,"r":2},"geometry":{"type":"MultiPolygon","coordinates":[[[[121.003991,24.799692],[121.005192,24.7991],[121.005205,24.799088],[121.005209,24.799065],[121.005206,24.799054],[121.003658,24.799817],[121.003681,24.799832],[121.003709,24.799831],[121.003824,24.799762],[121.003933,24.799708],[121.003991,24.799692]]]]}},{"type":"Feature","properties":{"n":"草原路","v":"香山區","w":2.5,"c":1.4,"r":2},"geometry":{"type":"MultiPolygon","coordinates":[[[[120.925112,24.774688],[120.92515,24.774719],[120.924936,24.774176],[120.924929,24.77414],[120.924929,24.774091],[120.925462,24.772545],[120.925445,24.772522],[120.924913,24.774061],[120.924905,24.774128],[120.924918,24.774195],[120.925112,24.774688]]]]}},{"type":"Feature","properties":{"n":"草原路","v":"香山區","w":2.5,"c":1.4,"r":2},"geometry":{"type":"MultiPolygon","coordinates":[[[[120.924917,24.774528],[120.92492,24.77453],[120.924931,24.774518],[120.924933,24.774503],[120.924812,24.774189],[120.924803,24.774126],[120.924806,24.774076],[120.924818,24.774026],[120.925162,24.773037],[120.925158,24.773023],[120.925144,24.773014],[120.924791,24.774033],[120.924781,24.774086],[120.924779,24.774127],[120.924785,24.774181],[120.924801,24.774233],[120.924917,24.774528]]]]}},{"type":"Feature","properties":{"n":"草原路","v":"香山區","w":2.5,"c":1.4,"r":2},"geometry":{"type":"MultiPolygon","coordinates":[[[[120.925168,24.772946],[120.925184,24.772946],[120.925196,24.772937],[120.925285,24.772682],[120.925281,24.772668],[120.925267,24.77266],[120.925168,24.772946]]]]}},{"type":"Feature","properties":{"n":"草原路","v":"香山區","w":2.5,"c":1.4,"r":2},"geometry":{"type":"MultiPolygon","coordinates":[[[[120.925279,24.772625],[120.925296,24.772626],[120.925307,24.772616],[120.925337,24.77253],[120.925329,24.772528],[120.925338,24.772501],[120.925336,24.772462],[120.925279,24.772625]]]]}},{"type":"Feature","properties":{"n":"東光路","v":"東區","w":3,"c":1.8,"r":2},"geometry":{"type":"MultiPolygon","coordinates":[[[[120.98705,24.805523],[120.987052,24.805497],[120.986893,24.805485],[120.986861,24.805437],[120.986895,24.804997],[120.986872,24.805002],[120.98683,24.805446],[120.986867,24.805497],[120.986885,24.805509],[120.98705,24.805523]]]]}},{"type":"Feature","properties":{"n":"東光路","v":"東區","w":3,"c":2.5,"r":2},"geometry":{"type":"MultiPolygon","coordinates":[[[[120.986909,24.804897],[120.987,24.80376],[120.986979,24.803774],[120.986882,24.804899],[120.986909,24.804897]]]]}},{"type":"Feature","properties":{"n":"東光路","v":"東區","w":3.3,"c":2.4,"r":2},"geometry":{"type":"MultiPolygon","coordinates":[[[[120.986735,24.803637],[120.986762,24.803639],[120.986775,24.803634],[120.986782,24.803622],[120.986786,24.803569],[120.986774,24.803478],[120.986785,24.803343],[120.986812,24.80329],[120.986844,24.802876],[120.98684,24.802862],[120.986819,24.802848],[120.986805,24.802849],[120.98675,24.802867],[120.986798,24.8029],[120.986735,24.803637]]]]}},{"type":"Feature","properties":{"n":"金山19街","v":"東區","w":1.2,"c":1.2,"r":2},"geometry":{"type":"MultiPolygon","coordinates":[[[[121.025134,24.776465],[121.025123,24.77647],[121.025351,24.776732],[121.025605,24.77715],[121.025717,24.777449],[121.025733,24.777449],[121.025618,24.777155],[121.025364,24.776735],[121.025134,24.776465]]]]}},{"type":"Feature","properties":{"n":"港北路","v":"北區","w":2.4,"c":1.5,"r":2},"geometry":{"type":"MultiPolygon","coordinates":[[[[120.928108,24.83252],[120.929197,24.832219],[120.929186,24.832176],[120.9281,24.832477],[120.928108,24.83252]]]]}},{"type":"Feature","properties":{"n":"港北路","v":"北區","w":2.4,"c":1.5,"r":6},"geometry":{"type":"MultiPolygon","coordinates":[[[[120.92745,24.832722],[120.927448,24.832725],[120.927469,24.832753],[120.928074,24.832434],[120.929178,24.832136],[120.929168,24.832107],[120.928021,24.832426],[120.92745,24.832722]]]]}},{"type":"Feature","properties":{"n":"竹光路","v":"北區","w":2.1,"c":0,"r":5},"geometry":{"type":"MultiPolygon","coordinates":[[[[120.953188,24.807191],[120.952644,24.806586],[120.952599,24.806598],[120.953162,24.807215],[120.953188,24.807191]]]]}},{"type":"Feature","properties":{"n":"竹光路","v":"北區","w":4.8,"c":2.8,"r":4},"geometry":{"type":"MultiPolygon","coordinates":[[[[120.953264,24.807326],[120.954161,24.808289],[120.9551,24.809316],[120.955137,24.809333],[120.955137,24.809302],[120.954844,24.80897],[120.954399,24.808482],[120.954135,24.808181],[120.953305,24.807314],[120.953264,24.807326]]]]}},{"type":"Feature","properties":{"n":"竹光路","v":"北區","w":2,"c":2,"r":2},"geometry":{"type":"MultiPolygon","coordinates":[[[[120.955636,24.809904],[120.955668,24.80989],[120.955336,24.809536],[120.955328,24.809567],[120.955636,24.809904]]]]}},{"type":"Feature","properties":{"n":"竹光路","v":"北區","w":4.5,"c":4.5,"r":2},"geometry":{"type":"MultiPolygon","coordinates":[[[[120.955723,24.80999],[120.956563,24.81089],[120.956782,24.811048],[120.956811,24.811046],[120.956801,24.811017],[120.956788,24.811017],[120.956581,24.810859],[120.955752,24.809968],[120.955723,24.80999]]]]}},{"type":"Feature","properties":{"n":"竹光路","v":"北區","w":2,"c":1.7,"r":2},"geometry":{"type":"MultiPolygon","coordinates":[[[[120.95692,24.811161],[120.957061,24.811271],[120.957084,24.811249],[120.956951,24.811137],[120.95692,24.811161]]]]}},{"type":"Feature","properties":{"n":"竹光路","v":"北區","w":2,"c":1.7,"r":2},"geometry":{"type":"MultiPolygon","coordinates":[[[[120.957115,24.811317],[120.957868,24.811885],[120.957889,24.811866],[120.957133,24.811278],[120.957115,24.811317]]]]}},{"type":"Feature","properties":{"n":"竹光路","v":"北區","w":2,"c":2,"r":2},"geometry":{"type":"MultiPolygon","coordinates":[[[[120.957926,24.811936],[120.958627,24.812466],[120.958643,24.812442],[120.957952,24.811909],[120.957926,24.811936]]]]}},{"type":"Feature","properties":{"n":"竹光路","v":"北區","w":2,"c":1.7,"r":2},"geometry":{"type":"MultiPolygon","coordinates":[[[[120.958682,24.812504],[120.959048,24.812786],[120.959067,24.812767],[120.958703,24.812478],[120.958682,24.812504]]]]}},{"type":"Feature","properties":{"n":"竹光路","v":"北區","w":2,"c":2,"r":2},"geometry":{"type":"MultiPolygon","coordinates":[[[[120.959137,24.81286],[120.959689,24.813276],[120.959713,24.813267],[120.959715,24.81325],[120.959176,24.812841],[120.959137,24.81286]]]]}},{"type":"Feature","properties":{"n":"竹光路","v":"北區","w":2,"c":1.7,"r":2},"geometry":{"type":"MultiPolygon","coordinates":[[[[120.960838,24.814115],[120.960613,24.813936],[120.95977,24.813305],[120.959763,24.813334],[120.960793,24.814115],[120.960838,24.814115]]]]}},{"type":"Feature","properties":{"n":"竹光路","v":"北區","w":2,"c":2,"r":2},"geometry":{"type":"MultiPolygon","coordinates":[[[[120.960911,24.814196],[120.96111,24.814354],[120.961121,24.814356],[120.961128,24.81434],[120.960924,24.81418],[120.960911,24.814196]]]]}},{"type":"Feature","properties":{"n":"竹光路","v":"北區","w":2,"c":2,"r":2},"geometry":{"type":"MultiPolygon","coordinates":[[[[120.961173,24.814369],[120.96144,24.814575],[120.961448,24.814558],[120.961184,24.814348],[120.961173,24.814369]]]]}},{"type":"Feature","properties":{"n":"竹光路","v":"北區","w":2,"c":1.7,"r":4},"geometry":{"type":"MultiPolygon","coordinates":[[[[120.951698,24.806041],[120.951952,24.806332],[120.952818,24.807271],[120.95347,24.807969],[120.953692,24.80822],[120.953715,24.808201],[120.953723,24.808191],[120.953153,24.807575],[120.951738,24.806026],[120.951698,24.806041]]]]}},{"type":"Feature","properties":{"n":"竹光路","v":"北區","w":2,"c":1.7,"r":2},"geometry":{"type":"MultiPolygon","coordinates":[[[[120.95524,24.809879],[120.956263,24.811004],[120.956509,24.811224],[120.95654,24.811191],[120.956341,24.811023],[120.956145,24.810825],[120.955342,24.809941],[120.955276,24.809848],[120.95524,24.809879]]]]}},{"type":"Feature","properties":{"n":"竹光路","v":"北區","w":2,"c":1.7,"r":2},"geometry":{"type":"MultiPolygon","coordinates":[[[[120.956687,24.81129],[120.95665,24.811307],[120.956844,24.811448],[120.956859,24.811424],[120.956687,24.81129]]]]}},{"type":"Feature","properties":{"n":"竹光路","v":"北區","w":2,"c":1.7,"r":2},"geometry":{"type":"MultiPolygon","coordinates":[[[[120.956912,24.811461],[120.956878,24.811482],[120.957634,24.812053],[120.95766,24.812025],[120.956912,24.811461]]]]}},{"type":"Feature","properties":{"n":"竹光路","v":"北區","w":2,"c":1.7,"r":2},"geometry":{"type":"MultiPolygon","coordinates":[[[[120.957745,24.812093],[120.957729,24.812129],[120.958867,24.812989],[120.958891,24.812963],[120.957745,24.812093]]]]}},{"type":"Feature","properties":{"n":"竹光路","v":"北區","w":2,"c":1.7,"r":2},"geometry":{"type":"MultiPolygon","coordinates":[[[[120.958985,24.813039],[120.958956,24.81307],[120.959909,24.81379],[120.95993,24.813763],[120.958985,24.813039]]]]}},{"type":"Feature","properties":{"n":"竹光路","v":"北區","w":2,"c":2,"r":2},"geometry":{"type":"MultiPolygon","coordinates":[[[[120.959959,24.813823],[120.960372,24.814136],[120.96038,24.814103],[120.959993,24.813806],[120.959959,24.813823]]]]}},{"type":"Feature","properties":{"n":"竹光路","v":"北區","w":2,"c":2,"r":2},"geometry":{"type":"MultiPolygon","coordinates":[[[[120.960458,24.81416],[120.960432,24.814184],[120.960636,24.814353],[120.960636,24.814301],[120.960458,24.81416]]]]}},{"type":"Feature","properties":{"n":"竹光路","v":"北區","w":2,"c":1.7,"r":2},"geometry":{"type":"MultiPolygon","coordinates":[[[[120.953749,24.808225],[120.953715,24.808246],[120.953721,24.808256],[120.955042,24.809666],[120.955055,24.809623],[120.953749,24.808225]]]]}},{"type":"Feature","properties":{"n":"新港二路","v":"北區","w":5.2,"c":4.2,"r":8},"geometry":{"type":"MultiPolygon","coordinates":[[[[120.923163,24.843005],[120.924955,24.845419],[120.924987,24.845389],[120.923261,24.843071],[120.923163,24.843005]]]]}},{"type":"Feature","properties":{"n":"凌雲街","v":"北區","w":3,"c":2,"r":4},"geometry":{"type":"MultiPolygon","coordinates":[[[[120.955111,24.803899],[120.955083,24.803854],[120.954352,24.804042],[120.953798,24.802621],[120.953803,24.802585],[120.95424,24.802408],[120.954227,24.80237],[120.953748,24.802561],[120.953735,24.802578],[120.953735,24.802619],[120.954313,24.804112],[120.955111,24.803899]]]]}},{"type":"Feature","properties":{"n":"北新街","v":"北區","w":2,"c":0.8,"r":3},"geometry":{"type":"MultiPolygon","coordinates":[[[[120.959849,24.802031],[120.959653,24.802074],[120.957394,24.802766],[120.957407,24.802799],[120.959847,24.802057],[120.959865,24.802055],[120.959849,24.802031]]]]}},{"type":"Feature","properties":{"n":"成德路","v":"北區","w":1.7,"c":1.4,"r":1},"geometry":{"type":"MultiPolygon","coordinates":[[[[120.957724,24.794384],[120.957999,24.794291],[120.957991,24.794264],[120.957727,24.794355],[120.957724,24.794384]]]]}},{"type":"Feature","properties":{"n":"成德路","v":"北區","w":1.7,"c":1.1,"r":4},"geometry":{"type":"MultiPolygon","coordinates":[[[[120.958047,24.79428],[120.959986,24.793638],[120.959947,24.793614],[120.958034,24.794247],[120.958047,24.79428]]]]}},{"type":"Feature","properties":{"n":"北新街","v":"北區","w":3,"c":3,"r":2},"geometry":{"type":"MultiPolygon","coordinates":[[[[120.956319,24.803126],[120.957091,24.802878],[120.957057,24.802847],[120.956306,24.80309],[120.956319,24.803126]]]]}},{"type":"Feature","properties":{"n":"北新街","v":"北區","w":4.7,"c":3.4,"r":1},"geometry":{"type":"MultiPolygon","coordinates":[[[[120.956013,24.803129],[120.956173,24.803078],[120.956157,24.803055],[120.956008,24.803109],[120.956013,24.803129]]]]}},{"type":"Feature","properties":{"n":"五福路一段","v":"香山區","w":1.5,"c":1.5,"r":7},"geometry":{"type":"MultiPolygon","coordinates":[[[[120.911199,24.742817],[120.911199,24.742822],[120.911202,24.742805],[120.910666,24.742747],[120.91037,24.742685],[120.910164,24.742623],[120.909876,24.742549],[120.909737,24.742539],[120.909546,24.742596],[120.909308,24.742649],[120.908992,24.742696],[120.908576,24.742725],[120.908374,24.742693],[120.908304,24.742655],[120.908288,24.74267],[120.908369,24.742705],[120.908565,24.742732],[120.908989,24.742703],[120.9093,24.742658],[120.909538,24.742608],[120.909748,24.742544],[120.909873,24.742556],[120.910046,24.742597],[120.910365,24.742695],[120.910663,24.742755],[120.911199,24.742817]]]]}},{"type":"Feature","properties":{"n":"水田街","v":"北區","w":3,"c":1,"r":5},"geometry":{"type":"MultiPolygon","coordinates":[[[[120.965923,24.813279],[120.965897,24.813294],[120.966004,24.813573],[120.966511,24.814364],[120.966608,24.814486],[120.966661,24.814512],[120.966637,24.814488],[120.96625,24.813905],[120.966132,24.813712],[120.966043,24.81359],[120.965999,24.813458],[120.965923,24.813279]]]]}},{"type":"Feature","properties":{"n":"東大路二段172巷1弄","v":"北區","w":15,"c":10,"r":2},"geometry":{"type":"MultiPolygon","coordinates":[[[[120.966332,24.815988],[120.96613,24.816184],[120.966044,24.816428],[120.965869,24.816334],[120.965777,24.816511],[120.965884,24.816576],[120.965753,24.816733],[120.965811,24.816767],[120.965748,24.816891],[120.96584,24.81692],[120.9658,24.817008],[120.965756,24.817032],[120.965779,24.817037],[120.965826,24.817034],[120.966091,24.816454],[120.966196,24.816193],[120.966374,24.816022],[120.966371,24.816005],[120.966355,24.816002],[120.966332,24.815988]]]]}},{"type":"Feature","properties":{"n":"武陵路","v":"北區","w":5,"c":4.1,"r":4},"geometry":{"type":"MultiPolygon","coordinates":[[[[120.963485,24.816997],[120.963563,24.817052],[120.963807,24.817253],[120.963828,24.817279],[120.96382,24.817308],[120.963864,24.817339],[120.963883,24.81731],[120.963885,24.817294],[120.963872,24.81726],[120.963506,24.816966],[120.963495,24.816964],[120.963485,24.816976],[120.963485,24.816997]]]]}},{"type":"Feature","properties":{"n":"東大路二段","v":"北區","w":3.2,"c":2,"r":2},"geometry":{"type":"MultiPolygon","coordinates":[[[[120.964456,24.81733],[120.964482,24.817299],[120.964443,24.81728],[120.964451,24.817265],[120.964911,24.816809],[120.964872,24.816804],[120.964841,24.816831],[120.964385,24.817279],[120.964393,24.817306],[120.964456,24.81733]]]]}},{"type":"Feature","properties":{"n":"鐵道路二段","v":"北區","w":3,"c":2,"r":2},"geometry":{"type":"MultiPolygon","coordinates":[[[[120.980288,24.815219],[120.980319,24.815217],[120.980712,24.814861],[120.98072,24.814844],[120.980707,24.814837],[120.980309,24.815203],[120.980288,24.815219]]]]}},{"type":"Feature","properties":{"n":"南寮大道","v":"北區","w":3.53,"c":3.23,"r":2},"geometry":{"type":"MultiPolygon","coordinates":[[[[120.927118,24.849826],[120.927552,24.851016],[120.92762,24.851114],[120.927704,24.851169],[120.927785,24.851209],[120.927843,24.851226],[120.927979,24.851243],[120.928149,24.851236],[120.928592,24.8512],[120.92878,24.851172],[120.928846,24.851153],[120.928971,24.8511],[120.929278,24.850878],[120.929469,24.85073],[120.929775,24.85052],[120.929935,24.850403],[120.930077,24.85031],[120.9302,24.850193],[120.930265,24.850088],[120.93031,24.849999],[120.930362,24.849823],[120.930417,24.849603],[120.930601,24.848724],[120.930748,24.848151],[120.930764,24.84807],[120.930756,24.847991],[120.930724,24.847991],[120.93073,24.848098],[120.930656,24.848375],[120.930491,24.849066],[120.930323,24.849868],[120.930223,24.850102],[120.930066,24.850286],[120.929197,24.850885],[120.928958,24.851076],[120.928683,24.85116],[120.928136,24.85121],[120.927927,24.851202],[120.92783,24.851188],[120.927767,24.851159],[120.927644,24.851078],[120.927584,24.850985],[120.927511,24.850775],[120.927155,24.849828],[120.927118,24.849826]]]]}},{"type":"Feature","properties":{"n":"慈雲路","v":"東區","w":3.1,"c":2.1,"r":4},"geometry":{"type":"MultiPolygon","coordinates":[[[[121.011519,24.789591],[121.011516,24.78961],[121.011755,24.790107],[121.011875,24.790372],[121.012066,24.790876],[121.012236,24.791347],[121.012281,24.791399],[121.012294,24.791404],[121.012312,24.791402],[121.012302,24.791385],[121.012265,24.791349],[121.01188,24.790303],[121.011543,24.789605],[121.011519,24.789591]]]]}},{"type":"Feature","properties":{"n":"慈雲路","v":"東區","w":3.1,"c":1.9,"r":2},"geometry":{"type":"MultiPolygon","coordinates":[[[[121.012349,24.791516],[121.012323,24.791547],[121.01232,24.791566],[121.012749,24.792761],[121.012794,24.792782],[121.012815,24.792778],[121.012804,24.792749],[121.012783,24.792756],[121.012773,24.792749],[121.012338,24.791557],[121.012349,24.791516]]]]}},{"type":"Feature","properties":{"n":"慈雲路","v":"東區","w":3,"c":2,"r":2},"geometry":{"type":"MultiPolygon","coordinates":[[[[121.013406,24.796137],[121.013579,24.798205],[121.013602,24.798205],[121.013424,24.796127],[121.013411,24.79612],[121.013401,24.796127],[121.013406,24.796137]]]]}},{"type":"Feature","properties":{"n":"慈雲路","v":"東區","w":3.1,"c":1.9,"r":2},"geometry":{"type":"MultiPolygon","coordinates":[[[[121.013311,24.79405],[121.013298,24.79403],[121.013282,24.794035],[121.013235,24.794016],[121.012842,24.792934],[121.012842,24.792924],[121.01286,24.792917],[121.01285,24.792896],[121.012826,24.792905],[121.012819,24.792932],[121.013214,24.79403],[121.013279,24.794059],[121.013311,24.79405]]]]}},{"type":"Feature","properties":{"n":"慈雲路","v":"東區","w":5.9,"c":4.7,"r":4},"geometry":{"type":"MultiPolygon","coordinates":[[[[121.009569,24.787654],[121.009669,24.787613],[121.009768,24.787613],[121.00982,24.787618],[121.009928,24.78769],[121.009985,24.787747],[121.010079,24.787857],[121.010684,24.788629],[121.010713,24.788609],[121.010857,24.788894],[121.011187,24.789567],[121.01116,24.789589],[121.011171,24.789608],[121.011202,24.789584],[121.011213,24.789558],[121.010925,24.788956],[121.010739,24.78859],[121.010658,24.788471],[121.010441,24.788208],[121.010108,24.787788],[121.009951,24.787647],[121.009878,24.787604],[121.009797,24.78758],[121.009737,24.787578],[121.009648,24.787589],[121.009569,24.787654]]]]}},{"type":"Feature","properties":{"n":"慈雲路","v":"東區","w":2.9,"c":1.7,"r":2},"geometry":{"type":"MultiPolygon","coordinates":[[[[121.011231,24.789782],[121.011252,24.789799],[121.011281,24.789775],[121.011302,24.789799],[121.011336,24.789861],[121.011346,24.789895],[121.011422,24.790057],[121.011621,24.790463],[121.011681,24.790614],[121.012011,24.791521],[121.012003,24.791538],[121.011959,24.791571],[121.011966,24.791586],[121.012016,24.79155],[121.012029,24.791519],[121.012014,24.791485],[121.011707,24.790623],[121.011658,24.790494],[121.011344,24.789828],[121.011294,24.789751],[121.011268,24.789751],[121.011231,24.789782]]]]}},{"type":"Feature","properties":{"n":"慈雲路","v":"東區","w":3.1,"c":1.9,"r":3},"geometry":{"type":"MultiPolygon","coordinates":[[[[121.012015,24.791703],[121.01203,24.791722],[121.012234,24.792226],[121.012525,24.793048],[121.012907,24.794054],[121.012933,24.794066],[121.012949,24.794025],[121.012918,24.793932],[121.012724,24.79343],[121.012559,24.792964],[121.012206,24.792004],[121.012117,24.791746],[121.012088,24.791705],[121.012067,24.791691],[121.012041,24.791689],[121.012015,24.791703]]]]}},{"type":"Feature","properties":{"n":"慈雲路","v":"東區","w":3,"c":2.1,"r":2},"geometry":{"type":"MultiPolygon","coordinates":[[[[121.012987,24.794249],[121.012982,24.794314],[121.013024,24.794734],[121.013068,24.795382],[121.013094,24.795384],[121.013,24.794264],[121.012987,24.794249]]]]}},{"type":"Feature","properties":{"n":"慈雲路","v":"東區","w":3.1,"c":1.9,"r":2},"geometry":{"type":"MultiPolygon","coordinates":[[[[121.013247,24.794202],[121.013365,24.795526],[121.013402,24.795549],[121.013459,24.795545],[121.013467,24.795542],[121.013464,24.795514],[121.013428,24.795521],[121.013407,24.795518],[121.013396,24.795499],[121.013279,24.794207],[121.013247,24.794202]]]]}},{"type":"Feature","properties":{"n":"食品路","v":"東區","w":3,"c":1.5,"r":2},"geometry":{"type":"MultiPolygon","coordinates":[[[[120.972868,24.795181],[120.974867,24.79641],[120.97488,24.796386],[120.972886,24.795155],[120.972868,24.795181]]]]}},{"type":"Feature","properties":{"n":"食品路","v":"東區","w":4.2,"c":2.7,"r":4},"geometry":{"type":"MultiPolygon","coordinates":[[[[120.980425,24.799852],[120.980944,24.80012],[120.98243,24.800858],[120.982773,24.801733],[120.98276,24.801766],[120.982725,24.801788],[120.982739,24.801814],[120.98278,24.801792],[120.982807,24.80174],[120.982469,24.800854],[120.982459,24.800837],[120.982417,24.800811],[120.980457,24.799833],[120.980425,24.799852]]]]}},{"type":"Feature","properties":{"n":"東光路","v":"東區","w":2.9,"c":2.3,"r":2},"geometry":{"type":"MultiPolygon","coordinates":[[[[120.986566,24.805396],[120.986589,24.805401],[120.986613,24.805284],[120.98667,24.804632],[120.986644,24.804629],[120.986626,24.804794],[120.986566,24.805396]]]]}},{"type":"Feature","properties":{"n":"經國路二段","v":"北區","w":3,"c":1.5,"r":2},"geometry":{"type":"MultiPolygon","coordinates":[[[[120.955185,24.803543],[120.955603,24.804644],[120.955645,24.804668],[120.955658,24.804668],[120.955658,24.804651],[120.955642,24.804646],[120.955621,24.804627],[120.955203,24.803516],[120.955185,24.803543]]]]}},{"type":"Feature","properties":{"n":"東光路","v":"東區","w":2.9,"c":2.3,"r":2},"geometry":{"type":"MultiPolygon","coordinates":[[[[120.986652,24.804572],[120.986681,24.804575],[120.986765,24.803688],[120.986757,24.803679],[120.986736,24.803679],[120.986652,24.804572]]]]}},{"type":"Feature","properties":{"n":"經國路二段","v":"北區","w":4,"c":4,"r":2},"geometry":{"type":"MultiPolygon","coordinates":[[[[120.95827,24.807794],[120.960128,24.808994],[120.960146,24.808975],[120.958288,24.807768],[120.958288,24.807773],[120.95827,24.807794]]]]}},{"type":"Feature","properties":{"n":"東光路","v":"東區","w":2.9,"c":1.4,"r":2},"geometry":{"type":"MultiPolygon","coordinates":[[[[120.987026,24.803593],[120.987144,24.802159],[120.987116,24.802181],[120.987,24.803571],[120.987026,24.803593]]]]}},{"type":"Feature","properties":{"n":"東光路","v":"東區","w":2.7,"c":1.8,"r":4},"geometry":{"type":"MultiPolygon","coordinates":[[[[120.987123,24.802081],[120.987155,24.802078],[120.987231,24.801228],[120.987288,24.80113],[120.987268,24.801111],[120.987205,24.801225],[120.987192,24.801343],[120.987123,24.802081]]]]}},{"type":"Feature","properties":{"n":"經國路一段","v":"北區","w":4,"c":2.5,"r":2},"geometry":{"type":"MultiPolygon","coordinates":[[[[120.968986,24.81379],[120.970619,24.813895],[120.970619,24.813869],[120.968986,24.813771],[120.968986,24.81379]]]]}},{"type":"Feature","properties":{"n":"東光路","v":"東區","w":2.9,"c":2,"r":4},"geometry":{"type":"MultiPolygon","coordinates":[[[[120.986807,24.802706],[120.986838,24.802697],[120.986964,24.801283],[120.986927,24.80129],[120.986802,24.802692],[120.986807,24.802706]]]]}},{"type":"Feature","properties":{"n":"經國路一段","v":"東區","w":2.9,"c":1.4,"r":4},"geometry":{"type":"MultiPolygon","coordinates":[[[[120.970871,24.813914],[120.972475,24.814024],[120.972475,24.814],[120.970874,24.813897],[120.970871,24.813914]]]]}},{"type":"Feature","properties":{"n":"經國路一段","v":"東區","w":3,"c":1.5,"r":2},"geometry":{"type":"MultiPolygon","coordinates":[[[[120.972625,24.814041],[120.974124,24.814139],[120.974124,24.814115],[120.972625,24.814024],[120.972625,24.814041]]]]}},{"type":"Feature","properties":{"n":"經國路一段","v":"東區","w":3,"c":1.5,"r":2},"geometry":{"type":"MultiPolygon","coordinates":[[[[120.974412,24.814163],[120.975804,24.814254],[120.975812,24.814228],[120.974417,24.814144],[120.974412,24.814163]]]]}},{"type":"Feature","properties":{"n":"經國路一段","v":"東區","w":3,"c":1.5,"r":2},"geometry":{"type":"MultiPolygon","coordinates":[[[[120.975888,24.814263],[120.976715,24.814319],[120.97672,24.814299],[120.975888,24.814249],[120.975888,24.814263]]]]}},{"type":"Feature","properties":{"n":"經國路一段","v":"東區","w":3,"c":1.5,"r":2},"geometry":{"type":"MultiPolygon","coordinates":[[[[120.976982,24.814338],[120.977746,24.814393],[120.977757,24.814369],[120.976982,24.814323],[120.976982,24.814338]]]]}},{"type":"Feature","properties":{"n":"南寮大道","v":"北區","w":7,"c":8,"r":0},"geometry":{"type":"MultiPolygon","coordinates":[[[[120.932671,24.846009],[120.932089,24.846398],[120.931961,24.84651],[120.931694,24.846766],[120.931505,24.847002],[120.931243,24.847408],[120.930978,24.847876],[120.930923,24.847981],[120.930892,24.848055],[120.930816,24.848318],[120.930711,24.848727],[120.930637,24.849049],[120.930462,24.849916],[120.93043,24.850026],[120.930378,24.850138],[120.930323,24.850226],[120.930231,24.850334],[120.930063,24.850472],[120.929474,24.8509],[120.929181,24.851107],[120.928982,24.851241],[120.928845,24.851308],[120.928743,24.851337],[120.92817,24.851394],[120.927594,24.851439],[120.927526,24.851429],[120.927476,24.851396],[120.927447,24.851341],[120.927392,24.851162],[120.926972,24.84995],[120.926948,24.849864],[120.926925,24.849857],[120.926904,24.849864],[120.927199,24.850729],[120.927351,24.851145],[120.927432,24.851393],[120.927455,24.851443],[120.927565,24.85146],[120.927704,24.85146],[120.928568,24.851389],[120.928793,24.851356],[120.928932,24.851306],[120.929023,24.851239],[120.929141,24.851165],[120.929663,24.850802],[120.9301,24.85048],[120.930252,24.850358],[120.930378,24.85021],[120.93043,24.8501],[120.930509,24.849911],[120.930548,24.849687],[120.930603,24.849429],[120.930635,24.849242],[120.93069,24.849001],[120.930732,24.848791],[120.930774,24.848631],[120.930824,24.848404],[120.930905,24.84811],[120.930981,24.847934],[120.931109,24.8477],[120.931463,24.847124],[120.931668,24.846842],[120.931998,24.846527],[120.932204,24.84636],[120.932335,24.846274],[120.932519,24.84614],[120.932624,24.846057],[120.932671,24.846009]]]]}},{"type":"Feature","properties":{"n":"中華路一段","v":"北區","w":1.5,"c":1.5,"r":2},"geometry":{"type":"MultiPolygon","coordinates":[[[[120.983628,24.809715],[120.98361,24.809724],[120.984918,24.810532],[120.984931,24.81052],[120.983628,24.809715]]]]}},{"type":"Feature","properties":{"n":"南寮大道","v":"北區","w":4,"c":3.4,"r":6},"geometry":{"type":"MultiPolygon","coordinates":[[[[120.932643,24.845818],[120.932276,24.846074],[120.931875,24.846394],[120.931642,24.846606],[120.931289,24.847053],[120.931139,24.847299],[120.930961,24.847628],[120.930985,24.847645],[120.931236,24.847201],[120.931323,24.84706],[120.931619,24.846678],[120.93176,24.846537],[120.931923,24.846391],[120.93225,24.846131],[120.932632,24.845857],[120.932645,24.84584],[120.932643,24.845818]]]]}},{"type":"Feature","properties":{"n":"中華路一段","v":"北區","w":1.5,"c":1.5,"r":2},"geometry":{"type":"MultiPolygon","coordinates":[[[[120.985115,24.810606],[120.985109,24.81063],[120.986038,24.810957],[120.986049,24.810938],[120.985115,24.810606]]]]}},{"type":"Feature","properties":{"n":"鐵道路二段","v":"北區","w":3.2,"c":2.3,"r":2},"geometry":{"type":"MultiPolygon","coordinates":[[[[120.962998,24.821219],[120.964008,24.821986],[120.964008,24.821953],[120.963045,24.821214],[120.962998,24.821219]]]]}},{"type":"Feature","properties":{"n":"鐵道路二段","v":"北區","w":3.2,"c":2.3,"r":2},"geometry":{"type":"MultiPolygon","coordinates":[[[[120.964113,24.822053],[120.964398,24.822235],[120.964683,24.822424],[120.965055,24.822636],[120.965337,24.822777],[120.965565,24.82288],[120.965824,24.822978],[120.965837,24.822947],[120.965531,24.822823],[120.965335,24.822734],[120.96524,24.822689],[120.96494,24.822529],[120.96467,24.822371],[120.964154,24.822044],[120.964113,24.822053]]]]}},{"type":"Feature","properties":{"n":"鐵道路二段","v":"北區","w":4.2,"c":2.2,"r":2},"geometry":{"type":"MultiPolygon","coordinates":[[[[120.970596,24.822637],[120.970593,24.822668],[120.971193,24.82231],[120.971646,24.822026],[120.971625,24.822014],[120.971308,24.822215],[120.970706,24.822573],[120.970609,24.822616],[120.970596,24.822637]]]]}},{"type":"Feature","properties":{"n":"鐵道路二段","v":"北區","w":2.1,"c":0.9,"r":1},"geometry":{"type":"MultiPolygon","coordinates":[[[[120.9728,24.82125],[120.972821,24.821269],[120.973117,24.821073],[120.973077,24.821068],[120.9728,24.82125]]]]}},{"type":"Feature","properties":{"n":"鐵道路二段","v":"北區","w":2.1,"c":0.9,"r":2},"geometry":{"type":"MultiPolygon","coordinates":[[[[120.973236,24.820974],[120.973249,24.820998],[120.973861,24.820602],[120.973843,24.82059],[120.973807,24.820592],[120.973236,24.820974]]]]}},{"type":"Feature","properties":{"n":"鐵道路二段","v":"北區","w":2.1,"c":0.9,"r":2},"geometry":{"type":"MultiPolygon","coordinates":[[[[120.973971,24.820535],[120.973987,24.820504],[120.974568,24.820112],[120.974547,24.82009],[120.973964,24.820485],[120.973948,24.82052],[120.973971,24.820535]]]]}},{"type":"Feature","properties":{"n":"武陵路73巷","v":"北區","w":3,"c":1.2,"r":13},"geometry":{"type":"MultiPolygon","coordinates":[[[[120.966018,24.818325],[120.96522,24.81913],[120.965149,24.819204],[120.965073,24.819294],[120.964845,24.819789],[120.964879,24.819798],[120.96511,24.819306],[120.965453,24.818948],[120.96606,24.818342],[120.966018,24.818325]]]]}},{"type":"Feature","properties":{"n":"東大路二段","v":"北區","w":3.8,"c":2.9,"r":2},"geometry":{"type":"MultiPolygon","coordinates":[[[[120.962716,24.818962],[120.962729,24.818998],[120.962925,24.818797],[120.962889,24.818786],[120.962716,24.818962]]]]}},{"type":"Feature","properties":{"n":"中華路一段","v":"東區","w":2.5,"c":2.5,"r":2},"geometry":{"type":"MultiPolygon","coordinates":[[[[120.986147,24.811003],[120.986396,24.811062],[120.986401,24.811036],[120.986163,24.810981],[120.986147,24.811003]]]]}},{"type":"Feature","properties":{"n":"天府路二段","v":"北區","w":3.2,"c":2.8,"r":2},"geometry":{"type":"MultiPolygon","coordinates":[[[[120.924758,24.84177],[120.924818,24.841711],[120.92619,24.840911],[120.926274,24.840911],[120.926174,24.840892],[120.924789,24.841696],[120.924758,24.84177]]]]}},{"type":"Feature","properties":{"n":"中華路一段","v":"東區","w":4,"c":2.5,"r":2},"geometry":{"type":"MultiPolygon","coordinates":[[[[120.986553,24.810867],[120.986904,24.810979],[120.98721,24.811089],[120.987524,24.811256],[120.98816,24.811684],[120.98927,24.81248],[120.989296,24.812492],[120.989314,24.812472],[120.988691,24.812019],[120.987838,24.811412],[120.987548,24.81123],[120.98716,24.811027],[120.986564,24.810826],[120.986553,24.810867]]]]}},{"type":"Feature","properties":{"n":"榮濱路","v":"北區","w":2.6,"c":1.3,"r":null},"geometry":{"type":"MultiPolygon","coordinates":[[[[120.932658,24.84585],[120.931436,24.843793],[120.93141,24.843807],[120.932647,24.845867],[120.932652,24.845852],[120.932658,24.84585]]]]}},{"type":"Feature","properties":{"n":"榮濱路","v":"北區","w":3,"c":2.1,"r":2},"geometry":{"type":"MultiPolygon","coordinates":[[[[120.930886,24.84237],[120.931163,24.842962],[120.931477,24.843581],[120.931503,24.843572],[120.9311,24.842743],[120.931116,24.842738],[120.930941,24.842346],[120.930886,24.84237]]]]}},{"type":"Feature","properties":{"n":"天府路二段","v":"北區","w":3.5,"c":2.3,"r":2},"geometry":{"type":"MultiPolygon","coordinates":[[[[120.927392,24.840307],[120.927406,24.840323],[120.927877,24.84019],[120.927913,24.840192],[120.927919,24.840161],[120.927882,24.840154],[120.927392,24.840307]]]]}},{"type":"Feature","properties":{"n":"嘉濱路5巷","v":"北區","w":1.9,"c":1.9,"r":2},"geometry":{"type":"MultiPolygon","coordinates":[[[[120.927411,24.840323],[120.927751,24.840859],[120.927769,24.840851],[120.927432,24.840323],[120.927411,24.840323]]]]}},{"type":"Feature","properties":{"n":"聖軍路","v":"北區","w":1.95,"c":1,"r":2},"geometry":{"type":"MultiPolygon","coordinates":[[[[120.927911,24.84019],[120.92794,24.840192],[120.928165,24.84056],[120.928151,24.840589],[120.92818,24.840598],[120.928188,24.840572],[120.928183,24.840558],[120.927953,24.840175],[120.927916,24.840161],[120.927911,24.84019]]]]}},{"type":"Feature","properties":{"n":"嘉濱路","v":"北區","w":1.9,"c":1.9,"r":null},"geometry":{"type":"MultiPolygon","coordinates":[[[[120.927753,24.840825],[120.927764,24.840849],[120.928175,24.840639],[120.92818,24.840603],[120.928144,24.840589],[120.928138,24.84062],[120.927753,24.840825]]]]}},{"type":"Feature","properties":{"n":"天府路二段","v":"北區","w":3,"c":2.4,"r":2},"geometry":{"type":"MultiPolygon","coordinates":[[[[120.928136,24.840133],[120.928241,24.840109],[120.928796,24.840023],[120.929285,24.839956],[120.929484,24.839937],[120.929526,24.839942],[120.929573,24.839959],[120.929586,24.83994],[120.929545,24.839921],[120.929476,24.839911],[120.929382,24.839918],[120.928406,24.840049],[120.928152,24.840097],[120.928136,24.840133]]]]}},{"type":"Feature","properties":{"n":"天府路二段","v":"北區","w":3,"c":3,"r":2},"geometry":{"type":"MultiPolygon","coordinates":[[[[120.929642,24.839634],[120.92967,24.839656],[120.929804,24.839648],[120.929806,24.839629],[120.929642,24.839634]]]]}},{"type":"Feature","properties":{"n":"天府路二段","v":"北區","w":3,"c":1.8,"r":2},"geometry":{"type":"MultiPolygon","coordinates":[[[[120.929872,24.839625],[120.929893,24.839639],[120.930914,24.839513],[120.930979,24.839475],[120.931008,24.839441],[120.930906,24.839477],[120.93032,24.839558],[120.929919,24.839608],[120.929869,24.839608],[120.929872,24.839625]]]]}},{"type":"Feature","properties":{"n":"天府路二段","v":"北區","w":3,"c":2.1,"r":2},"geometry":{"type":"MultiPolygon","coordinates":[[[[120.929825,24.839933],[120.929848,24.839938],[120.929877,24.839899],[120.929924,24.839878],[120.930566,24.839814],[120.93056,24.839787],[120.929903,24.839861],[120.929864,24.839885],[120.929825,24.839933]]]]}},{"type":"Feature","properties":{"n":"天府路二段","v":"北區","w":3,"c":2.1,"r":2},"geometry":{"type":"MultiPolygon","coordinates":[[[[120.930607,24.839804],[120.930783,24.839778],[120.931165,24.839735],[120.931348,24.839778],[120.931356,24.839761],[120.931162,24.839711],[120.930605,24.839778],[120.930607,24.839804]]]]}},{"type":"Feature","properties":{"n":"海濱路","v":"北區","w":1.7,"c":1.1,"r":2},"geometry":{"type":"MultiPolygon","coordinates":[[[[120.927561,24.8456],[120.927503,24.845559],[120.92726,24.845165],[120.926815,24.844467],[120.926799,24.844475],[120.926899,24.84462],[120.927487,24.845569],[120.927561,24.8456]]]]}},{"type":"Feature","properties":{"n":"海濱路","v":"北區","w":1.7,"c":1.1,"r":2},"geometry":{"type":"MultiPolygon","coordinates":[[[[120.926716,24.844353],[120.926219,24.843629],[120.926213,24.84365],[120.926695,24.844353],[120.926716,24.844353]]]]}},{"type":"Feature","properties":{"n":"海濱路","v":"北區","w":1.7,"c":1.1,"r":2},"geometry":{"type":"MultiPolygon","coordinates":[[[[120.926122,24.843476],[120.926088,24.843447],[120.92597,24.843292],[120.925235,24.842362],[120.925243,24.842324],[120.925225,24.842314],[120.925212,24.84236],[120.926072,24.843461],[120.926122,24.843476]]]]}},{"type":"Feature","properties":{"n":"海濱路","v":"北區","w":1.7,"c":1.1,"r":2},"geometry":{"type":"MultiPolygon","coordinates":[[[[120.924759,24.841774],[120.925104,24.842224],[120.925172,24.842224],[120.925115,24.842207],[120.924772,24.841758],[120.924759,24.841774]]]]}},{"type":"Feature","properties":{"n":"海濱路","v":"北區","w":1.6,"c":1,"r":4},"geometry":{"type":"MultiPolygon","coordinates":[[[[120.924372,24.841582],[120.924095,24.841272],[120.923255,24.840483],[120.923176,24.840404],[120.923017,24.840203],[120.922154,24.838476],[120.921982,24.838103],[120.921608,24.837357],[120.921255,24.836631],[120.9208,24.835721],[120.920648,24.835334],[120.920617,24.835343],[120.920784,24.835757],[120.920912,24.836005],[120.921561,24.837331],[120.92194,24.838086],[120.922196,24.838648],[120.922387,24.839016],[120.922972,24.840201],[120.923129,24.840399],[120.924181,24.841413],[120.924343,24.841604],[120.924372,24.841582]]]]}},{"type":"Feature","properties":{"n":"海濱路","v":"北區","w":1.7,"c":1.1,"r":2},"geometry":{"type":"MultiPolygon","coordinates":[[[[120.924156,24.841103],[120.924175,24.841076],[120.923513,24.840462],[120.92339,24.840343],[120.923186,24.840104],[120.923086,24.839893],[120.922828,24.839394],[120.922809,24.839411],[120.922809,24.83942],[120.923157,24.840128],[120.923217,24.840206],[120.923371,24.840383],[120.923722,24.840711],[120.924052,24.841009],[120.924156,24.841103]]]]}},{"type":"Feature","properties":{"n":"海濱路","v":"北區","w":1.7,"c":1.1,"r":3},"geometry":{"type":"MultiPolygon","coordinates":[[[[120.922809,24.839352],[120.92277,24.839261],[120.921993,24.83767],[120.920566,24.834771],[120.920391,24.834289],[120.9203,24.833957],[120.920117,24.833171],[120.919934,24.832416],[120.919848,24.832014],[120.919806,24.83158],[120.919799,24.831415],[120.91987,24.829625],[120.919847,24.829625],[120.919765,24.831439],[120.919785,24.831771],[120.919801,24.831935],[120.919835,24.832146],[120.91996,24.832688],[120.920263,24.833964],[120.920333,24.834222],[120.920459,24.834587],[120.920532,24.834774],[120.920676,24.835084],[120.922783,24.839361],[120.922809,24.839352]]]]}},{"type":"Feature","properties":{"n":"海濱路","v":"北區","w":1.7,"c":1.1,"r":7},"geometry":{"type":"MultiPolygon","coordinates":[[[[120.920429,24.835048],[120.920463,24.835039],[120.920426,24.834965],[120.920285,24.83464],[120.920149,24.834248],[120.920105,24.834083],[120.919922,24.833338],[120.919878,24.833125],[120.919656,24.832179],[120.919611,24.831914],[120.919575,24.831391],[120.919657,24.829946],[120.919649,24.829888],[120.919621,24.829879],[120.919602,24.829886],[120.919578,24.83082],[120.919549,24.831324],[120.919562,24.83163],[120.919593,24.831983],[120.91964,24.832241],[120.919744,24.832671],[120.919851,24.833161],[120.919956,24.83361],[120.920105,24.83421],[120.920243,24.834616],[120.920418,24.835032],[120.920429,24.835048]]]]}},{"type":"Feature","properties":{"n":"海濱路","v":"北區","w":1.7,"c":1.1,"r":2},"geometry":{"type":"MultiPolygon","coordinates":[[[[120.919623,24.829808],[120.919662,24.829801],[120.91966,24.829541],[120.919623,24.82955],[120.919623,24.829808]]]]}},{"type":"Feature","properties":{"n":"嘉濱路12巷","v":"北區","w":3.55,"c":3.55,"r":0},"geometry":{"type":"MultiPolygon","coordinates":[[[[120.927529,24.841537],[120.927553,24.841527],[120.927364,24.841238],[120.927367,24.841216],[120.927344,24.841205],[120.927338,24.84124],[120.927529,24.841537]]]]}},{"type":"Feature","properties":{"n":"嘉濱路","v":"北區","w":3.55,"c":3.55,"r":0},"geometry":{"type":"MultiPolygon","coordinates":[[[[120.927344,24.841202],[120.92737,24.841214],[120.92771,24.841033],[120.927726,24.841033],[120.927731,24.841014],[120.927705,24.841009],[120.927344,24.841202]]]]}},{"type":"Feature","properties":{"n":"仁和路","v":"北區","w":1.65,"c":1.1,"r":0},"geometry":{"type":"MultiPolygon","coordinates":[[[[120.927731,24.841016],[120.927726,24.841035],[120.927747,24.841045],[120.927917,24.841331],[120.927943,24.841315],[120.927755,24.841021],[120.927731,24.841016]]]]}},{"type":"Feature","properties":{"n":"嘉濱路","v":"北區","w":1.65,"c":1.65,"r":2},"geometry":{"type":"MultiPolygon","coordinates":[[[[120.927847,24.840957],[120.927863,24.840961],[120.927876,24.84094],[120.928216,24.840754],[120.92825,24.840754],[120.928255,24.840739],[120.928224,24.840735],[120.927852,24.840937],[120.927847,24.840957]]]]}},{"type":"Feature","properties":{"n":"仁和路","v":"北區","w":3.55,"c":3.55,"r":2},"geometry":{"type":"MultiPolygon","coordinates":[[[[120.927847,24.840959],[120.927847,24.840978],[120.928035,24.84127],[120.928048,24.841265],[120.927863,24.840978],[120.927868,24.840959],[120.927847,24.840959]]]]}},{"type":"Feature","properties":{"n":"聖軍路","v":"北區","w":1.95,"c":1.95,"r":2},"geometry":{"type":"MultiPolygon","coordinates":[[[[120.92825,24.840759],[120.928274,24.840759],[120.928459,24.841064],[120.928478,24.841055],[120.928297,24.840749],[120.928255,24.840737],[120.92825,24.840759]]]]}},{"type":"Feature","properties":{"n":"聖軍路","v":"北區","w":1.7,"c":0.9,"r":2},"geometry":{"type":"MultiPolygon","coordinates":[[[[120.92813,24.840134],[120.928122,24.840161],[120.928543,24.840856],[120.928606,24.840863],[120.928561,24.840844],[120.928158,24.840175],[120.928166,24.840134],[120.92813,24.840134]]]]}},{"type":"Feature","properties":{"n":"聖軍路","v":"北區","w":1.7,"c":1.1,"r":2},"geometry":{"type":"MultiPolygon","coordinates":[[[[120.92865,24.84099],[120.928637,24.841026],[120.928799,24.841288],[120.928823,24.841277],[120.928668,24.841028],[120.928676,24.840997],[120.92865,24.84099]]]]}},{"type":"Feature","properties":{"n":"聖軍路","v":"北區","w":1.7,"c":1.1,"r":2},"geometry":{"type":"MultiPolygon","coordinates":[[[[120.92882,24.841324],[120.929137,24.841833],[120.929181,24.841855],[120.929186,24.841831],[120.929155,24.841819],[120.928841,24.84131],[120.92882,24.841324]]]]}},{"type":"Feature","properties":{"n":"聖軍路","v":"北區","w":1.7,"c":1.7,"r":2},"geometry":{"type":"MultiPolygon","coordinates":[[[[120.92848,24.841097],[120.928469,24.8411],[120.928548,24.841219],[120.928951,24.841879],[120.928964,24.841912],[120.928958,24.841943],[120.928982,24.841957],[120.928995,24.841926],[120.92899,24.841898],[120.928496,24.841088],[120.92848,24.841097]]]]}},{"type":"Feature","properties":{"n":"聖軍路","v":"北區","w":1,"c":0.7,"r":2},"geometry":{"type":"MultiPolygon","coordinates":[[[[120.929294,24.842021],[120.929273,24.842062],[120.929691,24.84275],[120.929709,24.842738],[120.929301,24.842064],[120.929317,24.842033],[120.929294,24.842021]]]]}},{"type":"Feature","properties":{"n":"聖軍路","v":"北區","w":1.7,"c":0.8,"r":2},"geometry":{"type":"MultiPolygon","coordinates":[[[[120.929885,24.843442],[120.929901,24.843418],[120.929663,24.843012],[120.929122,24.842118],[120.929093,24.842099],[120.929077,24.842094],[120.929069,24.842111],[120.929101,24.842128],[120.929836,24.843349],[120.929885,24.843442]]]]}},{"type":"Feature","properties":{"n":"聖軍路","v":"北區","w":1.7,"c":1.1,"r":2},"geometry":{"type":"MultiPolygon","coordinates":[[[[120.929789,24.842859],[120.929776,24.84289],[120.930207,24.843602],[120.930226,24.843592],[120.929799,24.842892],[120.929818,24.842849],[120.929789,24.842859]]]]}},{"type":"Feature","properties":{"n":"聖軍路","v":"北區","w":1.7,"c":0.8,"r":2},"geometry":{"type":"MultiPolygon","coordinates":[[[[120.930296,24.843693],[120.930286,24.843733],[120.930498,24.844089],[120.930508,24.844085],[120.930516,24.84408],[120.930312,24.843733],[120.93032,24.843702],[120.930296,24.843693]]]]}},{"type":"Feature","properties":{"n":"聖軍路","v":"北區","w":1.7,"c":1.1,"r":2},"geometry":{"type":"MultiPolygon","coordinates":[[[[120.929953,24.843542],[120.929956,24.843573],[120.92999,24.843585],[120.930335,24.844173],[120.930338,24.844192],[120.930359,24.84419],[120.930362,24.844183],[120.929998,24.843557],[120.929953,24.843542]]]]}},{"type":"Feature","properties":{"n":"榮濱路","v":"北區","w":1.7,"c":1.1,"r":2},"geometry":{"type":"MultiPolygon","coordinates":[[[[120.929827,24.839937],[120.929817,24.839968],[120.929814,24.839999],[120.929819,24.840023],[120.929958,24.840305],[120.929989,24.840312],[120.929845,24.840014],[120.92984,24.83999],[120.929856,24.83994],[120.929827,24.839937]]]]}},{"type":"Feature","properties":{"n":"榮濱路","v":"北區","w":1.7,"c":1.1,"r":2},"geometry":{"type":"MultiPolygon","coordinates":[[[[120.929586,24.839942],[120.929576,24.839961],[120.929599,24.839987],[120.929748,24.840298],[120.929738,24.840317],[120.929761,24.840331],[120.929775,24.840305],[120.929764,24.840272],[120.929618,24.839973],[120.929586,24.839942]]]]}},{"type":"Feature","properties":{"n":"榮濱路","v":"北區","w":1.7,"c":1.1,"r":2},"geometry":{"type":"MultiPolygon","coordinates":[[[[120.930013,24.840432],[120.930449,24.841407],[120.930473,24.841399],[120.930036,24.840427],[120.930031,24.840425],[120.930013,24.840432]]]]}},{"type":"Feature","properties":{"n":"榮濱路","v":"北區","w":1.7,"c":1.1,"r":2},"geometry":{"type":"MultiPolygon","coordinates":[[[[120.929843,24.840487],[120.929822,24.840491],[120.930245,24.841418],[120.930235,24.841438],[120.930253,24.84145],[120.930266,24.841419],[120.929843,24.840487]]]]}},{"type":"Feature","properties":{"n":"榮濱路","v":"北區","w":1.7,"c":0.8,"r":2},"geometry":{"type":"MultiPolygon","coordinates":[[[[120.930502,24.841536],[120.930802,24.84221],[120.930823,24.842217],[120.930828,24.842212],[120.930528,24.841527],[120.930502,24.841536]]]]}},{"type":"Feature","properties":{"n":"榮濱路","v":"北區","w":1.7,"c":1.1,"r":2},"geometry":{"type":"MultiPolygon","coordinates":[[[[120.930384,24.841651],[120.930342,24.841632],[120.930363,24.841663],[120.930645,24.842284],[120.930637,24.842303],[120.930663,24.842315],[120.930669,24.842286],[120.930384,24.841651]]]]}},{"type":"Feature","properties":{"n":"榮濱路","v":"北區","w":1,"c":0.4,"r":2},"geometry":{"type":"MultiPolygon","coordinates":[[[[120.930747,24.842482],[120.930726,24.842485],[120.930912,24.842872],[120.931315,24.843662],[120.931299,24.843701],[120.931312,24.843715],[120.931333,24.843662],[120.931205,24.843416],[120.930747,24.842482]]]]}},{"type":"Feature","properties":{"n":"榮濱路","v":"北區","w":2.6,"c":1.3,"r":null},"geometry":{"type":"MultiPolygon","coordinates":[[[[120.93277,24.845733],[120.932791,24.845716],[120.932333,24.844937],[120.931816,24.84413],[120.931588,24.843738],[120.931562,24.843752],[120.931795,24.844156],[120.932166,24.844739],[120.932551,24.845377],[120.93277,24.845733]]]]}},{"type":"Feature","properties":{"n":"尚濱路","v":"北區","w":1.7,"c":1.4,"r":2},"geometry":{"type":"MultiPolygon","coordinates":[[[[120.930355,24.841653],[120.930347,24.841634],[120.930308,24.841615],[120.929868,24.841779],[120.929873,24.841803],[120.930316,24.841638],[120.930355,24.841653]]]]}},{"type":"Feature","properties":{"n":"尚濱路","v":"北區","w":1.7,"c":1.1,"r":2},"geometry":{"type":"MultiPolygon","coordinates":[[[[120.929787,24.84165],[120.930235,24.841483],[120.930253,24.841452],[120.93023,24.841435],[120.930219,24.841466],[120.929782,24.841629],[120.929787,24.84165]]]]}},{"type":"Feature","properties":{"n":"尚濱路","v":"北區","w":1.7,"c":1.1,"r":2},"geometry":{"type":"MultiPolygon","coordinates":[[[[120.929295,24.84202],[120.929323,24.842032],[120.929344,24.841992],[120.929682,24.841872],[120.929672,24.841846],[120.929316,24.841977],[120.929295,24.84202]]]]}},{"type":"Feature","properties":{"n":"尚濱路","v":"北區","w":1.7,"c":1.1,"r":2},"geometry":{"type":"MultiPolygon","coordinates":[[[[120.929185,24.841858],[120.929206,24.841863],[120.929601,24.841715],[120.929588,24.841693],[120.929219,24.841839],[120.92919,24.841834],[120.929185,24.841858]]]]}},{"type":"Feature","properties":{"n":"尚濱路","v":"北區","w":1.7,"c":1.1,"r":2},"geometry":{"type":"MultiPolygon","coordinates":[[[[120.928747,24.842252],[120.928763,24.842268],[120.929035,24.842118],[120.929064,24.842111],[120.929072,24.842094],[120.929025,24.842101],[120.928747,24.842252]]]]}},{"type":"Feature","properties":{"n":"尚濱路","v":"北區","w":1.7,"c":0.8,"r":2},"geometry":{"type":"MultiPolygon","coordinates":[[[[120.928988,24.841953],[120.928957,24.841944],[120.928653,24.842106],[120.928661,24.842132],[120.928962,24.841975],[120.928988,24.841953]]]]}},{"type":"Feature","properties":{"n":"尚濱路","v":"北區","w":1.7,"c":1.1,"r":2},"geometry":{"type":"MultiPolygon","coordinates":[[[[120.928716,24.842271],[120.926875,24.843252],[120.926875,24.843273],[120.92688,24.843283],[120.928726,24.842297],[120.928716,24.842271]]]]}},{"type":"Feature","properties":{"n":"尚濱路","v":"北區","w":1.7,"c":1.1,"r":2},"geometry":{"type":"MultiPolygon","coordinates":[[[[120.928496,24.842228],[120.928483,24.842211],[120.927645,24.842662],[120.927655,24.842681],[120.928496,24.842228]]]]}},{"type":"Feature","properties":{"n":"尚濱路","v":"北區","w":1.7,"c":1.1,"r":2},"geometry":{"type":"MultiPolygon","coordinates":[[[[120.927433,24.842779],[120.927422,24.842762],[120.926577,24.843211],[120.926587,24.84323],[120.927433,24.842779]]]]}},{"type":"Feature","properties":{"n":"尚濱路","v":"北區","w":1.7,"c":1.1,"r":2},"geometry":{"type":"MultiPolygon","coordinates":[[[[120.926236,24.843646],[120.926254,24.843603],[120.926833,24.843304],[120.926815,24.84328],[120.926249,24.843588],[120.926223,24.843626],[120.926236,24.843646]]]]}},{"type":"Feature","properties":{"n":"尚濱路","v":"北區","w":1.7,"c":1.4,"r":2},"geometry":{"type":"MultiPolygon","coordinates":[[[[120.926433,24.843309],[120.926419,24.843294],[120.926131,24.843457],[120.926097,24.843457],[120.926121,24.843473],[120.926134,24.843476],[120.926433,24.843309]]]]}},{"type":"Feature","properties":{"n":"天府路一段","v":"北區","w":4,"c":3,"r":2},"geometry":{"type":"MultiPolygon","coordinates":[[[[120.934308,24.838966],[120.934722,24.838806],[120.934965,24.838689],[120.934973,24.83867],[120.934973,24.838655],[120.934305,24.838946],[120.934285,24.838946],[120.934308,24.838966]]]]}},{"type":"Feature","properties":{"n":"天府路一段","v":"北區","w":3,"c":2.4,"r":2},"geometry":{"type":"MultiPolygon","coordinates":[[[[120.934397,24.839216],[120.934462,24.839178],[120.93485,24.839028],[120.935138,24.838887],[120.935117,24.83887],[120.934821,24.839009],[120.934452,24.83915],[120.934402,24.839197],[120.934397,24.839216]]]]}},{"type":"Feature","properties":{"n":"天府路一段","v":"北區","w":4,"c":3,"r":14},"geometry":{"type":"MultiPolygon","coordinates":[[[[120.935122,24.838606],[120.937642,24.837171],[120.937961,24.836994],[120.93888,24.836467],[120.939715,24.835996],[120.940448,24.835631],[120.941268,24.835237],[120.942038,24.834875],[120.943357,24.83424],[120.943724,24.834075],[120.944266,24.833863],[120.944562,24.833755],[120.944947,24.833638],[120.94625,24.833259],[120.946955,24.833068],[120.947078,24.83304],[120.94762,24.832961],[120.947936,24.832937],[120.948017,24.832944],[120.948122,24.832973],[120.948211,24.833002],[120.948261,24.833023],[120.9483,24.833033],[120.948339,24.833023],[120.948565,24.832847],[120.948567,24.832825],[120.948562,24.832804],[120.948339,24.83298],[120.948318,24.832992],[120.948298,24.832997],[120.948049,24.832911],[120.947989,24.832904],[120.947504,24.832932],[120.947196,24.832977],[120.946894,24.833044],[120.946117,24.833252],[120.94469,24.833669],[120.944122,24.83386],[120.943436,24.834144],[120.942496,24.834605],[120.941208,24.835209],[120.940247,24.835667],[120.93942,24.836092],[120.937634,24.837116],[120.936935,24.837522],[120.935248,24.838465],[120.935136,24.838541],[120.935104,24.83857],[120.935122,24.838606]]]]}},{"type":"Feature","properties":{"n":"天府路一段","v":"北區","w":3,"c":2.4,"r":2},"geometry":{"type":"MultiPolygon","coordinates":[[[[120.935347,24.838757],[120.935383,24.838776],[120.935962,24.838445],[120.935941,24.838416],[120.935347,24.838757]]]]}},{"type":"Feature","properties":{"n":"天府路一段","v":"北區","w":3,"c":2.4,"r":2},"geometry":{"type":"MultiPolygon","coordinates":[[[[120.935978,24.838387],[120.936001,24.838406],[120.937109,24.837771],[120.937167,24.837757],[120.937106,24.837747],[120.935978,24.838387]]]]}},{"type":"Feature","properties":{"n":"天府路一段","v":"北區","w":4,"c":3,"r":3},"geometry":{"type":"MultiPolygon","coordinates":[[[[120.937282,24.837709],[120.938892,24.83679],[120.938871,24.836771],[120.93884,24.836764],[120.937392,24.837592],[120.937295,24.837642],[120.937282,24.837709]]]]}},{"type":"Feature","properties":{"n":"天府路一段","v":"北區","w":4,"c":3,"r":3},"geometry":{"type":"MultiPolygon","coordinates":[[[[120.938911,24.836722],[120.93895,24.836758],[120.939898,24.836204],[120.940709,24.835808],[120.940694,24.835775],[120.940437,24.835892],[120.939895,24.836156],[120.939696,24.836266],[120.939418,24.836429],[120.938911,24.836722]]]]}},{"type":"Feature","properties":{"n":"天府路一段","v":"北區","w":4,"c":3,"r":3},"geometry":{"type":"MultiPolygon","coordinates":[[[[120.940898,24.835724],[120.942178,24.835104],[120.942123,24.835085],[120.940908,24.835674],[120.940898,24.835724]]]]}},{"type":"Feature","properties":{"n":"天府路一段","v":"北區","w":4,"c":3,"r":2},"geometry":{"type":"MultiPolygon","coordinates":[[[[120.942296,24.835051],[120.94293,24.834753],[120.942914,24.834734],[120.942877,24.834724],[120.942317,24.834994],[120.942296,24.835051]]]]}},{"type":"Feature","properties":{"n":"天府路一段","v":"北區","w":4,"c":3,"r":4},"geometry":{"type":"MultiPolygon","coordinates":[[[[120.942966,24.834705],[120.942979,24.834722],[120.94388,24.8343],[120.944529,24.834042],[120.944506,24.834018],[120.943846,24.834273],[120.942977,24.834681],[120.942966,24.834705]]]]}},{"type":"Feature","properties":{"n":"天府路一段","v":"北區","w":4,"c":3,"r":null},"geometry":{"type":"MultiPolygon","coordinates":[[[[120.94466,24.833982],[120.94466,24.834016],[120.9457,24.833703],[120.946721,24.833419],[120.947307,24.833276],[120.94782,24.833207],[120.947943,24.833197],[120.948003,24.833216],[120.948053,24.833267],[120.948077,24.83325],[120.948079,24.833233],[120.948001,24.833173],[120.947917,24.833161],[120.947692,24.833181],[120.947323,24.833228],[120.947069,24.833278],[120.946566,24.833409],[120.94626,24.833495],[120.944684,24.833956],[120.94466,24.833982]]]]}},{"type":"Feature","properties":{"n":"北大路","v":"北區","w":4.2,"c":3,"r":6},"geometry":{"type":"MultiPolygon","coordinates":[[[[120.966986,24.808924],[120.966949,24.808962],[120.967905,24.809569],[120.967939,24.809529],[120.966986,24.808924]]]]}},{"type":"Feature","properties":{"n":"北大路","v":"東區","w":1.5,"c":1.5,"r":2},"geometry":{"type":"MultiPolygon","coordinates":[[[[120.968551,24.810193],[120.96853,24.810224],[120.968525,24.810224],[120.969197,24.810633],[120.969213,24.810606],[120.968551,24.810193]]]]}},{"type":"Feature","properties":{"n":"榮濱南路","v":"北區","w":2.5,"c":1.7,"r":2},"geometry":{"type":"MultiPolygon","coordinates":[[[[120.927891,24.836785],[120.927256,24.835638],[120.926097,24.833509],[120.926089,24.833459],[120.926092,24.833411],[120.926124,24.833363],[120.926168,24.833323],[120.927163,24.8328],[120.927176,24.832759],[120.926158,24.833294],[120.926129,24.833315],[120.9261,24.833346],[120.926071,24.833389],[120.926053,24.833447],[120.926074,24.833521],[120.926367,24.83407],[120.926874,24.83499],[120.927329,24.83586],[120.92787,24.836818],[120.927891,24.836785]]]]}},{"type":"Feature","properties":{"n":"北大路","v":"北區","w":3,"c":2,"r":2},"geometry":{"type":"MultiPolygon","coordinates":[[[[120.968655,24.810041],[120.968909,24.810201],[120.968974,24.810199],[120.968673,24.81001],[120.968655,24.810041]]]]}},{"type":"Feature","properties":{"n":"北大路","v":"東區","w":3,"c":2,"r":4},"geometry":{"type":"MultiPolygon","coordinates":[[[[120.970152,24.81099],[120.970846,24.81142],[120.970909,24.811418],[120.970851,24.811404],[120.970168,24.810973],[120.970152,24.81099]]]]}},{"type":"Feature","properties":{"n":"北大路","v":"東區","w":3,"c":2.1,"r":2},"geometry":{"type":"MultiPolygon","coordinates":[[[[120.970034,24.811131],[120.970019,24.811155],[120.97027,24.811313],[120.970291,24.811286],[120.970034,24.811131]]]]}},{"type":"Feature","properties":{"n":"北大路","v":"東區","w":3,"c":3,"r":2},"geometry":{"type":"MultiPolygon","coordinates":[[[[120.971191,24.811836],[120.971183,24.811855],[120.971712,24.812178],[120.971733,24.812223],[120.971722,24.812161],[120.971191,24.811836]]]]}},{"type":"Feature","properties":{"n":"北大路","v":"東區","w":2,"c":2,"r":0},"geometry":{"type":"MultiPolygon","coordinates":[[[[120.972021,24.812116],[120.972029,24.812147],[120.972267,24.81229],[120.972275,24.812278],[120.972034,24.81213],[120.972021,24.812116]]]]}},{"type":"Feature","properties":{"n":" 榮濱南路","v":"北區","w":2.3,"c":1.2,"r":3},"geometry":{"type":"MultiPolygon","coordinates":[[[[120.928063,24.836794],[120.928659,24.837874],[120.929344,24.839138],[120.929624,24.839611],[120.929642,24.83963],[120.929674,24.83963],[120.929318,24.839019],[120.928837,24.838137],[120.928654,24.837776],[120.928099,24.836777],[120.928063,24.836794]]]]}},{"type":"Feature","properties":{"n":" 榮濱南路","v":"北區","w":3,"c":2.1,"r":2},"geometry":{"type":"MultiPolygon","coordinates":[[[[120.92803,24.836745],[120.928072,24.836752],[120.927716,24.836093],[120.927703,24.836112],[120.927703,24.836136],[120.92803,24.836745]]]]}},{"type":"Feature","properties":{"n":" 榮濱南路","v":"北區","w":2.4,"c":1.5,"r":2},"geometry":{"type":"MultiPolygon","coordinates":[[[[120.927654,24.835959],[120.927638,24.835938],[120.927185,24.835125],[120.927172,24.835178],[120.927609,24.835954],[120.927654,24.835959]]]]}},{"type":"Feature","properties":{"n":" 榮濱南路","v":"北區","w":3,"c":2.1,"r":4},"geometry":{"type":"MultiPolygon","coordinates":[[[[120.927276,24.832915],[120.92724,24.83291],[120.92626,24.833407],[120.926237,24.833476],[120.926893,24.834661],[120.927094,24.835034],[120.927152,24.835044],[120.927118,24.835005],[120.926781,24.834367],[120.926613,24.834064],[120.926402,24.833665],[120.926305,24.833471],[120.926313,24.83344],[120.926326,24.833419],[120.927276,24.832925],[120.927276,24.832915]]]]}},{"type":"Feature","properties":{"n":"金竹路","v":"北區","w":2,"c":1.7,"r":2},"geometry":{"type":"MultiPolygon","coordinates":[[[[120.971177,24.824159],[120.971205,24.824156],[120.971967,24.823906],[120.97197,24.823882],[120.971153,24.824147],[120.971177,24.824159]]]]}},{"type":"Feature","properties":{"n":"金竹路","v":"北區","w":4,"c":3,"r":3},"geometry":{"type":"MultiPolygon","coordinates":[[[[120.973142,24.823245],[120.973155,24.823266],[120.97321,24.823271],[120.974341,24.822461],[120.974341,24.822418],[120.97433,24.822411],[120.973142,24.823245]]]]}},{"type":"Feature","properties":{"n":"湳雅街311巷","v":"北區","w":1.2,"c":1.2,"r":3},"geometry":{"type":"MultiPolygon","coordinates":[[[[120.974859,24.823077],[120.974859,24.823061],[120.974124,24.823433],[120.974098,24.823431],[120.974095,24.823443],[120.974126,24.823445],[120.974859,24.823077]]]]}},{"type":"Feature","properties":{"n":"金竹路86巷","v":"北區","w":1.2,"c":0.9,"r":3},"geometry":{"type":"MultiPolygon","coordinates":[[[[120.973723,24.823076],[120.973893,24.823289],[120.974069,24.823437],[120.974092,24.823442],[120.974095,24.823425],[120.974074,24.823423],[120.973901,24.823279],[120.973736,24.823067],[120.973723,24.823076]]]]}},{"type":"Feature","properties":{"n":"金竹路311巷50弄","v":"北區","w":1.2,"c":0.9,"r":2},"geometry":{"type":"MultiPolygon","coordinates":[[[[120.974388,24.824321],[120.974414,24.824319],[120.974197,24.823662],[120.974165,24.823578],[120.974178,24.823499],[120.974171,24.823502],[120.974152,24.823588],[120.974388,24.824321]]]]}},{"type":"Feature","properties":{"n":"鐵道路二段110巷","v":"北區","w":1.2,"c":0.9,"r":2},"geometry":{"type":"MultiPolygon","coordinates":[[[[120.974312,24.82242],[120.974338,24.82241],[120.973517,24.821457],[120.973472,24.821447],[120.974312,24.82242]]]]}},{"type":"Feature","properties":{"n":"金竹路107巷","v":"北區","w":1.2,"c":0.9,"r":2},"geometry":{"type":"MultiPolygon","coordinates":[[[[120.973163,24.823224],[120.972375,24.822118],[120.97237,24.822123],[120.972367,24.822166],[120.973139,24.823243],[120.973163,24.823224]]]]}},{"type":"Feature","properties":{"n":"湳雅街219巷","v":"北區","w":1.2,"c":0.7,"r":3},"geometry":{"type":"MultiPolygon","coordinates":[[[[120.972378,24.822115],[120.972391,24.822134],[120.973431,24.821458],[120.973488,24.821466],[120.97347,24.821444],[120.97342,24.821437],[120.972386,24.822101],[120.972378,24.822115]]]]}},{"type":"Feature","properties":{"n":"鐵道路二段110巷","v":"北區","w":1.2,"c":0.9,"r":3},"geometry":{"type":"MultiPolygon","coordinates":[[[[120.973389,24.821349],[120.973399,24.821351],[120.973399,24.821325],[120.9732,24.821074],[120.973119,24.821071],[120.973088,24.821095],[120.973193,24.821102],[120.973389,24.821349]]]]}},{"type":"Feature","properties":{"n":"中央路","v":"東區","w":4,"c":3,"r":2},"geometry":{"type":"MultiPolygon","coordinates":[[[[120.969906,24.806348],[120.970191,24.806537],[120.970212,24.806544],[120.970227,24.806542],[120.970238,24.806527],[120.969924,24.806326],[120.969906,24.806348]]]]}},{"type":"Feature","properties":{"n":"中央路","v":"東區","w":3,"c":2,"r":0},"geometry":{"type":"MultiPolygon","coordinates":[[[[120.97074,24.807062],[120.970709,24.807086],[120.971151,24.807375],[120.971169,24.807337],[120.97074,24.807062]]]]}},{"type":"Feature","properties":{"n":"中央路","v":"東區","w":3.3,"c":2.3,"r":2},"geometry":{"type":"MultiPolygon","coordinates":[[[[120.971218,24.807422],[120.971475,24.807585],[120.971477,24.807575],[120.971938,24.807864],[120.971938,24.807881],[120.971964,24.807898],[120.971967,24.807855],[120.971244,24.807389],[120.971218,24.807422]]]]}},{"type":"Feature","properties":{"n":"中央路","v":"東區","w":3.3,"c":3.3,"r":2},"geometry":{"type":"MultiPolygon","coordinates":[[[[120.971346,24.807255],[120.971344,24.807274],[120.972045,24.807735],[120.972097,24.807726],[120.971349,24.807241],[120.971346,24.807255]]]]}},{"type":"Feature","properties":{"n":"民富街","v":"北區","w":3,"c":1.8,"r":3},"geometry":{"type":"MultiPolygon","coordinates":[[[[120.959508,24.806889],[120.95949,24.806911],[120.960981,24.807869],[120.960992,24.807847],[120.960963,24.807819],[120.959508,24.806889]]]]}},{"type":"Feature","properties":{"n":"民富街178巷","v":"北區","w":3,"c":2.4,"r":4},"geometry":{"type":"MultiPolygon","coordinates":[[[[120.958294,24.807771],[120.958333,24.807788],[120.959011,24.80689],[120.958982,24.806861],[120.958294,24.807771]]]]}},{"type":"Feature","properties":{"n":"富美路","v":"北區","w":1.2,"c":0.9,"r":2},"geometry":{"type":"MultiPolygon","coordinates":[[[[120.939356,24.841201],[120.939364,24.841213],[120.939484,24.841282],[120.939644,24.841359],[120.940058,24.841571],[120.940071,24.841557],[120.939997,24.841512],[120.939785,24.841399],[120.93938,24.841203],[120.939356,24.841201]]]]}},{"type":"Feature","properties":{"n":"舊港大橋","v":"北區","w":1.2,"c":1.2,"r":2},"geometry":{"type":"MultiPolygon","coordinates":[[[[120.940165,24.841638],[120.940154,24.841667],[120.940209,24.84171],[120.940288,24.841782],[120.940345,24.841844],[120.94039,24.841911],[120.940709,24.842439],[120.940895,24.84269],[120.941044,24.842869],[120.941481,24.843375],[120.94185,24.843779],[120.942012,24.843918],[120.942203,24.844023],[120.942318,24.844078],[120.942334,24.844066],[120.942326,24.844045],[120.942237,24.844009],[120.942062,24.843916],[120.941999,24.843873],[120.941907,24.843786],[120.941761,24.843629],[120.940947,24.842704],[120.940835,24.842553],[120.940767,24.842451],[120.940612,24.84219],[120.940403,24.841863],[120.940327,24.84177],[120.940272,24.841717],[120.940165,24.841638]]]]}},{"type":"Feature","properties":{"n":"三民路","v":"東區","w":5,"c":2,"r":3},"geometry":{"type":"MultiPolygon","coordinates":[[[[120.972862,24.807421],[120.972831,24.807423],[120.973626,24.807897],[120.973631,24.80788],[120.973621,24.807865],[120.972927,24.807452],[120.972896,24.807428],[120.972862,24.807421]]]]}},{"type":"Feature","properties":{"n":"中央路","v":"東區","w":5,"c":3.5,"r":3},"geometry":{"type":"MultiPolygon","coordinates":[[[[120.974433,24.809036],[120.976524,24.809719],[120.976539,24.809695],[120.976513,24.809652],[120.974537,24.808995],[120.974485,24.808995],[120.974433,24.809036]]]]}},{"type":"Feature","properties":{"n":"中央路162巷","v":"東區","w":4,"c":3.7,"r":2},"geometry":{"type":"MultiPolygon","coordinates":[[[[120.973258,24.808367],[120.973464,24.808097],[120.973624,24.807898],[120.973595,24.807882],[120.973239,24.808357],[120.973258,24.808367]]]]}},{"type":"Feature","properties":{"n":"中央路245巷","v":"東區","w":2.4,"c":2.1,"r":6},"geometry":{"type":"MultiPolygon","coordinates":[[[[120.976521,24.809718],[120.976472,24.809703],[120.976116,24.810272],[120.975563,24.811058],[120.975485,24.811074],[120.974401,24.810463],[120.974221,24.81041],[120.973611,24.81003],[120.973598,24.810052],[120.973608,24.810099],[120.974195,24.810458],[120.974263,24.810472],[120.974388,24.810508],[120.975482,24.811146],[120.975613,24.81111],[120.975948,24.810644],[120.976521,24.809718]]]]}},{"type":"Feature","properties":{"n":"民權路","v":"東區","w":4,"c":3,"r":4},"geometry":{"type":"MultiPolygon","coordinates":[[[[120.973614,24.810028],[120.973701,24.810081],[120.97402,24.809665],[120.974494,24.809063],[120.974431,24.809042],[120.973962,24.809648],[120.973905,24.80966],[120.973614,24.810028]]]]}},{"type":"Feature","properties":{"n":"民權路","v":"東區","w":1.2,"c":0.9,"r":null},"geometry":{"type":"MultiPolygon","coordinates":[[[[120.973292,24.810444],[120.973282,24.810436],[120.972015,24.812049],[120.972004,24.812077],[120.972025,24.812118],[120.972054,24.812139],[120.972017,24.812075],[120.972975,24.81085],[120.973292,24.810444]]]]}},{"type":"Feature","properties":{"n":"民權路","v":"東區","w":5.6,"c":4.1,"r":2},"geometry":{"type":"MultiPolygon","coordinates":[[[[120.970871,24.813914],[120.970823,24.813678],[120.970803,24.813675],[120.970789,24.813685],[120.970792,24.81374],[120.970802,24.813802],[120.970826,24.813878],[120.970842,24.813888],[120.970871,24.813914]]]]}},{"type":"Feature","properties":{"n":"民權路","v":"東區","w":5.6,"c":4.1,"r":2},"geometry":{"type":"MultiPolygon","coordinates":[[[[120.970622,24.81389],[120.97064,24.813885],[120.970656,24.813869],[120.970659,24.813847],[120.970598,24.813706],[120.970551,24.813663],[120.970488,24.813654],[120.970622,24.81389]]]]}},{"type":"Feature","properties":{"n":"東香路二段","v":"香山區","w":2.55,"c":1,"r":2},"geometry":{"type":"MultiPolygon","coordinates":[[[[120.946884,24.775604],[120.946879,24.775623],[120.947444,24.775585],[120.947847,24.775511],[120.947874,24.775494],[120.94785,24.775484],[120.947832,24.775487],[120.947439,24.775573],[120.947,24.775596],[120.946884,24.775604]]]]}},{"type":"Feature","properties":{"n":"公園路","v":"東區","w":3.2,"c":2.2,"r":4},"geometry":{"type":"MultiPolygon","coordinates":[[[[120.979549,24.802859],[120.979604,24.802842],[120.977082,24.801258],[120.977045,24.80126],[120.976998,24.801251],[120.976064,24.800668],[120.975917,24.800546],[120.975844,24.800467],[120.975805,24.800398],[120.975784,24.800321],[120.975781,24.800195],[120.97581,24.80009],[120.975865,24.800006],[120.975933,24.799922],[120.976069,24.799844],[120.976258,24.799784],[120.977074,24.799689],[120.977071,24.799657],[120.97621,24.799753],[120.976074,24.799784],[120.975912,24.799877],[120.975834,24.799951],[120.97576,24.800075],[120.975737,24.800166],[120.975726,24.800254],[120.975737,24.800348],[120.975779,24.800465],[120.975831,24.800544],[120.975975,24.80067],[120.977001,24.801306],[120.977008,24.801308],[120.977032,24.801299],[120.977045,24.801299],[120.979549,24.802859]]]]}},{"type":"Feature","properties":{"n":"東香路二段","v":"香山區","w":2.55,"c":1,"r":14},"geometry":{"type":"MultiPolygon","coordinates":[[[[120.951952,24.772795],[120.951908,24.772855],[120.951889,24.772898],[120.951724,24.773175],[120.951604,24.773301],[120.951518,24.773349],[120.951334,24.773411],[120.950911,24.773514],[120.949717,24.773843],[120.949534,24.773922],[120.949432,24.774008],[120.949319,24.77417],[120.949092,24.774564],[120.949,24.774708],[120.948916,24.77482],[120.948877,24.774841],[120.948783,24.774939],[120.948618,24.775095],[120.948403,24.775235],[120.94828,24.775309],[120.948126,24.775383],[120.948021,24.775424],[120.948003,24.775436],[120.948005,24.775443],[120.9481,24.77541],[120.948197,24.775364],[120.948406,24.775252],[120.948584,24.775135],[120.948819,24.774932],[120.948887,24.774856],[120.948982,24.774763],[120.949092,24.774595],[120.949343,24.774166],[120.949445,24.77401],[120.949539,24.773939],[120.94961,24.773903],[120.949733,24.77385],[120.950921,24.773526],[120.951319,24.773433],[120.951593,24.773333],[120.951664,24.773261],[120.951735,24.77318],[120.951798,24.773096],[120.951929,24.772843],[120.95196,24.772802],[120.951952,24.772795]]]]}},{"type":"Feature","properties":{"n":"中華路6段","v":"香山區","w":3,"c":1.5,"r":15},"geometry":{"type":"MultiPolygon","coordinates":[[[[120.917799,24.726929],[120.91778,24.726927],[120.917592,24.7274],[120.917495,24.727598],[120.917401,24.727851],[120.917042,24.728766],[120.916963,24.729014],[120.916921,24.729179],[120.916853,24.729399],[120.916806,24.729645],[120.916688,24.730118],[120.916643,24.73023],[120.916591,24.730345],[120.916517,24.730471],[120.916308,24.730715],[120.915976,24.731004],[120.915714,24.731209],[120.915724,24.731204],[120.915452,24.731402],[120.915295,24.731548],[120.915086,24.73182],[120.914992,24.731961],[120.914698,24.732424],[120.914602,24.731994],[120.914698,24.732427],[120.914565,24.732649],[120.914423,24.732871],[120.914272,24.733057],[120.91413,24.733186],[120.913971,24.733288],[120.913795,24.733394],[120.913301,24.733711],[120.91312,24.733866],[120.913081,24.733907],[120.913094,24.733909],[120.913144,24.733864],[120.913353,24.733699],[120.913696,24.733472],[120.914057,24.733255],[120.914169,24.733172],[120.914277,24.733071],[120.914381,24.732952],[120.914463,24.732844],[120.915039,24.731908],[120.915156,24.731746],[120.915316,24.731565],[120.915457,24.731428],[120.915816,24.731163],[120.916243,24.730801],[120.916496,24.730536],[120.91657,24.730428],[120.916685,24.730185],[120.917002,24.728933],[120.917107,24.728603],[120.917401,24.727875],[120.917573,24.72749],[120.917788,24.726979],[120.917799,24.726929]]]]}},{"type":"Feature","properties":{"n":"中華路6段","v":"香山區","w":3,"c":2.2,"r":2},"geometry":{"type":"MultiPolygon","coordinates":[[[[120.913371,24.73407],[120.913384,24.734077],[120.913622,24.733894],[120.913777,24.733793],[120.914201,24.733543],[120.914313,24.733459],[120.914504,24.733299],[120.91463,24.733173],[120.91475,24.732994],[120.91503,24.732547],[120.915101,24.732413],[120.915203,24.732237],[120.915374,24.731955],[120.915371,24.731948],[120.915355,24.731955],[120.915232,24.732158],[120.91507,24.732452],[120.914868,24.732786],[120.914648,24.733123],[120.914533,24.733256],[120.914439,24.733345],[120.914303,24.733452],[120.914167,24.733543],[120.913952,24.733665],[120.913662,24.733846],[120.913484,24.73398],[120.913371,24.73407]]]]}},{"type":"Feature","properties":{"n":"中華路6段","v":"香山區","w":3,"c":2,"r":2},"geometry":{"type":"MultiPolygon","coordinates":[[[[120.915422,24.731877],[120.915432,24.731882],[120.915553,24.731784],[120.915618,24.731715],[120.915862,24.731531],[120.91594,24.731481],[120.915937,24.731467],[120.915859,24.731517],[120.91566,24.731667],[120.915422,24.731877]]]]}},{"type":"Feature","properties":{"n":"中華路6段","v":"香山區","w":3,"c":2,"r":4},"geometry":{"type":"MultiPolygon","coordinates":[[[[120.916013,24.731405],[120.916024,24.731414],[120.916136,24.731323],[120.916424,24.731066],[120.916665,24.730841],[120.91682,24.730593],[120.916969,24.730287],[120.917123,24.729728],[120.91737,24.728749],[120.917415,24.728613],[120.917475,24.72851],[120.917446,24.728524],[120.917378,24.728685],[120.917312,24.728923],[120.917131,24.729671],[120.91711,24.729735],[120.917021,24.730084],[120.916971,24.730242],[120.916817,24.730564],[120.916749,24.730684],[120.916641,24.730825],[120.916456,24.73102],[120.916346,24.731118],[120.916241,24.731197],[120.916168,24.731285],[120.916013,24.731405]]]]}},{"type":"Feature","properties":{"n":"中華路6段","v":"香山區","w":3,"c":2,"r":10},"geometry":{"type":"MultiPolygon","coordinates":[[[[120.919386,24.721619],[120.919386,24.721779],[120.919359,24.722269],[120.919196,24.724271],[120.91906,24.724811],[120.918208,24.726769],[120.918203,24.72676],[120.917972,24.727352],[120.917695,24.727939],[120.917498,24.728446],[120.917514,24.72845],[120.91776,24.727827],[120.918106,24.727075],[120.918213,24.726807],[120.91907,24.724827],[120.91913,24.724581],[120.919196,24.724345],[120.919209,24.724266],[120.919267,24.723607],[120.919372,24.722229],[120.919399,24.721619],[120.919386,24.721619]]]]}},{"type":"Feature","properties":{"n":"中華路6段","v":"香山區","w":3,"c":2,"r":4},"geometry":{"type":"MultiPolygon","coordinates":[[[[120.91935,24.72148],[120.919366,24.721492],[120.919345,24.721387],[120.919267,24.721184],[120.919165,24.721],[120.919107,24.720909],[120.919063,24.720797],[120.919053,24.720794],[120.919053,24.720804],[120.919073,24.720842],[120.9191,24.720914],[120.919248,24.72117],[120.919298,24.721303],[120.919329,24.721368],[120.91935,24.72148]]]]}},{"type":"Feature","properties":{"n":"中華路6段","v":"香山區","w":3,"c":2,"r":2},"geometry":{"type":"MultiPolygon","coordinates":[[[[120.918977,24.720694],[120.91899,24.720694],[120.918932,24.72061],[120.918765,24.720436],[120.918721,24.720412],[120.918721,24.720422],[120.918851,24.720546],[120.918925,24.720622],[120.918977,24.720694]]]]}},{"type":"Feature","properties":{"n":"中華路6段","v":"香山區","w":3,"c":2,"r":7},"geometry":{"type":"MultiPolygon","coordinates":[[[[120.91615,24.719751],[120.916916,24.719914],[120.91728,24.719967],[120.917643,24.720027],[120.918028,24.720115],[120.918169,24.720158],[120.91824,24.720197],[120.918593,24.720367],[120.918603,24.720357],[120.918336,24.720223],[120.918172,24.720147],[120.918049,24.720106],[120.917447,24.719981],[120.916898,24.719893],[120.916278,24.719766],[120.91615,24.719732],[120.91615,24.719751]]]]}},{"type":"Feature","properties":{"n":"客雅大道","v":"香山區","w":3,"c":1.2,"r":3},"geometry":{"type":"MultiPolygon","coordinates":[[[[120.965325,24.781668],[120.965299,24.781662],[120.965325,24.781889],[120.965233,24.782199],[120.965161,24.782313],[120.965063,24.78242],[120.964854,24.782587],[120.964618,24.782736],[120.963152,24.78362],[120.962282,24.784121],[120.962119,24.784199],[120.961864,24.784384],[120.961392,24.784677],[120.960954,24.784856],[120.960738,24.784933],[120.960424,24.785011],[120.960189,24.785047],[120.959672,24.78504],[120.958691,24.784909],[120.958252,24.784867],[120.957762,24.784765],[120.957206,24.784681],[120.956938,24.784628],[120.956696,24.784574],[120.956421,24.784496],[120.956414,24.784532],[120.956754,24.784628],[120.957297,24.784723],[120.95784,24.784807],[120.958252,24.784885],[120.958651,24.784927],[120.959312,24.785022],[120.959718,24.785064],[120.960064,24.785076],[120.9603,24.785064],[120.960686,24.784975],[120.960954,24.78488],[120.961249,24.784766],[120.961464,24.784659],[120.962034,24.7843],[120.962459,24.784056],[120.963983,24.783148],[120.964716,24.782707],[120.96503,24.782486],[120.965155,24.78236],[120.965259,24.782193],[120.965351,24.781895],[120.965325,24.781668]]]]}},{"type":"Feature","properties":{"n":"客雅大道","v":"香山區","w":3,"c":1.2,"r":2},"geometry":{"type":"MultiPolygon","coordinates":[[[[120.965266,24.781413],[120.965169,24.780955],[120.965162,24.780763],[120.965172,24.780611],[120.965211,24.780508],[120.965279,24.780374],[120.96541,24.78019],[120.96558,24.780006],[120.965805,24.779834],[120.966036,24.779672],[120.966146,24.779581],[120.96613,24.779572],[120.965892,24.77976],[120.965622,24.779954],[120.965408,24.780173],[120.965261,24.780384],[120.96519,24.78052],[120.965146,24.780654],[120.965148,24.780835],[120.965159,24.780981],[120.965253,24.78142],[120.965266,24.781413]]]]}},{"type":"Feature","properties":{"n":"客雅大道","v":"香山區","w":3,"c":1.2,"r":2},"geometry":{"type":"MultiPolygon","coordinates":[[[[120.954482,24.783899],[120.954472,24.783911],[120.955463,24.784332],[120.955767,24.784483],[120.955884,24.78455],[120.955879,24.784531],[120.955832,24.784504],[120.955487,24.784327],[120.955387,24.784287],[120.954482,24.783899]]]]}},{"type":"Feature","properties":{"n":"客雅大道","v":"香山區","w":3,"c":1.2,"r":2},"geometry":{"type":"MultiPolygon","coordinates":[[[[120.965439,24.78126],[120.965455,24.781269],[120.965395,24.780775],[120.965413,24.780665],[120.965447,24.78056],[120.965555,24.780374],[120.965727,24.780194],[120.966052,24.779963],[120.966656,24.779492],[120.967169,24.779077],[120.967219,24.779086],[120.967227,24.779079],[120.967172,24.779067],[120.967112,24.779101],[120.966884,24.779297],[120.965699,24.780183],[120.965534,24.780371],[120.965424,24.780567],[120.965387,24.780761],[120.965395,24.780976],[120.965439,24.78126]]]]}},{"type":"Feature","properties":{"n":"客雅大道","v":"香山區","w":3,"c":1.2,"r":5},"geometry":{"type":"MultiPolygon","coordinates":[[[[120.956143,24.784645],[120.956132,24.784657],[120.956548,24.784798],[120.956765,24.784843],[120.957226,24.784927],[120.95771,24.784999],[120.958982,24.785176],[120.959371,24.785236],[120.959392,24.78526],[120.959884,24.785296],[120.96007,24.7853],[120.960285,24.785284],[120.960489,24.78526],[120.960674,24.785222],[120.960771,24.785198],[120.961051,24.785112],[120.961358,24.784966],[120.962313,24.784408],[120.964315,24.783226],[120.964632,24.783032],[120.964914,24.782867],[120.965252,24.782612],[120.965362,24.78249],[120.965495,24.782251],[120.965524,24.782156],[120.96555,24.782036],[120.965553,24.781859],[120.965516,24.781506],[120.965548,24.781441],[120.965548,24.781427],[120.96554,24.781413],[120.965509,24.781451],[120.965493,24.781501],[120.965529,24.781785],[120.965537,24.781936],[120.965535,24.782043],[120.965506,24.782175],[120.965477,24.782273],[120.965359,24.782466],[120.965275,24.782569],[120.965192,24.78265],[120.964927,24.782844],[120.961658,24.784785],[120.961465,24.784895],[120.961258,24.785],[120.96096,24.785126],[120.960792,24.785176],[120.960538,24.785241],[120.960303,24.785269],[120.96008,24.785286],[120.959937,24.785286],[120.959649,24.785269],[120.959418,24.78525],[120.959369,24.785219],[120.958126,24.785047],[120.957262,24.78492],[120.956768,24.784836],[120.956475,24.784762],[120.956273,24.78469],[120.956143,24.784645]]]]}},{"type":"Feature","properties":{"n":"中華路四段226巷","v":"香山區","w":2,"c":1.5,"r":7},"geometry":{"type":"MultiPolygon","coordinates":[[[[120.94883,24.79531],[120.948822,24.795329],[120.948822,24.795831],[120.948869,24.796182],[120.948963,24.796502],[120.949083,24.796851],[120.949099,24.796853],[120.948895,24.796208],[120.948861,24.796031],[120.948838,24.795833],[120.948833,24.795329],[120.94883,24.79531]]]]}},{"type":"Feature","properties":{"n":"頂埔路","v":"香山區","w":1.4,"c":0.9,"r":5},"geometry":{"type":"MultiPolygon","coordinates":[[[[120.949656,24.79837],[120.949886,24.798227],[120.950407,24.797917],[120.9507,24.797714],[120.950815,24.797616],[120.950896,24.797513],[120.950959,24.797394],[120.95103,24.797205],[120.951109,24.796971],[120.951098,24.796959],[120.950949,24.797384],[120.950865,24.797542],[120.950781,24.79764],[120.950572,24.797795],[120.949658,24.798361],[120.949656,24.79837]]]]}},{"type":"Feature","properties":{"n":"牛埔路","v":"香山區","w":1.6,"c":1,"r":2},"geometry":{"type":"MultiPolygon","coordinates":[[[[120.952236,24.799426],[120.952233,24.799419],[120.951738,24.799526],[120.951576,24.799533],[120.951477,24.799521],[120.951474,24.799533],[120.951574,24.799543],[120.951725,24.799538],[120.951901,24.799505],[120.952236,24.799426]]]]}},{"type":"Feature","properties":{"n":"牛埔東路","v":"香山區","w":1.4,"c":1.4,"r":1},"geometry":{"type":"MultiPolygon","coordinates":[[[[120.950602,24.79914],[120.950579,24.799121],[120.95028,24.798961],[120.950021,24.798811],[120.949749,24.798624],[120.949744,24.798634],[120.95,24.798808],[120.950259,24.798961],[120.950498,24.799088],[120.950579,24.799136],[120.950602,24.79914]]]]}},{"type":"Feature","properties":{"n":"牛埔東路","v":"香山區","w":1.4,"c":0.4,"r":7},"geometry":{"type":"MultiPolygon","coordinates":[[[[120.951191,24.7996],[120.950636,24.799328],[120.950081,24.799],[120.949788,24.798821],[120.949778,24.79883],[120.950361,24.799172],[120.950649,24.799347],[120.951178,24.799607],[120.951191,24.7996]]]]}},{"type":"Feature","properties":{"n":"牛埔路","v":"香山區","w":2,"c":1,"r":2},"geometry":{"type":"MultiPolygon","coordinates":[[[[120.951561,24.799745],[120.951564,24.799764],[120.951925,24.799661],[120.953299,24.799315],[120.953286,24.799308],[120.952459,24.799518],[120.951561,24.799745]]]]}},{"type":"Feature","properties":{"n":"中華路四段","v":"香山區","w":3,"c":2,"r":0},"geometry":{"type":"MultiPolygon","coordinates":[[[[120.948777,24.795018],[120.949682,24.795411],[120.950817,24.79592],[120.951055,24.796023],[120.951283,24.796109],[120.95155,24.796192],[120.951895,24.796314],[120.952128,24.796364],[120.952379,24.796403],[120.952521,24.796393],[120.952518,24.796379],[120.952393,24.796393],[120.952133,24.796355],[120.951953,24.796317],[120.951838,24.796281],[120.951579,24.796185],[120.951338,24.796113],[120.95098,24.79598],[120.94964,24.795375],[120.948774,24.794997],[120.948777,24.795018]]]]}},{"type":"Feature","properties":{"n":"中華路四段","v":"香山區","w":2.4,"c":1.7,"r":1},"geometry":{"type":"MultiPolygon","coordinates":[[[[120.948277,24.795045],[120.948091,24.794949],[120.948091,24.794961],[120.948271,24.795052],[120.948277,24.795045]]]]}},{"type":"Feature","properties":{"n":"中華路四段","v":"香山區","w":1.5,"c":0.7,"r":0},"geometry":{"type":"MultiPolygon","coordinates":[[[[120.942191,24.792527],[120.939529,24.791558],[120.939516,24.791588],[120.942178,24.792551],[120.942191,24.792527]]]]}},{"type":"Feature","properties":{"n":"中華路四段","v":"香山區","w":1.5,"c":0.9,"r":4},"geometry":{"type":"MultiPolygon","coordinates":[[[[120.938702,24.791271],[120.938414,24.791188],[120.937878,24.791104],[120.935909,24.790822],[120.934653,24.790631],[120.9343,24.790535],[120.933822,24.790373],[120.933149,24.790128],[120.930088,24.788956],[120.930081,24.788974],[120.932638,24.789949],[120.933567,24.790308],[120.934247,24.790541],[120.934542,24.790637],[120.935667,24.79081],[120.936766,24.790966],[120.938087,24.791164],[120.938408,24.791218],[120.938676,24.791289],[120.938702,24.791271]]]]}},{"type":"Feature","properties":{"n":"中華路四段","v":"香山區","w":1.4,"c":0.6,"r":0},"geometry":{"type":"MultiPolygon","coordinates":[[[[120.929708,24.78882],[120.929135,24.788595],[120.929135,24.788614],[120.929706,24.788827],[120.929708,24.78882]]]]}},{"type":"Feature","properties":{"n":"中華路五段","v":"香山區","w":2,"c":1,"r":1},"geometry":{"type":"MultiPolygon","coordinates":[[[[120.928509,24.788379],[120.927815,24.788104],[120.927727,24.788061],[120.927669,24.788018],[120.927248,24.787843],[120.925581,24.787111],[120.923965,24.786456],[120.921725,24.785492],[120.921621,24.785439],[120.921621,24.785463],[120.923842,24.78642],[120.925532,24.787106],[120.92724,24.787853],[120.92764,24.788018],[120.927776,24.788101],[120.928501,24.788388],[120.928509,24.788379]]]]}},{"type":"Feature","properties":{"n":"中華路四段","v":"香山區","w":1.5,"c":0.7,"r":1},"geometry":{"type":"MultiPolygon","coordinates":[[[[120.939195,24.791198],[120.939784,24.791415],[120.940354,24.791614],[120.940907,24.791819],[120.941775,24.792133],[120.941922,24.792171],[120.942709,24.792463],[120.94564,24.793639],[120.945632,24.793622],[120.944394,24.793132],[120.942921,24.792537],[120.942183,24.792255],[120.94189,24.792152],[120.941759,24.792113],[120.939211,24.791193],[120.939195,24.791198]]]]}},{"type":"Feature","properties":{"n":"牛埔東路","v":"香山區","w":1.4,"c":1,"r":2},"geometry":{"type":"MultiPolygon","coordinates":[[[[120.949158,24.798406],[120.948726,24.798165],[120.948077,24.797842],[120.94808,24.797859],[120.948457,24.798038],[120.948734,24.798181],[120.949153,24.798411],[120.949158,24.798406]]]]}},{"type":"Feature","properties":{"n":"牛埔東路","v":"香山區","w":1.4,"c":1,"r":3},"geometry":{"type":"MultiPolygon","coordinates":[[[[120.947988,24.797809],[120.94539,24.79678],[120.94539,24.79679],[120.946832,24.797366],[120.94723,24.797519],[120.947988,24.797825],[120.947988,24.797809]]]]}},{"type":"Feature","properties":{"n":"牛埔東路","v":"香山區","w":1.5,"c":0.7,"r":2},"geometry":{"type":"MultiPolygon","coordinates":[[[[120.945243,24.796728],[120.944853,24.796572],[120.944851,24.796584],[120.945238,24.796735],[120.945243,24.796728]]]]}},{"type":"Feature","properties":{"n":"牛埔東路","v":"香山區","w":1.3,"c":0.4,"r":1},"geometry":{"type":"MultiPolygon","coordinates":[[[[120.944759,24.796537],[120.942734,24.795759],[120.941549,24.795312],[120.941549,24.795324],[120.943197,24.795948],[120.944762,24.796549],[120.944759,24.796537]]]]}},{"type":"Feature","properties":{"n":"牛埔東路","v":"香山區","w":1.5,"c":0.7,"r":4},"geometry":{"type":"MultiPolygon","coordinates":[[[[120.948952,24.798123],[120.948967,24.798123],[120.948342,24.797802],[120.948334,24.79781],[120.948952,24.798123]]]]}},{"type":"Feature","properties":{"n":"牛埔東路","v":"香山區","w":1.5,"c":0.7,"r":2},"geometry":{"type":"MultiPolygon","coordinates":[[[[120.948279,24.797788],[120.948282,24.797781],[120.948093,24.797695],[120.948096,24.797702],[120.948279,24.797788]]]]}},{"type":"Feature","properties":{"n":"牛埔東路","v":"香山區","w":1.5,"c":0.9,"r":2},"geometry":{"type":"MultiPolygon","coordinates":[[[[120.948017,24.797671],[120.948028,24.797666],[120.947212,24.797346],[120.947209,24.797351],[120.948017,24.797671]]]]}},{"type":"Feature","properties":{"n":"牛埔東路","v":"香山區","w":1.5,"c":1.5,"r":2},"geometry":{"type":"MultiPolygon","coordinates":[[[[120.947026,24.797283],[120.947041,24.79728],[120.945702,24.796745],[120.945702,24.796757],[120.947026,24.797283]]]]}},{"type":"Feature","properties":{"n":"牛埔東路","v":"香山區","w":1,"c":1,"r":1},"geometry":{"type":"MultiPolygon","coordinates":[[[[120.945584,24.796721],[120.945594,24.796716],[120.944862,24.796419],[120.944862,24.796427],[120.945584,24.796721]]]]}},{"type":"Feature","properties":{"n":"牛埔東路","v":"香山區","w":1,"c":1,"r":1},"geometry":{"type":"MultiPolygon","coordinates":[[[[120.94477,24.796388],[120.944778,24.796386],[120.944626,24.796326],[120.944624,24.796333],[120.94477,24.796388]]]]}},{"type":"Feature","properties":{"n":"牛埔東路","v":"香山區","w":1.5,"c":0.7,"r":2},"geometry":{"type":"MultiPolygon","coordinates":[[[[120.944456,24.796266],[120.944472,24.796262],[120.943933,24.796056],[120.943933,24.796063],[120.944456,24.796266]]]]}},{"type":"Feature","properties":{"n":"中華路一段","v":"東區","w":1.7,"c":1.4,"r":2},"geometry":{"type":"MultiPolygon","coordinates":[[[[120.987387,24.811425],[120.987369,24.811437],[120.989047,24.812603],[120.989055,24.812586],[120.987387,24.811425]]]]}},{"type":"Feature","properties":{"n":"牛埔東路","v":"香山區","w":1.4,"c":1,"r":2},"geometry":{"type":"MultiPolygon","coordinates":[[[[120.943792,24.796015],[120.943226,24.795788],[120.943224,24.795795],[120.943776,24.796018],[120.943792,24.796015]]]]}},{"type":"Feature","properties":{"n":"牛埔東路","v":"香山區","w":1.4,"c":0.9,"r":3},"geometry":{"type":"MultiPolygon","coordinates":[[[[120.943064,24.795745],[120.943072,24.795738],[120.941594,24.795169],[120.941594,24.795178],[120.943064,24.795745]]]]}},{"type":"Feature","properties":{"n":"南隘路一段","v":"香山區","w":1.2,"c":1.2,"r":3},"geometry":{"type":"MultiPolygon","coordinates":[[[[120.928562,24.725667],[120.928156,24.725588],[120.928091,24.725571],[120.92785,24.725568],[120.927555,24.72564],[120.9275,24.725647],[120.927437,24.725642],[120.927345,24.725628],[120.927241,24.72559],[120.927071,24.725494],[120.926987,24.725434],[120.926987,24.725446],[120.927102,24.725525],[120.927267,24.725614],[120.927372,24.72564],[120.927445,24.725652],[120.927508,24.725657],[120.927599,24.72564],[120.927853,24.725578],[120.928093,24.72558],[120.928237,24.725614],[120.928556,24.725676],[120.928562,24.725667]]]]}},{"type":"Feature","properties":{"n":"南隘路一段","v":"香山區","w":1.2,"c":1.2,"r":2},"geometry":{"type":"MultiPolygon","coordinates":[[[[120.926911,24.725343],[120.926878,24.72526],[120.926744,24.72499],[120.92671,24.724952],[120.926653,24.724916],[120.92641,24.724806],[120.92602,24.724641],[120.925926,24.724557],[120.925918,24.724569],[120.926012,24.724643],[120.926091,24.724681],[120.92659,24.724899],[120.926679,24.724947],[120.926731,24.72499],[120.926909,24.725358],[120.926911,24.725343]]]]}},{"type":"Feature","properties":{"n":"中華路一段","v":"東區","w":2.5,"c":2.2,"r":2},"geometry":{"type":"MultiPolygon","coordinates":[[[[120.986245,24.810795],[120.986496,24.81085],[120.986512,24.810826],[120.986261,24.810762],[120.986245,24.810795]]]]}},{"type":"Feature","properties":{"n":"南隘路一段","v":"香山區","w":1.2,"c":1.2,"r":2},"geometry":{"type":"MultiPolygon","coordinates":[[[[120.924934,24.720627],[120.924934,24.720675],[120.925718,24.721792],[120.925764,24.722043],[120.925757,24.722747],[120.925763,24.724175],[120.925776,24.724348],[120.925854,24.724497],[120.925867,24.724485],[120.925808,24.724372],[120.925789,24.724246],[120.925783,24.723237],[120.92579,24.722043],[120.925744,24.721792],[120.925601,24.721583],[120.924934,24.720627]]]]}},{"type":"Feature","properties":{"n":"南隘路一段","v":"香山區","w":1.2,"c":1.2,"r":1},"geometry":{"type":"MultiPolygon","coordinates":[[[[120.924889,24.720558],[120.923955,24.719262],[120.923785,24.718605],[120.923674,24.717864],[120.923655,24.717583],[120.923576,24.717333],[120.923472,24.717022],[120.922976,24.716413],[120.922244,24.715427],[120.922185,24.715307],[120.922165,24.715319],[120.922263,24.715534],[120.923191,24.716711],[120.923452,24.717052],[120.923622,24.717548],[120.923726,24.718485],[120.923928,24.719292],[120.924869,24.720588],[120.924889,24.720558]]]]}},{"type":"Feature","properties":{"n":"公道五路三段","v":"東區","w":3,"c":3,"r":2},"geometry":{"type":"MultiPolygon","coordinates":[[[[120.986263,24.810762],[120.986302,24.810764],[120.986467,24.810523],[120.986438,24.810506],[120.986399,24.810554],[120.986263,24.810762]]]]}},{"type":"Feature","properties":{"n":"公道五路三段迴轉道","v":"東區","w":3,"c":3,"r":2},"geometry":{"type":"MultiPolygon","coordinates":[[[[120.98647,24.810525],[120.986452,24.810542],[120.98665,24.810638],[120.986661,24.810614],[120.98647,24.810525]]]]}},{"type":"Feature","properties":{"n":"公道五路三段","v":"東區","w":3,"c":3,"r":2},"geometry":{"type":"MultiPolygon","coordinates":[[[[120.986478,24.810813],[120.986512,24.810825],[120.986645,24.810641],[120.986616,24.810627],[120.986478,24.810813]]]]}},{"type":"Feature","properties":{"n":"公道五路三段迴轉道","v":"東區","w":3,"c":3,"r":2},"geometry":{"type":"MultiPolygon","coordinates":[[[[120.986475,24.810469],[120.986692,24.810584],[120.986708,24.810557],[120.986493,24.810452],[120.986475,24.810469]]]]}},{"type":"Feature","properties":{"n":"公道五路三段","v":"東區","w":6,"c":4,"r":2},"geometry":{"type":"MultiPolygon","coordinates":[[[[120.986753,24.810108],[120.986732,24.810134],[120.98697,24.810242],[120.986993,24.810206],[120.986753,24.810108]]]]}},{"type":"Feature","properties":{"n":"公道五路三段","v":"東區","w":1.7,"c":0.5,"r":2},"geometry":{"type":"MultiPolygon","coordinates":[[[[120.986476,24.811096],[120.986455,24.811085],[120.986395,24.811323],[120.986363,24.812095],[120.986397,24.812093],[120.986423,24.811323],[120.986476,24.811096]]]]}},{"type":"Feature","properties":{"n":"公道五路三段","v":"東區","w":1.7,"c":0.5,"r":2},"geometry":{"type":"MultiPolygon","coordinates":[[[[120.985524,24.814976],[120.985694,24.814785],[120.986257,24.813519],[120.986359,24.81317],[120.986396,24.812134],[120.986364,24.812134],[120.98633,24.813173],[120.986228,24.813524],[120.985759,24.814575],[120.985676,24.814785],[120.985513,24.814974],[120.985524,24.814976]]]]}},{"type":"Feature","properties":{"n":"公道五路三段","v":"東區","w":1.7,"c":0.5,"r":2},"geometry":{"type":"MultiPolygon","coordinates":[[[[120.986052,24.810957],[120.986029,24.811081],[120.986018,24.81217],[120.986042,24.812166],[120.986055,24.811096],[120.986078,24.810978],[120.986052,24.810957]]]]}},{"type":"Feature","properties":{"n":"公道五路三段","v":"東區","w":1.7,"c":0.5,"r":2},"geometry":{"type":"MultiPolygon","coordinates":[[[[120.986042,24.812197],[120.98601,24.812224],[120.98601,24.812219],[120.985911,24.813433],[120.985557,24.814218],[120.985586,24.81423],[120.985937,24.813452],[120.986005,24.813115],[120.986042,24.812197]]]]}},{"type":"Feature","properties":{"n":"公道五路三段","v":"東區","w":1.7,"c":0.5,"r":2},"geometry":{"type":"MultiPolygon","coordinates":[[[[120.98557,24.814247],[120.985552,24.814245],[120.985337,24.814722],[120.985335,24.814961],[120.985361,24.81471],[120.98557,24.814247]]]]}},{"type":"Feature","properties":{"n":"公道五路三段迴轉道","v":"東區","w":2,"c":2,"r":2},"geometry":{"type":"MultiPolygon","coordinates":[[[[120.986136,24.812133],[120.986283,24.812097],[120.986286,24.812066],[120.986134,24.812102],[120.986136,24.812133]]]]}},{"type":"Feature","properties":{"n":"公道五路三段迴轉道","v":"東區","w":2,"c":2,"r":2},"geometry":{"type":"MultiPolygon","coordinates":[[[[120.986131,24.812205],[120.986142,24.812236],[120.98628,24.81221],[120.98628,24.812171],[120.986131,24.812205]]]]}},{"type":"Feature","properties":{"n":"公道五路三段","v":"東區","w":2.2,"c":1.6,"r":2},"geometry":{"type":"MultiPolygon","coordinates":[[[[120.985581,24.815182],[120.985398,24.815268],[120.985071,24.815906],[120.984647,24.816572],[120.984629,24.816687],[120.984676,24.816737],[120.984704,24.816725],[120.98467,24.816675],[120.984678,24.816582],[120.985293,24.815595],[120.985424,24.81533],[120.985579,24.815194],[120.985581,24.815182]]]]}},{"type":"Feature","properties":{"n":"南隘路一段","v":"香山區","w":1.2,"c":1.2,"r":3},"geometry":{"type":"MultiPolygon","coordinates":[[[[120.928636,24.725552],[120.92863,24.725541],[120.928246,24.725473],[120.928016,24.725457],[120.927851,24.725473],[120.927668,24.725511],[120.927561,24.725528],[120.927435,24.72553],[120.92733,24.725495],[120.927215,24.725432],[120.927095,24.725351],[120.927022,24.725265],[120.926907,24.725009],[120.926829,24.72489],[120.926729,24.724828],[120.926706,24.724806],[120.926455,24.724694],[120.926214,24.724596],[120.926076,24.724526],[120.926029,24.724483],[120.92594,24.724352],[120.925929,24.724357],[120.925958,24.724416],[120.926047,24.724522],[120.926159,24.724581],[120.926533,24.724739],[120.926782,24.724873],[120.926829,24.724919],[120.926884,24.725],[120.926978,24.725193],[120.927014,24.725279],[120.927082,24.725351],[120.927176,24.725423],[120.927338,24.725509],[120.927427,24.725538],[120.927558,24.725538],[120.92782,24.725488],[120.928021,24.725464],[120.928225,24.725485],[120.928403,24.725517],[120.928636,24.725552]]]]}},{"type":"Feature","properties":{"n":"公道五路三段","v":"東區","w":1.7,"c":1.1,"r":2},"geometry":{"type":"MultiPolygon","coordinates":[[[[120.985082,24.815142],[120.985079,24.815158],[120.985136,24.815256],[120.984948,24.815634],[120.984581,24.81624],[120.98461,24.816252],[120.984901,24.815784],[120.985173,24.815247],[120.98515,24.81518],[120.985082,24.815142]]]]}},{"type":"Feature","properties":{"n":"公道五路三段","v":"東區","w":1.7,"c":1,"r":2},"geometry":{"type":"MultiPolygon","coordinates":[[[[120.98457,24.816307],[120.984552,24.816291],[120.984298,24.816627],[120.984316,24.816656],[120.98457,24.816307]]]]}},{"type":"Feature","properties":{"n":"公道五路三段","v":"東區","w":2.2,"c":1.5,"r":2},"geometry":{"type":"MultiPolygon","coordinates":[[[[120.984599,24.816893],[120.984526,24.816876],[120.984447,24.816886],[120.984316,24.816998],[120.983748,24.817805],[120.983759,24.817817],[120.983782,24.81782],[120.983816,24.817746],[120.984199,24.817227],[120.984335,24.81701],[120.984458,24.816912],[120.984589,24.816902],[120.984599,24.816893]]]]}},{"type":"Feature","properties":{"n":"公道五路三段","v":"東區","w":2.2,"c":1.5,"r":2},"geometry":{"type":"MultiPolygon","coordinates":[[[[120.984235,24.816759],[120.98423,24.816745],[120.984214,24.816749],[120.983523,24.817688],[120.98356,24.817698],[120.984235,24.816759]]]]}},{"type":"Feature","properties":{"n":"公道五路三段","v":"東區","w":2.2,"c":1,"r":2},"geometry":{"type":"MultiPolygon","coordinates":[[[[120.983776,24.81787],[120.983723,24.817866],[120.982666,24.819303],[120.982689,24.819327],[120.983747,24.817889],[120.983776,24.81787]]]]}},{"type":"Feature","properties":{"n":"公道五路三段","v":"東區","w":2.2,"c":1,"r":2},"geometry":{"type":"MultiPolygon","coordinates":[[[[120.983491,24.817746],[120.983484,24.817751],[120.983206,24.818157],[120.983227,24.818157],[120.983499,24.817784],[120.983491,24.817746]]]]}},{"type":"Feature","properties":{"n":"公道五路三段","v":"東區","w":2.2,"c":1,"r":2},"geometry":{"type":"MultiPolygon","coordinates":[[[[120.983158,24.8182],[120.983147,24.818207],[120.982372,24.819287],[120.982396,24.819282],[120.983173,24.818226],[120.983158,24.8182]]]]}},{"type":"Feature","properties":{"n":"公道五路三段","v":"東區","w":2.2,"c":1,"r":2},"geometry":{"type":"MultiPolygon","coordinates":[[[[120.98266,24.819378],[120.982608,24.819387],[120.98182,24.820414],[120.981843,24.820433],[120.982647,24.819387],[120.98266,24.819378]]]]}},{"type":"Feature","properties":{"n":"南隘路一段","v":"香山區","w":1.2,"c":1.2,"r":2},"geometry":{"type":"MultiPolygon","coordinates":[[[[120.925903,24.724216],[120.925916,24.724224],[120.92592,24.722833],[120.925913,24.722019],[120.925918,24.721866],[120.925858,24.72172],[120.925696,24.721469],[120.925529,24.72124],[120.925123,24.720661],[120.92464,24.719992],[120.924274,24.719507],[120.924141,24.719323],[120.923997,24.719022],[120.923773,24.717586],[120.923763,24.717584],[120.923877,24.71847],[120.923982,24.719017],[120.924076,24.719206],[120.924125,24.719318],[120.924206,24.71944],[120.924588,24.71994],[120.925019,24.720542],[120.925442,24.721149],[120.925685,24.721471],[120.92586,24.721758],[120.925894,24.721894],[120.925899,24.722002],[120.925909,24.723034],[120.925903,24.724216]]]]}},{"type":"Feature","properties":{"n":"公道五路三段","v":"東區","w":2.2,"c":1,"r":2},"geometry":{"type":"MultiPolygon","coordinates":[[[[120.981784,24.820453],[120.981758,24.820477],[120.981046,24.821294],[120.979695,24.822818],[120.979803,24.822768],[120.981805,24.820504],[120.981784,24.820453]]]]}},{"type":"Feature","properties":{"n":"南隘路一段","v":"香山區","w":1.2,"c":1.2,"r":4},"geometry":{"type":"MultiPolygon","coordinates":[[[[120.923746,24.717501],[120.923755,24.717507],[120.923653,24.717161],[120.923619,24.71707],[120.923536,24.716927],[120.922906,24.7161],[120.92254,24.715629],[120.922349,24.715388],[120.922335,24.715389],[120.922852,24.716046],[120.923487,24.716873],[120.923529,24.716935],[120.923615,24.717083],[120.923668,24.717229],[120.923746,24.717501]]]]}},{"type":"Feature","properties":{"n":"公道五路三段","v":"東區","w":2.2,"c":1,"r":2},"geometry":{"type":"MultiPolygon","coordinates":[[[[120.979609,24.822479],[120.980761,24.821296],[120.981225,24.820735],[120.981926,24.819935],[120.982357,24.819355],[120.982272,24.819355],[120.981022,24.820884],[120.979556,24.822449],[120.979609,24.822479]]]]}},{"type":"Feature","properties":{"n":"中華路二段","v":"東區","w":1.7,"c":1.4,"r":2},"geometry":{"type":"MultiPolygon","coordinates":[[[[120.971008,24.801767],[120.971665,24.802159],[120.971696,24.802121],[120.971076,24.80175],[120.971008,24.801767]]]]}},{"type":"Feature","properties":{"n":"中正路","v":"東區","w":1.7,"c":1.7,"r":2},"geometry":{"type":"MultiPolygon","coordinates":[[[[120.971661,24.80216],[120.971635,24.802148],[120.971341,24.802635],[120.971373,24.802628],[120.971661,24.80216]]]]}},{"type":"Feature","properties":{"n":"中華路二段","v":"東區","w":1.5,"c":0.8,"r":2},"geometry":{"type":"MultiPolygon","coordinates":[[[[120.983402,24.809578],[120.982518,24.809002],[120.982486,24.809031],[120.983395,24.809592],[120.983402,24.809578]]]]}},{"type":"Feature","properties":{"n":"南隘路二段","v":"香山區","w":1.2,"c":1.2,"r":3},"geometry":{"type":"MultiPolygon","coordinates":[[[[120.928653,24.725688],[120.928658,24.725702],[120.92871,24.725714],[120.928794,24.725757],[120.928846,24.7258],[120.929275,24.726066],[120.92928,24.726056],[120.928966,24.725865],[120.92877,24.725731],[120.928694,24.725693],[120.928653,24.725688]]]]}},{"type":"Feature","properties":{"n":"南隘路二段","v":"香山區","w":1.2,"c":1.2,"r":5},"geometry":{"type":"MultiPolygon","coordinates":[[[[120.929399,24.726141],[120.929402,24.726153],[120.930926,24.727131],[120.930952,24.72715],[120.930997,24.727195],[120.931007,24.727188],[120.930965,24.727143],[120.929399,24.726141]]]]}},{"type":"Feature","properties":{"n":"公道五路三段","v":"東區","w":1.7,"c":1,"r":2},"geometry":{"type":"MultiPolygon","coordinates":[[[[120.98861,24.807677],[120.988665,24.807697],[120.990494,24.806603],[120.99045,24.806574],[120.988615,24.807677],[120.98861,24.807677]]]]}},{"type":"Feature","properties":{"n":"公道五路三段","v":"東區","w":1.7,"c":1,"r":2},"geometry":{"type":"MultiPolygon","coordinates":[[[[120.990615,24.806525],[120.992591,24.80539],[120.992555,24.805326],[120.990605,24.806489],[120.990603,24.806499],[120.990615,24.806525]]]]}},{"type":"Feature","properties":{"n":"公道五路三段","v":"東區","w":1.7,"c":1,"r":2},"geometry":{"type":"MultiPolygon","coordinates":[[[[120.990664,24.806841],[120.988879,24.807923],[120.988869,24.807993],[120.990714,24.806892],[120.990664,24.806841]]]]}},{"type":"Feature","properties":{"n":"公道五路三段","v":"東區","w":1.7,"c":1,"r":2},"geometry":{"type":"MultiPolygon","coordinates":[[[[120.990845,24.806816],[120.992763,24.805648],[120.992758,24.805634],[120.992716,24.805624],[120.991714,24.806217],[120.990824,24.806752],[120.990811,24.806771],[120.990845,24.806816]]]]}},{"type":"Feature","properties":{"n":"公道五路二段","v":"東區","w":2.2,"c":1.9,"r":2},"geometry":{"type":"MultiPolygon","coordinates":[[[[120.992724,24.805189],[120.99276,24.805205],[120.993776,24.804692],[120.993776,24.804665],[120.992724,24.805189]]]]}},{"type":"Feature","properties":{"n":"公道五路二段","v":"東區","w":3.2,"c":1,"r":2},"geometry":{"type":"MultiPolygon","coordinates":[[[[120.99407,24.805028],[120.996428,24.803874],[120.99642,24.803819],[120.994028,24.804983],[120.99407,24.805028]]]]}},{"type":"Feature","properties":{"n":"建中路","v":"東區","w":3.2,"c":2,"r":2},"geometry":{"type":"MultiPolygon","coordinates":[[[[120.996089,24.803564],[120.996115,24.803552],[120.996131,24.803473],[120.995393,24.802215],[120.995341,24.802198],[120.995315,24.802215],[120.996089,24.803564]]]]}},{"type":"Feature","properties":{"n":"建中路","v":"東區","w":2.2,"c":1.5,"r":2},"geometry":{"type":"MultiPolygon","coordinates":[[[[120.99641,24.803401],[120.995607,24.802078],[120.995581,24.802097],[120.99557,24.802135],[120.996313,24.803399],[120.996392,24.803415],[120.99641,24.803401]]]]}},{"type":"Feature","properties":{"n":"建中路","v":"東區","w":2.2,"c":1.5,"r":2},"geometry":{"type":"MultiPolygon","coordinates":[[[[120.994324,24.800536],[120.995213,24.802053],[120.995245,24.802036],[120.995258,24.801981],[120.994405,24.800531],[120.994352,24.800524],[120.994324,24.800536]]]]}},{"type":"Feature","properties":{"n":"宮口街28巷","v":"香山區","w":1.2,"c":1.2,"r":10},"geometry":{"type":"MultiPolygon","coordinates":[[[[120.919762,24.793339],[120.921401,24.792743],[120.921395,24.792731],[120.919759,24.793329],[120.919762,24.793339]]]]}},{"type":"Feature","properties":{"n":"建中路","v":"東區","w":2.2,"c":1.5,"r":1},"geometry":{"type":"MultiPolygon","coordinates":[[[[120.994602,24.800381],[120.994547,24.800403],[120.995439,24.801901],[120.995502,24.801913],[120.99552,24.801905],[120.994602,24.800381]]]]}},{"type":"Feature","properties":{"n":"建中路","v":"東區","w":0.7,"c":0.7,"r":2},"geometry":{"type":"MultiPolygon","coordinates":[[[[120.994513,24.800342],[120.994571,24.800322],[120.994422,24.800088],[120.994382,24.800117],[120.994398,24.800141],[120.994513,24.800342]]]]}},{"type":"Feature","properties":{"n":"三姓橋路","v":"香山區","w":2,"c":1.6,"r":2},"geometry":{"type":"MultiPolygon","coordinates":[[[[120.931298,24.784338],[120.931259,24.784182],[120.931213,24.783914],[120.931194,24.783657],[120.931201,24.783275],[120.931286,24.782851],[120.931378,24.782612],[120.931456,24.782379],[120.931639,24.782062],[120.931895,24.781734],[120.932045,24.781591],[120.932039,24.781573],[120.931914,24.781674],[120.931672,24.781979],[120.931456,24.782337],[120.931384,24.78251],[120.931273,24.782833],[120.931194,24.783209],[120.931161,24.783484],[120.931168,24.783824],[120.9312,24.784051],[120.931285,24.784356],[120.931298,24.784338]]]]}},{"type":"Feature","properties":{"n":"三姓橋路","v":"香山區","w":2,"c":1.6,"r":2},"geometry":{"type":"MultiPolygon","coordinates":[[[[120.931387,24.784243],[120.9314,24.784248],[120.931343,24.784007],[120.931322,24.783818],[120.931314,24.783679],[120.931312,24.783505],[120.931369,24.782987],[120.931388,24.78292],[120.931482,24.782645],[120.931618,24.782344],[120.931815,24.782034],[120.931951,24.78185],[120.932077,24.781702],[120.932074,24.781695],[120.931925,24.781862],[120.93177,24.782079],[120.931639,24.782285],[120.931566,24.782428],[120.93148,24.782624],[120.931409,24.782827],[120.931362,24.782982],[120.931325,24.783218],[120.931301,24.783507],[120.931309,24.783816],[120.93134,24.78405],[120.931387,24.784243]]]]}},{"type":"Feature","properties":{"n":"建中路","v":"東區","w":2.2,"c":1.5,"r":2},"geometry":{"type":"MultiPolygon","coordinates":[[[[120.993799,24.798949],[120.99376,24.798968],[120.993739,24.799032],[120.994147,24.799725],[120.994212,24.799742],[120.993799,24.798949]]]]}},{"type":"Feature","properties":{"n":"三姓橋路","v":"香山區","w":2,"c":1.6,"r":2},"geometry":{"type":"MultiPolygon","coordinates":[[[[120.932082,24.781541],[120.932532,24.781128],[120.932527,24.78112],[120.932077,24.781533],[120.932082,24.781541]]]]}},{"type":"Feature","properties":{"n":"三姓橋路","v":"香山區","w":2,"c":1.6,"r":2},"geometry":{"type":"MultiPolygon","coordinates":[[[[120.932124,24.781653],[120.932132,24.78166],[120.932553,24.781273],[120.932553,24.781254],[120.932124,24.781653]]]]}},{"type":"Feature","properties":{"n":"建中路","v":"東區","w":1.7,"c":1.2,"r":2},"geometry":{"type":"MultiPolygon","coordinates":[[[[120.993459,24.79908],[120.993862,24.79968],[120.993898,24.799658],[120.993571,24.799116],[120.993459,24.79908]]]]}},{"type":"Feature","properties":{"n":"赤土崎一街","v":"東區","w":1.7,"c":1,"r":2},"geometry":{"type":"MultiPolygon","coordinates":[[[[120.995412,24.799956],[120.994206,24.799705],[120.994214,24.799738],[120.995362,24.799984],[120.995412,24.799956]]]]}},{"type":"Feature","properties":{"n":"三姓橋路","v":"香山區","w":2,"c":1.6,"r":2},"geometry":{"type":"MultiPolygon","coordinates":[[[[120.932617,24.781193],[120.932625,24.781203],[120.933578,24.780336],[120.934018,24.779952],[120.934225,24.779797],[120.93451,24.779615],[120.934649,24.779539],[120.935075,24.779331],[120.93534,24.779174],[120.935491,24.779069],[120.935735,24.778856],[120.935832,24.778761],[120.93596,24.77862],[120.93612,24.778455],[120.936264,24.778335],[120.936381,24.77825],[120.936478,24.778195],[120.936612,24.778123],[120.936753,24.778063],[120.937023,24.777968],[120.937193,24.777935],[120.937373,24.777906],[120.937538,24.777885],[120.937931,24.777844],[120.938815,24.777763],[120.938946,24.777778],[120.939022,24.777802],[120.939108,24.777842],[120.939163,24.777873],[120.939223,24.777923],[120.939317,24.778031],[120.939377,24.778124],[120.939456,24.778229],[120.939579,24.778409],[120.939571,24.778413],[120.939584,24.778425],[120.939594,24.778406],[120.93943,24.778177],[120.93932,24.778014],[120.939252,24.777933],[120.93916,24.777854],[120.939095,24.777818],[120.938985,24.777775],[120.938914,24.777763],[120.938812,24.777754],[120.937533,24.77787],[120.937258,24.777911],[120.93708,24.777944],[120.936926,24.777982],[120.936698,24.778066],[120.936578,24.778121],[120.936392,24.778228],[120.936269,24.778316],[120.936096,24.778464],[120.935944,24.77862],[120.935792,24.778787],[120.93547,24.779071],[120.935306,24.779181],[120.935203,24.779243],[120.935086,24.779307],[120.934544,24.779584],[120.934266,24.779756],[120.934057,24.779909],[120.933929,24.780007],[120.932869,24.780969],[120.932617,24.781193]]]]}},{"type":"Feature","properties":{"n":"赤土崎二街","v":"東區","w":3.4,"c":1.7,"r":2},"geometry":{"type":"MultiPolygon","coordinates":[[[[120.995902,24.797856],[120.995894,24.797851],[120.995095,24.79846],[120.995106,24.798556],[120.995512,24.799445],[120.995357,24.799939],[120.995417,24.799949],[120.99558,24.799449],[120.995143,24.79851],[120.99593,24.797959],[120.995922,24.797899],[120.995902,24.797856]]]]}},{"type":"Feature","properties":{"n":"三姓橋路","v":"香山區","w":2,"c":1.6,"r":4},"geometry":{"type":"MultiPolygon","coordinates":[[[[120.932594,24.781069],[120.932722,24.780962],[120.932858,24.78083],[120.933688,24.780076],[120.933829,24.779954],[120.934104,24.779739],[120.93423,24.779656],[120.934484,24.7795],[120.934698,24.779388],[120.934976,24.779255],[120.935177,24.779138],[120.93529,24.779066],[120.935455,24.778949],[120.93562,24.778808],[120.935753,24.778663],[120.936117,24.7783],[120.936211,24.778228],[120.936363,24.778123],[120.936476,24.778054],[120.936662,24.777968],[120.936832,24.777901],[120.937075,24.777837],[120.937326,24.777796],[120.938007,24.777725],[120.938765,24.777656],[120.938933,24.777661],[120.939053,24.777689],[120.939158,24.777732],[120.939262,24.777802],[120.939315,24.777849],[120.939396,24.777938],[120.93966,24.778306],[120.939702,24.778318],[120.939702,24.778308],[120.939662,24.778294],[120.939391,24.777919],[120.939309,24.777823],[120.939234,24.777766],[120.939147,24.777713],[120.939043,24.777675],[120.938935,24.777651],[120.93876,24.777646],[120.938501,24.777677],[120.93813,24.777701],[120.937491,24.777765],[120.937203,24.777803],[120.93702,24.777839],[120.936858,24.777882],[120.936732,24.777925],[120.936549,24.778008],[120.936397,24.778089],[120.93612,24.778283],[120.936033,24.778364],[120.935562,24.778844],[120.935387,24.778982],[120.935201,24.779111],[120.934942,24.779259],[120.934643,24.779403],[120.934463,24.7795],[120.934303,24.779596],[120.934128,24.779711],[120.933966,24.779828],[120.933725,24.780026],[120.932596,24.78105],[120.932594,24.781069]]]]}},{"type":"Feature","properties":{"n":"赤土崎二街","v":"東區","w":3.4,"c":1.7,"r":2},"geometry":{"type":"MultiPolygon","coordinates":[[[[120.995616,24.79926],[120.995608,24.799229],[120.995606,24.799191],[120.99537,24.798658],[120.995344,24.798574],[120.995381,24.798519],[120.995739,24.798233],[120.995705,24.798221],[120.995302,24.798524],[120.995302,24.7986],[120.995616,24.79926]]]]}},{"type":"Feature","properties":{"n":"赤土崎二街","v":"東區","w":1.7,"c":1.7,"r":2},"geometry":{"type":"MultiPolygon","coordinates":[[[[120.995782,24.798182],[120.995806,24.798191],[120.995819,24.798191],[120.996078,24.79801],[120.996004,24.798015],[120.995782,24.798182]]]]}},{"type":"Feature","properties":{"n":"海山橋","v":"香山區","w":4,"c":4,"r":2},"geometry":{"type":"MultiPolygon","coordinates":[[[[120.905715,24.76399],[120.905404,24.763629],[120.905396,24.763636],[120.90571,24.763997],[120.905715,24.76399]]]]}},{"type":"Feature","properties":{"n":"建功一路","v":"東區","w":1.7,"c":1.4,"r":2},"geometry":{"type":"MultiPolygon","coordinates":[[[[120.991872,24.80375],[120.99277,24.803392],[120.992995,24.803311],[120.992919,24.803292],[120.991869,24.8037],[120.991851,24.803729],[120.991872,24.80375]]]]}},{"type":"Feature","properties":{"n":"建功一路","v":"東區","w":1.7,"c":1.4,"r":2},"geometry":{"type":"MultiPolygon","coordinates":[[[[120.991765,24.803564],[120.991796,24.803576],[120.992848,24.803172],[120.992848,24.803117],[120.99177,24.803557],[120.991765,24.803564]]]]}},{"type":"Feature","properties":{"n":"建功一路","v":"東區","w":1.7,"c":1,"r":2},"geometry":{"type":"MultiPolygon","coordinates":[[[[120.993152,24.803251],[120.99344,24.803139],[120.993387,24.803122],[120.99316,24.803208],[120.993152,24.803251]]]]}},{"type":"Feature","properties":{"n":"建功一路","v":"東區","w":1.7,"c":1.4,"r":2},"geometry":{"type":"MultiPolygon","coordinates":[[[[120.993029,24.803063],[120.993089,24.803084],[120.993309,24.803005],[120.993322,24.80295],[120.993029,24.803063]]]]}},{"type":"Feature","properties":{"n":"建功一路","v":"東區","w":1.7,"c":1,"r":2},"geometry":{"type":"MultiPolygon","coordinates":[[[[120.993607,24.803115],[120.995327,24.802248],[120.995311,24.802215],[120.993597,24.803063],[120.993591,24.803098],[120.993607,24.803115]]]]}},{"type":"Feature","properties":{"n":"建功一路","v":"東區","w":1.7,"c":1,"r":2},"geometry":{"type":"MultiPolygon","coordinates":[[[[120.993458,24.802862],[120.993534,24.802874],[120.995211,24.802052],[120.995183,24.802016],[120.993458,24.802862]]]]}},{"type":"Feature","properties":{"n":"建功一路","v":"東區","w":2.2,"c":1.5,"r":2},"geometry":{"type":"MultiPolygon","coordinates":[[[[120.995599,24.802073],[120.995618,24.802096],[120.995707,24.802058],[120.996829,24.801514],[120.997054,24.801387],[120.997193,24.800967],[120.997141,24.800979],[120.997018,24.801385],[120.995599,24.802073]]]]}},{"type":"Feature","properties":{"n":"建功一路","v":"東區","w":2.2,"c":1.5,"r":2},"geometry":{"type":"MultiPolygon","coordinates":[[[[120.996992,24.800673],[120.996978,24.80068],[120.996811,24.801239],[120.995508,24.801874],[120.995521,24.801903],[120.996853,24.80126],[120.99702,24.800706],[120.99702,24.800685],[120.996992,24.800673]]]]}},{"type":"Feature","properties":{"n":"建功一路","v":"東區","w":1,"c":1,"r":2},"geometry":{"type":"MultiPolygon","coordinates":[[[[120.996997,24.800604],[120.997042,24.800613],[120.997097,24.800455],[120.997094,24.800427],[120.99706,24.800412],[120.996997,24.800604]]]]}},{"type":"Feature","properties":{"n":"建功一路","v":"東區","w":1.7,"c":1.4,"r":2},"geometry":{"type":"MultiPolygon","coordinates":[[[[120.997259,24.800661],[120.997322,24.80046],[120.997269,24.800496],[120.99723,24.800637],[120.997259,24.800661]]]]}},{"type":"Feature","properties":{"n":"建功一路","v":"東區","w":1.7,"c":1.4,"r":2},"geometry":{"type":"MultiPolygon","coordinates":[[[[120.997209,24.799893],[120.997251,24.799898],[120.997306,24.799709],[120.997293,24.799661],[120.997217,24.799876],[120.997209,24.799893]]]]}},{"type":"Feature","properties":{"n":"建功一路","v":"東區","w":1.7,"c":1.4,"r":2},"geometry":{"type":"MultiPolygon","coordinates":[[[[120.99729,24.799594],[120.997321,24.799604],[120.9974,24.799363],[120.997374,24.799343],[120.997371,24.799353],[120.99729,24.799594]]]]}},{"type":"Feature","properties":{"n":"海山港二路","v":"香山區","w":1.2,"c":1.2,"r":4},"geometry":{"type":"MultiPolygon","coordinates":[[[[120.905343,24.763411],[120.905534,24.763287],[120.905602,24.763232],[120.905641,24.763193],[120.905675,24.763122],[120.905686,24.763019],[120.905704,24.762546],[120.905739,24.761481],[120.905747,24.760898],[120.905727,24.760867],[120.905703,24.760848],[120.905693,24.760841],[120.905664,24.760836],[120.905567,24.760857],[120.905297,24.760957],[120.905098,24.76106],[120.904235,24.761559],[120.904219,24.761626],[120.904496,24.762099],[120.904506,24.762096],[120.904229,24.761626],[120.904245,24.761568],[120.905067,24.761089],[120.9053,24.760967],[120.905431,24.760912],[120.905575,24.760864],[120.905638,24.76085],[120.905666,24.760845],[120.90569,24.76085],[120.905724,24.760876],[120.905734,24.760898],[120.905726,24.761562],[120.905705,24.761999],[120.905675,24.763043],[120.905662,24.763129],[120.905612,24.763213],[120.905327,24.763406],[120.905343,24.763411]]]]}},{"type":"Feature","properties":{"n":"建功一路","v":"東區","w":1.7,"c":1.4,"r":2},"geometry":{"type":"MultiPolygon","coordinates":[[[[120.997394,24.799273],[120.997422,24.799275],[120.997496,24.799036],[120.997477,24.799022],[120.997441,24.799125],[120.997394,24.799273]]]]}},{"type":"Feature","properties":{"n":"建功一路","v":"東區","w":1.7,"c":1.4,"r":2},"geometry":{"type":"MultiPolygon","coordinates":[[[[120.997483,24.798931],[120.997509,24.79895],[120.997587,24.798714],[120.997577,24.798688],[120.997488,24.798927],[120.997483,24.798931]]]]}},{"type":"Feature","properties":{"n":"寶山路","v":"東區","w":1.2,"c":1.2,"r":1},"geometry":{"type":"MultiPolygon","coordinates":[[[[120.976666,24.790337],[120.976834,24.790275],[120.97693,24.79027],[120.976977,24.790263],[120.97698,24.790256],[120.976949,24.79026],[120.976862,24.79026],[120.976831,24.790265],[120.97676,24.790289],[120.976666,24.790337]]]]}},{"type":"Feature","properties":{"n":"寶山路","v":"東區","w":1.2,"c":1.2,"r":10},"geometry":{"type":"MultiPolygon","coordinates":[[[[120.97715,24.790215],[120.977278,24.790167],[120.977506,24.790062],[120.978158,24.789663],[120.978469,24.789496],[120.978781,24.789391],[120.979011,24.789305],[120.979121,24.789269],[120.97922,24.789229],[120.979364,24.789162],[120.979521,24.789062],[120.979927,24.788732],[120.980003,24.788684],[120.980092,24.788637],[120.980199,24.788596],[120.980288,24.788574],[120.980424,24.788563],[120.980586,24.78856],[120.980924,24.788565],[120.981052,24.788572],[120.981131,24.788567],[120.981123,24.788553],[120.98055,24.788551],[120.980382,24.788555],[120.980241,24.788572],[120.980147,24.788603],[120.980034,24.788651],[120.979969,24.788691],[120.979864,24.788766],[120.979526,24.789043],[120.979416,24.789119],[120.979356,24.789155],[120.979089,24.789272],[120.978904,24.789334],[120.978788,24.789379],[120.978459,24.789489],[120.978142,24.789659],[120.977482,24.790065],[120.977155,24.790206],[120.97715,24.790215]]]]}},{"type":"Feature","properties":{"n":"建功一路53巷","v":"東區","w":1,"c":0.7,"r":2},"geometry":{"type":"MultiPolygon","coordinates":[[[[120.995693,24.798948],[120.995695,24.798974],[120.995604,24.799182],[120.995604,24.799216],[120.995622,24.79929],[120.997213,24.800049],[120.997221,24.800011],[120.99564,24.799282],[120.995617,24.799201],[120.995732,24.79897],[120.995693,24.798948]]]]}},{"type":"Feature","properties":{"n":"建功一路53巷","v":"東區","w":1,"c":0.7,"r":2},"geometry":{"type":"MultiPolygon","coordinates":[[[[120.995813,24.799008],[120.995784,24.799017],[120.99569,24.799204],[120.995698,24.79923],[120.997195,24.799899],[120.997213,24.799882],[120.995724,24.799223],[120.995711,24.799199],[120.995803,24.799029],[120.995813,24.799008]]]]}},{"type":"Feature","properties":{"n":"建功一路51巷","v":"東區","w":1,"c":0.7,"r":2},"geometry":{"type":"MultiPolygon","coordinates":[[[[120.997282,24.799671],[120.995817,24.799004],[120.995804,24.799033],[120.997275,24.79969],[120.997282,24.799671]]]]}},{"type":"Feature","properties":{"n":"寶山路","v":"東區","w":1.2,"c":0.8,"r":20},"geometry":{"type":"MultiPolygon","coordinates":[[[[120.981332,24.788567],[120.981463,24.788553],[120.981753,24.788465],[120.981905,24.788403],[120.983274,24.787791],[120.983719,24.787615],[120.983873,24.787564],[120.984009,24.787524],[120.9842,24.787476],[120.9847,24.787388],[120.986082,24.787106],[120.986236,24.787061],[120.986498,24.786967],[120.986487,24.786956],[120.986249,24.787044],[120.98605,24.787099],[120.984771,24.787364],[120.984242,24.787457],[120.983881,24.78755],[120.983637,24.787634],[120.983295,24.787772],[120.982565,24.788095],[120.982209,24.788257],[120.981738,24.78846],[120.981481,24.788536],[120.981319,24.78856],[120.981332,24.788567]]]]}},{"type":"Feature","properties":{"n":"建功一路51巷","v":"東區","w":1,"c":0.7,"r":2},"geometry":{"type":"MultiPolygon","coordinates":[[[[120.995841,24.798935],[120.997285,24.799597],[120.997298,24.799558],[120.995859,24.798918],[120.995841,24.798935]]]]}},{"type":"Feature","properties":{"n":"寶山路","v":"東區","w":1.2,"c":1.2,"r":3},"geometry":{"type":"MultiPolygon","coordinates":[[[[120.986597,24.786929],[120.986778,24.786836],[120.988094,24.78606],[120.988138,24.786017],[120.988154,24.785971],[120.988136,24.785971],[120.988128,24.786007],[120.988086,24.786057],[120.987929,24.786141],[120.987571,24.786361],[120.986712,24.786858],[120.986581,24.78692],[120.986597,24.786929]]]]}},{"type":"Feature","properties":{"n":"建功一路49巷","v":"東區","w":1,"c":1.7,"r":2},"geometry":{"type":"MultiPolygon","coordinates":[[[[120.997371,24.799343],[120.995749,24.798624],[120.995723,24.79867],[120.997358,24.799365],[120.997371,24.799343]]]]}},{"type":"Feature","properties":{"n":"建功一路49巷","v":"東區","w":1,"c":0.7,"r":2},"geometry":{"type":"MultiPolygon","coordinates":[[[[120.99739,24.799276],[120.997398,24.799254],[120.997387,24.799247],[120.996853,24.798975],[120.996843,24.799013],[120.996858,24.799044],[120.99739,24.799276]]]]}},{"type":"Feature","properties":{"n":"建功一路49巷","v":"東區","w":1,"c":1,"r":2},"geometry":{"type":"MultiPolygon","coordinates":[[[[120.996769,24.798956],[120.996374,24.798776],[120.996374,24.798819],[120.996725,24.79898],[120.996769,24.798956]]]]}},{"type":"Feature","properties":{"n":"建功一路49巷","v":"東區","w":1,"c":0.7,"r":2},"geometry":{"type":"MultiPolygon","coordinates":[[[[120.996294,24.798744],[120.996287,24.798737],[120.995716,24.798513],[120.995706,24.798546],[120.996255,24.798768],[120.996294,24.798744]]]]}},{"type":"Feature","properties":{"n":"建功一路47巷","v":"東區","w":1,"c":0.7,"r":2},"geometry":{"type":"MultiPolygon","coordinates":[[[[120.997475,24.799021],[120.996978,24.798804],[120.996952,24.798814],[120.99746,24.799033],[120.997475,24.799021]]]]}},{"type":"Feature","properties":{"n":"建功一路47巷","v":"東區","w":1,"c":0.7,"r":2},"geometry":{"type":"MultiPolygon","coordinates":[[[[120.996863,24.798794],[120.996873,24.798763],[120.996863,24.798744],[120.996517,24.798591],[120.996476,24.798589],[120.996465,24.798613],[120.996863,24.798794]]]]}},{"type":"Feature","properties":{"n":"建功一路47巷","v":"東區","w":1,"c":0.7,"r":2},"geometry":{"type":"MultiPolygon","coordinates":[[[[120.996379,24.798587],[120.9964,24.79856],[120.996387,24.798532],[120.996091,24.798367],[120.996007,24.798331],[120.995753,24.798245],[120.995735,24.798245],[120.995727,24.798264],[120.996206,24.798453],[120.996379,24.79857],[120.996379,24.798587]]]]}},{"type":"Feature","properties":{"n":"建功一路47巷","v":"東區","w":1,"c":0.7,"r":2},"geometry":{"type":"MultiPolygon","coordinates":[[[[120.997496,24.798954],[120.997491,24.798945],[120.997009,24.798718],[120.99702,24.798749],[120.99747,24.798954],[120.997496,24.798954]]]]}},{"type":"Feature","properties":{"n":"寶山路","v":"東區","w":1.2,"c":1.2,"r":5},"geometry":{"type":"MultiPolygon","coordinates":[[[[120.98824,24.786155],[120.987457,24.786631],[120.986863,24.786967],[120.986599,24.787096],[120.986468,24.787147],[120.98624,24.787233],[120.984383,24.787607],[120.984055,24.787679],[120.98383,24.787741],[120.982389,24.788357],[120.982391,24.788369],[120.983085,24.788068],[120.983809,24.78776],[120.983864,24.787741],[120.984116,24.787677],[120.984783,24.787536],[120.985701,24.787357],[120.986091,24.787276],[120.986225,24.787245],[120.9865,24.787147],[120.986662,24.787077],[120.986874,24.786972],[120.987224,24.786774],[120.987627,24.786538],[120.988266,24.786153],[120.98824,24.786155]]]]}},{"type":"Feature","properties":{"n":"建功一路47巷","v":"東區","w":1,"c":0.7,"r":2},"geometry":{"type":"MultiPolygon","coordinates":[[[[120.996941,24.798675],[120.996531,24.798484],[120.996523,24.798522],[120.99691,24.798694],[120.996941,24.798675]]]]}},{"type":"Feature","properties":{"n":"建功一路47巷","v":"東區","w":1,"c":0.7,"r":2},"geometry":{"type":"MultiPolygon","coordinates":[[[[120.996452,24.798465],[120.996444,24.798458],[120.995848,24.798173],[120.995816,24.7982],[120.996421,24.798479],[120.996452,24.798465]]]]}},{"type":"Feature","properties":{"n":"建新路","v":"東區","w":1.7,"c":1.4,"r":2},"geometry":{"type":"MultiPolygon","coordinates":[[[[121.001777,24.800784],[121.00178,24.800779],[121.001565,24.800674],[121.000984,24.799946],[121.000958,24.799948],[121.001552,24.800703],[121.001777,24.800784]]]]}},{"type":"Feature","properties":{"n":"寶山路","v":"東區","w":1.2,"c":0.6,"r":9},"geometry":{"type":"MultiPolygon","coordinates":[[[[120.97669,24.790528],[120.976708,24.790538],[120.977077,24.790442],[120.97753,24.790232],[120.977739,24.790117],[120.977948,24.789981],[120.978202,24.789828],[120.978362,24.78974],[120.978584,24.789635],[120.979168,24.78943],[120.979414,24.789324],[120.979566,24.789231],[120.979759,24.789088],[120.979927,24.788938],[120.980058,24.788844],[120.980225,24.788763],[120.980285,24.788744],[120.980374,24.78873],[120.980602,24.788723],[120.980801,24.788727],[120.981248,24.788725],[120.981397,24.788718],[120.981575,24.788689],[120.981743,24.788649],[120.981902,24.788601],[120.981884,24.788594],[120.981719,24.788644],[120.981547,24.788685],[120.981431,24.788704],[120.981164,24.788716],[120.980879,24.788711],[120.98044,24.788715],[120.980311,24.788727],[120.980202,24.788758],[120.980089,24.788813],[120.979942,24.788911],[120.97978,24.789055],[120.979665,24.789148],[120.979484,24.789267],[120.97938,24.789329],[120.97921,24.789401],[120.978621,24.789609],[120.978323,24.789742],[120.977946,24.789969],[120.977653,24.790153],[120.977401,24.790282],[120.977061,24.79043],[120.976841,24.790483],[120.97669,24.790528]]]]}},{"type":"Feature","properties":{"n":"建新路","v":"東區","w":1.7,"c":1.4,"r":2},"geometry":{"type":"MultiPolygon","coordinates":[[[[121.001454,24.800736],[121.000577,24.799602],[121.000531,24.799608],[121.001421,24.800748],[121.001441,24.800754],[121.001454,24.800736]]]]}},{"type":"Feature","properties":{"n":"建新路","v":"東區","w":1.7,"c":1,"r":2},"geometry":{"type":"MultiPolygon","coordinates":[[[[121.000336,24.799364],[120.997791,24.798766],[120.997784,24.798826],[121.000316,24.799411],[121.000336,24.799364]]]]}},{"type":"Feature","properties":{"n":"高翠路","v":"東區","w":1.2,"c":1.2,"r":1},"geometry":{"type":"MultiPolygon","coordinates":[[[[120.988159,24.785952],[120.988128,24.785869],[120.987981,24.785608],[120.987953,24.78551],[120.987932,24.785415],[120.987921,24.78526],[120.987966,24.785119],[120.988159,24.784646],[120.988209,24.784543],[120.988324,24.784412],[120.988497,24.784273],[120.989044,24.783891],[120.989141,24.783786],[120.989185,24.783716],[120.989209,24.783635],[120.989214,24.783552],[120.989204,24.783492],[120.989167,24.783384],[120.989115,24.783291],[120.989054,24.783215],[120.988487,24.782637],[120.988413,24.782534],[120.98829,24.782379],[120.988081,24.782008],[120.988068,24.782018],[120.98827,24.782369],[120.988461,24.78262],[120.988691,24.782868],[120.989078,24.783258],[120.98913,24.783339],[120.989175,24.783444],[120.989201,24.783533],[120.989196,24.783626],[120.989177,24.783707],[120.989104,24.78381],[120.988879,24.783996],[120.988361,24.784357],[120.988212,24.784514],[120.988125,24.784679],[120.987908,24.785231],[120.987903,24.785257],[120.98794,24.785539],[120.987994,24.785656],[120.988151,24.785957],[120.988159,24.785952]]]]}},{"type":"Feature","properties":{"n":"高翠路","v":"東區","w":1.2,"c":1.2,"r":0},"geometry":{"type":"MultiPolygon","coordinates":[[[[120.988349,24.785898],[120.988362,24.785893],[120.98832,24.785862],[120.988142,24.785556],[120.988095,24.785313],[120.988124,24.785162],[120.988263,24.784833],[120.988292,24.784823],[120.988352,24.784837],[120.988396,24.784856],[120.988399,24.784845],[120.988388,24.784835],[120.988323,24.784813],[120.988284,24.784809],[120.98825,24.784818],[120.988108,24.78516],[120.988082,24.785313],[120.988093,24.785392],[120.988132,24.785561],[120.988247,24.785771],[120.988315,24.785874],[120.988349,24.785898]]]]}},{"type":"Feature","properties":{"n":"文化街","v":"東區","w":2.2,"c":1,"r":2},"geometry":{"type":"MultiPolygon","coordinates":[[[[120.97109,24.805848],[120.971095,24.805864],[120.971111,24.806043],[120.971108,24.806187],[120.971056,24.806371],[120.970773,24.806801],[120.97081,24.806829],[120.97109,24.806402],[120.971153,24.806196],[120.971169,24.806046],[120.971129,24.805845],[120.97109,24.805848]]]]}},{"type":"Feature","properties":{"n":"高翠路","v":"東區","w":1.2,"c":1.2,"r":3},"geometry":{"type":"MultiPolygon","coordinates":[[[[120.988306,24.784694],[120.988316,24.784716],[120.988353,24.78463],[120.988476,24.784496],[120.988615,24.784386],[120.988842,24.784233],[120.989099,24.784052],[120.989175,24.783987],[120.98929,24.783858],[120.98935,24.783734],[120.989387,24.783576],[120.989371,24.783576],[120.989324,24.78376],[120.989274,24.783858],[120.989143,24.784001],[120.988942,24.784149],[120.988513,24.784448],[120.988429,24.784522],[120.988351,24.78461],[120.988306,24.784694]]]]}},{"type":"Feature","properties":{"n":"土城橋","v":"東區","w":2.2,"c":2.2,"r":2},"geometry":{"type":"MultiPolygon","coordinates":[[[[120.970856,24.805925],[120.971091,24.80587],[120.971086,24.805842],[120.970898,24.805885],[120.970853,24.805908],[120.970856,24.805925]]]]}},{"type":"Feature","properties":{"n":"土城橋","v":"東區","w":2.2,"c":2.2,"r":2},"geometry":{"type":"MultiPolygon","coordinates":[[[[120.970785,24.805735],[120.970829,24.80577],[120.97085,24.805778],[120.971104,24.805725],[120.971143,24.805704],[120.971136,24.805675],[120.971138,24.805661],[120.970816,24.805735],[120.970785,24.805735]]]]}},{"type":"Feature","properties":{"n":"高翠路","v":"東區","w":1.2,"c":1.2,"r":1},"geometry":{"type":"MultiPolygon","coordinates":[[[[120.989397,24.783454],[120.989392,24.783442],[120.989379,24.783438],[120.989361,24.783411],[120.98934,24.783337],[120.989261,24.783196],[120.989104,24.783029],[120.988819,24.782747],[120.988547,24.782451],[120.98839,24.782236],[120.988374,24.782181],[120.988406,24.782138],[120.988387,24.78214],[120.988361,24.782181],[120.988369,24.782217],[120.988393,24.782262],[120.988534,24.782458],[120.988625,24.782563],[120.988806,24.782752],[120.989141,24.783079],[120.989256,24.783208],[120.989327,24.78334],[120.989348,24.783411],[120.989368,24.783447],[120.989397,24.783454]]]]}},{"type":"Feature","properties":{"n":"高翠路","v":"東區","w":1.2,"c":0.2,"r":0},"geometry":{"type":"MultiPolygon","coordinates":[[[[120.988292,24.782065],[120.988305,24.782065],[120.988122,24.781721],[120.988111,24.781724],[120.988292,24.782065]]]]}},{"type":"Feature","properties":{"n":"寶山路","v":"東區","w":1.6,"c":1.2,"r":2},"geometry":{"type":"MultiPolygon","coordinates":[[[[120.988371,24.785897],[120.988934,24.78555],[120.988939,24.785536],[120.988376,24.785885],[120.988358,24.785885],[120.988371,24.785897]]]]}},{"type":"Feature","properties":{"n":"寶山路","v":"東區","w":1.6,"c":1.4,"r":5},"geometry":{"type":"MultiPolygon","coordinates":[[[[120.989051,24.785481],[120.989847,24.784996],[120.98998,24.784934],[120.990132,24.784882],[120.990292,24.784839],[120.990598,24.784808],[120.990627,24.78476],[120.990614,24.784741],[120.990577,24.784791],[120.990297,24.784815],[120.990054,24.784882],[120.989907,24.784941],[120.989711,24.785046],[120.989017,24.785474],[120.989051,24.785481]]]]}},{"type":"Feature","properties":{"n":"寶山路452巷","v":"東區","w":1.2,"c":0.2,"r":2},"geometry":{"type":"MultiPolygon","coordinates":[[[[120.990627,24.784738],[120.99054,24.784175],[120.990289,24.783816],[120.9903,24.783551],[120.99026,24.783522],[120.989593,24.783527],[120.989593,24.783544],[120.99025,24.78353],[120.990294,24.783556],[120.990279,24.783826],[120.990533,24.784179],[120.990616,24.784743],[120.990627,24.784738]]]]}},{"type":"Feature","properties":{"n":"府後街","v":"東區","w":2.2,"c":1,"r":2},"geometry":{"type":"MultiPolygon","coordinates":[[[[120.970816,24.805724],[120.970502,24.804628],[120.970468,24.804628],[120.970785,24.805734],[120.970798,24.805734],[120.970816,24.805724]]]]}},{"type":"Feature","properties":{"n":"寶山路452巷","v":"東區","w":1.2,"c":0.7,"r":2},"geometry":{"type":"MultiPolygon","coordinates":[[[[120.990747,24.784805],[120.99076,24.784803],[120.990729,24.784769],[120.990695,24.784581],[120.990703,24.784554],[120.990697,24.784547],[120.990684,24.784578],[120.990721,24.784774],[120.990747,24.784805]]]]}},{"type":"Feature","properties":{"n":"寶山路452巷","v":"東區","w":1.2,"c":0.8,"r":2},"geometry":{"type":"MultiPolygon","coordinates":[[[[120.990669,24.784457],[120.990684,24.784464],[120.990642,24.784196],[120.990632,24.784213],[120.990669,24.784457]]]]}},{"type":"Feature","properties":{"n":"寶山路","v":"東區","w":0.8,"c":0.5,"r":1},"geometry":{"type":"MultiPolygon","coordinates":[[[[120.990764,24.784808],[120.991607,24.784805],[120.991633,24.784789],[120.991641,24.784774],[120.99163,24.784772],[120.991604,24.784796],[120.990761,24.784798],[120.990764,24.784808]]]]}},{"type":"Feature","properties":{"n":"水源街","v":"東區","w":1.7,"c":1.4,"r":2},"geometry":{"type":"MultiPolygon","coordinates":[[[[120.991353,24.800611],[120.991377,24.80059],[120.991377,24.800552],[120.991047,24.799985],[120.990958,24.799919],[120.990937,24.799921],[120.991353,24.800611]]]]}},{"type":"Feature","properties":{"n":"水源街","v":"東區","w":1.7,"c":1.4,"r":2},"geometry":{"type":"MultiPolygon","coordinates":[[[[120.993919,24.804573],[120.993932,24.804558],[120.99317,24.803247],[120.993144,24.803264],[120.993906,24.804568],[120.993919,24.804573]]]]}},{"type":"Feature","properties":{"n":"水源街","v":"東區","w":1.7,"c":1.4,"r":2},"geometry":{"type":"MultiPolygon","coordinates":[[[[120.993025,24.803059],[120.993051,24.803052],[120.993054,24.80304],[120.992206,24.801576],[120.99218,24.801593],[120.99218,24.801631],[120.993025,24.803059]]]]}},{"type":"Feature","properties":{"n":"新安路","v":"東區","w":1.4,"c":1,"r":3},"geometry":{"type":"MultiPolygon","coordinates":[[[[120.991857,24.784777],[120.991901,24.78481],[120.992003,24.78482],[120.992252,24.784822],[120.992359,24.784808],[120.992443,24.784774],[120.992537,24.784719],[120.99267,24.784626],[120.992919,24.784395],[120.993576,24.783833],[120.993641,24.783783],[120.993759,24.783723],[120.993898,24.783671],[120.994034,24.78364],[120.994361,24.783623],[120.994562,24.783628],[120.994607,24.783618],[120.994628,24.78359],[120.994617,24.783499],[120.994599,24.783499],[120.994604,24.783585],[120.994588,24.783604],[120.994081,24.783618],[120.994,24.783625],[120.993809,24.78368],[120.993691,24.783733],[120.993641,24.783762],[120.993552,24.783831],[120.993047,24.784254],[120.992867,24.784406],[120.992649,24.784607],[120.992529,24.7847],[120.992448,24.784748],[120.992375,24.784779],[120.992322,24.784791],[120.992189,24.784801],[120.992011,24.784801],[120.991904,24.784791],[120.991854,24.78475],[120.991857,24.784777]]]]}},{"type":"Feature","properties":{"n":"水源街","v":"東區","w":15,"c":1.4,"r":2},"geometry":{"type":"MultiPolygon","coordinates":[[[[120.992053,24.801708],[120.991454,24.800674],[120.991409,24.800684],[120.992024,24.801706],[120.992045,24.801723],[120.992053,24.801708]]]]}},{"type":"Feature","properties":{"n":"水源街","v":"東區","w":1.7,"c":1,"r":2},"geometry":{"type":"MultiPolygon","coordinates":[[[[120.992139,24.801436],[120.992121,24.801424],[120.991197,24.799845],[120.991174,24.799855],[120.991169,24.799907],[120.992056,24.801422],[120.992108,24.801443],[120.992139,24.801436]]]]}},{"type":"Feature","properties":{"n":"新源街","v":"東區","w":2.2,"c":1.9,"r":2},"geometry":{"type":"MultiPolygon","coordinates":[[[[120.99421,24.804424],[120.993446,24.803144],[120.99342,24.803156],[120.994171,24.804415],[120.99421,24.804424]]]]}},{"type":"Feature","properties":{"n":"新安路","v":"東區","w":1.4,"c":0.2,"r":2},"geometry":{"type":"MultiPolygon","coordinates":[[[[120.995075,24.783613],[120.995125,24.783661],[120.995174,24.783668],[120.995596,24.78368],[120.995727,24.783666],[120.995808,24.783647],[120.995959,24.783587],[120.996082,24.783513],[120.99648,24.783246],[120.996499,24.783224],[120.996496,24.7832],[120.996475,24.783207],[120.99648,24.783227],[120.996407,24.783279],[120.995999,24.783551],[120.995907,24.783597],[120.995779,24.783642],[120.995693,24.783661],[120.995517,24.783668],[120.995133,24.783654],[120.995086,24.783606],[120.995075,24.783613]]]]}},{"type":"Feature","properties":{"n":"新源街","v":"東區","w":2.2,"c":1.9,"r":2},"geometry":{"type":"MultiPolygon","coordinates":[[[[120.994369,24.804361],[120.993642,24.803099],[120.993613,24.803121],[120.994348,24.804373],[120.994359,24.804361],[120.994369,24.804361]]]]}},{"type":"Feature","properties":{"n":"新源街","v":"東區","w":2.2,"c":1.5,"r":2},"geometry":{"type":"MultiPolygon","coordinates":[[[[120.99246,24.801469],[120.992408,24.801469],[120.993298,24.802936],[120.993339,24.802941],[120.99245,24.801479],[120.99246,24.801469]]]]}},{"type":"Feature","properties":{"n":"新源街","v":"東區","w":1.7,"c":1,"r":2},"geometry":{"type":"MultiPolygon","coordinates":[[[[120.993458,24.802865],[120.993492,24.802842],[120.992639,24.801368],[120.992621,24.801451],[120.993458,24.802865]]]]}},{"type":"Feature","properties":{"n":"新安路","v":"東區","w":1.4,"c":1.4,"r":2},"geometry":{"type":"MultiPolygon","coordinates":[[[[120.996614,24.783114],[120.996679,24.783112],[120.997137,24.782856],[120.997147,24.782828],[120.997147,24.782806],[120.997132,24.782818],[120.997129,24.782851],[120.996669,24.7831],[120.996598,24.7831],[120.996614,24.783114]]]]}},{"type":"Feature","properties":{"n":"新源街","v":"東區","w":1.7,"c":1.4,"r":2},"geometry":{"type":"MultiPolygon","coordinates":[[[[120.991394,24.799768],[120.992344,24.801326],[120.99235,24.801268],[120.991478,24.799797],[120.991431,24.799754],[120.991394,24.799768]]]]}},{"type":"Feature","properties":{"n":"新安路","v":"東區","w":1.4,"c":1.4,"r":6},"geometry":{"type":"MultiPolygon","coordinates":[[[[120.997366,24.782717],[120.997405,24.782758],[120.998498,24.782502],[121.000055,24.782125],[121.00184,24.781713],[121.002972,24.781433],[121.002998,24.781403],[121.002959,24.781391],[120.997372,24.782717],[120.997366,24.782717]]]]}},{"type":"Feature","properties":{"n":"新源街","v":"東區","w":1.7,"c":1.4,"r":null},"geometry":{"type":"MultiPolygon","coordinates":[[[[120.992553,24.801223],[120.992526,24.801214],[120.99221,24.800698],[120.992184,24.800712],[120.992466,24.801214],[120.992553,24.801223]]]]}},{"type":"Feature","properties":{"n":"新源街","v":"東區","w":1.7,"c":1.4,"r":null},"geometry":{"type":"MultiPolygon","coordinates":[[[[120.992157,24.800664],[120.992176,24.800657],[120.992178,24.800645],[120.992021,24.80038],[120.991998,24.800392],[120.992157,24.800664]]]]}},{"type":"Feature","properties":{"n":"新源街","v":"東區","w":1.7,"c":1.4,"r":null},"geometry":{"type":"MultiPolygon","coordinates":[[[[120.991973,24.800353],[120.99201,24.80033],[120.991803,24.79999],[120.991769,24.800012],[120.991973,24.800353]]]]}},{"type":"Feature","properties":{"n":"新源街","v":"東區","w":1.7,"c":1.4,"r":2},"geometry":{"type":"MultiPolygon","coordinates":[[[[120.991711,24.799926],[120.991714,24.799921],[120.991761,24.799916],[120.991649,24.799689],[120.991615,24.799751],[120.991711,24.799926]]]]}},{"type":"Feature","properties":{"n":"建中一路","v":"東區","w":1.7,"c":1.4,"r":2},"geometry":{"type":"MultiPolygon","coordinates":[[[[120.99221,24.801577],[120.992231,24.801593],[120.992417,24.801502],[120.992411,24.801483],[120.99239,24.801479],[120.99221,24.801577]]]]}},{"type":"Feature","properties":{"n":"建中一路","v":"東區","w":50,"c":1.4,"r":2},"geometry":{"type":"MultiPolygon","coordinates":[[[[120.992118,24.801412],[120.99215,24.801438],[120.992338,24.801328],[120.992317,24.80129],[120.992118,24.801412]]]]}},{"type":"Feature","properties":{"n":"新安路","v":"東區","w":1.2,"c":0.8,"r":2},"geometry":{"type":"MultiPolygon","coordinates":[[[[121.00281,24.781702],[121.002766,24.781702],[121.001842,24.781922],[121.001829,24.781944],[121.001829,24.78198],[121.00185,24.782035],[121.001863,24.782032],[121.001837,24.781975],[121.001847,24.781932],[121.002768,24.781712],[121.002821,24.781712],[121.00281,24.781702]]]]}},{"type":"Feature","properties":{"n":"新安路","v":"東區","w":1.2,"c":0.6,"r":10},"geometry":{"type":"MultiPolygon","coordinates":[[[[121.001729,24.782058],[121.001706,24.781992],[121.001677,24.781963],[120.998684,24.782675],[120.998678,24.782699],[120.99871,24.782842],[120.998783,24.783028],[120.998909,24.783198],[120.99905,24.78332],[120.99917,24.783387],[120.999272,24.783434],[120.999437,24.783475],[120.999605,24.783497],[121.000042,24.783477],[121.000165,24.783468],[121.000463,24.783434],[121.000539,24.783418],[121.001117,24.783258],[121.001947,24.783012],[121.002004,24.78299],[121.002043,24.782959],[121.002062,24.782906],[121.002049,24.782902],[121.002017,24.782971],[121.001988,24.782988],[121.000515,24.783413],[121.000413,24.78343],[121.000023,24.783465],[120.999647,24.783485],[120.99955,24.783477],[120.999293,24.783432],[120.999231,24.783403],[120.999042,24.783298],[120.998924,24.783191],[120.998796,24.783024],[120.998726,24.782847],[120.998692,24.782699],[120.998697,24.782689],[121.001667,24.781975],[121.001693,24.781994],[121.001719,24.782058],[121.001729,24.782058]]]]}},{"type":"Feature","properties":{"n":"新安路","v":"東區","w":1.2,"c":0.4,"r":13},"geometry":{"type":"MultiPolygon","coordinates":[[[[120.998521,24.782715],[120.997712,24.782902],[120.997374,24.782988],[120.997121,24.783102],[120.996966,24.783188],[120.996309,24.783625],[120.996056,24.783771],[120.995883,24.783838],[120.995695,24.783876],[120.995566,24.783883],[120.995221,24.783876],[120.994172,24.783821],[120.994085,24.783831],[120.993928,24.783871],[120.993808,24.783929],[120.993643,24.784048],[120.993395,24.78427],[120.993376,24.784328],[120.993389,24.784371],[120.993523,24.784509],[120.993538,24.784512],[120.993392,24.784347],[120.993413,24.784292],[120.993821,24.783955],[120.993918,24.78391],[120.994101,24.783845],[120.994234,24.78384],[120.995108,24.783883],[120.995613,24.783891],[120.995789,24.783869],[120.995906,24.783843],[120.996043,24.783788],[120.996166,24.783728],[120.99632,24.783633],[120.996982,24.783191],[120.997223,24.783066],[120.997361,24.783007],[120.997576,24.782947],[120.998539,24.782722],[120.998521,24.782715]]]]}},{"type":"Feature","properties":{"n":"建中一路","v":"東區","w":1.7,"c":1.4,"r":null},"geometry":{"type":"MultiPolygon","coordinates":[[[[120.992648,24.801369],[120.992666,24.80139],[120.993203,24.80114],[120.993182,24.801101],[120.992648,24.801369]]]]}},{"type":"Feature","properties":{"n":"建中一路","v":"東區","w":1.7,"c":1.4,"r":1},"geometry":{"type":"MultiPolygon","coordinates":[[[[120.993245,24.801116],[120.993786,24.800841],[120.993773,24.800803],[120.993231,24.801082],[120.993245,24.801116]]]]}},{"type":"Feature","properties":{"n":" 建中一路","v":"東區","w":1.7,"c":1.4,"r":null},"geometry":{"type":"MultiPolygon","coordinates":[[[[120.993812,24.800786],[120.993826,24.800815],[120.993831,24.800815],[120.994346,24.800573],[120.994318,24.800538],[120.993812,24.800786]]]]}},{"type":"Feature","properties":{"n":"新安路","v":"東區","w":1.2,"c":1.2,"r":5},"geometry":{"type":"MultiPolygon","coordinates":[[[[120.990797,24.784977],[120.990794,24.784989],[120.991674,24.784992],[120.991854,24.784996],[120.992027,24.785028],[120.992129,24.785037],[120.992257,24.785044],[120.992404,24.785037],[120.992535,24.784994],[120.992668,24.78492],[120.992739,24.78487],[120.993113,24.784547],[120.993173,24.784483],[120.993223,24.784473],[120.993267,24.784485],[120.993356,24.784567],[120.993364,24.784559],[120.993278,24.784481],[120.993223,24.784461],[120.993165,24.784476],[120.993131,24.784514],[120.99276,24.784829],[120.992655,24.784913],[120.992542,24.784968],[120.992511,24.784989],[120.992372,24.785028],[120.992262,24.785032],[120.992058,24.78502],[120.991872,24.784987],[120.99181,24.78498],[120.990826,24.784977],[120.990797,24.784977]]]]}},{"type":"Feature","properties":{"n":"建功一路59巷","v":"東區","w":1.2,"c":1.2,"r":2},"geometry":{"type":"MultiPolygon","coordinates":[[[[120.994299,24.799994],[120.995726,24.800283],[120.995935,24.800384],[120.996992,24.800591],[120.997,24.800568],[120.995943,24.800367],[120.995736,24.800267],[120.994291,24.79997],[120.994297,24.799977],[120.994299,24.799994]]]]}},{"type":"Feature","properties":{"n":"建功一路59巷","v":"東區","w":1.7,"c":1.4,"r":null},"geometry":{"type":"MultiPolygon","coordinates":[[[[120.994545,24.800263],[120.99456,24.800299],[120.994796,24.800201],[120.995335,24.800318],[120.995406,24.800302],[120.995686,24.80038],[120.995974,24.800538],[120.99695,24.800746],[120.996965,24.800693],[120.995971,24.800502],[120.995678,24.800359],[120.995403,24.800287],[120.99533,24.800294],[120.994775,24.800175],[120.994545,24.800263]]]]}},{"type":"Feature","properties":{"n":"新安路","v":"東區","w":1.2,"c":1.2,"r":2},"geometry":{"type":"MultiPolygon","coordinates":[[[[120.990588,24.784984],[120.990562,24.784961],[120.990483,24.784965],[120.990337,24.784987],[120.990195,24.785015],[120.98992,24.785133],[120.989599,24.785319],[120.988505,24.78599],[120.988471,24.786023],[120.988458,24.786059],[120.988458,24.7861],[120.988481,24.786131],[120.988492,24.786121],[120.988471,24.786098],[120.988476,24.786052],[120.988489,24.786023],[120.98907,24.785656],[120.989588,24.785338],[120.989928,24.78514],[120.990203,24.785025],[120.990423,24.784984],[120.990543,24.78497],[120.990582,24.784994],[120.990588,24.784984]]]]}},{"type":"Feature","properties":{"n":"建美路","v":"東區","w":2.2,"c":1,"r":2},"geometry":{"type":"MultiPolygon","coordinates":[[[[120.997193,24.800967],[120.997185,24.80101],[120.998083,24.802524],[120.998093,24.802477],[120.997193,24.800967]]]]}},{"type":"Feature","properties":{"n":"建功一路 104巷","v":"東區","w":1.2,"c":0.9,"r":2},"geometry":{"type":"MultiPolygon","coordinates":[[[[120.997315,24.800371],[120.997346,24.8004],[121.001049,24.801169],[121.001093,24.801159],[121.000813,24.801104],[120.997346,24.800381],[120.997315,24.800371]]]]}},{"type":"Feature","properties":{"n":"愛民街","v":"東區","w":1.5,"c":1.5,"r":1},"geometry":{"type":"MultiPolygon","coordinates":[[[[121.007516,24.784822],[121.007506,24.784834],[121.007932,24.784991],[121.00794,24.785022],[121.007872,24.785159],[121.007888,24.785173],[121.007956,24.785022],[121.007943,24.784982],[121.007516,24.784822]]]]}},{"type":"Feature","properties":{"n":"園區一路","v":"東區","w":1.4,"c":1.4,"r":2},"geometry":{"type":"MultiPolygon","coordinates":[[[[121.006897,24.784307],[121.00692,24.784302],[121.006875,24.784135],[121.006823,24.783435],[121.006836,24.783184],[121.007042,24.782194],[121.007082,24.781807],[121.007056,24.781537],[121.007032,24.78138],[121.006935,24.781102],[121.006752,24.780682],[121.006734,24.780688],[121.006864,24.780993],[121.006969,24.781279],[121.007035,24.781536],[121.007054,24.781811],[121.007022,24.782163],[121.006871,24.782862],[121.006819,24.78316],[121.006799,24.783417],[121.006819,24.783776],[121.006852,24.784128],[121.006897,24.784307]]]]}},{"type":"Feature","properties":{"n":"湖濱三路","v":"東區","w":2,"c":1.9,"r":2},"geometry":{"type":"MultiPolygon","coordinates":[[[[121.011089,24.777098],[121.012397,24.776966],[121.012389,24.776949],[121.011097,24.77709],[121.011089,24.777098]]]]}},{"type":"Feature","properties":{"n":"新安路","v":"東區","w":3.2,"c":3.2,"r":4},"geometry":{"type":"MultiPolygon","coordinates":[[[[121.006433,24.780788],[121.005983,24.780936],[121.006041,24.781206],[121.006232,24.781189],[121.006234,24.781165],[121.006054,24.781191],[121.006004,24.780953],[121.006444,24.780802],[121.006433,24.780792],[121.006433,24.780788]]]]}},{"type":"Feature","properties":{"n":"鐵道路一段","v":"東區","w":3.8,"c":3,"r":3},"geometry":{"type":"MultiPolygon","coordinates":[[[[120.98511,24.810631],[120.985115,24.81061],[120.985058,24.810631],[120.985034,24.810655],[120.985008,24.810715],[120.984922,24.810985],[120.984848,24.811142],[120.984751,24.811309],[120.984765,24.811317],[120.984736,24.811376],[120.98472,24.811364],[120.984665,24.811446],[120.984573,24.811541],[120.984233,24.811866],[120.984262,24.811885],[120.9846,24.81157],[120.984738,24.811407],[120.98484,24.811221],[120.98495,24.810963],[120.985053,24.810665],[120.98511,24.810631]]]]}},{"type":"Feature","properties":{"n":"湖濱三路","v":"東區","w":3,"c":2.2,"r":3},"geometry":{"type":"MultiPolygon","coordinates":[[[[121.012554,24.776949],[121.013891,24.776813],[121.013902,24.776856],[121.014135,24.776832],[121.01414,24.776796],[121.014603,24.776744],[121.0146,24.776729],[121.014135,24.776784],[121.014116,24.776818],[121.013941,24.776839],[121.013912,24.776799],[121.012562,24.776935],[121.012554,24.776949]]]]}},{"type":"Feature","properties":{"n":"新安路","v":"東區","w":2.4,"c":2.4,"r":2},"geometry":{"type":"MultiPolygon","coordinates":[[[[121.005418,24.781275],[121.005413,24.781275],[121.005421,24.781285],[121.005638,24.781254],[121.005591,24.781048],[121.005172,24.78117],[121.005162,24.781177],[121.005141,24.781251],[121.00517,24.781294],[121.005206,24.781294],[121.005188,24.781289],[121.005159,24.781258],[121.005162,24.781208],[121.005175,24.78118],[121.005583,24.781065],[121.005614,24.781244],[121.005418,24.781275]]]]}},{"type":"Feature","properties":{"n":"湖濱三路","v":"東區","w":2,"c":1.7,"r":2},"geometry":{"type":"MultiPolygon","coordinates":[[[[121.014658,24.776729],[121.015121,24.776682],[121.015113,24.776665],[121.014666,24.77671],[121.014666,24.776715],[121.014658,24.776729]]]]}},{"type":"Feature","properties":{"n":"科技路","v":"東區","w":4.2,"c":3.5,"r":4},"geometry":{"type":"MultiPolygon","coordinates":[[[[121.005363,24.782971],[121.005361,24.782974],[121.005376,24.782966],[121.00519,24.78144],[121.005177,24.781449],[121.005363,24.782971]]]]}},{"type":"Feature","properties":{"n":"湖濱三路","v":"東區","w":2,"c":1.4,"r":2},"geometry":{"type":"MultiPolygon","coordinates":[[[[121.011099,24.776997],[121.011099,24.777007],[121.01117,24.777002],[121.011183,24.776976],[121.01133,24.776952],[121.011356,24.77698],[121.012099,24.776902],[121.012096,24.77688],[121.011358,24.776961],[121.011338,24.776937],[121.011173,24.776959],[121.011157,24.77699],[121.011099,24.776997]]]]}},{"type":"Feature","properties":{"n":"湖濱三路","v":"東區","w":2,"c":1,"r":4},"geometry":{"type":"MultiPolygon","coordinates":[[[[121.012119,24.776892],[121.013525,24.776737],[121.013531,24.776695],[121.013754,24.776671],[121.013767,24.776713],[121.015121,24.776575],[121.015117,24.776557],[121.013775,24.776701],[121.013764,24.77666],[121.013521,24.776682],[121.013503,24.776727],[121.012129,24.776861],[121.012122,24.776867],[121.012119,24.776892]]]]}},{"type":"Feature","properties":{"n":"新安路","v":"東區","w":3.2,"c":3.2,"r":2},"geometry":{"type":"MultiPolygon","coordinates":[[[[121.004098,24.781454],[121.004106,24.781464],[121.004122,24.781471],[121.004983,24.781273],[121.005053,24.781739],[121.004773,24.781794],[121.004768,24.78181],[121.005077,24.781755],[121.005004,24.781266],[121.004957,24.781244],[121.004098,24.781454]]]]}},{"type":"Feature","properties":{"n":"自由路","v":"東區","w":1.5,"c":1.1,"r":2},"geometry":{"type":"MultiPolygon","coordinates":[[[[120.982041,24.811291],[120.982054,24.811298],[120.982201,24.811098],[120.982191,24.811091],[120.982041,24.811291]]]]}},{"type":"Feature","properties":{"n":"民治街","v":"東區","w":4.4,"c":4.4,"r":0},"geometry":{"type":"MultiPolygon","coordinates":[[[[121.007955,24.783529],[121.007957,24.783534],[121.007968,24.783534],[121.00814,24.783271],[121.00813,24.783264],[121.007955,24.783529]]]]}},{"type":"Feature","properties":{"n":"湖濱二路","v":"東區","w":2,"c":1.7,"r":2},"geometry":{"type":"MultiPolygon","coordinates":[[[[121.011055,24.777756],[121.011733,24.777689],[121.011725,24.777674],[121.011052,24.777741],[121.01105,24.777748],[121.011055,24.777756]]]]}},{"type":"Feature","properties":{"n":"湖濱二路","v":"東區","w":2,"c":1.5,"r":5},"geometry":{"type":"MultiPolygon","coordinates":[[[[121.011906,24.777685],[121.012662,24.777607],[121.012675,24.77764],[121.013306,24.777571],[121.013319,24.777549],[121.01396,24.777477],[121.01396,24.777463],[121.013322,24.777535],[121.013288,24.777559],[121.012709,24.777623],[121.012675,24.777587],[121.011903,24.777669],[121.011906,24.777671],[121.011906,24.777685]]]]}},{"type":"Feature","properties":{"n":"科技路","v":"東區","w":1.5,"c":1.5,"r":2},"geometry":{"type":"MultiPolygon","coordinates":[[[[121.005244,24.783065],[121.005223,24.783067],[121.005267,24.783416],[121.005278,24.783395],[121.005246,24.783058],[121.005244,24.783065]]]]}},{"type":"Feature","properties":{"n":"湖濱二路","v":"東區","w":2,"c":1.9,"r":4},"geometry":{"type":"MultiPolygon","coordinates":[[[[121.011057,24.77768],[121.011261,24.777656],[121.011272,24.777627],[121.01157,24.777596],[121.011583,24.777622],[121.012499,24.777529],[121.012491,24.777517],[121.011593,24.777605],[121.01158,24.777577],[121.011269,24.777608],[121.011245,24.777646],[121.011062,24.777665],[121.011057,24.77768]]]]}},{"type":"Feature","properties":{"n":"科技路","v":"東區","w":3.5,"c":3.5,"r":2},"geometry":{"type":"MultiPolygon","coordinates":[[[[121.005152,24.782402],[121.005163,24.782373],[121.0051,24.781877],[121.005079,24.781869],[121.005152,24.782402]]]]}},{"type":"Feature","properties":{"n":"園區一路","v":"東區","w":2.5,"c":1.7,"r":0},"geometry":{"type":"MultiPolygon","coordinates":[[[[121.007509,24.778251],[121.008001,24.778662],[121.009115,24.7778],[121.009112,24.77779],[121.008006,24.778648],[121.007522,24.778249],[121.007511,24.778249],[121.007509,24.778251]]]]}},{"type":"Feature","properties":{"n":"科技路","v":"東區","w":1.5,"c":1.5,"r":2},"geometry":{"type":"MultiPolygon","coordinates":[[[[121.005213,24.782992],[121.005244,24.782985],[121.005192,24.782564],[121.005158,24.782536],[121.005213,24.782992]]]]}},{"type":"Feature","properties":{"n":"湖濱二路","v":"東區","w":2,"c":0.5,"r":2},"geometry":{"type":"MultiPolygon","coordinates":[[[[121.014106,24.777448],[121.01435,24.777426],[121.014358,24.77745],[121.014737,24.777406],[121.014727,24.77739],[121.014787,24.777383],[121.014784,24.777368],[121.014711,24.77738],[121.014722,24.777402],[121.014374,24.777438],[121.014363,24.777416],[121.014115,24.777438],[121.014106,24.777448]]]]}},{"type":"Feature","properties":{"n":"科技路","v":"東區","w":4.2,"c":4.2,"r":2},"geometry":{"type":"MultiPolygon","coordinates":[[[[121.005422,24.783405],[121.005438,24.783405],[121.005417,24.783236],[121.005404,24.783233],[121.005422,24.783405]]]]}},{"type":"Feature","properties":{"n":"科技路","v":"北區","w":4.2,"c":4.2,"r":2},"geometry":{"type":"MultiPolygon","coordinates":[[[[121.005385,24.783177],[121.005411,24.783182],[121.005396,24.783053],[121.005372,24.783053],[121.005385,24.783177]]]]}},{"type":"Feature","properties":{"n":"園區一路","v":"東區","w":2.5,"c":1.6,"r":1},"geometry":{"type":"MultiPolygon","coordinates":[[[[121.007553,24.77821],[121.007545,24.778191],[121.007171,24.778556],[121.007024,24.778717],[121.006914,24.77885],[121.00681,24.779001],[121.006606,24.779426],[121.006501,24.779892],[121.006504,24.779987],[121.006606,24.780482],[121.006637,24.780496],[121.006585,24.780322],[121.006535,24.780069],[121.006517,24.779882],[121.006545,24.779722],[121.006645,24.779364],[121.006807,24.779053],[121.006899,24.778903],[121.00699,24.778783],[121.007241,24.778506],[121.007553,24.77821]]]]}},{"type":"Feature","properties":{"n":"湖濱二路","v":"東區","w":2,"c":2,"r":5},"geometry":{"type":"MultiPolygon","coordinates":[[[[121.01262,24.777504],[121.013827,24.77738],[121.013829,24.777363],[121.013921,24.777351],[121.013926,24.77737],[121.013991,24.777368],[121.014719,24.777289],[121.014711,24.777267],[121.013952,24.777356],[121.013942,24.777332],[121.013816,24.777346],[121.013798,24.777368],[121.012618,24.777485],[121.01262,24.777504]]]]}},{"type":"Feature","properties":{"n":"湖濱一路","v":"東區","w":2,"c":1.5,"r":5},"geometry":{"type":"MultiPolygon","coordinates":[[[[121.011792,24.777696],[121.011863,24.778229],[121.011939,24.778305],[121.012109,24.778294],[121.012116,24.778341],[121.01237,24.778315],[121.012362,24.778267],[121.012742,24.778227],[121.01275,24.778286],[121.013058,24.778253],[121.013056,24.778198],[121.013239,24.778179],[121.013236,24.778238],[121.013532,24.77821],[121.013532,24.778148],[121.013668,24.778133],[121.013673,24.778193],[121.01399,24.778167],[121.013982,24.7781],[121.014081,24.778083],[121.014129,24.778052],[121.014163,24.777985],[121.014102,24.77746],[121.014092,24.777469],[121.014147,24.77798],[121.014071,24.778069],[121.013961,24.778081],[121.013966,24.778148],[121.013692,24.778174],[121.013681,24.778117],[121.013508,24.778136],[121.013514,24.778198],[121.013257,24.778219],[121.013257,24.778164],[121.013037,24.778181],[121.013043,24.778243],[121.012765,24.77827],[121.012755,24.77821],[121.012347,24.778253],[121.012352,24.778303],[121.012132,24.778325],[121.012127,24.778274],[121.011946,24.778289],[121.011886,24.778222],[121.01181,24.777692],[121.011792,24.777696]]]]}},{"type":"Feature","properties":{"n":"湖濱一路","v":"東區","w":2,"c":1.5,"r":3},"geometry":{"type":"MultiPolygon","coordinates":[[[[121.011889,24.777694],[121.011957,24.778196],[121.011999,24.778222],[121.01208,24.778217],[121.012077,24.778198],[121.012339,24.778172],[121.012341,24.778196],[121.013281,24.77809],[121.013278,24.778066],[121.013953,24.778007],[121.013953,24.778026],[121.014029,24.778009],[121.014063,24.777971],[121.014008,24.777476],[121.013995,24.777484],[121.014045,24.777957],[121.014021,24.777997],[121.013966,24.778009],[121.013966,24.777992],[121.013262,24.778055],[121.013265,24.778081],[121.012357,24.778181],[121.012352,24.77815],[121.012056,24.778181],[121.012059,24.778208],[121.012004,24.778208],[121.011978,24.778179],[121.011907,24.777692],[121.011889,24.777694]]]]}},{"type":"Feature","properties":{"n":"工業東三路","v":"東區","w":0.8,"c":0.8,"r":2},"geometry":{"type":"MultiPolygon","coordinates":[[[[121.004461,24.77528],[121.004623,24.775567],[121.004785,24.775784],[121.004906,24.775918],[121.005099,24.776092],[121.005285,24.776204],[121.005421,24.776276],[121.005434,24.776259],[121.005301,24.776193],[121.00518,24.776121],[121.00511,24.776073],[121.005105,24.776083],[121.004995,24.775985],[121.005005,24.775982],[121.004877,24.775856],[121.004759,24.77572],[121.004537,24.77538],[121.004469,24.77528],[121.004466,24.775282],[121.004461,24.77528]]]]}},{"type":"Feature","properties":{"n":"工業東三路","v":"東區","w":0.8,"c":0.8,"r":4},"geometry":{"type":"MultiPolygon","coordinates":[[[[121.004491,24.775276],[121.0048,24.775735],[121.004857,24.775797],[121.005067,24.776003],[121.005242,24.776127],[121.005451,24.776234],[121.005454,24.776227],[121.005266,24.776129],[121.00515,24.776048],[121.005069,24.775986],[121.004863,24.775788],[121.00481,24.775733],[121.004499,24.775272],[121.004494,24.775279],[121.004491,24.775276]]]]}},{"type":"Feature","properties":{"n":"工業東三路","v":"東區","w":0.8,"c":0.8,"r":4},"geometry":{"type":"MultiPolygon","coordinates":[[[[121.005464,24.776251],[121.006129,24.776542],[121.006671,24.776719],[121.007314,24.77691],[121.00766,24.777018],[121.007838,24.777099],[121.008183,24.777438],[121.008191,24.777438],[121.007845,24.777094],[121.007652,24.777006],[121.007338,24.776906],[121.006726,24.776724],[121.006121,24.776528],[121.00547,24.776239],[121.00547,24.776251],[121.005464,24.776251]]]]}},{"type":"Feature","properties":{"n":"工業東三路","v":"東區","w":2,"c":1.4,"r":4},"geometry":{"type":"MultiPolygon","coordinates":[[[[121.008154,24.777455],[121.007848,24.777152],[121.00784,24.777132],[121.00766,24.777044],[121.007029,24.776853],[121.007026,24.776863],[121.007516,24.777011],[121.007652,24.777056],[121.007832,24.77714],[121.007864,24.777183],[121.008152,24.777462],[121.008157,24.77746],[121.008154,24.777455]]]]}},{"type":"Feature","properties":{"n":"工業東三路","v":"東區","w":2,"c":1.6,"r":6},"geometry":{"type":"MultiPolygon","coordinates":[[[[121.005457,24.776271],[121.005454,24.776279],[121.005731,24.776415],[121.006032,24.776544],[121.006354,24.776661],[121.006995,24.776864],[121.007,24.776849],[121.006707,24.776756],[121.006341,24.776651],[121.006082,24.776553],[121.005765,24.776412],[121.005457,24.776271]]]]}},{"type":"Feature","properties":{"n":"工業東一路","v":"東區","w":2,"c":1.4,"r":12},"geometry":{"type":"MultiPolygon","coordinates":[[[[121.005442,24.776277],[121.004718,24.777333],[121.004705,24.777376],[121.004705,24.77744],[121.004765,24.777564],[121.005186,24.778097],[121.005521,24.778503],[121.005529,24.778498],[121.005288,24.778207],[121.004862,24.777674],[121.004778,24.777562],[121.004718,24.777442],[121.004715,24.777373],[121.005039,24.776883],[121.005442,24.776277]]]]}},{"type":"Feature","properties":{"n":"工業東一路","v":"東區","w":2,"c":1.5,"r":9},"geometry":{"type":"MultiPolygon","coordinates":[[[[121.005478,24.778521],[121.004693,24.77753],[121.00466,24.777422],[121.004654,24.777362],[121.005373,24.776287],[121.005347,24.776281],[121.004634,24.777344],[121.004654,24.77753],[121.005471,24.778545],[121.005484,24.778515],[121.005478,24.778521]]]]}},{"type":"Feature","properties":{"n":"介壽路","v":"東區","w":3.5,"c":2,"r":3},"geometry":{"type":"MultiPolygon","coordinates":[[[[121.017032,24.775847],[121.01698,24.775917],[121.016972,24.775979],[121.016993,24.776077],[121.017388,24.776459],[121.017944,24.776945],[121.01836,24.777274],[121.018593,24.777494],[121.018892,24.77785],[121.019276,24.778478],[121.019334,24.778485],[121.019334,24.778471],[121.019287,24.778466],[121.01892,24.777876],[121.018899,24.777819],[121.018439,24.777294],[121.01782,24.776766],[121.017238,24.776246],[121.017042,24.776055],[121.017015,24.775942],[121.017068,24.775876],[121.017074,24.775876],[121.017032,24.775847]]]]}},{"type":"Feature","properties":{"n":"工業東二路","v":"東區","w":2,"c":1.5,"r":8},"geometry":{"type":"MultiPolygon","coordinates":[[[[121.005527,24.778501],[121.005729,24.778336],[121.005891,24.778219],[121.00637,24.777825],[121.0066,24.777629],[121.006687,24.777543],[121.006794,24.777421],[121.006888,24.777251],[121.00694,24.777141],[121.006998,24.776879],[121.006995,24.776867],[121.006953,24.777003],[121.006919,24.77716],[121.006833,24.77733],[121.006765,24.777445],[121.00659,24.777626],[121.005917,24.778181],[121.005852,24.77824],[121.005771,24.778298],[121.005695,24.778343],[121.005572,24.778458],[121.005533,24.778489],[121.005533,24.778493],[121.005527,24.778501]]]]}},{"type":"Feature","properties":{"n":"介壽路","v":"東區","w":1.8,"c":0.8,"r":4},"geometry":{"type":"MultiPolygon","coordinates":[[[[121.016464,24.77594],[121.016558,24.776016],[121.016624,24.776107],[121.016699,24.776281],[121.016796,24.776399],[121.016815,24.77643],[121.017102,24.776683],[121.017082,24.776764],[121.017249,24.776876],[121.017291,24.776831],[121.018012,24.777429],[121.018368,24.777744],[121.018673,24.778139],[121.018947,24.778607],[121.018958,24.778607],[121.018675,24.778124],[121.018376,24.777734],[121.018061,24.777447],[121.0173,24.776819],[121.017282,24.776812],[121.016719,24.776281],[121.016625,24.776078],[121.01657,24.776002],[121.016473,24.775928],[121.016464,24.77594]]]]}},{"type":"Feature","properties":{"n":"工業東二路","v":"東區","w":2,"c":1.5,"r":10},"geometry":{"type":"MultiPolygon","coordinates":[[[[121.005533,24.77852],[121.005543,24.778529],[121.005794,24.778331],[121.005886,24.778271],[121.006244,24.777999],[121.006263,24.777965],[121.006551,24.777734],[121.006799,24.777478],[121.00688,24.777363],[121.006974,24.777148],[121.007042,24.776879],[121.007027,24.776874],[121.007006,24.776984],[121.006972,24.777122],[121.006898,24.777292],[121.006786,24.777471],[121.006707,24.777559],[121.006564,24.7777],[121.006273,24.777944],[121.006229,24.777994],[121.006116,24.778078],[121.005886,24.778262],[121.005792,24.778321],[121.005585,24.778486],[121.005533,24.77852]]]]}},{"type":"Feature","properties":{"n":"金山寺路","v":"東區","w":1.5,"c":1,"r":2},"geometry":{"type":"MultiPolygon","coordinates":[[[[121.0148,24.777364],[121.014829,24.777381],[121.014837,24.777436],[121.014823,24.777541],[121.014847,24.778205],[121.014863,24.778205],[121.014839,24.777591],[121.014839,24.777531],[121.014852,24.777421],[121.014842,24.777373],[121.014808,24.777357],[121.0148,24.777364]]]]}},{"type":"Feature","properties":{"n":"工業東四路","v":"東區","w":2,"c":1.5,"r":15},"geometry":{"type":"MultiPolygon","coordinates":[[[[121.005448,24.776232],[121.005722,24.77582],[121.006069,24.775516],[121.006318,24.775337],[121.006671,24.775193],[121.007286,24.774924],[121.007861,24.774697],[121.008195,24.774572],[121.008175,24.77456],[121.007724,24.774721],[121.006847,24.77508],[121.006219,24.775331],[121.005716,24.775796],[121.005421,24.776215],[121.005448,24.776232]]]]}},{"type":"Feature","properties":{"n":"金山寺路","v":"東區","w":2,"c":0.5,"r":1},"geometry":{"type":"MultiPolygon","coordinates":[[[[121.015343,24.776645],[121.015358,24.776644],[121.015375,24.776292],[121.01533,24.775922],[121.015303,24.775922],[121.015356,24.77628],[121.015343,24.776645]]]]}},{"type":"Feature","properties":{"n":"工業東四路","v":"東區","w":2,"c":1.5,"r":6},"geometry":{"type":"MultiPolygon","coordinates":[[[[121.005483,24.776241],[121.005496,24.776253],[121.005533,24.776181],[121.005705,24.775964],[121.005818,24.775796],[121.006155,24.775515],[121.00637,24.775393],[121.006537,24.775311],[121.007471,24.774917],[121.008052,24.774709],[121.008248,24.774607],[121.008246,24.774592],[121.008102,24.774671],[121.00756,24.774867],[121.007291,24.774975],[121.00676,24.775202],[121.006459,24.775333],[121.006213,24.775462],[121.006032,24.775596],[121.005799,24.775796],[121.005726,24.775909],[121.005574,24.776097],[121.005514,24.776186],[121.005483,24.776241]]]]}},{"type":"Feature","properties":{"n":"金山寺路","v":"東區","w":2,"c":1.5,"r":1},"geometry":{"type":"MultiPolygon","coordinates":[[[[121.014887,24.77727],[121.014897,24.77728],[121.01518,24.776788],[121.015203,24.776735],[121.015201,24.776687],[121.015167,24.776663],[121.015156,24.776666],[121.015193,24.776697],[121.015188,24.77674],[121.014887,24.77727]]]]}},{"type":"Feature","properties":{"n":"金山寺路","v":"東區","w":1.5,"c":1,"r":1},"geometry":{"type":"MultiPolygon","coordinates":[[[[121.014993,24.777356],[121.014954,24.777485],[121.014956,24.778195],[121.014972,24.778195],[121.014967,24.777485],[121.015006,24.777358],[121.014993,24.777356]]]]}},{"type":"Feature","properties":{"n":"工業東四路","v":"東區","w":2,"c":1.5,"r":5},"geometry":{"type":"MultiPolygon","coordinates":[[[[121.008275,24.774583],[121.008272,24.774595],[121.008377,24.774559],[121.008743,24.774406],[121.009018,24.774308],[121.009387,24.774158],[121.009447,24.77415],[121.009664,24.774062],[121.009656,24.77405],[121.00947,24.774126],[121.009371,24.77415],[121.008952,24.774325],[121.008748,24.774392],[121.008536,24.77448],[121.008275,24.774583]]]]}},{"type":"Feature","properties":{"n":"竹村七路","v":"東區","w":2,"c":1.5,"r":2},"geometry":{"type":"MultiPolygon","coordinates":[[[[121.010993,24.776381],[121.010985,24.776429],[121.011067,24.776866],[121.011074,24.776973],[121.011093,24.777007],[121.011098,24.776997],[121.011085,24.776938],[121.01108,24.776811],[121.011006,24.776443],[121.011012,24.776386],[121.010993,24.776381]]]]}},{"type":"Feature","properties":{"n":"竹村七路","v":"東區","w":2,"c":2,"r":2},"geometry":{"type":"MultiPolygon","coordinates":[[[[121.011089,24.777094],[121.011057,24.777123],[121.011039,24.777624],[121.011057,24.77767],[121.011071,24.77766],[121.01105,24.777617],[121.01107,24.777144],[121.011102,24.777104],[121.011089,24.777094]]]]}},{"type":"Feature","properties":{"n":"竹村七路","v":"東區","w":2,"c":2,"r":1},"geometry":{"type":"MultiPolygon","coordinates":[[[[121.01101,24.777986],[121.011021,24.777993],[121.011029,24.777793],[121.011055,24.777757],[121.011042,24.777747],[121.011018,24.777781],[121.01101,24.777986]]]]}},{"type":"Feature","properties":{"n":"工業東七路","v":"東區","w":2,"c":1.6,"r":5},"geometry":{"type":"MultiPolygon","coordinates":[[[[121.011213,24.776128],[121.011095,24.775939],[121.011001,24.775827],[121.010841,24.775596],[121.010669,24.775364],[121.010001,24.774494],[121.009813,24.77427],[121.009669,24.774067],[121.009653,24.774081],[121.009933,24.774449],[121.010663,24.77539],[121.010983,24.77583],[121.011095,24.775963],[121.0112,24.776133],[121.01121,24.776133],[121.011213,24.776128]]]]}},{"type":"Feature","properties":{"n":"工業東七路","v":"東區","w":2,"c":1.6,"r":5},"geometry":{"type":"MultiPolygon","coordinates":[[[[121.009676,24.774045],[121.009922,24.774351],[121.010332,24.774888],[121.010738,24.775392],[121.011149,24.775971],[121.011243,24.776131],[121.011254,24.776128],[121.011068,24.775818],[121.010827,24.775486],[121.010602,24.775197],[121.010466,24.775032],[121.009702,24.774043],[121.009673,24.774045],[121.009676,24.774045]]]]}},{"type":"Feature","properties":{"n":"竹村七路","v":"東區","w":2,"c":1.5,"r":3},"geometry":{"type":"MultiPolygon","coordinates":[[[[121.010427,24.779141],[121.010435,24.779155],[121.010459,24.779163],[121.010519,24.779165],[121.010556,24.779148],[121.010566,24.77911],[121.010563,24.779105],[121.010666,24.779065],[121.010692,24.779091],[121.010775,24.779045],[121.010752,24.779014],[121.010943,24.778777],[121.011047,24.778514],[121.011047,24.778114],[121.011015,24.778132],[121.011015,24.778508],[121.010956,24.778639],[121.01091,24.778777],[121.010753,24.778944],[121.010635,24.779039],[121.010427,24.779141]]]]}},{"type":"Feature","properties":{"n":"工業東二路","v":"東區","w":2,"c":1.5,"r":13},"geometry":{"type":"MultiPolygon","coordinates":[[[[121.005065,24.781066],[121.005034,24.780817],[121.004994,24.780445],[121.004932,24.78],[121.004908,24.779766],[121.004879,24.779566],[121.004884,24.779386],[121.004892,24.779303],[121.004932,24.779126],[121.005049,24.778928],[121.005256,24.778729],[121.005478,24.778541],[121.00546,24.778536],[121.005104,24.778851],[121.005036,24.778921],[121.0049,24.779148],[121.004866,24.779406],[121.004874,24.779642],[121.004892,24.779855],[121.005052,24.781071],[121.005065,24.781068],[121.005065,24.781066]]]]}},{"type":"Feature","properties":{"n":"竹村七路","v":"東區","w":2,"c":1,"r":6},"geometry":{"type":"MultiPolygon","coordinates":[[[[121.01006,24.779127],[121.010066,24.779152],[121.01055,24.779003],[121.010748,24.778852],[121.01081,24.778747],[121.010855,24.778644],[121.010889,24.778532],[121.01091,24.778415],[121.010898,24.777511],[121.010899,24.776941],[121.010891,24.776805],[121.01085,24.776595],[121.010813,24.776461],[121.010755,24.776416],[121.010748,24.77643],[121.0108,24.776464],[121.010876,24.776853],[121.010887,24.777769],[121.010887,24.778135],[121.010892,24.778303],[121.010884,24.778439],[121.010845,24.778625],[121.01078,24.778768],[121.010525,24.778989],[121.01006,24.779127]]]]}},{"type":"Feature","properties":{"n":"園區一路","v":"東區","w":2.5,"c":2,"r":2},"geometry":{"type":"MultiPolygon","coordinates":[[[[121.008131,24.777456],[121.007672,24.777782],[121.007182,24.778224],[121.006986,24.778423],[121.006672,24.778829],[121.006536,24.779044],[121.006463,24.779225],[121.006405,24.77933],[121.00635,24.779514],[121.006298,24.779741],[121.00629,24.779949],[121.006298,24.780076],[121.006319,24.780166],[121.00633,24.780315],[121.00639,24.780503],[121.00644,24.780642],[121.006474,24.780627],[121.006392,24.780446],[121.006351,24.780255],[121.006319,24.780009],[121.00634,24.779741],[121.006385,24.779483],[121.006583,24.77902],[121.006732,24.77879],[121.006923,24.778559],[121.007071,24.778364],[121.007379,24.778071],[121.007601,24.777886],[121.007961,24.777617],[121.008131,24.777456]]]]}},{"type":"Feature","properties":{"n":"竹村七路","v":"東區","w":2,"c":2,"r":2},"geometry":{"type":"MultiPolygon","coordinates":[[[[121.0095,24.779298],[121.009498,24.779307],[121.009526,24.779312],[121.009935,24.779197],[121.009987,24.779164],[121.009997,24.779128],[121.009984,24.779126],[121.009976,24.779152],[121.009932,24.779188],[121.009542,24.779295],[121.0095,24.779298]]]]}},{"type":"Feature","properties":{"n":"竹村七路","v":"東區","w":2,"c":1.5,"r":5},"geometry":{"type":"MultiPolygon","coordinates":[[[[121.00943,24.779328],[121.009252,24.779387],[121.009233,24.779347],[121.009082,24.779402],[121.009082,24.779445],[121.0087,24.779564],[121.008587,24.779629],[121.008511,24.779696],[121.008273,24.78001],[121.008169,24.780122],[121.008009,24.780208],[121.007381,24.780371],[121.007305,24.780342],[121.0073,24.780366],[121.007389,24.78039],[121.008019,24.780225],[121.008176,24.780141],[121.008527,24.779714],[121.008608,24.779637],[121.0091,24.77946],[121.009103,24.779413],[121.009218,24.779374],[121.009249,24.779413],[121.009435,24.779346],[121.00943,24.779328]]]]}},{"type":"Feature","properties":{"n":"園區一路","v":"東區","w":2.5,"c":1.7,"r":3},"geometry":{"type":"MultiPolygon","coordinates":[[[[121.00819,24.777441],[121.00848,24.777238],[121.008676,24.777111],[121.009231,24.776822],[121.010013,24.776464],[121.010783,24.776227],[121.011207,24.776134],[121.011193,24.776127],[121.010607,24.776263],[121.010293,24.776358],[121.010061,24.77644],[121.009875,24.776514],[121.009595,24.776645],[121.009375,24.776738],[121.009058,24.776894],[121.008603,24.777137],[121.008179,24.777436],[121.00819,24.777441]]]]}},{"type":"Feature","properties":{"n":"竹村七路","v":"東區","w":3,"c":1.5,"r":2},"geometry":{"type":"MultiPolygon","coordinates":[[[[121.006729,24.780653],[121.007282,24.780509],[121.007284,24.7805],[121.007276,24.780495],[121.006703,24.780643],[121.006698,24.780662],[121.006729,24.780653]]]]}},{"type":"Feature","properties":{"n":"竹村三路","v":"東區","w":2,"c":2,"r":2},"geometry":{"type":"MultiPolygon","coordinates":[[[[121.007298,24.780339],[121.007308,24.780346],[121.00724,24.780014],[121.007238,24.779914],[121.007342,24.779739],[121.007306,24.77973],[121.007217,24.779894],[121.007206,24.780004],[121.007298,24.780339]]]]}},{"type":"Feature","properties":{"n":"竹村三路","v":"東區","w":2,"c":1.7,"r":3},"geometry":{"type":"MultiPolygon","coordinates":[[[[121.007214,24.78037],[121.007235,24.780356],[121.007232,24.780337],[121.007148,24.780007],[121.007153,24.779912],[121.007237,24.779752],[121.007229,24.779742],[121.007161,24.779864],[121.007138,24.779921],[121.007135,24.780005],[121.007214,24.78037]]]]}},{"type":"Feature","properties":{"n":"竹村三路","v":"東區","w":2,"c":1.5,"r":5},"geometry":{"type":"MultiPolygon","coordinates":[[[[121.007445,24.779563],[121.007458,24.779569],[121.00807,24.778682],[121.00863,24.77823],[121.009104,24.7779],[121.009156,24.777915],[121.009394,24.77828],[121.00941,24.778273],[121.009164,24.7779],[121.009096,24.777888],[121.008615,24.778223],[121.008052,24.778679],[121.007445,24.779563]]]]}},{"type":"Feature","properties":{"n":"力行二路","v":"東區","w":2.5,"c":1.7,"r":16},"geometry":{"type":"MultiPolygon","coordinates":[[[[121.01887,24.775348],[121.018889,24.773539],[121.018869,24.77155],[121.018908,24.769722],[121.018888,24.768385],[121.018901,24.768307],[121.018875,24.768313],[121.018856,24.76854],[121.018869,24.769316],[121.018849,24.770367],[121.018837,24.772535],[121.018837,24.775342],[121.018863,24.775348],[121.01887,24.775348]]]]}},{"type":"Feature","properties":{"n":"園區一路","v":"東區","w":2,"c":1.3,"r":2},"geometry":{"type":"MultiPolygon","coordinates":[[[[121.011248,24.776123],[121.011975,24.776001],[121.012802,24.775896],[121.012883,24.775877],[121.01287,24.775868],[121.011873,24.776006],[121.011248,24.776111],[121.011248,24.776123]]]]}},{"type":"Feature","properties":{"n":"學府路","v":"東區","w":2.1,"c":1.4,"r":3},"geometry":{"type":"MultiPolygon","coordinates":[[[[120.978496,24.794676],[120.978897,24.794824],[120.978905,24.7948],[120.978512,24.794654],[120.978496,24.794676]]]]}},{"type":"Feature","properties":{"n":"園區一路","v":"東區","w":2,"c":1.4,"r":2},"geometry":{"type":"MultiPolygon","coordinates":[[[[121.007556,24.778148],[121.007582,24.778155],[121.007872,24.777881],[121.008608,24.777353],[121.009236,24.777009],[121.009954,24.776671],[121.010401,24.776515],[121.01072,24.776432],[121.01072,24.77641],[121.010405,24.776491],[121.009937,24.776654],[121.009225,24.776976],[121.008578,24.777342],[121.007865,24.777866],[121.007556,24.778148]]]]}},{"type":"Feature","properties":{"n":"學府路","v":"東區","w":3,"c":2.1,"r":2},"geometry":{"type":"MultiPolygon","coordinates":[[[[120.977874,24.794451],[120.977887,24.794423],[120.976903,24.794078],[120.976892,24.794102],[120.977874,24.794451]]]]}},{"type":"Feature","properties":{"n":"學府路","v":"東區","w":4.2,"c":3.5,"r":1},"geometry":{"type":"MultiPolygon","coordinates":[[[[120.982573,24.796123],[120.984614,24.796834],[120.984641,24.796792],[120.982593,24.796075],[120.982573,24.796123]]]]}},{"type":"Feature","properties":{"n":"園區一路","v":"東區","w":2,"c":1,"r":2},"geometry":{"type":"MultiPolygon","coordinates":[[[[121.011,24.776341],[121.01101,24.776361],[121.011573,24.776225],[121.013197,24.776042],[121.015201,24.775899],[121.015201,24.775872],[121.013361,24.776002],[121.012523,24.776071],[121.011566,24.776205],[121.011,24.776341]]]]}},{"type":"Feature","properties":{"n":"園區五路","v":"東區","w":2.5,"c":1.9,"r":2},"geometry":{"type":"MultiPolygon","coordinates":[[[[121.013851,24.775812],[121.013859,24.7758],[121.013134,24.775358],[121.012499,24.774835],[121.012478,24.774844],[121.013158,24.775398],[121.013652,24.775714],[121.013851,24.775812]]]]}},{"type":"Feature","properties":{"n":"力行七路","v":"東區","w":2.6,"c":1.3,"r":6},"geometry":{"type":"MultiPolygon","coordinates":[[[[121.012453,24.774817],[121.014611,24.772972],[121.014592,24.772942],[121.012433,24.774793],[121.012453,24.774823],[121.012453,24.774817]]]]}},{"type":"Feature","properties":{"n":"力行七路","v":"東區","w":2.6,"c":1.3,"r":12},"geometry":{"type":"MultiPolygon","coordinates":[[[[121.012499,24.774847],[121.012512,24.774883],[121.014709,24.773014],[121.014677,24.77299],[121.012499,24.774847]]]]}},{"type":"Feature","properties":{"n":"力行六路","v":"東區","w":2.5,"c":1.5,"r":5},"geometry":{"type":"MultiPolygon","coordinates":[[[[121.014593,24.772941],[121.01459,24.772931],[121.014598,24.772926],[121.013763,24.772052],[121.01306,24.771305],[121.013025,24.771326],[121.013688,24.772023],[121.014593,24.772941]]]]}},{"type":"Feature","properties":{"n":"光復路一段","v":"東區","w":3,"c":2,"r":2},"geometry":{"type":"MultiPolygon","coordinates":[[[[121.015453,24.784297],[121.015448,24.784307],[121.017753,24.783392],[121.01774,24.783361],[121.01768,24.783363],[121.015451,24.784266],[121.015453,24.784297]]]]}},{"type":"Feature","properties":{"n":"力行六路","v":"東區","w":2.5,"c":1.5,"r":9},"geometry":{"type":"MultiPolygon","coordinates":[[[[121.015544,24.77386],[121.014442,24.772656],[121.013906,24.772107],[121.013105,24.771247],[121.013074,24.771262],[121.014241,24.77248],[121.014746,24.772996],[121.015544,24.77386]]]]}},{"type":"Feature","properties":{"n":"園區五路","v":"東區","w":2,"c":1,"r":1},"geometry":{"type":"MultiPolygon","coordinates":[[[[121.012432,24.774822],[121.01245,24.774805],[121.010388,24.773122],[121.010155,24.772984],[121.010129,24.773008],[121.010383,24.773161],[121.012432,24.774814],[121.012432,24.774822]]]]}},{"type":"Feature","properties":{"n":"力行三路","v":"東區","w":2,"c":1,"r":2},"geometry":{"type":"MultiPolygon","coordinates":[[[[121.016477,24.767081],[121.016453,24.767088],[121.016477,24.767203],[121.017003,24.76764],[121.017424,24.767912],[121.017442,24.76789],[121.016989,24.767601],[121.016492,24.767188],[121.016477,24.767081]]]]}},{"type":"Feature","properties":{"n":"力行六路","v":"東區","w":2.5,"c":1.3,"r":2},"geometry":{"type":"MultiPolygon","coordinates":[[[[121.016684,24.775574],[121.016725,24.775569],[121.016683,24.775228],[121.016665,24.775225],[121.016691,24.775572],[121.016684,24.775574]]]]}},{"type":"Feature","properties":{"n":"力行三路","v":"東區","w":2,"c":1,"r":2},"geometry":{"type":"MultiPolygon","coordinates":[[[[121.017484,24.767931],[121.017939,24.76811],[121.018159,24.768177],[121.018559,24.768289],[121.018936,24.76827],[121.018933,24.768244],[121.01879,24.768277],[121.018554,24.768268],[121.018219,24.76817],[121.017934,24.768093],[121.0175,24.767919],[121.017484,24.767931]]]]}},{"type":"Feature","properties":{"n":"力行三路","v":"東區","w":2,"c":1,"r":3},"geometry":{"type":"MultiPolygon","coordinates":[[[[121.016539,24.767026],[121.016623,24.767035],[121.017021,24.767384],[121.017575,24.767757],[121.018284,24.767995],[121.018842,24.7681],[121.018918,24.76812],[121.018993,24.768184],[121.019201,24.768159],[121.020065,24.768233],[121.020359,24.76824],[121.021102,24.768137],[121.021236,24.768085],[121.02122,24.768068],[121.021089,24.768128],[121.020377,24.768219],[121.019218,24.768134],[121.019004,24.768163],[121.018923,24.768089],[121.018309,24.767978],[121.017582,24.767735],[121.017035,24.767365],[121.016883,24.76722],[121.016653,24.767013],[121.016559,24.767013],[121.016539,24.767026]]]]}},{"type":"Feature","properties":{"n":"忠孝路","v":"東區","w":1.7,"c":1.4,"r":5},"geometry":{"type":"MultiPolygon","coordinates":[[[[120.992035,24.804005],[120.992723,24.80519],[120.992754,24.805176],[120.992066,24.803993],[120.992035,24.804005]]]]}},{"type":"Feature","properties":{"n":"光復路二段","v":"東區","w":2.6,"c":2.3,"r":2},"geometry":{"type":"MultiPolygon","coordinates":[[[[120.980749,24.803244],[120.980754,24.803247],[120.981644,24.802953],[120.98161,24.802931],[120.98073,24.803225],[120.980749,24.803244]]]]}},{"type":"Feature","properties":{"n":"光復路二段","v":"東區","w":0.9,"c":0.3,"r":2},"geometry":{"type":"MultiPolygon","coordinates":[[[[120.981786,24.802937],[120.98182,24.80293],[120.983103,24.802488],[120.983056,24.802459],[120.981847,24.802877],[120.981823,24.802901],[120.981786,24.802937]]]]}},{"type":"Feature","properties":{"n":"光復路二段","v":"東區","w":3.2,"c":2.5,"r":8},"geometry":{"type":"MultiPolygon","coordinates":[[[[120.983274,24.802445],[120.9833,24.802421],[120.985043,24.801857],[120.985012,24.801826],[120.98329,24.802378],[120.983261,24.802409],[120.983274,24.802445]]]]}},{"type":"Feature","properties":{"n":"光復路二段","v":"東區","w":6.6,"c":4.4,"r":6},"geometry":{"type":"MultiPolygon","coordinates":[[[[120.985111,24.801845],[120.985148,24.801826],[120.986936,24.801244],[120.986933,24.801227],[120.986902,24.80121],[120.985104,24.801795],[120.985088,24.801826],[120.985111,24.801845]]]]}},{"type":"Feature","properties":{"n":"光復路二段","v":"東區","w":2.9,"c":1.4,"r":2},"geometry":{"type":"MultiPolygon","coordinates":[[[[120.98321,24.80219],[120.984979,24.801608],[120.984966,24.801577],[120.9832,24.802157],[120.983205,24.802178],[120.98321,24.80219]]]]}},{"type":"Feature","properties":{"n":"光復路二段","v":"東區","w":3.3,"c":1.8,"r":7},"geometry":{"type":"MultiPolygon","coordinates":[[[[120.988273,24.800538],[120.989783,24.800057],[120.989757,24.800024],[120.98826,24.800502],[120.988255,24.800511],[120.988273,24.800538]]]]}},{"type":"Feature","properties":{"n":" 光復路二段","v":"東區","w":3.3,"c":1.8,"r":4},"geometry":{"type":"MultiPolygon","coordinates":[[[[120.989843,24.80003],[120.989864,24.80003],[120.990856,24.79971],[120.990832,24.799679],[120.98983,24.800006],[120.989843,24.80003]]]]}},{"type":"Feature","properties":{"n":"光復路二段","v":"東區","w":3.3,"c":1.8,"r":4},"geometry":{"type":"MultiPolygon","coordinates":[[[[120.990884,24.799654],[120.990931,24.799688],[120.992321,24.799234],[120.992339,24.799203],[120.990924,24.799645],[120.990884,24.799654]]]]}},{"type":"Feature","properties":{"n":"光復路二段","v":"東區","w":3.3,"c":1.8,"r":2},"geometry":{"type":"MultiPolygon","coordinates":[[[[120.992399,24.799182],[120.99243,24.799199],[120.992621,24.799144],[120.992627,24.799113],[120.992459,24.799163],[120.992399,24.799182]]]]}},{"type":"Feature","properties":{"n":"光復路二段","v":"東區","w":3.3,"c":1.8,"r":2},"geometry":{"type":"MultiPolygon","coordinates":[[[[120.992755,24.799061],[120.992779,24.799089],[120.993548,24.798812],[120.993548,24.798774],[120.993441,24.798798],[120.992755,24.799061]]]]}},{"type":"Feature","properties":{"n":"光復路二段","v":"東區","w":3.3,"c":1.8,"r":2},"geometry":{"type":"MultiPolygon","coordinates":[[[[120.993621,24.798789],[120.994079,24.798543],[120.994105,24.798493],[120.993613,24.798729],[120.993624,24.79878],[120.993621,24.798789]]]]}},{"type":"Feature","properties":{"n":"光復路二段","v":"東區","w":3.3,"c":1.8,"r":4},"geometry":{"type":"MultiPolygon","coordinates":[[[[120.994239,24.798374],[120.994294,24.798409],[120.995521,24.797626],[120.995487,24.797588],[120.994265,24.798369],[120.994239,24.798374]]]]}},{"type":"Feature","properties":{"n":"光復路二段","v":"東區","w":4.5,"c":3,"r":2},"geometry":{"type":"MultiPolygon","coordinates":[[[[121.001227,24.793151],[121.001232,24.793161],[121.001277,24.793182],[121.002234,24.792475],[121.003433,24.791649],[121.003381,24.791627],[121.001227,24.793151]]]]}},{"type":"Feature","properties":{"n":"光復路二段","v":"東區","w":4.5,"c":3,"r":2},"geometry":{"type":"MultiPolygon","coordinates":[[[[120.997137,24.796445],[120.997171,24.796471],[120.997768,24.795976],[120.997775,24.795945],[120.99776,24.795919],[120.997155,24.796435],[120.997137,24.796445]]]]}},{"type":"Feature","properties":{"n":"光復路二段","v":"東區","w":3.3,"c":1.8,"r":2},"geometry":{"type":"MultiPolygon","coordinates":[[[[120.99785,24.795829],[120.997928,24.795843],[120.999554,24.794415],[121.001194,24.793237],[121.001171,24.793204],[121.000333,24.793808],[121.000011,24.794049],[120.999554,24.794372],[120.999321,24.794582],[120.997871,24.795819],[120.99785,24.795829]]]]}},{"type":"Feature","properties":{"n":"光復路二段","v":"東區","w":2.7,"c":1.5,"r":4},"geometry":{"type":"MultiPolygon","coordinates":[[[[121.001272,24.79318],[121.001272,24.793165],[121.002528,24.792269],[121.002501,24.792246],[121.001222,24.793156],[121.001272,24.79318]]]]}},{"type":"Feature","properties":{"n":"光復路二段","v":"東區","w":2.7,"c":2.4,"r":2},"geometry":{"type":"MultiPolygon","coordinates":[[[[121.003547,24.791566],[121.004238,24.791066],[121.004209,24.79105],[121.003526,24.791539],[121.003531,24.791556],[121.003547,24.791566]]]]}},{"type":"Feature","properties":{"n":"光復路二段","v":"東區","w":3,"c":1.8,"r":2},"geometry":{"type":"MultiPolygon","coordinates":[[[[120.98809,24.80093],[120.988093,24.800911],[120.988894,24.800618],[120.988912,24.800575],[120.98807,24.800852],[120.988054,24.800885],[120.98809,24.80093]]]]}},{"type":"Feature","properties":{"n":"光復路二段","v":"東區","w":3,"c":1.5,"r":2},"geometry":{"type":"MultiPolygon","coordinates":[[[[120.988991,24.800584],[120.989551,24.800398],[120.989538,24.800364],[120.988999,24.800543],[120.988991,24.800584]]]]}},{"type":"Feature","properties":{"n":"光復路二段","v":"東區","w":1.7,"c":1.4,"r":6},"geometry":{"type":"MultiPolygon","coordinates":[[[[120.990203,24.800154],[120.990214,24.800171],[120.990235,24.800173],[120.990949,24.799954],[120.990944,24.799913],[120.990203,24.800154]]]]}},{"type":"Feature","properties":{"n":"光復路二段","v":"東區","w":2.2,"c":1.9,"r":2},"geometry":{"type":"MultiPolygon","coordinates":[[[[120.991161,24.799891],[120.991179,24.799913],[120.991465,24.799791],[120.991436,24.799757],[120.991179,24.799846],[120.991161,24.799891]]]]}},{"type":"Feature","properties":{"n":"篤行路","v":"東區","w":1.5,"c":0.9,"r":2},"geometry":{"type":"MultiPolygon","coordinates":[[[[121.022188,24.767848],[121.022263,24.767867],[121.022452,24.767957],[121.022533,24.768053],[121.022711,24.768454],[121.022839,24.768767],[121.022906,24.769348],[121.025256,24.77101],[121.025269,24.770992],[121.022953,24.769338],[121.022875,24.768759],[121.02256,24.768024],[121.022469,24.767929],[121.022214,24.767815],[121.022188,24.767848]]]]}},{"type":"Feature","properties":{"n":"力行三路","v":"東區","w":1.5,"c":0.9,"r":2},"geometry":{"type":"MultiPolygon","coordinates":[[[[121.021707,24.769278],[121.021716,24.769266],[121.021467,24.769094],[121.021439,24.768867],[121.021151,24.768155],[121.021132,24.76816],[121.021258,24.768456],[121.021427,24.768874],[121.021456,24.769096],[121.021707,24.769278]]]]}},{"type":"Feature","properties":{"n":"篤行二路","v":"東區","w":1.5,"c":0.9,"r":3},"geometry":{"type":"MultiPolygon","coordinates":[[[[121.021716,24.769268],[121.022477,24.768905],[121.022796,24.768769],[121.022781,24.768728],[121.022765,24.76874],[121.022778,24.768764],[121.021713,24.769254],[121.021716,24.769268]]]]}},{"type":"Feature","properties":{"n":"花園新城街","v":"東區","w":1,"c":1,"r":1},"geometry":{"type":"MultiPolygon","coordinates":[[[[120.97944,24.767511],[120.979456,24.767509],[120.979472,24.767225],[120.979456,24.767225],[120.97944,24.767511]]]]}},{"type":"Feature","properties":{"n":"篤行路","v":"東區","w":1.5,"c":0.9,"r":2},"geometry":{"type":"MultiPolygon","coordinates":[[[[121.021152,24.768158],[121.02116,24.768169],[121.021634,24.767962],[121.02205,24.767861],[121.022413,24.768009],[121.022426,24.767988],[121.02205,24.76784],[121.021636,24.767942],[121.021152,24.768158]]]]}},{"type":"Feature","properties":{"n":"花園新城街","v":"東區","w":1,"c":1,"r":0},"geometry":{"type":"MultiPolygon","coordinates":[[[[120.97948,24.767499],[120.979493,24.767504],[120.979511,24.767237],[120.979501,24.767232],[120.97948,24.767499]]]]}},{"type":"Feature","properties":{"n":"篤行路","v":"東區","w":1.5,"c":0.9,"r":2},"geometry":{"type":"MultiPolygon","coordinates":[[[[121.021637,24.767908],[121.022058,24.767805],[121.022053,24.767793],[121.021634,24.767896],[121.021637,24.767908]]]]}},{"type":"Feature","properties":{"n":"篤行路","v":"東區","w":1.5,"c":0.9,"r":2},"geometry":{"type":"MultiPolygon","coordinates":[[[[121.021284,24.768064],[121.02159,24.76793],[121.02158,24.767911],[121.021282,24.768052],[121.021284,24.768064]]]]}},{"type":"Feature","properties":{"n":"力行三路","v":"東區","w":1.5,"c":0.6,"r":2},"geometry":{"type":"MultiPolygon","coordinates":[[[[121.019055,24.768235],[121.019052,24.768237],[121.01917,24.768223],[121.020353,24.768285],[121.021104,24.768187],[121.021098,24.768165],[121.02034,24.768273],[121.01916,24.768201],[121.019052,24.768213],[121.019055,24.768235]]]]}},{"type":"Feature","properties":{"n":"力行二路","v":"東區","w":2.5,"c":1.5,"r":2},"geometry":{"type":"MultiPolygon","coordinates":[[[[121.019051,24.76822],[121.019022,24.768224],[121.019064,24.768394],[121.019089,24.768464],[121.019108,24.76915],[121.019167,24.769138],[121.019134,24.768452],[121.019062,24.768237],[121.019051,24.76822]]]]}},{"type":"Feature","properties":{"n":"林森路","v":"東區","w":2.5,"c":1.7,"r":2},"geometry":{"type":"MultiPolygon","coordinates":[[[[120.969712,24.801929],[120.970133,24.801881],[120.970128,24.801864],[120.969712,24.80191],[120.969714,24.801926],[120.969712,24.801929]]]]}},{"type":"Feature","properties":{"n":"明湖路1008巷6弄","v":"東區","w":1,"c":1,"r":2},"geometry":{"type":"MultiPolygon","coordinates":[[[[120.977465,24.768192],[120.977533,24.768228],[120.977609,24.768297],[120.977776,24.768471],[120.977787,24.768459],[120.977622,24.768292],[120.977549,24.768223],[120.977478,24.768182],[120.977465,24.768192]]]]}},{"type":"Feature","properties":{"n":"力行二路","v":"東區","w":2.5,"c":1,"r":2},"geometry":{"type":"MultiPolygon","coordinates":[[[[121.019099,24.769194],[121.019104,24.769487],[121.019154,24.76958],[121.019154,24.769764],[121.01911,24.769834],[121.019107,24.770304],[121.019186,24.770307],[121.019178,24.769198],[121.019099,24.769194]]]]}},{"type":"Feature","properties":{"n":"文化路","v":"東區","w":1.5,"c":1.5,"r":2},"geometry":{"type":"MultiPolygon","coordinates":[[[[120.970128,24.801864],[120.9699,24.80104],[120.969882,24.80105],[120.970109,24.801862],[120.970123,24.801857],[120.970128,24.801864]]]]}},{"type":"Feature","properties":{"n":"力行二路","v":"東區","w":2.5,"c":1,"r":2},"geometry":{"type":"MultiPolygon","coordinates":[[[[121.019109,24.772185],[121.019196,24.77218],[121.019198,24.770341],[121.019133,24.770347],[121.019146,24.772132],[121.019109,24.772185]]]]}},{"type":"Feature","properties":{"n":"信義街","v":"東區","w":1,"c":1,"r":2},"geometry":{"type":"MultiPolygon","coordinates":[[[[120.97015,24.801881],[120.970155,24.801874],[120.96993,24.801004],[120.969915,24.800988],[120.97015,24.801881]]]]}},{"type":"Feature","properties":{"n":"力行二路","v":"東區","w":2,"c":1,"r":3},"geometry":{"type":"MultiPolygon","coordinates":[[[[121.019157,24.772173],[121.020266,24.772151],[121.020376,24.771841],[121.020436,24.771786],[121.020413,24.771766],[121.020347,24.771829],[121.020243,24.772115],[121.01917,24.772151],[121.019157,24.772173]]]]}},{"type":"Feature","properties":{"n":"中正路","v":"東區","w":2.5,"c":2.5,"r":null},"geometry":{"type":"MultiPolygon","coordinates":[[[[120.971718,24.802113],[120.971725,24.802113],[120.971723,24.801941],[120.971715,24.801936],[120.971718,24.802113]]]]}},{"type":"Feature","properties":{"n":"力行三路","v":"東區","w":1.5,"c":1,"r":2},"geometry":{"type":"MultiPolygon","coordinates":[[[[121.020458,24.771767],[121.020787,24.771425],[121.021858,24.770507],[121.021982,24.770243],[121.021728,24.769504],[121.02143,24.769132],[121.021409,24.769163],[121.021698,24.769514],[121.02194,24.770236],[121.021803,24.770499],[121.020839,24.771332],[121.020735,24.771403],[121.020436,24.771738],[121.020458,24.771767]]]]}},{"type":"Feature","properties":{"n":"力行三路","v":"東區","w":1.8,"c":1.2,"r":2},"geometry":{"type":"MultiPolygon","coordinates":[[[[121.021398,24.769092],[121.021416,24.769092],[121.021395,24.768882],[121.021118,24.768217],[121.021097,24.76822],[121.021364,24.768865],[121.021398,24.769092]]]]}},{"type":"Feature","properties":{"n":"中華路二段","v":"東區","w":3,"c":1.7,"r":2},"geometry":{"type":"MultiPolygon","coordinates":[[[[120.97249,24.802575],[120.973202,24.803012],[120.97321,24.803],[120.972506,24.802572],[120.972488,24.802572],[120.97249,24.802575]]]]}},{"type":"Feature","properties":{"n":"篤行二路","v":"東區","w":1.5,"c":0.9,"r":2},"geometry":{"type":"MultiPolygon","coordinates":[[[[121.021735,24.76932],[121.022802,24.768823],[121.022794,24.768804],[121.021714,24.769298],[121.021735,24.76932]]]]}},{"type":"Feature","properties":{"n":"篤行路","v":"東區","w":1.5,"c":1.5,"r":2},"geometry":{"type":"MultiPolygon","coordinates":[[[[121.022603,24.768311],[121.022511,24.768087],[121.022488,24.768096],[121.022587,24.768321],[121.022603,24.768311]]]]}},{"type":"Feature","properties":{"n":"中華路二段","v":"東區","w":2,"c":1.5,"r":2},"geometry":{"type":"MultiPolygon","coordinates":[[[[120.972463,24.802599],[120.972465,24.802615],[120.973174,24.803055],[120.973182,24.803038],[120.972463,24.802599]]]]}},{"type":"Feature","properties":{"n":"篤行路","v":"東區","w":1.5,"c":0.9,"r":4},"geometry":{"type":"MultiPolygon","coordinates":[[[[121.022784,24.768861],[121.022745,24.768885],[121.022777,24.769416],[121.023981,24.770396],[121.025106,24.771076],[121.025139,24.771034],[121.023993,24.770335],[121.023122,24.769606],[121.022829,24.76939],[121.022809,24.769127],[121.022784,24.768861]]]]}},{"type":"Feature","properties":{"n":"大同路","v":"東區","w":3,"c":2.2,"r":2},"geometry":{"type":"MultiPolygon","coordinates":[[[[120.965866,24.808347],[120.965887,24.808364],[120.966138,24.808044],[120.966115,24.80803],[120.965866,24.808347]]]]}},{"type":"Feature","properties":{"n":"光復路二段","v":"東區","w":5,"c":2,"r":2},"geometry":{"type":"MultiPolygon","coordinates":[[[[120.995796,24.797495],[120.996958,24.79668],[120.996971,24.796661],[120.996942,24.79663],[120.995767,24.79745],[120.995796,24.797495]]]]}},{"type":"Feature","properties":{"n":"研發六路","v":"東區","w":1.5,"c":0.6,"r":2},"geometry":{"type":"MultiPolygon","coordinates":[[[[120.992553,24.779424],[120.993205,24.779605],[120.993336,24.779727],[120.993359,24.779706],[120.993239,24.779579],[120.992574,24.7794],[120.992553,24.779424]]]]}},{"type":"Feature","properties":{"n":"研發六路","v":"東區","w":1.5,"c":0.6,"r":3},"geometry":{"type":"MultiPolygon","coordinates":[[[[120.992517,24.779502],[120.992503,24.779517],[120.993163,24.779714],[120.994971,24.781437],[120.995005,24.781418],[120.993168,24.779652],[120.992525,24.779471],[120.992517,24.779502]]]]}},{"type":"Feature","properties":{"n":"研發六路","v":"東區","w":1.5,"c":0.6,"r":2},"geometry":{"type":"MultiPolygon","coordinates":[[[[120.993371,24.779766],[120.995035,24.781364],[120.995082,24.781338],[120.993408,24.779739],[120.993371,24.779766]]]]}},{"type":"Feature","properties":{"n":"創新二路","v":"東區","w":1.5,"c":1,"r":2},"geometry":{"type":"MultiPolygon","coordinates":[[[[120.995109,24.781396],[120.995138,24.781418],[120.996704,24.780039],[120.996675,24.780013],[120.995109,24.781396]]]]}},{"type":"Feature","properties":{"n":"創新二路","v":"東區","w":1.5,"c":0.9,"r":2},"geometry":{"type":"MultiPolygon","coordinates":[[[[120.995093,24.781315],[120.996628,24.779959],[120.996589,24.779921],[120.995062,24.781286],[120.995093,24.781315]]]]}},{"type":"Feature","properties":{"n":"明湖路775巷","v":"東區","w":2.1,"c":2.1,"r":5},"geometry":{"type":"MultiPolygon","coordinates":[[[[120.969076,24.775061],[120.968825,24.774777],[120.968739,24.774713],[120.968733,24.774734],[120.96882,24.774796],[120.969076,24.775061]]]]}},{"type":"Feature","properties":{"n":"明湖路775巷","v":"東區","w":2.5,"c":1.8,"r":2},"geometry":{"type":"MultiPolygon","coordinates":[[[[120.967041,24.774784],[120.967014,24.774695],[120.967713,24.77455],[120.967844,24.77455],[120.968304,24.774619],[120.968307,24.7746],[120.967849,24.774536],[120.96771,24.774533],[120.966999,24.774686],[120.967041,24.774784]]]]}},{"type":"Feature","properties":{"n":"研發五路","v":"東區","w":1.5,"c":0.9,"r":2},"geometry":{"type":"MultiPolygon","coordinates":[[[[120.99651,24.779933],[120.99653,24.779856],[120.995849,24.779223],[120.995758,24.779306],[120.99651,24.779933]]]]}},{"type":"Feature","properties":{"n":"明湖路775巷","v":"東區","w":3.5,"c":2.8,"r":1},"geometry":{"type":"MultiPolygon","coordinates":[[[[120.968296,24.774579],[120.968553,24.774615],[120.96877,24.774686],[120.968867,24.774765],[120.969008,24.774932],[120.969016,24.774923],[120.968864,24.774739],[120.968783,24.774677],[120.968558,24.774603],[120.968302,24.774569],[120.968296,24.774579]]]]}},{"type":"Feature","properties":{"n":"花園街","v":"東區","w":3,"c":1.5,"r":null},"geometry":{"type":"MultiPolygon","coordinates":[[[[120.977775,24.804512],[120.977762,24.804519],[120.977356,24.80433],[120.977053,24.80417],[120.97689,24.804031],[120.976762,24.803955],[120.976733,24.803969],[120.976875,24.804046],[120.977032,24.804187],[120.977163,24.804246],[120.977364,24.804366],[120.977738,24.80454],[120.977775,24.804512]]]]}},{"type":"Feature","properties":{"n":"研發五路","v":"東區","w":1.5,"c":1.2,"r":2},"geometry":{"type":"MultiPolygon","coordinates":[[[[120.996714,24.77991],[120.996738,24.77989],[120.995062,24.778255],[120.995036,24.778274],[120.996714,24.77991]]]]}},{"type":"Feature","properties":{"n":"研發五路","v":"東區","w":1.5,"c":1.5,"r":2},"geometry":{"type":"MultiPolygon","coordinates":[[[[120.995696,24.779145],[120.995722,24.779079],[120.995533,24.778876],[120.99548,24.778912],[120.995696,24.779145]]]]}},{"type":"Feature","properties":{"n":"研發五路","v":"東區","w":1.5,"c":1.2,"r":2},"geometry":{"type":"MultiPolygon","coordinates":[[[[120.995457,24.778807],[120.995488,24.778783],[120.994991,24.778305],[120.994975,24.778324],[120.995444,24.778797],[120.995457,24.778807]]]]}},{"type":"Feature","properties":{"n":"力行路","v":"東區","w":2.1,"c":1.5,"r":2},"geometry":{"type":"MultiPolygon","coordinates":[[[[121.016777,24.775538],[121.016895,24.775496],[121.017143,24.775448],[121.018223,24.775364],[121.018831,24.775346],[121.018844,24.775305],[121.018367,24.775341],[121.017883,24.775364],[121.017013,24.775424],[121.016784,24.775502],[121.016777,24.775496],[121.016777,24.775538]]]]}},{"type":"Feature","properties":{"n":"創新一路","v":"東區","w":1.5,"c":1.2,"r":3},"geometry":{"type":"MultiPolygon","coordinates":[[[[120.993442,24.779708],[120.993476,24.779737],[120.994973,24.778422],[120.994936,24.778391],[120.993442,24.779708]]]]}},{"type":"Feature","properties":{"n":"力行路","v":"東區","w":2.5,"c":2.2,"r":5},"geometry":{"type":"MultiPolygon","coordinates":[[[[121.019095,24.775336],[121.019965,24.775359],[121.019978,24.775312],[121.020639,24.775365],[121.020626,24.775419],[121.021274,24.775479],[121.021686,24.775538],[121.022183,24.775586],[121.022569,24.775658],[121.022569,24.775628],[121.022215,24.775562],[121.021712,24.775514],[121.021293,24.775455],[121.020678,24.775401],[121.020685,24.775347],[121.020482,24.775312],[121.020266,24.775312],[121.019985,24.775282],[121.019926,24.775294],[121.019926,24.775324],[121.019108,24.775312],[121.019095,24.775336]]]]}},{"type":"Feature","properties":{"n":"創新一路","v":"東區","w":1.5,"c":1.2,"r":2},"geometry":{"type":"MultiPolygon","coordinates":[[[[120.994866,24.778348],[120.994818,24.778298],[120.994364,24.778674],[120.99443,24.77871],[120.994866,24.778348]]]]}},{"type":"Feature","properties":{"n":"創新一路","v":"東區","w":1.5,"c":1.2,"r":2},"geometry":{"type":"MultiPolygon","coordinates":[[[[120.994289,24.778843],[120.994258,24.778817],[120.993337,24.779622],[120.993384,24.77966],[120.994289,24.778843]]]]}},{"type":"Feature","properties":{"n":"忠孝路","v":"東區","w":3,"c":3,"r":1},"geometry":{"type":"MultiPolygon","coordinates":[[[[120.989942,24.800647],[120.989963,24.800683],[120.990063,24.800633],[120.990052,24.800616],[120.989971,24.800662],[120.98995,24.800635],[120.989942,24.800647]]]]}},{"type":"Feature","properties":{"n":"忠孝路","v":"東區","w":3.2,"c":3.2,"r":1},"geometry":{"type":"MultiPolygon","coordinates":[[[[120.990029,24.800798],[120.990042,24.8008],[120.99,24.800705],[120.990044,24.800676],[120.990036,24.800662],[120.989976,24.800695],[120.990029,24.800798]]]]}},{"type":"Feature","properties":{"n":"力行路","v":"東區","w":2,"c":1.4,"r":2},"geometry":{"type":"MultiPolygon","coordinates":[[[[121.022628,24.77567],[121.023354,24.775664],[121.023367,24.775616],[121.02336,24.775598],[121.023334,24.775598],[121.023177,24.775604],[121.02287,24.775634],[121.022634,24.775634],[121.022628,24.77567]]]]}},{"type":"Feature","properties":{"n":"展業二路","v":"東區","w":1.5,"c":0.9,"r":2},"geometry":{"type":"MultiPolygon","coordinates":[[[[120.998554,24.782712],[120.998558,24.782763],[120.998608,24.782964],[120.998807,24.783272],[120.999097,24.783507],[120.999495,24.783603],[121.000246,24.783553],[121.000426,24.783522],[121.000424,24.783498],[121.000306,24.783524],[121.000191,24.783538],[120.999963,24.783553],[120.999738,24.78356],[120.999495,24.78356],[120.999338,24.783529],[120.999157,24.783469],[120.998986,24.783364],[120.998818,24.783216],[120.998729,24.783073],[120.998648,24.782924],[120.998586,24.782707],[120.998554,24.782712]]]]}},{"type":"Feature","properties":{"n":"展業二路","v":"東區","w":1.5,"c":0.9,"r":2},"geometry":{"type":"MultiPolygon","coordinates":[[[[121.000493,24.783505],[121.001234,24.783342],[121.001451,24.783254],[121.001446,24.783221],[121.00126,24.783283],[121.000878,24.783385],[121.000485,24.783479],[121.000493,24.783505]]]]}},{"type":"Feature","properties":{"n":"展業二路","v":"東區","w":1.5,"c":0,"r":2},"geometry":{"type":"MultiPolygon","coordinates":[[[[121.001507,24.783241],[121.002148,24.783057],[121.002145,24.783016],[121.001489,24.783205],[121.001507,24.783241]]]]}},{"type":"Feature","properties":{"n":"力行路","v":"東區","w":2,"c":1.4,"r":5},"geometry":{"type":"MultiPolygon","coordinates":[[[[121.023433,24.775632],[121.023957,24.775489],[121.024388,24.775298],[121.024755,24.774963],[121.02499,24.77476],[121.025291,24.77433],[121.025487,24.773745],[121.025657,24.77316],[121.025709,24.772921],[121.025644,24.772957],[121.025722,24.772622],[121.025761,24.77261],[121.025918,24.771858],[121.025997,24.771607],[121.025958,24.771595],[121.025696,24.772574],[121.025565,24.772992],[121.025592,24.773088],[121.02533,24.774091],[121.02516,24.774402],[121.024415,24.77525],[121.023447,24.775537],[121.023447,24.775561],[121.023433,24.775632]]]]}},{"type":"Feature","properties":{"n":"展業一路","v":"東區","w":1.5,"c":1,"r":2},"geometry":{"type":"MultiPolygon","coordinates":[[[[121.002057,24.782884],[121.002098,24.782879],[121.00202,24.782616],[121.00185,24.782165],[121.001826,24.782177],[121.001986,24.782628],[121.002049,24.782853],[121.002057,24.782884]]]]}},{"type":"Feature","properties":{"n":"展業一路","v":"東區","w":1.5,"c":1.2,"r":3},"geometry":{"type":"MultiPolygon","coordinates":[[[[121.001944,24.78226],[121.002078,24.782619],[121.002122,24.782726],[121.002161,24.782714],[121.002085,24.78249],[121.001994,24.782253],[121.001944,24.78226]]]]}},{"type":"Feature","properties":{"n":"展業一路","v":"東區","w":1.5,"c":0.9,"r":3},"geometry":{"type":"MultiPolygon","coordinates":[[[[121.002167,24.782784],[121.002357,24.783375],[121.00237,24.783488],[121.002448,24.78347],[121.00237,24.783184],[121.002226,24.782766],[121.002167,24.782784]]]]}},{"type":"Feature","properties":{"n":"力行路","v":"東區","w":3,"c":1.8,"r":8},"geometry":{"type":"MultiPolygon","coordinates":[[[[121.026091,24.77136],[121.026162,24.771079],[121.026365,24.770625],[121.02662,24.770255],[121.027098,24.769711],[121.027215,24.769472],[121.027287,24.769299],[121.0273,24.768929],[121.027241,24.768636],[121.027084,24.768296],[121.026855,24.767943],[121.026613,24.767752],[121.026528,24.767675],[121.026096,24.767424],[121.025167,24.767042],[121.024598,24.766743],[121.02399,24.766218],[121.023754,24.765907],[121.023414,24.765472],[121.023231,24.765],[121.022969,24.764391],[121.022786,24.764026],[121.022505,24.763722],[121.022426,24.763591],[121.022204,24.763376],[121.021641,24.763023],[121.021563,24.763041],[121.021563,24.763077],[121.021654,24.763071],[121.021942,24.763256],[121.022099,24.763376],[121.022315,24.763555],[121.022662,24.763967],[121.022734,24.764026],[121.023362,24.765466],[121.023905,24.766182],[121.024467,24.766702],[121.025338,24.767179],[121.02605,24.767454],[121.026417,24.767657],[121.02662,24.767806],[121.026796,24.767955],[121.027038,24.768344],[121.027182,24.76869],[121.027267,24.768977],[121.027235,24.769341],[121.027124,24.769586],[121.026947,24.769819],[121.026784,24.770016],[121.026614,24.770183],[121.02626,24.770703],[121.02613,24.771049],[121.026045,24.771389],[121.026091,24.77136]]]]}},{"type":"Feature","properties":{"n":"力行五路","v":"東區","w":2,"c":1.5,"r":4},"geometry":{"type":"MultiPolygon","coordinates":[[[[121.021554,24.763065],[121.021403,24.763412],[121.021233,24.763782],[121.021129,24.763949],[121.020625,24.764415],[121.020344,24.764815],[121.019925,24.76543],[121.019729,24.765687],[121.019513,24.766022],[121.019023,24.766266],[121.018879,24.766261],[121.018532,24.766117],[121.018231,24.76589],[121.018094,24.765771],[121.018061,24.765765],[121.018003,24.765765],[121.018042,24.765819],[121.018375,24.766069],[121.018611,24.766231],[121.018905,24.76632],[121.019036,24.766308],[121.019533,24.766063],[121.020658,24.764439],[121.021168,24.763973],[121.021586,24.763155],[121.021599,24.763155],[121.021554,24.763065]]]]}},{"type":"Feature","properties":{"n":"力行五路","v":"東區","w":2,"c":1.5,"r":14},"geometry":{"type":"MultiPolygon","coordinates":[[[[121.01814,24.76566],[121.018661,24.766063],[121.018784,24.766121],[121.018954,24.766147],[121.01905,24.766142],[121.019118,24.76613],[121.019226,24.76609],[121.019367,24.766001],[121.019571,24.765722],[121.020518,24.764362],[121.020756,24.764138],[121.020897,24.764018],[121.021096,24.763787],[121.021232,24.763557],[121.021465,24.762958],[121.021446,24.762953],[121.021206,24.763564],[121.021078,24.763765],[121.020902,24.763987],[121.02051,24.764341],[121.019362,24.765987],[121.019236,24.766068],[121.019074,24.766128],[121.018941,24.766126],[121.018778,24.766102],[121.018679,24.766052],[121.018142,24.765634],[121.01814,24.76566]]]]}},{"type":"Feature","properties":{"n":"研發六路","v":"東區","w":1.5,"c":1.5,"r":2},"geometry":{"type":"MultiPolygon","coordinates":[[[[120.996558,24.7831],[120.996597,24.783098],[120.996492,24.78295],[120.996456,24.782967],[120.996558,24.7831]]]]}},{"type":"Feature","properties":{"n":"研發六路","v":"東區","w":1,"c":0.4,"r":2},"geometry":{"type":"MultiPolygon","coordinates":[[[[120.996381,24.782869],[120.996415,24.782845],[120.996112,24.782472],[120.996088,24.782496],[120.996101,24.782496],[120.996381,24.782869]]]]}},{"type":"Feature","properties":{"n":"研發六路","v":"東區","w":1.5,"c":0.9,"r":2},"geometry":{"type":"MultiPolygon","coordinates":[[[[120.996038,24.782427],[120.996062,24.782418],[120.995625,24.781926],[120.995604,24.78194],[120.996038,24.782427]]]]}},{"type":"Feature","properties":{"n":"研發六路","v":"東區","w":1.5,"c":0.6,"r":2},"geometry":{"type":"MultiPolygon","coordinates":[[[[120.995553,24.781871],[120.995612,24.781835],[120.995186,24.781441],[120.99516,24.781471],[120.995553,24.781871]]]]}},{"type":"Feature","properties":{"n":"光復路二段","v":"東區","w":3.3,"c":3.3,"r":2},"geometry":{"type":"MultiPolygon","coordinates":[[[[120.991647,24.799693],[120.991683,24.799753],[120.991699,24.799753],[120.993337,24.79923],[120.993497,24.799154],[120.993452,24.799077],[120.993397,24.799161],[120.992649,24.799407],[120.991717,24.799705],[120.991647,24.799693]]]]}},{"type":"Feature","properties":{"n":"光復路二段","v":"東區","w":30,"c":3,"r":2},"geometry":{"type":"MultiPolygon","coordinates":[[[[120.993808,24.798962],[120.993858,24.799027],[120.995004,24.798339],[120.995839,24.797799],[120.995821,24.797761],[120.995753,24.797751],[120.995706,24.797778],[120.995677,24.797861],[120.99385,24.798986],[120.993808,24.798962]]]]}},{"type":"Feature","properties":{"n":"力行路","v":"東區","w":3.6,"c":1.8,"r":7},"geometry":{"type":"MultiPolygon","coordinates":[[[[121.018105,24.765641],[121.018099,24.765671],[121.018256,24.765527],[121.018557,24.765163],[121.018707,24.764936],[121.018969,24.76444],[121.019269,24.763688],[121.019459,24.763425],[121.01957,24.763288],[121.019851,24.763073],[121.020407,24.762881],[121.020734,24.762828],[121.021068,24.762875],[121.021127,24.762899],[121.021225,24.762911],[121.021362,24.762959],[121.021428,24.762989],[121.021447,24.762983],[121.021401,24.762941],[121.021329,24.762929],[121.021231,24.762881],[121.021127,24.762852],[121.020839,24.762798],[121.02061,24.76281],[121.020505,24.762822],[121.020303,24.76287],[121.019838,24.763037],[121.01957,24.763228],[121.019315,24.76355],[121.019224,24.763688],[121.019073,24.764094],[121.018746,24.764769],[121.018576,24.765032],[121.018328,24.765342],[121.018105,24.765641]]]]}},{"type":"Feature","properties":{"n":"光復路二段","v":"東區","w":3.3,"c":1.8,"r":4},"geometry":{"type":"MultiPolygon","coordinates":[[[[120.995988,24.797577],[120.996001,24.797591],[120.99703,24.796923],[120.997276,24.796712],[120.997964,24.796156],[120.997941,24.796134],[120.997914,24.796146],[120.996998,24.796887],[120.995988,24.797577]]]]}},{"type":"Feature","properties":{"n":"園區二路","v":"東區","w":3.6,"c":1.8,"r":2},"geometry":{"type":"MultiPolygon","coordinates":[[[[121.016673,24.76699],[121.016686,24.76703],[121.016694,24.767018],[121.017212,24.766552],[121.018049,24.765788],[121.017992,24.765766],[121.017631,24.766106],[121.017489,24.766261],[121.017154,24.766579],[121.017055,24.766629],[121.016882,24.766784],[121.016773,24.76687],[121.016673,24.76699]]]]}},{"type":"Feature","properties":{"n":"光復路二段","v":"東區","w":3.3,"c":1.8,"r":2},"geometry":{"type":"MultiPolygon","coordinates":[[[[120.998094,24.796058],[120.998779,24.795432],[120.998756,24.79541],[120.998091,24.796003],[120.998094,24.796058]]]]}},{"type":"Feature","properties":{"n":"力行一路","v":"東區","w":1.5,"c":1,"r":2},"geometry":{"type":"MultiPolygon","coordinates":[[[[121.015583,24.773782],[121.016358,24.773218],[121.016324,24.773185],[121.01556,24.773753],[121.015583,24.773782]]]]}},{"type":"Feature","properties":{"n":"力行一路","v":"東區","w":1.5,"c":0.6,"r":2},"geometry":{"type":"MultiPolygon","coordinates":[[[[121.016423,24.773189],[121.016792,24.772879],[121.016768,24.77285],[121.016386,24.773156],[121.016423,24.773189]]]]}},{"type":"Feature","properties":{"n":"光復路二段","v":"東區","w":3.3,"c":1.8,"r":2},"geometry":{"type":"MultiPolygon","coordinates":[[[[120.998821,24.795398],[120.998837,24.795377],[120.999745,24.794591],[121.000595,24.793972],[121.000574,24.793956],[120.999818,24.794491],[120.99879,24.79537],[120.998821,24.795398]]]]}},{"type":"Feature","properties":{"n":"力行一路","v":"東區","w":1.5,"c":0.9,"r":2},"geometry":{"type":"MultiPolygon","coordinates":[[[[121.015636,24.773844],[121.015651,24.773868],[121.015989,24.773638],[121.015963,24.77361],[121.015636,24.773844]]]]}},{"type":"Feature","properties":{"n":"光復路二段","v":"東區","w":3.3,"c":1.8,"r":2},"geometry":{"type":"MultiPolygon","coordinates":[[[[121.000653,24.793946],[121.000663,24.793927],[121.001312,24.793461],[121.001271,24.793454],[121.000627,24.793913],[121.000653,24.793946]]]]}},{"type":"Feature","properties":{"n":"力行一路","v":"東區","w":1.5,"c":1.2,"r":2},"geometry":{"type":"MultiPolygon","coordinates":[[[[121.016049,24.773586],[121.016198,24.773493],[121.016174,24.773459],[121.01602,24.773555],[121.016049,24.773586]]]]}},{"type":"Feature","properties":{"n":"光復路二段","v":"東區","w":3.3,"c":1.8,"r":2},"geometry":{"type":"MultiPolygon","coordinates":[[[[121.00148,24.793351],[121.001488,24.793339],[121.001773,24.793136],[121.001747,24.793105],[121.001485,24.793301],[121.00148,24.793351]]]]}},{"type":"Feature","properties":{"n":"力行一路","v":"東區","w":1.5,"c":1,"r":null},"geometry":{"type":"MultiPolygon","coordinates":[[[[121.016652,24.773201],[121.017051,24.772849],[121.017051,24.771487],[121.016992,24.771469],[121.016985,24.772795],[121.016953,24.772861],[121.016593,24.773141],[121.016652,24.773201]]]]}},{"type":"Feature","properties":{"n":"光復路二段","v":"東區","w":3.3,"c":1.8,"r":6},"geometry":{"type":"MultiPolygon","coordinates":[[[[121.001773,24.793081],[121.001794,24.793103],[121.00272,24.792441],[121.002699,24.792412],[121.002139,24.792814],[121.001773,24.793081]]]]}},{"type":"Feature","properties":{"n":"光復路二段","v":"東區","w":3.3,"c":1.8,"r":2},"geometry":{"type":"MultiPolygon","coordinates":[[[[121.002739,24.792398],[121.002759,24.792417],[121.003751,24.791755],[121.003722,24.79172],[121.002739,24.792398]]]]}},{"type":"Feature","properties":{"n":"力行一路","v":"東區","w":1.5,"c":0.9,"r":2},"geometry":{"type":"MultiPolygon","coordinates":[[[[121.016821,24.772865],[121.01686,24.772839],[121.016904,24.772416],[121.016883,24.772411],[121.016844,24.772822],[121.01681,24.772841],[121.016821,24.772865]]]]}},{"type":"Feature","properties":{"n":"光復路二段","v":"東區","w":3.3,"c":1.1,"r":2},"geometry":{"type":"MultiPolygon","coordinates":[[[[121.003785,24.791722],[121.003927,24.791622],[121.003913,24.791595],[121.003762,24.791693],[121.003785,24.791722]]]]}},{"type":"Feature","properties":{"n":"光復路二段","v":"東區","w":3.3,"c":3.3,"r":2},"geometry":{"type":"MultiPolygon","coordinates":[[[[121.004353,24.791352],[121.004374,24.791335],[121.004466,24.791285],[121.004453,24.791268],[121.004332,24.791325],[121.004353,24.791352]]]]}},{"type":"Feature","properties":{"n":"力行一路","v":"東區","w":1.5,"c":0.9,"r":2},"geometry":{"type":"MultiPolygon","coordinates":[[[[121.016883,24.772337],[121.01692,24.772337],[121.016902,24.771489],[121.016875,24.771492],[121.01687,24.771496],[121.016883,24.772337]]]]}},{"type":"Feature","properties":{"n":"光復路二段","v":"東區","w":4.5,"c":4.2,"r":2},"geometry":{"type":"MultiPolygon","coordinates":[[[[121.004586,24.791268],[121.004604,24.791259],[121.004717,24.791247],[121.005062,24.791306],[121.005112,24.791373],[121.005337,24.791853],[121.005381,24.791844],[121.005303,24.791672],[121.005224,24.791517],[121.005133,24.791354],[121.005109,24.791287],[121.004958,24.791239],[121.004772,24.79122],[121.004641,24.791216],[121.00456,24.791232],[121.004586,24.791268]]]]}},{"type":"Feature","properties":{"n":"崧嶺路","v":"北區","w":1.5,"c":0.9,"r":6},"geometry":{"type":"MultiPolygon","coordinates":[[[[120.952761,24.793026],[120.952931,24.793543],[120.953187,24.793891],[120.9532,24.793875],[120.953166,24.793832],[120.953014,24.793607],[120.952939,24.793531],[120.952782,24.793036],[120.952761,24.793026]]]]}},{"type":"Feature","properties":{"n":"光復路二段","v":"東區","w":1.7,"c":1.7,"r":2},"geometry":{"type":"MultiPolygon","coordinates":[[[[121.004906,24.790911],[121.004926,24.790925],[121.00518,24.790755],[121.005172,24.790729],[121.004906,24.790911]]]]}},{"type":"Feature","properties":{"n":"光復路二段","v":"東區","w":3.5,"c":3.5,"r":2},"geometry":{"type":"MultiPolygon","coordinates":[[[[121.005426,24.790552],[121.005445,24.790574],[121.005895,24.790278],[121.005871,24.790249],[121.005426,24.790552]]]]}},{"type":"Feature","properties":{"n":"光復路二段","v":"東區","w":3.5,"c":3.5,"r":2},"geometry":{"type":"MultiPolygon","coordinates":[[[[121.005269,24.79034],[121.005743,24.790015],[121.005722,24.789991],[121.005259,24.790316],[121.005259,24.790325],[121.005269,24.79034]]]]}},{"type":"Feature","properties":{"n":"崧嶺路","v":"東區","w":1.2,"c":0.9,"r":null},"geometry":{"type":"MultiPolygon","coordinates":[[[[120.953242,24.793981],[120.955306,24.794725],[120.955385,24.794775],[120.95539,24.794768],[120.955317,24.79472],[120.954592,24.79445],[120.953239,24.793967],[120.953242,24.793981]]]]}},{"type":"Feature","properties":{"n":"光復路一段","v":"東區","w":2.7,"c":2,"r":4},"geometry":{"type":"MultiPolygon","coordinates":[[[[121.006315,24.790003],[121.007589,24.789117],[121.007555,24.789091],[121.006294,24.789967],[121.006315,24.790003]]]]}},{"type":"Feature","properties":{"n":"光復路一段","v":"東區","w":3.5,"c":2.8,"r":2},"geometry":{"type":"MultiPolygon","coordinates":[[[[121.007068,24.789026],[121.007225,24.788983],[121.007343,24.788924],[121.00806,24.788453],[121.008018,24.788398],[121.007081,24.789017],[121.007068,24.789026]]]]}},{"type":"Feature","properties":{"n":"光復路一段","v":"東區","w":3.3,"c":3.3,"r":2},"geometry":{"type":"MultiPolygon","coordinates":[[[[121.0088,24.78793],[121.009319,24.787576],[121.009295,24.787543],[121.008769,24.787913],[121.00878,24.787923],[121.0088,24.78793]]]]}},{"type":"Feature","properties":{"n":"光復路一段","v":"東區","w":2.9,"c":2.6,"r":2},"geometry":{"type":"MultiPolygon","coordinates":[[[[121.007939,24.788818],[121.00796,24.788839],[121.008179,24.788687],[121.008158,24.788648],[121.007939,24.788818]]]]}},{"type":"Feature","properties":{"n":"光復路一段","v":"東區","w":2,"c":1.9,"r":2},"geometry":{"type":"MultiPolygon","coordinates":[[[[121.008255,24.788574],[121.008287,24.788605],[121.009692,24.787616],[121.009652,24.787576],[121.008255,24.788574]]]]}},{"type":"Feature","properties":{"n":"光復路一段","v":"東區","w":2.4,"c":2.1,"r":2},"geometry":{"type":"MultiPolygon","coordinates":[[[[121.009283,24.78743],[121.009315,24.78743],[121.009333,24.787382],[121.00931,24.787358],[121.009289,24.787425],[121.009283,24.78743]]]]}},{"type":"Feature","properties":{"n":"光復路一段","v":"東區","w":3.3,"c":3,"r":2},"geometry":{"type":"MultiPolygon","coordinates":[[[[121.010099,24.787341],[121.010138,24.787277],[121.010635,24.786906],[121.010583,24.786899],[121.010109,24.787265],[121.010085,24.787329],[121.010099,24.787341]]]]}},{"type":"Feature","properties":{"n":"光復路一段","v":"東區","w":3.3,"c":2.6,"r":4},"geometry":{"type":"MultiPolygon","coordinates":[[[[121.011461,24.786209],[121.011484,24.786245],[121.012458,24.785452],[121.01245,24.785416],[121.011463,24.786197],[121.011461,24.786209]]]]}},{"type":"Feature","properties":{"n":"光復路一段","v":"東區","w":3.3,"c":2.6,"r":2},"geometry":{"type":"MultiPolygon","coordinates":[[[[121.01375,24.784649],[121.013818,24.784654],[121.01459,24.784374],[121.01459,24.784348],[121.013769,24.784637],[121.01375,24.784649]]]]}},{"type":"Feature","properties":{"n":"光復路一段","v":"東區","w":3.3,"c":3,"r":2},"geometry":{"type":"MultiPolygon","coordinates":[[[[121.020421,24.781986],[121.020703,24.781912],[121.020753,24.781864],[121.020415,24.781969],[121.020413,24.781979],[121.020421,24.781986]]]]}},{"type":"Feature","properties":{"n":"光復路一段","v":"東區","w":3.3,"c":2.6,"r":1},"geometry":{"type":"MultiPolygon","coordinates":[[[[121.021139,24.78177],[121.021178,24.781801],[121.021458,24.781734],[121.021463,24.781715],[121.021165,24.781773],[121.021139,24.78177]]]]}},{"type":"Feature","properties":{"n":"展業一路","v":"東區","w":1.5,"c":1.2,"r":2},"geometry":{"type":"MultiPolygon","coordinates":[[[[121.002432,24.78385],[121.0025,24.783838],[121.00244,24.783475],[121.00238,24.783489],[121.002432,24.78385]]]]}},{"type":"Feature","properties":{"n":"展業一路","v":"東區","w":1.5,"c":1.2,"r":2},"geometry":{"type":"MultiPolygon","coordinates":[[[[121.002634,24.784691],[121.002503,24.78385],[121.002424,24.783859],[121.002565,24.78466],[121.002634,24.784691]]]]}},{"type":"Feature","properties":{"n":"展業一路","v":"東區","w":1.5,"c":1.2,"r":2},"geometry":{"type":"MultiPolygon","coordinates":[[[[121.002715,24.785159],[121.002647,24.78475],[121.002592,24.784748],[121.002649,24.785142],[121.002715,24.785159]]]]}},{"type":"Feature","properties":{"n":"展業一路","v":"東區","w":1.5,"c":1.2,"r":2},"geometry":{"type":"MultiPolygon","coordinates":[[[[121.00273,24.78584],[121.00277,24.785854],[121.002811,24.785761],[121.002723,24.78524],[121.002673,24.78524],[121.002762,24.785773],[121.00273,24.78584]]]]}},{"type":"Feature","properties":{"n":"展業一路","v":"東區","w":1.5,"c":1.5,"r":2},"geometry":{"type":"MultiPolygon","coordinates":[[[[121.002534,24.786055],[121.002647,24.786009],[121.002717,24.785933],[121.002691,24.785907],[121.002618,24.785983],[121.002511,24.786036],[121.002534,24.786055]]]]}},{"type":"Feature","properties":{"n":"展業一路","v":"東區","w":1.5,"c":0.9,"r":2},"geometry":{"type":"MultiPolygon","coordinates":[[[[121.002463,24.786083],[121.00244,24.786062],[121.002215,24.786153],[121.002097,24.786148],[121.001953,24.786112],[121.001694,24.785904],[121.00154,24.785763],[121.001289,24.785448],[121.001268,24.785512],[121.001514,24.785785],[121.001917,24.786145],[121.002108,24.786203],[121.002238,24.786191],[121.002453,24.7861],[121.002463,24.786083]]]]}},{"type":"Feature","properties":{"n":"東前街","v":"東區","w":3,"c":2,"r":null},"geometry":{"type":"MultiPolygon","coordinates":[[[[120.966695,24.803577],[120.96691,24.803722],[120.96692,24.80371],[120.966708,24.803569],[120.966695,24.803577]]]]}},{"type":"Feature","properties":{"n":"展業一路","v":"東區","w":1.5,"c":0.9,"r":2},"geometry":{"type":"MultiPolygon","coordinates":[[[[121.001118,24.785345],[121.001184,24.785307],[121.001058,24.785113],[121.001037,24.785058],[121.000975,24.78509],[121.001118,24.785345]]]]}},{"type":"Feature","properties":{"n":"展業一路","v":"東區","w":1.5,"c":1.2,"r":2},"geometry":{"type":"MultiPolygon","coordinates":[[[[121.000933,24.78498],[121.000982,24.784953],[121.000873,24.784743],[121.000841,24.784762],[121.000933,24.78498]]]]}},{"type":"Feature","properties":{"n":"展業一路","v":"東區","w":1.5,"c":1.2,"r":2},"geometry":{"type":"MultiPolygon","coordinates":[[[[121.000798,24.784663],[121.000827,24.784642],[121.000764,24.784525],[121.000645,24.784231],[121.000577,24.784075],[121.000538,24.783944],[121.000447,24.783588],[121.000442,24.78355],[121.0004,24.783557],[121.000536,24.784087],[121.000785,24.784651],[121.000798,24.784663]]]]}},{"type":"Feature","properties":{"n":"復興路","v":"東區","w":4.5,"c":3,"r":1},"geometry":{"type":"MultiPolygon","coordinates":[[[[120.969115,24.802705],[120.969686,24.801948],[120.969662,24.801943],[120.969104,24.802691],[120.969115,24.802705]]]]}},{"type":"Feature","properties":{"n":"內湖路","v":"香山區","w":2.5,"c":1.5,"r":2},"geometry":{"type":"MultiPolygon","coordinates":[[[[120.906019,24.742728],[120.906032,24.742733],[120.906113,24.741722],[120.906095,24.741722],[120.906019,24.742728]]]]}},{"type":"Feature","properties":{"n":"展業一路","v":"東區","w":1.5,"c":1.2,"r":2},"geometry":{"type":"MultiPolygon","coordinates":[[[[121.000496,24.783525],[121.000619,24.784033],[121.000949,24.784786],[121.000988,24.784769],[121.000666,24.783998],[121.000543,24.783529],[121.000496,24.783525]]]]}},{"type":"Feature","properties":{"n":"展業一路","v":"東區","w":1.5,"c":1.2,"r":2},"geometry":{"type":"MultiPolygon","coordinates":[[[[121.001179,24.785206],[121.001216,24.785192],[121.001004,24.784819],[121.000964,24.784824],[121.001106,24.785082],[121.001179,24.785206]]]]}},{"type":"Feature","properties":{"n":"勝利路","v":"東區","w":3,"c":1.5,"r":null},"geometry":{"type":"MultiPolygon","coordinates":[[[[120.969977,24.802934],[120.970008,24.802926],[120.969744,24.801954],[120.969721,24.801956],[120.969982,24.802929],[120.969977,24.802934]]]]}},{"type":"Feature","properties":{"n":"展業一路","v":"東區","w":1.5,"c":0.9,"r":2},"geometry":{"type":"MultiPolygon","coordinates":[[[[121.001687,24.785792],[121.001697,24.78577],[121.001613,24.785701],[121.001255,24.785261],[121.001229,24.785276],[121.0016,24.78573],[121.001687,24.785792]]]]}},{"type":"Feature","properties":{"n":"勝利路","v":"東區","w":11,"c":5,"r":null},"geometry":{"type":"MultiPolygon","coordinates":[[[[120.969985,24.802957],[120.970246,24.803963],[120.970262,24.803963],[120.970008,24.802948],[120.969985,24.802957]]]]}},{"type":"Feature","properties":{"n":"園區二路","v":"東區","w":2.1,"c":1.4,"r":1},"geometry":{"type":"MultiPolygon","coordinates":[[[[121.016502,24.766827],[121.017522,24.765895],[121.017901,24.765561],[121.018365,24.764892],[121.018588,24.764545],[121.018954,24.763679],[121.018928,24.763637],[121.018568,24.764485],[121.017895,24.765507],[121.016482,24.766803],[121.016502,24.766827]]]]}},{"type":"Feature","properties":{"n":"大同橋","v":"東區","w":1.5,"c":1.5,"r":null},"geometry":{"type":"MultiPolygon","coordinates":[[[[120.969981,24.802924],[120.970386,24.802838],[120.970381,24.802816],[120.969973,24.802912],[120.969981,24.802924]]]]}},{"type":"Feature","properties":{"n":"展業一路","v":"東區","w":1.5,"c":0.5,"r":2},"geometry":{"type":"MultiPolygon","coordinates":[[[[121.00172,24.785827],[121.001726,24.785838],[121.002002,24.786064],[121.002172,24.786107],[121.002593,24.785942],[121.002664,24.785873],[121.00269,24.785796],[121.00258,24.785058],[121.002541,24.785063],[121.00266,24.785805],[121.002636,24.785867],[121.002584,24.785925],[121.002176,24.78608],[121.002021,24.786034],[121.001749,24.785808],[121.00172,24.785827]]]]}},{"type":"Feature","properties":{"n":"大同橋","v":"東區","w":1.5,"c":1.5,"r":null},"geometry":{"type":"MultiPolygon","coordinates":[[[[120.969996,24.802952],[120.969994,24.802976],[120.970397,24.802878],[120.970394,24.802864],[120.969996,24.802952]]]]}},{"type":"Feature","properties":{"n":"展業一路","v":"東區","w":1.5,"c":1.5,"r":2},"geometry":{"type":"MultiPolygon","coordinates":[[[[121.002545,24.785028],[121.002579,24.785021],[121.00255,24.784864],[121.002524,24.784868],[121.002545,24.785028]]]]}},{"type":"Feature","properties":{"n":"展業一路","v":"東區","w":1.5,"c":0.9,"r":2},"geometry":{"type":"MultiPolygon","coordinates":[[[[121.002506,24.784828],[121.002545,24.784825],[121.002362,24.783853],[121.002338,24.783865],[121.002506,24.784828]]]]}},{"type":"Feature","properties":{"n":"力行路","v":"東區","w":3.5,"c":2,"r":2},"geometry":{"type":"MultiPolygon","coordinates":[[[[121.018985,24.763629],[121.019077,24.763432],[121.019234,24.763241],[121.019207,24.763205],[121.019044,24.763414],[121.018985,24.763629]]]]}},{"type":"Feature","properties":{"n":"展業一路","v":"東區","w":1.5,"c":0.9,"r":2},"geometry":{"type":"MultiPolygon","coordinates":[[[[121.00232,24.783832],[121.002352,24.783825],[121.00217,24.783052],[121.002138,24.783067],[121.00232,24.783832]]]]}},{"type":"Feature","properties":{"n":"文化路","v":"東區","w":4,"c":2.5,"r":null},"geometry":{"type":"MultiPolygon","coordinates":[[[[120.970648,24.80392],[120.970397,24.802864],[120.970371,24.802876],[120.970622,24.803915],[120.970648,24.80392]]]]}},{"type":"Feature","properties":{"n":"文化路","v":"東區","w":4,"c":2.5,"r":null},"geometry":{"type":"MultiPolygon","coordinates":[[[[120.970384,24.802837],[120.97014,24.801905],[120.97012,24.801912],[120.970363,24.802844],[120.970384,24.802837]]]]}},{"type":"Feature","properties":{"n":"林森路","v":"東區","w":1.5,"c":1.5,"r":2},"geometry":{"type":"MultiPolygon","coordinates":[[[[120.96972,24.801967],[120.969741,24.801996],[120.97015,24.801948],[120.970142,24.801912],[120.96972,24.801967]]]]}},{"type":"Feature","properties":{"n":"力行路","v":"東區","w":3,"c":0.5,"r":2},"geometry":{"type":"MultiPolygon","coordinates":[[[[121.019311,24.763198],[121.019491,24.763019],[121.019614,24.762931],[121.019588,24.762902],[121.019467,24.762995],[121.0193,24.763174],[121.019311,24.763198]]]]}},{"type":"Feature","properties":{"n":"文化路","v":"東區","w":10,"c":8,"r":null},"geometry":{"type":"MultiPolygon","coordinates":[[[[120.970416,24.802831],[120.970432,24.802828],[120.970194,24.80193],[120.970291,24.801918],[120.970275,24.801887],[120.970157,24.801904],[120.970416,24.802831]]]]}},{"type":"Feature","properties":{"n":"力行路","v":"東區","w":2.5,"c":1.5,"r":3},"geometry":{"type":"MultiPolygon","coordinates":[[[[121.019788,24.76279],[121.02002,24.762696],[121.020457,24.762603],[121.020449,24.762381],[121.020486,24.762235],[121.020538,24.762151],[121.020611,24.76208],[121.020687,24.762022],[121.021132,24.761794],[121.021181,24.761641],[121.021162,24.761461],[121.020886,24.761045],[121.02088,24.760608],[121.020925,24.760429],[121.020993,24.76034],[121.021131,24.760188],[121.021092,24.760164],[121.020891,24.760393],[121.020844,24.760594],[121.020842,24.761074],[121.021112,24.761463],[121.02113,24.761647],[121.021073,24.761767],[121.020666,24.761977],[121.020493,24.762124],[121.020412,24.762355],[121.02042,24.762568],[121.020008,24.762658],[121.019781,24.762753],[121.019788,24.76279]]]]}},{"type":"Feature","properties":{"n":"力行路","v":"東區","w":2.5,"c":1.5,"r":2},"geometry":{"type":"MultiPolygon","coordinates":[[[[121.02053,24.762594],[121.020826,24.762575],[121.021158,24.762625],[121.021367,24.762666],[121.021647,24.762783],[121.022369,24.763235],[121.022401,24.763209],[121.021686,24.762765],[121.021391,24.762638],[121.020847,24.762539],[121.02053,24.762566],[121.02053,24.762594]]]]}},{"type":"Feature","properties":{"n":"力行四路","v":"東區","w":1.5,"c":1.5,"r":2},"geometry":{"type":"MultiPolygon","coordinates":[[[[121.022398,24.763184],[121.022427,24.763206],[121.022945,24.762725],[121.022932,24.762709],[121.022921,24.762709],[121.022398,24.763184]]]]}},{"type":"Feature","properties":{"n":"力行路","v":"東區","w":3,"c":1.5,"r":2},"geometry":{"type":"MultiPolygon","coordinates":[[[[121.022448,24.763315],[121.022751,24.763547],[121.023058,24.763969],[121.023139,24.764191],[121.023209,24.764172],[121.023233,24.764161],[121.02271,24.763337],[121.022566,24.763307],[121.022448,24.763315]]]]}},{"type":"Feature","properties":{"n":"力行路","v":"東區","w":3,"c":1.5,"r":2},"geometry":{"type":"MultiPolygon","coordinates":[[[[121.023874,24.765707],[121.023932,24.765683],[121.023777,24.765484],[121.02325,24.764197],[121.023161,24.764218],[121.023721,24.765484],[121.023874,24.765707]]]]}},{"type":"Feature","properties":{"n":"中華路二段","v":"東區","w":2.5,"c":2,"r":4},"geometry":{"type":"MultiPolygon","coordinates":[[[[120.969892,24.800955],[120.969903,24.800946],[120.969429,24.80064],[120.969463,24.800609],[120.969322,24.80057],[120.969319,24.800587],[120.969421,24.800616],[120.969398,24.800637],[120.969892,24.800955]]]]}},{"type":"Feature","properties":{"n":"力行路","v":"東區","w":3,"c":1.5,"r":4},"geometry":{"type":"MultiPolygon","coordinates":[[[[121.023956,24.765749],[121.024427,24.766311],[121.024924,24.766651],[121.025199,24.766723],[121.026377,24.767302],[121.026383,24.767272],[121.025206,24.766675],[121.024944,24.766591],[121.024499,24.766287],[121.023982,24.765737],[121.023956,24.765749]]]]}},{"type":"Feature","properties":{"n":"力行路","v":"東區","w":3,"c":1.5,"r":2},"geometry":{"type":"MultiPolygon","coordinates":[[[[121.026416,24.767355],[121.026623,24.767481],[121.026879,24.767677],[121.02719,24.768071],[121.027201,24.768038],[121.026905,24.76766],[121.026544,24.767403],[121.026432,24.767336],[121.026416,24.767355]]]]}},{"type":"Feature","properties":{"n":"西門街","v":"東區","w":10,"c":9,"r":4},"geometry":{"type":"MultiPolygon","coordinates":[[[[120.963962,24.801819],[120.964236,24.801972],[120.964545,24.802153],[120.965142,24.802574],[120.965168,24.802543],[120.964574,24.802125],[120.963988,24.801788],[120.963962,24.801819]]]]}},{"type":"Feature","properties":{"n":"勝利路","v":"東區","w":3,"c":1.8,"r":5},"geometry":{"type":"MultiPolygon","coordinates":[[[[120.963939,24.8018],[120.964756,24.801231],[120.964738,24.80121],[120.964371,24.801456],[120.963874,24.801759],[120.963939,24.8018]]]]}},{"type":"Feature","properties":{"n":"力行路","v":"東區","w":2.5,"c":1,"r":2},"geometry":{"type":"MultiPolygon","coordinates":[[[[121.027225,24.76813],[121.027345,24.768342],[121.027479,24.768655],[121.027534,24.768944],[121.027576,24.769033],[121.027597,24.76909],[121.027591,24.769315],[121.027538,24.769631],[121.027493,24.769746],[121.027415,24.76991],[121.027344,24.770022],[121.027274,24.770084],[121.027033,24.770395],[121.026931,24.770567],[121.0268,24.770803],[121.026764,24.770887],[121.026795,24.770899],[121.027083,24.770402],[121.027284,24.770144],[121.027368,24.770079],[121.027593,24.769654],[121.02765,24.769341],[121.02767,24.769083],[121.027599,24.768913],[121.027555,24.768648],[121.02733,24.768144],[121.027225,24.76813]]]]}},{"type":"Feature","properties":{"n":"力行路","v":"東區","w":1.5,"c":0.6,"r":2},"geometry":{"type":"MultiPolygon","coordinates":[[[[121.026721,24.770951],[121.026523,24.771671],[121.026242,24.772739],[121.026174,24.772985],[121.026159,24.773028],[121.026211,24.77304],[121.026446,24.772197],[121.02677,24.770974],[121.026721,24.770951]]]]}},{"type":"Feature","properties":{"n":"鳳凰橋","v":"東區","w":2,"c":2,"r":2},"geometry":{"type":"MultiPolygon","coordinates":[[[[120.9696,24.775479],[120.969857,24.775744],[120.969873,24.775742],[120.969614,24.775472],[120.9696,24.775479]]]]}},{"type":"Feature","properties":{"n":"力行路","v":"東區","w":1.5,"c":0.9,"r":8},"geometry":{"type":"MultiPolygon","coordinates":[[[[121.017077,24.775817],[121.017085,24.775862],[121.017138,24.775874],[121.017329,24.775852],[121.019089,24.775775],[121.019602,24.775792],[121.020264,24.775831],[121.020547,24.775862],[121.021047,24.775889],[121.022592,24.776091],[121.023332,24.776082],[121.023863,24.775991],[121.024249,24.775846],[121.024686,24.775642],[121.024999,24.775425],[121.025285,24.775158],[121.025718,24.774567],[121.025854,24.77421],[121.025966,24.773842],[121.02617,24.773139],[121.026118,24.773104],[121.026066,24.773326],[121.026007,24.773535],[121.025983,24.773638],[121.025854,24.774086],[121.025807,24.774234],[121.025673,24.774542],[121.025506,24.774789],[121.025446,24.774868],[121.025224,24.775133],[121.025082,24.775253],[121.024946,24.775377],[121.024815,24.775484],[121.024653,24.775592],[121.02421,24.775801],[121.023846,24.775928],[121.023309,24.776034],[121.022605,24.776034],[121.021944,24.775935],[121.021406,24.775868],[121.02107,24.775817],[121.020579,24.775785],[121.020279,24.775753],[121.019593,24.775714],[121.019116,24.775705],[121.018301,24.775739],[121.017915,24.775761],[121.017365,24.775798],[121.01713,24.775827],[121.017077,24.775817]]]]}},{"type":"Feature","properties":{"n":"園區一路","v":"東區","w":2.5,"c":1.5,"r":2},"geometry":{"type":"MultiPolygon","coordinates":[[[[121.01645,24.775939],[121.01649,24.775911],[121.016479,24.77588],[121.016469,24.775868],[121.016432,24.775829],[121.016401,24.77581],[121.016375,24.775803],[121.016322,24.775801],[121.015338,24.775858],[121.01532,24.775868],[121.015317,24.775892],[121.015325,24.775913],[121.015341,24.775916],[121.015357,24.775894],[121.015414,24.775882],[121.016351,24.775832],[121.016432,24.77587],[121.016456,24.775927],[121.01645,24.775939]]]]}},{"type":"Feature","properties":{"n":"環湖道路","v":"東區","w":2.5,"c":2,"r":null},"geometry":{"type":"MultiPolygon","coordinates":[[[[120.969871,24.775763],[120.969971,24.775856],[120.970031,24.775926],[120.970138,24.776],[120.970256,24.776057],[120.970405,24.776095],[120.970528,24.776117],[120.970703,24.776141],[120.97074,24.776138],[120.970727,24.776093],[120.970672,24.776107],[120.970564,24.776093],[120.97047,24.776091],[120.970368,24.776076],[120.970245,24.776036],[120.970128,24.775976],[120.970088,24.775947],[120.97002,24.77589],[120.969942,24.775794],[120.969871,24.775763]]]]}},{"type":"Feature","properties":{"n":"園區一路","v":"東區","w":2.5,"c":1.5,"r":2},"geometry":{"type":"MultiPolygon","coordinates":[[[[121.013865,24.775794],[121.015108,24.775708],[121.015102,24.775684],[121.013867,24.775775],[121.013865,24.775794]]]]}},{"type":"Feature","properties":{"n":"園區一路","v":"東區","w":2.5,"c":1.5,"r":4},"geometry":{"type":"MultiPolygon","coordinates":[[[[121.015245,24.775693],[121.015253,24.775696],[121.016689,24.775571],[121.016681,24.775543],[121.015242,24.775667],[121.015245,24.775693]]]]}},{"type":"Feature","properties":{"n":"環湖道路","v":"東區","w":2,"c":2,"r":null},"geometry":{"type":"MultiPolygon","coordinates":[[[[120.970797,24.776121],[120.971124,24.776031],[120.971236,24.775995],[120.971661,24.775912],[120.971883,24.775858],[120.972165,24.775816],[120.972472,24.775798],[120.972577,24.775774],[120.972727,24.775727],[120.972904,24.775571],[120.973231,24.775255],[120.973362,24.77507],[120.973453,24.774813],[120.973584,24.774592],[120.973663,24.774521],[120.973964,24.774306],[120.974363,24.774115],[120.974742,24.773912],[120.975154,24.773709],[120.975344,24.773595],[120.975789,24.773547],[120.976194,24.773362],[120.976364,24.773189],[120.976554,24.77295],[120.976685,24.772801],[120.976757,24.772652],[120.97679,24.77252],[120.976783,24.772216],[120.976738,24.77209],[120.976672,24.772031],[120.976561,24.771995],[120.976378,24.771959],[120.976142,24.772025],[120.975828,24.772216],[120.975809,24.772257],[120.975815,24.772287],[120.975933,24.772198],[120.976267,24.772031],[120.976404,24.772013],[120.976613,24.772066],[120.976724,24.772138],[120.976751,24.772323],[120.976737,24.77261],[120.976626,24.772825],[120.976181,24.773333],[120.975972,24.773428],[120.975802,24.773524],[120.975337,24.773553],[120.973519,24.774526],[120.973355,24.774903],[120.973303,24.775118],[120.972891,24.77556],[120.972714,24.775703],[120.972557,24.775745],[120.972132,24.775798],[120.970824,24.776049],[120.970797,24.776121]]]]}},{"type":"Feature","properties":{"n":"力行六路","v":"東區","w":2,"c":1,"r":2},"geometry":{"type":"MultiPolygon","coordinates":[[[[121.016774,24.775483],[121.016821,24.775473],[121.016776,24.775163],[121.016711,24.775019],[121.016567,24.774838],[121.015715,24.773853],[121.015668,24.773886],[121.016507,24.774812],[121.016682,24.775029],[121.01674,24.775177],[121.016774,24.775483]]]]}},{"type":"Feature","properties":{"n":"環湖道路","v":"東區","w":1.5,"c":1.5,"r":null},"geometry":{"type":"MultiPolygon","coordinates":[[[[120.972054,24.773058],[120.972008,24.77307],[120.972002,24.773076],[120.972473,24.773201],[120.972636,24.773202],[120.972787,24.773184],[120.973533,24.772915],[120.973624,24.772867],[120.974049,24.772587],[120.974246,24.772551],[120.974612,24.772581],[120.974743,24.772617],[120.97524,24.772551],[120.9756,24.772396],[120.975587,24.772378],[120.975384,24.772467],[120.975207,24.772539],[120.974821,24.772569],[120.974579,24.772521],[120.974409,24.772515],[120.974115,24.772527],[120.973945,24.772599],[120.973729,24.772742],[120.973519,24.772861],[120.97331,24.772933],[120.97299,24.773058],[120.972721,24.773172],[120.972525,24.773166],[120.972172,24.773082],[120.972054,24.773058]]]]}},{"type":"Feature","properties":{"n":"力行六路","v":"東區","w":2.5,"c":1.5,"r":2},"geometry":{"type":"MultiPolygon","coordinates":[[[[121.014706,24.773023],[121.014685,24.773042],[121.015486,24.773871],[121.015371,24.773945],[121.015394,24.773971],[121.015517,24.773873],[121.014706,24.773023]]]]}},{"type":"Feature","properties":{"n":"力行一路","v":"東區","w":1.5,"c":0.9,"r":2},"geometry":{"type":"MultiPolygon","coordinates":[[[[121.017709,24.7705],[121.018017,24.770381],[121.018119,24.770185],[121.018041,24.76998],[121.017762,24.769693],[121.017739,24.769719],[121.018026,24.769992],[121.0181,24.770188],[121.018005,24.770362],[121.017702,24.770481],[121.017709,24.7705]]]]}},{"type":"Feature","properties":{"n":"明湖路","v":"東區","w":1.5,"c":1.5,"r":null},"geometry":{"type":"MultiPolygon","coordinates":[[[[120.97852,24.768149],[120.978541,24.768161],[120.978918,24.767795],[120.978897,24.767776],[120.97852,24.768149]]]]}},{"type":"Feature","properties":{"n":"力行一路","v":"東區","w":1.5,"c":0.9,"r":2},"geometry":{"type":"MultiPolygon","coordinates":[[[[121.016923,24.768699],[121.017038,24.76893],[121.017724,24.769683],[121.017755,24.769669],[121.017046,24.768907],[121.016954,24.768692],[121.016923,24.768699]]]]}},{"type":"Feature","properties":{"n":"明湖路","v":"東區","w":1,"c":1,"r":null},"geometry":{"type":"MultiPolygon","coordinates":[[[[120.978995,24.767729],[120.979021,24.767762],[120.97939,24.767631],[120.979388,24.767602],[120.978995,24.767729]]]]}},{"type":"Feature","properties":{"n":"力行一路","v":"東區","w":1,"c":0.7,"r":2},"geometry":{"type":"MultiPolygon","coordinates":[[[[121.016978,24.771377],[121.01702,24.771384],[121.017104,24.7711],[121.017271,24.770911],[121.017237,24.770885],[121.01707,24.771088],[121.016978,24.771377]]]]}},{"type":"Feature","properties":{"n":"力行九路","v":"東區","w":2,"c":1,"r":2},"geometry":{"type":"MultiPolygon","coordinates":[[[[121.016558,24.771405],[121.016904,24.771405],[121.016919,24.771372],[121.016569,24.771379],[121.016558,24.771405]]]]}},{"type":"Feature","properties":{"n":"研新四路","v":"東區","w":2,"c":1.4,"r":3},"geometry":{"type":"MultiPolygon","coordinates":[[[[120.985482,24.776393],[120.98686,24.777697],[120.986923,24.777692],[120.985505,24.776378],[120.985482,24.776393]]]]}},{"type":"Feature","properties":{"n":"力行九路","v":"東區","w":2,"c":1,"r":2},"geometry":{"type":"MultiPolygon","coordinates":[[[[121.015004,24.770667],[121.015329,24.771054],[121.015758,24.77136],[121.016417,24.771389],[121.016417,24.771358],[121.015763,24.771334],[121.015347,24.771035],[121.015039,24.770657],[121.015004,24.770667]]]]}},{"type":"Feature","properties":{"n":"力行九路","v":"東區","w":2,"c":1,"r":2},"geometry":{"type":"MultiPolygon","coordinates":[[[[121.014268,24.769953],[121.01493,24.770577],[121.014982,24.770553],[121.014302,24.769927],[121.014268,24.769953]]]]}},{"type":"Feature","properties":{"n":"園區二路","v":"東區","w":1.5,"c":0.9,"r":2},"geometry":{"type":"MultiPolygon","coordinates":[[[[121.014306,24.769949],[121.014328,24.769917],[121.014315,24.769949],[121.014795,24.769105],[121.015057,24.768713],[121.015284,24.768318],[121.015925,24.76731],[121.015954,24.7672],[121.016283,24.766863],[121.016268,24.766842],[121.015932,24.767189],[121.015905,24.767287],[121.015885,24.767325],[121.015783,24.767464],[121.015195,24.768397],[121.015085,24.7686],[121.014756,24.769073],[121.014659,24.769238],[121.01428,24.769927],[121.014306,24.769949]]]]}},{"type":"Feature","properties":{"n":"關新二街","v":"東區","w":2,"c":1.1,"r":8},"geometry":{"type":"MultiPolygon","coordinates":[[[[121.016679,24.786263],[121.01855,24.785444],[121.018537,24.785397],[121.016666,24.786233],[121.016607,24.786221],[121.016601,24.786251],[121.016679,24.786263]]]]}},{"type":"Feature","properties":{"n":"關新路","v":"東區","w":3.5,"c":2,"r":6},"geometry":{"type":"MultiPolygon","coordinates":[[[[121.01855,24.785444],[121.018197,24.784459],[121.018112,24.784489],[121.018485,24.785474],[121.01855,24.785444]]]]}},{"type":"Feature","properties":{"n":"研發二路","v":"東區","w":1.5,"c":1.2,"r":2},"geometry":{"type":"MultiPolygon","coordinates":[[[[121.00037,24.77548],[121.000403,24.775432],[120.999762,24.774673],[120.999709,24.774703],[121.00037,24.77548]]]]}},{"type":"Feature","properties":{"n":"科學園路","v":"東區","w":4,"c":4,"r":2},"geometry":{"type":"MultiPolygon","coordinates":[[[[121.011144,24.780313],[121.011217,24.780492],[121.011238,24.78048],[121.011167,24.780311],[121.011144,24.780313]]]]}},{"type":"Feature","properties":{"n":"科學園路","v":"東區","w":6,"c":5.5,"r":4},"geometry":{"type":"MultiPolygon","coordinates":[[[[121.011754,24.781904],[121.011824,24.782159],[121.011822,24.782477],[121.011861,24.782523],[121.011869,24.782155],[121.011913,24.78215],[121.011903,24.782083],[121.011824,24.781863],[121.011754,24.781904]]]]}},{"type":"Feature","properties":{"n":"南大路567巷33弄","v":"東區","w":1.5,"c":0.9,"r":2},"geometry":{"type":"MultiPolygon","coordinates":[[[[120.967419,24.791434],[120.967452,24.791428],[120.967412,24.790685],[120.967339,24.789863],[120.967319,24.789386],[120.967254,24.789356],[120.967372,24.79077],[120.967393,24.791078],[120.967419,24.791434]]]]}},{"type":"Feature","properties":{"n":"科學園路173巷","v":"東區","w":3,"c":2,"r":3},"geometry":{"type":"MultiPolygon","coordinates":[[[[121.011765,24.781888],[121.011763,24.781929],[121.012739,24.781537],[121.012728,24.781494],[121.011765,24.781888]]]]}},{"type":"Feature","properties":{"n":"南大路567巷33弄","v":"東區","w":1.5,"c":0.9,"r":1},"geometry":{"type":"MultiPolygon","coordinates":[[[[120.967187,24.789611],[120.96718,24.789987],[120.967233,24.79071],[120.967304,24.790716],[120.967187,24.789611]]]]}},{"type":"Feature","properties":{"n":"富群街","v":"香山區","w":2.1,"c":2.1,"r":1},"geometry":{"type":"MultiPolygon","coordinates":[[[[120.957229,24.769314],[120.957195,24.769364],[120.957169,24.76944],[120.957146,24.769472],[120.957083,24.76951],[120.957025,24.769526],[120.957033,24.769548],[120.957125,24.769503],[120.957172,24.769462],[120.957193,24.769409],[120.957229,24.769314]]]]}},{"type":"Feature","properties":{"n":"富群街","v":"香山區","w":1.5,"c":1.5,"r":2},"geometry":{"type":"MultiPolygon","coordinates":[[[[120.956989,24.769569],[120.956999,24.769562],[120.956991,24.76955],[120.957041,24.769538],[120.957038,24.769524],[120.956981,24.769538],[120.956989,24.769569]]]]}},{"type":"Feature","properties":{"n":"光復路一段525巷","v":"東區","w":3,"c":3,"r":2},"geometry":{"type":"MultiPolygon","coordinates":[[[[121.013317,24.783838],[121.013302,24.78384],[121.013338,24.783947],[121.013309,24.783955],[121.013451,24.784377],[121.013626,24.784657],[121.013637,24.78464],[121.013618,24.784604],[121.013477,24.784377],[121.01333,24.783962],[121.013359,24.783957],[121.013317,24.783838]]]]}},{"type":"Feature","properties":{"n":"民權路","v":"東區","w":1,"c":0.5,"r":1},"geometry":{"type":"MultiPolygon","coordinates":[[[[120.971746,24.81217],[120.971744,24.812211],[120.971623,24.812405],[120.971636,24.812414],[120.971786,24.812187],[120.971746,24.81217]]]]}},{"type":"Feature","properties":{"n":"鐵道路二段","v":"東區","w":1,"c":0.7,"r":null},"geometry":{"type":"MultiPolygon","coordinates":[[[[120.979277,24.816296],[120.97929,24.816308],[120.980256,24.815456],[120.980243,24.815446],[120.979277,24.816296]]]]}},{"type":"Feature","properties":{"n":"環湖道路","v":"東區","w":1.5,"c":0.8,"r":1},"geometry":{"type":"MultiPolygon","coordinates":[[[[120.969126,24.775137],[120.969209,24.775228],[120.969596,24.775618],[120.969617,24.775606],[120.969139,24.775126],[120.969126,24.775137]]]]}},{"type":"Feature","properties":{"n":"園區一路","v":"東區","w":3.5,"c":2,"r":2},"geometry":{"type":"MultiPolygon","coordinates":[[[[121.009618,24.787335],[121.009611,24.787317],[121.009009,24.786654],[121.008525,24.786194],[121.007943,24.785818],[121.007419,24.785161],[121.00721,24.784839],[121.006994,24.784463],[121.006981,24.784463],[121.006968,24.784546],[121.00702,24.78466],[121.007308,24.785126],[121.007917,24.78586],[121.00808,24.785991],[121.00829,24.786117],[121.008433,24.786194],[121.008558,24.786296],[121.008662,24.786356],[121.008859,24.786571],[121.009016,24.786714],[121.009127,24.786869],[121.009251,24.786971],[121.00931,24.787066],[121.009408,24.787174],[121.009467,24.787263],[121.009618,24.787335]]]]}},{"type":"Feature","properties":{"n":"環湖道路","v":"東區","w":1.5,"c":1.5,"r":2},"geometry":{"type":"MultiPolygon","coordinates":[[[[120.969638,24.775601],[120.969683,24.775651],[120.969688,24.775639],[120.969644,24.775594],[120.969638,24.775601]]]]}},{"type":"Feature","properties":{"n":"園區一路","v":"東區","w":3.5,"c":2,"r":3},"geometry":{"type":"MultiPolygon","coordinates":[[[[121.008105,24.788407],[121.008301,24.788263],[121.008439,24.788156],[121.008557,24.788048],[121.008661,24.787821],[121.008694,24.787576],[121.008687,24.787403],[121.008635,24.7872],[121.008504,24.786985],[121.008177,24.786633],[121.007804,24.786269],[121.007255,24.785612],[121.007196,24.785647],[121.007752,24.78628],[121.008059,24.786591],[121.008524,24.787087],[121.008674,24.787493],[121.008602,24.787875],[121.008517,24.788048],[121.008092,24.788389],[121.008105,24.788407]]]]}},{"type":"Feature","properties":{"n":"建新路","v":"東區","w":2,"c":1.7,"r":2},"geometry":{"type":"MultiPolygon","coordinates":[[[[120.997133,24.798535],[120.99719,24.79854],[120.997533,24.798697],[120.997559,24.798726],[120.99757,24.798683],[120.997193,24.798509],[120.997133,24.798535]]]]}},{"type":"Feature","properties":{"n":"高峰路386巷100弄","v":"東區","w":1,"c":1,"r":0},"geometry":{"type":"MultiPolygon","coordinates":[[[[120.979,24.77824],[120.978963,24.778269],[120.978861,24.778285],[120.978866,24.778302],[120.978973,24.778283],[120.979,24.77824]]]]}},{"type":"Feature","properties":{"n":"建新路","v":"東區","w":2,"c":1.7,"r":2},"geometry":{"type":"MultiPolygon","coordinates":[[[[120.996047,24.798048],[120.996086,24.798048],[120.996507,24.798227],[120.996544,24.798253],[120.996539,24.79821],[120.996099,24.798019],[120.996047,24.798048]]]]}},{"type":"Feature","properties":{"n":"園區一路","v":"東區","w":3.5,"c":2,"r":2},"geometry":{"type":"MultiPolygon","coordinates":[[[[121.007167,24.785537],[121.006644,24.784301],[121.006552,24.783722],[121.006585,24.783047],[121.0068,24.781757],[121.006728,24.781404],[121.00646,24.780801],[121.006375,24.780813],[121.006611,24.781309],[121.00667,24.7815],[121.006683,24.781679],[121.006689,24.78196],[121.006611,24.78236],[121.006513,24.782796],[121.006467,24.783512],[121.006487,24.783859],[121.006539,24.784205],[121.006644,24.784558],[121.006748,24.784886],[121.006905,24.785161],[121.007049,24.785465],[121.007069,24.785615],[121.007167,24.785537]]]]}},{"type":"Feature","properties":{"n":"建新路","v":"東區","w":2,"c":1.7,"r":2},"geometry":{"type":"MultiPolygon","coordinates":[[[[120.996648,24.798325],[120.996696,24.79832],[120.996986,24.798447],[120.997012,24.798463],[120.997004,24.798428],[120.996706,24.798291],[120.996648,24.798325]]]]}},{"type":"Feature","properties":{"n":"博愛街","v":"東區","w":2,"c":1.5,"r":2},"geometry":{"type":"MultiPolygon","coordinates":[[[[120.983589,24.798448],[120.983594,24.798467],[120.98361,24.798467],[120.983688,24.798381],[120.984144,24.79818],[120.984282,24.798106],[120.984277,24.798087],[120.983675,24.798355],[120.983597,24.798426],[120.983589,24.798448]]]]}},{"type":"Feature","properties":{"n":"民享街","v":"東區","w":1.5,"c":1,"r":2},"geometry":{"type":"MultiPolygon","coordinates":[[[[121.009261,24.780879],[121.009314,24.780862],[121.009324,24.780826],[121.009232,24.780573],[121.009062,24.780344],[121.009026,24.780351],[121.009222,24.780594],[121.009285,24.780807],[121.009264,24.780871],[121.009261,24.780879]]]]}},{"type":"Feature","properties":{"n":"民享街162巷","v":"東區","w":1.5,"c":1.5,"r":null},"geometry":{"type":"MultiPolygon","coordinates":[[[[121.008433,24.781174],[121.008451,24.781186],[121.009071,24.78035],[121.009019,24.78035],[121.008433,24.781174]]]]}},{"type":"Feature","properties":{"n":"民享公園","v":"東區","w":3,"c":3,"r":null},"geometry":{"type":"MultiPolygon","coordinates":[[[[121.008067,24.781042],[121.008077,24.78105],[121.008059,24.781052],[121.008373,24.781298],[121.008446,24.781188],[121.008093,24.781002],[121.008067,24.781042]]]]}},{"type":"Feature","properties":{"n":"南大路575巷","v":"東區","w":1.5,"c":0.8,"r":2},"geometry":{"type":"MultiPolygon","coordinates":[[[[120.967221,24.78931],[120.967789,24.789478],[120.967781,24.789442],[120.967213,24.78927],[120.967221,24.78931]]]]}},{"type":"Feature","properties":{"n":"明湖路","v":"東區","w":1.5,"c":0.8,"r":4},"geometry":{"type":"MultiPolygon","coordinates":[[[[120.9678,24.78945],[120.967806,24.789467],[120.967884,24.789481],[120.967942,24.789663],[120.968237,24.790201],[120.968389,24.790511],[120.96841,24.79075],[120.968399,24.791264],[120.96842,24.791259],[120.968428,24.79075],[120.968407,24.790511],[120.968282,24.790248],[120.96797,24.789682],[120.9679,24.789469],[120.9678,24.78945]]]]}},{"type":"Feature","properties":{"n":"科學園路","v":"東區","w":1.5,"c":1,"r":1},"geometry":{"type":"MultiPolygon","coordinates":[[[[121.010658,24.785218],[121.010686,24.785223],[121.010859,24.784805],[121.010841,24.784805],[121.010658,24.785218]]]]}},{"type":"Feature","properties":{"n":"金城一路","v":"東區","w":2.5,"c":1.5,"r":2},"geometry":{"type":"MultiPolygon","coordinates":[[[[121.002424,24.793885],[121.002518,24.79393],[121.002618,24.793916],[121.002686,24.793947],[121.002678,24.794021],[121.002822,24.794102],[121.002942,24.794045],[121.003091,24.794236],[121.003162,24.79426],[121.003209,24.794248],[121.003264,24.794226],[121.003115,24.794174],[121.00296,24.794006],[121.002861,24.794035],[121.002725,24.793978],[121.00272,24.793904],[121.002626,24.793865],[121.002479,24.793873],[121.002424,24.793885]]]]}},{"type":"Feature","properties":{"n":"金城三路","v":"東區","w":1.5,"c":0.9,"r":2},"geometry":{"type":"MultiPolygon","coordinates":[[[[121.003248,24.794221],[121.004247,24.793497],[121.004229,24.793444],[121.004195,24.793492],[121.003248,24.79419],[121.003248,24.794221]]]]}},{"type":"Feature","properties":{"n":"金城一路40巷","v":"東區","w":2,"c":1.1,"r":2},"geometry":{"type":"MultiPolygon","coordinates":[[[[121.002429,24.793877],[121.002494,24.793865],[121.002863,24.793313],[121.002918,24.793313],[121.00285,24.793275],[121.00251,24.793769],[121.002429,24.793877]]]]}},{"type":"Feature","properties":{"n":"金城一路40巷","v":"東區","w":1.5,"c":1.2,"r":2},"geometry":{"type":"MultiPolygon","coordinates":[[[[121.002973,24.793232],[121.002981,24.79316],[121.003146,24.792914],[121.003214,24.792881],[121.003138,24.792864],[121.002931,24.79316],[121.002973,24.793232]]]]}},{"type":"Feature","properties":{"n":"金城一路40巷","v":"東區","w":1.8,"c":1.3,"r":2},"geometry":{"type":"MultiPolygon","coordinates":[[[[121.003188,24.792916],[121.004138,24.793442],[121.00419,24.793475],[121.004174,24.793428],[121.003235,24.79289],[121.003188,24.792916]]]]}},{"type":"Feature","properties":{"n":"金城三路","v":"東區","w":3,"c":2,"r":3},"geometry":{"type":"MultiPolygon","coordinates":[[[[121.003436,24.794417],[121.003481,24.794452],[121.003504,24.794359],[121.004459,24.793695],[121.00453,24.793638],[121.004423,24.793638],[121.003439,24.794371],[121.003436,24.794417]]]]}},{"type":"Feature","properties":{"n":"金城一路52巷","v":"東區","w":2.5,"c":2,"r":3},"geometry":{"type":"MultiPolygon","coordinates":[[[[121.004496,24.793686],[121.004559,24.79369],[121.004569,24.793683],[121.005046,24.793965],[121.005103,24.794013],[121.005082,24.793953],[121.004559,24.793655],[121.004496,24.793686]]]]}},{"type":"Feature","properties":{"n":"成德路","v":"東區","w":1.5,"c":0.8,"r":3},"geometry":{"type":"MultiPolygon","coordinates":[[[[120.962723,24.793174],[120.96288,24.793155],[120.962849,24.793083],[120.962828,24.793088],[120.962846,24.793136],[120.962718,24.793152],[120.962723,24.793174]]]]}},{"type":"Feature","properties":{"n":"成德路","v":"東區","w":1.5,"c":0.8,"r":1},"geometry":{"type":"MultiPolygon","coordinates":[[[[120.962563,24.79321],[120.962561,24.793224],[120.962904,24.79319],[120.963102,24.793396],[120.963105,24.793382],[120.962906,24.793174],[120.962563,24.79321]]]]}},{"type":"Feature","properties":{"n":"關新東路","v":"東區","w":2,"c":1,"r":2},"geometry":{"type":"MultiPolygon","coordinates":[[[[121.020336,24.786148],[121.020342,24.786203],[121.020386,24.786308],[121.020601,24.786592],[121.020753,24.786707],[121.020862,24.786779],[121.020946,24.786814],[121.020946,24.7868],[121.020868,24.786764],[121.020609,24.786578],[121.020412,24.786318],[121.020373,24.786227],[121.020352,24.786146],[121.020342,24.786143],[121.020336,24.786148]]]]}},{"type":"Feature","properties":{"n":"民主路","v":"東區","w":4.55,"c":3,"r":2},"geometry":{"type":"MultiPolygon","coordinates":[[[[120.976977,24.814338],[120.976987,24.814319],[120.976987,24.814295],[120.977749,24.813321],[120.977739,24.813309],[120.977715,24.813314],[120.976953,24.814291],[120.976977,24.814338]]]]}},{"type":"Feature","properties":{"n":"東山街","v":"東區","w":5,"c":5,"r":2},"geometry":{"type":"MultiPolygon","coordinates":[[[[120.978168,24.798453],[120.977592,24.79916],[120.977213,24.799607],[120.977121,24.799648],[120.977074,24.799655],[120.977079,24.799691],[120.977179,24.799662],[120.977241,24.799626],[120.978194,24.79848],[120.978168,24.798453]]]]}},{"type":"Feature","properties":{"n":"中華路二段","v":"東區","w":2.5,"c":2.5,"r":2},"geometry":{"type":"MultiPolygon","coordinates":[[[[120.971058,24.801604],[120.971079,24.801602],[120.96998,24.800918],[120.969975,24.800935],[120.971058,24.801604]]]]}},{"type":"Feature","properties":{"n":"南大路567巷","v":"東區","w":4,"c":4,"r":2},"geometry":{"type":"MultiPolygon","coordinates":[[[[120.96729,24.790747],[120.9673,24.790716],[120.965026,24.790759],[120.964935,24.790678],[120.964911,24.790699],[120.965005,24.790778],[120.96729,24.790747]]]]}},{"type":"Feature","properties":{"n":"南大路","v":"東區","w":4,"c":4,"r":2},"geometry":{"type":"MultiPolygon","coordinates":[[[[120.964933,24.790672],[120.96496,24.790691],[120.965656,24.789996],[120.966609,24.789026],[120.966572,24.789017],[120.966033,24.789561],[120.965604,24.790008],[120.965245,24.790368],[120.964933,24.790672]]]]}},{"type":"Feature","properties":{"n":"湳雅街","v":"北區","w":4,"c":4,"r":2},"geometry":{"type":"MultiPolygon","coordinates":[[[[120.971963,24.818898],[120.972834,24.81962],[120.972855,24.81961],[120.97197,24.818874],[120.971963,24.818898]]]]}},{"type":"Feature","properties":{"n":"中華路四段","v":"香山區","w":2.3,"c":1.6,"r":2},"geometry":{"type":"MultiPolygon","coordinates":[[[[120.948782,24.795267],[120.948436,24.795114],[120.948421,24.795123],[120.948756,24.795276],[120.948782,24.795281],[120.948782,24.795267]]]]}},{"type":"Feature","properties":{"n":"中華路四段","v":"香山區","w":1.7,"c":0.7,"r":1},"geometry":{"type":"MultiPolygon","coordinates":[[[[120.948678,24.794931],[120.948684,24.794912],[120.948694,24.794912],[120.947713,24.794467],[120.947697,24.794489],[120.948678,24.794931]]]]}},{"type":"Feature","properties":{"n":"南大路","v":"東區","w":3.2,"c":2.5,"r":null},"geometry":{"type":"MultiPolygon","coordinates":[[[[120.976952,24.802011],[120.976978,24.802035],[120.977311,24.802243],[120.977345,24.802224],[120.976981,24.801987],[120.976952,24.802011]]]]}},{"type":"Feature","properties":{"n":"南大路","v":"東區","w":2.2,"c":1.5,"r":2},"geometry":{"type":"MultiPolygon","coordinates":[[[[120.97464,24.800589],[120.974645,24.800608],[120.975035,24.800828],[120.97509,24.800809],[120.97463,24.800544],[120.97464,24.800589]]]]}},{"type":"Feature","properties":{"n":"南大路","v":"東區","w":3.3,"c":2.5,"r":4},"geometry":{"type":"MultiPolygon","coordinates":[[[[120.96558,24.795143],[120.965549,24.795174],[120.96698,24.796073],[120.966978,24.796011],[120.965659,24.795198],[120.96558,24.795143]]]]}},{"type":"Feature","properties":{"n":"南大路","v":"東區","w":3.3,"c":2.2,"r":1},"geometry":{"type":"MultiPolygon","coordinates":[[[[120.965486,24.795087],[120.965397,24.795032],[120.965363,24.795075],[120.965465,24.79512],[120.96547,24.795116],[120.965486,24.795087]]]]}},{"type":"Feature","properties":{"n":"南大路","v":"東區","w":3.2,"c":1,"r":2},"geometry":{"type":"MultiPolygon","coordinates":[[[[120.965078,24.794639],[120.965091,24.794597],[120.963626,24.793641],[120.963272,24.79333],[120.963207,24.793378],[120.963586,24.793695],[120.965078,24.794639]]]]}},{"type":"Feature","properties":{"n":"南大路","v":"東區","w":3.7,"c":1.5,"r":1},"geometry":{"type":"MultiPolygon","coordinates":[[[[120.963194,24.793344],[120.963204,24.793332],[120.963061,24.793207],[120.962993,24.793107],[120.962922,24.79298],[120.962919,24.792789],[120.962891,24.792789],[120.962891,24.79298],[120.962969,24.793121],[120.963029,24.7932],[120.963194,24.793344]]]]}},{"type":"Feature","properties":{"n":" 南大路","v":"東區","w":3.2,"c":2.5,"r":null},"geometry":{"type":"MultiPolygon","coordinates":[[[[120.963484,24.79385],[120.963495,24.793898],[120.963968,24.794189],[120.963992,24.794163],[120.96351,24.793841],[120.963484,24.79385]]]]}},{"type":"Feature","properties":{"n":"竹蓮街","v":"東區","w":1.7,"c":1,"r":4},"geometry":{"type":"MultiPolygon","coordinates":[[[[120.969357,24.799289],[120.96937,24.799291],[120.970072,24.798735],[120.970048,24.798706],[120.969344,24.799275],[120.969357,24.799289]]]]}},{"type":"Feature","properties":{"n":"竹蓮街","v":"東區","w":1.7,"c":1,"r":2},"geometry":{"type":"MultiPolygon","coordinates":[[[[120.969124,24.799301],[120.969384,24.799105],[120.96935,24.799076],[120.96908,24.799306],[120.969109,24.799306],[120.969124,24.799301]]]]}},{"type":"Feature","properties":{"n":" 竹蓮街","v":"東區","w":1.7,"c":1,"r":2},"geometry":{"type":"MultiPolygon","coordinates":[[[[120.969397,24.799024],[120.96991,24.798587],[120.969923,24.798553],[120.969855,24.798601],[120.969376,24.799009],[120.969386,24.799024],[120.969397,24.799024]]]]}},{"type":"Feature","properties":{"n":" 竹蓮街","v":"東區","w":1.7,"c":0.4,"r":2},"geometry":{"type":"MultiPolygon","coordinates":[[[[120.970072,24.79869],[120.970106,24.798723],[120.970671,24.798293],[120.970593,24.798286],[120.97009,24.79869],[120.970072,24.79869]]]]}},{"type":"Feature","properties":{"n":" 竹蓮街","v":"東區","w":1.7,"c":1.4,"r":2},"geometry":{"type":"MultiPolygon","coordinates":[[[[120.96997,24.798532],[120.970431,24.798159],[120.970397,24.79814],[120.969957,24.798506],[120.96997,24.798532]]]]}},{"type":"Feature","properties":{"n":" 竹蓮街","v":"東區","w":1.7,"c":1.4,"r":2},"geometry":{"type":"MultiPolygon","coordinates":[[[[120.971763,24.797464],[120.971776,24.79745],[120.972435,24.796953],[120.972412,24.796932],[120.971771,24.797433],[120.971763,24.797464]]]]}},{"type":"Feature","properties":{"n":"竹蓮街26巷","v":"東區","w":1.7,"c":1,"r":2},"geometry":{"type":"MultiPolygon","coordinates":[[[[120.971767,24.797465],[120.972249,24.797866],[120.972254,24.797845],[120.971786,24.797455],[120.971767,24.797465]]]]}},{"type":"Feature","properties":{"n":"竹蓮街8巷","v":"東區","w":1.7,"c":1.8,"r":2},"geometry":{"type":"MultiPolygon","coordinates":[[[[120.972254,24.797842],[120.972765,24.797152],[120.972746,24.797126],[120.972231,24.797818],[120.972241,24.797818],[120.972254,24.797842]]]]}},{"type":"Feature","properties":{"n":"竹蓮街8巷","v":"東區","w":1.7,"c":1,"r":2},"geometry":{"type":"MultiPolygon","coordinates":[[[[120.972413,24.796926],[120.972708,24.797163],[120.972745,24.79712],[120.972441,24.796931],[120.972413,24.796926]]]]}},{"type":"Feature","properties":{"n":" 東南街142巷","v":"東區","w":1.7,"c":1,"r":2},"geometry":{"type":"MultiPolygon","coordinates":[[[[120.972255,24.796027],[120.972878,24.796392],[120.972904,24.796435],[120.974178,24.797222],[120.97422,24.797243],[120.974212,24.797214],[120.97292,24.796412],[120.972899,24.796373],[120.972268,24.796008],[120.972247,24.796008],[120.972255,24.796027]]]]}},{"type":"Feature","properties":{"n":"學府路","v":"東區","w":2.2,"c":2.8,"r":2},"geometry":{"type":"MultiPolygon","coordinates":[[[[120.978957,24.794813],[120.979651,24.795074],[120.979674,24.79505],[120.978957,24.794773],[120.978949,24.794799],[120.978957,24.794813]]]]}},{"type":"Feature","properties":{"n":" 學府路","v":"東區","w":2.2,"c":1.5,"r":2},"geometry":{"type":"MultiPolygon","coordinates":[[[[120.979711,24.795098],[120.980561,24.795375],[120.980572,24.795337],[120.979708,24.795071],[120.979708,24.795088],[120.979711,24.795098]]]]}},{"type":"Feature","properties":{"n":"學府路","v":"東區","w":1.7,"c":1.4,"r":2},"geometry":{"type":"MultiPolygon","coordinates":[[[[120.980649,24.795405],[120.981306,24.795636],[120.981316,24.795617],[120.980665,24.795374],[120.980654,24.795383],[120.980649,24.795405]]]]}},{"type":"Feature","properties":{"n":"學府路","v":"東區","w":1.7,"c":1.7,"r":2},"geometry":{"type":"MultiPolygon","coordinates":[[[[120.981892,24.796012],[120.981853,24.796069],[120.983645,24.796708],[120.983677,24.796633],[120.981892,24.796012]]]]}},{"type":"Feature","properties":{"n":"八德路","v":"東區","w":1.7,"c":1.7,"r":4},"geometry":{"type":"MultiPolygon","coordinates":[[[[120.985802,24.803012],[120.985833,24.803026],[120.986794,24.802706],[120.986744,24.802702],[120.985804,24.803002],[120.985802,24.803012]]]]}},{"type":"Feature","properties":{"n":"八德路","v":"東區","w":3.7,"c":3,"r":4},"geometry":{"type":"MultiPolygon","coordinates":[[[[120.98605,24.803124],[120.986006,24.8031],[120.984013,24.80374],[120.983989,24.803795],[120.984013,24.803814],[120.986015,24.803134],[120.98605,24.803124]]]]}},{"type":"Feature","properties":{"n":"八德路","v":"東區","w":3,"c":2.3,"r":4},"geometry":{"type":"MultiPolygon","coordinates":[[[[120.9838,24.80388],[120.983689,24.80385],[120.982766,24.805092],[120.982812,24.805158],[120.983741,24.803952],[120.9838,24.80388]]]]}},{"type":"Feature","properties":{"n":"八德路","v":"東區","w":2.2,"c":1.5,"r":null},"geometry":{"type":"MultiPolygon","coordinates":[[[[120.983581,24.803767],[120.983586,24.803767],[120.983565,24.803748],[120.983246,24.804121],[120.983259,24.80413],[120.983311,24.804116],[120.983581,24.803767]]]]}},{"type":"Feature","properties":{"n":" 公園路171巷","v":"東區","w":2.2,"c":1.5,"r":2},"geometry":{"type":"MultiPolygon","coordinates":[[[[120.983246,24.804121],[120.983259,24.804094],[120.982772,24.803777],[120.982772,24.803805],[120.983246,24.804121]]]]}},{"type":"Feature","properties":{"n":"東園街","v":"東區","w":2.2,"c":1.5,"r":2},"geometry":{"type":"MultiPolygon","coordinates":[[[[120.982772,24.803772],[120.982785,24.803781],[120.983492,24.803552],[120.983489,24.803533],[120.982783,24.803762],[120.982772,24.803772]]]]}},{"type":"Feature","properties":{"n":"公園路","v":"東區","w":2.3,"c":1.9,"r":5},"geometry":{"type":"MultiPolygon","coordinates":[[[[120.975423,24.800595],[120.975441,24.800607],[120.975515,24.800581],[120.975556,24.800619],[120.976859,24.801432],[120.976857,24.801403],[120.975528,24.800543],[120.975452,24.80056],[120.975423,24.800595]]]]}},{"type":"Feature","properties":{"n":"公園路","v":"東區","w":3,"c":1.5,"r":3},"geometry":{"type":"MultiPolygon","coordinates":[[[[120.982813,24.805161],[120.984056,24.805928],[120.984104,24.80588],[120.982866,24.805106],[120.982813,24.805161]]]]}},{"type":"Feature","properties":{"n":"公園路","v":"東區","w":4,"c":3.3,"r":null},"geometry":{"type":"MultiPolygon","coordinates":[[[[120.984336,24.806027],[120.984297,24.806081],[120.985108,24.806577],[120.985154,24.806529],[120.984336,24.806027]]]]}},{"type":"Feature","properties":{"n":"公園路","v":"東區","w":2,"c":1.3,"r":null},"geometry":{"type":"MultiPolygon","coordinates":[[[[120.984208,24.806236],[120.984189,24.806272],[120.985037,24.806778],[120.985066,24.806764],[120.984208,24.806236]]]]}},{"type":"Feature","properties":{"n":"八德路19巷","v":"東區","w":5,"c":4.3,"r":null},"geometry":{"type":"MultiPolygon","coordinates":[[[[120.982869,24.806418],[120.982859,24.806428],[120.982861,24.806457],[120.983395,24.806801],[120.983421,24.806786],[120.983406,24.806753],[120.982869,24.806418]]]]}},{"type":"Feature","properties":{"n":"八德路19巷","v":"東區","w":5,"c":4.3,"r":3},"geometry":{"type":"MultiPolygon","coordinates":[[[[120.983559,24.806937],[120.983543,24.806977],[120.984571,24.807594],[120.984613,24.807563],[120.983559,24.806937]]]]}},{"type":"Feature","properties":{"n":"東光路","v":"東區","w":2.2,"c":1.5,"r":1},"geometry":{"type":"MultiPolygon","coordinates":[[[[120.984736,24.807633],[120.984781,24.807722],[120.984773,24.807765],[120.984163,24.808544],[120.98421,24.80856],[120.984809,24.80775],[120.984799,24.807715],[120.984804,24.807674],[120.984736,24.807633]]]]}},{"type":"Feature","properties":{"n":"忠孝路","v":"東區","w":2.2,"c":1.5,"r":null},"geometry":{"type":"MultiPolygon","coordinates":[[[[120.98358,24.803763],[120.983588,24.803728],[120.98353,24.803548],[120.983501,24.803544],[120.983577,24.80374],[120.98358,24.803763]]]]}},{"type":"Feature","properties":{"n":"忠孝路","v":"東區","w":3.4,"c":3.1,"r":4},"geometry":{"type":"MultiPolygon","coordinates":[[[[120.983818,24.80389],[120.983794,24.803928],[120.985859,24.80524],[120.985914,24.80519],[120.983818,24.80389]]]]}},{"type":"Feature","properties":{"n":"忠孝路","v":"東區","w":4,"c":3.3,"r":1},"geometry":{"type":"MultiPolygon","coordinates":[[[[120.984051,24.803817],[120.983992,24.803817],[120.98585,24.804958],[120.985915,24.804964],[120.984051,24.803817]]]]}},{"type":"Feature","properties":{"n":"忠孝路","v":"東區","w":3.2,"c":2.5,"r":2},"geometry":{"type":"MultiPolygon","coordinates":[[[[120.990752,24.801845],[120.990773,24.801835],[120.990647,24.801606],[120.990684,24.801577],[120.990665,24.801544],[120.990611,24.801596],[120.990752,24.801845]]]]}},{"type":"Feature","properties":{"n":"忠孝路27巷","v":"東區","w":1.7,"c":1.7,"r":2},"geometry":{"type":"MultiPolygon","coordinates":[[[[120.990414,24.801658],[120.99037,24.801642],[120.988941,24.802105],[120.988941,24.802129],[120.990406,24.801661],[120.990414,24.801658]]]]}},{"type":"Feature","properties":{"n":"忠孝路27巷","v":"東區","w":1.7,"c":1.7,"r":2},"geometry":{"type":"MultiPolygon","coordinates":[[[[120.989362,24.801837],[120.989561,24.80178],[120.990302,24.801544],[120.990317,24.801508],[120.990312,24.801493],[120.989354,24.801811],[120.989354,24.801818],[120.989362,24.801837]]]]}},{"type":"Feature","properties":{"n":"新光路","v":"東區","w":0.7,"c":0.4,"r":1},"geometry":{"type":"MultiPolygon","coordinates":[[[[120.987884,24.800947],[120.98785,24.800959],[120.988263,24.801714],[120.988305,24.801702],[120.988091,24.801301],[120.987884,24.800947]]]]}},{"type":"Feature","properties":{"n":"新光路","v":"東區","w":0.7,"c":0.7,"r":null},"geometry":{"type":"MultiPolygon","coordinates":[[[[120.988337,24.801757],[120.988313,24.801774],[120.988439,24.802013],[120.988475,24.802005],[120.988337,24.801757]]]]}},{"type":"Feature","properties":{"n":"新光路","v":"東區","w":1.2,"c":1.9,"r":null},"geometry":{"type":"MultiPolygon","coordinates":[[[[120.988533,24.802127],[120.988515,24.802139],[120.988776,24.802591],[120.988787,24.802586],[120.988533,24.802127]]]]}},{"type":"Feature","properties":{"n":" 新光路","v":"東區","w":1.2,"c":1.2,"r":null},"geometry":{"type":"MultiPolygon","coordinates":[[[[120.988905,24.802788],[120.988886,24.802802],[120.989001,24.803027],[120.989022,24.80302],[120.988905,24.802788]]]]}},{"type":"Feature","properties":{"n":" 新光路","v":"東區","w":1.2,"c":0.9,"r":null},"geometry":{"type":"MultiPolygon","coordinates":[[[[120.989056,24.803068],[120.989048,24.803091],[120.98913,24.803268],[120.989156,24.803256],[120.989056,24.803068]]]]}},{"type":"Feature","properties":{"n":"新光路","v":"東區","w":1.2,"c":0.9,"r":null},"geometry":{"type":"MultiPolygon","coordinates":[[[[120.989182,24.80339],[120.989773,24.804484],[120.989807,24.80447],[120.989221,24.80339],[120.989182,24.80339]]]]}},{"type":"Feature","properties":{"n":"新光路","v":"東區","w":1.2,"c":0.9,"r":null},"geometry":{"type":"MultiPolygon","coordinates":[[[[120.98872,24.802118],[120.990028,24.804483],[120.990081,24.804525],[120.990127,24.804501],[120.988759,24.802106],[120.98872,24.802118]]]]}},{"type":"Feature","properties":{"n":"新光路","v":"東區","w":1.2,"c":0.5,"r":null},"geometry":{"type":"MultiPolygon","coordinates":[[[[120.988088,24.80094],[120.988515,24.801724],[120.988538,24.80169],[120.988117,24.800928],[120.988088,24.80094]]]]}},{"type":"Feature","properties":{"n":"東勢街","v":"東區","w":3.3,"c":1.8,"r":null},"geometry":{"type":"MultiPolygon","coordinates":[[[[120.991006,24.804988],[120.991003,24.805019],[120.99121,24.805062],[120.991422,24.805095],[120.991569,24.805091],[120.992451,24.805208],[120.99249,24.805263],[120.992545,24.805313],[120.992576,24.805327],[120.992555,24.805284],[120.992511,24.805232],[120.992492,24.805184],[120.992144,24.80511],[120.991307,24.805045],[120.991006,24.804988]]]]}},{"type":"Feature","properties":{"n":"忠孝路","v":"東區","w":0.7,"c":0.7,"r":null},"geometry":{"type":"MultiPolygon","coordinates":[[[[120.991717,24.803858],[120.992423,24.805079],[120.992439,24.805067],[120.99173,24.803844],[120.991717,24.803858]]]]}},{"type":"Feature","properties":{"n":"公竹路","v":"東區","w":2.3,"c":1.7,"r":2},"geometry":{"type":"MultiPolygon","coordinates":[[[[120.97535,24.800462],[120.975316,24.800462],[120.97507,24.800801],[120.975094,24.800806],[120.97535,24.800462]]]]}},{"type":"Feature","properties":{"n":"公竹路","v":"東區","w":2.3,"c":2,"r":2},"geometry":{"type":"MultiPolygon","coordinates":[[[[120.975205,24.800948],[120.975229,24.800922],[120.975446,24.800616],[120.975422,24.800595],[120.975202,24.800889],[120.975205,24.800948]]]]}},{"type":"Feature","properties":{"n":"公竹路","v":"東區","w":1.5,"c":0.8,"r":2},"geometry":{"type":"MultiPolygon","coordinates":[[[[120.974949,24.800947],[120.974941,24.800952],[120.974493,24.801547],[120.974522,24.801556],[120.974954,24.800976],[120.974949,24.800947]]]]}},{"type":"Feature","properties":{"n":"公竹路","v":"東區","w":1.5,"c":0.7,"r":4},"geometry":{"type":"MultiPolygon","coordinates":[[[[120.974394,24.80174],[120.974365,24.801723],[120.974033,24.802143],[120.974106,24.802129],[120.974394,24.80174]]]]}},{"type":"Feature","properties":{"n":"公竹路","v":"東區","w":1.5,"c":0.7,"r":2},"geometry":{"type":"MultiPolygon","coordinates":[[[[120.975116,24.801049],[120.975072,24.801054],[120.974815,24.801405],[120.974844,24.801444],[120.975103,24.801076],[120.975116,24.801049]]]]}},{"type":"Feature","properties":{"n":"公竹路","v":"東區","w":1.5,"c":0.8,"r":2},"geometry":{"type":"MultiPolygon","coordinates":[[[[120.974776,24.801484],[120.974472,24.801883],[120.974486,24.801893],[120.974789,24.801496],[120.974776,24.801484]]]]}},{"type":"Feature","properties":{"n":"公竹路","v":"東區","w":1.5,"c":0.7,"r":4},"geometry":{"type":"MultiPolygon","coordinates":[[[[120.974454,24.8019],[120.974239,24.802198],[120.974237,24.802263],[120.974472,24.801912],[120.974454,24.8019]]]]}},{"type":"Feature","properties":{"n":"公車專用道","v":"東區","w":1.7,"c":1.4,"r":2},"geometry":{"type":"MultiPolygon","coordinates":[[[[120.973074,24.800613],[120.97305,24.800644],[120.974487,24.801543],[120.974518,24.801514],[120.973074,24.800613]]]]}},{"type":"Feature","properties":{"n":"公車專用道","v":"東區","w":3,"c":1.5,"r":2},"geometry":{"type":"MultiPolygon","coordinates":[[[[120.974401,24.801734],[120.974437,24.801679],[120.973139,24.800862],[120.973111,24.800902],[120.974387,24.801724],[120.974401,24.801734]]]]}},{"type":"Feature","properties":{"n":"東南街1巷","v":"東區","w":1.7,"c":1.4,"r":6},"geometry":{"type":"MultiPolygon","coordinates":[[[[120.97241,24.801124],[120.974028,24.802137],[120.974056,24.802104],[120.972426,24.801096],[120.97241,24.801124]]]]}},{"type":"Feature","properties":{"n":"東南街1巷","v":"東區","w":1.7,"c":1.4,"r":6},"geometry":{"type":"MultiPolygon","coordinates":[[[[120.974263,24.802235],[120.974276,24.802281],[120.974635,24.802498],[120.974679,24.802493],[120.974263,24.802235]]]]}},{"type":"Feature","properties":{"n":"南大路140巷","v":"東區","w":1.7,"c":1.7,"r":4},"geometry":{"type":"MultiPolygon","coordinates":[[[[120.975315,24.801743],[120.975595,24.801361],[120.975566,24.80134],[120.975284,24.801724],[120.975292,24.801724],[120.975315,24.801743]]]]}},{"type":"Feature","properties":{"n":"中山橋","v":"東區","w":1,"c":0.8,"r":2},"geometry":{"type":"MultiPolygon","coordinates":[[[[120.957005,24.798852],[120.957177,24.799081],[120.957188,24.799074],[120.957015,24.798845],[120.957005,24.798852]]]]}},{"type":"Feature","properties":{"n":"中山橋","v":"東區","w":1,"c":1,"r":2},"geometry":{"type":"MultiPolygon","coordinates":[[[[120.956892,24.798914],[120.957073,24.799148],[120.95708,24.799143],[120.956897,24.798907],[120.956892,24.798914]]]]}},{"type":"Feature","properties":{"n":"園區三路","v":"東區","w":3,"c":2.5,"r":2},"geometry":{"type":"MultiPolygon","coordinates":[[[[120.991612,24.784822],[120.991697,24.784816],[120.991665,24.784356],[120.991658,24.782845],[120.99171,24.782332],[120.991913,24.780893],[120.991946,24.780737],[120.991966,24.780707],[120.9919,24.780713],[120.991606,24.78278],[120.991612,24.784822]]]]}},{"type":"Feature","properties":{"n":"德成街","v":"北區","w":1.5,"c":1.2,"r":1},"geometry":{"type":"MultiPolygon","coordinates":[[[[120.963981,24.800253],[120.963981,24.800208],[120.963965,24.800179],[120.963701,24.800007],[120.963657,24.800017],[120.963664,24.800053],[120.963712,24.800041],[120.963947,24.800182],[120.963968,24.800206],[120.963955,24.800249],[120.963981,24.800253]]]]}},{"type":"Feature","properties":{"n":"德成街32巷","v":"北區","w":1.5,"c":0.5,"r":0},"geometry":{"type":"MultiPolygon","coordinates":[[[[120.963489,24.800698],[120.963981,24.800256],[120.963971,24.800249],[120.963484,24.80069],[120.963489,24.800698]]]]}},{"type":"Feature","properties":{"n":"園區三路","v":"東區","w":3,"c":2.5,"r":2},"geometry":{"type":"MultiPolygon","coordinates":[[[[120.991841,24.784816],[120.9919,24.784816],[120.99188,24.783365],[120.991926,24.782409],[120.992221,24.780755],[120.992149,24.780755],[120.991887,24.782326],[120.991841,24.784816]]]]}},{"type":"Feature","properties":{"n":"德成街46巷","v":"北區","w":1.5,"c":1.5,"r":0},"geometry":{"type":"MultiPolygon","coordinates":[[[[120.963654,24.800031],[120.963204,24.800609],[120.963253,24.800635],[120.963261,24.800626],[120.963222,24.800607],[120.96363,24.800077],[120.963662,24.80006],[120.963654,24.800031]]]]}},{"type":"Feature","properties":{"n":"振興一街","v":"東區","w":1.5,"c":1.5,"r":1},"geometry":{"type":"MultiPolygon","coordinates":[[[[120.960961,24.794294],[120.961118,24.794485],[120.961162,24.794752],[120.961181,24.794752],[120.961136,24.794482],[120.960977,24.794279],[120.960961,24.794294]]]]}},{"type":"Feature","properties":{"n":"研新四路","v":"東區","w":3,"c":2.5,"r":6},"geometry":{"type":"MultiPolygon","coordinates":[[[[120.99058,24.780681],[120.990587,24.780735],[120.99196,24.780735],[120.99198,24.780675],[120.99058,24.780681]]]]}},{"type":"Feature","properties":{"n":"西門街","v":"北區","w":1.8,"c":0.8,"r":null},"geometry":{"type":"MultiPolygon","coordinates":[[[[120.962314,24.80083],[120.962311,24.800844],[120.962704,24.8011],[120.962706,24.801081],[120.962314,24.80083]]]]}},{"type":"Feature","properties":{"n":"振興一街","v":"東區","w":1.5,"c":0.8,"r":1},"geometry":{"type":"MultiPolygon","coordinates":[[[[120.961201,24.795003],[120.961217,24.794998],[120.961181,24.794776],[120.96117,24.794776],[120.961201,24.795003]]]]}},{"type":"Feature","properties":{"n":"西大路","v":"北區","w":1.5,"c":0.5,"r":3},"geometry":{"type":"MultiPolygon","coordinates":[[[[120.961058,24.807749],[120.961103,24.807746],[120.961435,24.807314],[120.961425,24.807309],[120.9611,24.807732],[120.961063,24.807734],[120.961058,24.807749]]]]}},{"type":"Feature","properties":{"n":"研新四路","v":"東區","w":3,"c":2.5,"r":2},"geometry":{"type":"MultiPolygon","coordinates":[[[[120.990554,24.780633],[120.992,24.780627],[120.992019,24.780592],[120.990561,24.78058],[120.990554,24.780633]]]]}},{"type":"Feature","properties":{"n":"研新四路","v":"東區","w":1.5,"c":1.2,"r":7},"geometry":{"type":"MultiPolygon","coordinates":[[[[120.990547,24.780735],[120.990547,24.780699],[120.989527,24.780681],[120.989259,24.780544],[120.988925,24.779845],[120.986937,24.777904],[120.986871,24.777946],[120.988893,24.779934],[120.988971,24.780173],[120.98922,24.780615],[120.98954,24.780741],[120.990547,24.780735]]]]}},{"type":"Feature","properties":{"n":"士林西路","v":"北區","w":1,"c":0.9,"r":2},"geometry":{"type":"MultiPolygon","coordinates":[[[[120.953089,24.820554],[120.953083,24.820571],[120.953434,24.820879],[120.953476,24.820888],[120.953489,24.820876],[120.953445,24.820867],[120.953102,24.820568],[120.953107,24.820547],[120.953091,24.820544],[120.953089,24.820554]]]]}},{"type":"Feature","properties":{"n":"士林西路","v":"北區","w":1,"c":0.4,"r":2},"geometry":{"type":"MultiPolygon","coordinates":[[[[120.952939,24.820671],[120.952947,24.820678],[120.952976,24.820661],[120.953007,24.820669],[120.95334,24.820965],[120.953353,24.820986],[120.953348,24.821003],[120.953361,24.821008],[120.953366,24.820986],[120.953355,24.820965],[120.95301,24.820659],[120.952976,24.820652],[120.952939,24.820671]]]]}},{"type":"Feature","properties":{"n":"士林西路","v":"北區","w":1,"c":0.7,"r":2},"geometry":{"type":"MultiPolygon","coordinates":[[[[120.953437,24.821056],[120.953468,24.821063],[120.953824,24.821354],[120.953834,24.821378],[120.953826,24.821395],[120.953834,24.8214],[120.953845,24.821385],[120.953834,24.821352],[120.953465,24.821046],[120.953437,24.821044],[120.953437,24.821056]]]]}},{"type":"Feature","properties":{"n":"士林西路","v":"北區","w":1,"c":0.7,"r":2},"geometry":{"type":"MultiPolygon","coordinates":[[[[120.953565,24.820943],[120.953554,24.820965],[120.953916,24.821276],[120.953947,24.821276],[120.953955,24.821268],[120.953916,24.821266],[120.953573,24.820967],[120.953573,24.820948],[120.953565,24.820943]]]]}},{"type":"Feature","properties":{"n":"研新四路","v":"東區","w":1.5,"c":1.2,"r":5},"geometry":{"type":"MultiPolygon","coordinates":[[[[120.986925,24.777817],[120.98788,24.778671],[120.98858,24.779352],[120.988972,24.779776],[120.989247,24.780212],[120.98943,24.780529],[120.989829,24.780606],[120.990496,24.780624],[120.99049,24.780588],[120.989868,24.780571],[120.989489,24.780505],[120.989097,24.779848],[120.989018,24.779746],[120.9889,24.779609],[120.988312,24.778982],[120.98701,24.777811],[120.986964,24.777781],[120.986925,24.777817]]]]}},{"type":"Feature","properties":{"n":"士林西路","v":"北區","w":1,"c":0.7,"r":2},"geometry":{"type":"MultiPolygon","coordinates":[[[[120.954023,24.821338],[120.954031,24.821385],[120.954394,24.821679],[120.954431,24.821687],[120.954447,24.821675],[120.954397,24.821667],[120.954052,24.821383],[120.954041,24.821335],[120.954023,24.821338]]]]}},{"type":"Feature","properties":{"n":"士林西路","v":"北區","w":1,"c":0.7,"r":2},"geometry":{"type":"MultiPolygon","coordinates":[[[[120.953897,24.821443],[120.953897,24.821459],[120.953942,24.82146],[120.9543,24.821773],[120.9543,24.821796],[120.954316,24.821808],[120.954313,24.82177],[120.953947,24.821445],[120.953897,24.821443]]]]}},{"type":"Feature","properties":{"n":"士林西路","v":"北區","w":1,"c":0.7,"r":1},"geometry":{"type":"MultiPolygon","coordinates":[[[[120.954528,24.821768],[120.954546,24.821804],[120.954863,24.822076],[120.954876,24.822067],[120.954567,24.821799],[120.954549,24.821768],[120.954528,24.821768]]]]}},{"type":"Feature","properties":{"n":"境福街","v":"北區","w":1.5,"c":1.5,"r":1},"geometry":{"type":"MultiPolygon","coordinates":[[[[120.961112,24.816133],[120.961154,24.816126],[120.961007,24.815717],[120.960968,24.815717],[120.961112,24.816133]]]]}},{"type":"Feature","properties":{"n":"士林西路","v":"北區","w":1,"c":0.7,"r":1},"geometry":{"type":"MultiPolygon","coordinates":[[[[120.95442,24.821873],[120.95442,24.821885],[120.95447,24.821894],[120.954745,24.822141],[120.954755,24.822131],[120.95447,24.82188],[120.95442,24.821873]]]]}},{"type":"Feature","properties":{"n":"士林北路","v":"北區","w":1,"c":0.5,"r":2},"geometry":{"type":"MultiPolygon","coordinates":[[[[120.953617,24.822733],[120.95363,24.822733],[120.953632,24.822686],[120.954418,24.821888],[120.954407,24.821878],[120.953611,24.822688],[120.953617,24.822733]]]]}},{"type":"Feature","properties":{"n":"士林北路","v":"北區","w":1,"c":0.7,"r":2},"geometry":{"type":"MultiPolygon","coordinates":[[[[120.953462,24.822635],[120.953488,24.822645],[120.954313,24.821812],[120.95429,24.821804],[120.953491,24.822624],[120.953446,24.822612],[120.953449,24.822633],[120.953462,24.822635]]]]}},{"type":"Feature","properties":{"n":"士林北路","v":"北區","w":1,"c":0.9,"r":2},"geometry":{"type":"MultiPolygon","coordinates":[[[[120.954526,24.821768],[120.954552,24.821768],[120.954963,24.821393],[120.955008,24.821396],[120.955008,24.821379],[120.95495,24.821379],[120.954547,24.821744],[120.954526,24.821768]]]]}},{"type":"Feature","properties":{"n":"士林北路","v":"北區","w":2.5,"c":1,"r":1},"geometry":{"type":"MultiPolygon","coordinates":[[[[120.955076,24.821305],[120.955089,24.821312],[120.955094,24.821276],[120.955515,24.820906],[120.955497,24.820887],[120.955078,24.821274],[120.955076,24.821305]]]]}},{"type":"Feature","properties":{"n":"延平路一段","v":"北區","w":1.5,"c":1.2,"r":null},"geometry":{"type":"MultiPolygon","coordinates":[[[[120.953693,24.804993],[120.954696,24.804979],[120.955347,24.804779],[120.955381,24.804748],[120.955376,24.804733],[120.95469,24.804946],[120.953696,24.804972],[120.953693,24.804993]]]]}},{"type":"Feature","properties":{"n":"士林北路","v":"北區","w":1,"c":0.7,"r":1},"geometry":{"type":"MultiPolygon","coordinates":[[[[120.954985,24.821185],[120.955857,24.820392],[120.955852,24.820385],[120.954978,24.821181],[120.954985,24.821185]]]]}},{"type":"Feature","properties":{"n":"士林東路","v":"北區","w":1,"c":0.7,"r":2},"geometry":{"type":"MultiPolygon","coordinates":[[[[120.95586,24.820388],[120.955899,24.820349],[120.95591,24.820323],[120.955904,24.82029],[120.955562,24.819979],[120.955507,24.81997],[120.955512,24.819989],[120.955556,24.819996],[120.955891,24.820299],[120.955899,24.820328],[120.955855,24.820383],[120.95586,24.820388]]]]}},{"type":"Feature","properties":{"n":"士林東路","v":"北區","w":1.5,"c":1,"r":2},"geometry":{"type":"MultiPolygon","coordinates":[[[[120.954718,24.81902],[120.954718,24.81907],[120.955995,24.8202],[120.956042,24.820203],[120.95604,24.820191],[120.955998,24.820191],[120.954734,24.819068],[120.954734,24.819022],[120.954718,24.81902]]]]}},{"type":"Feature","properties":{"n":"士林東路","v":"北區","w":1,"c":0.5,"r":2},"geometry":{"type":"MultiPolygon","coordinates":[[[[120.954581,24.819144],[120.954628,24.819163],[120.954963,24.819473],[120.954958,24.819507],[120.954973,24.819512],[120.954973,24.819469],[120.954628,24.819148],[120.954581,24.819144]]]]}},{"type":"Feature","properties":{"n":"牛埔路","v":"北區","w":3,"c":2.5,"r":2},"geometry":{"type":"MultiPolygon","coordinates":[[[[120.942086,24.796937],[120.942284,24.797171],[120.942418,24.797271],[120.94252,24.797336],[120.943242,24.797601],[120.94326,24.797568],[120.942528,24.797312],[120.942303,24.79715],[120.942112,24.796915],[120.942086,24.796937]]]]}},{"type":"Feature","properties":{"n":"金雅西街","v":"北區","w":2,"c":1,"r":1},"geometry":{"type":"MultiPolygon","coordinates":[[[[120.965648,24.827281],[120.96565,24.827297],[120.965876,24.827517],[120.965886,24.827505],[120.965648,24.827281]]]]}},{"type":"Feature","properties":{"n":"金雅西街","v":"北區","w":1,"c":0.6,"r":1},"geometry":{"type":"MultiPolygon","coordinates":[[[[120.965996,24.827469],[120.966001,24.827462],[120.965951,24.827436],[120.965703,24.827168],[120.965687,24.827173],[120.965944,24.827445],[120.965996,24.827469]]]]}},{"type":"Feature","properties":{"n":"金雅西街","v":"北區","w":1,"c":0.5,"r":3},"geometry":{"type":"MultiPolygon","coordinates":[[[[120.96555,24.827168],[120.964856,24.826499],[120.964825,24.82649],[120.964817,24.826506],[120.964856,24.826518],[120.965542,24.827178],[120.96555,24.827168]]]]}},{"type":"Feature","properties":{"n":"金雅西街","v":"北區","w":1,"c":0.5,"r":1},"geometry":{"type":"MultiPolygon","coordinates":[[[[120.964006,24.825657],[120.964006,24.825669],[120.964042,24.825669],[120.964699,24.826388],[120.964712,24.826379],[120.96405,24.825659],[120.964006,24.825657]]]]}},{"type":"Feature","properties":{"n":"金雅西街","v":"北區","w":1,"c":0.7,"r":2},"geometry":{"type":"MultiPolygon","coordinates":[[[[120.9641,24.825566],[120.964833,24.826362],[120.964872,24.826362],[120.964875,24.826348],[120.964835,24.826348],[120.964116,24.825566],[120.9641,24.825566]]]]}},{"type":"Feature","properties":{"n":"金雅西街","v":"北區","w":1,"c":0.7,"r":2},"geometry":{"type":"MultiPolygon","coordinates":[[[[120.964029,24.825459],[120.964035,24.825452],[120.964001,24.825454],[120.963802,24.825327],[120.963802,24.825299],[120.963794,24.825296],[120.963794,24.825332],[120.964001,24.825463],[120.964029,24.825459]]]]}},{"type":"Feature","properties":{"n":"金雅西街","v":"北區","w":1,"c":0.7,"r":2},"geometry":{"type":"MultiPolygon","coordinates":[[[[120.963383,24.825198],[120.963367,24.825203],[120.963878,24.825514],[120.963896,24.825502],[120.963383,24.825198]]]]}},{"type":"Feature","properties":{"n":"金雅西街","v":"北區","w":1,"c":0.5,"r":2},"geometry":{"type":"MultiPolygon","coordinates":[[[[120.962496,24.82467],[120.962504,24.824682],[120.962543,24.82468],[120.963181,24.825071],[120.963168,24.825107],[120.963181,24.825114],[120.963195,24.825071],[120.962543,24.824663],[120.962496,24.82467]]]]}},{"type":"Feature","properties":{"n":"金雅西街","v":"北區","w":1,"c":0.7,"r":2},"geometry":{"type":"MultiPolygon","coordinates":[[[[120.962606,24.824563],[120.962608,24.824598],[120.963286,24.825017],[120.963331,24.825005],[120.963323,24.824995],[120.963286,24.825005],[120.962627,24.824596],[120.962624,24.824565],[120.962606,24.824563]]]]}},{"type":"Feature","properties":{"n":"金雅西街","v":"北區","w":1,"c":0.5,"r":2},"geometry":{"type":"MultiPolygon","coordinates":[[[[120.962082,24.824233],[120.962093,24.82429],[120.96248,24.824519],[120.962527,24.824519],[120.96253,24.82451],[120.962478,24.824508],[120.962103,24.824288],[120.962093,24.82423],[120.962082,24.824233]]]]}},{"type":"Feature","properties":{"n":"金雅西街","v":"北區","w":1,"c":0.4,"r":2},"geometry":{"type":"MultiPolygon","coordinates":[[[[120.961957,24.824355],[120.961965,24.824366],[120.962014,24.824359],[120.962409,24.824601],[120.962412,24.824639],[120.962425,24.824644],[120.96242,24.824594],[120.962012,24.824343],[120.961957,24.824355]]]]}},{"type":"Feature","properties":{"n":"金農路","v":"北區","w":1.5,"c":0.9,"r":2},"geometry":{"type":"MultiPolygon","coordinates":[[[[120.962857,24.823448],[120.963485,24.822739],[120.963503,24.822713],[120.96353,24.822698],[120.963524,24.822686],[120.963501,24.822691],[120.962838,24.823405],[120.962857,24.823448]]]]}},{"type":"Feature","properties":{"n":"金農路","v":"北區","w":1.5,"c":0.9,"r":2},"geometry":{"type":"MultiPolygon","coordinates":[[[[120.962079,24.824224],[120.962097,24.824227],[120.962713,24.82357],[120.962773,24.823565],[120.962773,24.823551],[120.962702,24.823558],[120.962079,24.824224]]]]}},{"type":"Feature","properties":{"n":"金雅路","v":"北區","w":1.5,"c":1,"r":2},"geometry":{"type":"MultiPolygon","coordinates":[[[[120.962773,24.823572],[120.963014,24.823701],[120.963022,24.823725],[120.963035,24.823725],[120.963037,24.823709],[120.963027,24.823682],[120.962776,24.823551],[120.962773,24.823572]]]]}},{"type":"Feature","properties":{"n":"金雅路","v":"北區","w":1.5,"c":0.9,"r":2},"geometry":{"type":"MultiPolygon","coordinates":[[[[120.963093,24.823771],[120.963108,24.823787],[120.963142,24.82378],[120.963846,24.824241],[120.963852,24.82427],[120.963873,24.824268],[120.963862,24.824234],[120.96314,24.823756],[120.963093,24.823771]]]]}},{"type":"Feature","properties":{"n":"金雅路","v":"北區","w":1.5,"c":0.9,"r":2},"geometry":{"type":"MultiPolygon","coordinates":[[[[120.963946,24.824316],[120.963954,24.82433],[120.963985,24.824327],[120.964003,24.824332],[120.964488,24.824605],[120.964495,24.824638],[120.964511,24.824638],[120.964506,24.824605],[120.963993,24.824311],[120.963946,24.824316]]]]}},{"type":"Feature","properties":{"n":"金雅路","v":"北區","w":1.5,"c":0.9,"r":2},"geometry":{"type":"MultiPolygon","coordinates":[[[[120.964581,24.824676],[120.964586,24.824684],[120.96462,24.824681],[120.965693,24.825317],[120.965695,24.825331],[120.965711,24.825331],[120.965709,24.825312],[120.964617,24.824667],[120.964581,24.824676]]]]}},{"type":"Feature","properties":{"n":"金雅路","v":"北區","w":1.5,"c":0.9,"r":2},"geometry":{"type":"MultiPolygon","coordinates":[[[[120.965754,24.825353],[120.965752,24.825365],[120.96577,24.825357],[120.966105,24.825604],[120.966115,24.825592],[120.965767,24.825341],[120.965754,24.825353]]]]}},{"type":"Feature","properties":{"n":"金雅路","v":"北區","w":1.5,"c":0.9,"r":2},"geometry":{"type":"MultiPolygon","coordinates":[[[[120.9662,24.825739],[120.966214,24.825755],[120.966242,24.825753],[120.966569,24.826107],[120.966575,24.826157],[120.966593,24.826152],[120.966593,24.826116],[120.966242,24.825731],[120.9662,24.825739]]]]}},{"type":"Feature","properties":{"n":"金雅路","v":"北區","w":1.5,"c":0.9,"r":2},"geometry":{"type":"MultiPolygon","coordinates":[[[[120.966653,24.826222],[120.966661,24.826237],[120.9667,24.826242],[120.966991,24.826564],[120.966991,24.826602],[120.967006,24.826605],[120.967009,24.826567],[120.966703,24.826225],[120.966653,24.826222]]]]}},{"type":"Feature","properties":{"n":"金雅路","v":"北區","w":1.5,"c":0.9,"r":2},"geometry":{"type":"MultiPolygon","coordinates":[[[[120.967056,24.826667],[120.967059,24.826676],[120.967101,24.826679],[120.967101,24.826686],[120.967339,24.826944],[120.967339,24.826966],[120.967352,24.826968],[120.967352,24.826939],[120.967101,24.826667],[120.967056,24.826667]]]]}},{"type":"Feature","properties":{"n":"金山二十三街","v":"東區","w":1.5,"c":0.5,"r":3},"geometry":{"type":"MultiPolygon","coordinates":[[[[121.026041,24.774471],[121.026028,24.774504],[121.026031,24.774537],[121.026612,24.775457],[121.026643,24.77544],[121.026067,24.774552],[121.026059,24.774521],[121.026067,24.774494],[121.026065,24.774485],[121.026041,24.774471]]]]}},{"type":"Feature","properties":{"n":"金山二十二街","v":"北區","w":1,"c":0.1,"r":3},"geometry":{"type":"MultiPolygon","coordinates":[[[[121.025795,24.774956],[121.025784,24.77499],[121.026198,24.775659],[121.02624,24.775661],[121.026242,24.775649],[121.026203,24.775651],[121.025803,24.774997],[121.025813,24.774963],[121.025795,24.774956]]]]}},{"type":"Feature","properties":{"n":"園區三路","v":"東區","w":2,"c":1.5,"r":2},"geometry":{"type":"MultiPolygon","coordinates":[[[[121.008908,24.77151],[121.008911,24.771527],[121.009034,24.771572],[121.009086,24.771608],[121.009936,24.772848],[121.009934,24.772888],[121.009923,24.772912],[121.009939,24.772917],[121.009955,24.772888],[121.009952,24.772845],[121.009104,24.771598],[121.009049,24.771558],[121.008908,24.77151]]]]}},{"type":"Feature","properties":{"n":"自由路","v":"東區","w":3.5,"c":1.5,"r":2},"geometry":{"type":"MultiPolygon","coordinates":[[[[120.981705,24.812111],[120.98133,24.812587],[120.98144,24.812656],[120.981438,24.812627],[120.981425,24.812611],[120.981425,24.812565],[120.981757,24.812116],[120.981705,24.812111]]]]}},{"type":"Feature","properties":{"n":"自由路","v":"東區","w":3.5,"c":1.5,"r":2},"geometry":{"type":"MultiPolygon","coordinates":[[[[120.981254,24.812679],[120.980745,24.813327],[120.980756,24.813387],[120.981275,24.812777],[120.981354,24.812736],[120.981254,24.812679]]]]}},{"type":"Feature","properties":{"n":"自由路","v":"東區","w":2.5,"c":1.5,"r":2},"geometry":{"type":"MultiPolygon","coordinates":[[[[120.981317,24.812243],[120.981618,24.811873],[120.98162,24.811834],[120.981579,24.811801],[120.981576,24.81182],[120.981581,24.811868],[120.981317,24.812212],[120.981317,24.812243]]]]}},{"type":"Feature","properties":{"n":"關新路","v":"東區","w":5,"c":3.5,"r":2},"geometry":{"type":"MultiPolygon","coordinates":[[[[121.019052,24.786644],[121.019007,24.786644],[121.019055,24.786787],[121.019337,24.787232],[121.019675,24.787568],[121.019955,24.787764],[121.019971,24.78774],[121.01996,24.787717],[121.019798,24.787602],[121.019659,24.787475],[121.019371,24.787174],[121.019094,24.786732],[121.019052,24.786644]]]]}},{"type":"Feature","properties":{"n":"關新路","v":"東區","w":8,"c":6,"r":2},"geometry":{"type":"MultiPolygon","coordinates":[[[[121.020559,24.787793],[121.020578,24.787702],[121.020486,24.787731],[121.020214,24.787585],[121.019994,24.787418],[121.019641,24.787069],[121.019363,24.786623],[121.019321,24.786539],[121.019285,24.786556],[121.019277,24.786587],[121.019306,24.786682],[121.019531,24.787048],[121.019803,24.787342],[121.020127,24.787602],[121.020494,24.787793],[121.020562,24.787795],[121.020559,24.787793]]]]}},{"type":"Feature","properties":{"n":"關新路","v":"東區","w":5,"c":3.5,"r":2},"geometry":{"type":"MultiPolygon","coordinates":[[[[121.020036,24.787792],[121.020002,24.787818],[121.020476,24.788064],[121.020468,24.788038],[121.020439,24.787992],[121.020073,24.787792],[121.020036,24.787792]]]]}},{"type":"Feature","properties":{"n":"關東路","v":"東區","w":1,"c":1,"r":3},"geometry":{"type":"MultiPolygon","coordinates":[[[[121.017614,24.791418],[121.017645,24.791428],[121.017674,24.791416],[121.017836,24.791172],[121.017826,24.791167],[121.017674,24.791401],[121.017645,24.791418],[121.017619,24.791411],[121.017614,24.791418]]]]}},{"type":"Feature","properties":{"n":"埔頂一路","v":"東區","w":2,"c":1.4,"r":2},"geometry":{"type":"MultiPolygon","coordinates":[[[[121.017614,24.791416],[121.017616,24.791411],[121.017195,24.790902],[121.017187,24.790909],[121.017598,24.791409],[121.017614,24.791416]]]]}},{"type":"Feature","properties":{"n":"埔頂一路","v":"東區","w":2,"c":1,"r":1},"geometry":{"type":"MultiPolygon","coordinates":[[[[121.017185,24.790912],[121.017195,24.790902],[121.017093,24.790649],[121.017077,24.790663],[121.017179,24.790907],[121.017185,24.790912]]]]}},{"type":"Feature","properties":{"n":"博愛街","v":"東區","w":1.5,"c":1.2,"r":2},"geometry":{"type":"MultiPolygon","coordinates":[[[[120.985712,24.797402],[120.986272,24.797316],[120.986285,24.79729],[120.985707,24.79739],[120.985712,24.797402]]]]}},{"type":"Feature","properties":{"n":"博愛街","v":"東區","w":1.5,"c":1.2,"r":2},"geometry":{"type":"MultiPolygon","coordinates":[[[[120.986492,24.797271],[120.986492,24.79728],[120.987316,24.797142],[120.98735,24.79712],[120.987363,24.797104],[120.986484,24.797254],[120.986492,24.797271]]]]}},{"type":"Feature","properties":{"n":"博愛街五巷","v":"東區","w":2,"c":1,"r":4},"geometry":{"type":"MultiPolygon","coordinates":[[[[120.987126,24.796051],[120.98732,24.796438],[120.987375,24.796655],[120.987448,24.797068],[120.987472,24.797025],[120.987396,24.796593],[120.987312,24.79633],[120.98726,24.796213],[120.9872,24.796115],[120.987137,24.796036],[120.987126,24.796051]]]]}},{"type":"Feature","properties":{"n":"博愛街5巷","v":"東區","w":2,"c":1.4,"r":3},"geometry":{"type":"MultiPolygon","coordinates":[[[[120.987344,24.797104],[120.987364,24.7971],[120.987307,24.796638],[120.987296,24.7966],[120.98709,24.796094],[120.987058,24.796036],[120.987014,24.796027],[120.987281,24.796641],[120.98733,24.797107],[120.987344,24.797104]]]]}},{"type":"Feature","properties":{"n":"博愛街5巷","v":"東區","w":2,"c":1.5,"r":3},"geometry":{"type":"MultiPolygon","coordinates":[[[[120.986816,24.795756],[120.986706,24.795603],[120.986638,24.795431],[120.986623,24.795335],[120.986597,24.79534],[120.986646,24.795531],[120.98667,24.795596],[120.986793,24.795761],[120.986816,24.795756]]]]}},{"type":"Feature","properties":{"n":"博愛街5巷","v":"東區","w":0.8,"c":0.7,"r":null},"geometry":{"type":"MultiPolygon","coordinates":[[[[120.986589,24.795007],[120.986597,24.794947],[120.986646,24.794832],[120.986662,24.794809],[120.986644,24.794806],[120.986586,24.794942],[120.986578,24.795009],[120.986589,24.795007]]]]}},{"type":"Feature","properties":{"n":"和平路","v":"北區","w":2,"c":1.5,"r":2},"geometry":{"type":"MultiPolygon","coordinates":[[[[120.955147,24.809425],[120.95516,24.809449],[120.955383,24.808625],[120.955337,24.808619],[120.955121,24.809378],[120.955147,24.809425]]]]}},{"type":"Feature","properties":{"n":"和平路","v":"北區","w":2,"c":1.8,"r":6},"geometry":{"type":"MultiPolygon","coordinates":[[[[120.95546,24.808071],[120.955478,24.808076],[120.955822,24.806817],[120.955882,24.806518],[120.955861,24.80653],[120.955465,24.808061],[120.95546,24.808071]]]]}},{"type":"Feature","properties":{"n":"台1線","v":"香山區","w":2.5,"c":1.6,"r":3},"geometry":{"type":"MultiPolygon","coordinates":[[[[120.914067,24.764923],[120.914098,24.764885],[120.914028,24.764761],[120.913986,24.76478],[120.914067,24.764923]]]]}},{"type":"Feature","properties":{"n":"中華路五段","v":"香山區","w":2.5,"c":1.5,"r":2},"geometry":{"type":"MultiPolygon","coordinates":[[[[120.914182,24.765057],[120.914151,24.765062],[120.914454,24.765597],[120.914493,24.765581],[120.914182,24.765057]]]]}},{"type":"Feature","properties":{"n":"武昌街","v":"東區","w":2.2,"c":1.5,"r":3},"geometry":{"type":"MultiPolygon","coordinates":[[[[120.967016,24.803047],[120.967409,24.802529],[120.967401,24.802508],[120.967,24.803031],[120.967016,24.803047]]]]}},{"type":"Feature","properties":{"n":"武昌街","v":"東區","w":2.2,"c":1.5,"r":2},"geometry":{"type":"MultiPolygon","coordinates":[[[[120.96716,24.80305],[120.966764,24.803559],[120.966764,24.803587],[120.967168,24.803062],[120.96716,24.80305]]]]}},{"type":"Feature","properties":{"n":"文昌街","v":"東區","w":1.7,"c":1,"r":2},"geometry":{"type":"MultiPolygon","coordinates":[[[[120.966902,24.8024],[120.966907,24.802405],[120.966926,24.802391],[120.966962,24.802391],[120.967399,24.80252],[120.967405,24.80251],[120.966955,24.802367],[120.966915,24.802374],[120.966902,24.8024]]]]}},{"type":"Feature","properties":{"n":"南門街","v":"東區","w":2.2,"c":1.5,"r":2},"geometry":{"type":"MultiPolygon","coordinates":[[[[120.966703,24.802914],[120.966716,24.802928],[120.966926,24.802422],[120.966902,24.802407],[120.966703,24.802914]]]]}},{"type":"Feature","properties":{"n":"自由路","v":"東區","w":1.5,"c":0.8,"r":null},"geometry":{"type":"MultiPolygon","coordinates":[[[[120.979815,24.814515],[120.979844,24.814534],[120.980171,24.814109],[120.980153,24.814085],[120.979815,24.814515]]]]}},{"type":"Feature","properties":{"n":"自由路","v":"東區","w":1.5,"c":0.8,"r":null},"geometry":{"type":"MultiPolygon","coordinates":[[[[120.980349,24.813867],[120.980692,24.813452],[120.980684,24.813428],[120.980336,24.813848],[120.980349,24.813867]]]]}},{"type":"Feature","properties":{"n":"自由路","v":"東區","w":1.5,"c":0.8,"r":1},"geometry":{"type":"MultiPolygon","coordinates":[[[[120.979512,24.81451],[120.979543,24.8145],[120.979588,24.814462],[120.980226,24.813638],[120.980268,24.813559],[120.980255,24.813523],[120.979519,24.814498],[120.979512,24.81451]]]]}},{"type":"Feature","properties":{"n":"自由路","v":"東區","w":2.2,"c":1,"r":2},"geometry":{"type":"MultiPolygon","coordinates":[[[[120.980326,24.813451],[120.98036,24.813451],[120.980392,24.813425],[120.980968,24.812687],[120.980936,24.81268],[120.980321,24.813442],[120.980326,24.813451]]]]}},{"type":"Feature","properties":{"n":"自由路","v":"東區","w":2.7,"c":2.4,"r":null},"geometry":{"type":"MultiPolygon","coordinates":[[[[120.98179,24.812004],[120.981818,24.812004],[120.98213,24.81161],[120.982117,24.811603],[120.982099,24.811603],[120.98179,24.812004]]]]}},{"type":"Feature","properties":{"n":"自由路","v":"東區","w":2.7,"c":2.4,"r":null},"geometry":{"type":"MultiPolygon","coordinates":[[[[120.982159,24.811555],[120.982434,24.811218],[120.982418,24.811201],[120.982148,24.811545],[120.982159,24.811555]]]]}},{"type":"Feature","properties":{"n":"自由路","v":"東區","w":2.7,"c":2,"r":null},"geometry":{"type":"MultiPolygon","coordinates":[[[[120.981699,24.81177],[120.98204,24.811326],[120.982024,24.811321],[120.981681,24.81176],[120.981699,24.81177]]]]}},{"type":"Feature","properties":{"n":"自由路","v":"東區","w":1,"c":0.7,"r":2},"geometry":{"type":"MultiPolygon","coordinates":[[[[120.982474,24.810722],[120.983309,24.809624],[120.983325,24.809564],[120.982472,24.810706],[120.982474,24.810722]]]]}},{"type":"Feature","properties":{"n":"自由路","v":"東區","w":1.5,"c":0.8,"r":null},"geometry":{"type":"MultiPolygon","coordinates":[[[[120.982626,24.81097],[120.982646,24.810987],[120.982859,24.810698],[120.982845,24.810667],[120.982725,24.810839],[120.982626,24.81097]]]]}},{"type":"Feature","properties":{"n":"中央路355巷","v":"東區","w":3.9,"c":3.2,"r":2},"geometry":{"type":"MultiPolygon","coordinates":[[[[120.980716,24.81215],[120.980685,24.81215],[120.979876,24.813163],[120.979892,24.81317],[120.980716,24.81215]]]]}},{"type":"Feature","properties":{"n":"自由路95巷","v":"東區","w":2.7,"c":2,"r":3},"geometry":{"type":"MultiPolygon","coordinates":[[[[120.979873,24.81316],[120.979873,24.813134],[120.978554,24.812286],[120.978544,24.812303],[120.979873,24.81316]]]]}},{"type":"Feature","properties":{"n":"民主路","v":"東區","w":4,"c":3.3,"r":4},"geometry":{"type":"MultiPolygon","coordinates":[[[[120.978556,24.812287],[120.97859,24.812299],[120.979346,24.811265],[120.979312,24.811255],[120.978556,24.812287]]]]}},{"type":"Feature","properties":{"n":"民主路","v":"東區","w":3,"c":2,"r":2},"geometry":{"type":"MultiPolygon","coordinates":[[[[120.97965,24.810584],[120.979736,24.810491],[120.979744,24.810467],[120.979626,24.810574],[120.97965,24.810584]]]]}},{"type":"Feature","properties":{"n":"自由路27巷","v":"東區","w":1.7,"c":1.4,"r":2},"geometry":{"type":"MultiPolygon","coordinates":[[[[120.979955,24.810539],[120.979936,24.810553],[120.981219,24.811418],[120.981148,24.811513],[120.981166,24.811542],[120.981564,24.811824],[120.98158,24.811803],[120.981177,24.811513],[120.98125,24.811413],[120.981242,24.81138],[120.979955,24.810539]]]]}},{"type":"Feature","properties":{"n":"鐵道路一段","v":"東區","w":3.3,"c":2.3,"r":2},"geometry":{"type":"MultiPolygon","coordinates":[[[[120.984192,24.811955],[120.98415,24.811948],[120.98342,24.812611],[120.983462,24.81263],[120.984171,24.811973],[120.984192,24.811955]]]]}},{"type":"Feature","properties":{"n":"鐵道路一段","v":"東區","w":1.7,"c":1,"r":null},"geometry":{"type":"MultiPolygon","coordinates":[[[[120.983212,24.812634],[120.981154,24.814483],[120.981167,24.814502],[120.983212,24.812663],[120.983212,24.812634]]]]}},{"type":"Feature","properties":{"n":"介壽路","v":"東區","w":3.3,"c":2.3,"r":null},"geometry":{"type":"MultiPolygon","coordinates":[[[[121.020748,24.781854],[121.020345,24.781137],[121.020319,24.781144],[121.020717,24.781858],[121.020748,24.781854]]]]}},{"type":"Feature","properties":{"n":"光復路一段525巷","v":"東區","w":1,"c":1,"r":4},"geometry":{"type":"MultiPolygon","coordinates":[[[[121.015597,24.780217],[121.015564,24.780258],[121.015604,24.780258],[121.017278,24.77941],[121.018109,24.779147],[121.019025,24.778765],[121.018979,24.778741],[121.0189,24.778789],[121.018063,24.779118],[121.017265,24.779362],[121.01667,24.779649],[121.015597,24.780217]]]]}},{"type":"Feature","properties":{"n":"金山南街","v":"東區","w":0.9,"c":0.9,"r":2},"geometry":{"type":"MultiPolygon","coordinates":[[[[121.017441,24.776248],[121.017452,24.776236],[121.017499,24.776],[121.017745,24.775988],[121.017784,24.776012],[121.017792,24.776506],[121.017808,24.776599],[121.017805,24.776],[121.017776,24.775952],[121.01747,24.775981],[121.017454,24.776026],[121.017441,24.776248]]]]}},{"type":"Feature","properties":{"n":"金山一街","v":"東區","w":0.9,"c":0.9,"r":1},"geometry":{"type":"MultiPolygon","coordinates":[[[[121.017891,24.776217],[121.017891,24.776243],[121.017904,24.776258],[121.017902,24.775954],[121.017889,24.775973],[121.017891,24.776217]]]]}},{"type":"Feature","properties":{"n":"東大路一段","v":"東區","w":4.8,"c":3.3,"r":2},"geometry":{"type":"MultiPolygon","coordinates":[[[[120.97196,24.807846],[120.971971,24.8079],[120.971909,24.80798],[120.971938,24.807999],[120.972007,24.807908],[120.972008,24.807886],[120.971992,24.807867],[120.97196,24.807846]]]]}},{"type":"Feature","properties":{"n":"東大路一段","v":"東區","w":6.5,"c":4,"r":2},"geometry":{"type":"MultiPolygon","coordinates":[[[[120.971696,24.808254],[120.971448,24.808572],[120.971485,24.808595],[120.971506,24.808587],[120.971736,24.808291],[120.971734,24.808278],[120.971696,24.808254]]]]}},{"type":"Feature","properties":{"n":"東大路一段","v":"東區","w":6.5,"c":5,"r":2},"geometry":{"type":"MultiPolygon","coordinates":[[[[120.971018,24.809212],[120.971465,24.808638],[120.971463,24.808626],[120.971425,24.808601],[120.970961,24.809197],[120.971012,24.809216],[120.971018,24.809212]]]]}},{"type":"Feature","properties":{"n":"東大路一段","v":"東區","w":6.5,"c":5,"r":2},"geometry":{"type":"MultiPolygon","coordinates":[[[[120.97093,24.809237],[120.970679,24.809559],[120.970723,24.809576],[120.970736,24.809574],[120.97097,24.809274],[120.970968,24.809261],[120.97093,24.809237]]]]}},{"type":"Feature","properties":{"n":"東大路一段","v":"東區","w":6.5,"c":4,"r":2},"geometry":{"type":"MultiPolygon","coordinates":[[[[120.970619,24.809636],[120.970112,24.810287],[120.97015,24.810312],[120.970163,24.81031],[120.97066,24.809673],[120.970657,24.80966],[120.970619,24.809636]]]]}},{"type":"Feature","properties":{"n":"東大路一段","v":"東區","w":6,"c":4.5,"r":2},"geometry":{"type":"MultiPolygon","coordinates":[[[[120.970055,24.810362],[120.969785,24.810704],[120.96973,24.810713],[120.969776,24.810743],[120.969793,24.810749],[120.969821,24.810744],[120.970094,24.8104],[120.970097,24.810392],[120.970093,24.810386],[120.970055,24.810362]]]]}},{"type":"Feature","properties":{"n":"東大路二段","v":"東區","w":4.5,"c":3,"r":2},"geometry":{"type":"MultiPolygon","coordinates":[[[[120.969618,24.810912],[120.969394,24.81119],[120.969419,24.811207],[120.969433,24.811205],[120.96965,24.810937],[120.969656,24.810926],[120.969657,24.81091],[120.969652,24.810898],[120.96961,24.810865],[120.969618,24.810912]]]]}},{"type":"Feature","properties":{"n":"東大路二段","v":"東區","w":5.5,"c":2,"r":3},"geometry":{"type":"MultiPolygon","coordinates":[[[[120.968727,24.8126],[120.967856,24.813651],[120.967846,24.813664],[120.967842,24.81368],[120.967852,24.813703],[120.968131,24.81337],[120.968144,24.813378],[120.968805,24.812621],[120.968733,24.812596],[120.968727,24.8126]]]]}},{"type":"Feature","properties":{"n":"東大路二段","v":"東區","w":12.5,"c":5.2,"r":2},"geometry":{"type":"MultiPolygon","coordinates":[[[[120.969011,24.812431],[120.96892,24.812371],[120.968808,24.812508],[120.96881,24.812521],[120.968896,24.812577],[120.969011,24.812431]]]]}},{"type":"Feature","properties":{"n":"東大路二段","v":"東區","w":8.75,"c":5.25,"r":4},"geometry":{"type":"MultiPolygon","coordinates":[[[[120.969076,24.81235],[120.970037,24.811128],[120.97,24.811106],[120.96998,24.811105],[120.969956,24.811119],[120.969854,24.811241],[120.969805,24.81133],[120.969734,24.811416],[120.969682,24.811448],[120.968989,24.812283],[120.968991,24.812296],[120.969076,24.81235]]]]}},{"type":"Feature","properties":{"n":"東大路一段","v":"東區","w":5.2,"c":3.7,"r":3},"geometry":{"type":"MultiPolygon","coordinates":[[[[120.970154,24.810979],[120.970416,24.810642],[120.970378,24.810617],[120.970365,24.810619],[120.970132,24.810919],[120.970124,24.810936],[120.970126,24.810952],[120.97014,24.81097],[120.970154,24.810979]]]]}},{"type":"Feature","properties":{"n":"東大路一段","v":"東區","w":5.2,"c":3.7,"r":2},"geometry":{"type":"MultiPolygon","coordinates":[[[[120.970453,24.810594],[120.970629,24.810368],[120.970583,24.810338],[120.970413,24.810557],[120.970415,24.81057],[120.970453,24.810594]]]]}},{"type":"Feature","properties":{"n":"東大路一段","v":"東區","w":6.2,"c":3.6,"r":2},"geometry":{"type":"MultiPolygon","coordinates":[[[[120.970732,24.810236],[120.970989,24.809905],[120.970951,24.80988],[120.970938,24.809882],[120.970691,24.810199],[120.970693,24.810212],[120.970732,24.810236]]]]}},{"type":"Feature","properties":{"n":"東大路一段","v":"東區","w":6,"c":4.5,"r":2},"geometry":{"type":"MultiPolygon","coordinates":[[[[120.971395,24.809384],[120.971632,24.80908],[120.971595,24.809056],[120.971581,24.809058],[120.971355,24.809347],[120.971358,24.809359],[120.971395,24.809384]]]]}},{"type":"Feature","properties":{"n":"東大路一段","v":"東區","w":6.5,"c":3.9,"r":3},"geometry":{"type":"MultiPolygon","coordinates":[[[[120.972161,24.808403],[120.972386,24.808115],[120.972362,24.808101],[120.97234,24.8081],[120.972317,24.808114],[120.972121,24.808366],[120.972123,24.808379],[120.972161,24.808403]]]]}},{"type":"Feature","properties":{"n":"東大路一段","v":"東區","w":6,"c":1.4,"r":2},"geometry":{"type":"MultiPolygon","coordinates":[[[[120.971666,24.809037],[120.972118,24.808458],[120.97208,24.808433],[120.972067,24.808435],[120.971626,24.809],[120.971628,24.809013],[120.971666,24.809037]]]]}},{"type":"Feature","properties":{"n":"東大路一段","v":"東區","w":6,"c":3.5,"r":2},"geometry":{"type":"MultiPolygon","coordinates":[[[[120.97107,24.809801],[120.97135,24.809442],[120.971312,24.809418],[120.971298,24.80942],[120.97103,24.809764],[120.971032,24.809776],[120.97107,24.809801]]]]}},{"type":"Feature","properties":{"n":"鐵道路二段","v":"東區","w":4.6,"c":2.5,"r":3},"geometry":{"type":"MultiPolygon","coordinates":[[[[120.962695,24.820934],[120.962711,24.820917],[120.962714,24.82091],[120.962711,24.820904],[120.961493,24.819908],[120.961478,24.8199],[120.961461,24.819897],[120.961445,24.819902],[120.961422,24.819922],[120.961497,24.819958],[120.962695,24.820934]]]]}},{"type":"Feature","properties":{"n":"東大路二段","v":"東區","w":4.8,"c":2.7,"r":2},"geometry":{"type":"MultiPolygon","coordinates":[[[[120.961422,24.819922],[120.961112,24.82025],[120.96111,24.820257],[120.961114,24.820263],[120.961135,24.82028],[120.961417,24.819982],[120.961455,24.819962],[120.961499,24.819957],[120.961422,24.819922]]]]}},{"type":"Feature","properties":{"n":"東大路二段","v":"東區","w":4.8,"c":2.7,"r":2},"geometry":{"type":"MultiPolygon","coordinates":[[[[120.961015,24.820349],[120.960631,24.820744],[120.960632,24.820757],[120.960653,24.820774],[120.961052,24.820364],[120.961024,24.820344],[120.961015,24.820349]]]]}},{"type":"Feature","properties":{"n":"東大路二段","v":"東區","w":4.8,"c":2.7,"r":3},"geometry":{"type":"MultiPolygon","coordinates":[[[[120.960536,24.820838],[120.960049,24.821327],[120.960049,24.82134],[120.960071,24.821357],[120.960572,24.820855],[120.960543,24.820835],[120.960536,24.820838]]]]}},{"type":"Feature","properties":{"n":"東大路二段","v":"東區","w":4.8,"c":2.7,"r":3},"geometry":{"type":"MultiPolygon","coordinates":[[[[120.95995,24.821426],[120.959371,24.821993],[120.959371,24.822006],[120.959392,24.822024],[120.959985,24.821444],[120.959956,24.821424],[120.95995,24.821426]]]]}},{"type":"Feature","properties":{"n":"東大路二段","v":"東區","w":4.8,"c":2.7,"r":2},"geometry":{"type":"MultiPolygon","coordinates":[[[[120.959267,24.822095],[120.959008,24.822349],[120.959005,24.822356],[120.959009,24.822362],[120.95903,24.822379],[120.959302,24.822112],[120.959273,24.822092],[120.959267,24.822095]]]]}},{"type":"Feature","properties":{"n":"公道五路一段","v":"東區","w":4.2,"c":3,"r":2},"geometry":{"type":"MultiPolygon","coordinates":[[[[121.013475,24.795541],[121.019964,24.794115],[121.019959,24.794091],[121.013472,24.795512],[121.013475,24.795541]]]]}},{"type":"Feature","properties":{"n":"中華路五段","v":"香山區","w":4,"c":3.5,"r":2},"geometry":{"type":"MultiPolygon","coordinates":[[[[120.917967,24.773162],[120.917974,24.773162],[120.917635,24.770923],[120.916747,24.76876],[120.916642,24.768784],[120.917557,24.770952],[120.917921,24.773186],[120.917967,24.773162]]]]}},{"type":"Feature","properties":{"n":"竹香南路","v":"香山區","w":2.1,"c":1.5,"r":2},"geometry":{"type":"MultiPolygon","coordinates":[[[[120.940938,24.800769],[120.940906,24.800805],[120.941174,24.801145],[120.94167,24.803009],[120.941997,24.803636],[120.942645,24.804042],[120.943063,24.804198],[120.943488,24.804222],[120.943992,24.804138],[120.943947,24.804073],[120.943475,24.804168],[120.94305,24.80415],[120.942664,24.803983],[120.942036,24.803582],[120.941709,24.802961],[120.94122,24.801116],[120.940945,24.800781],[120.940938,24.800769]]]]}},{"type":"Feature","properties":{"n":"關新路","v":"東區","w":4.75,"c":2.65,"r":2},"geometry":{"type":"MultiPolygon","coordinates":[[[[121.017952,24.783283],[121.018308,24.784157],[121.018326,24.784164],[121.017968,24.783273],[121.017952,24.783283]]]]}},{"type":"Feature","properties":{"n":"關新路","v":"東區","w":4.75,"c":3.25,"r":2},"geometry":{"type":"MultiPolygon","coordinates":[[[[121.018346,24.784286],[121.018791,24.785382],[121.018812,24.785392],[121.018351,24.784236],[121.018346,24.784286]]]]}},{"type":"Feature","properties":{"n":"關新路","v":"東區","w":5.8,"c":2.1,"r":2},"geometry":{"type":"MultiPolygon","coordinates":[[[[121.018833,24.785504],[121.019213,24.786441],[121.019231,24.78645],[121.018841,24.78548],[121.018833,24.785504]]]]}},{"type":"Feature","properties":{"n":"關新路","v":"東區","w":4.5,"c":2.9,"r":2},"geometry":{"type":"MultiPolygon","coordinates":[[[[121.017751,24.783405],[121.017718,24.783416],[121.018012,24.784127],[121.018032,24.784061],[121.017751,24.783405]]]]}},{"type":"Feature","properties":{"n":"西大路","v":"東區","w":4.1,"c":2.2,"r":2},"geometry":{"type":"MultiPolygon","coordinates":[[[[120.965121,24.802494],[120.965155,24.802521],[120.965571,24.801988],[120.96604,24.801377],[120.966574,24.800655],[120.966553,24.800665],[120.96583,24.801623],[120.96515,24.80249],[120.965121,24.802494]]]]}},{"type":"Feature","properties":{"n":"延濱路","v":"北區","w":2.3,"c":0.9,"r":null},"geometry":{"type":"MultiPolygon","coordinates":[[[[120.927718,24.836087],[120.928296,24.835808],[120.928286,24.835789],[120.927739,24.836058],[120.927718,24.836087]]]]}},{"type":"Feature","properties":{"n":"延濱路","v":"北區","w":2.3,"c":0.9,"r":null},"geometry":{"type":"MultiPolygon","coordinates":[[[[120.927668,24.835964],[120.927681,24.835976],[120.928265,24.835709],[120.928262,24.835687],[120.927668,24.835964]]]]}},{"type":"Feature","properties":{"n":"延濱路","v":"北區","w":2.3,"c":0.9,"r":null},"geometry":{"type":"MultiPolygon","coordinates":[[[[120.928302,24.835674],[120.928307,24.835686],[120.928862,24.835431],[120.928851,24.835414],[120.928302,24.835674]]]]}},{"type":"Feature","properties":{"n":"新港二路","v":"北區","w":6.4,"c":2.4,"r":null},"geometry":{"type":"MultiPolygon","coordinates":[[[[120.925082,24.845571],[120.925655,24.846398],[120.925652,24.84636],[120.925139,24.845591],[120.925082,24.845571]]]]}},{"type":"Feature","properties":{"n":"世界街","v":"北區","w":4.5,"c":4.5,"r":null},"geometry":{"type":"MultiPolygon","coordinates":[[[[120.967925,24.807785],[120.967917,24.807795],[120.968228,24.808],[120.968252,24.807986],[120.967925,24.807785]]]]}},{"type":"Feature","properties":{"n":"演藝路","v":"北區","w":3.55,"c":2.55,"r":null},"geometry":{"type":"MultiPolygon","coordinates":[[[[120.967972,24.810365],[120.9678,24.810681],[120.967734,24.810826],[120.967682,24.810986],[120.967703,24.810996],[120.967752,24.810834],[120.967991,24.810377],[120.967972,24.810365]]]]}},{"type":"Feature","properties":{"n":"舊社大橋","v":"北區","w":2.5,"c":2.5,"r":2},"geometry":{"type":"MultiPolygon","coordinates":[[[[120.979553,24.82597],[120.979586,24.825952],[120.978801,24.824172],[120.978775,24.824178],[120.979553,24.82597]]]]}},{"type":"Feature","properties":{"n":"興學街","v":"東區","w":2.3,"c":2.3,"r":2},"geometry":{"type":"MultiPolygon","coordinates":[[[[120.96593,24.797447],[120.965962,24.797465],[120.966964,24.796091],[120.966918,24.796061],[120.96593,24.797447]]]]}},{"type":"Feature","properties":{"n":"頂埔路19巷","v":"香山區","w":3.4,"c":2.1,"r":2},"geometry":{"type":"MultiPolygon","coordinates":[[[[120.951111,24.796948],[120.951117,24.796932],[120.95001,24.796597],[120.949887,24.796616],[120.949243,24.796855],[120.949256,24.796879],[120.949887,24.796638],[120.950004,24.796616],[120.951107,24.796947],[120.951111,24.796948]]]]}},{"type":"Feature","properties":{"n":"公道三","v":"東區","w":3.5,"c":3.5,"r":2},"geometry":{"type":"MultiPolygon","coordinates":[[[[120.950579,24.801517],[120.95053,24.801536],[120.950521,24.801572],[120.950575,24.801828],[120.950594,24.801855],[120.950628,24.801864],[120.950645,24.801863],[120.950612,24.801841],[120.950551,24.801548],[120.950579,24.801517]]]]}},{"type":"Feature","properties":{"n":"公道三","v":"香山區","w":5.25,"c":3.25,"r":2},"geometry":{"type":"MultiPolygon","coordinates":[[[[120.951924,24.805837],[120.951315,24.805176],[120.951339,24.805131],[120.951295,24.805153],[120.951276,24.805185],[120.951288,24.80522],[120.951321,24.805256],[120.951346,24.805258],[120.951805,24.805757],[120.951803,24.80578],[120.951874,24.805858],[120.951897,24.805871],[120.951925,24.80587],[120.951982,24.805852],[120.951924,24.805837]]]]}},{"type":"Feature","properties":{"n":"公道三","v":"香山區","w":5.25,"c":3.25,"r":2},"geometry":{"type":"MultiPolygon","coordinates":[[[[120.951669,24.805981],[120.95169,24.805953],[120.951679,24.805919],[120.951655,24.805893],[120.95163,24.805891],[120.951091,24.805305],[120.951093,24.805282],[120.950964,24.805141],[120.950945,24.805128],[120.95088,24.805123],[120.951669,24.805981]]]]}},{"type":"Feature","properties":{"n":"公道三","v":"香山區","w":5.25,"c":5.25,"r":2},"geometry":{"type":"MultiPolygon","coordinates":[[[[120.950845,24.804989],[120.950874,24.80498],[120.950886,24.804967],[120.950891,24.804943],[120.950874,24.804912],[120.950831,24.804882],[120.950845,24.804989]]]]}},{"type":"Feature","properties":{"n":"公道三","v":"香山區","w":5.25,"c":5.25,"r":2},"geometry":{"type":"MultiPolygon","coordinates":[[[[120.950823,24.804817],[120.950858,24.804799],[120.950869,24.804764],[120.950857,24.804675],[120.950838,24.804643],[120.9508,24.804633],[120.950823,24.804817]]]]}},{"type":"Feature","properties":{"n":"公道三","v":"香山區","w":5.25,"c":3.25,"r":2},"geometry":{"type":"MultiPolygon","coordinates":[[[[120.950788,24.804539],[120.950823,24.804521],[120.950829,24.804511],[120.950834,24.804486],[120.95083,24.804459],[120.95081,24.804444],[120.950787,24.804269],[120.950747,24.804054],[120.950709,24.803894],[120.950665,24.803742],[120.950677,24.803721],[120.950671,24.803704],[120.950647,24.803675],[120.950607,24.803671],[120.950669,24.803875],[120.950719,24.804087],[120.950753,24.804274],[120.950785,24.804516],[120.950788,24.804539]]]]}},{"type":"Feature","properties":{"n":"公道三","v":"香山區","w":5.25,"c":5.25,"r":2},"geometry":{"type":"MultiPolygon","coordinates":[[[[120.950587,24.803607],[120.950618,24.803584],[120.950622,24.803548],[120.950596,24.803466],[120.950571,24.803437],[120.950532,24.803433],[120.950587,24.803607]]]]}},{"type":"Feature","properties":{"n":"公道三","v":"香山區","w":5.25,"c":2.25,"r":2},"geometry":{"type":"MultiPolygon","coordinates":[[[[120.950495,24.803193],[120.950507,24.803186],[120.950509,24.803175],[120.950468,24.802983],[120.950441,24.802769],[120.950416,24.802255],[120.950395,24.802039],[120.950386,24.801968],[120.950372,24.801939],[120.950336,24.801927],[120.950344,24.801996],[120.950373,24.802012],[120.950377,24.80204],[120.950398,24.802256],[120.950418,24.802716],[120.950428,24.802824],[120.95045,24.802986],[120.950489,24.803172],[120.950495,24.803193]]]]}},{"type":"Feature","properties":{"n":"公道三","v":"香山區","w":5.25,"c":5.25,"r":2},"geometry":{"type":"MultiPolygon","coordinates":[[[[120.950287,24.801854],[120.950309,24.80185],[120.950327,24.801838],[120.950336,24.801825],[120.950276,24.801527],[120.950262,24.801503],[120.950236,24.801491],[120.950179,24.801482],[120.950243,24.801535],[120.950309,24.801828],[120.950287,24.801854]]]]}},{"type":"Feature","properties":{"n":"公道三-1","v":"香山區","w":5.25,"c":5.25,"r":2},"geometry":{"type":"MultiPolygon","coordinates":[[[[120.950733,24.803202],[120.950706,24.803095],[120.950678,24.802962],[120.950659,24.802828],[120.950647,24.802693],[120.950628,24.802694],[120.950638,24.802803],[120.950656,24.802938],[120.950676,24.803045],[120.950708,24.803179],[120.950733,24.803202]]]]}},{"type":"Feature","properties":{"n":"公道三-2","v":"香山區","w":5.25,"c":2.25,"r":2},"geometry":{"type":"MultiPolygon","coordinates":[[[[120.950647,24.802693],[120.950627,24.80226],[120.950614,24.802098],[120.950641,24.802096],[120.950621,24.801937],[120.950591,24.801953],[120.950582,24.801982],[120.950607,24.802234],[120.950628,24.802694],[120.950647,24.802693]]]]}},{"type":"Feature","properties":{"n":"公道三","v":"香山區","w":5.25,"c":5.25,"r":2},"geometry":{"type":"MultiPolygon","coordinates":[[[[120.950849,24.80346],[120.950782,24.803249],[120.950751,24.803272],[120.950747,24.803308],[120.950785,24.803427],[120.950809,24.803456],[120.950849,24.80346]]]]}},{"type":"Feature","properties":{"n":"公道三","v":"香山區","w":5.25,"c":3.25,"r":2},"geometry":{"type":"MultiPolygon","coordinates":[[[[120.950993,24.803956],[120.95094,24.803752],[120.95086,24.803497],[120.950829,24.803519],[120.950825,24.803556],[120.950832,24.803577],[120.950854,24.803589],[120.950893,24.803708],[120.950941,24.803886],[120.950928,24.803905],[120.950932,24.80392],[120.950938,24.803935],[120.950954,24.803949],[120.950968,24.803955],[120.950993,24.803956]]]]}},{"type":"Feature","properties":{"n":"公道三","v":"香山區","w":5.25,"c":5.25,"r":2},"geometry":{"type":"MultiPolygon","coordinates":[[[[120.95104,24.804151],[120.951025,24.804105],[120.951002,24.803996],[120.950984,24.804002],[120.950966,24.804017],[120.95096,24.804032],[120.950974,24.804114],[120.95098,24.80413],[120.950998,24.804146],[120.95104,24.804151]]]]}},{"type":"Feature","properties":{"n":"公道三","v":"香山區","w":5.25,"c":5.25,"r":2},"geometry":{"type":"MultiPolygon","coordinates":[[[[120.951147,24.80496],[120.951139,24.804951],[120.951053,24.80428],[120.951031,24.804287],[120.951019,24.804297],[120.951012,24.804309],[120.951008,24.804332],[120.951012,24.804363],[120.951032,24.804378],[120.951065,24.804636],[120.951093,24.804861],[120.951077,24.804879],[120.951083,24.804923],[120.951098,24.80495],[120.951129,24.80496],[120.951147,24.80496]]]]}},{"type":"Feature","properties":{"n":"中央路","v":"東區","w":2,"c":2,"r":null},"geometry":{"type":"MultiPolygon","coordinates":[[[[120.979273,24.811026],[120.979284,24.811012],[120.979206,24.810962],[120.979195,24.810977],[120.979273,24.811026]]]]}},{"type":"Feature","properties":{"n":"三民路","v":"東區","w":2,"c":2,"r":null},"geometry":{"type":"MultiPolygon","coordinates":[[[[120.979558,24.810693],[120.9795,24.810656],[120.979567,24.810568],[120.979543,24.810552],[120.979469,24.810649],[120.979552,24.810702],[120.979558,24.810693]]]]}},{"type":"Feature","properties":{"n":"民主路","v":"東區","w":2,"c":2,"r":null},"geometry":{"type":"MultiPolygon","coordinates":[[[[120.97927,24.811031],[120.979317,24.811039],[120.979334,24.811033],[120.979347,24.811021],[120.979567,24.810741],[120.979574,24.810715],[120.979558,24.810693],[120.979552,24.810702],[120.979556,24.810705],[120.97956,24.810725],[120.979343,24.811002],[120.979284,24.811012],[120.97927,24.811031]]]]}},{"type":"Feature","properties":{"n":"自由路66巷","v":"東區","w":2.4,"c":1.4,"r":1},"geometry":{"type":"MultiPolygon","coordinates":[[[[120.98074,24.813428],[120.980907,24.81389],[120.980928,24.813885],[120.980931,24.81388],[120.98076,24.813416],[120.98076,24.813403],[120.98074,24.813428]]]]}},{"type":"Feature","properties":{"n":"自由路66巷","v":"東區","w":1.4,"c":1.4,"r":null},"geometry":{"type":"MultiPolygon","coordinates":[[[[120.980905,24.813891],[120.981114,24.814507],[120.981136,24.814485],[120.981118,24.814488],[120.981107,24.814464],[120.981068,24.814347],[120.981044,24.814245],[120.980919,24.813887],[120.980905,24.813891]]]]}},{"type":"Feature","properties":{"n":"埔頂一路","v":"東區","w":1.8,"c":1.8,"r":null},"geometry":{"type":"MultiPolygon","coordinates":[[[[121.012815,24.79281],[121.012888,24.792854],[121.017115,24.791003],[121.017662,24.791539],[121.017117,24.790911],[121.012815,24.79281]]]]}},{"type":"Feature","properties":{"n":"埔頂二路","v":"東區","w":1.5,"c":1.5,"r":null},"geometry":{"type":"MultiPolygon","coordinates":[[[[121.014964,24.790365],[121.014975,24.790336],[121.014856,24.790287],[121.012346,24.791505],[121.012378,24.791534],[121.014867,24.790317],[121.014964,24.790365]]]]}},{"type":"Feature","properties":{"n":"埔頂二路","v":"東區","w":1.5,"c":1.5,"r":null},"geometry":{"type":"MultiPolygon","coordinates":[[[[121.010202,24.792793],[121.011993,24.791722],[121.011983,24.791697],[121.010185,24.792769],[121.010202,24.792793]]]]}},{"type":"Feature","properties":{"n":"建功一路","v":"東區","w":1,"c":1,"r":null},"geometry":{"type":"MultiPolygon","coordinates":[[[[120.997293,24.800365],[120.997317,24.800365],[120.997685,24.799121],[120.997668,24.799116],[120.997293,24.800365]]]]}},{"type":"Feature","properties":{"n":"建功一路","v":"東區","w":1,"c":1,"r":null},"geometry":{"type":"MultiPolygon","coordinates":[[[[120.997689,24.798999],[120.997707,24.799002],[120.997793,24.798746],[120.997772,24.798739],[120.997689,24.798999]]]]}},{"type":"Feature","properties":{"n":"北大路","v":"北區","w":4.5,"c":3.5,"r":4},"geometry":{"type":"MultiPolygon","coordinates":[[[[120.96041,24.803048],[120.960439,24.803041],[120.960083,24.802079],[120.960053,24.802089],[120.96041,24.803048]]]]}},{"type":"Feature","properties":{"n":"海埔五街","v":"香山區","w":0.5,"c":0.5,"r":null},"geometry":{"type":"MultiPolygon","coordinates":[[[[120.926836,24.818306],[120.926861,24.818304],[120.926627,24.817836],[120.926378,24.816792],[120.926311,24.816368],[120.926258,24.815813],[120.926199,24.814953],[120.926173,24.814953],[120.926283,24.816326],[120.926407,24.817016],[120.926541,24.817537],[120.926622,24.817878],[120.926725,24.818085],[120.926836,24.818306]]]]}},{"type":"Feature","properties":{"n":"港南五街","v":"香山區","w":0.5,"c":0.5,"r":null},"geometry":{"type":"MultiPolygon","coordinates":[[[[120.928966,24.817633],[120.928974,24.817621],[120.928926,24.817589],[120.927947,24.817565],[120.927904,24.817597],[120.92781,24.817601],[120.927773,24.817553],[120.927464,24.81756],[120.927435,24.817592],[120.927351,24.817609],[120.927303,24.817577],[120.927166,24.817599],[120.926641,24.817799],[120.926617,24.817845],[120.92663,24.817855],[120.926649,24.817806],[120.927169,24.817611],[120.927303,24.817589],[120.927343,24.817623],[120.927445,24.817604],[120.927467,24.817575],[120.927773,24.817565],[120.927799,24.817611],[120.927915,24.817609],[120.92795,24.817577],[120.928912,24.817599],[120.928966,24.817633]]]]}},{"type":"Feature","properties":{"n":"港南五街","v":"香山區","w":0.5,"c":0.5,"r":null},"geometry":{"type":"MultiPolygon","coordinates":[[[[120.926614,24.81775],[120.926614,24.817755],[120.92714,24.817553],[120.927343,24.817516],[120.928317,24.817492],[120.928921,24.817523],[120.928966,24.817467],[120.928961,24.817455],[120.928912,24.817506],[120.92832,24.817477],[120.927327,24.817499],[120.927132,24.817538],[120.926606,24.817738],[120.926614,24.81775]]]]}},{"type":"Feature","properties":{"n":"港南三街","v":"香山區","w":0.5,"c":0.5,"r":null},"geometry":{"type":"MultiPolygon","coordinates":[[[[120.928903,24.816707],[120.928914,24.816693],[120.928879,24.816656],[120.928423,24.816656],[120.928383,24.81669],[120.928286,24.816693],[120.928257,24.816656],[120.927793,24.816651],[120.927763,24.81668],[120.927659,24.816683],[120.927626,24.816654],[120.92724,24.816651],[120.927203,24.81668],[120.92713,24.816688],[120.92709,24.816646],[120.926862,24.816644],[120.926406,24.816756],[120.926379,24.816787],[120.926393,24.816787],[120.926411,24.816763],[120.926865,24.816651],[120.927071,24.816656],[120.927119,24.816695],[120.927213,24.816693],[120.927243,24.816663],[120.927605,24.816666],[120.927648,24.816693],[120.927766,24.816693],[120.927801,24.816663],[120.928238,24.816666],[120.928273,24.816702],[120.92838,24.8167],[120.928426,24.816668],[120.928863,24.816666],[120.9289,24.816707],[120.928903,24.816707]]]]}},{"type":"Feature","properties":{"n":"港南三街","v":"香山區","w":0.5,"c":0.5,"r":null},"geometry":{"type":"MultiPolygon","coordinates":[[[[120.926352,24.8167],[120.926385,24.816707],[120.926814,24.81659],[120.927063,24.81659],[120.927109,24.816549],[120.927184,24.816554],[120.927229,24.816583],[120.927605,24.816583],[120.927656,24.816542],[120.927723,24.816537],[120.927769,24.816581],[120.928243,24.816583],[120.928286,24.816546],[120.928356,24.816546],[120.928385,24.816578],[120.928841,24.816581],[120.928914,24.816537],[120.928879,24.816525],[120.928836,24.816566],[120.928407,24.816566],[120.928359,24.816529],[120.928284,24.816534],[120.928235,24.816568],[120.927787,24.816568],[120.927736,24.816525],[120.927653,24.816529],[120.927594,24.816573],[120.927229,24.816573],[120.927187,24.816544],[120.927117,24.816537],[120.927052,24.816578],[120.926808,24.816578],[120.926368,24.816695],[120.926352,24.8167]]]]}},{"type":"Feature","properties":{"n":"港南二街","v":"香山區","w":0.5,"c":0.5,"r":null},"geometry":{"type":"MultiPolygon","coordinates":[[[[120.926285,24.815972],[120.926312,24.81594],[120.927071,24.81585],[120.927106,24.815877],[120.927197,24.815872],[120.927246,24.81584],[120.9276,24.815838],[120.927634,24.815872],[120.927739,24.815877],[120.927787,24.815838],[120.928171,24.815843],[120.928206,24.815889],[120.928302,24.815889],[120.928369,24.81584],[120.92882,24.815879],[120.92886,24.815911],[120.928868,24.815904],[120.928825,24.815865],[120.928353,24.815831],[120.928297,24.815877],[120.928211,24.815872],[120.928176,24.815831],[120.927779,24.815828],[120.927736,24.815862],[120.92764,24.81586],[120.927608,24.815828],[120.927237,24.815828],[120.927197,24.815865],[120.927109,24.815867],[120.927079,24.815838],[120.926307,24.815928],[120.926275,24.81596],[120.926285,24.815972]]]]}},{"type":"Feature","properties":{"n":"港南二街","v":"香山區","w":0.5,"c":0.5,"r":null},"geometry":{"type":"MultiPolygon","coordinates":[[[[120.928852,24.815782],[120.928841,24.815775],[120.928774,24.815789],[120.928305,24.815753],[120.928273,24.815716],[120.928192,24.815707],[120.928139,24.815745],[120.927782,24.815743],[120.927736,24.815714],[120.927653,24.815702],[120.927608,24.815741],[120.927237,24.815745],[120.9272,24.815707],[120.927122,24.815709],[120.927071,24.815753],[120.926867,24.815777],[120.926811,24.81575],[120.926773,24.815755],[120.926747,24.815782],[120.926288,24.815848],[120.926261,24.815823],[120.926253,24.815838],[120.926288,24.81586],[120.926755,24.815792],[120.926776,24.815763],[120.926814,24.815758],[120.926867,24.815787],[120.927082,24.815758],[120.927122,24.815721],[120.927197,24.815716],[120.927237,24.815758],[120.927616,24.81575],[120.927656,24.815714],[120.927739,24.815721],[120.927774,24.81575],[120.928155,24.815755],[120.92819,24.815719],[120.928273,24.815728],[120.928302,24.815767],[120.928785,24.815801],[120.928852,24.815782]]]]}},{"type":"Feature","properties":{"n":"海埔三街","v":"香山區","w":0.5,"c":0.5,"r":null},"geometry":{"type":"MultiPolygon","coordinates":[[[[120.927349,24.818203],[120.92736,24.817621],[120.927306,24.817572],[120.927335,24.817484],[120.927327,24.817309],[120.927279,24.817207],[120.92722,24.817195],[120.927207,24.817146],[120.927239,24.817109],[120.927199,24.816951],[120.927174,24.816834],[120.927137,24.8167],[120.927091,24.816652],[120.927126,24.816532],[120.927128,24.816244],[120.927077,24.816198],[120.927069,24.816137],[120.92712,24.816074],[120.927128,24.815871],[120.927083,24.815854],[120.927077,24.81575],[120.927131,24.815708],[120.927128,24.814968],[120.927107,24.814966],[120.927115,24.815701],[120.927061,24.815752],[120.927066,24.815862],[120.927109,24.815886],[120.927107,24.816074],[120.927053,24.81613],[120.927061,24.81621],[120.927115,24.816256],[120.927115,24.816537],[120.927077,24.816657],[120.927131,24.816715],[120.927225,24.817107],[120.927195,24.817144],[120.927214,24.817214],[120.927281,24.817226],[120.927319,24.817314],[120.927323,24.817484],[120.92729,24.817576],[120.927344,24.817637],[120.927336,24.818202],[120.927349,24.818203]]]]}},{"type":"Feature","properties":{"n":"海埔三街","v":"香山區","w":0.5,"c":0.5,"r":null},"geometry":{"type":"MultiPolygon","coordinates":[[[[120.927226,24.814958],[120.927194,24.814992],[120.927194,24.816584],[120.927309,24.81714],[120.927419,24.817325],[120.927416,24.817471],[120.927453,24.817503],[120.927467,24.817566],[120.92744,24.81761],[120.927419,24.818196],[120.927432,24.818196],[120.927456,24.817615],[120.927478,24.817578],[120.927467,24.8175],[120.927427,24.817466],[120.927429,24.817313],[120.927319,24.817137],[120.927204,24.816577],[120.927205,24.815011],[120.927226,24.814958]]]]}},{"type":"Feature","properties":{"n":"海埔二街","v":"香山區","w":0.5,"c":0.5,"r":null},"geometry":{"type":"MultiPolygon","coordinates":[[[[120.927897,24.818101],[120.927915,24.818101],[120.927917,24.817614],[120.92797,24.817577],[120.927962,24.817483],[120.927917,24.817451],[120.927772,24.816699],[120.92782,24.816655],[120.927799,24.816565],[120.927748,24.816521],[120.927753,24.815865],[120.927801,24.815831],[120.927796,24.815745],[120.927748,24.815716],[120.927753,24.814993],[120.927783,24.814962],[120.927769,24.814949],[120.927734,24.814988],[120.927733,24.815712],[120.927776,24.815744],[120.927792,24.815822],[120.927741,24.815848],[120.927736,24.816523],[120.927779,24.816571],[120.927808,24.816644],[120.927763,24.816683],[120.927903,24.817456],[120.927943,24.81749],[120.927951,24.817563],[120.927903,24.817602],[120.927897,24.818101]]]]}},{"type":"Feature","properties":{"n":"海埔二街","v":"香山區","w":0.5,"c":0.5,"r":null},"geometry":{"type":"MultiPolygon","coordinates":[[[[120.927814,24.818111],[120.927822,24.81759],[120.927779,24.817551],[120.927777,24.81749],[120.927817,24.817443],[120.92768,24.816689],[120.927634,24.816657],[120.927608,24.816589],[120.927656,24.816535],[120.927661,24.815859],[120.927616,24.815817],[120.927613,24.815744],[120.927667,24.815703],[120.927667,24.814975],[120.927621,24.814941],[120.927616,24.814958],[120.927653,24.814982],[120.927653,24.815695],[120.927592,24.815742],[120.927594,24.815837],[120.927643,24.815873],[120.92764,24.816533],[120.927594,24.816584],[120.927629,24.816681],[120.927669,24.816703],[120.9278,24.817449],[120.927765,24.817488],[120.927765,24.817571],[120.927811,24.817597],[120.927797,24.818114],[120.927814,24.818111]]]]}},{"type":"Feature","properties":{"n":"海埔一街","v":"香山區","w":0.5,"c":0.5,"r":null},"geometry":{"type":"MultiPolygon","coordinates":[[[[120.928307,24.817472],[120.928328,24.817448],[120.928288,24.816688],[120.928256,24.816654],[120.928243,24.816583],[120.928275,24.816552],[120.928227,24.815877],[120.928172,24.81582],[120.928155,24.815759],[120.928198,24.815711],[120.928158,24.814958],[120.928142,24.814963],[120.928185,24.815699],[120.928145,24.815747],[120.928158,24.815845],[120.928212,24.815888],[120.92826,24.816548],[120.928229,24.816581],[120.928243,24.816676],[120.928275,24.816693],[120.928312,24.81744],[120.928307,24.817472]]]]}},{"type":"Feature","properties":{"n":"海埔一街","v":"香山區","w":0.5,"c":0.5,"r":null},"geometry":{"type":"MultiPolygon","coordinates":[[[[120.928243,24.814977],[120.928227,24.815408],[120.928272,24.815731],[120.928304,24.815768],[120.928339,24.815834],[120.928291,24.815865],[120.92835,24.816545],[120.92839,24.816576],[120.92842,24.816654],[120.928379,24.816691],[120.928411,24.817466],[120.928454,24.817495],[120.928462,24.817488],[120.928427,24.817466],[120.92839,24.816709],[120.928435,24.81666],[120.928403,24.816573],[120.92836,24.816538],[120.928304,24.815879],[120.928355,24.815835],[120.928282,24.815723],[120.92824,24.815406],[120.928259,24.814954],[120.928243,24.814977]]]]}},{"type":"Feature","properties":{"n":"港南一街120巷","v":"香山區","w":0.5,"c":0.5,"r":null},"geometry":{"type":"MultiPolygon","coordinates":[[[[120.926715,24.814956],[120.926704,24.81499],[120.926721,24.815104],[120.926691,24.815212],[120.926651,24.815455],[120.926683,24.815538],[120.926774,24.815587],[120.926817,24.815755],[120.926857,24.815784],[120.926844,24.815864],[120.926922,24.816132],[120.926938,24.816127],[120.926857,24.815876],[120.926871,24.815772],[120.926828,24.815755],[120.92679,24.815591],[120.926782,24.815577],[120.926696,24.815535],[120.926662,24.815455],[120.926734,24.815112],[120.926718,24.814993],[120.926715,24.814956]]]]}},{"type":"Feature","properties":{"n":"港南一街120巷","v":"香山區","w":0.5,"c":0.5,"r":null},"geometry":{"type":"MultiPolygon","coordinates":[[[[120.926876,24.816132],[120.926801,24.815869],[120.926742,24.815796],[120.926782,24.815755],[120.926737,24.815621],[120.926594,24.815511],[120.926597,24.815438],[120.926627,24.815243],[120.926667,24.815129],[120.926656,24.814956],[120.926643,24.814951],[120.926653,24.815122],[120.926613,24.815243],[120.926576,24.815523],[120.926731,24.815633],[120.926763,24.815747],[120.926729,24.815798],[120.926796,24.815884],[120.926863,24.816132],[120.926876,24.816132]]]]}},{"type":"Feature","properties":{"n":"海埔三街45巷","v":"香山區","w":0.5,"c":0.5,"r":null},"geometry":{"type":"MultiPolygon","coordinates":[[[[120.926284,24.816254],[120.926335,24.816286],[120.926861,24.816135],[120.927062,24.81613],[120.927102,24.816094],[120.927089,24.816084],[120.927059,24.816118],[120.926861,24.816118],[120.92634,24.816274],[120.9263,24.816252],[120.926284,24.816254]]]]}},{"type":"Feature","properties":{"n":"海埔三街45巷","v":"香山區","w":0.5,"c":0.5,"r":null},"geometry":{"type":"MultiPolygon","coordinates":[[[[120.926311,24.816378],[120.926324,24.816386],[120.926362,24.816349],[120.926885,24.816203],[120.927059,24.816201],[120.927102,24.816242],[120.927115,24.816237],[120.927065,24.816184],[120.926882,24.816191],[120.926351,24.816339],[120.926311,24.816378]]]]}},{"type":"Feature","properties":{"n":"海埔三街75巷","v":"香山區","w":0.5,"c":0.5,"r":null},"geometry":{"type":"MultiPolygon","coordinates":[[[[120.926432,24.816999],[120.926794,24.81688],[120.927137,24.81688],[120.927172,24.816846],[120.927161,24.816836],[120.927134,24.816868],[120.926786,24.81687],[120.926426,24.816989],[120.926432,24.816999]]]]}},{"type":"Feature","properties":{"n":"海埔三街75巷","v":"香山區","w":0.5,"c":0.5,"r":null},"geometry":{"type":"MultiPolygon","coordinates":[[[[120.926445,24.817041],[120.926448,24.817053],[120.926812,24.816941],[120.927169,24.81695],[120.927199,24.81698],[120.927209,24.816975],[120.927172,24.816938],[120.92681,24.816929],[120.926445,24.817041]]]]}},{"type":"Feature","properties":{"n":"海埔三街87巷","v":"香山區","w":0.5,"c":0.5,"r":null},"geometry":{"type":"MultiPolygon","coordinates":[[[[120.926544,24.817474],[120.926662,24.817425],[120.926812,24.817282],[120.927199,24.81715],[120.927236,24.817109],[120.927225,24.817104],[120.927199,24.817136],[120.92681,24.817269],[120.926651,24.817418],[120.926539,24.817462],[120.926544,24.817474]]]]}},{"type":"Feature","properties":{"n":"海埔三街85巷","v":"香山區","w":0.5,"c":0.5,"r":null},"geometry":{"type":"MultiPolygon","coordinates":[[[[120.92655,24.817532],[120.926558,24.81754],[120.926689,24.817484],[120.926866,24.817328],[120.927207,24.817209],[120.927274,24.817228],[120.927274,24.817211],[120.927207,24.817194],[120.926864,24.817316],[120.926679,24.817476],[120.92655,24.817532]]]]}},{"type":"Feature","properties":{"n":"介壽路66巷","v":"東區","w":1.5,"c":1.5,"r":1},"geometry":{"type":"MultiPolygon","coordinates":[[[[121.018187,24.780614],[121.019646,24.779842],[121.019633,24.779818],[121.018174,24.780587],[121.018187,24.780614]]]]}},{"type":"Feature","properties":{"n":"介壽路66巷","v":"東區","w":1.5,"c":1.5,"r":1},"geometry":{"type":"MultiPolygon","coordinates":[[[[121.01739,24.780977],[121.017406,24.780996],[121.018088,24.780651],[121.018072,24.780634],[121.01739,24.780977]]]]}},{"type":"Feature","properties":{"n":"介壽路66巷","v":"東區","w":1.5,"c":1.5,"r":1},"geometry":{"type":"MultiPolygon","coordinates":[[[[121.018088,24.780435],[121.019555,24.779675],[121.019544,24.779656],[121.018077,24.780408],[121.018088,24.780435]]]]}},{"type":"Feature","properties":{"n":"中華路二段","v":"東區","w":4,"c":2.5,"r":14},"geometry":{"type":"MultiPolygon","coordinates":[[[[120.971819,24.802061],[120.974931,24.803984],[120.974941,24.803974],[120.971825,24.802044],[120.971819,24.802061]]]]}},{"type":"Feature","properties":{"n":"中華路二段","v":"東區","w":4,"c":2.5,"r":12},"geometry":{"type":"MultiPolygon","coordinates":[[[[120.971809,24.80226],[120.971796,24.80227],[120.974642,24.804033],[120.974652,24.804018],[120.971809,24.80226]]]]}},{"type":"Feature","properties":{"n":"海山港路","v":"香山區","w":2,"c":2,"r":0},"geometry":{"type":"MultiPolygon","coordinates":[[[[120.912657,24.762011],[120.912655,24.761996],[120.912572,24.76203],[120.912135,24.762166],[120.91157,24.762222],[120.910492,24.762444],[120.91006,24.762551],[120.908754,24.762817],[120.908784,24.762858],[120.909202,24.762768],[120.909942,24.76262],[120.910546,24.762469],[120.911627,24.762249],[120.911632,24.762259],[120.912147,24.762201],[120.91267,24.762035],[120.912657,24.762011]]]]}},{"type":"Feature","properties":{"n":"海山港路","v":"香山區","w":6,"c":6,"r":0},"geometry":{"type":"MultiPolygon","coordinates":[[[[120.906459,24.763445],[120.907916,24.763075],[120.908406,24.762958],[120.908366,24.762897],[120.908098,24.762973],[120.906424,24.763411],[120.906459,24.763445]]]]}},{"type":"Feature","properties":{"n":"龍山東路","v":"東區","w":1.5,"c":1.5,"r":2},"geometry":{"type":"MultiPolygon","coordinates":[[[[121.011522,24.789583],[121.01153,24.789593],[121.011551,24.789605],[121.012968,24.788743],[121.012901,24.788736],[121.011522,24.789583]]]]}},{"type":"Feature","properties":{"n":"慈濟路","v":"東區","w":1.5,"c":1.5,"r":2},"geometry":{"type":"MultiPolygon","coordinates":[[[[121.01489,24.791828],[121.014923,24.79185],[121.014233,24.790635],[121.014239,24.790677],[121.01489,24.791828]]]]}},{"type":"Feature","properties":{"n":"龍山東路","v":"東區","w":2.5,"c":2.5,"r":2},"geometry":{"type":"MultiPolygon","coordinates":[[[[121.013097,24.788561],[121.013092,24.78861],[121.014277,24.787889],[121.014218,24.787872],[121.013097,24.788561]]]]}},{"type":"Feature","properties":{"n":"龍山東路","v":"東區","w":0,"c":0,"r":0},"geometry":{"type":"MultiPolygon","coordinates":[[[[121.01421,24.78775],[121.015355,24.787102],[121.015334,24.787044],[121.014194,24.787711],[121.01421,24.78775]]]]}}]}