{"type":"FeatureCollection","features":[{"type":"Feature","properties":{"n":"明德一路01","v":"七堵區","w":1.6,"c":1.6,"r":11},"geometry":{"type":"MultiPolygon","coordinates":[[[[121.710908,25.096542],[121.714227,25.097798],[121.714233,25.097768],[121.710914,25.096524],[121.710908,25.096542]]]]}},{"type":"Feature","properties":{"n":"百一街01","v":"七堵區","w":3,"c":2.5,"r":2},"geometry":{"type":"MultiPolygon","coordinates":[[[[121.693118,25.07955],[121.694918,25.07954],[121.695135,25.079625],[121.695148,25.079611],[121.694937,25.079522],[121.693121,25.079531],[121.693118,25.07955]]]]}},{"type":"Feature","properties":{"n":"光明路01","v":"七堵區","w":1.5,"c":0.9,"r":5},"geometry":{"type":"MultiPolygon","coordinates":[[[[121.710737,25.092814],[121.711365,25.093276],[121.711958,25.093743],[121.713017,25.094793],[121.713386,25.095139],[121.713397,25.09513],[121.713028,25.094783],[121.711968,25.093734],[121.711374,25.093266],[121.710746,25.092804],[121.710737,25.092814]]]]}},{"type":"Feature","properties":{"n":"光明路02","v":"七堵區","w":1.5,"c":0.9,"r":2},"geometry":{"type":"MultiPolygon","coordinates":[[[[121.713511,25.095284],[121.714765,25.096521],[121.714776,25.096512],[121.713522,25.095275],[121.713511,25.095284]]]]}},{"type":"Feature","properties":{"n":"光明路03","v":"七堵區","w":1.5,"c":0.9,"r":7},"geometry":{"type":"MultiPolygon","coordinates":[[[[121.713629,25.095181],[121.714273,25.09588],[121.714856,25.096459],[121.714875,25.096443],[121.714293,25.095864],[121.71365,25.095165],[121.713629,25.095181]]]]}},{"type":"Feature","properties":{"n":"光明路04","v":"七堵區","w":1.6,"c":0.9,"r":4},"geometry":{"type":"MultiPolygon","coordinates":[[[[121.714831,25.096675],[121.715063,25.096769],[121.715284,25.097083],[121.715362,25.097221],[121.71547,25.09743],[121.715729,25.097607],[121.715936,25.097632],[121.716136,25.09784],[121.717592,25.09909],[121.717603,25.09908],[121.716148,25.09783],[121.715944,25.097618],[121.715735,25.097594],[121.715483,25.09742],[121.715376,25.097215],[121.715297,25.097075],[121.715074,25.096758],[121.714837,25.096662],[121.714831,25.096675]]]]}},{"type":"Feature","properties":{"n":"光明路05","v":"七堵區","w":1.6,"c":0.9,"r":4},"geometry":{"type":"MultiPolygon","coordinates":[[[[121.714946,25.096548],[121.715394,25.096984],[121.71569,25.097282],[121.716174,25.097734],[121.716513,25.098061],[121.71677,25.098255],[121.717117,25.09854],[121.717662,25.099028],[121.717671,25.09902],[121.717125,25.098532],[121.716778,25.098246],[121.716522,25.098053],[121.716183,25.097726],[121.715698,25.097274],[121.715403,25.096977],[121.714955,25.09654],[121.714946,25.096548]]]]}},{"type":"Feature","properties":{"n":"大德路01","v":"七堵區","w":1.5,"c":0.9,"r":4},"geometry":{"type":"MultiPolygon","coordinates":[[[[121.692843,25.078259],[121.691741,25.07856],[121.691129,25.078742],[121.690928,25.078829],[121.690713,25.078956],[121.690551,25.079075],[121.690298,25.079401],[121.690052,25.07978],[121.689656,25.080368],[121.689645,25.080456],[121.68953,25.080928],[121.68949,25.081182],[121.689447,25.081236],[121.689361,25.081627],[121.689366,25.08172],[121.689326,25.081776],[121.689248,25.081822],[121.68869,25.082442],[121.688709,25.082455],[121.689264,25.081838],[121.689343,25.081792],[121.68939,25.081725],[121.689385,25.081629],[121.68947,25.081245],[121.689513,25.08119],[121.689553,25.080932],[121.689668,25.08046],[121.689679,25.080376],[121.690072,25.079791],[121.690318,25.079413],[121.690569,25.07909],[121.690727,25.078974],[121.690939,25.078848],[121.691137,25.078762],[121.691748,25.07858],[121.69285,25.07828],[121.692843,25.078259]]]]}},{"type":"Feature","properties":{"n":"大德路02","v":"七堵區","w":1.9,"c":0.9,"r":2},"geometry":{"type":"MultiPolygon","coordinates":[[[[121.688644,25.082413],[121.689017,25.082019],[121.689226,25.081777],[121.689355,25.081564],[121.689395,25.081328],[121.689489,25.080963],[121.689609,25.080421],[121.689608,25.080368],[121.689824,25.08003],[121.690405,25.079166],[121.690516,25.079035],[121.690616,25.078958],[121.690709,25.078899],[121.690872,25.078803],[121.691023,25.078724],[121.691242,25.078645],[121.692771,25.078213],[121.692765,25.078197],[121.691236,25.078629],[121.691014,25.078708],[121.690862,25.078789],[121.690699,25.078885],[121.690604,25.078944],[121.690502,25.079023],[121.69039,25.079156],[121.689807,25.080021],[121.689589,25.080363],[121.68959,25.080419],[121.689471,25.08096],[121.689376,25.081325],[121.689337,25.081559],[121.68921,25.081767],[121.689003,25.082008],[121.68863,25.082401],[121.688644,25.082413]]]]}},{"type":"Feature","properties":{"n":"堵南街01","v":"七堵區","w":1.6,"c":0.9,"r":8},"geometry":{"type":"MultiPolygon","coordinates":[[[[121.68826,25.082525],[121.687651,25.082479],[121.686883,25.082402],[121.685489,25.082274],[121.685377,25.082247],[121.685272,25.082203],[121.685177,25.082142],[121.685094,25.082068],[121.68505,25.082014],[121.68504,25.08202],[121.685085,25.082075],[121.685125,25.082114],[121.685216,25.082183],[121.685318,25.082237],[121.685373,25.082257],[121.685487,25.082285],[121.686882,25.082413],[121.68765,25.082489],[121.688259,25.082536],[121.68826,25.082525]]]]}},{"type":"Feature","properties":{"n":"福五街01","v":"七堵區","w":3.6,"c":2.6,"r":0},"geometry":{"type":"MultiPolygon","coordinates":[[[[121.698505,25.084949],[121.698693,25.084261],[121.698659,25.084256],[121.698489,25.084942],[121.698505,25.084949]]]]}},{"type":"Feature","properties":{"n":"福五街02","v":"七堵區","w":1.1,"c":0.9,"r":3},"geometry":{"type":"MultiPolygon","coordinates":[[[[121.697896,25.087089],[121.697105,25.089824],[121.697115,25.089826],[121.697906,25.087091],[121.697896,25.087089]]]]}},{"type":"Feature","properties":{"n":"福五街03","v":"七堵區","w":2,"c":1.5,"r":0},"geometry":{"type":"MultiPolygon","coordinates":[[[[121.697029,25.089864],[121.697506,25.088381],[121.69746,25.088369],[121.697002,25.089841],[121.697029,25.089864]]]]}},{"type":"Feature","properties":{"n":"實踐路01","v":"七堵區","w":2.5,"c":2,"r":2},"geometry":{"type":"MultiPolygon","coordinates":[[[[121.694256,25.081672],[121.694182,25.081481],[121.694053,25.081236],[121.693332,25.080102],[121.693241,25.079949],[121.693205,25.079883],[121.693143,25.079717],[121.693129,25.079602],[121.693117,25.079603],[121.693131,25.079719],[121.693194,25.079887],[121.693322,25.080107],[121.694043,25.081241],[121.694171,25.081486],[121.694244,25.081675],[121.694256,25.081672]]]]}},{"type":"Feature","properties":{"n":"實踐路02","v":"七堵區","w":2.1,"c":1.5,"r":2},"geometry":{"type":"MultiPolygon","coordinates":[[[[121.692969,25.079582],[121.692981,25.079757],[121.693051,25.079936],[121.693472,25.08059],[121.694034,25.081497],[121.694099,25.081693],[121.694115,25.081689],[121.694048,25.081491],[121.693485,25.080583],[121.693066,25.07993],[121.692997,25.079754],[121.692985,25.079581],[121.692969,25.079582]]]]}},{"type":"Feature","properties":{"n":"實踐路03","v":"七堵區","w":1.6,"c":1,"r":2},"geometry":{"type":"MultiPolygon","coordinates":[[[[121.693936,25.084735],[121.694336,25.082728],[121.694353,25.082616],[121.694368,25.08234],[121.694327,25.08196],[121.694311,25.081962],[121.694352,25.08234],[121.694337,25.082615],[121.69432,25.082726],[121.69392,25.084732],[121.693936,25.084735]]]]}},{"type":"Feature","properties":{"n":"實踐路04","v":"七堵區","w":2.5,"c":2.5,"r":2},"geometry":{"type":"MultiPolygon","coordinates":[[[[121.693805,25.084787],[121.693847,25.084796],[121.694321,25.082611],[121.694284,25.082009],[121.694254,25.081818],[121.694167,25.081647],[121.694153,25.081664],[121.694236,25.081833],[121.6943,25.082616],[121.693809,25.084785],[121.693805,25.084787]]]]}},{"type":"Feature","properties":{"n":"實踐路05","v":"七堵區","w":2.5,"c":2.5,"r":2},"geometry":{"type":"MultiPolygon","coordinates":[[[[121.693872,25.084896],[121.693617,25.086151],[121.693606,25.086241],[121.693609,25.086298],[121.693671,25.086456],[121.69379,25.086581],[121.694016,25.086724],[121.694104,25.086771],[121.694109,25.086763],[121.694022,25.086715],[121.693797,25.086574],[121.693681,25.086451],[121.69362,25.086296],[121.693617,25.086242],[121.693628,25.086152],[121.693883,25.084898],[121.693872,25.084896]]]]}},{"type":"Feature","properties":{"n":"實踐路06","v":"七堵區","w":4.6,"c":2.1,"r":2},"geometry":{"type":"MultiPolygon","coordinates":[[[[121.694112,25.08689],[121.693713,25.086638],[121.693616,25.086535],[121.693515,25.08636],[121.693495,25.086209],[121.693611,25.085661],[121.693764,25.084872],[121.693729,25.084866],[121.693576,25.085655],[121.693459,25.086208],[121.693481,25.08637],[121.693586,25.086554],[121.693689,25.086662],[121.694091,25.086916],[121.694112,25.08689]]]]}},{"type":"Feature","properties":{"n":"實踐路07","v":"七堵區","w":2.5,"c":2,"r":2},"geometry":{"type":"MultiPolygon","coordinates":[[[[121.695382,25.087575],[121.695382,25.087547],[121.694245,25.086952],[121.69424,25.086971],[121.695382,25.087575]]]]}},{"type":"Feature","properties":{"n":"實踐路08","v":"七堵區","w":2.5,"c":2.5,"r":2},"geometry":{"type":"MultiPolygon","coordinates":[[[[121.695384,25.087603],[121.694216,25.086997],[121.694208,25.087014],[121.695371,25.087615],[121.695384,25.087603]]]]}},{"type":"Feature","properties":{"n":"實踐路09","v":"七堵區","w":3.3,"c":2.3,"r":5},"geometry":{"type":"MultiPolygon","coordinates":[[[[121.696936,25.090121],[121.697013,25.089846],[121.69696,25.089834],[121.696895,25.08993],[121.695479,25.087632],[121.695427,25.087632],[121.696936,25.090121]]]]}},{"type":"Feature","properties":{"n":"實踐路10","v":"七堵區","w":3,"c":2.6,"r":2},"geometry":{"type":"MultiPolygon","coordinates":[[[[121.696791,25.09006],[121.695492,25.087828],[121.695306,25.087635],[121.695198,25.087547],[121.695188,25.087557],[121.695296,25.087644],[121.69548,25.087835],[121.696778,25.090066],[121.696791,25.09006]]]]}},{"type":"Feature","properties":{"n":"南七堵地下道01","v":"七堵區","w":1.2,"c":1.2,"r":0},"geometry":{"type":"MultiPolygon","coordinates":[[[[121.707676,25.090227],[121.708472,25.089808],[121.708466,25.089799],[121.70767,25.090218],[121.707676,25.090227]]]]}},{"type":"Feature","properties":{"n":"南七堵地下道02","v":"七堵區","w":1.2,"c":1.2,"r":0},"geometry":{"type":"MultiPolygon","coordinates":[[[[121.707601,25.090145],[121.708428,25.089724],[121.708422,25.089715],[121.707595,25.090136],[121.707601,25.090145]]]]}},{"type":"Feature","properties":{"n":"工建北路01","v":"七堵區","w":1.1,"c":0.9,"r":0},"geometry":{"type":"MultiPolygon","coordinates":[[[[121.702907,25.08754],[121.703604,25.087734],[121.703651,25.087727],[121.703801,25.087238],[121.704013,25.086608],[121.704682,25.084571],[121.704672,25.084568],[121.704003,25.086605],[121.70379,25.087235],[121.703643,25.087718],[121.703604,25.087724],[121.70291,25.087531],[121.702907,25.08754]]]]}},{"type":"Feature","properties":{"n":"工建北路02","v":"七堵區","w":1.2,"c":0.9,"r":6},"geometry":{"type":"MultiPolygon","coordinates":[[[[121.704646,25.084452],[121.704015,25.08638],[121.703816,25.086965],[121.703628,25.087542],[121.703594,25.08763],[121.703553,25.087646],[121.702922,25.087474],[121.702916,25.087491],[121.703555,25.087665],[121.70361,25.087643],[121.703647,25.087548],[121.703835,25.08697],[121.704034,25.086385],[121.704665,25.084458],[121.704646,25.084452]]]]}},{"type":"Feature","properties":{"n":"工建南路01","v":"七堵區","w":1.5,"c":1,"r":10},"geometry":{"type":"MultiPolygon","coordinates":[[[[121.702683,25.087379],[121.701731,25.087159],[121.701705,25.087132],[121.701945,25.086308],[121.702089,25.085786],[121.702228,25.085254],[121.702472,25.0844],[121.702459,25.084397],[121.702214,25.085251],[121.702075,25.085783],[121.701932,25.086304],[121.70169,25.087135],[121.701723,25.08717],[121.702679,25.087391],[121.702683,25.087379]]]]}},{"type":"Feature","properties":{"n":"工建南路02","v":"七堵區","w":1.4,"c":1,"r":0},"geometry":{"type":"MultiPolygon","coordinates":[[[[121.702671,25.083842],[121.701767,25.087051],[121.701774,25.087109],[121.701818,25.087149],[121.702695,25.087348],[121.702699,25.087335],[121.701825,25.087138],[121.701787,25.087103],[121.701781,25.087051],[121.702685,25.083845],[121.702671,25.083842]]]]}},{"type":"Feature","properties":{"n":"工東街01","v":"七堵區","w":2,"c":1.5,"r":5},"geometry":{"type":"MultiPolygon","coordinates":[[[[121.702535,25.088211],[121.703212,25.088175],[121.703375,25.088136],[121.703484,25.088091],[121.703656,25.087994],[121.703767,25.087892],[121.70391,25.087782],[121.704048,25.087655],[121.704245,25.087495],[121.704353,25.087429],[121.704657,25.087221],[121.705065,25.08704],[121.705059,25.087028],[121.704649,25.08721],[121.704344,25.087417],[121.704236,25.087484],[121.704038,25.087646],[121.7039,25.087772],[121.703757,25.087882],[121.703646,25.087983],[121.703477,25.088079],[121.70337,25.088123],[121.703209,25.088162],[121.702534,25.088198],[121.702535,25.088211]]]]}},{"type":"Feature","properties":{"n":"工建路01","v":"七堵區","w":3,"c":2,"r":10},"geometry":{"type":"MultiPolygon","coordinates":[[[[121.699475,25.092397],[121.699665,25.092175],[121.699859,25.091983],[121.700193,25.091668],[121.700351,25.091552],[121.701035,25.091113],[121.701117,25.091023],[121.701205,25.090906],[121.701301,25.090701],[121.701524,25.089733],[121.70163,25.089441],[121.701787,25.089167],[121.70198,25.088871],[121.702138,25.088641],[121.702376,25.088318],[121.702523,25.088163],[121.702664,25.087912],[121.702845,25.08752],[121.702818,25.087509],[121.702637,25.0879],[121.702498,25.088148],[121.702352,25.088302],[121.702113,25.088626],[121.701955,25.088857],[121.701761,25.089154],[121.701602,25.08943],[121.701495,25.089726],[121.701272,25.090693],[121.701178,25.090893],[121.701093,25.091007],[121.701014,25.091093],[121.700333,25.09153],[121.700173,25.091648],[121.699837,25.091964],[121.699642,25.092157],[121.699451,25.09238],[121.699475,25.092397]]]]}},{"type":"Feature","properties":{"n":"工建路02","v":"七堵區","w":3,"c":1.3,"r":10},"geometry":{"type":"MultiPolygon","coordinates":[[[[121.702684,25.087498],[121.702649,25.087629],[121.702537,25.087852],[121.702466,25.087969],[121.702377,25.088112],[121.702177,25.088405],[121.701972,25.088688],[121.701607,25.089228],[121.701547,25.089355],[121.701464,25.089558],[121.701428,25.089627],[121.701339,25.089952],[121.701313,25.090092],[121.70122,25.090514],[121.70114,25.090754],[121.701085,25.090861],[121.700968,25.09101],[121.700751,25.091168],[121.700512,25.091317],[121.700248,25.091463],[121.699932,25.091731],[121.69934,25.092331],[121.699362,25.092349],[121.699953,25.09175],[121.700266,25.091485],[121.700528,25.091339],[121.700769,25.09119],[121.700989,25.091029],[121.701111,25.090875],[121.701168,25.090763],[121.701248,25.09052],[121.701342,25.090097],[121.701369,25.089958],[121.701456,25.089637],[121.701492,25.089569],[121.701575,25.089365],[121.701634,25.08924],[121.701997,25.088703],[121.702202,25.08842],[121.702402,25.088126],[121.702492,25.087983],[121.702564,25.087864],[121.702677,25.087638],[121.702713,25.087504],[121.702684,25.087498]]]]}},{"type":"Feature","properties":{"n":"工建路03","v":"七堵區","w":3,"c":2,"r":9},"geometry":{"type":"MultiPolygon","coordinates":[[[[121.702857,25.087383],[121.703709,25.084571],[121.703857,25.08411],[121.703918,25.083946],[121.704032,25.083819],[121.704247,25.083644],[121.704384,25.083614],[121.704377,25.083587],[121.704233,25.083619],[121.704011,25.083801],[121.703892,25.083932],[121.703829,25.084102],[121.703681,25.084563],[121.702828,25.087376],[121.702857,25.087383]]]]}},{"type":"Feature","properties":{"n":"工建路04","v":"七堵區","w":3,"c":1.3,"r":10},"geometry":{"type":"MultiPolygon","coordinates":[[[[121.704206,25.083553],[121.703968,25.083727],[121.70382,25.083905],[121.703784,25.083964],[121.70372,25.0841],[121.7037,25.084191],[121.703594,25.084548],[121.702989,25.086486],[121.702794,25.087149],[121.702747,25.08728],[121.702775,25.087289],[121.702822,25.087157],[121.703017,25.086493],[121.703622,25.084555],[121.703729,25.084197],[121.703749,25.084108],[121.70381,25.083976],[121.703845,25.08392],[121.70399,25.083746],[121.704225,25.083574],[121.704206,25.083553]]]]}},{"type":"Feature","properties":{"n":"工建西路01","v":"七堵區","w":2,"c":1.5,"r":5},"geometry":{"type":"MultiPolygon","coordinates":[[[[121.698374,25.091545],[121.700576,25.093561],[121.70078,25.093645],[121.700876,25.093794],[121.701019,25.093939],[121.701201,25.094029],[121.702202,25.094572],[121.70251,25.094751],[121.702823,25.094908],[121.702829,25.094898],[121.702516,25.094741],[121.702209,25.094562],[121.701207,25.094019],[121.701027,25.09393],[121.700886,25.093787],[121.700789,25.093636],[121.700583,25.093551],[121.698384,25.091536],[121.698374,25.091545]]]]}},{"type":"Feature","properties":{"n":"工建西路02","v":"七堵區","w":2.5,"c":2,"r":0},"geometry":{"type":"MultiPolygon","coordinates":[[[[121.702569,25.094904],[121.701899,25.094532],[121.701109,25.094101],[121.700871,25.093963],[121.700264,25.093418],[121.699212,25.09246],[121.69872,25.091997],[121.698387,25.0917],[121.698377,25.091709],[121.69871,25.092005],[121.699202,25.092468],[121.699647,25.092874],[121.700863,25.093973],[121.701102,25.094112],[121.701892,25.094543],[121.702561,25.094915],[121.702569,25.094904]]]]}},{"type":"Feature","properties":{"n":"俊賢路01","v":"七堵區","w":2,"c":1.3,"r":12},"geometry":{"type":"MultiPolygon","coordinates":[[[[121.702931,25.094942],[121.703076,25.094982],[121.70323,25.095006],[121.705076,25.095066],[121.706138,25.095091],[121.70682,25.095118],[121.707147,25.09516],[121.707418,25.095232],[121.710827,25.096451],[121.710832,25.096439],[121.707422,25.09522],[121.70715,25.095147],[121.706821,25.095105],[121.706138,25.095078],[121.705077,25.095053],[121.703231,25.094994],[121.703079,25.09497],[121.702935,25.09493],[121.702931,25.094942]]]]}},{"type":"Feature","properties":{"n":"俊賢路02","v":"七堵區","w":1.4,"c":2.5,"r":2},"geometry":{"type":"MultiPolygon","coordinates":[[[[121.712415,25.097187],[121.710941,25.096621],[121.708468,25.095714],[121.707554,25.095399],[121.707378,25.09533],[121.707068,25.095249],[121.70671,25.095223],[121.705901,25.095188],[121.703169,25.095087],[121.702965,25.095058],[121.702908,25.095042],[121.702904,25.095054],[121.702962,25.09507],[121.703167,25.0951],[121.7059,25.0952],[121.706709,25.095235],[121.707065,25.095262],[121.707373,25.095342],[121.707549,25.095411],[121.708463,25.095726],[121.710936,25.096633],[121.71241,25.097198],[121.712415,25.097187]]]]}},{"type":"Feature","properties":{"n":"東新街01","v":"七堵區","w":1.7,"c":1.2,"r":10},"geometry":{"type":"MultiPolygon","coordinates":[[[[121.713515,25.095051],[121.714826,25.093414],[121.715007,25.09335],[121.715146,25.093371],[121.715312,25.093462],[121.715352,25.093506],[121.715508,25.09379],[121.715743,25.093978],[121.716006,25.094177],[121.716092,25.094254],[121.716804,25.094745],[121.716997,25.094846],[121.717379,25.095089],[121.717401,25.095099],[121.717449,25.095103],[121.717493,25.095084],[121.717645,25.094887],[121.717687,25.094841],[121.717765,25.094786],[121.717856,25.094752],[121.717921,25.094742],[121.717969,25.094741],[121.7184,25.094756],[121.71845,25.094764],[121.718506,25.094764],[121.718588,25.094748],[121.718777,25.094687],[121.718801,25.094667],[121.718837,25.094655],[121.71886,25.094655],[121.718923,25.094667],[121.719002,25.094659],[121.719286,25.094681],[121.719287,25.094671],[121.719002,25.094649],[121.718923,25.094657],[121.718844,25.094644],[121.718802,25.094655],[121.718771,25.094679],[121.718585,25.094739],[121.718505,25.094754],[121.718451,25.094754],[121.718402,25.094746],[121.717969,25.094731],[121.71792,25.094732],[121.717853,25.094742],[121.71776,25.094778],[121.717679,25.094834],[121.717636,25.094881],[121.717486,25.095076],[121.717447,25.095093],[121.717404,25.09509],[121.717003,25.094838],[121.71681,25.094736],[121.716099,25.094247],[121.716013,25.094169],[121.715751,25.09397],[121.715516,25.093783],[121.71551,25.093765],[121.715405,25.093587],[121.715361,25.093501],[121.715319,25.093455],[121.71515,25.093361],[121.715006,25.09334],[121.714819,25.093406],[121.713507,25.095045],[121.713515,25.095051]]]]}},{"type":"Feature","properties":{"n":"東新街02","v":"七堵區","w":1.1,"c":1.5,"r":0},"geometry":{"type":"MultiPolygon","coordinates":[[[[121.718656,25.094821],[121.717916,25.094811],[121.717872,25.094818],[121.717836,25.094837],[121.717645,25.095004],[121.717623,25.095034],[121.717602,25.095085],[121.717596,25.095122],[121.717596,25.095176],[121.717591,25.095194],[121.717562,25.095232],[121.717508,25.095245],[121.717442,25.095218],[121.716284,25.094455],[121.716051,25.094289],[121.715857,25.094132],[121.715558,25.093905],[121.715457,25.093812],[121.715282,25.093515],[121.715222,25.093468],[121.715114,25.093424],[121.715109,25.093433],[121.715216,25.093476],[121.715274,25.093521],[121.715449,25.093818],[121.71555,25.093912],[121.71585,25.09414],[121.716044,25.094297],[121.716277,25.094463],[121.717437,25.095226],[121.717507,25.095256],[121.717568,25.095241],[121.717601,25.095199],[121.717607,25.095177],[121.717607,25.095122],[121.717612,25.095088],[121.717633,25.095039],[121.717654,25.09501],[121.717843,25.094845],[121.717876,25.094827],[121.717916,25.094821],[121.718656,25.094831],[121.718656,25.094821]]]]}},{"type":"Feature","properties":{"n":"長興地下道01","v":"七堵區","w":1.5,"c":1.5,"r":2},"geometry":{"type":"MultiPolygon","coordinates":[[[[121.713584,25.095102],[121.7149,25.093446],[121.714888,25.093438],[121.713572,25.095094],[121.713584,25.095102]]]]}},{"type":"Feature","properties":{"n":"自治街01","v":"七堵區","w":1.6,"c":1.1,"r":14},"geometry":{"type":"MultiPolygon","coordinates":[[[[121.712493,25.097025],[121.713408,25.095188],[121.713398,25.095183],[121.712482,25.097021],[121.712493,25.097025]]]]}},{"type":"Feature","properties":{"n":"自治街02","v":"七堵區","w":1.3,"c":1.1,"r":0},"geometry":{"type":"MultiPolygon","coordinates":[[[[121.713449,25.095283],[121.713408,25.095319],[121.713393,25.09534],[121.712596,25.097061],[121.712607,25.097065],[121.713404,25.095346],[121.713418,25.095327],[121.713459,25.09529],[121.713449,25.095283]]]]}},{"type":"Feature","properties":{"n":"開元路01","v":"七堵區","w":3.3,"c":2.8,"r":5},"geometry":{"type":"MultiPolygon","coordinates":[[[[121.714713,25.09654],[121.71379,25.096196],[121.713777,25.096226],[121.7147,25.09657],[121.714713,25.09654]]]]}},{"type":"Feature","properties":{"n":"崇智街01","v":"七堵區","w":1.2,"c":0.9,"r":0},"geometry":{"type":"MultiPolygon","coordinates":[[[[121.713785,25.099009],[121.714269,25.097853],[121.714258,25.097849],[121.713774,25.099005],[121.713785,25.099009]]]]}},{"type":"Feature","properties":{"n":"崇智街02","v":"七堵區","w":5.4,"c":3.5,"r":0},"geometry":{"type":"MultiPolygon","coordinates":[[[[121.713728,25.098997],[121.714204,25.097868],[121.714154,25.09785],[121.713678,25.09898],[121.713728,25.098997]]]]}},{"type":"Feature","properties":{"n":"崇智街03","v":"七堵區","w":1.5,"c":0.9,"r":0},"geometry":{"type":"MultiPolygon","coordinates":[[[[121.713271,25.100271],[121.713735,25.099134],[121.713721,25.09913],[121.713257,25.100266],[121.713271,25.100271]]]]}},{"type":"Feature","properties":{"n":"崇智街04","v":"七堵區","w":1.5,"c":0.9,"r":0},"geometry":{"type":"MultiPolygon","coordinates":[[[[121.713181,25.100242],[121.713657,25.099097],[121.713646,25.099094],[121.71317,25.100238],[121.713181,25.100242]]]]}},{"type":"Feature","properties":{"n":"復興路01","v":"中山區","w":2,"c":2,"r":0},"geometry":{"type":"MultiPolygon","coordinates":[[[[121.726035,25.143975],[121.726144,25.143266],[121.726223,25.142985],[121.72633,25.142647],[121.726433,25.142386],[121.726866,25.141752],[121.72722,25.141257],[121.727657,25.140855],[121.72783,25.140705],[121.727956,25.140566],[121.727937,25.140554],[121.727792,25.140719],[121.727605,25.140877],[121.727478,25.141003],[121.7274,25.141064],[121.727208,25.141248],[121.727053,25.141466],[121.726997,25.141532],[121.726775,25.141849],[121.726396,25.14241],[121.726283,25.14272],[121.726192,25.143002],[121.726109,25.143358],[121.72605,25.143755],[121.726026,25.143976],[121.726029,25.143974],[121.726035,25.143975]]]]}},{"type":"Feature","properties":{"n":"復興路02","v":"中山區","w":1.4,"c":0.9,"r":1},"geometry":{"type":"MultiPolygon","coordinates":[[[[121.72601,25.143176],[121.726032,25.143181],[121.72619,25.142633],[121.72626,25.142468],[121.726509,25.142048],[121.726848,25.141578],[121.727072,25.141247],[121.72715,25.141159],[121.727375,25.14096],[121.727556,25.140767],[121.72754,25.140762],[121.727483,25.14083],[121.727274,25.141041],[121.727075,25.141214],[121.726826,25.141581],[121.726631,25.141855],[121.726567,25.141938],[121.72624,25.142464],[121.726165,25.142654],[121.726006,25.143174],[121.72601,25.143176]]]]}},{"type":"Feature","properties":{"n":"復興路03","v":"中山區","w":1.5,"c":0.9,"r":5},"geometry":{"type":"MultiPolygon","coordinates":[[[[121.72596,25.148728],[121.72593,25.148592],[121.725887,25.147958],[121.725827,25.147279],[121.725837,25.147045],[121.725859,25.146986],[121.726175,25.146559],[121.726458,25.14627],[121.726675,25.145912],[121.726706,25.145633],[121.726673,25.145386],[121.726655,25.145279],[121.726716,25.145211],[121.726477,25.144946],[121.726086,25.14454],[121.726067,25.144494],[121.726021,25.144331],[121.726037,25.143974],[121.72601,25.143974],[121.726008,25.144125],[121.725993,25.144407],[121.726057,25.14454],[121.726124,25.144606],[121.726603,25.145112],[121.726702,25.145204],[121.726637,25.145275],[121.726629,25.145292],[121.72669,25.145628],[121.726684,25.145742],[121.726658,25.145905],[121.726479,25.146205],[121.72635,25.146369],[121.726191,25.146525],[121.726023,25.146737],[121.725845,25.146987],[121.725818,25.147052],[121.725812,25.147269],[121.72582,25.147383],[121.725879,25.14807],[121.725887,25.148245],[121.725912,25.148545],[121.725944,25.148732],[121.72596,25.148728]]]]}},{"type":"Feature","properties":{"n":"復興路04","v":"中山區","w":1.5,"c":0.8,"r":0},"geometry":{"type":"MultiPolygon","coordinates":[[[[121.725903,25.143993],[121.725889,25.143994],[121.725875,25.144185],[121.725882,25.144336],[121.725939,25.144543],[121.726,25.144652],[121.726363,25.145088],[121.726476,25.14524],[121.72653,25.145412],[121.726556,25.145759],[121.726554,25.145796],[121.726487,25.145953],[121.72643,25.146067],[121.726387,25.146128],[121.726065,25.146485],[121.72589,25.14666],[121.725745,25.146822],[121.725682,25.146939],[121.725679,25.147002],[121.725712,25.147614],[121.725793,25.148585],[121.725801,25.148638],[121.72582,25.148636],[121.725767,25.14809],[121.725719,25.147446],[121.725702,25.146931],[121.725774,25.146812],[121.726167,25.146404],[121.726441,25.146088],[121.726576,25.145786],[121.726548,25.145415],[121.726502,25.145243],[121.726253,25.144915],[121.726076,25.144726],[121.725924,25.144423],[121.725895,25.144282],[121.725892,25.144132],[121.725903,25.143993]]]]}},{"type":"Feature","properties":{"n":"復興路05","v":"中山區","w":1.5,"c":0.8,"r":2},"geometry":{"type":"MultiPolygon","coordinates":[[[[121.725855,25.148733],[121.727608,25.150074],[121.728952,25.152128],[121.728965,25.152122],[121.728971,25.152128],[121.727627,25.150062],[121.725867,25.148703],[121.725861,25.148733],[121.725855,25.148733]]]]}},{"type":"Feature","properties":{"n":"復興路06","v":"中山區","w":1.5,"c":0.8,"r":2},"geometry":{"type":"MultiPolygon","coordinates":[[[[121.725928,25.148882],[121.725895,25.148906],[121.727523,25.150129],[121.727635,25.150259],[121.728834,25.152134],[121.728873,25.152122],[121.727654,25.150223],[121.727529,25.150081],[121.725928,25.148882]]]]}},{"type":"Feature","properties":{"n":"文明路01","v":"中山區","w":1.3,"c":0.9,"r":0},"geometry":{"type":"MultiPolygon","coordinates":[[[[121.732325,25.15453],[121.732312,25.154548],[121.732286,25.154536],[121.732006,25.154937],[121.731673,25.155267],[121.731549,25.155376],[121.731026,25.155617],[121.73056,25.155673],[121.730259,25.155758],[121.730128,25.155836],[121.730142,25.155866],[121.730259,25.155782],[121.730574,25.155703],[121.731046,25.155641],[121.731615,25.155369],[121.732032,25.154955],[121.732325,25.15453]]]]}},{"type":"Feature","properties":{"n":"文明路02","v":"中山區","w":1.3,"c":0.9,"r":2},"geometry":{"type":"MultiPolygon","coordinates":[[[[121.730082,25.156032],[121.73008,25.15604],[121.730093,25.156047],[121.730192,25.155924],[121.730344,25.15584],[121.730498,25.155804],[121.730653,25.155784],[121.730939,25.155756],[121.731188,25.155697],[121.731402,25.155596],[121.731761,25.155365],[121.73193,25.155211],[121.732279,25.154772],[121.732261,25.154758],[121.73192,25.155199],[121.731753,25.155346],[121.731413,25.15557],[121.731188,25.155681],[121.730944,25.155737],[121.73075,25.155762],[121.730493,25.155787],[121.730336,25.155828],[121.730173,25.155915],[121.730082,25.156032]]]]}},{"type":"Feature","properties":{"n":"文化路01","v":"中山區","w":1.5,"c":0.9,"r":0},"geometry":{"type":"MultiPolygon","coordinates":[[[[121.728848,25.152152],[121.728888,25.1522],[121.728848,25.152212],[121.7301,25.153138],[121.7323,25.1545],[121.732352,25.154476],[121.730113,25.15309],[121.728848,25.152152]]]]}},{"type":"Feature","properties":{"n":"文化路02","v":"中山區","w":1.5,"c":0.9,"r":3},"geometry":{"type":"MultiPolygon","coordinates":[[[[121.728976,25.152146],[121.729351,25.152437],[121.730313,25.153113],[121.730985,25.153563],[121.731459,25.153847],[121.732256,25.154363],[121.732427,25.154434],[121.732434,25.154416],[121.732282,25.154351],[121.730873,25.15345],[121.730201,25.152994],[121.729621,25.152585],[121.729312,25.152347],[121.729002,25.152122],[121.728976,25.15214],[121.728976,25.152146]]]]}},{"type":"Feature","properties":{"n":"文化路03","v":"中山區","w":1.5,"c":0.9,"r":2},"geometry":{"type":"MultiPolygon","coordinates":[[[[121.732402,25.154428],[121.732606,25.154433],[121.73294,25.154378],[121.733215,25.154281],[121.733379,25.154202],[121.733366,25.154191],[121.733208,25.154257],[121.73296,25.154348],[121.732665,25.154403],[121.732573,25.15441],[121.732415,25.154404],[121.732396,25.154428],[121.732402,25.154428]]]]}},{"type":"Feature","properties":{"n":"文化路04","v":"中山區","w":1.5,"c":0.9,"r":2},"geometry":{"type":"MultiPolygon","coordinates":[[[[121.732442,25.154549],[121.732474,25.154522],[121.733008,25.154461],[121.733397,25.154311],[121.733378,25.154284],[121.732983,25.154435],[121.732468,25.154498],[121.732426,25.154537],[121.732439,25.154549],[121.732442,25.154549]]]]}},{"type":"Feature","properties":{"n":"文化路05","v":"中山區","w":1.5,"c":0.9,"r":4},"geometry":{"type":"MultiPolygon","coordinates":[[[[121.733377,25.154211],[121.734881,25.153284],[121.735476,25.152934],[121.736012,25.152555],[121.736423,25.152159],[121.736559,25.15189],[121.73659,25.151651],[121.736443,25.151234],[121.736284,25.150888],[121.73623,25.150709],[121.736211,25.150739],[121.73649,25.151454],[121.736551,25.151645],[121.736539,25.151866],[121.736409,25.152129],[121.736135,25.1524],[121.735842,25.152658],[121.735482,25.152904],[121.734966,25.153205],[121.733364,25.154199],[121.733378,25.154223],[121.733377,25.154211]]]]}},{"type":"Feature","properties":{"n":"文化路06","v":"中山區","w":1.5,"c":0.9,"r":2},"geometry":{"type":"MultiPolygon","coordinates":[[[[121.733397,25.15425],[121.733392,25.154253],[121.733402,25.154262],[121.734046,25.153858],[121.734579,25.153511],[121.734958,25.15329],[121.735081,25.153205],[121.735782,25.152772],[121.736059,25.152589],[121.73646,25.152181],[121.736624,25.151927],[121.736649,25.151674],[121.736632,25.151554],[121.736622,25.151552],[121.736638,25.151662],[121.736616,25.151922],[121.736452,25.152171],[121.736038,25.152594],[121.734963,25.153275],[121.734464,25.153572],[121.733397,25.15425]]]]}},{"type":"Feature","properties":{"n":"基金一路01","v":"安樂區","w":2,"c":0.4,"r":0},"geometry":{"type":"MultiPolygon","coordinates":[[[[121.721834,25.135647],[121.7208,25.135964],[121.720493,25.136065],[121.720435,25.136105],[121.72004,25.136671],[121.719973,25.136803],[121.719882,25.137049],[121.719828,25.137181],[121.719767,25.13727],[121.719721,25.137317],[121.71963,25.137382],[121.71947,25.137478],[121.719308,25.137549],[121.719131,25.137635],[121.719061,25.137684],[121.71899,25.137749],[121.718909,25.137871],[121.718856,25.138017],[121.718827,25.138314],[121.718809,25.138402],[121.71878,25.138473],[121.718732,25.13855],[121.718669,25.13862],[121.718593,25.13868],[121.718526,25.138715],[121.718388,25.138764],[121.718279,25.138783],[121.718283,25.138799],[121.718393,25.138779],[121.718534,25.13873],[121.718603,25.138693],[121.718682,25.138632],[121.718747,25.138559],[121.718796,25.13848],[121.718827,25.138406],[121.718844,25.138316],[121.718873,25.138021],[121.718925,25.137877],[121.719004,25.137759],[121.719073,25.137697],[121.719141,25.137648],[121.719316,25.137564],[121.719478,25.137492],[121.719641,25.137395],[121.719734,25.137329],[121.719782,25.13728],[121.719844,25.137188],[121.719899,25.137055],[121.71999,25.136809],[121.720056,25.136679],[121.720448,25.136116],[121.720501,25.136079],[121.720806,25.13598],[121.72184,25.135662],[121.721834,25.135647]]]]}},{"type":"Feature","properties":{"n":"基金一路02","v":"安樂區","w":2,"c":0.6,"r":2},"geometry":{"type":"MultiPolygon","coordinates":[[[[121.721291,25.135657],[121.72062,25.135865],[121.720439,25.135929],[121.720334,25.135997],[121.720252,25.136075],[121.72016,25.136215],[121.72003,25.136397],[121.719817,25.136745],[121.719687,25.137102],[121.71963,25.137183],[121.719567,25.13724],[121.719452,25.137306],[121.718991,25.137533],[121.718891,25.13762],[121.718798,25.137734],[121.718731,25.137852],[121.718688,25.137987],[121.718651,25.138357],[121.718612,25.138443],[121.718554,25.138515],[121.718484,25.13857],[121.718397,25.138605],[121.718097,25.138661],[121.718101,25.138679],[121.718403,25.138622],[121.718494,25.138586],[121.718569,25.138528],[121.71863,25.138452],[121.718671,25.138361],[121.718707,25.137991],[121.71875,25.137859],[121.718815,25.137743],[121.718906,25.137632],[121.719002,25.137548],[121.719462,25.137321],[121.719579,25.137254],[121.719645,25.137195],[121.719705,25.13711],[121.719836,25.136752],[121.720047,25.136407],[121.720177,25.136224],[121.720268,25.136086],[121.720347,25.13601],[121.720449,25.135945],[121.720627,25.135882],[121.721298,25.135674],[121.721291,25.135657]]]]}},{"type":"Feature","properties":{"n":"安樂路二段01","v":"安樂區","w":2.2,"c":1.4,"r":5},"geometry":{"type":"MultiPolygon","coordinates":[[[[121.722572,25.120246],[121.723866,25.121347],[121.723886,25.121328],[121.722591,25.120226],[121.722572,25.120246]]]]}},{"type":"Feature","properties":{"n":"安樂路二段02","v":"安樂區","w":2.2,"c":1.4,"r":3},"geometry":{"type":"MultiPolygon","coordinates":[[[[121.722679,25.120221],[121.723889,25.121251],[121.723904,25.121239],[121.722692,25.120207],[121.722679,25.120221]]]]}},{"type":"Feature","properties":{"n":"安樂路二段03","v":"安樂區","w":1.9,"c":1.9,"r":7},"geometry":{"type":"MultiPolygon","coordinates":[[[[121.723961,25.121443],[121.725954,25.123166],[121.726385,25.123521],[121.727452,25.124118],[121.727708,25.124269],[121.727933,25.124458],[121.728548,25.124808],[121.728928,25.124933],[121.728944,25.12489],[121.72857,25.124767],[121.727963,25.124422],[121.727738,25.124233],[121.727479,25.12408],[121.726415,25.123485],[121.725988,25.123133],[121.723995,25.12141],[121.723961,25.121443]]]]}},{"type":"Feature","properties":{"n":"安樂路二段04","v":"安樂區","w":2.1,"c":1.4,"r":3},"geometry":{"type":"MultiPolygon","coordinates":[[[[121.724023,25.121358],[121.724951,25.122151],[121.725969,25.123041],[121.726553,25.123508],[121.72774,25.124149],[121.728453,25.124635],[121.728958,25.124852],[121.728967,25.124835],[121.728463,25.124619],[121.727752,25.124133],[121.726565,25.123493],[121.725983,25.123027],[121.724966,25.122137],[121.724037,25.121344],[121.724023,25.121358]]]]}},{"type":"Feature","properties":{"n":"自強隧道01","v":"安樂區","w":1.3,"c":1.3,"r":2},"geometry":{"type":"MultiPolygon","coordinates":[[[[121.728955,25.12494],[121.731478,25.126447],[121.731486,25.126436],[121.728963,25.124929],[121.728955,25.12494]]]]}},{"type":"Feature","properties":{"n":"自強隧道02","v":"安樂區","w":1.3,"c":1.3,"r":2},"geometry":{"type":"MultiPolygon","coordinates":[[[[121.729016,25.124828],[121.731555,25.126389],[121.731563,25.126378],[121.729025,25.124817],[121.729016,25.124828]]]]}},{"type":"Feature","properties":{"n":"安樂路一段01","v":"安樂區","w":1.3,"c":0.4,"r":2},"geometry":{"type":"MultiPolygon","coordinates":[[[[121.731579,25.126419],[121.732081,25.127002],[121.732622,25.127591],[121.732649,25.127567],[121.731612,25.126401],[121.731579,25.126419]]]]}},{"type":"Feature","properties":{"n":"安樂路一段","v":"安樂區","w":1.1,"c":0.5,"r":2},"geometry":{"type":"MultiPolygon","coordinates":[[[[121.734308,25.129202],[121.735156,25.129348],[121.735329,25.129362],[121.735568,25.129363],[121.736029,25.129313],[121.736016,25.129294],[121.735576,25.129337],[121.735316,25.12934],[121.735143,25.129327],[121.734331,25.129185],[121.734308,25.129202]]]]}},{"type":"Feature","properties":{"n":"安樂路一段03","v":"安樂區","w":1.1,"c":0.4,"r":3},"geometry":{"type":"MultiPolygon","coordinates":[[[[121.733617,25.128833],[121.733413,25.128682],[121.733086,25.128374],[121.732917,25.128141],[121.732546,25.127597],[121.73252,25.127609],[121.732895,25.128143],[121.733059,25.128367],[121.733118,25.128439],[121.733405,25.128702],[121.733601,25.128847],[121.733617,25.128833]]]]}},{"type":"Feature","properties":{"n":"樂利三街外環道01","v":"安樂區","w":3,"c":1.4,"r":9},"geometry":{"type":"MultiPolygon","coordinates":[[[[121.717896,25.128388],[121.718,25.128189],[121.718041,25.128052],[121.718213,25.126653],[121.718193,25.126555],[121.718147,25.126511],[121.718074,25.126476],[121.717715,25.12648],[121.717715,25.126495],[121.71807,25.126492],[121.718137,25.126524],[121.718177,25.126562],[121.718196,25.126654],[121.718025,25.128049],[121.717985,25.128184],[121.717881,25.128381],[121.717896,25.128388]]]]}},{"type":"Feature","properties":{"n":"樂利三街01","v":"安樂區","w":1.6,"c":1.1,"r":0},"geometry":{"type":"MultiPolygon","coordinates":[[[[121.719671,25.128353],[121.718955,25.128661],[121.718808,25.128799],[121.718508,25.129038],[121.718311,25.129146],[121.71791,25.129215],[121.717812,25.129189],[121.717803,25.129217],[121.717908,25.129245],[121.718322,25.129174],[121.718528,25.129062],[121.718831,25.128821],[121.718974,25.128686],[121.719685,25.12838],[121.719671,25.128353]]]]}},{"type":"Feature","properties":{"n":"樂利三街02","v":"安樂區","w":2.2,"c":1.2,"r":2},"geometry":{"type":"MultiPolygon","coordinates":[[[[121.719732,25.12851],[121.719345,25.128594],[121.718915,25.128867],[121.718606,25.129093],[121.71845,25.129188],[121.718273,25.129253],[121.71801,25.129291],[121.71782,25.129286],[121.717819,25.129305],[121.718011,25.12931],[121.718279,25.129271],[121.71846,25.129205],[121.718618,25.129108],[121.718927,25.128882],[121.719354,25.128612],[121.719737,25.128529],[121.719732,25.12851]]]]}},{"type":"Feature","properties":{"n":"麥金路01","v":"安樂區","w":2.6,"c":2.6,"r":13},"geometry":{"type":"MultiPolygon","coordinates":[[[[121.725738,25.117578],[121.725552,25.117742],[121.725413,25.117847],[121.725082,25.117981],[121.724674,25.11816],[121.724389,25.118319],[121.723927,25.118666],[121.723946,25.118688],[121.724407,25.118342],[121.724689,25.118185],[121.725095,25.118006],[121.725429,25.117871],[121.725573,25.117763],[121.725759,25.117599],[121.725738,25.117578]]]]}},{"type":"Feature","properties":{"n":"麥金路02","v":"安樂區","w":3,"c":1.6,"r":16},"geometry":{"type":"MultiPolygon","coordinates":[[[[121.722471,25.120214],[121.722134,25.120424],[121.721904,25.120747],[121.721761,25.121105],[121.721335,25.122075],[121.721319,25.122273],[121.721421,25.122631],[121.721546,25.123022],[121.721581,25.123201],[121.721771,25.123631],[121.720855,25.124003],[121.720543,25.124101],[121.720232,25.12421],[121.720018,25.124442],[121.72004,25.124458],[121.72025,25.124232],[121.720553,25.124126],[121.720865,25.124027],[121.721808,25.123644],[121.721609,25.123194],[121.721574,25.123016],[121.721449,25.122624],[121.721348,25.122271],[121.721363,25.122081],[121.721788,25.121114],[121.72193,25.120759],[121.722155,25.120443],[121.722487,25.120236],[121.722471,25.120214]]]]}},{"type":"Feature","properties":{"n":"麥金路03","v":"安樂區","w":3,"c":2.3,"r":15},"geometry":{"type":"MultiPolygon","coordinates":[[[[121.721214,25.122418],[121.721225,25.122419],[121.721196,25.122224],[121.721227,25.122128],[121.721947,25.120481],[121.721926,25.120472],[121.721179,25.122218],[121.721214,25.122424],[121.721214,25.122418]]]]}},{"type":"Feature","properties":{"n":"麥金路04","v":"安樂區","w":3.5,"c":2.2,"r":18},"geometry":{"type":"MultiPolygon","coordinates":[[[[121.719969,25.124538],[121.719898,25.124663],[121.719791,25.124869],[121.719785,25.12495],[121.71971,25.125082],[121.719622,25.125258],[121.719554,25.1253],[121.719391,25.125636],[121.719302,25.125804],[121.719149,25.12612],[121.719131,25.126244],[121.71913,25.126443],[121.719176,25.126589],[121.71934,25.127344],[121.719406,25.127506],[121.719624,25.127952],[121.719676,25.127986],[121.719708,25.127945],[121.719668,25.12792],[121.719456,25.127488],[121.719393,25.127331],[121.719229,25.126577],[121.719185,25.126436],[121.719186,25.126248],[121.719202,25.126133],[121.719352,25.125824],[121.71944,25.125657],[121.719598,25.125333],[121.719665,25.125291],[121.719759,25.125104],[121.719839,25.124964],[121.719845,25.124882],[121.719947,25.124685],[121.720018,25.124561],[121.719969,25.124538]]]]}},{"type":"Feature","properties":{"n":"麥金路05","v":"安樂區","w":2.3,"c":0.9,"r":29},"geometry":{"type":"MultiPolygon","coordinates":[[[[121.719666,25.128164],[121.719368,25.127636],[121.719315,25.127486],[121.719208,25.127137],[121.719138,25.126775],[121.719055,25.126437],[121.719064,25.12615],[121.719094,25.126034],[121.719206,25.12578],[121.719311,25.12561],[121.719315,25.125548],[121.719466,25.125365],[121.719561,25.125104],[121.719944,25.12441],[121.719923,25.1244],[121.719539,25.125095],[121.719445,25.125355],[121.719291,25.12554],[121.719287,25.125604],[121.719184,25.125771],[121.719071,25.126028],[121.719041,25.126147],[121.719031,25.126439],[121.719115,25.126779],[121.719185,25.127141],[121.719292,25.127492],[121.719346,25.127645],[121.719645,25.128174],[121.719666,25.128164]]]]}},{"type":"Feature","properties":{"n":"麥金路06","v":"安樂區","w":2.9,"c":2,"r":4},"geometry":{"type":"MultiPolygon","coordinates":[[[[121.72019,25.129611],[121.720182,25.129273],[121.720137,25.128751],[121.720109,25.128753],[121.720154,25.129274],[121.720162,25.129612],[121.72019,25.129611]]]]}},{"type":"Feature","properties":{"n":"麥金路07","v":"安樂區","w":1.3,"c":1.3,"r":0},"geometry":{"type":"MultiPolygon","coordinates":[[[[121.719411,25.130318],[121.719189,25.130538],[121.719081,25.130692],[121.71904,25.130933],[121.719165,25.131646],[121.719325,25.13191],[121.719813,25.132502],[121.720191,25.13291],[121.720286,25.132984],[121.720829,25.133476],[121.72092,25.133611],[121.720965,25.133847],[121.720959,25.133984],[121.720963,25.134711],[121.72127,25.135014],[121.72168,25.135331],[121.721693,25.135317],[121.721284,25.135001],[121.720983,25.134704],[121.720979,25.133984],[121.720984,25.133846],[121.720939,25.133604],[121.720844,25.133465],[121.720299,25.13297],[121.720205,25.132897],[121.719829,25.132491],[121.719342,25.1319],[121.719184,25.13164],[121.71906,25.130933],[121.7191,25.130699],[121.719204,25.130549],[121.719426,25.13033],[121.719411,25.130318]]]]}},{"type":"Feature","properties":{"n":"麥金路08","v":"安樂區","w":1.3,"c":1.3,"r":0},"geometry":{"type":"MultiPolygon","coordinates":[[[[121.721468,25.135396],[121.721437,25.135287],[121.721287,25.135115],[121.721109,25.134972],[121.720906,25.134757],[121.720822,25.134567],[121.720797,25.134374],[121.720845,25.133971],[121.720895,25.133834],[121.720822,25.133568],[121.720231,25.133049],[121.719583,25.132335],[121.719319,25.132018],[121.719151,25.131756],[121.719083,25.131634],[121.718972,25.130881],[121.71899,25.130751],[121.719085,25.130566],[121.719279,25.130324],[121.719851,25.129931],[121.720032,25.129631],[121.720014,25.129623],[121.719835,25.129919],[121.719265,25.130311],[121.719068,25.130557],[121.718971,25.130745],[121.718952,25.130881],[121.719064,25.13164],[121.719133,25.131765],[121.719302,25.132028],[121.719568,25.132346],[121.720216,25.133061],[121.720804,25.133578],[121.720875,25.133833],[121.720826,25.133967],[121.720777,25.134375],[121.720803,25.134572],[121.720888,25.134767],[121.721095,25.134985],[121.721273,25.135127],[121.721418,25.135295],[121.721449,25.135401],[121.721468,25.135396]]]]}},{"type":"Feature","properties":{"n":"基金三路01","v":"安樂區","w":1.6,"c":0.9,"r":1},"geometry":{"type":"MultiPolygon","coordinates":[[[[121.694507,25.15785],[121.694457,25.158014],[121.694436,25.158142],[121.694434,25.158319],[121.694625,25.159715],[121.694632,25.159907],[121.694625,25.159995],[121.694609,25.160082],[121.694585,25.160168],[121.694553,25.160251],[121.694512,25.160332],[121.694465,25.160409],[121.69441,25.160482],[121.694348,25.16055],[121.694281,25.160613],[121.694207,25.160671],[121.694128,25.160722],[121.694044,25.160767],[121.693957,25.160805],[121.69382,25.160849],[121.692397,25.161146],[121.692053,25.161186],[121.690679,25.161325],[121.690056,25.161394],[121.689955,25.161413],[121.689856,25.161449],[121.68981,25.161473],[121.689588,25.161612],[121.689052,25.16197],[121.688288,25.162497],[121.688299,25.16251],[121.689063,25.161983],[121.689599,25.161626],[121.689819,25.161486],[121.689864,25.161463],[121.68996,25.161429],[121.690059,25.16141],[121.690681,25.161341],[121.692055,25.161202],[121.6924,25.161162],[121.693825,25.160865],[121.693964,25.16082],[121.694053,25.160781],[121.694138,25.160736],[121.694218,25.160683],[121.694293,25.160625],[121.694362,25.160561],[121.694424,25.160491],[121.69448,25.160417],[121.694528,25.160339],[121.694569,25.160257],[121.694602,25.160173],[121.694626,25.160086],[121.694642,25.159997],[121.69465,25.159908],[121.694643,25.159713],[121.694452,25.158318],[121.694454,25.158143],[121.694475,25.158018],[121.694524,25.157854],[121.694507,25.15785]]]]}},{"type":"Feature","properties":{"n":"基金三路02","v":"安樂區","w":1.6,"c":0.4,"r":2},"geometry":{"type":"MultiPolygon","coordinates":[[[[121.694327,25.157816],[121.694302,25.157868],[121.694257,25.158046],[121.694232,25.158237],[121.694237,25.158464],[121.694306,25.158931],[121.694402,25.159497],[121.694432,25.159804],[121.694433,25.159929],[121.69437,25.160147],[121.694269,25.160327],[121.694045,25.160541],[121.693885,25.160639],[121.69252,25.160965],[121.691967,25.161044],[121.690031,25.161241],[121.689881,25.161285],[121.68965,25.161387],[121.688766,25.161976],[121.688778,25.161991],[121.68966,25.161403],[121.689888,25.161302],[121.690035,25.161259],[121.69197,25.161062],[121.692524,25.160983],[121.693893,25.160656],[121.694058,25.160555],[121.694285,25.160338],[121.694388,25.160153],[121.694453,25.159931],[121.694452,25.159803],[121.694422,25.159495],[121.694325,25.158928],[121.694256,25.158463],[121.694252,25.158237],[121.694277,25.158049],[121.69432,25.157874],[121.694345,25.157823],[121.694327,25.157816]]]]}},{"type":"Feature","properties":{"n":"基金三路03","v":"安樂區","w":1.8,"c":1.1,"r":2},"geometry":{"type":"MultiPolygon","coordinates":[[[[121.69579,25.156789],[121.696053,25.156595],[121.696178,25.156399],[121.696322,25.156042],[121.696426,25.155666],[121.696525,25.155474],[121.696732,25.155041],[121.696832,25.154555],[121.697072,25.15396],[121.697253,25.15345],[121.697303,25.153332],[121.697333,25.153151],[121.697347,25.152942],[121.697312,25.15294],[121.697298,25.153148],[121.69727,25.153324],[121.69722,25.153439],[121.69704,25.153949],[121.696799,25.154547],[121.696698,25.155032],[121.696493,25.155461],[121.696393,25.155655],[121.696289,25.156033],[121.696146,25.156386],[121.696026,25.156575],[121.695768,25.156764],[121.69579,25.156789]]]]}},{"type":"Feature","properties":{"n":"基金三路04","v":"安樂區","w":1.8,"c":1.1,"r":0},"geometry":{"type":"MultiPolygon","coordinates":[[[[121.697185,25.152946],[121.697162,25.153263],[121.69688,25.154016],[121.696687,25.154502],[121.696623,25.154801],[121.696564,25.155041],[121.696525,25.155153],[121.696451,25.155259],[121.696243,25.155499],[121.696165,25.155687],[121.696131,25.155918],[121.696122,25.156062],[121.696098,25.156219],[121.696049,25.156334],[121.695999,25.156412],[121.695899,25.156525],[121.695796,25.156605],[121.695689,25.156673],[121.695699,25.156685],[121.695806,25.156617],[121.695911,25.156536],[121.696013,25.156421],[121.696064,25.156341],[121.696114,25.156223],[121.696138,25.156063],[121.696148,25.155919],[121.696181,25.155691],[121.696258,25.155507],[121.696464,25.155268],[121.69654,25.155159],[121.69658,25.155045],[121.696639,25.154804],[121.696703,25.154507],[121.696896,25.154021],[121.697179,25.153266],[121.697202,25.152947],[121.697185,25.152946]]]]}},{"type":"Feature","properties":{"n":"基金三路05","v":"安樂區","w":1.8,"c":0.9,"r":0},"geometry":{"type":"MultiPolygon","coordinates":[[[[121.699921,25.148902],[121.699579,25.149857],[121.699247,25.150727],[121.69919,25.150862],[121.699119,25.150998],[121.698913,25.15121],[121.698558,25.151438],[121.697865,25.151919],[121.697604,25.152085],[121.697416,25.152244],[121.697335,25.152419],[121.697313,25.152537],[121.69731,25.152792],[121.697328,25.152792],[121.697332,25.152539],[121.697354,25.152424],[121.697432,25.152254],[121.697616,25.152099],[121.697876,25.151933],[121.698569,25.151452],[121.698926,25.151223],[121.699135,25.151007],[121.699208,25.150869],[121.699265,25.150733],[121.699597,25.149862],[121.699939,25.148907],[121.699921,25.148902]]]]}},{"type":"Feature","properties":{"n":"基金三路06","v":"安樂區","w":1.8,"c":0.9,"r":5},"geometry":{"type":"MultiPolygon","coordinates":[[[[121.697197,25.152788],[121.697222,25.152414],[121.697256,25.152329],[121.697472,25.152039],[121.698513,25.151357],[121.698945,25.15105],[121.699046,25.150922],[121.699146,25.150689],[121.699476,25.149829],[121.69981,25.148848],[121.699794,25.148843],[121.69946,25.149824],[121.69913,25.150684],[121.699031,25.150914],[121.698933,25.151039],[121.698503,25.151345],[121.69746,25.152028],[121.697241,25.152322],[121.697205,25.152411],[121.69718,25.152787],[121.697197,25.152788]]]]}},{"type":"Feature","properties":{"n":"基金二路01","v":"安樂區","w":1.7,"c":0.9,"r":2},"geometry":{"type":"MultiPolygon","coordinates":[[[[121.701997,25.144503],[121.701863,25.144801],[121.701732,25.145076],[121.701258,25.145789],[121.701046,25.146079],[121.700906,25.146303],[121.700821,25.146478],[121.700744,25.146754],[121.700688,25.147063],[121.700618,25.147572],[121.700562,25.147848],[121.700461,25.148042],[121.700404,25.148124],[121.700139,25.148422],[121.700066,25.148524],[121.699962,25.148758],[121.699978,25.148764],[121.700081,25.148531],[121.700153,25.148431],[121.700418,25.148133],[121.700476,25.148049],[121.700578,25.147853],[121.700635,25.147574],[121.700705,25.147065],[121.700761,25.146757],[121.700837,25.146483],[121.700921,25.146309],[121.70106,25.146087],[121.701272,25.145798],[121.701747,25.145083],[121.701879,25.144807],[121.702013,25.144509],[121.701997,25.144503]]]]}},{"type":"Feature","properties":{"n":"基金二路02","v":"安樂區","w":2,"c":1,"r":0},"geometry":{"type":"MultiPolygon","coordinates":[[[[121.699835,25.148754],[121.699986,25.148461],[121.700192,25.148186],[121.70037,25.147995],[121.700431,25.147864],[121.700488,25.147676],[121.700527,25.147379],[121.700568,25.147152],[121.700604,25.146889],[121.700662,25.146556],[121.700776,25.146296],[121.700948,25.146064],[121.701172,25.145701],[121.701367,25.145422],[121.701539,25.145162],[121.701661,25.144959],[121.701751,25.144774],[121.70184,25.144608],[121.70188,25.144484],[121.701863,25.144479],[121.701824,25.144602],[121.701734,25.144767],[121.701645,25.144952],[121.701523,25.145154],[121.701351,25.145413],[121.701157,25.145693],[121.700933,25.146056],[121.70076,25.146288],[121.700645,25.146552],[121.700587,25.146887],[121.70055,25.14715],[121.700509,25.147377],[121.70047,25.147672],[121.700414,25.147859],[121.700355,25.147986],[121.700178,25.148176],[121.69997,25.148453],[121.699818,25.148747],[121.699835,25.148754]]]]}},{"type":"Feature","properties":{"n":"基金一路武崙國小01","v":"安樂區","w":0.9,"c":0.3,"r":1},"geometry":{"type":"MultiPolygon","coordinates":[[[[121.707796,25.137737],[121.708125,25.137802],[121.708127,25.137794],[121.707797,25.137729],[121.707796,25.137737]]]]}},{"type":"Feature","properties":{"n":"基金一路武崙國小02","v":"安樂區","w":0.9,"c":0.35,"r":0},"geometry":{"type":"MultiPolygon","coordinates":[[[[121.707808,25.13766],[121.707948,25.137677],[121.708104,25.13772],[121.708173,25.137731],[121.708174,25.137723],[121.708107,25.137712],[121.70795,25.137669],[121.707809,25.137651],[121.707808,25.13766]]]]}},{"type":"Feature","properties":{"n":"基金一路135巷01","v":"安樂區","w":1.25,"c":1.25,"r":1},"geometry":{"type":"MultiPolygon","coordinates":[[[[121.709644,25.141931],[121.709651,25.141929],[121.70934,25.141609],[121.709259,25.141487],[121.709187,25.141354],[121.708983,25.141045],[121.708919,25.140909],[121.708739,25.140659],[121.708586,25.140346],[121.708492,25.13987],[121.708481,25.139865],[121.708578,25.140346],[121.708669,25.140521],[121.708739,25.140676],[121.708908,25.140909],[121.708935,25.14097],[121.708986,25.141065],[121.709082,25.141218],[121.709197,25.141383],[121.709265,25.141514],[121.709324,25.141611],[121.709532,25.141832],[121.709644,25.141931]]]]}},{"type":"Feature","properties":{"n":"基金一路135巷02","v":"安樂區","w":1.5,"c":1.5,"r":0},"geometry":{"type":"MultiPolygon","coordinates":[[[[121.709715,25.141829],[121.709437,25.141592],[121.709301,25.141392],[121.709293,25.141396],[121.70943,25.141598],[121.709708,25.141835],[121.709715,25.141829]]]]}},{"type":"Feature","properties":{"n":"基金一路129巷03","v":"安樂區","w":1.6,"c":1.6,"r":0},"geometry":{"type":"MultiPolygon","coordinates":[[[[121.712695,25.139947],[121.71258,25.139508],[121.712564,25.139511],[121.712679,25.13995],[121.712695,25.139947]]]]}},{"type":"Feature","properties":{"n":"基金一路129巷04","v":"安樂區","w":1.6,"c":1.6,"r":0},"geometry":{"type":"MultiPolygon","coordinates":[[[[121.712862,25.139941],[121.712735,25.139462],[121.71272,25.139466],[121.712846,25.139944],[121.712862,25.139941]]]]}},{"type":"Feature","properties":{"n":"基金一路208巷01","v":"安樂區","w":4,"c":2,"r":12},"geometry":{"type":"MultiPolygon","coordinates":[[[[121.705969,25.157003],[121.706101,25.156705],[121.706621,25.155781],[121.707262,25.155114],[121.707636,25.1544],[121.707846,25.153534],[121.708069,25.15295],[121.708078,25.152745],[121.707992,25.152354],[121.707984,25.151933],[121.708076,25.151484],[121.708262,25.150991],[121.708275,25.150456],[121.708367,25.150068],[121.708179,25.149336],[121.708152,25.14935],[121.708338,25.150066],[121.708232,25.150511],[121.708229,25.150989],[121.708039,25.151474],[121.707947,25.151948],[121.707955,25.152378],[121.708047,25.152755],[121.708021,25.152951],[121.707804,25.153549],[121.707594,25.1544],[121.707231,25.155095],[121.706584,25.155766],[121.705919,25.156993],[121.705969,25.157003]]]]}},{"type":"Feature","properties":{"n":"基金一路208巷02","v":"安樂區","w":5,"c":3,"r":2},"geometry":{"type":"MultiPolygon","coordinates":[[[[121.710034,25.142052],[121.710033,25.142136],[121.710056,25.142232],[121.71016,25.142396],[121.710218,25.14251],[121.710246,25.142631],[121.710237,25.143108],[121.710224,25.143361],[121.710259,25.143803],[121.710251,25.14392],[121.710137,25.144091],[121.710066,25.144163],[121.709901,25.144349],[121.70982,25.144467],[121.709361,25.145347],[121.709316,25.145465],[121.709256,25.145705],[121.709228,25.145851],[121.70926,25.145856],[121.709287,25.145711],[121.709347,25.145473],[121.709391,25.145358],[121.709848,25.14448],[121.709927,25.144365],[121.710091,25.144182],[121.710163,25.144108],[121.710282,25.143929],[121.71029,25.143803],[121.710255,25.14336],[121.710268,25.143109],[121.710278,25.142628],[121.710248,25.142501],[121.710189,25.142383],[121.710086,25.142221],[121.710065,25.142133],[121.710065,25.142052],[121.710034,25.142052]]]]}},{"type":"Feature","properties":{"n":"基金一路03","v":"安樂區","w":2,"c":0.65,"r":1},"geometry":{"type":"MultiPolygon","coordinates":[[[[121.709498,25.142168],[121.709334,25.142216],[121.709213,25.142241],[121.709088,25.142246],[121.708966,25.142232],[121.708679,25.142164],[121.708012,25.141939],[121.707748,25.141869],[121.707582,25.14186],[121.707345,25.141871],[121.707023,25.141941],[121.706908,25.141956],[121.706784,25.141961],[121.70663,25.141959],[121.705557,25.141774],[121.705447,25.141766],[121.705053,25.141807],[121.704175,25.141936],[121.704178,25.141952],[121.705055,25.141824],[121.705448,25.141782],[121.705554,25.14179],[121.706628,25.141975],[121.706785,25.141978],[121.706909,25.141973],[121.707026,25.141957],[121.707347,25.141887],[121.707582,25.141876],[121.707744,25.141885],[121.708006,25.141954],[121.708673,25.142179],[121.708962,25.142248],[121.709087,25.142263],[121.709215,25.142257],[121.709339,25.142232],[121.709503,25.142184],[121.709498,25.142168]]]]}},{"type":"Feature","properties":{"n":"基金一路04","v":"安樂區","w":1,"c":0.35,"r":0},"geometry":{"type":"MultiPolygon","coordinates":[[[[121.709624,25.141926],[121.709411,25.142049],[121.709329,25.142087],[121.709242,25.142111],[121.709196,25.142118],[121.709105,25.142121],[121.709014,25.14211],[121.70897,25.142099],[121.707972,25.14177],[121.707653,25.141718],[121.707535,25.141711],[121.707356,25.141721],[121.707223,25.141738],[121.706904,25.141812],[121.706762,25.141824],[121.706621,25.141812],[121.705902,25.141679],[121.705693,25.141652],[121.705483,25.141616],[121.705351,25.14162],[121.704002,25.141809],[121.704005,25.141827],[121.705353,25.141638],[121.705481,25.141634],[121.70569,25.14167],[121.705899,25.141697],[121.706618,25.14183],[121.706762,25.141843],[121.706908,25.14183],[121.707227,25.141755],[121.707358,25.141739],[121.707535,25.141729],[121.707651,25.141736],[121.707967,25.141787],[121.708964,25.142116],[121.709057,25.142135],[121.709104,25.142139],[121.709199,25.142136],[121.709246,25.142129],[121.709336,25.142103],[121.709421,25.142064],[121.709635,25.141942],[121.709624,25.141926]]]]}},{"type":"Feature","properties":{"n":"基金一路05","v":"安樂區","w":1.9,"c":0.95,"r":6},"geometry":{"type":"MultiPolygon","coordinates":[[[[121.711194,25.140696],[121.711434,25.140588],[121.712299,25.140291],[121.712694,25.140169],[121.712789,25.140157],[121.712937,25.140155],[121.713099,25.140179],[121.713476,25.140312],[121.713568,25.140336],[121.713616,25.140342],[121.713712,25.140343],[121.713866,25.140328],[121.714023,25.140285],[121.714246,25.140154],[121.714426,25.140042],[121.714566,25.139983],[121.71555,25.139737],[121.715642,25.139703],[121.715729,25.139662],[121.715813,25.139615],[121.715992,25.139486],[121.716088,25.139436],[121.716657,25.139206],[121.717323,25.138971],[121.717395,25.138952],[121.71739,25.138936],[121.717318,25.138955],[121.716651,25.139191],[121.71608,25.139422],[121.715982,25.139472],[121.715803,25.139602],[121.71572,25.139648],[121.715634,25.139688],[121.715544,25.139722],[121.71456,25.139968],[121.714417,25.140028],[121.714236,25.140141],[121.714015,25.14027],[121.713863,25.140312],[121.71371,25.140327],[121.713617,25.140326],[121.713526,25.14031],[121.713482,25.140297],[121.713103,25.140164],[121.712938,25.140139],[121.712788,25.140141],[121.71269,25.140153],[121.712293,25.140276],[121.711427,25.140573],[121.711186,25.140682],[121.711194,25.140696]]]]}},{"type":"Feature","properties":{"n":"基金一路06","v":"安樂區","w":1.9,"c":0.7,"r":0},"geometry":{"type":"MultiPolygon","coordinates":[[[[121.717813,25.138718],[121.717338,25.138795],[121.716978,25.138918],[121.716343,25.139154],[121.716067,25.139271],[121.715682,25.139448],[121.715417,25.139555],[121.714387,25.139877],[121.714135,25.140022],[121.713999,25.140112],[121.713844,25.14016],[121.713761,25.140173],[121.713173,25.139998],[121.712946,25.139984],[121.712634,25.140015],[121.711067,25.140494],[121.711073,25.140509],[121.712638,25.140031],[121.712947,25.14],[121.71317,25.140014],[121.713759,25.14019],[121.713848,25.140176],[121.714007,25.140126],[121.714145,25.140036],[121.714395,25.139892],[121.715423,25.13957],[121.715689,25.139463],[121.716075,25.139286],[121.71635,25.139169],[121.716985,25.138933],[121.717343,25.138811],[121.717816,25.138734],[121.717813,25.138718]]]]}},{"type":"Feature","properties":{"n":"基金一路07","v":"安樂區","w":1.4,"c":0.7,"r":7},"geometry":{"type":"MultiPolygon","coordinates":[[[[121.725588,25.134639],[121.725476,25.134787],[121.72527,25.134993],[121.72503,25.135212],[121.724815,25.135367],[121.724307,25.135716],[121.723954,25.135979],[121.723709,25.136219],[121.72345,25.136444],[121.723361,25.136499],[121.723263,25.136539],[121.723159,25.136563],[121.723105,25.136568],[121.723051,25.13657],[121.722944,25.136559],[121.722892,25.136548],[121.722791,25.136513],[121.722744,25.13649],[121.722657,25.136432],[121.722582,25.136362],[121.722522,25.136281],[121.722478,25.136192],[121.72246,25.136135],[121.722275,25.135812],[121.722201,25.135723],[121.722191,25.13573],[121.722264,25.135819],[121.722448,25.136139],[121.722466,25.136196],[121.72251,25.136287],[121.722572,25.13637],[121.722648,25.136441],[121.722692,25.136472],[121.722786,25.136524],[121.722888,25.136559],[121.722942,25.136571],[121.722996,25.136578],[121.723106,25.13658],[121.723214,25.136564],[121.723267,25.13655],[121.723367,25.136509],[121.723458,25.136453],[121.723718,25.136227],[121.723963,25.135987],[121.724315,25.135725],[121.724823,25.135376],[121.725039,25.13522],[121.725279,25.135001],[121.725487,25.134795],[121.725599,25.134645],[121.725588,25.134639]]]]}},{"type":"Feature","properties":{"n":"基金一路08","v":"安樂區","w":1.4,"c":0.95,"r":14},"geometry":{"type":"MultiPolygon","coordinates":[[[[121.722328,25.135651],[121.722408,25.135764],[121.722609,25.136126],[121.722651,25.136213],[121.72269,25.13627],[121.722729,25.136309],[121.722798,25.13635],[121.722869,25.136377],[121.722973,25.136395],[121.723138,25.136395],[121.723244,25.136384],[121.723335,25.136355],[121.72339,25.136329],[121.723485,25.136255],[121.723893,25.135866],[121.724032,25.135763],[121.724963,25.135105],[121.725187,25.134898],[121.725411,25.134672],[121.72546,25.134606],[121.72545,25.134599],[121.725401,25.134664],[121.725178,25.13489],[121.724954,25.135096],[121.724024,25.135754],[121.723885,25.135857],[121.723476,25.136247],[121.723383,25.136319],[121.72333,25.136345],[121.723241,25.136373],[121.723137,25.136383],[121.722974,25.136383],[121.722873,25.136365],[121.722804,25.136339],[121.722737,25.1363],[121.7227,25.136263],[121.722662,25.136208],[121.72262,25.136121],[121.72242,25.135758],[121.722339,25.135644],[121.722328,25.135651]]]]}},{"type":"Feature","properties":{"n":"安一路01","v":"安樂區","w":1.2,"c":0.4,"r":1},"geometry":{"type":"MultiPolygon","coordinates":[[[[121.728543,25.13434],[121.72831,25.134347],[121.728129,25.134328],[121.728001,25.134307],[121.727871,25.134272],[121.727583,25.134147],[121.726935,25.13384],[121.726572,25.133673],[121.726477,25.133643],[121.726427,25.133633],[121.726326,25.133626],[121.726275,25.133629],[121.726225,25.133636],[121.726127,25.13366],[121.726036,25.1337],[121.725994,25.133726],[121.725917,25.133786],[121.72582,25.133877],[121.725763,25.133957],[121.725725,25.134063],[121.725654,25.134448],[121.725581,25.134625],[121.725593,25.134629],[121.725667,25.134451],[121.725738,25.134066],[121.725775,25.133962],[121.72583,25.133885],[121.725926,25.133794],[121.726001,25.133735],[121.726043,25.133711],[121.726132,25.133671],[121.726227,25.133647],[121.726276,25.133641],[121.726376,25.13364],[121.726425,25.133645],[121.726521,25.133667],[121.726567,25.133684],[121.726929,25.13385],[121.727577,25.134158],[121.727866,25.134283],[121.727998,25.134319],[121.728127,25.134339],[121.72831,25.134359],[121.728544,25.134351],[121.728543,25.13434]]]]}},{"type":"Feature","properties":{"n":"安一路02","v":"安樂區","w":1.3,"c":0.8,"r":0},"geometry":{"type":"MultiPolygon","coordinates":[[[[121.725472,25.134594],[121.725503,25.134539],[121.725543,25.134435],[121.725576,25.134251],[121.725589,25.134133],[121.725624,25.133948],[121.725638,25.133921],[121.725716,25.133818],[121.725807,25.133729],[121.725893,25.133659],[121.725941,25.133629],[121.726044,25.133581],[121.726155,25.133551],[121.726212,25.133542],[121.726328,25.133539],[121.72645,25.133546],[121.726574,25.133568],[121.726647,25.133595],[121.727871,25.134163],[121.728025,25.134204],[121.728139,25.134226],[121.728303,25.134242],[121.728425,25.134244],[121.728528,25.13424],[121.728528,25.134229],[121.728425,25.134233],[121.728304,25.13423],[121.728141,25.134214],[121.728028,25.134193],[121.727875,25.134152],[121.726653,25.133584],[121.726577,25.133556],[121.726452,25.133535],[121.726328,25.133527],[121.726211,25.133531],[121.726152,25.133539],[121.72604,25.13357],[121.725986,25.133592],[121.725886,25.133649],[121.725798,25.133721],[121.725705,25.13381],[121.725627,25.133915],[121.725611,25.133944],[121.725576,25.134132],[121.725563,25.13425],[121.725531,25.134432],[121.725491,25.134534],[121.72546,25.134589],[121.725472,25.134594]]]]}},{"type":"Feature","properties":{"n":"安一路03","v":"安樂區","w":1.25,"c":0.5,"r":0},"geometry":{"type":"MultiPolygon","coordinates":[[[[121.730216,25.134174],[121.730192,25.13422],[121.730169,25.134246],[121.730142,25.134268],[121.730082,25.1343],[121.729995,25.134324],[121.72994,25.134328],[121.728675,25.134337],[121.728675,25.134347],[121.729965,25.134337],[121.730057,25.134319],[121.730141,25.134281],[121.73019,25.134239],[121.730211,25.13421],[121.730226,25.134178],[121.730216,25.134174]]]]}},{"type":"Feature","properties":{"n":"安一路04","v":"安樂區","w":1.25,"c":0.8,"r":2},"geometry":{"type":"MultiPolygon","coordinates":[[[[121.7301,25.134047],[121.730099,25.134101],[121.730084,25.13414],[121.730068,25.134163],[121.730031,25.134195],[121.729975,25.134215],[121.728673,25.134223],[121.728673,25.134233],[121.729976,25.134225],[121.730002,25.134219],[121.730037,25.134203],[121.730077,25.134169],[121.730105,25.134117],[121.730112,25.134089],[121.730111,25.134046],[121.7301,25.134047]]]]}},{"type":"Feature","properties":{"n":"安一路05","v":"安樂區","w":1.2,"c":0.85,"r":0},"geometry":{"type":"MultiPolygon","coordinates":[[[[121.729497,25.132112],[121.729131,25.132195],[121.728563,25.132352],[121.727933,25.132516],[121.727859,25.132541],[121.727824,25.132559],[121.727758,25.132602],[121.727701,25.132655],[121.727655,25.132716],[121.727621,25.132783],[121.727584,25.132909],[121.727577,25.133026],[121.727597,25.133109],[121.727637,25.133183],[121.72787,25.133391],[121.728142,25.133611],[121.728193,25.133642],[121.728346,25.133708],[121.728496,25.13374],[121.729158,25.133809],[121.729357,25.133821],[121.729474,25.133817],[121.729553,25.133809],[121.729873,25.133762],[121.729915,25.13376],[121.729956,25.133768],[121.730073,25.133813],[121.730204,25.13389],[121.73021,25.133881],[121.730078,25.133805],[121.72996,25.133759],[121.729916,25.13375],[121.729871,25.133752],[121.729552,25.133799],[121.729473,25.133807],[121.729357,25.133811],[121.729159,25.133799],[121.728498,25.13373],[121.728349,25.133699],[121.728199,25.133633],[121.728149,25.133604],[121.727877,25.133384],[121.727646,25.133177],[121.727607,25.133106],[121.727588,25.133025],[121.727595,25.132911],[121.727632,25.132787],[121.727664,25.132721],[121.727709,25.132661],[121.727765,25.13261],[121.727829,25.132567],[121.727864,25.13255],[121.727936,25.132525],[121.728566,25.132361],[121.729134,25.132204],[121.7295,25.132121],[121.729497,25.132112]]]]}},{"type":"Feature","properties":{"n":"安一路06","v":"安樂區","w":1.4,"c":0.6,"r":0},"geometry":{"type":"MultiPolygon","coordinates":[[[[121.729746,25.132033],[121.729676,25.132014],[121.729534,25.132002],[121.729379,25.132018],[121.727908,25.132404],[121.727821,25.132436],[121.72778,25.132456],[121.727705,25.132507],[121.727591,25.132614],[121.727539,25.13269],[121.727486,25.132796],[121.727465,25.132879],[121.72745,25.133022],[121.727461,25.133114],[121.727483,25.133171],[121.727515,25.133225],[121.727557,25.133273],[121.727936,25.133597],[121.728052,25.133688],[121.728109,25.133727],[121.728314,25.133818],[121.728465,25.133851],[121.729056,25.133915],[121.729315,25.133931],[121.729462,25.133928],[121.729648,25.133909],[121.729809,25.133883],[121.729927,25.133874],[121.729971,25.133882],[121.730012,25.1339],[121.730046,25.133927],[121.730064,25.133949],[121.73007,25.133945],[121.730062,25.133934],[121.730016,25.133894],[121.729974,25.133875],[121.729928,25.133867],[121.729808,25.133876],[121.729646,25.133902],[121.729461,25.13392],[121.729315,25.133923],[121.729057,25.133908],[121.728466,25.133843],[121.728317,25.133811],[121.728113,25.133721],[121.728057,25.133683],[121.727941,25.133591],[121.727541,25.133245],[121.72749,25.133169],[121.727462,25.133082],[121.727458,25.133023],[121.727473,25.13288],[121.727494,25.132798],[121.727546,25.132693],[121.727598,25.132618],[121.727676,25.132542],[121.727746,25.132486],[121.727825,25.132442],[121.727911,25.132411],[121.729381,25.132025],[121.729534,25.132009],[121.729675,25.132021],[121.729744,25.13204],[121.729746,25.132033]]]]}},{"type":"Feature","properties":{"n":"安一路07","v":"安樂區","w":1.4,"c":1.2,"r":4},"geometry":{"type":"MultiPolygon","coordinates":[[[[121.734863,25.131819],[121.733259,25.132268],[121.732706,25.132413],[121.73168,25.132634],[121.731026,25.13278],[121.730936,25.132795],[121.730838,25.132794],[121.730759,25.132786],[121.73062,25.132743],[121.730469,25.132688],[121.73039,25.132638],[121.729875,25.132208],[121.729866,25.132217],[121.730381,25.132648],[121.730463,25.132699],[121.730615,25.132755],[121.730756,25.132799],[121.730837,25.132807],[121.730937,25.132807],[121.731029,25.132792],[121.731683,25.132646],[121.732709,25.132425],[121.733263,25.132281],[121.734867,25.131831],[121.734863,25.131819]]]]}},{"type":"Feature","properties":{"n":"安一路08","v":"安樂區","w":1,"c":0.8,"r":0},"geometry":{"type":"MultiPolygon","coordinates":[[[[121.734687,25.131751],[121.733463,25.132094],[121.732714,25.132295],[121.730985,25.132676],[121.730909,25.132687],[121.730832,25.132685],[121.730756,25.132671],[121.730537,25.132595],[121.730462,25.132548],[121.730348,25.132458],[121.730044,25.132189],[121.72994,25.132116],[121.729934,25.132123],[121.730038,25.132196],[121.730342,25.132464],[121.730456,25.132555],[121.730533,25.132603],[121.730754,25.13268],[121.730831,25.132694],[121.730909,25.132696],[121.730987,25.132685],[121.732716,25.132304],[121.733466,25.132103],[121.73469,25.13176],[121.734687,25.131751]]]]}},{"type":"Feature","properties":{"n":"教孝街01","v":"信義區","w":1.5,"c":1.5,"r":0},"geometry":{"type":"MultiPolygon","coordinates":[[[[121.773969,25.13646],[121.773964,25.136465],[121.774428,25.137229],[121.774433,25.137224],[121.773969,25.13646]]]]}},{"type":"Feature","properties":{"n":"教孝街02","v":"信義區","w":1.2,"c":1.5,"r":4},"geometry":{"type":"MultiPolygon","coordinates":[[[[121.774679,25.137524],[121.77676,25.137059],[121.776755,25.13705],[121.774678,25.137517],[121.774679,25.137524]]]]}},{"type":"Feature","properties":{"n":"深美街01","v":"信義區","w":2,"c":1.5,"r":2},"geometry":{"type":"MultiPolygon","coordinates":[[[[121.777014,25.137029],[121.777861,25.136926],[121.778645,25.136755],[121.778786,25.13674],[121.778784,25.136735],[121.778642,25.136748],[121.777853,25.136919],[121.777014,25.137021],[121.777014,25.137029]]]]}},{"type":"Feature","properties":{"n":"教忠街01","v":"信義區","w":2,"c":1.5,"r":2},"geometry":{"type":"MultiPolygon","coordinates":[[[[121.778786,25.136742],[121.779535,25.138171],[121.779626,25.138474],[121.779634,25.138474],[121.779545,25.138168],[121.778794,25.136734],[121.778786,25.136742]]]]}},{"type":"Feature","properties":{"n":"教忠街85巷02","v":"信義區","w":2,"c":1.2,"r":2},"geometry":{"type":"MultiPolygon","coordinates":[[[[121.779626,25.138474],[121.777452,25.138848],[121.777453,25.138856],[121.779629,25.138483],[121.779626,25.138474]]]]}},{"type":"Feature","properties":{"n":"深美街200巷01","v":"信義區","w":2,"c":1.2,"r":2},"geometry":{"type":"MultiPolygon","coordinates":[[[[121.777452,25.138847],[121.777418,25.13883],[121.777021,25.137031],[121.777013,25.137031],[121.777415,25.138833],[121.777455,25.138854],[121.777452,25.138847]]]]}},{"type":"Feature","properties":{"n":"義四路01","v":"信義區","w":4.3,"c":2.4,"r":0},"geometry":{"type":"MultiPolygon","coordinates":[[[[121.747902,25.128932],[121.748244,25.129702],[121.748284,25.129688],[121.747941,25.128918],[121.747902,25.128932]]]]}},{"type":"Feature","properties":{"n":"壽山路01","v":"信義區","w":4.1,"c":2.8,"r":13},"geometry":{"type":"MultiPolygon","coordinates":[[[[121.76025,25.13244],[121.759758,25.132453],[121.758736,25.132469],[121.758656,25.132479],[121.758529,25.132512],[121.758469,25.132536],[121.758356,25.132597],[121.758282,25.132658],[121.758235,25.132716],[121.758217,25.132747],[121.758188,25.132813],[121.758173,25.132883],[121.758171,25.132954],[121.758183,25.133139],[121.758256,25.133812],[121.758246,25.133867],[121.758221,25.133918],[121.758183,25.133961],[121.758151,25.133985],[121.758114,25.134003],[121.758055,25.134018],[121.757994,25.134019],[121.757649,25.13398],[121.757564,25.133986],[121.757509,25.134001],[121.75741,25.134043],[121.757373,25.134066],[121.757226,25.13423],[121.75721,25.134273],[121.757183,25.134309],[121.757133,25.134344],[121.757072,25.134363],[121.757024,25.134363],[121.756963,25.134346],[121.756676,25.134214],[121.756316,25.13402],[121.756185,25.133973],[121.756071,25.133954],[121.755769,25.133992],[121.755649,25.133975],[121.755402,25.133898],[121.755151,25.13383],[121.754938,25.1338],[121.754483,25.133878],[121.754202,25.133891],[121.753991,25.133832],[121.753589,25.133704],[121.753334,25.133669],[121.753075,25.133683],[121.752769,25.133684],[121.752489,25.133664],[121.752256,25.133628],[121.752174,25.133577],[121.752046,25.133469],[121.751998,25.133377],[121.751982,25.133384],[121.752031,25.133479],[121.752163,25.133589],[121.752249,25.133643],[121.752487,25.13368],[121.752768,25.1337],[121.753076,25.133699],[121.753333,25.133686],[121.753584,25.13372],[121.753986,25.133847],[121.7542,25.133908],[121.754485,25.133894],[121.754938,25.133817],[121.755147,25.133846],[121.755397,25.133913],[121.755644,25.133991],[121.755769,25.134008],[121.75607,25.133971],[121.75618,25.133988],[121.756308,25.134035],[121.756667,25.134228],[121.756956,25.134361],[121.757022,25.134379],[121.757075,25.134379],[121.757141,25.134359],[121.757196,25.13432],[121.757226,25.13428],[121.757243,25.134237],[121.757384,25.134078],[121.757418,25.134058],[121.757516,25.134016],[121.757594,25.133998],[121.757648,25.133996],[121.757992,25.134035],[121.758058,25.134034],[121.758122,25.134018],[121.75816,25.133998],[121.75821,25.133959],[121.758237,25.133926],[121.758263,25.133871],[121.758274,25.133811],[121.758201,25.133137],[121.758188,25.132953],[121.75819,25.132885],[121.758205,25.132818],[121.758217,25.132785],[121.758251,25.132724],[121.758295,25.132669],[121.758366,25.132611],[121.75842,25.132578],[121.758536,25.132527],[121.75866,25.132495],[121.758737,25.132485],[121.759758,25.13247],[121.76025,25.132457],[121.76025,25.13244]]]]}},{"type":"Feature","properties":{"n":"壽山路02","v":"信義區","w":1.5,"c":1.5,"r":1},"geometry":{"type":"MultiPolygon","coordinates":[[[[121.751974,25.133561],[121.75203,25.133616],[121.752193,25.13372],[121.752318,25.133749],[121.752703,25.133796],[121.753422,25.133786],[121.7536,25.133821],[121.754079,25.133975],[121.754162,25.133994],[121.754223,25.134002],[121.754285,25.134005],[121.754408,25.133997],[121.75482,25.133935],[121.754907,25.133917],[121.754995,25.133913],[121.755082,25.133923],[121.755125,25.133933],[121.755561,25.134065],[121.755677,25.134089],[121.755795,25.134095],[121.756004,25.134072],[121.756049,25.134073],[121.75614,25.134084],[121.756227,25.13411],[121.756268,25.134128],[121.756831,25.134426],[121.756994,25.134466],[121.757157,25.134446],[121.757278,25.134371],[121.757396,25.134195],[121.757511,25.134111],[121.757643,25.134086],[121.758029,25.134136],[121.758092,25.134162],[121.758133,25.134169],[121.758175,25.13417],[121.758216,25.134164],[121.758274,25.134143],[121.758324,25.134109],[121.758351,25.13408],[121.758373,25.134047],[121.758387,25.134012],[121.7584,25.133931],[121.758287,25.132973],[121.758286,25.132911],[121.758306,25.132821],[121.758351,25.132738],[121.758418,25.132669],[121.758472,25.132633],[121.758565,25.132595],[121.758665,25.132581],[121.760258,25.132552],[121.760258,25.132539],[121.758665,25.132568],[121.758561,25.132582],[121.758464,25.132621],[121.758408,25.132659],[121.758338,25.132731],[121.758304,25.132787],[121.758292,25.132817],[121.758275,25.132879],[121.758271,25.132911],[121.758273,25.132974],[121.758385,25.133931],[121.758373,25.134008],[121.758359,25.134041],[121.758339,25.134072],[121.758314,25.134099],[121.758267,25.134131],[121.758231,25.134146],[121.758174,25.134156],[121.758134,25.134156],[121.758096,25.134149],[121.758034,25.134123],[121.757642,25.134072],[121.757505,25.134099],[121.757384,25.134186],[121.757267,25.134361],[121.757151,25.134433],[121.756995,25.134452],[121.756836,25.134413],[121.756275,25.134116],[121.756188,25.134083],[121.756143,25.134071],[121.75605,25.134059],[121.756003,25.134059],[121.755795,25.134082],[121.755679,25.134076],[121.755566,25.134052],[121.75513,25.13392],[121.755041,25.133903],[121.754995,25.1339],[121.754905,25.133904],[121.754817,25.133922],[121.754406,25.133983],[121.754346,25.13399],[121.754225,25.133989],[121.754165,25.133981],[121.754084,25.133962],[121.753604,25.133808],[121.753424,25.133773],[121.752704,25.133783],[121.752321,25.133736],[121.752199,25.133707],[121.75204,25.133606],[121.751985,25.133552],[121.751974,25.133561]]]]}},{"type":"Feature","properties":{"n":"孝東路01","v":"信義區","w":1.2,"c":0.8,"r":0},"geometry":{"type":"MultiPolygon","coordinates":[[[[121.772753,25.128975],[121.773153,25.128665],[121.773374,25.128469],[121.773547,25.12829],[121.773877,25.127962],[121.773993,25.127891],[121.774141,25.127849],[121.774357,25.127813],[121.774466,25.127824],[121.774635,25.127882],[121.77507,25.128067],[121.775264,25.128143],[121.775434,25.128149],[121.776357,25.128095],[121.777117,25.127897],[121.777279,25.127859],[121.777491,25.12787],[121.778267,25.127935],[121.77838,25.128007],[121.778549,25.128172],[121.778799,25.128386],[121.778876,25.128404],[121.778961,25.128407],[121.780152,25.128302],[121.780151,25.128291],[121.778961,25.128396],[121.778877,25.128393],[121.778805,25.128377],[121.778557,25.128164],[121.778388,25.127998],[121.778272,25.127925],[121.777492,25.127859],[121.777277,25.127848],[121.777114,25.127886],[121.776355,25.128084],[121.775434,25.128138],[121.775267,25.128133],[121.775075,25.128057],[121.77464,25.127872],[121.774468,25.127813],[121.774356,25.127802],[121.774139,25.127839],[121.773988,25.127881],[121.77387,25.127954],[121.773538,25.128282],[121.773366,25.128462],[121.773145,25.128657],[121.772745,25.128967],[121.772753,25.128975]]]]}},{"type":"Feature","properties":{"n":"孝東路02","v":"信義區","w":1.3,"c":0.9,"r":0},"geometry":{"type":"MultiPolygon","coordinates":[[[[121.778776,25.128537],[121.778658,25.128486],[121.778554,25.12841],[121.778396,25.128243],[121.778214,25.128096],[121.777991,25.128065],[121.777673,25.128039],[121.777285,25.128017],[121.776375,25.128252],[121.775287,25.128307],[121.774822,25.128138],[121.774457,25.127974],[121.774337,25.12797],[121.774077,25.128031],[121.773967,25.128102],[121.773622,25.128457],[121.773347,25.128725],[121.772919,25.129051],[121.772927,25.12906],[121.773356,25.128734],[121.773631,25.128465],[121.773976,25.128111],[121.774083,25.128042],[121.774338,25.127982],[121.774453,25.127986],[121.774817,25.128149],[121.775285,25.128319],[121.776377,25.128264],[121.777286,25.128029],[121.777672,25.128051],[121.77799,25.128077],[121.778209,25.128107],[121.778387,25.128251],[121.778545,25.128419],[121.778651,25.128496],[121.77877,25.128548],[121.778776,25.128537]]]]}},{"type":"Feature","properties":{"n":"培德路01","v":"信義區","w":1.3,"c":0.3,"r":0},"geometry":{"type":"MultiPolygon","coordinates":[[[[121.769626,25.128843],[121.769745,25.128926],[121.769869,25.128958],[121.770053,25.128969],[121.770259,25.128958],[121.77036,25.129002],[121.770438,25.129066],[121.770496,25.129136],[121.770572,25.129216],[121.770718,25.129321],[121.770939,25.129385],[121.771254,25.129395],[121.771781,25.12944],[121.772022,25.129466],[121.772163,25.12946],[121.772349,25.129392],[121.772647,25.12925],[121.772701,25.129229],[121.772696,25.129218],[121.772642,25.129239],[121.772344,25.129382],[121.772161,25.129448],[121.772022,25.129454],[121.771783,25.129428],[121.771255,25.129383],[121.770942,25.129373],[121.770724,25.12931],[121.770581,25.129208],[121.770506,25.129129],[121.770447,25.129058],[121.770367,25.128992],[121.770262,25.128946],[121.770053,25.128957],[121.769871,25.128946],[121.769751,25.128915],[121.769634,25.128833],[121.769626,25.128843]]]]}},{"type":"Feature","properties":{"n":"信二路01","v":"信義區","w":3.5,"c":1.3,"r":0},"geometry":{"type":"MultiPolygon","coordinates":[[[[121.753798,25.129261],[121.753042,25.129334],[121.753045,25.129366],[121.753802,25.129292],[121.753798,25.129261]]]]}},{"type":"Feature","properties":{"n":"信二路02","v":"信義區","w":3.6,"c":1.1,"r":0},"geometry":{"type":"MultiPolygon","coordinates":[[[[121.751885,25.129446],[121.751205,25.1295],[121.751208,25.129532],[121.751888,25.129478],[121.751885,25.129446]]]]}},{"type":"Feature","properties":{"n":"信二路03","v":"信義區","w":2.8,"c":1.2,"r":0},"geometry":{"type":"MultiPolygon","coordinates":[[[[121.750038,25.129746],[121.749365,25.129817],[121.749368,25.129842],[121.750041,25.129771],[121.750038,25.129746]]]]}},{"type":"Feature","properties":{"n":"信二路04","v":"信義區","w":3,"c":1.2,"r":0},"geometry":{"type":"MultiPolygon","coordinates":[[[[121.749289,25.129817],[121.748911,25.129848],[121.748346,25.130074],[121.748358,25.130099],[121.748919,25.129875],[121.749292,25.129844],[121.749289,25.129817]]]]}},{"type":"Feature","properties":{"n":"信二路05","v":"信義區","w":3.7,"c":1.9,"r":0},"geometry":{"type":"MultiPolygon","coordinates":[[[[121.748733,25.129786],[121.748393,25.129914],[121.748407,25.129945],[121.748747,25.129817],[121.748733,25.129786]]]]}},{"type":"Feature","properties":{"n":"信二路06","v":"信義區","w":3.7,"c":1.9,"r":0},"geometry":{"type":"MultiPolygon","coordinates":[[[[121.748287,25.130086],[121.747431,25.130414],[121.746979,25.130639],[121.746996,25.130668],[121.747447,25.130444],[121.748301,25.130117],[121.748287,25.130086]]]]}},{"type":"Feature","properties":{"n":"信一路01","v":"信義區","w":6,"c":2.3,"r":0},"geometry":{"type":"MultiPolygon","coordinates":[[[[121.756189,25.128549],[121.757777,25.128558],[121.757777,25.128504],[121.756189,25.128495],[121.756189,25.128549]]]]}},{"type":"Feature","properties":{"n":"信一路02","v":"信義區","w":2.6,"c":2,"r":0},"geometry":{"type":"MultiPolygon","coordinates":[[[[121.757776,25.128337],[121.756229,25.128333],[121.756229,25.128356],[121.757776,25.128361],[121.757776,25.128337]]]]}},{"type":"Feature","properties":{"n":"信一路03","v":"信義區","w":6,"c":2.3,"r":0},"geometry":{"type":"MultiPolygon","coordinates":[[[[121.754489,25.128431],[121.755983,25.128558],[121.755988,25.128504],[121.754495,25.128377],[121.754489,25.128431]]]]}},{"type":"Feature","properties":{"n":"信一路04","v":"信義區","w":2.5,"c":1.9,"r":0},"geometry":{"type":"MultiPolygon","coordinates":[[[[121.754527,25.128254],[121.756037,25.128373],[121.756039,25.128351],[121.754529,25.128232],[121.754527,25.128254]]]]}},{"type":"Feature","properties":{"n":"信一路05","v":"信義區","w":6,"c":2.3,"r":0},"geometry":{"type":"MultiPolygon","coordinates":[[[[121.754345,25.128335],[121.753645,25.128332],[121.753249,25.128353],[121.752765,25.128409],[121.752773,25.128463],[121.753254,25.128407],[121.753647,25.128386],[121.754345,25.128389],[121.754345,25.128335]]]]}},{"type":"Feature","properties":{"n":"信一路06","v":"信義區","w":2.5,"c":1.9,"r":0},"geometry":{"type":"MultiPolygon","coordinates":[[[[121.752785,25.128286],[121.753423,25.12822],[121.753735,25.128212],[121.754257,25.128222],[121.754349,25.128238],[121.754354,25.128216],[121.754259,25.128199],[121.753735,25.128189],[121.753421,25.128197],[121.752782,25.128264],[121.752785,25.128286]]]]}},{"type":"Feature","properties":{"n":"信一路07","v":"信義區","w":6,"c":2.3,"r":0},"geometry":{"type":"MultiPolygon","coordinates":[[[[121.751049,25.12863],[121.752624,25.128472],[121.752618,25.128418],[121.751042,25.128576],[121.751049,25.12863]]]]}},{"type":"Feature","properties":{"n":"信一路08","v":"信義區","w":2.5,"c":1.9,"r":0},"geometry":{"type":"MultiPolygon","coordinates":[[[[121.751015,25.128448],[121.752593,25.128285],[121.752591,25.128263],[121.751013,25.128425],[121.751015,25.128448]]]]}},{"type":"Feature","properties":{"n":"信一路09","v":"信義區","w":6,"c":2.3,"r":0},"geometry":{"type":"MultiPolygon","coordinates":[[[[121.749323,25.128808],[121.750934,25.128648],[121.750927,25.128594],[121.749317,25.128754],[121.749323,25.128808]]]]}},{"type":"Feature","properties":{"n":"信一路10","v":"信義區","w":2.5,"c":1.9,"r":0},"geometry":{"type":"MultiPolygon","coordinates":[[[[121.750872,25.128432],[121.749269,25.128595],[121.749272,25.128617],[121.750875,25.128455],[121.750872,25.128432]]]]}},{"type":"Feature","properties":{"n":"信一路11","v":"信義區","w":6,"c":2.3,"r":0},"geometry":{"type":"MultiPolygon","coordinates":[[[[121.749181,25.128778],[121.74794,25.128888],[121.747946,25.128942],[121.749187,25.128832],[121.749181,25.128778]]]]}},{"type":"Feature","properties":{"n":"信一路12","v":"信義區","w":2.6,"c":1.4,"r":0},"geometry":{"type":"MultiPolygon","coordinates":[[[[121.747856,25.128777],[121.748139,25.128725],[121.749168,25.128625],[121.749166,25.128601],[121.748135,25.128702],[121.747851,25.128754],[121.747856,25.128777]]]]}},{"type":"Feature","properties":{"n":"信一路13","v":"信義區","w":6,"c":2,"r":0},"geometry":{"type":"MultiPolygon","coordinates":[[[[121.747769,25.128942],[121.746434,25.129673],[121.746464,25.129719],[121.7478,25.128988],[121.747769,25.128942]]]]}},{"type":"Feature","properties":{"n":"信一路14","v":"信義區","w":2.7,"c":0.6,"r":0},"geometry":{"type":"MultiPolygon","coordinates":[[[[121.746353,25.129572],[121.747603,25.128883],[121.747725,25.128822],[121.747712,25.1288],[121.747589,25.128862],[121.746339,25.129551],[121.746353,25.129572]]]]}},{"type":"Feature","properties":{"n":"東明路01","v":"信義區","w":2.6,"c":1.6,"r":0},"geometry":{"type":"MultiPolygon","coordinates":[[[[121.763063,25.127815],[121.764043,25.128096],[121.764051,25.128073],[121.763071,25.127792],[121.763063,25.127815]]]]}},{"type":"Feature","properties":{"n":"東信路01","v":"信義區","w":6.4,"c":5,"r":0},"geometry":{"type":"MultiPolygon","coordinates":[[[[121.760089,25.128648],[121.759206,25.12858],[121.759047,25.128525],[121.758738,25.128506],[121.758177,25.128515],[121.757931,25.128514],[121.757931,25.128572],[121.758177,25.128573],[121.758736,25.128564],[121.759033,25.128582],[121.759192,25.128637],[121.760084,25.128705],[121.760089,25.128648]]]]}},{"type":"Feature","properties":{"n":"東信路02","v":"信義區","w":6,"c":2.3,"r":0},"geometry":{"type":"MultiPolygon","coordinates":[[[[121.757938,25.128357],[121.758737,25.128362],[121.759403,25.128388],[121.759619,25.128416],[121.760056,25.128454],[121.760062,25.1284],[121.759626,25.128363],[121.759409,25.128334],[121.758739,25.128308],[121.757938,25.128303],[121.757938,25.128357]]]]}},{"type":"Feature","properties":{"n":"東信路03","v":"信義區","w":3.1,"c":1.8,"r":0},"geometry":{"type":"MultiPolygon","coordinates":[[[[121.763858,25.12833],[121.764213,25.128307],[121.764329,25.128292],[121.764325,25.128264],[121.76421,25.128279],[121.763856,25.128302],[121.763858,25.12833]]]]}},{"type":"Feature","properties":{"n":"東信路04","v":"信義區","w":6,"c":3.5,"r":0},"geometry":{"type":"MultiPolygon","coordinates":[[[[121.761134,25.128551],[121.760218,25.128467],[121.760212,25.128521],[121.761128,25.128605],[121.761134,25.128551]]]]}},{"type":"Feature","properties":{"n":"正信路01","v":"信義區","w":0.7,"c":0.7,"r":2},"geometry":{"type":"MultiPolygon","coordinates":[[[[121.760162,25.134559],[121.760183,25.134414],[121.760197,25.134195],[121.760287,25.133193],[121.76028,25.133192],[121.760277,25.133223],[121.76019,25.134194],[121.760176,25.134414],[121.760155,25.134558],[121.760162,25.134559]]]]}},{"type":"Feature","properties":{"n":"正信路02","v":"信義區","w":1.4,"c":0.9,"r":0},"geometry":{"type":"MultiPolygon","coordinates":[[[[121.760179,25.133192],[121.760114,25.133885],[121.760087,25.134552],[121.760101,25.134552],[121.760128,25.133886],[121.760193,25.133193],[121.760179,25.133192]]]]}},{"type":"Feature","properties":{"n":"正信路03","v":"信義區","w":0.8,"c":0.5,"r":0},"geometry":{"type":"MultiPolygon","coordinates":[[[[121.761404,25.129912],[121.76133,25.130033],[121.761161,25.130221],[121.761088,25.13032],[121.761038,25.13043],[121.761031,25.130581],[121.761077,25.130746],[121.761119,25.130827],[121.761162,25.130891],[121.761409,25.131166],[121.76143,25.131201],[121.761436,25.131241],[121.761425,25.131289],[121.761401,25.131331],[121.761351,25.131376],[121.761304,25.131399],[121.761235,25.13141],[121.761166,25.131398],[121.761099,25.131366],[121.760621,25.130825],[121.760569,25.130798],[121.760525,25.130785],[121.760457,25.130778],[121.75999,25.130791],[121.759826,25.130823],[121.75972,25.130876],[121.759648,25.130963],[121.759598,25.131054],[121.759567,25.131151],[121.759561,25.131227],[121.759569,25.131279],[121.759587,25.13133],[121.759631,25.131399],[121.759694,25.131455],[121.760181,25.131794],[121.760232,25.131823],[121.760273,25.131863],[121.760293,25.131894],[121.760312,25.131946],[121.760315,25.131995],[121.760308,25.132121],[121.760273,25.132418],[121.760281,25.132418],[121.760316,25.132122],[121.760323,25.131995],[121.76032,25.131945],[121.760301,25.131891],[121.760279,25.131859],[121.760237,25.131817],[121.760185,25.131787],[121.759699,25.131449],[121.759638,25.131395],[121.759607,25.131351],[121.759584,25.131303],[121.759569,25.131226],[121.759575,25.131152],[121.759606,25.131056],[121.759655,25.130967],[121.759725,25.130881],[121.759829,25.13083],[121.759991,25.130799],[121.760457,25.130785],[121.760523,25.130792],[121.760566,25.130804],[121.760616,25.13083],[121.761093,25.131372],[121.761163,25.131405],[121.761235,25.131417],[121.761307,25.131405],[121.761356,25.131382],[121.761396,25.131349],[121.761417,25.131321],[121.761433,25.131291],[121.761444,25.131241],[121.761438,25.131199],[121.761415,25.131161],[121.761169,25.130887],[121.761126,25.130823],[121.761084,25.130744],[121.761039,25.13058],[121.761045,25.130432],[121.761095,25.130323],[121.761167,25.130225],[121.761336,25.130037],[121.761411,25.129916],[121.761404,25.129912]]]]}},{"type":"Feature","properties":{"n":"東信路180號01","v":"信義區","w":1.8,"c":0.2,"r":0},"geometry":{"type":"MultiPolygon","coordinates":[[[[121.763848,25.128316],[121.763833,25.128457],[121.763812,25.128797],[121.763853,25.129045],[121.763937,25.12922],[121.764109,25.129485],[121.764125,25.129477],[121.763953,25.129213],[121.76387,25.12904],[121.763858,25.128981],[121.76383,25.128796],[121.763851,25.128458],[121.763866,25.128317],[121.763848,25.128316]]]]}},{"type":"Feature","properties":{"n":"東光路01","v":"信義區","w":1.4,"c":1,"r":0},"geometry":{"type":"MultiPolygon","coordinates":[[[[121.767327,25.128101],[121.767462,25.128181],[121.767762,25.128435],[121.767879,25.128512],[121.768001,25.128618],[121.768072,25.128702],[121.768114,25.128807],[121.768111,25.128916],[121.767885,25.129152],[121.7676,25.129416],[121.767282,25.129724],[121.767257,25.129781],[121.767263,25.129855],[121.767293,25.129894],[121.767438,25.129986],[121.767783,25.130223],[121.768147,25.13045],[121.76855,25.130708],[121.768679,25.130852],[121.768966,25.131273],[121.769158,25.131532],[121.769327,25.131647],[121.769606,25.131723],[121.770221,25.131796],[121.770424,25.13183],[121.770511,25.131856],[121.770587,25.131901],[121.770648,25.131962],[121.770678,25.13201],[121.770691,25.132041],[121.770634,25.132651],[121.770639,25.132702],[121.770659,25.132751],[121.77068,25.13278],[121.770706,25.132805],[121.770736,25.132826],[121.77077,25.132841],[121.770806,25.132851],[121.771015,25.132886],[121.771053,25.132902],[121.771096,25.132928],[121.771133,25.13296],[121.771163,25.132998],[121.771186,25.13304],[121.7712,25.133084],[121.771206,25.133131],[121.771193,25.133291],[121.771129,25.133495],[121.771117,25.133576],[121.771138,25.133817],[121.771097,25.133997],[121.771019,25.134091],[121.770822,25.134234],[121.770734,25.134354],[121.770672,25.134454],[121.770633,25.13457],[121.770616,25.134737],[121.770635,25.134887],[121.770861,25.135663],[121.770875,25.13566],[121.770649,25.134884],[121.77063,25.134737],[121.770647,25.134573],[121.770684,25.134459],[121.770745,25.134361],[121.770832,25.134242],[121.771029,25.1341],[121.77111,25.134003],[121.771152,25.133818],[121.771131,25.133576],[121.771143,25.133498],[121.771207,25.133293],[121.77122,25.13313],[121.771214,25.133082],[121.771199,25.133035],[121.771175,25.132991],[121.771143,25.132952],[121.771083,25.132904],[121.771019,25.132874],[121.770809,25.132839],[121.770775,25.13283],[121.770715,25.132795],[121.770672,25.132745],[121.770653,25.132699],[121.770648,25.132651],[121.770705,25.132039],[121.77069,25.132005],[121.770659,25.131955],[121.770596,25.131891],[121.770517,25.131844],[121.770427,25.131818],[121.770223,25.131783],[121.769609,25.131711],[121.769333,25.131635],[121.769168,25.131523],[121.768978,25.131266],[121.76869,25.130844],[121.768559,25.130699],[121.768155,25.130439],[121.767791,25.130213],[121.767446,25.129976],[121.767303,25.129885],[121.767276,25.129851],[121.767271,25.129783],[121.767294,25.129731],[121.76761,25.129425],[121.767895,25.129161],[121.768125,25.128921],[121.768128,25.128805],[121.768084,25.128696],[121.768012,25.12861],[121.767888,25.128502],[121.767771,25.128425],[121.76747,25.128171],[121.767335,25.128091],[121.767327,25.128101]]]]}},{"type":"Feature","properties":{"n":"東光路02","v":"信義區","w":0.8,"c":0.4,"r":0},"geometry":{"type":"MultiPolygon","coordinates":[[[[121.767491,25.128329],[121.767988,25.128702],[121.768009,25.128824],[121.767989,25.128923],[121.76741,25.129462],[121.767097,25.129878],[121.767627,25.130235],[121.7684,25.130703],[121.768533,25.130829],[121.768821,25.131224],[121.769051,25.131558],[121.769221,25.131709],[121.769405,25.131767],[121.769877,25.13185],[121.770088,25.131913],[121.770248,25.131912],[121.770466,25.131958],[121.770545,25.132006],[121.770581,25.132075],[121.770577,25.132243],[121.770523,25.132677],[121.770518,25.132695],[121.770523,25.132734],[121.770594,25.132833],[121.770643,25.132909],[121.770682,25.132947],[121.770734,25.13297],[121.770845,25.132984],[121.770942,25.133015],[121.770996,25.133044],[121.77103,25.133071],[121.771058,25.133102],[121.77108,25.133137],[121.771099,25.133195],[121.771101,25.133256],[121.771092,25.133295],[121.77105,25.133417],[121.771019,25.133549],[121.771016,25.133603],[121.771032,25.133703],[121.771037,25.133798],[121.771023,25.133892],[121.771006,25.133946],[121.770976,25.133991],[121.770803,25.134139],[121.770735,25.134205],[121.770675,25.134277],[121.770621,25.134354],[121.770579,25.13443],[121.770537,25.134547],[121.770525,25.134607],[121.770517,25.13473],[121.770532,25.134861],[121.770756,25.135665],[121.770764,25.135664],[121.770539,25.13486],[121.770525,25.13473],[121.770533,25.134608],[121.770563,25.13449],[121.770587,25.134433],[121.770628,25.134357],[121.770681,25.134282],[121.770741,25.13421],[121.770808,25.134144],[121.770982,25.133996],[121.770997,25.133978],[121.771013,25.133948],[121.77103,25.133893],[121.771044,25.133798],[121.77104,25.133702],[121.771024,25.133602],[121.771027,25.133549],[121.771058,25.133419],[121.7711,25.133297],[121.771109,25.133256],[121.771107,25.133194],[121.771087,25.133134],[121.771065,25.133098],[121.771036,25.133066],[121.771001,25.133039],[121.770946,25.133008],[121.770847,25.132977],[121.770736,25.132963],[121.770687,25.132941],[121.770649,25.132905],[121.770601,25.132829],[121.77053,25.132731],[121.770526,25.132696],[121.770531,25.132679],[121.770585,25.132243],[121.770589,25.132074],[121.770551,25.132001],[121.770469,25.131951],[121.770249,25.131905],[121.770089,25.131906],[121.769879,25.131843],[121.769407,25.13176],[121.769225,25.131703],[121.769057,25.131553],[121.768827,25.13122],[121.768539,25.130824],[121.768405,25.130697],[121.767631,25.130229],[121.767108,25.129876],[121.767416,25.129467],[121.767996,25.128926],[121.768017,25.128824],[121.767995,25.128698],[121.767496,25.128323],[121.767491,25.128329]]]]}},{"type":"Feature","properties":{"n":"深溪路01","v":"信義區","w":1,"c":0.3,"r":0},"geometry":{"type":"MultiPolygon","coordinates":[[[[121.780545,25.128595],[121.780761,25.129005],[121.780805,25.129105],[121.78084,25.129237],[121.781,25.130316],[121.781026,25.13042],[121.781095,25.130541],[121.781176,25.130644],[121.781956,25.131529],[121.78205,25.13164],[121.78211,25.131726],[121.78214,25.131788],[121.782184,25.131836],[121.782191,25.13183],[121.782148,25.131784],[121.782119,25.131722],[121.782058,25.131635],[121.781184,25.130639],[121.781104,25.130536],[121.781035,25.130417],[121.781009,25.130314],[121.78085,25.129236],[121.780815,25.129103],[121.780771,25.129001],[121.780554,25.128591],[121.780545,25.128595]]]]}},{"type":"Feature","properties":{"n":"深溪路02","v":"信義區","w":1,"c":0.3,"r":0},"geometry":{"type":"MultiPolygon","coordinates":[[[[121.781438,25.13114],[121.781387,25.131053],[121.781029,25.130647],[121.780965,25.130559],[121.780947,25.130493],[121.780912,25.130433],[121.78087,25.130253],[121.780718,25.129322],[121.780699,25.129179],[121.780664,25.129085],[121.780364,25.128593],[121.780356,25.128597],[121.780655,25.129089],[121.780689,25.129181],[121.780708,25.129323],[121.78086,25.130255],[121.780903,25.130436],[121.780937,25.130496],[121.780956,25.130562],[121.781021,25.130652],[121.781379,25.131058],[121.78143,25.131145],[121.781438,25.13114]]]]}},{"type":"Feature","properties":{"n":"深澳坑路01","v":"信義區","w":1.1,"c":0.6,"r":2},"geometry":{"type":"MultiPolygon","coordinates":[[[[121.797447,25.120036],[121.797141,25.120207],[121.796839,25.120263],[121.796201,25.120276],[121.795662,25.120402],[121.795561,25.120413],[121.795515,25.120438],[121.795449,25.120459],[121.795425,25.120472],[121.795388,25.120509],[121.795157,25.120822],[121.795057,25.121006],[121.795002,25.121358],[121.794981,25.121525],[121.794934,25.121636],[121.79491,25.121668],[121.79488,25.121696],[121.7945,25.121967],[121.794431,25.122002],[121.794358,25.122032],[121.794283,25.122056],[121.794206,25.122075],[121.794129,25.122086],[121.794046,25.122089],[121.793963,25.122078],[121.793859,25.122045],[121.793415,25.121848],[121.793259,25.121805],[121.793066,25.121785],[121.792901,25.121811],[121.792816,25.12183],[121.792531,25.121961],[121.792121,25.122351],[121.792084,25.122377],[121.792051,25.122413],[121.792031,25.122456],[121.79193,25.122772],[121.791768,25.123307],[121.791738,25.123388],[121.7917,25.123467],[121.791654,25.123542],[121.791601,25.123613],[121.791542,25.12368],[121.791434,25.123779],[121.790974,25.123986],[121.790628,25.124167],[121.790213,25.124362],[121.789911,25.124473],[121.789574,25.124512],[121.789302,25.124595],[121.789005,25.124731],[121.788645,25.124778],[121.788508,25.124773],[121.788241,25.124743],[121.788083,25.124738],[121.788028,25.124751],[121.78796,25.124753],[121.787839,25.124771],[121.78752,25.124903],[121.787197,25.125048],[121.78707,25.125121],[121.786805,25.125235],[121.786403,25.125541],[121.786124,25.125742],[121.785888,25.12594],[121.785604,25.126132],[121.785031,25.126656],[121.784825,25.126833],[121.784732,25.126888],[121.784363,25.127057],[121.784175,25.127087],[121.783902,25.127091],[121.78353,25.127074],[121.783122,25.12707],[121.782988,25.127062],[121.782881,25.127042],[121.782552,25.126938],[121.78249,25.126934],[121.782241,25.126956],[121.781969,25.127004],[121.781877,25.127046],[121.781782,25.127116],[121.78166,25.12734],[121.781543,25.127526],[121.781433,25.127619],[121.781044,25.127929],[121.78098,25.128001],[121.780942,25.128071],[121.780924,25.128144],[121.780862,25.128279],[121.780733,25.128376],[121.78074,25.128384],[121.78087,25.128285],[121.780934,25.128146],[121.780952,25.128074],[121.78099,25.128006],[121.781052,25.127936],[121.78144,25.127627],[121.781552,25.127532],[121.78167,25.127344],[121.781791,25.127123],[121.781883,25.127055],[121.781972,25.127013],[121.782242,25.126966],[121.78249,25.126944],[121.78255,25.126948],[121.782878,25.127052],[121.782986,25.127072],[121.783121,25.12708],[121.783529,25.127084],[121.783902,25.127101],[121.784176,25.127097],[121.784366,25.127067],[121.784738,25.126896],[121.784832,25.126841],[121.785038,25.126664],[121.785612,25.12614],[121.785895,25.125947],[121.786131,25.125749],[121.78641,25.125548],[121.786811,25.125244],[121.787075,25.12513],[121.787202,25.125057],[121.787525,25.124912],[121.787842,25.12478],[121.787961,25.124763],[121.78803,25.124761],[121.788084,25.124748],[121.788241,25.124753],[121.788507,25.124783],[121.788645,25.124788],[121.789009,25.124741],[121.789307,25.124604],[121.789576,25.124522],[121.789913,25.124483],[121.790217,25.124371],[121.790633,25.124176],[121.790979,25.123995],[121.791441,25.123787],[121.79155,25.123686],[121.79161,25.123619],[121.791663,25.123547],[121.791709,25.123471],[121.791748,25.123392],[121.791779,25.12331],[121.79194,25.122775],[121.792041,25.122459],[121.792061,25.122419],[121.792091,25.122384],[121.792128,25.122359],[121.792537,25.121969],[121.79282,25.12184],[121.792904,25.121821],[121.793067,25.121795],[121.793257,25.121815],[121.793411,25.121857],[121.793854,25.122054],[121.793961,25.122088],[121.794045,25.122099],[121.794131,25.122096],[121.794208,25.122084],[121.794286,25.122066],[121.794362,25.122042],[121.794435,25.122011],[121.794506,25.121975],[121.794887,25.121703],[121.794918,25.121674],[121.794944,25.121641],[121.794991,25.121528],[121.795013,25.121359],[121.795068,25.121009],[121.795166,25.120827],[121.795397,25.120515],[121.795432,25.12048],[121.795454,25.120468],[121.795519,25.120447],[121.795564,25.120422],[121.795664,25.120412],[121.796203,25.120286],[121.79684,25.120273],[121.797145,25.120216],[121.797453,25.120044],[121.797447,25.120036]]]]}},{"type":"Feature","properties":{"n":"深澳坑路02","v":"信義區","w":1.5,"c":1,"r":0},"geometry":{"type":"MultiPolygon","coordinates":[[[[121.797472,25.119829],[121.797211,25.119963],[121.796983,25.120073],[121.796623,25.120098],[121.796219,25.120108],[121.795816,25.120183],[121.795446,25.120237],[121.795208,25.12044],[121.794973,25.120767],[121.794902,25.120888],[121.794833,25.12114],[121.794817,25.121508],[121.794717,25.121599],[121.794377,25.121837],[121.794345,25.121858],[121.794276,25.121891],[121.794202,25.121912],[121.794125,25.121921],[121.794047,25.121919],[121.793971,25.121903],[121.793899,25.121876],[121.793702,25.12178],[121.793492,25.121698],[121.793275,25.121633],[121.793151,25.121612],[121.793091,25.121609],[121.792973,25.121619],[121.792915,25.12163],[121.792804,25.121666],[121.792701,25.121688],[121.792581,25.121737],[121.792458,25.121811],[121.792208,25.122014],[121.791947,25.122273],[121.791867,25.122374],[121.791806,25.122552],[121.791548,25.123382],[121.791502,25.12347],[121.79144,25.123549],[121.791363,25.123617],[121.791275,25.123671],[121.79125,25.123684],[121.791184,25.123703],[121.789985,25.124277],[121.789475,25.124364],[121.789278,25.124423],[121.789085,25.124505],[121.788885,25.124579],[121.788677,25.124617],[121.788412,25.124602],[121.788264,25.124569],[121.788096,25.12456],[121.787748,25.124614],[121.787433,25.124751],[121.786694,25.125091],[121.785606,25.125922],[121.785037,25.126411],[121.784677,25.126713],[121.784442,25.126834],[121.784329,25.126885],[121.784203,25.126922],[121.78402,25.126927],[121.783448,25.126899],[121.783005,25.126903],[121.782514,25.126756],[121.782262,25.126787],[121.781857,25.126854],[121.781667,25.126985],[121.781505,25.127215],[121.781451,25.127356],[121.781314,25.127509],[121.781009,25.127736],[121.78086,25.127864],[121.780767,25.128003],[121.780729,25.12813],[121.780691,25.128185],[121.780594,25.128252],[121.780496,25.128258],[121.780497,25.128272],[121.7806,25.128265],[121.780702,25.128194],[121.780743,25.128135],[121.780781,25.128009],[121.780872,25.127873],[121.781018,25.127747],[121.781325,25.127519],[121.781465,25.127363],[121.781519,25.127221],[121.781678,25.126994],[121.781863,25.126866],[121.782264,25.1268],[121.782513,25.12677],[121.783004,25.126917],[121.783447,25.126913],[121.78402,25.126941],[121.784205,25.126936],[121.784334,25.126897],[121.784449,25.126846],[121.784686,25.126724],[121.785047,25.12642],[121.785616,25.125932],[121.786702,25.125103],[121.78744,25.124763],[121.787753,25.124627],[121.788097,25.124573],[121.788261,25.124583],[121.78841,25.124615],[121.788678,25.12463],[121.788889,25.124592],[121.789091,25.124517],[121.789284,25.124436],[121.789478,25.124377],[121.78999,25.12429],[121.79119,25.123716],[121.791256,25.123696],[121.791283,25.123683],[121.791373,25.123627],[121.791451,25.123558],[121.791515,25.123477],[121.791562,25.123387],[121.79182,25.122556],[121.79188,25.12238],[121.791959,25.122282],[121.792218,25.122024],[121.792467,25.121822],[121.792588,25.121749],[121.792705,25.121701],[121.792808,25.121679],[121.792863,25.121659],[121.792975,25.121632],[121.793033,25.121625],[121.793149,25.121625],[121.793271,25.121646],[121.793487,25.121711],[121.793695,25.121793],[121.793892,25.121888],[121.793967,25.121916],[121.794045,25.121932],[121.794126,25.121935],[121.794205,25.121925],[121.794282,25.121903],[121.794318,25.121888],[121.794386,25.121848],[121.794727,25.121609],[121.794831,25.121513],[121.794847,25.121142],[121.794916,25.120893],[121.794986,25.120774],[121.79522,25.120448],[121.795453,25.12025],[121.795819,25.120196],[121.796221,25.120122],[121.796624,25.120111],[121.796988,25.120087],[121.797218,25.119975],[121.79748,25.119841],[121.797472,25.119829]]]]}},{"type":"Feature","properties":{"n":"深澳坑路03","v":"信義區","w":0.7,"c":0.3,"r":0},"geometry":{"type":"MultiPolygon","coordinates":[[[[121.777098,25.130349],[121.777077,25.130304],[121.777022,25.130076],[121.777004,25.130032],[121.777,25.129986],[121.777009,25.12994],[121.777025,25.129908],[121.777427,25.129244],[121.777463,25.1292],[121.777531,25.129145],[121.777584,25.129118],[121.777642,25.1291],[121.777712,25.12909],[121.7778,25.129094],[121.777886,25.129112],[121.777927,25.129126],[121.778005,25.129163],[121.778106,25.129228],[121.778187,25.129256],[121.778273,25.129265],[121.778389,25.12925],[121.778443,25.129235],[121.778546,25.129194],[121.779044,25.128944],[121.779341,25.12881],[121.780203,25.128577],[121.780201,25.128571],[121.779339,25.128804],[121.779041,25.128938],[121.778543,25.129188],[121.778493,25.129211],[121.778387,25.129244],[121.778273,25.129259],[121.778188,25.12925],[121.77811,25.129222],[121.778009,25.129157],[121.77793,25.12912],[121.777845,25.129095],[121.777801,25.129088],[121.777712,25.129084],[121.77764,25.129094],[121.777581,25.129112],[121.777527,25.129139],[121.777458,25.129195],[121.777421,25.129241],[121.777019,25.129905],[121.777003,25.129939],[121.776993,25.129986],[121.776997,25.130033],[121.777015,25.130078],[121.77707,25.130306],[121.777092,25.130352],[121.777098,25.130349]]]]}},{"type":"Feature","properties":{"n":"深澳坑路04","v":"信義區","w":1.5,"c":0.2,"r":0},"geometry":{"type":"MultiPolygon","coordinates":[[[[121.777018,25.130375],[121.776983,25.130285],[121.776918,25.129982],[121.77692,25.12993],[121.776951,25.129862],[121.777074,25.129632],[121.77737,25.129147],[121.777397,25.12911],[121.77745,25.129065],[121.777514,25.129033],[121.777621,25.129007],[121.777673,25.129001],[121.777778,25.129002],[121.77788,25.129019],[121.777932,25.129034],[121.778101,25.129114],[121.778188,25.129148],[121.778298,25.129172],[121.778368,25.12917],[121.778418,25.129154],[121.778448,25.129137],[121.778758,25.128999],[121.779206,25.128783],[121.779481,25.128684],[121.780169,25.128492],[121.780165,25.128479],[121.779476,25.128671],[121.779199,25.128771],[121.778752,25.128987],[121.77844,25.129125],[121.778411,25.129142],[121.778365,25.129157],[121.7783,25.129159],[121.778193,25.129135],[121.778108,25.129102],[121.777938,25.129022],[121.777832,25.128995],[121.777725,25.128986],[121.777619,25.128993],[121.777515,25.129018],[121.777462,25.129041],[121.777403,25.129084],[121.777357,25.12914],[121.777061,25.129626],[121.776937,25.129857],[121.776905,25.129927],[121.776903,25.129983],[121.776969,25.130288],[121.777004,25.13038],[121.777018,25.130375]]]]}},{"type":"Feature","properties":{"n":"深澳坑路05","v":"信義區","w":1,"c":0.6,"r":0},"geometry":{"type":"MultiPolygon","coordinates":[[[[121.777157,25.130433],[121.777433,25.130623],[121.77747,25.130663],[121.777495,25.13071],[121.777503,25.130745],[121.777506,25.130776],[121.77755,25.130942],[121.77756,25.131004],[121.777559,25.131066],[121.777523,25.131422],[121.777516,25.131582],[121.777534,25.131622],[121.777725,25.131879],[121.77775,25.131936],[121.777757,25.131996],[121.777751,25.132044],[121.77773,25.132112],[121.777704,25.132175],[121.777392,25.13254],[121.777322,25.132649],[121.777126,25.133031],[121.777135,25.133035],[121.777331,25.132653],[121.7774,25.132545],[121.777713,25.13218],[121.77774,25.132115],[121.77776,25.132046],[121.777767,25.131996],[121.777759,25.131934],[121.777734,25.131875],[121.777543,25.131617],[121.777526,25.131581],[121.777533,25.131423],[121.777569,25.131067],[121.77757,25.131003],[121.77756,25.13094],[121.777516,25.130775],[121.777513,25.130743],[121.777504,25.130708],[121.777478,25.130658],[121.777439,25.130616],[121.777163,25.130426],[121.777157,25.130433]]]]}},{"type":"Feature","properties":{"n":"深澳坑路06","v":"信義區","w":1.4,"c":1,"r":0},"geometry":{"type":"MultiPolygon","coordinates":[[[[121.777043,25.133018],[121.777291,25.132556],[121.777332,25.132488],[121.777379,25.132422],[121.777634,25.132139],[121.777655,25.132104],[121.77767,25.132066],[121.777678,25.132006],[121.777668,25.131946],[121.777653,25.131909],[121.777475,25.131673],[121.777454,25.131633],[121.777441,25.13159],[121.777438,25.131524],[121.777487,25.13096],[121.777482,25.130915],[121.777358,25.130673],[121.777103,25.130454],[121.777094,25.130463],[121.777347,25.130681],[121.777469,25.130918],[121.777473,25.130959],[121.777424,25.131523],[121.777428,25.131592],[121.777441,25.131637],[121.777463,25.131679],[121.77764,25.131914],[121.777655,25.13195],[121.777664,25.132006],[121.777657,25.132063],[121.777643,25.132099],[121.777622,25.132132],[121.777368,25.132415],[121.77732,25.132481],[121.777279,25.132551],[121.777031,25.133012],[121.777043,25.133018]]]]}},{"type":"Feature","properties":{"n":"深澳坑路07","v":"信義區","w":1.2,"c":0.8,"r":0},"geometry":{"type":"MultiPolygon","coordinates":[[[[121.777059,25.133169],[121.776719,25.133807],[121.776228,25.134713],[121.776183,25.13478],[121.776126,25.134839],[121.776093,25.134865],[121.775926,25.134982],[121.775854,25.135041],[121.775389,25.135579],[121.775311,25.135661],[121.775225,25.135737],[121.774906,25.135983],[121.774432,25.136276],[121.774439,25.136285],[121.774914,25.135992],[121.775233,25.135745],[121.775319,25.135669],[121.775398,25.135586],[121.775863,25.135049],[121.775933,25.134991],[121.776101,25.134874],[121.776165,25.134818],[121.776192,25.134787],[121.776238,25.134718],[121.77673,25.133812],[121.77707,25.133173],[121.777059,25.133169]]]]}},{"type":"Feature","properties":{"n":"深澳坑路08","v":"信義區","w":0.8,"c":0.3,"r":0},"geometry":{"type":"MultiPolygon","coordinates":[[[[121.773946,25.136382],[121.774693,25.136026],[121.775034,25.135779],[121.775423,25.135423],[121.775721,25.135063],[121.775827,25.134944],[121.776054,25.134786],[121.776125,25.134705],[121.776898,25.133269],[121.776986,25.133117],[121.776979,25.133114],[121.776891,25.133266],[121.776118,25.134701],[121.776048,25.134781],[121.775822,25.134939],[121.775715,25.135058],[121.775417,25.135418],[121.775029,25.135774],[121.774689,25.13602],[121.773942,25.136376],[121.773946,25.136382]]]]}},{"type":"Feature","properties":{"n":"深澳坑路09","v":"信義區","w":0.8,"c":0.8,"r":0},"geometry":{"type":"MultiPolygon","coordinates":[[[[121.770913,25.135832],[121.770904,25.135877],[121.770888,25.136079],[121.770875,25.136176],[121.770874,25.136298],[121.770881,25.136352],[121.77093,25.136491],[121.770989,25.136624],[121.771301,25.137176],[121.771449,25.137293],[121.771594,25.137332],[121.771748,25.137338],[121.771894,25.137304],[121.772136,25.137198],[121.772216,25.13715],[121.772211,25.137144],[121.772132,25.137192],[121.771892,25.137297],[121.771747,25.13733],[121.771595,25.137325],[121.771453,25.137287],[121.771307,25.137171],[121.770996,25.136621],[121.770937,25.136489],[121.770889,25.13635],[121.770882,25.136298],[121.770883,25.136177],[121.770896,25.13608],[121.770912,25.135877],[121.770921,25.135833],[121.770913,25.135832]]]]}},{"type":"Feature","properties":{"n":"深澳坑路10","v":"信義區","w":1.5,"c":1,"r":0},"geometry":{"type":"MultiPolygon","coordinates":[[[[121.772301,25.137191],[121.772153,25.137279],[121.771975,25.137363],[121.771894,25.137392],[121.771809,25.137408],[121.771575,25.137412],[121.771361,25.137337],[121.771295,25.137285],[121.771167,25.137137],[121.770855,25.136571],[121.770811,25.136411],[121.770801,25.136201],[121.770828,25.136069],[121.770842,25.135927],[121.770831,25.13582],[121.770816,25.135821],[121.770827,25.135927],[121.770813,25.136067],[121.770786,25.1362],[121.770797,25.136413],[121.770841,25.136576],[121.771154,25.137145],[121.771284,25.137294],[121.771353,25.137349],[121.771572,25.137426],[121.771811,25.137422],[121.771899,25.137405],[121.771982,25.137375],[121.772161,25.137291],[121.77231,25.137202],[121.772301,25.137191]]]]}},{"type":"Feature","properties":{"n":"源遠路193巷(原源遠路249巷01)","v":"暖暖區","w":1.5,"c":0.6,"r":0},"geometry":{"type":"MultiPolygon","coordinates":[[[[121.751594,25.098401],[121.75157,25.098399],[121.751581,25.098963],[121.755499,25.100532],[121.755504,25.100508],[121.751599,25.098945],[121.751594,25.098401]]]]}},{"type":"Feature","properties":{"n":"源遠路249巷02","v":"暖暖區","w":1.4,"c":0.6,"r":0},"geometry":{"type":"MultiPolygon","coordinates":[[[[121.755632,25.10057],[121.755626,25.100585],[121.755798,25.100648],[121.756042,25.100672],[121.756326,25.100665],[121.756731,25.100602],[121.756726,25.100585],[121.756321,25.100653],[121.756045,25.10066],[121.755806,25.100631],[121.755632,25.10057]]]]}},{"type":"Feature","properties":{"n":"源遠路297巷01","v":"暖暖區","w":1.3,"c":0.6,"r":0},"geometry":{"type":"MultiPolygon","coordinates":[[[[121.755509,25.100495],[121.755874,25.099014],[121.755862,25.099012],[121.755496,25.100492],[121.755509,25.100495]]]]}},{"type":"Feature","properties":{"n":"源遠路297巷02","v":"暖暖區","w":1.3,"c":1.3,"r":0},"geometry":{"type":"MultiPolygon","coordinates":[[[[121.755605,25.100515],[121.755971,25.099034],[121.755958,25.099032],[121.755593,25.100512],[121.755605,25.100515]]]]}},{"type":"Feature","properties":{"n":"源遠路325巷01","v":"暖暖區","w":1.3,"c":0.7,"r":2},"geometry":{"type":"MultiPolygon","coordinates":[[[[121.75679,25.100572],[121.756792,25.100588],[121.757428,25.100512],[121.757664,25.100401],[121.757841,25.100216],[121.75797,25.099988],[121.758072,25.099507],[121.758061,25.099502],[121.757964,25.099975],[121.757833,25.100211],[121.757648,25.100396],[121.757429,25.100497],[121.75679,25.100572]]]]}},{"type":"Feature","properties":{"n":"源遠路152巷01","v":"暖暖區","w":3.6,"c":3.6,"r":3},"geometry":{"type":"MultiPolygon","coordinates":[[[[121.748815,25.09727],[121.748777,25.095345],[121.748741,25.095345],[121.748779,25.09727],[121.748815,25.09727]]]]}},{"type":"Feature","properties":{"n":"碇內街01","v":"暖暖區","w":1.2,"c":0.6,"r":2},"geometry":{"type":"MultiPolygon","coordinates":[[[[121.754529,25.096278],[121.755161,25.096593],[121.755174,25.09665],[121.755169,25.096694],[121.755151,25.096735],[121.75491,25.097132],[121.754846,25.09725],[121.754534,25.098597],[121.754546,25.098599],[121.754857,25.097254],[121.75492,25.097137],[121.755162,25.09674],[121.75518,25.096696],[121.755186,25.096649],[121.755182,25.096618],[121.755171,25.096586],[121.754535,25.096268],[121.754529,25.096278]]]]}},{"type":"Feature","properties":{"n":"碇內街02","v":"暖暖區","w":1.2,"c":0.5,"r":2},"geometry":{"type":"MultiPolygon","coordinates":[[[[121.754704,25.096277],[121.755279,25.096544],[121.755299,25.09656],[121.755315,25.096579],[121.755324,25.096602],[121.755327,25.096626],[121.755322,25.09665],[121.755311,25.096672],[121.755174,25.096866],[121.75497,25.097191],[121.754887,25.097456],[121.754795,25.097841],[121.754636,25.098615],[121.754648,25.098617],[121.754807,25.097843],[121.754898,25.097459],[121.754981,25.097195],[121.755184,25.096872],[121.755321,25.096678],[121.755334,25.096653],[121.755338,25.096627],[121.755336,25.0966],[121.755325,25.096574],[121.755308,25.096552],[121.755285,25.096535],[121.75471,25.096267],[121.754704,25.096277]]]]}},{"type":"Feature","properties":{"n":"東碇路01","v":"暖暖區","w":1.2,"c":0.9,"r":2},"geometry":{"type":"MultiPolygon","coordinates":[[[[121.748858,25.09823],[121.751954,25.098293],[121.751964,25.098259],[121.748864,25.098196],[121.748858,25.09823]]]]}},{"type":"Feature","properties":{"n":"東碇路02","v":"暖暖區","w":2,"c":1.3,"r":2},"geometry":{"type":"MultiPolygon","coordinates":[[[[121.748845,25.098338],[121.751742,25.098401],[121.751763,25.098372],[121.748845,25.098308],[121.748845,25.098338]]]]}},{"type":"Feature","properties":{"n":"東勢街01","v":"暖暖區","w":1,"c":1,"r":2},"geometry":{"type":"MultiPolygon","coordinates":[[[[121.738927,25.094625],[121.73882,25.095772],[121.738695,25.097431],[121.738685,25.097509],[121.738667,25.097586],[121.738637,25.097675],[121.738464,25.097997],[121.738304,25.098264],[121.73827,25.098303],[121.7382,25.098365],[121.737837,25.098579],[121.737274,25.09893],[121.736918,25.099221],[121.73675,25.099405],[121.736383,25.099694],[121.73632,25.099754],[121.736126,25.100043],[121.736019,25.100297],[121.7359,25.100546],[121.735885,25.100713],[121.735895,25.100714],[121.73591,25.100548],[121.736028,25.100301],[121.736135,25.100047],[121.736327,25.099759],[121.73639,25.099701],[121.736757,25.099411],[121.736925,25.099227],[121.73728,25.098937],[121.737843,25.098587],[121.738206,25.098373],[121.738278,25.098309],[121.738312,25.098269],[121.738473,25.098002],[121.738646,25.097679],[121.738677,25.097588],[121.738695,25.09751],[121.738705,25.097432],[121.73883,25.095773],[121.738937,25.094626],[121.738927,25.094625]]]]}},{"type":"Feature","properties":{"n":"東勢街02","v":"暖暖區","w":0.9,"c":0.9,"r":2},"geometry":{"type":"MultiPolygon","coordinates":[[[[121.739027,25.094633],[121.738919,25.095779],[121.738794,25.097437],[121.738783,25.097523],[121.738764,25.097608],[121.738729,25.097711],[121.738553,25.098039],[121.738388,25.098314],[121.738344,25.098364],[121.738261,25.098439],[121.738217,25.09846],[121.737893,25.098654],[121.737335,25.099002],[121.73699,25.099284],[121.736822,25.099468],[121.736452,25.099761],[121.736399,25.09981],[121.736215,25.100083],[121.736111,25.100332],[121.735998,25.100568],[121.735984,25.100721],[121.735993,25.100721],[121.736007,25.10057],[121.73612,25.100335],[121.736223,25.100087],[121.736406,25.099815],[121.736458,25.099767],[121.736828,25.099474],[121.736997,25.099289],[121.73734,25.099008],[121.737898,25.098661],[121.738222,25.098467],[121.738266,25.098445],[121.738351,25.09837],[121.738395,25.098319],[121.73856,25.098043],[121.738737,25.097714],[121.738773,25.09761],[121.738792,25.097525],[121.738803,25.097438],[121.738928,25.095779],[121.739035,25.094633],[121.739027,25.094633]]]]}},{"type":"Feature","properties":{"n":"暖暖街01","v":"暖暖區","w":4,"c":0.6,"r":0},"geometry":{"type":"MultiPolygon","coordinates":[[[[121.737556,25.100983],[121.737458,25.100892],[121.737388,25.100874],[121.737298,25.100793],[121.736968,25.100406],[121.736876,25.10031],[121.736638,25.100085],[121.736462,25.099871],[121.736431,25.099893],[121.736608,25.100109],[121.736847,25.100334],[121.736938,25.100429],[121.737268,25.100817],[121.737367,25.100906],[121.737437,25.100924],[121.737528,25.101008],[121.737556,25.100983]]]]}},{"type":"Feature","properties":{"n":"暖暖街02","v":"暖暖區","w":1.3,"c":0,"r":4},"geometry":{"type":"MultiPolygon","coordinates":[[[[121.736421,25.099979],[121.736539,25.100098],[121.736851,25.10044],[121.737297,25.100897],[121.737423,25.100984],[121.737485,25.101047],[121.737494,25.101039],[121.737432,25.100975],[121.737306,25.100888],[121.736861,25.100432],[121.736549,25.10009],[121.736431,25.099971],[121.736421,25.099979]]]]}},{"type":"Feature","properties":{"n":"水源路01","v":"暖暖區","w":1.3,"c":0.5,"r":0},"geometry":{"type":"MultiPolygon","coordinates":[[[[121.734511,25.105276],[121.734376,25.105765],[121.734326,25.105876],[121.734082,25.106364],[121.73389,25.106719],[121.733774,25.106951],[121.733659,25.107103],[121.733631,25.107124],[121.733639,25.107133],[121.733669,25.107111],[121.733785,25.106957],[121.733902,25.106724],[121.734093,25.106369],[121.734338,25.105881],[121.734388,25.105768],[121.734523,25.105278],[121.734511,25.105276]]]]}},{"type":"Feature","properties":{"n":"過港路01","v":"暖暖區","w":1.3,"c":0.7,"r":0},"geometry":{"type":"MultiPolygon","coordinates":[[[[121.740529,25.103451],[121.74052,25.103562],[121.740491,25.103665],[121.740461,25.103726],[121.740413,25.103782],[121.740372,25.103811],[121.740327,25.103834],[121.739755,25.104062],[121.739761,25.104073],[121.740332,25.103845],[121.740401,25.103806],[121.740457,25.103753],[121.740485,25.10371],[121.740504,25.103669],[121.740533,25.103564],[121.740542,25.10345],[121.740529,25.103451]]]]}},{"type":"Feature","properties":{"n":"過港路02","v":"暖暖區","w":1.7,"c":1.2,"r":0},"geometry":{"type":"MultiPolygon","coordinates":[[[[121.740405,25.10348],[121.740423,25.103529],[121.740426,25.103563],[121.740423,25.103597],[121.740414,25.10363],[121.740398,25.103661],[121.740377,25.103689],[121.74035,25.103713],[121.740303,25.103741],[121.73969,25.10399],[121.739697,25.104004],[121.74031,25.103755],[121.740361,25.103725],[121.740389,25.103699],[121.740413,25.103668],[121.740435,25.103617],[121.740442,25.103581],[121.740442,25.103544],[121.740435,25.103508],[121.740421,25.103474],[121.740405,25.10348]]]]}},{"type":"Feature","properties":{"n":"過港路03","v":"暖暖區","w":1.7,"c":1,"r":0},"geometry":{"type":"MultiPolygon","coordinates":[[[[121.739681,25.10409],[121.738475,25.104555],[121.738385,25.104594],[121.738292,25.104643],[121.738203,25.1047],[121.73747,25.105334],[121.737481,25.105345],[121.738214,25.104712],[121.738301,25.104656],[121.738393,25.104608],[121.738482,25.104569],[121.739687,25.104104],[121.739681,25.10409]]]]}},{"type":"Feature","properties":{"n":"過港路04","v":"暖暖區","w":1.7,"c":1.7,"r":0},"geometry":{"type":"MultiPolygon","coordinates":[[[[121.73745,25.105257],[121.738053,25.10473],[121.738235,25.104585],[121.738328,25.10452],[121.738862,25.104321],[121.739654,25.104017],[121.739648,25.104003],[121.738855,25.104307],[121.738319,25.104506],[121.738224,25.104573],[121.738041,25.104719],[121.737438,25.105246],[121.73745,25.105257]]]]}},{"type":"Feature","properties":{"n":"過港路05","v":"暖暖區","w":1.7,"c":1,"r":0},"geometry":{"type":"MultiPolygon","coordinates":[[[[121.737382,25.105484],[121.737236,25.105556],[121.737177,25.105592],[121.737125,25.105637],[121.737008,25.105754],[121.73696,25.105811],[121.736919,25.105871],[121.736735,25.106175],[121.736349,25.106907],[121.736303,25.106984],[121.736112,25.107252],[121.735973,25.107414],[121.735577,25.107897],[121.735519,25.107961],[121.735454,25.108021],[121.735384,25.108075],[121.735286,25.108137],[121.734987,25.108351],[121.734743,25.108577],[121.734491,25.10883],[121.734329,25.108975],[121.734298,25.109011],[121.734195,25.10919],[121.73416,25.109255],[121.734132,25.109323],[121.73411,25.109393],[121.734095,25.109464],[121.734083,25.109581],[121.733738,25.110095],[121.733752,25.110103],[121.734099,25.109586],[121.734112,25.109467],[121.734126,25.109397],[121.734148,25.109328],[121.734176,25.109261],[121.73421,25.109197],[121.734312,25.10902],[121.734342,25.108986],[121.734503,25.10884],[121.734756,25.108588],[121.734998,25.108363],[121.735296,25.108149],[121.735394,25.108087],[121.735465,25.108032],[121.735531,25.107972],[121.735591,25.107906],[121.735987,25.107423],[121.736126,25.107261],[121.736317,25.106992],[121.736364,25.106914],[121.73675,25.106182],[121.736933,25.105879],[121.736974,25.10582],[121.737021,25.105764],[121.737138,25.105647],[121.737187,25.105604],[121.737244,25.105569],[121.73739,25.105498],[121.737382,25.105484]]]]}},{"type":"Feature","properties":{"n":"過港路06","v":"暖暖區","w":1.5,"c":1.5,"r":0},"geometry":{"type":"MultiPolygon","coordinates":[[[[121.737294,25.105367],[121.73693,25.105685],[121.736875,25.105748],[121.736815,25.105829],[121.736762,25.105915],[121.736579,25.10625],[121.736247,25.106882],[121.736149,25.107034],[121.736071,25.107138],[121.735546,25.107794],[121.735487,25.107857],[121.735422,25.107916],[121.735039,25.108199],[121.734254,25.108914],[121.73415,25.109061],[121.734098,25.109158],[121.734039,25.109315],[121.733993,25.109487],[121.733938,25.10958],[121.733851,25.109671],[121.733634,25.110027],[121.733594,25.110058],[121.733604,25.110069],[121.733646,25.110036],[121.733863,25.109679],[121.73395,25.109588],[121.734007,25.109492],[121.734053,25.109318],[121.734112,25.109163],[121.734163,25.109068],[121.734266,25.108922],[121.735049,25.108209],[121.735432,25.107926],[121.735498,25.107866],[121.735558,25.107802],[121.736083,25.107146],[121.736162,25.107041],[121.73626,25.106888],[121.736593,25.106256],[121.736775,25.105922],[121.736827,25.105836],[121.736887,25.105756],[121.736941,25.105694],[121.737304,25.105377],[121.737294,25.105367]]]]}},{"type":"Feature","properties":{"n":"源遠路01","v":"暖暖區","w":1.2,"c":0.7,"r":2},"geometry":{"type":"MultiPolygon","coordinates":[[[[121.759383,25.099417],[121.759256,25.099449],[121.759126,25.099472],[121.758994,25.099483],[121.758862,25.099485],[121.758731,25.099475],[121.7586,25.099456],[121.757576,25.09925],[121.756636,25.099068],[121.754655,25.098652],[121.754652,25.098663],[121.756634,25.099079],[121.757573,25.099261],[121.758598,25.099466],[121.758729,25.099486],[121.758862,25.099495],[121.758995,25.099494],[121.759128,25.099482],[121.759258,25.09946],[121.759386,25.099428],[121.759383,25.099417]]]]}},{"type":"Feature","properties":{"n":"源遠路02","v":"暖暖區","w":1.2,"c":0.7,"r":2},"geometry":{"type":"MultiPolygon","coordinates":[[[[121.759285,25.099553],[121.759108,25.099588],[121.759033,25.099595],[121.758957,25.099596],[121.758857,25.099588],[121.758154,25.099495],[121.757063,25.099272],[121.755975,25.09904],[121.754659,25.098772],[121.754656,25.098782],[121.755972,25.09905],[121.757061,25.099282],[121.758152,25.099506],[121.758855,25.099598],[121.758957,25.099607],[121.759033,25.099606],[121.75911,25.099599],[121.759288,25.099564],[121.759285,25.099553]]]]}},{"type":"Feature","properties":{"n":"源遠路03","v":"暖暖區","w":1.2,"c":1.2,"r":0},"geometry":{"type":"MultiPolygon","coordinates":[[[[121.746474,25.099204],[121.747133,25.098756],[121.747527,25.098513],[121.747932,25.098329],[121.748528,25.098198],[121.748644,25.0982],[121.748645,25.09819],[121.748527,25.098187],[121.747927,25.098318],[121.747521,25.098503],[121.747126,25.098747],[121.746467,25.099195],[121.746474,25.099204]]]]}},{"type":"Feature","properties":{"n":"源遠路04","v":"暖暖區","w":1.2,"c":0.7,"r":0},"geometry":{"type":"MultiPolygon","coordinates":[[[[121.746618,25.099695],[121.7466,25.099618],[121.746603,25.099567],[121.746649,25.099445],[121.746682,25.099328],[121.746827,25.099153],[121.747381,25.098709],[121.747926,25.098437],[121.748357,25.098344],[121.748354,25.098333],[121.747922,25.098427],[121.747374,25.0987],[121.746818,25.099146],[121.746671,25.099323],[121.746638,25.099442],[121.746592,25.099565],[121.746588,25.099619],[121.746606,25.099698],[121.746618,25.099695]]]]}},{"type":"Feature","properties":{"n":"源遠路05","v":"暖暖區","w":2.5,"c":0.7,"r":0},"geometry":{"type":"MultiPolygon","coordinates":[[[[121.732129,25.10839],[121.732582,25.108046],[121.732915,25.107733],[121.733643,25.107151],[121.733626,25.107134],[121.732898,25.107717],[121.732565,25.10803],[121.732113,25.108373],[121.732129,25.10839]]]]}},{"type":"Feature","properties":{"n":"源遠路06","v":"暖暖區","w":1.3,"c":0.8,"r":0},"geometry":{"type":"MultiPolygon","coordinates":[[[[121.733826,25.107238],[121.733465,25.107427],[121.733263,25.107606],[121.732922,25.107892],[121.732633,25.108122],[121.73241,25.108331],[121.732419,25.108339],[121.732642,25.108131],[121.732931,25.1079],[121.733272,25.107614],[121.733473,25.107437],[121.733833,25.107248],[121.733826,25.107238]]]]}},{"type":"Feature","properties":{"n":"八堵路01","v":"暖暖區","w":1.4,"c":0.7,"r":2},"geometry":{"type":"MultiPolygon","coordinates":[[[[121.731121,25.108482],[121.731054,25.108448],[121.730868,25.108405],[121.730634,25.108403],[121.730547,25.108421],[121.730285,25.108505],[121.730249,25.108503],[121.730175,25.108515],[121.730143,25.108515],[121.73011,25.108501],[121.729992,25.108489],[121.729914,25.108435],[121.729884,25.108421],[121.7298,25.108406],[121.729728,25.108364],[121.729581,25.108313],[121.729499,25.10827],[121.729396,25.108227],[121.729238,25.108131],[121.728512,25.107658],[121.727952,25.107303],[121.727045,25.106708],[121.726874,25.106536],[121.72666,25.10623],[121.726569,25.106058],[121.72651,25.105903],[121.726468,25.105709],[121.72643,25.105231],[121.726405,25.104612],[121.726413,25.104563],[121.7264,25.104559],[121.726391,25.104613],[121.726416,25.105232],[121.726454,25.10571],[121.726496,25.105907],[121.726556,25.106063],[121.726648,25.106236],[121.726863,25.106544],[121.727036,25.106718],[121.727944,25.107314],[121.728504,25.107668],[121.72923,25.108142],[121.729389,25.108238],[121.729493,25.108281],[121.729575,25.108325],[121.729722,25.108376],[121.729794,25.108417],[121.72988,25.108434],[121.729907,25.108446],[121.729986,25.108501],[121.730105,25.108513],[121.73014,25.108528],[121.730176,25.108528],[121.73025,25.108516],[121.730289,25.108517],[121.730551,25.108433],[121.730635,25.108415],[121.730866,25.108418],[121.731049,25.10846],[121.731114,25.108493],[121.731121,25.108482]]]]}},{"type":"Feature","properties":{"n":"八堵路02","v":"暖暖區","w":1.2,"c":0.7,"r":0},"geometry":{"type":"MultiPolygon","coordinates":[[[[121.726126,25.103957],[121.726128,25.104011],[121.726156,25.104214],[121.726213,25.105402],[121.726245,25.105799],[121.726259,25.105878],[121.7263,25.105997],[121.72644,25.106301],[121.726589,25.106543],[121.726681,25.106666],[121.726887,25.106894],[121.727002,25.10697],[121.727323,25.107148],[121.72862,25.107987],[121.729214,25.108361],[121.729318,25.108419],[121.729631,25.108564],[121.730601,25.108976],[121.730606,25.108966],[121.729637,25.108555],[121.729324,25.108409],[121.729221,25.108352],[121.728627,25.107978],[121.727329,25.107139],[121.727009,25.106961],[121.726895,25.106886],[121.726691,25.106659],[121.726599,25.106537],[121.726451,25.106296],[121.726311,25.105993],[121.726271,25.105876],[121.726257,25.105797],[121.726225,25.105402],[121.726168,25.104213],[121.72614,25.10401],[121.726138,25.103957],[121.726126,25.103957]]]]}},{"type":"Feature","properties":{"n":"八堵路03","v":"暖暖區","w":2.7,"c":1.5,"r":0},"geometry":{"type":"MultiPolygon","coordinates":[[[[121.735079,25.110668],[121.735698,25.110651],[121.735996,25.110623],[121.736538,25.110623],[121.736538,25.110598],[121.735995,25.110599],[121.735696,25.110626],[121.735078,25.110644],[121.735079,25.110668]]]]}},{"type":"Feature","properties":{"n":"尚仁街(靠山璧)01","v":"暖暖區","w":1.2,"c":1.2,"r":null},"geometry":{"type":"MultiPolygon","coordinates":[[[[121.731778,25.111796],[121.730312,25.111632],[121.73031,25.111643],[121.731777,25.111807],[121.731778,25.111796]]]]}},{"type":"Feature","properties":{"n":"尚仁街(靠抽水站)02","v":"暖暖區","w":1,"c":1,"r":null},"geometry":{"type":"MultiPolygon","coordinates":[[[[121.730294,25.111586],[121.729973,25.111499],[121.729861,25.111433],[121.729856,25.111441],[121.729969,25.111507],[121.730291,25.111594],[121.730294,25.111586]]]]}},{"type":"Feature","properties":{"n":"尚仁街(斜撐式)03","v":"暖暖區","w":1,"c":1,"r":null},"geometry":{"type":"MultiPolygon","coordinates":[[[[121.729654,25.111349],[121.728964,25.111183],[121.728962,25.111191],[121.729652,25.111358],[121.729654,25.111349]]]]}},{"type":"Feature","properties":{"n":"麥金路01","v":"暖暖區","w":1.5,"c":1.5,"r":null},"geometry":{"type":"MultiPolygon","coordinates":[[[[121.728576,25.114516],[121.728566,25.114506],[121.728401,25.114632],[121.727671,25.115098],[121.727396,25.11528],[121.727404,25.115291],[121.72768,25.115109],[121.72841,25.114642],[121.728576,25.114516]]]]}},{"type":"Feature","properties":{"n":"深美街_01","v":"信義區","w":1.5,"c":1.2,"r":2},"geometry":{"type":"MultiPolygon","coordinates":[[[[121.778814,25.136736],[121.780234,25.135603],[121.781143,25.134908],[121.783061,25.134972],[121.783061,25.134965],[121.781135,25.134901],[121.780116,25.13568],[121.778811,25.136721],[121.778814,25.136736]]]]}},{"type":"Feature","properties":{"n":"深美街_02","v":"信義區","w":1.5,"c":1.2,"r":2},"geometry":{"type":"MultiPolygon","coordinates":[[[[121.778802,25.136712],[121.780053,25.135714],[121.780695,25.135217],[121.781123,25.134892],[121.783052,25.134958],[121.783055,25.134949],[121.781118,25.134882],[121.780705,25.135195],[121.779964,25.13577],[121.778798,25.1367],[121.778802,25.136712]]]]}},{"type":"Feature","properties":{"n":"明德二路01","v":"七堵區","w":1.72,"c":1.72,"r":4},"geometry":{"type":"MultiPolygon","coordinates":[[[[121.710808,25.092699],[121.710831,25.092679],[121.708893,25.091389],[121.708619,25.091199],[121.708356,25.091028],[121.707717,25.090367],[121.707692,25.090377],[121.708343,25.091053],[121.708473,25.091142],[121.708679,25.09127],[121.710808,25.092699]]]]}},{"type":"Feature","properties":{"n":"大華二路01","v":"七堵區","w":1.2,"c":0.9,"r":2},"geometry":{"type":"MultiPolygon","coordinates":[[[[121.696606,25.10445],[121.69666,25.104441],[121.696371,25.103506],[121.695613,25.103004],[121.695507,25.102842],[121.695671,25.102239],[121.696454,25.101509],[121.697828,25.101273],[121.69811,25.1011],[121.698414,25.101013],[121.699054,25.101096],[121.699389,25.100855],[121.699714,25.100844],[121.700582,25.100429],[121.700947,25.099988],[121.70108,25.099347],[121.700515,25.097783],[121.700473,25.097783],[121.700804,25.098804],[121.701027,25.099357],[121.700956,25.099625],[121.700884,25.099979],[121.70053,25.10041],[121.700153,25.100613],[121.699651,25.100797],[121.699367,25.100808],[121.699221,25.100894],[121.699022,25.101048],[121.69877,25.100973],[121.69835,25.100956],[121.698057,25.101043],[121.697764,25.101245],[121.696433,25.101471],[121.695608,25.102211],[121.695433,25.102842],[121.695549,25.103023],[121.696297,25.103535],[121.696606,25.10445]]]]}},{"type":"Feature","properties":{"n":"福三街01","v":"七堵區","w":3.5,"c":3,"r":4},"geometry":{"type":"MultiPolygon","coordinates":[[[[121.697933,25.081943],[121.697913,25.081943],[121.697525,25.084011],[121.697551,25.084022],[121.697933,25.081943]]]]}},{"type":"Feature","properties":{"n":"百五街01","v":"七堵區","w":3.7,"c":2.7,"r":2},"geometry":{"type":"MultiPolygon","coordinates":[[[[121.69755,25.084036],[121.697543,25.084048],[121.698699,25.084245],[121.699188,25.082691],[121.699175,25.082667],[121.698685,25.084222],[121.69755,25.084036]]]]}},{"type":"Feature","properties":{"n":"百三街01","v":"七堵區","w":3.5,"c":3,"r":2},"geometry":{"type":"MultiPolygon","coordinates":[[[[121.69793,25.081955],[121.698625,25.081951],[121.698861,25.081998],[121.69898,25.082081],[121.699085,25.082188],[121.699178,25.082391],[121.699166,25.082647],[121.69918,25.082647],[121.699187,25.082388],[121.699092,25.082178],[121.698989,25.082076],[121.698868,25.081991],[121.698629,25.081942],[121.697924,25.081947],[121.69793,25.081955]]]]}},{"type":"Feature","properties":{"n":"樂利三街03","v":"安樂區","w":2,"c":0.85,"r":1},"geometry":{"type":"MultiPolygon","coordinates":[[[[121.717793,25.129287],[121.717793,25.129275],[121.717087,25.129183],[121.716609,25.12901],[121.713722,25.127629],[121.713715,25.127652],[121.716638,25.12903],[121.71708,25.129188],[121.717793,25.129287]]]]}},{"type":"Feature","properties":{"n":"樂利三街04","v":"安樂區","w":2.15,"c":1.5,"r":0},"geometry":{"type":"MultiPolygon","coordinates":[[[[121.717786,25.129263],[121.717786,25.129249],[121.717098,25.129166],[121.716636,25.128991],[121.71372,25.127606],[121.713715,25.127618],[121.71664,25.129001],[121.717092,25.129173],[121.717786,25.129263]]]]}},{"type":"Feature","properties":{"n":"東碇路01","v":"暖暖區","w":1.5,"c":1.5,"r":4},"geometry":{"type":"MultiPolygon","coordinates":[[[[121.748692,25.095274],[121.748695,25.095283],[121.749093,25.09521],[121.749701,25.095192],[121.749948,25.095215],[121.751182,25.095445],[121.752264,25.095626],[121.753217,25.09574],[121.753726,25.095788],[121.753981,25.095868],[121.7545,25.096176],[121.75451,25.096171],[121.753992,25.095861],[121.753723,25.095778],[121.753346,25.095745],[121.752248,25.095614],[121.751203,25.09544],[121.749943,25.095205],[121.749686,25.09518],[121.749297,25.095189],[121.749093,25.095202],[121.748692,25.095274]]]]}},{"type":"Feature","properties":{"n":"東碇路02","v":"暖暖區","w":1.5,"c":1,"r":4},"geometry":{"type":"MultiPolygon","coordinates":[[[[121.749769,25.097179],[121.749608,25.097272],[121.748871,25.097291],[121.748828,25.097247],[121.748817,25.095365],[121.748788,25.095377],[121.748785,25.097262],[121.748855,25.097323],[121.749622,25.097294],[121.749788,25.097204],[121.749769,25.097179]]]]}},{"type":"Feature","properties":{"n":"暖暖街01","v":"暖暖區","w":1.5,"c":1.5,"r":4},"geometry":{"type":"MultiPolygon","coordinates":[[[[121.735671,25.092612],[121.735678,25.092618],[121.735524,25.093276],[121.735389,25.093742],[121.734624,25.095185],[121.734664,25.095209],[121.735409,25.093748],[121.735551,25.0933],[121.735717,25.092618],[121.735671,25.092612]]]]}},{"type":"Feature","properties":{"n":"麥金路07","v":"安樂區","w":3,"c":2.2,"r":3},"geometry":{"type":"MultiPolygon","coordinates":[[[[121.721994,25.120345],[121.722007,25.12035],[121.72203,25.120226],[121.722305,25.12005],[121.722486,25.120104],[121.722507,25.120087],[121.722302,25.120036],[121.722022,25.120216],[121.721994,25.120345]]]]}},{"type":"Feature","properties":{"n":"中山一路01","v":"中山區","w":4.5,"c":4.5,"r":5},"geometry":{"type":"MultiPolygon","coordinates":[[[[121.736677,25.129731],[121.73665,25.129744],[121.736934,25.130128],[121.737143,25.130395],[121.737513,25.130783],[121.737708,25.13101],[121.737815,25.13115],[121.737922,25.131306],[121.738169,25.131699],[121.738421,25.132122],[121.738486,25.132195],[121.738486,25.132136],[121.738443,25.132083],[121.737992,25.13135],[121.737696,25.130926],[121.737202,25.130406],[121.736779,25.129877],[121.736677,25.129731]]]]}},{"type":"Feature","properties":{"n":"中山一路02","v":"中山區","w":3,"c":2.5,"r":1},"geometry":{"type":"MultiPolygon","coordinates":[[[[121.736893,25.13031],[121.736886,25.130323],[121.736959,25.130408],[121.737171,25.1307],[121.737499,25.131192],[121.737615,25.131352],[121.738201,25.132281],[121.738209,25.132274],[121.738116,25.132115],[121.737974,25.131894],[121.737646,25.131366],[121.737011,25.130451],[121.736893,25.13031]]]]}},{"type":"Feature","properties":{"n":"基金一路208巷03","v":"安樂區","w":2.5,"c":2.5,"r":0},"geometry":{"type":"MultiPolygon","coordinates":[[[[121.709864,25.142067],[121.709827,25.142089],[121.7101,25.142563],[121.710138,25.142732],[121.710148,25.14314],[121.710115,25.143776],[121.710085,25.143946],[121.709963,25.144142],[121.709689,25.144495],[121.70922,25.145469],[121.70912,25.145962],[121.708944,25.14639],[121.708782,25.146852],[121.708585,25.14729],[121.708616,25.147306],[121.708811,25.146873],[121.709152,25.145976],[121.709246,25.145469],[121.709721,25.144494],[121.709973,25.144176],[121.710114,25.14396],[121.710147,25.143785],[121.710177,25.143157],[121.710175,25.14273],[121.710132,25.142548],[121.709864,25.142072],[121.709864,25.142067]]]]}},{"type":"Feature","properties":{"n":"七堵地下道02","v":"七堵區","w":1.5,"c":1.5,"r":2},"geometry":{"type":"MultiPolygon","coordinates":[[[[121.715722,25.097149],[121.715733,25.097151],[121.716848,25.094951],[121.71684,25.094944],[121.715722,25.097149]]]]}},{"type":"Feature","properties":{"n":"國安路01","v":"暖暖區","w":9,"c":9,"r":2},"geometry":{"type":"MultiPolygon","coordinates":[[[[121.734907,25.111532],[121.734918,25.111541],[121.735027,25.111405],[121.735009,25.111391],[121.734907,25.111532]]]]}},{"type":"Feature","properties":{"n":"過港路?","v":"暖暖區","w":1.5,"c":1.5,"r":6},"geometry":{"type":"MultiPolygon","coordinates":[[[[121.737294,25.105365],[121.737289,25.105362],[121.737292,25.105377],[121.737294,25.105365]]]]}},{"type":"Feature","properties":{"n":"暖碇路01","v":"暖暖區","w":2,"c":2,"r":3},"geometry":{"type":"MultiPolygon","coordinates":[[[[121.755324,25.096719],[121.757287,25.097715],[121.757899,25.098287],[121.75792,25.098263],[121.757371,25.097721],[121.757271,25.097662],[121.756492,25.097277],[121.755347,25.0967],[121.755319,25.096714],[121.755327,25.096714],[121.755324,25.096719]]]]}},{"type":"Feature","properties":{"n":"源遠路07","v":"暖暖區","w":2,"c":100,"r":2},"geometry":{"type":"MultiPolygon","coordinates":[[[[121.757991,25.09833],[121.757968,25.098339],[121.758245,25.098601],[121.758326,25.098667],[121.758345,25.098717],[121.758337,25.098775],[121.758317,25.098842],[121.758246,25.098909],[121.758254,25.098916],[121.758268,25.098916],[121.758346,25.098827],[121.758361,25.098765],[121.758366,25.098686],[121.757991,25.09833]]]]}},{"type":"Feature","properties":{"n":"源遠路292巷01","v":"暖暖區","w":2,"c":2,"r":2},"geometry":{"type":"MultiPolygon","coordinates":[[[[121.758191,25.098991],[121.75818,25.09897],[121.75808,25.099348],[121.758093,25.099355],[121.758191,25.098991]]]]}},{"type":"Feature","properties":{"n":"暖碇路01","v":"暖暖區","w":2,"c":2,"r":2},"geometry":{"type":"MultiPolygon","coordinates":[[[[121.755379,25.096571],[121.755366,25.096588],[121.757195,25.097503],[121.757403,25.097603],[121.758297,25.09842],[121.758453,25.098572],[121.758472,25.09865],[121.758485,25.098636],[121.758466,25.098562],[121.758368,25.098443],[121.758118,25.098215],[121.757405,25.097583],[121.755382,25.096574],[121.755379,25.096571]]]]}},{"type":"Feature","properties":{"n":"源遠路292巷","v":"暖暖區","w":2,"c":2,"r":2},"geometry":{"type":"MultiPolygon","coordinates":[[[[121.75853,25.098732],[121.758317,25.09903],[121.758278,25.099123],[121.758214,25.099367],[121.758227,25.099369],[121.758294,25.099111],[121.758546,25.098744],[121.758551,25.098735],[121.758533,25.098725],[121.75853,25.098732]]]]}},{"type":"Feature","properties":{"n":"暖暖街?","v":"暖暖區","w":3.1,"c":2,"r":3},"geometry":{"type":"MultiPolygon","coordinates":[[[[121.735928,25.100463],[121.735928,25.100445],[121.735915,25.100445],[121.735928,25.100463]]]]}},{"type":"Feature","properties":{"n":"暖暖街?","v":"暖暖區","w":3.1,"c":2,"r":3},"geometry":{"type":"MultiPolygon","coordinates":[[[[121.735289,25.098693],[121.734933,25.098324],[121.734999,25.098491],[121.735132,25.098777],[121.735289,25.098693]]]]}},{"type":"Feature","properties":{"n":"源遠路01","v":"暖暖區","w":1.1,"c":0.3,"r":4},"geometry":{"type":"MultiPolygon","coordinates":[[[[121.739556,25.102768],[121.73955,25.10278],[121.73955,25.102798],[121.739989,25.10273],[121.740231,25.102687],[121.740225,25.102657],[121.740067,25.102676],[121.739904,25.102713],[121.739556,25.102768]]]]}},{"type":"Feature","properties":{"n":"源遠路02","v":"暖暖區","w":1.2,"c":1.2,"r":2},"geometry":{"type":"MultiPolygon","coordinates":[[[[121.745172,25.101952],[121.745302,25.101826],[121.745464,25.101532],[121.745432,25.101533],[121.745289,25.101808],[121.745159,25.101934],[121.745172,25.101958],[121.745172,25.101952]]]]}},{"type":"Feature","properties":{"n":"暖暖街01","v":"暖暖區","w":3,"c":2.4,"r":2},"geometry":{"type":"MultiPolygon","coordinates":[[[[121.737162,25.092754],[121.738153,25.092862],[121.738705,25.093093],[121.738882,25.093145],[121.738895,25.09311],[121.738678,25.093045],[121.738159,25.092839],[121.737168,25.092724],[121.737175,25.092748],[121.737162,25.092754]]]]}},{"type":"Feature","properties":{"n":"碇內街03","v":"暖暖區","w":1.8,"c":0.8,"r":6},"geometry":{"type":"MultiPolygon","coordinates":[[[[121.754554,25.098603],[121.754874,25.097252],[121.755198,25.096695],[121.755191,25.096594],[121.754533,25.096251],[121.75452,25.096287],[121.755152,25.096618],[121.755152,25.096695],[121.754834,25.097228],[121.754521,25.098592],[121.754548,25.098597],[121.754554,25.098603]]]]}},{"type":"Feature","properties":{"n":"源遠路325巷(原源遠路01)","v":"暖暖區","w":1.3,"c":0.7,"r":6},"geometry":{"type":"MultiPolygon","coordinates":[[[[121.755558,25.10068],[121.755556,25.100687],[121.755811,25.100758],[121.756077,25.10077],[121.757409,25.100606],[121.757867,25.100391],[121.758125,25.099898],[121.758189,25.099531],[121.758149,25.099516],[121.758071,25.099915],[121.757913,25.10024],[121.757767,25.100403],[121.757384,25.100564],[121.756089,25.100734],[121.755842,25.100726],[121.755579,25.100649],[121.755558,25.10068]]]]}},{"type":"Feature","properties":{"n":"源遠路193巷(原源遠路02)","v":"暖暖區","w":1.3,"c":0.8,"r":2},"geometry":{"type":"MultiPolygon","coordinates":[[[[121.751502,25.098401],[121.751512,25.099009],[121.755456,25.100607],[121.755467,25.100587],[121.75154,25.098983],[121.75153,25.0984],[121.751502,25.098401]]]]}},{"type":"Feature","properties":{"n":"中正路01","v":"中正區","w":2,"c":1.8,"r":5},"geometry":{"type":"MultiPolygon","coordinates":[[[[121.748267,25.136749],[121.748259,25.136756],[121.748434,25.13701],[121.749334,25.137505],[121.749342,25.137496],[121.748442,25.136998],[121.748267,25.136749]]]]}},{"type":"Feature","properties":{"n":"中正路02","v":"中正區","w":1.5,"c":0.6,"r":4},"geometry":{"type":"MultiPolygon","coordinates":[[[[121.749579,25.137662],[121.749572,25.137674],[121.750748,25.138324],[121.750754,25.138315],[121.749579,25.137662]]]]}},{"type":"Feature","properties":{"n":"中正路03","v":"中正區","w":2.4,"c":1.8,"r":3},"geometry":{"type":"MultiPolygon","coordinates":[[[[121.750963,25.138431],[121.750961,25.138443],[121.752524,25.139297],[121.752532,25.13929],[121.750963,25.138431]]]]}},{"type":"Feature","properties":{"n":"中正路04","v":"中正區","w":2.3,"c":1.8,"r":12},"geometry":{"type":"MultiPolygon","coordinates":[[[[121.753261,25.139059],[121.753254,25.139074],[121.753377,25.139121],[121.753477,25.139125],[121.754679,25.139523],[121.754832,25.139632],[121.755461,25.140364],[121.755766,25.140542],[121.756665,25.140857],[121.756886,25.140854],[121.757229,25.140742],[121.757221,25.140728],[121.756878,25.140842],[121.756676,25.140845],[121.755776,25.140532],[121.755476,25.140357],[121.75532,25.140186],[121.754842,25.139622],[121.754692,25.139513],[121.754284,25.139369],[121.753485,25.139115],[121.753377,25.139104],[121.753261,25.139059]]]]}},{"type":"Feature","properties":{"n":"中正路05","v":"中正區","w":2.1,"c":1.5,"r":1},"geometry":{"type":"MultiPolygon","coordinates":[[[[121.75621,25.140825],[121.756217,25.140813],[121.755833,25.14067],[121.755331,25.140548],[121.755029,25.140442],[121.754441,25.139922],[121.754164,25.139799],[121.753355,25.139545],[121.753265,25.139551],[121.753171,25.139592],[121.753161,25.139625],[121.753177,25.13963],[121.753187,25.139592],[121.753271,25.139562],[121.753357,25.139557],[121.754175,25.139816],[121.754422,25.139932],[121.754583,25.14006],[121.755019,25.140449],[121.755313,25.140558],[121.755828,25.140682],[121.75621,25.140825]]]]}},{"type":"Feature","properties":{"n":"北寧路01","v":"中正區","w":2.5,"c":0.9,"r":1},"geometry":{"type":"MultiPolygon","coordinates":[[[[121.772923,25.150984],[121.772915,25.150996],[121.77316,25.15103],[121.773789,25.151001],[121.77547,25.150825],[121.775617,25.150826],[121.775849,25.15088],[121.776138,25.150996],[121.776169,25.151],[121.776204,25.150993],[121.776201,25.150979],[121.776143,25.150984],[121.775843,25.150861],[121.775604,25.15081],[121.775473,25.150808],[121.774547,25.150896],[121.773789,25.150984],[121.773167,25.151016],[121.772923,25.150984]]]]}},{"type":"Feature","properties":{"n":"北寧路02","v":"中正區","w":2.5,"c":1.4,"r":6},"geometry":{"type":"MultiPolygon","coordinates":[[[[121.776692,25.15123],[121.776687,25.151245],[121.776866,25.151273],[121.777128,25.151235],[121.778417,25.150894],[121.779991,25.150444],[121.781247,25.149869],[121.781239,25.149859],[121.779994,25.150427],[121.778362,25.15089],[121.77712,25.151219],[121.776863,25.151256],[121.776692,25.15123]]]]}},{"type":"Feature","properties":{"n":"北寧路03","v":"中正區","w":3.7,"c":2.4,"r":4},"geometry":{"type":"MultiPolygon","coordinates":[[[[121.774347,25.151059],[121.775118,25.150971],[121.775168,25.151021],[121.77517,25.151011],[121.775118,25.150952],[121.774349,25.151044],[121.774347,25.151059]]]]}},{"type":"Feature","properties":{"n":"北寧路04","v":"中正區","w":3.8,"c":2.8,"r":8},"geometry":{"type":"MultiPolygon","coordinates":[[[[121.775471,25.150942],[121.775676,25.150957],[121.775966,25.151054],[121.77635,25.15125],[121.776563,25.151342],[121.776752,25.151379],[121.776965,25.151376],[121.777127,25.151351],[121.777646,25.151219],[121.779485,25.150708],[121.78008,25.150535],[121.780567,25.15033],[121.781409,25.149948],[121.781987,25.149594],[121.782311,25.149387],[121.782509,25.14919],[121.782579,25.149103],[121.78274,25.148837],[121.782764,25.148789],[121.782753,25.148789],[121.782642,25.148976],[121.782527,25.149154],[121.782303,25.149372],[121.781414,25.149931],[121.780061,25.150526],[121.777148,25.151329],[121.776959,25.151364],[121.776755,25.15136],[121.77656,25.151325],[121.775979,25.151039],[121.775692,25.150943],[121.775479,25.150927],[121.775471,25.150942]]]]}},{"type":"Feature","properties":{"n":"北寧路05","v":"中正區","w":3.6,"c":2,"r":4},"geometry":{"type":"MultiPolygon","coordinates":[[[[121.7833,25.147869],[121.783396,25.147642],[121.783687,25.146312],[121.783805,25.145963],[121.783943,25.145809],[121.784236,25.145602],[121.785331,25.144901],[121.78532,25.144889],[121.784259,25.145566],[121.783941,25.145788],[121.783797,25.145951],[121.783674,25.146303],[121.78338,25.147625],[121.78329,25.147867],[121.7833,25.147869]]]]}},{"type":"Feature","properties":{"n":"平浪橋01","v":"中正區","w":2,"c":1.6,"r":2},"geometry":{"type":"MultiPolygon","coordinates":[[[[121.801668,25.140096],[121.801663,25.140112],[121.801729,25.140167],[121.801776,25.140229],[121.801827,25.140336],[121.801868,25.140589],[121.801874,25.140778],[121.801775,25.141199],[121.80177,25.141299],[121.801994,25.141766],[121.802145,25.142123],[121.802228,25.142254],[121.802375,25.142387],[121.802478,25.142454],[121.802486,25.142444],[121.802383,25.142375],[121.80223,25.142235],[121.802153,25.142116],[121.801924,25.141554],[121.801786,25.141294],[121.80179,25.141199],[121.801895,25.140773],[121.801886,25.140587],[121.801845,25.140329],[121.801797,25.140222],[121.801742,25.140155],[121.801668,25.140096]]]]}},{"type":"Feature","properties":{"n":"平浪橋02","v":"中正區","w":2,"c":1.6,"r":1},"geometry":{"type":"MultiPolygon","coordinates":[[[[121.801638,25.140163],[121.801715,25.140215],[121.801773,25.14032],[121.801797,25.140422],[121.801817,25.140592],[121.801826,25.140792],[121.801713,25.141204],[121.801706,25.141314],[121.801722,25.141347],[121.80173,25.14134],[121.801716,25.141306],[121.801729,25.141199],[121.801839,25.140797],[121.80183,25.140575],[121.801813,25.140422],[121.801789,25.140317],[121.80173,25.140212],[121.801646,25.140156],[121.801638,25.140163]]]]}},{"type":"Feature","properties":{"n":"北寧路369巷01","v":"中正區","w":2,"c":1.6,"r":1},"geometry":{"type":"MultiPolygon","coordinates":[[[[121.802645,25.142633],[121.802634,25.142652],[121.802989,25.143078],[121.80323,25.144256],[121.803375,25.144377],[121.803775,25.144595],[121.804867,25.145435],[121.804955,25.145561],[121.805198,25.146226],[121.805208,25.146216],[121.805045,25.145754],[121.80496,25.145539],[121.80487,25.145425],[121.803796,25.144597],[121.803375,25.144361],[121.803243,25.144244],[121.80301,25.143073],[121.802946,25.142992],[121.802645,25.142633]]]]}},{"type":"Feature","properties":{"n":"北寧路369巷02","v":"中正區","w":2,"c":1.6,"r":4},"geometry":{"type":"MultiPolygon","coordinates":[[[[121.805223,25.146559],[121.805239,25.146559],[121.804878,25.145548],[121.804851,25.145503],[121.803825,25.144677],[121.803269,25.144344],[121.803216,25.144287],[121.803155,25.144163],[121.802949,25.143068],[121.802914,25.143034],[121.802446,25.14248],[121.802436,25.142485],[121.802833,25.142958],[121.802914,25.143049],[121.802944,25.143111],[121.803074,25.143831],[121.803145,25.14416],[121.803196,25.144287],[121.803248,25.144346],[121.803391,25.144439],[121.803815,25.144687],[121.804274,25.145076],[121.804838,25.145517],[121.804868,25.145556],[121.805223,25.146559]]]]}},{"type":"Feature","properties":{"n":"正榮街","v":"中正區","w":1.5,"c":0.6,"r":0},"geometry":{"type":"MultiPolygon","coordinates":[[[[121.761325,25.143491],[121.761549,25.143638],[121.761736,25.143831],[121.761899,25.144207],[121.76199,25.144558],[121.762072,25.145049],[121.762105,25.145343],[121.762113,25.145341],[121.762069,25.144978],[121.762,25.144558],[121.761906,25.144205],[121.761747,25.143826],[121.761556,25.143633],[121.761317,25.143477],[121.761325,25.143491]]]]}},{"type":"Feature","properties":{"n":"正豐街","v":"中正區","w":1.3,"c":1,"r":6},"geometry":{"type":"MultiPolygon","coordinates":[[[[121.758211,25.140591],[121.758206,25.140601],[121.758652,25.140618],[121.758974,25.140559],[121.759622,25.140522],[121.76009,25.140677],[121.76009,25.14067],[121.759622,25.140515],[121.758972,25.140551],[121.758649,25.14061],[121.758211,25.140591]]]]}},{"type":"Feature","properties":{"n":"正濱路","v":"中正區","w":4.6,"c":1.7,"r":2},"geometry":{"type":"MultiPolygon","coordinates":[[[[121.770208,25.152552],[121.769171,25.153331],[121.769017,25.153466],[121.769028,25.153478],[121.769179,25.153341],[121.770213,25.152567],[121.770208,25.152552]]]]}},{"type":"Feature","properties":{"n":"和平橋01","v":"中正區","w":1.3,"c":0.8,"r":2},"geometry":{"type":"MultiPolygon","coordinates":[[[[121.769017,25.15348],[121.768597,25.154249],[121.768607,25.154256],[121.76902,25.153495],[121.769017,25.15348]]]]}},{"type":"Feature","properties":{"n":"和平橋02","v":"中正區","w":2.6,"c":2.6,"r":2},"geometry":{"type":"MultiPolygon","coordinates":[[[[121.769133,25.153621],[121.76912,25.153618],[121.76876,25.154287],[121.76877,25.154296],[121.769133,25.153621]]]]}},{"type":"Feature","properties":{"n":"和一路二巷","v":"中正區","w":3,"c":2,"r":4},"geometry":{"type":"MultiPolygon","coordinates":[[[[121.768787,25.154315],[121.768777,25.15432],[121.768907,25.15452],[121.769831,25.155444],[121.770631,25.156255],[121.770808,25.156392],[121.771014,25.156525],[121.772442,25.157084],[121.772566,25.157095],[121.772563,25.157081],[121.772447,25.157069],[121.771027,25.156511],[121.770811,25.156378],[121.770644,25.156243],[121.769725,25.155311],[121.768915,25.154508],[121.768787,25.154315]]]]}},{"type":"Feature","properties":{"n":"和平島汙水處理廠聯外道路01","v":"中正區","w":1.8,"c":1.5,"r":2},"geometry":{"type":"MultiPolygon","coordinates":[[[[121.772566,25.157073],[121.772566,25.157085],[121.772671,25.157042],[121.772718,25.15696],[121.773273,25.155225],[121.77326,25.155218],[121.773103,25.155723],[121.772838,25.156539],[121.772699,25.156958],[121.77266,25.15703],[121.772566,25.157073]]]]}},{"type":"Feature","properties":{"n":"和平島汙水處理廠聯外道路02","v":"中正區","w":1.8,"c":1.1,"r":10},"geometry":{"type":"MultiPolygon","coordinates":[[[[121.775469,25.150945],[121.775461,25.150935],[121.775359,25.151],[121.775209,25.151281],[121.77438,25.152978],[121.773779,25.154224],[121.773654,25.154497],[121.773541,25.154786],[121.773379,25.155269],[121.772753,25.157227],[121.772769,25.157234],[121.772933,25.156693],[121.773471,25.15503],[121.773634,25.154597],[121.773763,25.154305],[121.774439,25.15289],[121.77524,25.151252],[121.775372,25.151007],[121.775469,25.150945]]]]}},{"type":"Feature","properties":{"n":"和豐街","v":"中正區","w":1.8,"c":1.1,"r":12},"geometry":{"type":"MultiPolygon","coordinates":[[[[121.795999,25.135982],[121.795997,25.135968],[121.795952,25.135966],[121.79517,25.136314],[121.795029,25.136448],[121.79494,25.136566],[121.794747,25.136698],[121.79401,25.136803],[121.793871,25.136806],[121.793698,25.136749],[121.793553,25.136638],[121.793339,25.136433],[121.793215,25.136358],[121.793092,25.136339],[121.792921,25.136374],[121.79273,25.13648],[121.792556,25.136648],[121.792416,25.137016],[121.792325,25.137141],[121.791381,25.137987],[121.791219,25.138067],[121.791051,25.138108],[121.790868,25.138121],[121.789226,25.137865],[121.789129,25.137868],[121.789134,25.13788],[121.789226,25.137874],[121.790865,25.138133],[121.791049,25.138118],[121.791227,25.138076],[121.791381,25.138001],[121.792331,25.137153],[121.792432,25.137021],[121.792566,25.136655],[121.792749,25.136482],[121.792934,25.136383],[121.793094,25.136354],[121.793213,25.13637],[121.793313,25.136431],[121.793534,25.136643],[121.793687,25.136759],[121.793861,25.136815],[121.794008,25.136819],[121.79475,25.136715],[121.794946,25.136583],[121.795032,25.136465],[121.795185,25.136326],[121.79596,25.135975],[121.795999,25.135982]]]]}},{"type":"Feature","properties":{"n":"祥豐街01","v":"中正區","w":2.1,"c":0.7,"r":5},"geometry":{"type":"MultiPolygon","coordinates":[[[[121.76187,25.1412],[121.761865,25.14121],[121.762202,25.141354],[121.763714,25.141977],[121.763727,25.141965],[121.762283,25.141375],[121.76187,25.1412]]]]}},{"type":"Feature","properties":{"n":"祥豐街02","v":"中正區","w":2.6,"c":1.2,"r":3},"geometry":{"type":"MultiPolygon","coordinates":[[[[121.763622,25.142021],[121.763627,25.142012],[121.76353,25.141952],[121.762982,25.141723],[121.761959,25.14133],[121.761849,25.14133],[121.761849,25.141342],[121.761959,25.141342],[121.76303,25.141757],[121.763519,25.14196],[121.763622,25.142021]]]]}},{"type":"Feature","properties":{"n":"祥豐街03","v":"中正區","w":2,"c":2.4,"r":7},"geometry":{"type":"MultiPolygon","coordinates":[[[[121.76771,25.144577],[121.767705,25.144591],[121.768293,25.144989],[121.768984,25.145549],[121.769555,25.145869],[121.769898,25.146144],[121.770252,25.146489],[121.770395,25.146681],[121.771278,25.148193],[121.771731,25.149326],[121.771742,25.149316],[121.771297,25.148198],[121.77101,25.147712],[121.770408,25.146657],[121.770262,25.146477],[121.769911,25.146134],[121.769571,25.145861],[121.768994,25.14554],[121.768293,25.14497],[121.768203,25.144916],[121.76771,25.144577]]]]}},{"type":"Feature","properties":{"n":"立德路01","v":"中正區","w":2.5,"c":1.6,"r":8},"geometry":{"type":"MultiPolygon","coordinates":[[[[121.767707,25.144558],[121.767752,25.144493],[121.767801,25.144472],[121.767875,25.14449],[121.767933,25.144492],[121.768724,25.144347],[121.769026,25.144272],[121.769254,25.144268],[121.769338,25.144251],[121.76955,25.14414],[121.769685,25.143977],[121.769797,25.143821],[121.769915,25.143785],[121.770311,25.143754],[121.770731,25.143776],[121.771296,25.143462],[121.771526,25.143358],[121.771654,25.143324],[121.772025,25.143384],[121.772216,25.143331],[121.772422,25.143208],[121.772474,25.143126],[121.772591,25.142875],[121.772679,25.142765],[121.772854,25.142628],[121.772956,25.142539],[121.773021,25.142471],[121.77305,25.142383],[121.773044,25.14229],[121.772964,25.142111],[121.77294,25.142025],[121.772931,25.141954],[121.772985,25.141784],[121.773063,25.141671],[121.773089,25.141602],[121.773081,25.141523],[121.773007,25.141425],[121.772912,25.141388],[121.772741,25.141362],[121.772657,25.141327],[121.772573,25.141256],[121.772351,25.14098],[121.772355,25.140908],[121.772397,25.140838],[121.772481,25.140809],[121.772596,25.140814],[121.772686,25.140854],[121.772786,25.140946],[121.77287,25.141039],[121.772984,25.141108],[121.773112,25.141126],[121.773307,25.14112],[121.773529,25.141083],[121.773639,25.141057],[121.773679,25.14109],[121.773711,25.14113],[121.773719,25.141226],[121.773732,25.141226],[121.773721,25.141121],[121.773645,25.141042],[121.773304,25.141106],[121.77311,25.141112],[121.772994,25.141093],[121.772881,25.141027],[121.772701,25.140844],[121.772604,25.140802],[121.772483,25.140797],[121.772397,25.140822],[121.772347,25.140903],[121.772332,25.140982],[121.772573,25.141282],[121.772649,25.141341],[121.772736,25.141379],[121.772902,25.1414],[121.772996,25.141435],[121.773068,25.141532],[121.773066,25.141614],[121.77305,25.141676],[121.772972,25.141784],[121.772916,25.141958],[121.772959,25.142156],[121.773028,25.142297],[121.773034,25.142388],[121.773005,25.142476],[121.77269,25.142743],[121.77258,25.142853],[121.772412,25.143198],[121.772213,25.143316],[121.772017,25.143368],[121.771646,25.143307],[121.771515,25.143344],[121.771282,25.14345],[121.770723,25.143764],[121.770326,25.143742],[121.769907,25.14377],[121.769799,25.143804],[121.769542,25.14413],[121.769338,25.144241],[121.769222,25.144259],[121.769007,25.144255],[121.768708,25.144333],[121.767893,25.144478],[121.767817,25.144462],[121.767754,25.14446],[121.767715,25.144508],[121.767697,25.144553],[121.767707,25.144558]]]]}},{"type":"Feature","properties":{"n":"立德路02","v":"中正區","w":1.6,"c":1.6,"r":6},"geometry":{"type":"MultiPolygon","coordinates":[[[[121.773787,25.140977],[121.774184,25.140253],[121.774186,25.140153],[121.774131,25.140084],[121.774049,25.140053],[121.773097,25.140161],[121.772987,25.14015],[121.772874,25.140076],[121.772812,25.139881],[121.772704,25.139322],[121.772506,25.138791],[121.772511,25.138705],[121.77257,25.138561],[121.77256,25.138499],[121.772512,25.138449],[121.771718,25.137785],[121.771302,25.137526],[121.771202,25.13745],[121.77118,25.137353],[121.771206,25.137298],[121.771261,25.137281],[121.771253,25.137269],[121.771206,25.137286],[121.771172,25.137348],[121.771186,25.137453],[121.771297,25.137543],[121.771708,25.137797],[121.772533,25.13849],[121.772557,25.138564],[121.772493,25.138707],[121.772491,25.13881],[121.772688,25.139323],[121.772797,25.139888],[121.77285,25.140074],[121.772969,25.140159],[121.773126,25.140185],[121.774041,25.14007],[121.774128,25.140094],[121.774171,25.14016],[121.774169,25.140256],[121.773772,25.140975],[121.773787,25.140977]]]]}},{"type":"Feature","properties":{"n":"新豐街01","v":"中正區","w":1.8,"c":1.3,"r":3},"geometry":{"type":"MultiPolygon","coordinates":[[[[121.789748,25.140033],[121.789731,25.140036],[121.789987,25.140713],[121.789985,25.140835],[121.789632,25.14136],[121.789522,25.141883],[121.789218,25.142294],[121.788371,25.143177],[121.788363,25.143282],[121.788385,25.143327],[121.788408,25.143315],[121.788379,25.14328],[121.788384,25.143182],[121.789231,25.142303],[121.789541,25.141891],[121.78965,25.141362],[121.790002,25.140838],[121.790008,25.140713],[121.789748,25.140033]]]]}},{"type":"Feature","properties":{"n":"新豐街02","v":"中正區","w":1.5,"c":1,"r":10},"geometry":{"type":"MultiPolygon","coordinates":[[[[121.789591,25.139973],[121.789604,25.139968],[121.789409,25.139455],[121.789381,25.139195],[121.788931,25.13898],[121.788891,25.138928],[121.789021,25.13796],[121.789005,25.137917],[121.788998,25.137919],[121.789014,25.137969],[121.788878,25.138916],[121.788907,25.138976],[121.789371,25.139205],[121.789393,25.139444],[121.789436,25.139577],[121.789591,25.139973]]]]}},{"type":"Feature","properties":{"n":"新豐街03","v":"中正區","w":1.9,"c":0.9,"r":1},"geometry":{"type":"MultiPolygon","coordinates":[[[[121.789127,25.137885],[121.789114,25.137885],[121.788957,25.138834],[121.788995,25.138925],[121.789158,25.139003],[121.789166,25.138991],[121.789008,25.138917],[121.788973,25.138841],[121.789127,25.137885]]]]}},{"type":"Feature","properties":{"n":"義一路01","v":"中正區","w":2.5,"c":0.6,"r":5},"geometry":{"type":"MultiPolygon","coordinates":[[[[121.74808,25.136708],[121.748093,25.136701],[121.746695,25.134604],[121.746682,25.134596],[121.746635,25.134592],[121.746629,25.134604],[121.746682,25.134608],[121.74808,25.136708]]]]}},{"type":"Feature","properties":{"n":"義一路02","v":"中正區","w":1.5,"c":1,"r":2},"geometry":{"type":"MultiPolygon","coordinates":[[[[121.746574,25.134523],[121.746582,25.134523],[121.746608,25.134461],[121.746102,25.133694],[121.746028,25.133673],[121.746026,25.133683],[121.746099,25.133706],[121.746597,25.134463],[121.746574,25.134523]]]]}},{"type":"Feature","properties":{"n":"義一路03","v":"中正區","w":1.5,"c":1,"r":2},"geometry":{"type":"MultiPolygon","coordinates":[[[[121.745979,25.133613],[121.745987,25.133617],[121.746007,25.133562],[121.745496,25.132781],[121.745418,25.132763],[121.74541,25.132772],[121.745491,25.132791],[121.745997,25.133562],[121.745979,25.133613]]]]}},{"type":"Feature","properties":{"n":"義一路04","v":"中正區","w":1.5,"c":1.1,"r":3},"geometry":{"type":"MultiPolygon","coordinates":[[[[121.745358,25.13271],[121.745365,25.13271],[121.745391,25.132647],[121.744878,25.131876],[121.744862,25.131869],[121.744812,25.13186],[121.744812,25.131872],[121.744862,25.131878],[121.745378,25.132647],[121.745358,25.13271]]]]}},{"type":"Feature","properties":{"n":"義一路05","v":"中正區","w":3.5,"c":1.5,"r":2},"geometry":{"type":"MultiPolygon","coordinates":[[[[121.74439,25.130891],[121.744379,25.130889],[121.74439,25.130929],[121.74488,25.131667],[121.744943,25.131684],[121.744951,25.131672],[121.74489,25.131658],[121.7444,25.130927],[121.74439,25.130891]]]]}},{"type":"Feature","properties":{"n":"義一路06","v":"中正區","w":1.4,"c":0.7,"r":2},"geometry":{"type":"MultiPolygon","coordinates":[[[[121.745609,25.132678],[121.745596,25.13268],[121.745583,25.132738],[121.746099,25.133511],[121.746157,25.133518],[121.74616,25.133497],[121.746112,25.133495],[121.745596,25.132728],[121.745609,25.132678]]]]}},{"type":"Feature","properties":{"n":"義一路07","v":"中正區","w":1.5,"c":0.8,"r":1},"geometry":{"type":"MultiPolygon","coordinates":[[[[121.746201,25.133589],[121.746185,25.133584],[121.746177,25.133627],[121.746707,25.13442],[121.746762,25.134436],[121.746773,25.134424],[121.746723,25.134412],[121.746193,25.133624],[121.746201,25.133589]]]]}},{"type":"Feature","properties":{"n":"義一路08","v":"中正區","w":1.5,"c":0.8,"r":2},"geometry":{"type":"MultiPolygon","coordinates":[[[[121.746815,25.134507],[121.746801,25.134504],[121.746783,25.134538],[121.746789,25.134557],[121.7473,25.135314],[121.747313,25.135328],[121.747352,25.13535],[121.747358,25.135338],[121.747323,25.135321],[121.746799,25.134547],[121.746815,25.134507]]]]}},{"type":"Feature","properties":{"n":"義一路09","v":"中正區","w":1.5,"c":0.8,"r":2},"geometry":{"type":"MultiPolygon","coordinates":[[[[121.747425,25.135404],[121.747412,25.135399],[121.747399,25.135466],[121.747825,25.136123],[121.74787,25.13614],[121.74787,25.136128],[121.747841,25.136119],[121.747409,25.135457],[121.747425,25.135404]]]]}},{"type":"Feature","properties":{"n":"義一路10","v":"中正區","w":1.8,"c":1,"r":1},"geometry":{"type":"MultiPolygon","coordinates":[[[[121.747958,25.136195],[121.747945,25.136198],[121.747929,25.136248],[121.74826,25.136752],[121.748265,25.136743],[121.747937,25.136245],[121.747958,25.136195]]]]}},{"type":"Feature","properties":{"n":"義二路","v":"中正區","w":1.2,"c":0.8,"r":2},"geometry":{"type":"MultiPolygon","coordinates":[[[[121.748671,25.135943],[121.748658,25.135946],[121.748976,25.136417],[121.749089,25.136526],[121.749711,25.136929],[121.749774,25.13695],[121.749787,25.136933],[121.749716,25.13691],[121.74911,25.136519],[121.748984,25.136405],[121.748671,25.135943]]]]}},{"type":"Feature","properties":{"n":"信一路01","v":"中正區","w":13.2,"c":3,"r":2},"geometry":{"type":"MultiPolygon","coordinates":[[[[121.743581,25.131354],[121.743588,25.131311],[121.744171,25.130971],[121.744211,25.130983],[121.744235,25.131004],[121.744303,25.131016],[121.744298,25.130999],[121.744237,25.130992],[121.744211,25.130971],[121.744156,25.130957],[121.74358,25.131301],[121.743562,25.131352],[121.743581,25.131354]]]]}},{"type":"Feature","properties":{"n":"信一路02","v":"中正區","w":3.1,"c":2,"r":2},"geometry":{"type":"MultiPolygon","coordinates":[[[[121.744388,25.130884],[121.744401,25.130841],[121.744927,25.130538],[121.744979,25.130535],[121.744974,25.130523],[121.744921,25.130523],[121.744393,25.130827],[121.74437,25.130884],[121.744388,25.130884]]]]}},{"type":"Feature","properties":{"n":"信一路03","v":"中正區","w":2.7,"c":2,"r":4},"geometry":{"type":"MultiPolygon","coordinates":[[[[121.745106,25.130456],[121.746356,25.129752],[121.746345,25.12974],[121.745096,25.130449],[121.745106,25.130456]]]]}},{"type":"Feature","properties":{"n":"信一路04","v":"中正區","w":6,"c":3.3,"r":2},"geometry":{"type":"MultiPolygon","coordinates":[[[[121.746278,25.129636],[121.746249,25.129593],[121.744965,25.13029],[121.745012,25.130347],[121.746278,25.129636]]]]}},{"type":"Feature","properties":{"n":"信一路05","v":"中正區","w":6.7,"c":3.5,"r":2},"geometry":{"type":"MultiPolygon","coordinates":[[[[121.744314,25.130724],[121.744871,25.130413],[121.744873,25.130375],[121.744855,25.130351],[121.744272,25.130694],[121.744312,25.130727],[121.744319,25.130727],[121.744314,25.130724]]]]}},{"type":"Feature","properties":{"n":"信一路06","v":"中正區","w":4.8,"c":2.1,"r":2},"geometry":{"type":"MultiPolygon","coordinates":[[[[121.744144,25.130829],[121.743485,25.131193],[121.743485,25.13121],[121.744149,25.130836],[121.744144,25.130829]]]]}},{"type":"Feature","properties":{"n":"信二路","v":"中正區","w":3,"c":2.7,"r":1},"geometry":{"type":"MultiPolygon","coordinates":[[[[121.746013,25.131209],[121.746985,25.130664],[121.746975,25.130652],[121.746007,25.131199],[121.746013,25.131209]]]]}},{"type":"Feature","properties":{"n":"調和街01","v":"中正區","w":4,"c":2.4,"r":8},"geometry":{"type":"MultiPolygon","coordinates":[[[[121.795541,25.139574],[121.795546,25.13959],[121.795616,25.139473],[121.795722,25.13915],[121.796066,25.138756],[121.796115,25.138637],[121.796099,25.138209],[121.796231,25.137518],[121.796258,25.137279],[121.796253,25.136902],[121.796236,25.136744],[121.796048,25.136007],[121.796034,25.135991],[121.796003,25.135974],[121.796,25.135986],[121.796032,25.136005],[121.796215,25.136723],[121.796237,25.136873],[121.796242,25.137248],[121.79622,25.137509],[121.796088,25.138195],[121.796084,25.138331],[121.796099,25.13863],[121.79606,25.13874],[121.795722,25.139128],[121.795608,25.139459],[121.795541,25.139574]]]]}},{"type":"Feature","properties":{"n":"調和街02","v":"中正區","w":4,"c":2,"r":18},"geometry":{"type":"MultiPolygon","coordinates":[[[[121.796007,25.135814],[121.79602,25.135826],[121.79609,25.135573],[121.796284,25.13523],[121.796643,25.13471],[121.796898,25.134429],[121.797324,25.134073],[121.797605,25.133792],[121.797781,25.133462],[121.797947,25.133038],[121.798293,25.13226],[121.798451,25.131927],[121.798881,25.131079],[121.799261,25.130222],[121.799279,25.130143],[121.799256,25.130205],[121.798883,25.131019],[121.798285,25.132224],[121.797923,25.133043],[121.797763,25.133464],[121.797592,25.133783],[121.797342,25.134025],[121.796911,25.134388],[121.796627,25.134707],[121.796294,25.13518],[121.796082,25.135561],[121.796007,25.135814]]]]}},{"type":"Feature","properties":{"n":"調和街03","v":"中正區","w":4,"c":2.7,"r":2},"geometry":{"type":"MultiPolygon","coordinates":[[[[121.799329,25.130024],[121.799337,25.130036],[121.799409,25.129861],[121.799488,25.129416],[121.799475,25.12913],[121.799437,25.128874],[121.799201,25.128066],[121.799201,25.128021],[121.799187,25.128013],[121.799185,25.128047],[121.79929,25.12845],[121.799421,25.128879],[121.79946,25.129147],[121.799472,25.129409],[121.799396,25.129837],[121.799329,25.130024]]]]}},{"type":"Feature","properties":{"n":"調和街04","v":"中正區","w":4,"c":2.3,"r":8},"geometry":{"type":"MultiPolygon","coordinates":[[[[121.799167,25.127938],[121.799183,25.127945],[121.799191,25.127592],[121.799293,25.127137],[121.799485,25.126749],[121.799791,25.126268],[121.799848,25.126134],[121.799869,25.125823],[121.799804,25.125776],[121.799777,25.125783],[121.799859,25.125833],[121.799837,25.126127],[121.799786,25.126251],[121.799471,25.12674],[121.799282,25.127126],[121.799228,25.127312],[121.799178,25.127582],[121.799167,25.127938]]]]}},{"type":"Feature","properties":{"n":"調和街05","v":"中正區","w":4,"c":2,"r":4},"geometry":{"type":"MultiPolygon","coordinates":[[[[121.799766,25.125678],[121.799812,25.125677],[121.79982,25.125634],[121.799804,25.125558],[121.799724,25.125396],[121.7996,25.125275],[121.799104,25.124883],[121.798972,25.124755],[121.798914,25.124674],[121.798842,25.124529],[121.798796,25.124364],[121.798781,25.124362],[121.798826,25.124522],[121.798895,25.124667],[121.798956,25.124753],[121.799094,25.124883],[121.799439,25.125156],[121.799629,25.125315],[121.799698,25.125394],[121.799783,25.125548],[121.799807,25.125627],[121.799791,25.125658],[121.799766,25.125678]]]]}},{"type":"Feature","properties":{"n":"調和街06","v":"中正區","w":3.2,"c":2,"r":20},"geometry":{"type":"MultiPolygon","coordinates":[[[[121.798956,25.124383],[121.798946,25.124388],[121.798938,25.124421],[121.799002,25.124559],[121.799063,25.124671],[121.799398,25.124958],[121.799675,25.12517],[121.79981,25.125312],[121.799947,25.125524],[121.79999,25.125708],[121.800012,25.125839],[121.800003,25.125956],[121.799972,25.126133],[121.799884,25.126351],[121.799617,25.126756],[121.7995,25.126988],[121.799402,25.12724],[121.799331,25.127536],[121.799324,25.127749],[121.799325,25.127885],[121.799342,25.128062],[121.799372,25.128212],[121.799474,25.128522],[121.799511,25.12866],[121.799595,25.12903],[121.799612,25.129271],[121.799604,25.129551],[121.799576,25.129751],[121.799533,25.129924],[121.799473,25.130077],[121.798272,25.132563],[121.797763,25.133772],[121.797654,25.133911],[121.797505,25.134074],[121.79698,25.13448],[121.796853,25.134612],[121.796359,25.135308],[121.796286,25.135428],[121.796234,25.135533],[121.796206,25.1356],[121.796154,25.135758],[121.796166,25.135999],[121.796228,25.136273],[121.796325,25.136629],[121.796349,25.136684],[121.796362,25.136676],[121.796346,25.136645],[121.796295,25.136469],[121.796217,25.136173],[121.796174,25.135966],[121.79617,25.135767],[121.796216,25.13561],[121.796276,25.135483],[121.796393,25.135291],[121.796801,25.134715],[121.796889,25.134603],[121.797061,25.134439],[121.797518,25.134079],[121.797667,25.133927],[121.797776,25.133788],[121.797856,25.133625],[121.79813,25.132953],[121.79844,25.132239],[121.798718,25.131693],[121.799329,25.130441],[121.799523,25.129995],[121.799582,25.129804],[121.799617,25.129605],[121.799631,25.129347],[121.799619,25.129063],[121.799586,25.128894],[121.799511,25.128586],[121.79939,25.128193],[121.799346,25.127933],[121.799342,25.127675],[121.799347,25.127555],[121.799405,25.127287],[121.799519,25.126981],[121.79963,25.12678],[121.799796,25.126528],[121.799924,25.126319],[121.800004,25.126099],[121.800036,25.125844],[121.800022,25.125717],[121.799971,25.125533],[121.799886,25.125379],[121.799738,25.125198],[121.799611,25.125084],[121.799274,25.12483],[121.79911,25.124666],[121.799004,25.124531],[121.798956,25.124383]]]]}},{"type":"Feature","properties":{"n":"調和街07","v":"中正區","w":3.1,"c":3.2,"r":14},"geometry":{"type":"MultiPolygon","coordinates":[[[[121.796394,25.136835],[121.796378,25.136836],[121.796373,25.137256],[121.796319,25.137777],[121.796291,25.137885],[121.796263,25.138133],[121.796289,25.138396],[121.796398,25.138691],[121.796423,25.138849],[121.796292,25.139356],[121.796303,25.139361],[121.796372,25.139136],[121.796433,25.138861],[121.796409,25.138675],[121.796302,25.138384],[121.796277,25.138135],[121.796309,25.137887],[121.79634,25.13777],[121.796394,25.137244],[121.796394,25.136835]]]]}},{"type":"Feature","properties":{"n":"防波堤","v":"中正區","w":4,"c":3.6,"r":1},"geometry":{"type":"MultiPolygon","coordinates":[[[[121.78735,25.144005],[121.787444,25.14401],[121.788842,25.144633],[121.788884,25.144616],[121.789795,25.143534],[121.789779,25.143529],[121.788876,25.144604],[121.788834,25.144623],[121.78745,25.144],[121.787353,25.143998],[121.78735,25.144005]]]]}},{"type":"Feature","properties":{"n":"漁港一街01","v":"中正區","w":2.8,"c":2.3,"r":3},"geometry":{"type":"MultiPolygon","coordinates":[[[[121.78903,25.143006],[121.789713,25.143475],[121.789837,25.143539],[121.790393,25.14393],[121.790406,25.143911],[121.789821,25.143513],[121.789702,25.143449],[121.789038,25.142999],[121.78903,25.143006]]]]}},{"type":"Feature","properties":{"n":"漁港一街02","v":"中正區","w":3.8,"c":2.5,"r":4},"geometry":{"type":"MultiPolygon","coordinates":[[[[121.79037,25.143687],[121.789187,25.142857],[121.789187,25.142879],[121.789822,25.143317],[121.790365,25.143701],[121.79037,25.143687]]]]}},{"type":"Feature","properties":{"n":"環港街","v":"中正區","w":4,"c":1.6,"r":2},"geometry":{"type":"MultiPolygon","coordinates":[[[[121.790524,25.143769],[121.791576,25.142538],[121.793634,25.14011],[121.79366,25.140109],[121.79367,25.140102],[121.793618,25.1401],[121.791909,25.142108],[121.791084,25.143087],[121.790501,25.143766],[121.790524,25.143769]]]]}},{"type":"Feature","properties":{"n":"仁一路01","v":"仁愛區","w":4.8,"c":3.8,"r":2},"geometry":{"type":"MultiPolygon","coordinates":[[[[121.743305,25.130934],[121.74331,25.13091],[121.743935,25.130551],[121.74398,25.130551],[121.743964,25.130539],[121.743927,25.130539],[121.743307,25.130898],[121.743294,25.130934],[121.743305,25.130934]]]]}},{"type":"Feature","properties":{"n":"仁一路02","v":"仁愛區","w":6.5,"c":3.7,"r":2},"geometry":{"type":"MultiPolygon","coordinates":[[[[121.744139,25.130492],[121.744717,25.130174],[121.744686,25.130165],[121.744134,25.130471],[121.744134,25.130495],[121.744139,25.130492]]]]}},{"type":"Feature","properties":{"n":"中山一路03","v":"中山區","w":4.6,"c":3.5,"r":7},"geometry":{"type":"MultiPolygon","coordinates":[[[[121.738476,25.132138],[121.738425,25.13213],[121.738586,25.132317],[121.738594,25.13237],[121.738664,25.13243],[121.738761,25.132588],[121.738774,25.13262],[121.73878,25.132649],[121.738815,25.132712],[121.738989,25.132988],[121.739128,25.133192],[121.739423,25.133653],[121.7395,25.13377],[121.739585,25.133842],[121.739663,25.133939],[121.739722,25.134022],[121.739724,25.134061],[121.739824,25.134238],[121.740269,25.134913],[121.740438,25.135151],[121.741002,25.136006],[121.741034,25.136006],[121.739876,25.134278],[121.739737,25.134055],[121.739753,25.134011],[121.739592,25.133822],[121.739528,25.133773],[121.738803,25.132663],[121.738803,25.132619],[121.738664,25.132391],[121.738605,25.132361],[121.738599,25.132293],[121.738476,25.132138]]]]}},{"type":"Feature","properties":{"n":"中山一路04","v":"中山區","w":3.5,"c":2.8,"r":14},"geometry":{"type":"MultiPolygon","coordinates":[[[[121.738209,25.132274],[121.738197,25.132284],[121.738902,25.133377],[121.738977,25.133479],[121.739086,25.133644],[121.739296,25.133972],[121.739689,25.134564],[121.740759,25.136163],[121.740775,25.13616],[121.739432,25.134151],[121.738209,25.132274]]]]}},{"type":"Feature","properties":{"n":"中山一路05","v":"中山區","w":4.6,"c":3.5,"r":1},"geometry":{"type":"MultiPolygon","coordinates":[[[[121.741027,25.136008],[121.741003,25.136008],[121.741303,25.13646],[121.741314,25.13645],[121.741027,25.136008]]]]}},{"type":"Feature","properties":{"n":"中山一路06","v":"中山區","w":3.5,"c":3.5,"r":0},"geometry":{"type":"MultiPolygon","coordinates":[[[[121.740758,25.136186],[121.74074,25.136193],[121.740986,25.136572],[121.741013,25.136564],[121.740758,25.136186]]]]}},{"type":"Feature","properties":{"n":"中山二路01","v":"中山區","w":4.6,"c":3.5,"r":7},"geometry":{"type":"MultiPolygon","coordinates":[[[[121.741312,25.13646],[121.741316,25.136442],[121.741295,25.136457],[121.741413,25.136705],[121.74141,25.136882],[121.741383,25.136954],[121.740892,25.13799],[121.740742,25.138117],[121.740431,25.138741],[121.740243,25.139149],[121.740022,25.139594],[121.739474,25.140755],[121.738453,25.142864],[121.738427,25.142948],[121.738405,25.143244],[121.738588,25.143628],[121.738816,25.144073],[121.739068,25.144612],[121.739106,25.144602],[121.738443,25.14324],[121.738453,25.14293],[121.739592,25.140583],[121.740286,25.139119],[121.740777,25.138125],[121.740922,25.137999],[121.741436,25.136907],[121.741441,25.136688],[121.741312,25.13646]]]]}},{"type":"Feature","properties":{"n":"中山二路02","v":"中山區","w":2.5,"c":2.5,"r":12},"geometry":{"type":"MultiPolygon","coordinates":[[[[121.741008,25.136574],[121.741011,25.136557],[121.740984,25.136572],[121.741097,25.136769],[121.741113,25.136832],[121.741059,25.136968],[121.740962,25.137155],[121.740679,25.137759],[121.740459,25.138212],[121.740237,25.138699],[121.739466,25.140296],[121.739088,25.141047],[121.738674,25.141906],[121.738271,25.142703],[121.738185,25.14289],[121.738136,25.143122],[121.738136,25.143171],[121.738163,25.143249],[121.738793,25.144671],[121.738804,25.144647],[121.738204,25.143307],[121.738156,25.143191],[121.738199,25.142919],[121.738317,25.142666],[121.739226,25.140828],[121.739896,25.139458],[121.740314,25.138587],[121.741134,25.136853],[121.741124,25.136761],[121.741008,25.136574]]]]}},{"type":"Feature","properties":{"n":"中華路01","v":"中山區","w":1.5,"c":1,"r":4},"geometry":{"type":"MultiPolygon","coordinates":[[[[121.738716,25.14614],[121.738704,25.146135],[121.738495,25.146645],[121.737996,25.147951],[121.737812,25.148416],[121.737461,25.148839],[121.737324,25.14922],[121.737189,25.149646],[121.737139,25.149777],[121.736962,25.150039],[121.736499,25.150459],[121.736395,25.150678],[121.736339,25.150809],[121.736355,25.150806],[121.736363,25.15078],[121.736516,25.150459],[121.736974,25.150046],[121.737172,25.149746],[121.737288,25.149384],[121.737477,25.148846],[121.737819,25.148425],[121.738125,25.147684],[121.738494,25.146696],[121.738716,25.14614]]]]}},{"type":"Feature","properties":{"n":"復旦路01","v":"中山區","w":2.4,"c":2.1,"r":0},"geometry":{"type":"MultiPolygon","coordinates":[[[[121.738831,25.145295],[121.738811,25.145313],[121.739597,25.146091],[121.739636,25.146073],[121.738831,25.145295]]]]}},{"type":"Feature","properties":{"n":"仁一路03","v":"仁愛區","w":6.5,"c":4.7,"r":2},"geometry":{"type":"MultiPolygon","coordinates":[[[[121.744856,25.130097],[121.744853,25.130121],[121.744864,25.130135],[121.746153,25.129424],[121.746127,25.129379],[121.746066,25.129372],[121.746058,25.129382],[121.744866,25.13004],[121.74485,25.130071],[121.74485,25.130095],[121.744856,25.130097]]]]}},{"type":"Feature","properties":{"n":"仁一路04","v":"仁愛區","w":7.8,"c":3.8,"r":2},"geometry":{"type":"MultiPolygon","coordinates":[[[[121.746232,25.129376],[121.747576,25.128638],[121.747667,25.128602],[121.747641,25.128569],[121.747583,25.128555],[121.746213,25.129302],[121.746197,25.129331],[121.746226,25.129378],[121.746232,25.129376]]]]}},{"type":"Feature","properties":{"n":"仁一路05","v":"仁愛區","w":7.2,"c":5.6,"r":2},"geometry":{"type":"MultiPolygon","coordinates":[[[[121.747772,25.128563],[121.747827,25.128542],[121.749183,25.128406],[121.74918,25.128363],[121.749148,25.128339],[121.747834,25.128448],[121.747766,25.128504],[121.747764,25.128549],[121.747772,25.128563]]]]}},{"type":"Feature","properties":{"n":"仁一路06","v":"仁愛區","w":5.6,"c":4.1,"r":2},"geometry":{"type":"MultiPolygon","coordinates":[[[[121.749269,25.128393],[121.749885,25.128328],[121.750895,25.128237],[121.750887,25.128208],[121.750858,25.128185],[121.750832,25.128178],[121.749937,25.128256],[121.74929,25.128324],[121.749258,25.128346],[121.749269,25.128369],[121.749269,25.128393]]]]}},{"type":"Feature","properties":{"n":"仁一路07","v":"仁愛區","w":5.5,"c":4,"r":2},"geometry":{"type":"MultiPolygon","coordinates":[[[[121.75101,25.128227],[121.75261,25.128078],[121.75261,25.128056],[121.752576,25.128033],[121.751007,25.12817],[121.75101,25.12822],[121.75101,25.128227]]]]}},{"type":"Feature","properties":{"n":"仁一路08","v":"仁愛區","w":5.3,"c":3.3,"r":2},"geometry":{"type":"MultiPolygon","coordinates":[[[[121.75274,25.12807],[121.753723,25.127987],[121.754018,25.127974],[121.755173,25.128087],[121.755626,25.128127],[121.756112,25.128148],[121.756079,25.128083],[121.755803,25.12809],[121.755462,25.128074],[121.753939,25.127933],[121.753729,25.12794],[121.752779,25.12801],[121.75274,25.128046],[121.75274,25.12807]]]]}},{"type":"Feature","properties":{"n":"仁一路09","v":"仁愛區","w":1.8,"c":1.3,"r":4},"geometry":{"type":"MultiPolygon","coordinates":[[[[121.750844,25.128052],[121.749307,25.128203],[121.749284,25.128189],[121.749281,25.128215],[121.749305,25.12823],[121.750852,25.128074],[121.750894,25.12805],[121.750875,25.128033],[121.75086,25.12804],[121.750844,25.128052]]]]}},{"type":"Feature","properties":{"n":"仁一路10","v":"仁愛區","w":2.5,"c":1.5,"r":6},"geometry":{"type":"MultiPolygon","coordinates":[[[[121.747687,25.128364],[121.747674,25.128373],[121.747679,25.128388],[121.74802,25.128367],[121.749148,25.128254],[121.749187,25.128218],[121.749174,25.128203],[121.749134,25.128235],[121.748078,25.128335],[121.747687,25.128364]]]]}},{"type":"Feature","properties":{"n":"仁一路11","v":"仁愛區","w":2.7,"c":2.8,"r":2},"geometry":{"type":"MultiPolygon","coordinates":[[[[121.747579,25.128377],[121.747569,25.128413],[121.74616,25.12919],[121.746107,25.129195],[121.746105,25.129216],[121.74617,25.129213],[121.747574,25.128437],[121.747595,25.128392],[121.747579,25.128377]]]]}},{"type":"Feature","properties":{"n":"仁一路12","v":"仁愛區","w":6.2,"c":2.2,"r":6},"geometry":{"type":"MultiPolygon","coordinates":[[[[121.746014,25.129242],[121.745397,25.129586],[121.745397,25.12961],[121.74473,25.129972],[121.744746,25.129988],[121.745408,25.129629],[121.745434,25.129588],[121.746025,25.129261],[121.746014,25.129242]]]]}},{"type":"Feature","properties":{"n":"仁一路13","v":"仁愛區","w":3.8,"c":3.6,"r":2},"geometry":{"type":"MultiPolygon","coordinates":[[[[121.744623,25.130042],[121.744084,25.130333],[121.744029,25.130322],[121.744048,25.130355],[121.7441,25.130364],[121.744634,25.130065],[121.744652,25.130034],[121.744631,25.130025],[121.744623,25.130042]]]]}},{"type":"Feature","properties":{"n":"仁二路01","v":"仁愛區","w":1.5,"c":1.5,"r":2},"geometry":{"type":"MultiPolygon","coordinates":[[[[121.742044,25.130121],[121.742042,25.130138],[121.742105,25.130128],[121.742555,25.12989],[121.742573,25.129856],[121.74256,25.129847],[121.742542,25.129875],[121.742097,25.130116],[121.742044,25.130121]]]]}},{"type":"Feature","properties":{"n":"仁二路02","v":"仁愛區","w":1.5,"c":1.5,"r":2},"geometry":{"type":"MultiPolygon","coordinates":[[[[121.742675,25.129765],[121.74267,25.129781],[121.742725,25.129786],[121.743221,25.129502],[121.743234,25.129485],[121.743216,25.129468],[121.743206,25.129495],[121.742714,25.129769],[121.742675,25.129765]]]]}},{"type":"Feature","properties":{"n":"仁五路01","v":"仁愛區","w":2,"c":0,"r":2},"geometry":{"type":"MultiPolygon","coordinates":[[[[121.740345,25.127557],[121.740331,25.127569],[121.740363,25.127579],[121.741545,25.126971],[121.741563,25.126937],[121.741548,25.126926],[121.741535,25.126954],[121.74036,25.12756],[121.740345,25.127557]]]]}},{"type":"Feature","properties":{"n":"仁五路02","v":"仁愛區","w":1.9,"c":0,"r":2},"geometry":{"type":"MultiPolygon","coordinates":[[[[121.741081,25.127389],[121.74163,25.1271],[121.74168,25.127087],[121.74168,25.127073],[121.74163,25.127083],[121.741083,25.127367],[121.741055,25.127387],[121.741073,25.127401],[121.741081,25.127389]]]]}},{"type":"Feature","properties":{"n":"仁愛橋","v":"仁愛區","w":1.3,"c":1.5,"r":2},"geometry":{"type":"MultiPolygon","coordinates":[[[[121.740016,25.127934],[121.740173,25.12784],[121.740202,25.127838],[121.740197,25.127823],[121.740162,25.127826],[121.740006,25.127917],[121.740016,25.127934]]]]}},{"type":"Feature","properties":{"n":"光一路01","v":"仁愛區","w":1.2,"c":1.2,"r":2},"geometry":{"type":"MultiPolygon","coordinates":[[[[121.738059,25.126939],[121.738073,25.126932],[121.738064,25.126882],[121.737908,25.126611],[121.737874,25.126604],[121.737858,25.12662],[121.737898,25.126627],[121.738043,25.126882],[121.738059,25.126939]]]]}},{"type":"Feature","properties":{"n":"光一路02","v":"仁愛區","w":1.2,"c":1.3,"r":2},"geometry":{"type":"MultiPolygon","coordinates":[[[[121.737813,25.126554],[121.737824,25.126554],[121.737831,25.126513],[121.737736,25.126363],[121.737696,25.126351],[121.737683,25.126366],[121.737736,25.126377],[121.737821,25.126515],[121.737813,25.126554]]]]}},{"type":"Feature","properties":{"n":"光一路03","v":"仁愛區","w":1.2,"c":1.2,"r":2},"geometry":{"type":"MultiPolygon","coordinates":[[[[121.737649,25.126277],[121.737659,25.12627],[121.737654,25.126218],[121.737518,25.125989],[121.737505,25.125996],[121.737646,25.12623],[121.737649,25.126277]]]]}},{"type":"Feature","properties":{"n":"光一路04","v":"仁愛區","w":1.6,"c":1.6,"r":2},"geometry":{"type":"MultiPolygon","coordinates":[[[[121.737369,25.125923],[121.737384,25.12592],[121.737384,25.125885],[121.737209,25.125606],[121.737172,25.125594],[121.737167,25.125609],[121.737201,25.125616],[121.737371,25.125894],[121.737369,25.125923]]]]}},{"type":"Feature","properties":{"n":"光一路05","v":"仁愛區","w":18,"c":1.8,"r":2},"geometry":{"type":"MultiPolygon","coordinates":[[[[121.737143,25.125547],[121.737154,25.125544],[121.737161,25.125518],[121.737029,25.125325],[121.736992,25.12532],[121.73699,25.125332],[121.737019,25.125337],[121.737148,25.125525],[121.737143,25.125547]]]]}},{"type":"Feature","properties":{"n":"光一路06","v":"仁愛區","w":1.6,"c":1.6,"r":2},"geometry":{"type":"MultiPolygon","coordinates":[[[[121.73695,25.125266],[121.736961,25.125273],[121.73696,25.125218],[121.736738,25.124899],[121.73673,25.124911],[121.736952,25.125232],[121.73695,25.125266]]]]}},{"type":"Feature","properties":{"n":"光一路07","v":"仁愛區","w":3.6,"c":3.6,"r":4},"geometry":{"type":"MultiPolygon","coordinates":[[[[121.736925,25.12464],[121.736912,25.12465],[121.737556,25.125643],[121.737643,25.125762],[121.737667,25.125752],[121.737601,25.125671],[121.736925,25.12464]]]]}},{"type":"Feature","properties":{"n":"光一路08","v":"仁愛區","w":1.7,"c":1.7,"r":2},"geometry":{"type":"MultiPolygon","coordinates":[[[[121.737727,25.125858],[121.737711,25.125865],[121.73832,25.126799],[121.738341,25.126787],[121.737727,25.125858]]]]}},{"type":"Feature","properties":{"n":"獅球路","v":"仁愛區","w":3.8,"c":2.2,"r":2},"geometry":{"type":"MultiPolygon","coordinates":[[[[121.739258,25.126242],[121.739266,25.126246],[121.739271,25.126189],[121.739003,25.125791],[121.738393,25.125169],[121.738375,25.125161],[121.738365,25.125176],[121.738394,25.125181],[121.73899,25.125791],[121.73926,25.126199],[121.739258,25.126242]]]]}},{"type":"Feature","properties":{"n":"獅球路","v":"仁愛區","w":1.8,"c":1.8,"r":6},"geometry":{"type":"MultiPolygon","coordinates":[[[[121.738362,25.125176],[121.738354,25.125164],[121.738333,25.125176],[121.737715,25.125826],[121.737726,25.125838],[121.738346,25.125183],[121.738362,25.125176]]]]}},{"type":"Feature","properties":{"n":"成功一路01","v":"仁愛區","w":6,"c":4.6,"r":2},"geometry":{"type":"MultiPolygon","coordinates":[[[[121.736183,25.129184],[121.736199,25.129193],[121.736222,25.129177],[121.736363,25.128956],[121.736465,25.12859],[121.736455,25.128547],[121.736442,25.128547],[121.73645,25.128585],[121.736347,25.128947],[121.736212,25.129169],[121.736183,25.129184]]]]}},{"type":"Feature","properties":{"n":"成功一路02","v":"仁愛區","w":5.2,"c":3.4,"r":4},"geometry":{"type":"MultiPolygon","coordinates":[[[[121.736441,25.12844],[121.736444,25.128449],[121.736478,25.12843],[121.736593,25.127947],[121.736655,25.12782],[121.736757,25.12771],[121.737115,25.127491],[121.73713,25.127455],[121.73712,25.127443],[121.737109,25.127474],[121.736746,25.1277],[121.736644,25.127813],[121.736585,25.127937],[121.736459,25.128425],[121.736441,25.12844]]]]}},{"type":"Feature","properties":{"n":"成功一路03","v":"仁愛區","w":2.1,"c":1.7,"r":4},"geometry":{"type":"MultiPolygon","coordinates":[[[[121.737198,25.127407],[121.73719,25.127421],[121.737227,25.127428],[121.738059,25.126963],[121.738069,25.126944],[121.738053,25.126941],[121.738043,25.12696],[121.737232,25.127404],[121.737198,25.127407]]]]}},{"type":"Feature","properties":{"n":"成功一路04","v":"仁愛區","w":6.3,"c":3.6,"r":2},"geometry":{"type":"MultiPolygon","coordinates":[[[[121.738349,25.12678],[121.738354,25.126792],[121.739222,25.126322],[121.739251,25.126293],[121.739269,25.12625],[121.739256,25.12625],[121.739243,25.126278],[121.739217,25.12631],[121.738349,25.12678]]]]}},{"type":"Feature","properties":{"n":"成功一路05","v":"仁愛區","w":1.7,"c":1.7,"r":2},"geometry":{"type":"MultiPolygon","coordinates":[[[[121.738112,25.127056],[121.738101,25.127044],[121.737272,25.12748],[121.737262,25.127528],[121.737283,25.127537],[121.737288,25.127497],[121.738112,25.127056]]]]}},{"type":"Feature","properties":{"n":"成功一路06","v":"仁愛區","w":1.7,"c":1.6,"r":4},"geometry":{"type":"MultiPolygon","coordinates":[[[[121.737189,25.127576],[121.737183,25.127567],[121.737139,25.127562],[121.736849,25.127731],[121.736755,25.127851],[121.736643,25.128073],[121.736659,25.12809],[121.736776,25.127853],[121.736867,25.127743],[121.737149,25.127576],[121.737189,25.127576]]]]}},{"type":"Feature","properties":{"n":"孝二路01","v":"仁愛區","w":2.1,"c":2.1,"r":2},"geometry":{"type":"MultiPolygon","coordinates":[[[[121.740747,25.130719],[121.740763,25.130707],[121.740315,25.13004],[121.740258,25.130031],[121.74025,25.130047],[121.740308,25.130054],[121.740747,25.130719]]]]}},{"type":"Feature","properties":{"n":"孝二路02","v":"仁愛區","w":1.9,"c":1.9,"r":2},"geometry":{"type":"MultiPolygon","coordinates":[[[[121.740218,25.129962],[121.740228,25.129957],[121.740233,25.129916],[121.739696,25.129128],[121.739685,25.129138],[121.74022,25.129926],[121.740218,25.129962]]]]}},{"type":"Feature","properties":{"n":"孝二路03","v":"仁愛區","w":1.9,"c":1.3,"r":4},"geometry":{"type":"MultiPolygon","coordinates":[[[[121.739617,25.129043],[121.739622,25.129055],[121.739635,25.129007],[121.739238,25.128447],[121.739233,25.128455],[121.739624,25.129016],[121.739617,25.129043]]]]}},{"type":"Feature","properties":{"n":"孝二路04","v":"仁愛區","w":2,"c":1,"r":4},"geometry":{"type":"MultiPolygon","coordinates":[[[[121.739358,25.128306],[121.739345,25.128304],[121.739334,25.12833],[121.739342,25.128354],[121.739737,25.128985],[121.739755,25.128973],[121.73935,25.128337],[121.739358,25.128306]]]]}},{"type":"Feature","properties":{"n":"孝二路05","v":"仁愛區","w":2,"c":1.4,"r":2},"geometry":{"type":"MultiPolygon","coordinates":[[[[121.739824,25.129034],[121.739806,25.129032],[121.7398,25.129058],[121.739806,25.129085],[121.740338,25.129877],[121.740385,25.129894],[121.740401,25.129875],[121.740351,25.129861],[121.739819,25.129065],[121.739824,25.129034]]]]}},{"type":"Feature","properties":{"n":"孝二路06","v":"仁愛區","w":1.9,"c":1.3,"r":4},"geometry":{"type":"MultiPolygon","coordinates":[[[[121.740457,25.12997],[121.740431,25.129994],[121.740431,25.130008],[121.740891,25.130718],[121.740915,25.130715],[121.740444,25.130003],[121.740457,25.12997]]]]}},{"type":"Feature","properties":{"n":"明德橋01","v":"中正區","w":3.5,"c":3.5,"r":2},"geometry":{"type":"MultiPolygon","coordinates":[[[[121.742194,25.130386],[121.742191,25.130372],[121.742067,25.13037],[121.741649,25.130602],[121.741665,25.130623],[121.741997,25.130426],[121.742083,25.130385],[121.742194,25.130386]]]]}},{"type":"Feature","properties":{"n":"明德橋02","v":"仁愛區","w":2.8,"c":2.8,"r":2},"geometry":{"type":"MultiPolygon","coordinates":[[[[121.741635,25.130368],[121.741629,25.130377],[121.741658,25.130384],[121.741839,25.130295],[121.741844,25.130274],[121.741828,25.130269],[121.741826,25.13029],[121.741663,25.13037],[121.741635,25.130368]]]]}},{"type":"Feature","properties":{"n":"忠一路01","v":"仁愛區","w":2,"c":2,"r":2},"geometry":{"type":"MultiPolygon","coordinates":[[[[121.74166,25.130626],[121.741652,25.130604],[121.740083,25.131491],[121.74008,25.13151],[121.74166,25.130626]]]]}},{"type":"Feature","properties":{"n":"忠一路02","v":"仁愛區","w":4,"c":3.2,"r":2},"geometry":{"type":"MultiPolygon","coordinates":[[[[121.739479,25.131506],[121.739479,25.131518],[121.739613,25.131505],[121.739992,25.131303],[121.740013,25.131264],[121.739997,25.131257],[121.739979,25.131288],[121.739605,25.131489],[121.739479,25.131506]]]]}},{"type":"Feature","properties":{"n":"忠一路03","v":"仁愛區","w":4,"c":2,"r":1},"geometry":{"type":"MultiPolygon","coordinates":[[[[121.740136,25.131209],[121.740141,25.131226],[121.740777,25.130874],[121.740772,25.130857],[121.740136,25.131209]]]]}},{"type":"Feature","properties":{"n":"忠一路04","v":"仁愛區","w":4.1,"c":4,"r":2},"geometry":{"type":"MultiPolygon","coordinates":[[[[121.74097,25.130739],[121.740955,25.130753],[121.740984,25.130753],[121.741543,25.130449],[121.741533,25.13044],[121.740989,25.130736],[121.74097,25.130739]]]]}},{"type":"Feature","properties":{"n":"忠四路01","v":"仁愛區","w":1.6,"c":1,"r":2},"geometry":{"type":"MultiPolygon","coordinates":[[[[121.739923,25.127985],[121.739915,25.127971],[121.739358,25.12827],[121.739355,25.128277],[121.739337,25.128292],[121.739358,25.128301],[121.739365,25.128282],[121.739923,25.127985]]]]}},{"type":"Feature","properties":{"n":"忠四路02","v":"仁愛區","w":2,"c":2,"r":1},"geometry":{"type":"MultiPolygon","coordinates":[[[[121.739206,25.128452],[121.739191,25.12844],[121.738553,25.128797],[121.73854,25.128831],[121.738558,25.128838],[121.738566,25.128811],[121.739206,25.128452]]]]}},{"type":"Feature","properties":{"n":"忠四路03","v":"仁愛區","w":2.2,"c":1.6,"r":2},"geometry":{"type":"MultiPolygon","coordinates":[[[[121.738448,25.128893],[121.738453,25.128872],[121.738385,25.128874],[121.73832,25.128894],[121.738263,25.129021],[121.738281,25.12903],[121.73832,25.128927],[121.738359,25.128894],[121.738417,25.128886],[121.738448,25.128893]]]]}},{"type":"Feature","properties":{"n":"忠四路04","v":"仁愛區","w":1.8,"c":1,"r":1},"geometry":{"type":"MultiPolygon","coordinates":[[[[121.73926,25.128142],[121.739254,25.128153],[121.739302,25.12816],[121.739838,25.127866],[121.739848,25.12783],[121.739832,25.127826],[121.739827,25.127857],[121.739323,25.128132],[121.73926,25.128142]]]]}},{"type":"Feature","properties":{"n":"南榮路01","v":"仁愛區","w":1.8,"c":1.9,"r":1},"geometry":{"type":"MultiPolygon","coordinates":[[[[121.743807,25.117155],[121.743794,25.117155],[121.743869,25.117422],[121.743875,25.117601],[121.743809,25.117974],[121.743797,25.118017],[121.743818,25.118036],[121.743828,25.118022],[121.74382,25.118003],[121.743891,25.117604],[121.743882,25.117427],[121.743807,25.117155]]]]}},{"type":"Feature","properties":{"n":"南榮路02","v":"仁愛區","w":1.8,"c":1.1,"r":2},"geometry":{"type":"MultiPolygon","coordinates":[[[[121.744431,25.119502],[121.744436,25.119487],[121.744219,25.119463],[121.744131,25.119458],[121.743744,25.119497],[121.743527,25.119536],[121.74381,25.118132],[121.743829,25.11812],[121.743818,25.118098],[121.743794,25.11812],[121.743487,25.11956],[121.743519,25.119565],[121.743737,25.119516],[121.744144,25.119473],[121.744246,25.119475],[121.744431,25.119502]]]]}},{"type":"Feature","properties":{"n":"南榮路03","v":"仁愛區","w":2.3,"c":2.3,"r":10},"geometry":{"type":"MultiPolygon","coordinates":[[[[121.74351,25.119636],[121.743492,25.119636],[121.743414,25.119894],[121.743257,25.120703],[121.743172,25.12142],[121.74317,25.121623],[121.743191,25.12162],[121.74319,25.121441],[121.743272,25.120726],[121.74343,25.119899],[121.743497,25.119667],[121.74351,25.119636]]]]}},{"type":"Feature","properties":{"n":"南榮路04","v":"仁愛區","w":3.7,"c":3.7,"r":8},"geometry":{"type":"MultiPolygon","coordinates":[[[[121.74317,25.121788],[121.743154,25.12179],[121.743068,25.122792],[121.743013,25.123642],[121.742904,25.124756],[121.742989,25.125219],[121.742905,25.125654],[121.742644,25.126334],[121.742465,25.126678],[121.742188,25.126914],[121.741872,25.127083],[121.741877,25.127118],[121.741932,25.127082],[121.742196,25.126943],[121.742489,25.126693],[121.74266,25.126353],[121.742721,25.126164],[121.742918,25.125659],[121.743004,25.125216],[121.74292,25.124753],[121.743036,25.12357],[121.743079,25.122849],[121.74317,25.121788]]]]}},{"type":"Feature","properties":{"n":"南榮路05","v":"仁愛區","w":1.8,"c":1.5,"r":4},"geometry":{"type":"MultiPolygon","coordinates":[[[[121.742667,25.125603],[121.742723,25.125464],[121.742774,25.125153],[121.742693,25.124778],[121.74271,25.124508],[121.742836,25.12317],[121.742822,25.123163],[121.742697,25.124494],[121.742683,25.124776],[121.742756,25.125168],[121.742708,25.125457],[121.742667,25.125603]]]]}},{"type":"Feature","properties":{"n":"南榮路06","v":"仁愛區","w":1.7,"c":1.4,"r":4},"geometry":{"type":"MultiPolygon","coordinates":[[[[121.743199,25.120011],[121.743215,25.120015],[121.743409,25.119097],[121.743689,25.117627],[121.743698,25.117483],[121.743603,25.11725],[121.743589,25.11725],[121.743643,25.117367],[121.74368,25.117491],[121.743676,25.117613],[121.743546,25.118311],[121.743327,25.119391],[121.743199,25.120011]]]]}},{"type":"Feature","properties":{"n":"愛一路","v":"仁愛區","w":1.8,"c":1.8,"r":2},"geometry":{"type":"MultiPolygon","coordinates":[[[[121.740916,25.128456],[121.740898,25.128466],[121.741409,25.129259],[121.741477,25.129294],[121.741485,25.129273],[121.741427,25.129245],[121.740916,25.128456]]]]}},{"type":"Feature","properties":{"n":"愛三路01","v":"仁愛區","w":1.5,"c":0,"r":2},"geometry":{"type":"MultiPolygon","coordinates":[[[[121.741868,25.127045],[121.741854,25.127035],[121.741863,25.127131],[121.742186,25.127612],[121.742204,25.127604],[121.741879,25.127121],[121.741868,25.127045]]]]}},{"type":"Feature","properties":{"n":"愛三路02","v":"仁愛區","w":1.5,"c":0,"r":4},"geometry":{"type":"MultiPolygon","coordinates":[[[[121.742289,25.127704],[121.742273,25.127704],[121.742271,25.127728],[121.742276,25.127747],[121.742787,25.128509],[121.742847,25.128533],[121.742858,25.128518],[121.742805,25.1285],[121.742286,25.127738],[121.742289,25.127704]]]]}},{"type":"Feature","properties":{"n":"愛三路03","v":"仁愛區","w":1.5,"c":0,"r":4},"geometry":{"type":"MultiPolygon","coordinates":[[[[121.742914,25.128621],[121.742898,25.128621],[121.742885,25.128652],[121.743391,25.129428],[121.743401,25.129416],[121.742903,25.128654],[121.742914,25.128621]]]]}},{"type":"Feature","properties":{"n":"愛三路04","v":"仁愛區","w":1.6,"c":1.5,"r":4},"geometry":{"type":"MultiPolygon","coordinates":[[[[121.74268,25.12861],[121.74269,25.12861],[121.742701,25.128567],[121.742176,25.127784],[121.74214,25.127765],[121.742119,25.127782],[121.742166,25.127801],[121.742682,25.128577],[121.74268,25.12861]]]]}},{"type":"Feature","properties":{"n":"愛三路05","v":"仁愛區","w":1.6,"c":0,"r":4},"geometry":{"type":"MultiPolygon","coordinates":[[[[121.742068,25.127686],[121.742076,25.127691],[121.742079,25.127653],[121.7417,25.127084],[121.741682,25.127077],[121.741684,25.127091],[121.742071,25.127662],[121.742068,25.127686]]]]}},{"type":"Feature","properties":{"n":"中正路00","v":"中正區","w":1.8,"c":1.5,"r":3},"geometry":{"type":"MultiPolygon","coordinates":[[[[121.743428,25.131658],[121.743618,25.131927],[121.744236,25.132882],[121.74449,25.133253],[121.744582,25.133257],[121.74598,25.135357],[121.745985,25.13535],[121.745982,25.135333],[121.744597,25.133245],[121.744505,25.133236],[121.744219,25.132822],[121.74365,25.131939],[121.743425,25.131632],[121.743428,25.131658]]]]}},{"type":"Feature","properties":{"n":"復興路259巷01","v":"中山區","w":1,"c":1,"r":1},"geometry":{"type":"MultiPolygon","coordinates":[[[[121.725822,25.150633],[121.725862,25.150096],[121.725863,25.149849],[121.72585,25.149733],[121.725852,25.149072],[121.725833,25.149077],[121.725827,25.149743],[121.725846,25.149855],[121.725846,25.150059],[121.725806,25.15063],[121.725822,25.150633]]]]}},{"type":"Feature","properties":{"n":"湖海路一段01","v":"中山區","w":3,"c":3,"r":2},"geometry":{"type":"MultiPolygon","coordinates":[[[[121.732377,25.160725],[121.732345,25.160746],[121.732344,25.160935],[121.730841,25.162385],[121.729998,25.163185],[121.729575,25.163182],[121.729127,25.162785],[121.729045,25.162795],[121.728807,25.162856],[121.72882,25.162885],[121.729061,25.162819],[121.729159,25.162866],[121.729565,25.163232],[121.730011,25.163237],[121.731107,25.162186],[121.732375,25.160935],[121.732377,25.160725]]]]}},{"type":"Feature","properties":{"n":"孝四路","v":"仁愛區","w":6,"c":3,"r":2},"geometry":{"type":"MultiPolygon","coordinates":[[[[121.739401,25.13163],[121.739419,25.131616],[121.739054,25.131608],[121.738973,25.131585],[121.738589,25.130987],[121.738568,25.130999],[121.738954,25.131597],[121.739052,25.131625],[121.739401,25.13163]]]]}},{"type":"Feature","properties":{"n":"忠一路","v":"仁愛區","w":1.5,"c":1.5,"r":2},"geometry":{"type":"MultiPolygon","coordinates":[[[[121.738603,25.132303],[121.739691,25.131733],[121.739681,25.131719],[121.7386,25.132284],[121.738603,25.132303]]]]}},{"type":"Feature","properties":{"n":"忠一路06","v":"仁愛區","w":2.4,"c":2.4,"r":2},"geometry":{"type":"MultiPolygon","coordinates":[[[[121.738481,25.13211],[121.738484,25.132129],[121.739428,25.131639],[121.739415,25.131623],[121.738481,25.13211]]]]}},{"type":"Feature","properties":{"n":"愛三路","v":"仁愛區","w":4,"c":2.5,"r":2},"geometry":{"type":"MultiPolygon","coordinates":[[[[121.74385,25.130364],[121.74345,25.12975],[121.743418,25.129731],[121.743384,25.129728],[121.743847,25.130409],[121.74385,25.130364]]]]}},{"type":"Feature","properties":{"n":"仁二路","v":"仁愛區","w":5,"c":3,"r":2},"geometry":{"type":"MultiPolygon","coordinates":[[[[121.743379,25.129729],[121.7433,25.129746],[121.742767,25.130035],[121.742777,25.13008],[121.74282,25.130149],[121.743453,25.129836],[121.743379,25.129729]]]]}},{"type":"Feature","properties":{"n":"百六街01","v":"七堵區","w":2.1,"c":1.8,"r":null},"geometry":{"type":"MultiPolygon","coordinates":[[[[121.696655,25.085444],[121.698263,25.085801],[121.69825,25.085736],[121.696667,25.085379],[121.696655,25.085444]]]]}},{"type":"Feature","properties":{"n":"東新街4巷01","v":"七堵區","w":1.5,"c":1,"r":null},"geometry":{"type":"MultiPolygon","coordinates":[[[[121.714169,25.092744],[121.714142,25.091712],[121.714127,25.091717],[121.714161,25.092739],[121.714169,25.092744]]]]}},{"type":"Feature","properties":{"n":"崇信路01","v":"七堵區","w":2,"c":1,"r":null},"geometry":{"type":"MultiPolygon","coordinates":[[[[121.713178,25.097442],[121.71268,25.098656],[121.712726,25.098686],[121.713224,25.097442],[121.713178,25.097442]]]]}},{"type":"Feature","properties":{"n":"麥金路06","v":"安樂區","w":2,"c":2,"r":5},"geometry":{"type":"MultiPolygon","coordinates":[[[[121.726852,25.115588],[121.726833,25.115574],[121.726549,25.1159],[121.726278,25.116295],[121.726041,25.116687],[121.726062,25.116692],[121.726852,25.115588]]]]}},{"type":"Feature","properties":{"n":"麥金路08","v":"安樂區","w":2,"c":2,"r":4},"geometry":{"type":"MultiPolygon","coordinates":[[[[121.726193,25.11626],[121.726177,25.116251],[121.725962,25.116651],[121.725895,25.116833],[121.725911,25.116842],[121.726193,25.11626]]]]}},{"type":"Feature","properties":{"n":"麥金路09","v":"安樂區","w":2,"c":2,"r":4},"geometry":{"type":"MultiPolygon","coordinates":[[[[121.726002,25.116822],[121.725899,25.117183],[121.72583,25.117396],[121.725747,25.11758],[121.725758,25.117594],[121.725851,25.117391],[121.725902,25.117243],[121.726018,25.116831],[121.726002,25.116822]]]]}},{"type":"Feature","properties":{"n":"麥金路10","v":"安樂區","w":2,"c":1.4,"r":1},"geometry":{"type":"MultiPolygon","coordinates":[[[[121.722505,25.120084],[121.722521,25.120093],[121.722638,25.119999],[121.722766,25.119836],[121.723091,25.119443],[121.723078,25.119438],[121.722708,25.11988],[121.722609,25.120004],[121.722505,25.120084]]]]}},{"type":"Feature","properties":{"n":"麥金路11","v":"安樂區","w":2,"c":2,"r":11},"geometry":{"type":"MultiPolygon","coordinates":[[[[121.722579,25.120139],[121.72259,25.120151],[121.72271,25.120055],[121.723473,25.119105],[121.7237,25.118884],[121.72388,25.11873],[121.72387,25.118718],[121.723757,25.118809],[121.723376,25.119195],[121.722856,25.119848],[121.722685,25.120057],[121.722579,25.120139]]]]}},{"type":"Feature","properties":{"n":"麥金路12","v":"安樂區","w":18,"c":1.8,"r":0},"geometry":{"type":"MultiPolygon","coordinates":[[[[121.721279,25.122421],[121.721266,25.122423],[121.721486,25.123363],[121.721476,25.12352],[121.721382,25.123669],[121.721268,25.123755],[121.721066,25.123866],[121.720285,25.124142],[121.72016,25.124204],[121.720003,25.124358],[121.719964,25.124408],[121.719988,25.124423],[121.720123,25.124262],[121.720181,25.124211],[121.720454,25.124095],[121.72112,25.123855],[121.72135,25.123725],[121.721431,25.123643],[121.721484,25.123544],[121.721507,25.123458],[121.721506,25.123358],[121.721376,25.122808],[121.721279,25.122421]]]]}},{"type":"Feature","properties":{"n":"安和一街01","v":"安樂區","w":1.5,"c":1.5,"r":1},"geometry":{"type":"MultiPolygon","coordinates":[[[[121.723945,25.121379],[121.723676,25.121662],[121.723692,25.121674],[121.723958,25.121393],[121.723945,25.121379]]]]}},{"type":"Feature","properties":{"n":"安和一街02","v":"安樂區","w":1.5,"c":1.5,"r":2},"geometry":{"type":"MultiPolygon","coordinates":[[[[121.723456,25.121892],[121.723118,25.122221],[121.723004,25.122429],[121.722942,25.122785],[121.722852,25.124077],[121.722828,25.124623],[121.722626,25.124695],[121.722547,25.124743],[121.722424,25.124953],[121.722437,25.124965],[121.722528,25.124803],[121.722572,25.124748],[121.722614,25.124717],[121.722836,25.12463],[121.722866,25.124006],[121.722916,25.123361],[121.722944,25.122904],[121.722957,25.122772],[121.723015,25.122437],[121.723138,25.122215],[121.723459,25.121898],[121.723456,25.121892]]]]}},{"type":"Feature","properties":{"n":"安和一街03","v":"安樂區","w":1.2,"c":1.2,"r":7},"geometry":{"type":"MultiPolygon","coordinates":[[[[121.722416,25.124967],[121.722392,25.124976],[121.722256,25.125263],[121.72213,25.125455],[121.721958,25.126256],[121.722125,25.127258],[121.722232,25.127853],[121.722331,25.128109],[121.72251,25.128288],[121.722555,25.128251],[121.722397,25.128133],[121.722304,25.127954],[121.722219,25.127558],[121.722071,25.12665],[121.722017,25.126253],[121.722038,25.1261],[121.722169,25.125482],[121.722291,25.125288],[121.722437,25.124977],[121.722416,25.124967]]]]}},{"type":"Feature","properties":{"n":"安和一街04","v":"安樂區","w":1,"c":1,"r":1},"geometry":{"type":"MultiPolygon","coordinates":[[[[121.722722,25.128348],[121.723075,25.12847],[121.723462,25.128595],[121.723927,25.128724],[121.724311,25.128823],[121.724484,25.128805],[121.72457,25.128774],[121.724599,25.12875],[121.724698,25.128618],[121.724677,25.128613],[121.724627,25.128692],[121.724559,25.128759],[121.724452,25.128793],[121.724305,25.128805],[121.723374,25.128555],[121.722733,25.128336],[121.722722,25.128348]]]]}},{"type":"Feature","properties":{"n":"樂利三街01","v":"安樂區","w":1.2,"c":1.2,"r":2},"geometry":{"type":"MultiPolygon","coordinates":[[[[121.713657,25.12766],[121.713817,25.127313],[121.713633,25.127149],[121.712636,25.126938],[121.712636,25.126948],[121.713624,25.127162],[121.713798,25.127314],[121.713645,25.127654],[121.713657,25.12766]]]]}},{"type":"Feature","properties":{"n":"麥金路01","v":"安樂區","w":2.4,"c":2.4,"r":7},"geometry":{"type":"MultiPolygon","coordinates":[[[[121.719677,25.127995],[121.720043,25.128606],[121.72011,25.128742],[121.720125,25.128742],[121.720056,25.128599],[121.719692,25.127985],[121.719677,25.127995]]]]}},{"type":"Feature","properties":{"n":"湖海路一段01","v":"安樂區","w":1.5,"c":1.5,"r":4},"geometry":{"type":"MultiPolygon","coordinates":[[[[121.730106,25.156051],[121.730087,25.156056],[121.730154,25.156206],[121.73063,25.156501],[121.730715,25.156618],[121.730859,25.157009],[121.732112,25.158386],[121.732315,25.158731],[121.73239,25.15907],[121.732357,25.159319],[121.732007,25.160139],[121.732027,25.160217],[121.732312,25.160558],[121.732352,25.160737],[121.732378,25.160731],[121.732351,25.16054],[121.732073,25.160207],[121.732047,25.160147],[121.732409,25.159289],[121.732433,25.159003],[121.732322,25.158601],[121.732117,25.158298],[121.730899,25.156988],[121.730746,25.156583],[121.7307,25.156505],[121.730331,25.156268],[121.730186,25.156191],[121.730119,25.156048],[121.730106,25.156051]]]]}},{"type":"Feature","properties":{"n":"麥金路421巷01","v":"安樂區","w":1.5,"c":1.5,"r":2},"geometry":{"type":"MultiPolygon","coordinates":[[[[121.719382,25.1256],[121.719395,25.125586],[121.719231,25.125364],[121.719232,25.125047],[121.719353,25.124834],[121.719488,25.124743],[121.719677,25.124735],[121.719827,25.12476],[121.719835,25.124746],[121.719672,25.124716],[121.719478,25.124726],[121.719337,25.124815],[121.719209,25.125044],[121.719213,25.125372],[121.719382,25.1256]]]]}},{"type":"Feature","properties":{"n":"安和一街05","v":"安樂區","w":3,"c":3,"r":4},"geometry":{"type":"MultiPolygon","coordinates":[[[[121.722869,25.124627],[121.723097,25.124683],[121.723336,25.124894],[121.723356,25.12504],[121.723362,25.12529],[121.723376,25.125293],[121.723369,25.125035],[121.723355,25.124892],[121.723108,25.124671],[121.722871,25.124612],[121.722869,25.124627]]]]}},{"type":"Feature","properties":{"n":"湖海路一段02","v":"中山區","w":2,"c":2,"r":null},"geometry":{"type":"MultiPolygon","coordinates":[[[[121.728776,25.162851],[121.72878,25.162865],[121.727647,25.162985],[121.727177,25.162973],[121.726499,25.163076],[121.726182,25.163182],[121.724797,25.16428],[121.724609,25.164367],[121.724357,25.164376],[121.722983,25.164148],[121.722128,25.163908],[121.720465,25.163857],[121.719674,25.164143],[121.718631,25.164098],[121.71838,25.164193],[121.71796,25.164555],[121.717729,25.164628],[121.717093,25.164684],[121.716549,25.165002],[121.716127,25.165143],[121.715471,25.165101],[121.714715,25.16529],[121.71288,25.164678],[121.712124,25.164122],[121.711566,25.163971],[121.710365,25.164048],[121.709845,25.163939],[121.707664,25.164391],[121.707672,25.164405],[121.709851,25.163958],[121.710359,25.164068],[121.711574,25.163998],[121.712113,25.164144],[121.712867,25.164706],[121.714711,25.165328],[121.715483,25.165133],[121.716139,25.16517],[121.716563,25.165025],[121.717097,25.164712],[121.717737,25.16465],[121.717986,25.164573],[121.718398,25.164215],[121.718639,25.16413],[121.719679,25.164164],[121.72047,25.163878],[121.722127,25.163931],[121.722971,25.164166],[121.724357,25.164393],[121.724608,25.164387],[121.724807,25.1643],[121.726192,25.163203],[121.726496,25.163103],[121.727184,25.162993],[121.727651,25.163005],[121.728797,25.162892],[121.728776,25.162851]]]]}},{"type":"Feature","properties":{"n":"中和路01","v":"中山區","w":1,"c":1,"r":5},"geometry":{"type":"MultiPolygon","coordinates":[[[[121.72591,25.143993],[121.725913,25.143971],[121.724251,25.143905],[121.723502,25.14409],[121.723049,25.144128],[121.722705,25.144387],[121.722477,25.144483],[121.722279,25.144656],[121.722294,25.144666],[121.722485,25.144493],[121.722713,25.144396],[121.723055,25.144141],[121.723501,25.144106],[121.724256,25.143919],[121.72591,25.14399],[121.72591,25.143993]]]]}},{"type":"Feature","properties":{"n":"中和路02","v":"中山區","w":2.1,"c":2.1,"r":1},"geometry":{"type":"MultiPolygon","coordinates":[[[[121.72078,25.146142],[121.720745,25.146139],[121.720652,25.146811],[121.720539,25.147117],[121.72033,25.147274],[121.719819,25.147424],[121.719827,25.147443],[121.72034,25.1473],[121.720554,25.147148],[121.720684,25.146816],[121.72078,25.146142]]]]}},{"type":"Feature","properties":{"n":"五福橋01","v":"七堵區","w":4,"c":2,"r":4},"geometry":{"type":"MultiPolygon","coordinates":[[[[121.698352,25.091693],[121.698391,25.091657],[121.696795,25.090058],[121.696769,25.090088],[121.698352,25.091693]]]]}},{"type":"Feature","properties":{"n":"實踐橋01","v":"七堵區","w":3,"c":1.5,"r":2},"geometry":{"type":"MultiPolygon","coordinates":[[[[121.693128,25.079477],[121.693168,25.079471],[121.693121,25.078152],[121.693095,25.078164],[121.693128,25.079477]]]]}},{"type":"Feature","properties":{"n":"實踐橋01","v":"七堵區","w":1.5,"c":1.5,"r":null},"geometry":{"type":"MultiPolygon","coordinates":[[[[121.693043,25.079472],[121.693017,25.078307],[121.692971,25.078307],[121.692984,25.079472],[121.693043,25.079472]]]]}},{"type":"Feature","properties":{"n":"堵南街01","v":"七堵區","w":1.2,"c":1,"r":null},"geometry":{"type":"MultiPolygon","coordinates":[[[[121.688546,25.082697],[121.689208,25.083781],[121.69186,25.084377],[121.69186,25.084294],[121.689234,25.083745],[121.688598,25.082673],[121.688546,25.082697]]]]}},{"type":"Feature","properties":{"n":"百福橋01","v":"七堵區","w":1.2,"c":1.2,"r":2},"geometry":{"type":"MultiPolygon","coordinates":[[[[121.693821,25.084835],[121.692377,25.084561],[121.692364,25.084591],[121.693815,25.084865],[121.693821,25.084835]]]]}},{"type":"Feature","properties":{"n":"百福橋","v":"七堵區","w":1.2,"c":1.2,"r":2},"geometry":{"type":"MultiPolygon","coordinates":[[[[121.691917,25.084384],[121.691917,25.084408],[121.693781,25.084776],[121.693788,25.084746],[121.691917,25.084384]]]]}},{"type":"Feature","properties":{"n":"大德路03","v":"七堵區","w":0.9,"c":0.9,"r":null},"geometry":{"type":"MultiPolygon","coordinates":[[[[121.691885,25.084339],[121.691964,25.08435],[121.692183,25.083752],[121.691997,25.083311],[121.691499,25.083289],[121.691078,25.083065],[121.690367,25.082626],[121.689459,25.082093],[121.689459,25.082129],[121.68992,25.082401],[121.690288,25.082638],[121.690762,25.082911],[121.691144,25.083184],[121.69142,25.083302],[121.691866,25.083347],[121.691984,25.083371],[121.692144,25.083764],[121.691885,25.084339]]]]}},{"type":"Feature","properties":{"n":"長安街01","v":"七堵區","w":2,"c":2,"r":null},"geometry":{"type":"MultiPolygon","coordinates":[[[[121.695129,25.075398],[121.695129,25.07541],[121.694404,25.075897],[121.693471,25.076725],[121.692954,25.076925],[121.693484,25.076785],[121.695162,25.075446],[121.695129,25.075398]]]]}},{"type":"Feature","properties":{"n":"大華橋01","v":"七堵區","w":1.5,"c":1.5,"r":2},"geometry":{"type":"MultiPolygon","coordinates":[[[[121.719425,25.100468],[121.719441,25.100468],[121.719389,25.100072],[121.719373,25.100077],[121.719425,25.100468]]]]}},{"type":"Feature","properties":{"n":"大華橋02","v":"七堵區","w":1.5,"c":1.5,"r":2},"geometry":{"type":"MultiPolygon","coordinates":[[[[121.719391,25.100461],[121.719336,25.100072],[121.71932,25.10007],[121.719365,25.100461],[121.719391,25.100461]]]]}},{"type":"Feature","properties":{"n":"崇智街05","v":"七堵區","w":1.5,"c":1.5,"r":2},"geometry":{"type":"MultiPolygon","coordinates":[[[[121.712997,25.101494],[121.71305,25.101506],[121.713305,25.10028],[121.713279,25.100281],[121.712997,25.101494]]]]}},{"type":"Feature","properties":{"n":"崇智街06","v":"七堵區","w":1.5,"c":1.5,"r":2},"geometry":{"type":"MultiPolygon","coordinates":[[[[121.712944,25.101477],[121.713187,25.100245],[121.71316,25.100245],[121.712898,25.101465],[121.712944,25.101477]]]]}},{"type":"Feature","properties":{"n":"永富路01","v":"七堵區","w":2,"c":2,"r":null},"geometry":{"type":"MultiPolygon","coordinates":[[[[121.712742,25.098692],[121.713695,25.09901],[121.713747,25.098968],[121.712761,25.098615],[121.712742,25.098692]]]]}},{"type":"Feature","properties":{"n":"光明路07","v":"七堵區","w":1.5,"c":1.5,"r":2},"geometry":{"type":"MultiPolygon","coordinates":[[[[121.713511,25.095044],[121.711882,25.093428],[121.710861,25.092669],[121.710816,25.092705],[121.711599,25.09328],[121.712034,25.093636],[121.712562,25.094135],[121.713479,25.095057],[121.713511,25.095044]]]]}},{"type":"Feature","properties":{"n":"東新街73巷02","v":"七堵區","w":1.2,"c":0.9,"r":2},"geometry":{"type":"MultiPolygon","coordinates":[[[[121.717614,25.095177],[121.717736,25.095288],[121.71786,25.095388],[121.718044,25.095502],[121.718259,25.095572],[121.718488,25.095612],[121.718577,25.095619],[121.718703,25.09562],[121.718703,25.095613],[121.718475,25.095605],[121.718325,25.095577],[121.71817,25.095537],[121.718046,25.095492],[121.717896,25.095405],[121.717852,25.095374],[121.717622,25.095165],[121.717614,25.095177]]]]}},{"type":"Feature","properties":{"n":"東新街37巷01","v":"七堵區","w":1.5,"c":1.5,"r":2},"geometry":{"type":"MultiPolygon","coordinates":[[[[121.718708,25.095608],[121.718748,25.094741],[121.718737,25.094748],[121.71869,25.095609],[121.718708,25.095608]]]]}},{"type":"Feature","properties":{"n":"安和一街2巷01","v":"安樂區","w":2,"c":2,"r":1},"geometry":{"type":"MultiPolygon","coordinates":[[[[121.72369,25.121681],[121.724336,25.12228],[121.724623,25.122023],[121.724615,25.122021],[121.724339,25.122273],[121.7237,25.121674],[121.72369,25.121681]]]]}},{"type":"Feature","properties":{"n":"安和一街2巷02","v":"安樂區","w":2,"c":2,"r":2},"geometry":{"type":"MultiPolygon","coordinates":[[[[121.724639,25.122037],[121.724352,25.122306],[121.725117,25.122844],[121.725315,25.12262],[121.725307,25.122613],[121.725117,25.122829],[121.724368,25.122301],[121.72465,25.122046],[121.724639,25.122037]]]]}},{"type":"Feature","properties":{"n":"協和街01","v":"中山區","w":0.9,"c":0.9,"r":2},"geometry":{"type":"MultiPolygon","coordinates":[[[[121.731825,25.157963],[121.731845,25.157993],[121.732021,25.157825],[121.732263,25.157644],[121.732944,25.15733],[121.733285,25.157305],[121.733711,25.157362],[121.734125,25.15739],[121.734125,25.15736],[121.73398,25.157343],[121.733672,25.157327],[121.733258,25.157275],[121.73293,25.157295],[121.732616,25.157434],[121.73225,25.157609],[121.732001,25.157783],[121.731825,25.157963]]]]}},{"type":"Feature","properties":{"n":"中山四路01","v":"中山區","w":1,"c":1,"r":0},"geometry":{"type":"MultiPolygon","coordinates":[[[[121.747333,25.147567],[121.747364,25.147567],[121.747414,25.147178],[121.747536,25.146772],[121.748277,25.145741],[121.748566,25.145662],[121.748552,25.145632],[121.748264,25.145717],[121.747503,25.146754],[121.74737,25.147167],[121.747333,25.147567]]]]}},{"type":"Feature","properties":{"n":"安和一街330巷01","v":"安樂區","w":1.5,"c":1.5,"r":0},"geometry":{"type":"MultiPolygon","coordinates":[[[[121.722948,25.128456],[121.722679,25.128439],[121.722528,25.128488],[121.722516,25.12853],[121.722536,25.128631],[121.72276,25.128839],[121.723234,25.129129],[121.724125,25.129619],[121.724309,25.129797],[121.724521,25.130076],[121.724541,25.130047],[121.724349,25.129797],[121.724138,25.129595],[121.722782,25.128807],[121.722584,25.128629],[121.72257,25.128504],[121.722701,25.128479],[121.72295,25.128478],[121.722948,25.128456]]]]}},{"type":"Feature","properties":{"n":"安和一街330巷02","v":"安樂區","w":1.5,"c":1.5,"r":1},"geometry":{"type":"MultiPolygon","coordinates":[[[[121.722668,25.128372],[121.722648,25.128348],[121.722445,25.128409],[121.722387,25.128564],[121.722427,25.128701],[121.722506,25.128767],[121.723093,25.129218],[121.723869,25.129584],[121.724034,25.129733],[121.724324,25.130012],[121.724363,25.129988],[121.724086,25.129702],[121.723888,25.129554],[121.723086,25.12917],[121.722664,25.128843],[121.722479,25.128671],[121.722439,25.128564],[121.722484,25.128426],[121.722668,25.128372]]]]}},{"type":"Feature","properties":{"n":"武嶺街01","v":"安樂區","w":1.5,"c":1.5,"r":2},"geometry":{"type":"MultiPolygon","coordinates":[[[[121.710952,25.140368],[121.710971,25.140358],[121.710807,25.139771],[121.710788,25.139776],[121.710952,25.140368]]]]}},{"type":"Feature","properties":{"n":"武嶺街02","v":"安樂區","w":1.5,"c":1.5,"r":2},"geometry":{"type":"MultiPolygon","coordinates":[[[[121.711057,25.140631],[121.711068,25.140624],[121.710917,25.140396],[121.710904,25.140398],[121.711057,25.140631]]]]}},{"type":"Feature","properties":{"n":"麥金路01","v":"安樂區","w":1.5,"c":1.5,"r":2},"geometry":{"type":"MultiPolygon","coordinates":[[[[121.721887,25.123835],[121.721892,25.123614],[121.721583,25.122427],[121.721557,25.122434],[121.721866,25.123614],[121.721854,25.123829],[121.721887,25.123835]]]]}},{"type":"Feature","properties":{"n":"深澳國小遷建校聯外道路_南段01","v":"信義區","w":2.5,"c":1.5,"r":2},"geometry":{"type":"MultiPolygon","coordinates":[[[[121.783756,25.127119],[121.783723,25.127101],[121.783651,25.127191],[121.783646,25.127418],[121.783608,25.127604],[121.783276,25.128071],[121.783062,25.128389],[121.782957,25.128491],[121.783003,25.128497],[121.783101,25.128436],[121.783192,25.128251],[121.783361,25.127999],[121.783602,25.127675],[121.783666,25.127454],[121.783684,25.127221],[121.783736,25.127149],[121.783756,25.127119]]]]}},{"type":"Feature","properties":{"n":"深澳國小遷建校聯外道路_南段02","v":"信義區","w":2.5,"c":1.5,"r":null},"geometry":{"type":"MultiPolygon","coordinates":[[[[121.782524,25.128475],[121.782885,25.128467],[121.783048,25.128341],[121.783386,25.127862],[121.783542,25.127628],[121.7836,25.127496],[121.783599,25.127186],[121.783585,25.127162],[121.783526,25.127091],[121.783493,25.127097],[121.783579,25.12718],[121.783573,25.127311],[121.783574,25.127502],[121.78351,25.12764],[121.783334,25.12791],[121.783022,25.128329],[121.782891,25.128432],[121.782537,25.128439],[121.782524,25.128475]]]]}},{"type":"Feature","properties":{"n":"仁二路04(無遮簷)","v":"仁愛區","w":1.5,"c":1.5,"r":2},"geometry":{"type":"MultiPolygon","coordinates":[[[[121.747205,25.127382],[121.747198,25.127368],[121.747129,25.12739],[121.746585,25.127674],[121.746612,25.127679],[121.747135,25.127402],[121.747205,25.127382]]]]}},{"type":"Feature","properties":{"n":"仁二路03(無遮簷)","v":"仁愛區","w":1.5,"c":1.5,"r":2},"geometry":{"type":"MultiPolygon","coordinates":[[[[121.746541,25.127734],[121.746541,25.127715],[121.745942,25.128041],[121.745958,25.128057],[121.746541,25.127734]]]]}},{"type":"Feature","properties":{"n":"信四路01","v":"中正區","w":2,"c":2,"r":2},"geometry":{"type":"MultiPolygon","coordinates":[[[[121.745325,25.133955],[121.745336,25.13397],[121.74538,25.133958],[121.745493,25.1339],[121.745987,25.13362],[121.745976,25.133611],[121.74566,25.133791],[121.74537,25.13395],[121.745325,25.133955]]]]}},{"type":"Feature","properties":{"n":"信四路02","v":"中正區","w":2,"c":1.5,"r":2},"geometry":{"type":"MultiPolygon","coordinates":[[[[121.746162,25.133502],[121.746162,25.133519],[121.746722,25.133208],[121.74674,25.133191],[121.746732,25.133158],[121.746719,25.133196],[121.746162,25.133502]]]]}},{"type":"Feature","properties":{"n":"舊漁會大樓周邊人行道","v":"中正區","w":2,"c":2,"r":2},"geometry":{"type":"MultiPolygon","coordinates":[[[[121.765614,25.150976],[121.765621,25.150979],[121.765712,25.150708],[121.765614,25.150976]]]]}},{"type":"Feature","properties":{"n":"忠二路01","v":"仁愛區","w":1.5,"c":1.5,"r":2},"geometry":{"type":"MultiPolygon","coordinates":[[[[121.741122,25.129578],[121.741309,25.129469],[121.741301,25.129459],[121.741114,25.129566],[121.741122,25.129578]]]]}},{"type":"Feature","properties":{"n":"忠二路02","v":"仁愛區","w":1.5,"c":1.5,"r":2},"geometry":{"type":"MultiPolygon","coordinates":[[[[121.741076,25.129505],[121.741087,25.129517],[121.741272,25.129408],[121.741264,25.129398],[121.741076,25.129505]]]]}},{"type":"Feature","properties":{"n":"忠三路01","v":"仁愛區","w":1.5,"c":1.5,"r":2},"geometry":{"type":"MultiPolygon","coordinates":[[[[121.74051,25.128653],[121.740698,25.128546],[121.740695,25.128536],[121.740502,25.128643],[121.74051,25.128653]]]]}},{"type":"Feature","properties":{"n":"忠三路02","v":"仁愛區","w":1.5,"c":1.5,"r":2},"geometry":{"type":"MultiPolygon","coordinates":[[[[121.740475,25.128582],[121.740473,25.128599],[121.740671,25.128502],[121.740663,25.128485],[121.740475,25.128582]]]]}},{"type":"Feature","properties":{"n":"東勢街","v":"暖暖區","w":2,"c":2,"r":2},"geometry":{"type":"MultiPolygon","coordinates":[[[[121.738918,25.093102],[121.739068,25.09276],[121.739572,25.091944],[121.740155,25.09138],[121.740669,25.090926],[121.740959,25.090489],[121.741152,25.090127],[121.74126,25.089855],[121.742201,25.088961],[121.742834,25.088341],[121.743008,25.088195],[121.743027,25.088152],[121.743,25.088132],[121.742974,25.088193],[121.742075,25.089036],[121.741238,25.08985],[121.740935,25.090493],[121.740656,25.090916],[121.739551,25.091936],[121.739052,25.092752],[121.738894,25.093093],[121.738918,25.093102]]]]}},{"type":"Feature","properties":{"n":"安一路","v":"安樂區","w":null,"c":null,"r":4},"geometry":{"type":"MultiPolygon","coordinates":[[[[121.736879,25.131558],[121.736869,25.131595],[121.737604,25.131488],[121.737577,25.131466],[121.736879,25.131561],[121.736879,25.131558]]]]}},{"type":"Feature","properties":{"n":"東勢街","v":"暖暖區","w":2,"c":1.5,"r":4},"geometry":{"type":"MultiPolygon","coordinates":[[[[121.755343,25.07685],[121.755332,25.076833],[121.755002,25.076879],[121.754554,25.077008],[121.754278,25.077173],[121.753916,25.077475],[121.753843,25.077812],[121.754018,25.078427],[121.753935,25.078709],[121.753575,25.07899],[121.753044,25.079211],[121.752379,25.079335],[121.75196,25.07952],[121.751987,25.079564],[121.752127,25.079471],[121.752422,25.079345],[121.753039,25.079233],[121.753586,25.07901],[121.753956,25.078718],[121.754042,25.078437],[121.753935,25.078106],[121.753865,25.07781],[121.753945,25.07747],[121.754315,25.077168],[121.754573,25.077023],[121.754999,25.076899],[121.755343,25.07685]]]]}},{"type":"Feature","properties":{"n":"東碇路","v":"暖暖區","w":1.5,"c":1.5,"r":2},"geometry":{"type":"MultiPolygon","coordinates":[[[[121.748787,25.095374],[121.74938,25.095277],[121.749734,25.09526],[121.750321,25.095388],[121.750362,25.09543],[121.750372,25.095391],[121.750351,25.095371],[121.74975,25.095245],[121.749388,25.09526],[121.748782,25.095359],[121.748787,25.095374]]]]}},{"type":"Feature","properties":{"n":"武嶺街、武崙街","v":"安樂區","w":2.3,"c":1.5,"r":6},"geometry":{"type":"MultiPolygon","coordinates":[[[[121.706336,25.13807],[121.706328,25.138045],[121.705781,25.138191],[121.705754,25.138247],[121.705756,25.138276],[121.707044,25.140784],[121.707189,25.141739],[121.707213,25.141734],[121.707068,25.140775],[121.705781,25.138271],[121.705781,25.138244],[121.705805,25.138198],[121.706336,25.13807]]]]}},{"type":"Feature","properties":{"n":"武崙街(武崙國中通路)","v":"安樂區","w":1.5,"c":1.5,"r":2},"geometry":{"type":"MultiPolygon","coordinates":[[[[121.706253,25.137869],[121.706234,25.137862],[121.706191,25.137922],[121.706108,25.137961],[121.706057,25.137961],[121.705826,25.138002],[121.705762,25.138032],[121.705727,25.138092],[121.705725,25.138112],[121.705757,25.138112],[121.705751,25.138085],[121.705781,25.138034],[121.705832,25.138012],[121.705888,25.138],[121.706119,25.137976],[121.706199,25.137934],[121.706253,25.137869]]]]}},{"type":"Feature","properties":{"n":"武崙街02","v":"安樂區","w":1,"c":0.9,"r":8},"geometry":{"type":"MultiPolygon","coordinates":[[[[121.7056,25.138129],[121.70657,25.140045],[121.706868,25.140613],[121.706943,25.14079],[121.707077,25.141769],[121.707102,25.141764],[121.706962,25.140783],[121.705624,25.138117],[121.7056,25.138129]]]]}},{"type":"Feature","properties":{"n":"南榮路07","v":"仁愛區","w":1.8,"c":1.8,"r":null},"geometry":{"type":"MultiPolygon","coordinates":[[[[121.743216,25.120168],[121.743095,25.120809],[121.743017,25.121489],[121.743006,25.121616],[121.74302,25.121616],[121.743114,25.120805],[121.743234,25.120176],[121.743216,25.120168]]]]}},{"type":"Feature","properties":{"n":"北寧路","v":"中正區","w":6.5,"c":5.2,"r":6},"geometry":{"type":"MultiPolygon","coordinates":[[[[121.797916,25.140039],[121.797919,25.140056],[121.799239,25.140054],[121.799343,25.140073],[121.799797,25.140243],[121.799949,25.14027],[121.800199,25.140333],[121.800408,25.140343],[121.800518,25.140335],[121.801296,25.1401],[121.801414,25.140088],[121.801545,25.140122],[121.801634,25.140165],[121.801645,25.140153],[121.801535,25.140105],[121.801411,25.140078],[121.801291,25.14009],[121.800502,25.140323],[121.800392,25.140333],[121.800191,25.140318],[121.79996,25.140253],[121.799805,25.140236],[121.799354,25.140061],[121.799244,25.140044],[121.797916,25.140039]]]]}},{"type":"Feature","properties":{"n":"北寧路","v":"中正區","w":6.5,"c":5.2,"r":6},"geometry":{"type":"MultiPolygon","coordinates":[[[[121.797925,25.139844],[121.798212,25.139836],[121.799161,25.139858],[121.79944,25.139882],[121.799692,25.139975],[121.800138,25.140171],[121.800315,25.140196],[121.8005,25.140183],[121.800666,25.14014],[121.800658,25.14012],[121.800494,25.140171],[121.800309,25.140179],[121.80014,25.140154],[121.799456,25.139868],[121.799172,25.139844],[121.797925,25.139822],[121.797925,25.139844]]]]}},{"type":"Feature","properties":{"n":"環港街","v":"中正區","w":3.9,"c":2.7,"r":8},"geometry":{"type":"MultiPolygon","coordinates":[[[[121.793767,25.139814],[121.793742,25.139814],[121.790449,25.143665],[121.79039,25.143665],[121.790396,25.143682],[121.790455,25.143682],[121.793767,25.139814]]]]}},{"type":"Feature","properties":{"n":"中和路","v":"中山區","w":1.2,"c":1.2,"r":8},"geometry":{"type":"MultiPolygon","coordinates":[[[[121.722305,25.144684],[121.722112,25.144881],[121.721916,25.145014],[121.721803,25.145104],[121.72176,25.14525],[121.721736,25.145471],[121.721661,25.145548],[121.721538,25.145568],[121.721286,25.145597],[121.72102,25.145675],[121.720934,25.145733],[121.72087,25.145893],[121.720873,25.146197],[121.720891,25.146204],[121.720873,25.146444],[121.720856,25.146486],[121.720883,25.146493],[121.720913,25.146185],[121.720891,25.146185],[121.720886,25.145903],[121.720953,25.145747],[121.721033,25.145692],[121.721294,25.145619],[121.721672,25.145565],[121.721758,25.145471],[121.721825,25.145111],[121.722128,25.14489],[121.722313,25.144703],[121.722305,25.144684]]]]}},{"type":"Feature","properties":{"n":"東勢街","v":"暖暖區","w":1.5,"c":1.5,"r":12},"geometry":{"type":"MultiPolygon","coordinates":[[[[121.751934,25.079631],[121.751913,25.079616],[121.751771,25.07983],[121.751596,25.080248],[121.751264,25.080695],[121.751122,25.080989],[121.75106,25.081431],[121.750982,25.081657],[121.750741,25.081849],[121.750116,25.082036],[121.749872,25.082288],[121.749689,25.082816],[121.749493,25.083032],[121.749067,25.08328],[121.748362,25.083474],[121.748289,25.08353],[121.748093,25.083734],[121.747951,25.083984],[121.747927,25.084195],[121.747973,25.08438],[121.748152,25.084686],[121.748324,25.085026],[121.748461,25.085417],[121.748517,25.085767],[121.748455,25.086008],[121.748246,25.086214],[121.747949,25.086275],[121.747621,25.086275],[121.746838,25.086321],[121.746556,25.086248],[121.746197,25.086032],[121.745964,25.085779],[121.745771,25.085704],[121.745481,25.085701],[121.745062,25.085886],[121.744826,25.086063],[121.744644,25.086336],[121.743681,25.086972],[121.743413,25.087273],[121.743003,25.088128],[121.743025,25.088139],[121.743438,25.08727],[121.743701,25.086968],[121.744221,25.086633],[121.744647,25.086349],[121.744843,25.086069],[121.744971,25.085973],[121.745081,25.0859],[121.745486,25.085718],[121.745759,25.085713],[121.745958,25.085796],[121.74618,25.086041],[121.746542,25.086258],[121.746837,25.086333],[121.747293,25.086326],[121.747596,25.086296],[121.74794,25.086292],[121.748256,25.086224],[121.748482,25.086007],[121.748535,25.085779],[121.748487,25.085417],[121.74835,25.085021],[121.748181,25.084681],[121.747991,25.084368],[121.747945,25.084188],[121.747969,25.083981],[121.748117,25.083734],[121.748286,25.083564],[121.74838,25.083486],[121.749066,25.083299],[121.749506,25.083051],[121.749702,25.08284],[121.749892,25.082308],[121.750128,25.082065],[121.750501,25.081946],[121.750751,25.081873],[121.750984,25.081676],[121.751081,25.081431],[121.751145,25.080976],[121.75129,25.080697],[121.751614,25.080265],[121.751789,25.079832],[121.751934,25.079631]]]]}},{"type":"Feature","properties":{"n":"安和二街","v":"安樂區","w":1.2,"c":1.2,"r":12},"geometry":{"type":"MultiPolygon","coordinates":[[[[121.720219,25.129621],[121.720227,25.129669],[121.720393,25.129781],[121.720549,25.129873],[121.720667,25.129951],[121.720946,25.130102],[121.721354,25.130262],[121.721791,25.130345],[121.722,25.130291],[121.722263,25.130199],[121.722249,25.130184],[121.721987,25.130284],[121.721793,25.130332],[121.721359,25.130247],[121.720957,25.130092],[121.720662,25.129929],[121.720246,25.129662],[121.72024,25.129626],[121.720219,25.129621]]]]}},{"type":"Feature","properties":{"n":"樂利二街","v":"安樂區","w":1.2,"c":1.2,"r":4},"geometry":{"type":"MultiPolygon","coordinates":[[[[121.719919,25.124392],[121.719925,25.124373],[121.719587,25.124373],[121.7196,25.124014],[121.719547,25.123851],[121.719402,25.123691],[121.719367,25.1237],[121.719525,25.123858],[121.719571,25.123994],[121.719555,25.124395],[121.719919,25.124392]]]]}},{"type":"Feature","properties":{"n":"仁二路137巷","v":"仁愛區","w":2.5,"c":2.5,"r":2},"geometry":{"type":"MultiPolygon","coordinates":[[[[121.746603,25.127655],[121.746624,25.127643],[121.746648,25.126133],[121.746624,25.126133],[121.746603,25.127655]]]]}},{"type":"Feature","properties":{"n":"仁二路137巷_02","v":"仁愛區","w":2.5,"c":1.7,"r":2},"geometry":{"type":"MultiPolygon","coordinates":[[[[121.746538,25.127704],[121.746554,25.126189],[121.746533,25.126189],[121.746519,25.127716],[121.746538,25.127704]]]]}},{"type":"Feature","properties":{"n":"愛五路","v":"仁愛區","w":null,"c":null,"r":0},"geometry":{"type":"MultiPolygon","coordinates":[[[[121.74594,25.128061],[121.745929,25.128047],[121.745524,25.128258],[121.74524,25.127814],[121.74498,25.127753],[121.74487,25.127804],[121.744878,25.127826],[121.744983,25.127772],[121.745221,25.127828],[121.745514,25.128285],[121.74594,25.128061]]]]}},{"type":"Feature","properties":{"n":"仁二路","v":"仁愛區","w":null,"c":null,"r":4},"geometry":{"type":"MultiPolygon","coordinates":[[[[121.747237,25.127368],[121.747248,25.127371],[121.747626,25.127339],[121.74915,25.127701],[121.749155,25.127674],[121.747631,25.12732],[121.747234,25.127337],[121.747237,25.127368]]]]}},{"type":"Feature","properties":{"n":"義一路11","v":"中正區","w":1.4,"c":0.7,"r":2},"geometry":{"type":"MultiPolygon","coordinates":[[[[121.745579,25.132739],[121.74611,25.133502],[121.746158,25.133516],[121.745579,25.132739]]]]}},{"type":"Feature","properties":{"n":"仁愛橋","v":"仁愛區","w":1.5,"c":1.5,"r":2},"geometry":{"type":"MultiPolygon","coordinates":[[[[121.739907,25.127811],[121.740058,25.127736],[121.740216,25.127651],[121.739907,25.127811]]]]}},{"type":"Feature","properties":{"n":"七堵地下道01","v":"七堵區","w":1.5,"c":1.5,"r":0},"geometry":{"type":"MultiPolygon","coordinates":[[[[121.715757,25.097191],[121.715776,25.097206],[121.716916,25.094966],[121.716902,25.094959],[121.715757,25.097191]]]]}},{"type":"Feature","properties":{"n":"平一路","v":"中正區","w":2.5,"c":2.5,"r":null},"geometry":{"type":"MultiPolygon","coordinates":[[[[121.763763,25.159649],[121.763731,25.159394],[121.763672,25.159217],[121.763549,25.159047],[121.763527,25.159047],[121.76365,25.159217],[121.763712,25.159394],[121.763744,25.159652],[121.763763,25.159649]]]]}},{"type":"Feature","properties":{"n":"源遠路(源遠路道路品質改善工程一期)","v":"暖暖區","w":1.9,"c":1.9,"r":4},"geometry":{"type":"MultiPolygon","coordinates":[[[[121.751809,25.098395],[121.751803,25.09841],[121.752179,25.098419],[121.754555,25.098789],[121.754577,25.098755],[121.752233,25.0984],[121.751809,25.098376],[121.751809,25.098395]]]]}},{"type":"Feature","properties":{"n":"源遠路(源遠路道路品質改善工程一期)","v":"暖暖區","w":3.2,"c":1.9,"r":4},"geometry":{"type":"MultiPolygon","coordinates":[[[[121.752039,25.098293],[121.753499,25.098456],[121.754228,25.098594],[121.754231,25.09857],[121.753501,25.098427],[121.752045,25.098262],[121.752039,25.098293]]]]}},{"type":"Feature","properties":{"n":"源遠路(源遠路道路品質改善工程一期)","v":"暖暖區","w":1.5,"c":1.5,"r":2},"geometry":{"type":"MultiPolygon","coordinates":[[[[121.754319,25.098614],[121.754585,25.09866],[121.75459,25.098643],[121.754325,25.098592],[121.754319,25.098614]]]]}},{"type":"Feature","properties":{"n":"平一路","v":"中正區","w":5,"c":2.5,"r":null},"geometry":{"type":"MultiPolygon","coordinates":[[[[121.76423,25.159314],[121.76424,25.1593],[121.763787,25.159083],[121.763683,25.158991],[121.763551,25.159035],[121.763554,25.159057],[121.763683,25.159013],[121.763774,25.159098],[121.76423,25.159314]]]]}},{"type":"Feature","properties":{"n":"中船路112巷","v":"中正區","w":2.5,"c":2.5,"r":null},"geometry":{"type":"MultiPolygon","coordinates":[[[[121.752348,25.138562],[121.752568,25.138701],[121.752855,25.138854],[121.752348,25.138562]]]]}},{"type":"Feature","properties":{"n":"安一路09","v":"中山區","w":1.2,"c":1.2,"r":2},"geometry":{"type":"MultiPolygon","coordinates":[[[[121.73484,25.131742],[121.735089,25.131676],[121.735087,25.131662],[121.734834,25.131732],[121.73484,25.131742]]]]}},{"type":"Feature","properties":{"n":"安一路10","v":"中山區","w":1.2,"c":1.2,"r":2},"geometry":{"type":"MultiPolygon","coordinates":[[[[121.734869,25.131857],[121.735119,25.131782],[121.735111,25.131765],[121.734869,25.131843],[121.734869,25.131857]]]]}},{"type":"Feature","properties":{"n":"南榮路","v":"仁愛區","w":1.8,"c":1.8,"r":null},"geometry":{"type":"MultiPolygon","coordinates":[[[[121.743572,25.117243],[121.743594,25.117251],[121.743433,25.116901],[121.743342,25.116376],[121.743122,25.115694],[121.743108,25.115694],[121.743259,25.116151],[121.743326,25.116379],[121.743369,25.116656],[121.743414,25.116886],[121.743492,25.11709],[121.743572,25.117243]]]]}},{"type":"Feature","properties":{"n":"仁三路","v":"仁愛區","w":0,"c":0,"r":2},"geometry":{"type":"MultiPolygon","coordinates":[[[[121.742875,25.128515],[121.742878,25.128518],[121.743396,25.128219],[121.743423,25.128161],[121.742808,25.128496],[121.742875,25.128515]]]]}}]}