{"type":"FeatureCollection","features":[{"type":"Feature","properties":{"n":"福清步道","v":"南竿鄉","w":4.35,"c":1.2,"r":2},"geometry":{"type":"MultiPolygon","coordinates":[[[[119.93958,26.157342],[119.939588,26.157328],[119.939524,26.157304],[119.939347,26.157097],[119.939232,26.157046],[119.939132,26.156841],[119.939135,26.156694],[119.939162,26.156632],[119.939162,26.15661],[119.939103,26.156162],[119.939095,26.156143],[119.93899,26.156044],[119.938856,26.155999],[119.938757,26.156011],[119.938604,26.155994],[119.93851,26.155965],[119.938408,26.155907],[119.938263,26.15577],[119.938204,26.155635],[119.938118,26.155541],[119.937923,26.155353],[119.937783,26.155262],[119.937662,26.155168],[119.937322,26.154783],[119.937394,26.154316],[119.937359,26.154309],[119.937282,26.154788],[119.937617,26.155161],[119.937751,26.155272],[119.937901,26.155378],[119.938092,26.155553],[119.938177,26.155645],[119.938242,26.155784],[119.938392,26.155919],[119.938494,26.155979],[119.938588,26.156011],[119.938746,26.156032],[119.938851,26.15602],[119.938977,26.156061],[119.939073,26.156158],[119.939135,26.156617],[119.939111,26.156685],[119.939111,26.156844],[119.939138,26.156911],[119.939183,26.156998],[119.939207,26.157056],[119.939333,26.157116],[119.93951,26.157318],[119.93958,26.157342]]]]}},{"type":"Feature","properties":{"n":"西莒-建國路(中華電信至消防分隊)","v":"莒光鄉","w":1.2,"c":1.2,"r":4},"geometry":{"type":"MultiPolygon","coordinates":[[[[119.93507,25.970798],[119.935325,25.971191],[119.935451,25.971411],[119.935478,25.971488],[119.935497,25.971517],[119.935534,25.971679],[119.935564,25.971737],[119.935607,25.971799],[119.93565,25.97184],[119.935961,25.972014],[119.936138,25.972062],[119.936261,25.972113],[119.936328,25.972175],[119.936393,25.972221],[119.936623,25.972414],[119.936696,25.972431],[119.93672,25.972376],[119.936328,25.972079],[119.936175,25.972004],[119.935964,25.971932],[119.935899,25.971884],[119.935749,25.971796],[119.935647,25.971683],[119.935618,25.971629],[119.935567,25.971461],[119.93551,25.971357],[119.935381,25.971125],[119.935092,25.970665],[119.93507,25.970798]]]]}},{"type":"Feature","properties":{"n":"觀海路","v":"南竿鄉","w":1.5,"c":1.2,"r":null},"geometry":{"type":"MultiPolygon","coordinates":[[[[119.920944,26.161376],[119.920923,26.16139],[119.92099,26.16165],[119.921216,26.161778],[119.921468,26.161961],[119.92176,26.162185],[119.922216,26.162544],[119.922554,26.162987],[119.922741,26.163208],[119.92287,26.163394],[119.923071,26.163967],[119.92313,26.164228],[119.923219,26.164681],[119.923211,26.164784],[119.923211,26.164937],[119.923321,26.165147],[119.92345,26.165226],[119.923903,26.165361],[119.924007,26.165498],[119.924217,26.165946],[119.924437,26.166223],[119.924566,26.16634],[119.924802,26.166523],[119.924901,26.166682],[119.924915,26.166682],[119.924813,26.166514],[119.924665,26.166403],[119.924448,26.166208],[119.924233,26.165938],[119.924029,26.16549],[119.923903,26.165336],[119.923466,26.165216],[119.923326,26.165127],[119.923228,26.164921],[119.923234,26.164671],[119.923105,26.164016],[119.922896,26.163385],[119.922232,26.162529],[119.921369,26.161864],[119.921008,26.161636],[119.920944,26.161376]]]]}},{"type":"Feature","properties":{"n":"福沃","v":"南竿鄉","w":1.5,"c":1.2,"r":null},"geometry":{"type":"MultiPolygon","coordinates":[[[[119.943563,26.157407],[119.943563,26.157425],[119.944284,26.157865],[119.944491,26.158025],[119.944711,26.158357],[119.944901,26.158778],[119.944952,26.158954],[119.944944,26.159115],[119.944883,26.159356],[119.944622,26.160232],[119.94437,26.160963],[119.944381,26.16098],[119.944614,26.160313],[119.944969,26.159111],[119.944972,26.15894],[119.944921,26.158776],[119.944706,26.158317],[119.944502,26.158011],[119.944247,26.157825],[119.943563,26.157407]]]]}},{"type":"Feature","properties":{"n":"東莒-中興路(衛生所至遊客中心段)","v":"莒光鄉","w":1.6,"c":1.6,"r":16},"geometry":{"type":"MultiPolygon","coordinates":[[[[119.981666,25.965375],[119.981747,25.965326],[119.981519,25.965196],[119.981068,25.964837],[119.979888,25.964017],[119.979292,25.96365],[119.979131,25.963539],[119.978616,25.963202],[119.977887,25.962739],[119.977015,25.962196],[119.97686,25.962102],[119.976366,25.96183],[119.9762,25.96176],[119.975698,25.961613],[119.975296,25.961453],[119.974376,25.961205],[119.973743,25.961065],[119.973617,25.961046],[119.973247,25.960877],[119.973212,25.960841],[119.973198,25.960783],[119.973139,25.960732],[119.973059,25.960843],[119.973247,25.960947],[119.973585,25.961092],[119.973732,25.961128],[119.974885,25.961371],[119.975156,25.961463],[119.975315,25.961535],[119.975907,25.961733],[119.976388,25.9619],[119.976693,25.962066],[119.976825,25.962153],[119.978169,25.96299],[119.978775,25.963385],[119.979209,25.963662],[119.980266,25.964357],[119.980585,25.964586],[119.981189,25.964991],[119.981545,25.965302],[119.981666,25.965375]]]]}},{"type":"Feature","properties":{"n":"復興路","v":"北竿鄉","w":2,"c":2,"r":null},"geometry":{"type":"MultiPolygon","coordinates":[[[[119.997261,26.223225],[119.997255,26.223222],[119.997084,26.223393],[119.997011,26.223477],[119.996952,26.223535],[119.996966,26.223547],[119.997073,26.223473],[119.997113,26.223393],[119.997272,26.22323],[119.997261,26.223225]]]]}},{"type":"Feature","properties":{"n":"中山路","v":"北竿鄉","w":0.9,"c":0.9,"r":0},"geometry":{"type":"MultiPolygon","coordinates":[[[[119.997491,26.222872],[119.997877,26.223154],[119.998548,26.223657],[119.998556,26.223647],[119.9981,26.223312],[119.997762,26.223053],[119.997496,26.222865],[119.997491,26.222872]]]]}},{"type":"Feature","properties":{"n":"機場大道","v":"北竿鄉","w":1.25,"c":1.2,"r":null},"geometry":{"type":"MultiPolygon","coordinates":[[[[119.998843,26.223929],[119.998832,26.223939],[119.999958,26.224651],[120.000092,26.224786],[120.000098,26.224767],[119.999969,26.224637],[119.999776,26.224516],[119.998843,26.223929]]]]}},{"type":"Feature","properties":{"n":"西莒-建國路(菜埔澳段)","v":"莒光鄉","w":1.2,"c":1.2,"r":7},"geometry":{"type":"MultiPolygon","coordinates":[[[[119.940939,25.978703],[119.940947,25.978737],[119.941046,25.978971],[119.9414,25.979586],[119.941454,25.979619],[119.941684,25.979687],[119.942363,25.979815],[119.942486,25.97987],[119.942556,25.979928],[119.942776,25.980152],[119.942873,25.980222],[119.942961,25.980323],[119.943133,25.980495],[119.943195,25.98054],[119.943364,25.980637],[119.943723,25.980864],[119.943747,25.98082],[119.943275,25.980533],[119.943208,25.980485],[119.943141,25.980427],[119.942835,25.980111],[119.942666,25.979964],[119.942545,25.979832],[119.942387,25.979771],[119.941827,25.979668],[119.941583,25.979607],[119.941505,25.979581],[119.941465,25.979559],[119.941435,25.979528],[119.941363,25.97939],[119.941135,25.979012],[119.941073,25.978898],[119.941022,25.978766],[119.941011,25.978686],[119.940939,25.978703]]]]}},{"type":"Feature","properties":{"n":"介壽路01","v":"南竿鄉","w":4.5,"c":2.5,"r":null},"geometry":{"type":"MultiPolygon","coordinates":[[[[119.952307,26.157811],[119.952146,26.160334],[119.952097,26.16055],[119.952033,26.160668],[119.952042,26.160685],[119.95212,26.16056],[119.952168,26.160329],[119.952249,26.159125],[119.952326,26.157815],[119.952307,26.157811]]]]}},{"type":"Feature","properties":{"n":"仁愛路","v":"南竿鄉","w":2,"c":2,"r":null},"geometry":{"type":"MultiPolygon","coordinates":[[[[119.928025,26.147042],[119.928178,26.146999],[119.928183,26.146743],[119.928312,26.146534],[119.9284,26.146459],[119.928475,26.146387],[119.928626,26.146113],[119.928532,26.145869],[119.928446,26.145715],[119.928373,26.145525],[119.928411,26.145159],[119.928497,26.144759],[119.928572,26.144586],[119.928717,26.144403],[119.928717,26.144167],[119.928652,26.144071],[119.928475,26.144001],[119.92836,26.144006],[119.928057,26.144292],[119.927748,26.144466],[119.92755,26.144463],[119.927435,26.144391],[119.927234,26.143982],[119.927078,26.143736],[119.926952,26.143423],[119.92693,26.143197],[119.927148,26.142855],[119.927169,26.142771],[119.927204,26.142696],[119.927051,26.142183],[119.926874,26.142092],[119.926788,26.142084],[119.926225,26.142306],[119.926112,26.142284],[119.926171,26.142409],[119.926241,26.142385],[119.926708,26.142178],[119.926786,26.142154],[119.92692,26.142178],[119.926973,26.142224],[119.927038,26.14234],[119.92707,26.142445],[119.927107,26.142641],[119.927118,26.142749],[119.92707,26.142845],[119.92692,26.143067],[119.926882,26.143168],[119.926858,26.143267],[119.926853,26.143358],[119.926874,26.143438],[119.927032,26.143787],[119.927145,26.14397],[119.927322,26.144324],[119.92733,26.144386],[119.927448,26.14456],[119.927861,26.144495],[119.92795,26.144456],[119.928027,26.144381],[119.928151,26.144251],[119.928255,26.144172],[119.928368,26.144112],[119.928446,26.144092],[119.928475,26.144102],[119.928561,26.144136],[119.92862,26.144198],[119.928634,26.144249],[119.928593,26.144432],[119.928516,26.144552],[119.928462,26.144651],[119.928408,26.144728],[119.928339,26.145056],[119.928312,26.145323],[119.928309,26.145513],[119.928314,26.145585],[119.928349,26.145684],[119.928502,26.14598],[119.928529,26.146074],[119.928521,26.146146],[119.928491,26.146235],[119.928441,26.146317],[119.928325,26.146428],[119.928196,26.146539],[119.928143,26.14664],[119.928086,26.146837],[119.928073,26.146958],[119.928025,26.147042]]]]}},{"type":"Feature","properties":{"n":"津沙路","v":"南竿鄉","w":1.5,"c":1.5,"r":null},"geometry":{"type":"MultiPolygon","coordinates":[[[[119.923033,26.148703],[119.923057,26.148708],[119.923049,26.148662],[119.922928,26.148595],[119.922252,26.148289],[119.921893,26.148091],[119.921568,26.147867],[119.921381,26.147764],[119.920836,26.147412],[119.920721,26.14733],[119.920455,26.147068],[119.919862,26.14644],[119.919833,26.146423],[119.919278,26.146018],[119.918757,26.145734],[119.918151,26.145428],[119.917886,26.145313],[119.91773,26.145274],[119.917722,26.145289],[119.917878,26.145327],[119.918167,26.145452],[119.918854,26.145804],[119.919262,26.14603],[119.919836,26.14644],[119.920329,26.14696],[119.920699,26.14733],[119.920817,26.147417],[119.921,26.147533],[119.921214,26.147677],[119.921633,26.147932],[119.921896,26.148111],[119.922266,26.148318],[119.922663,26.148491],[119.922942,26.148621],[119.923027,26.148669],[119.923033,26.148703]]]]}},{"type":"Feature","properties":{"n":"文化路01","v":"南竿鄉","w":1.5,"c":1.5,"r":8},"geometry":{"type":"MultiPolygon","coordinates":[[[[119.936468,26.151148],[119.936436,26.151165],[119.936358,26.151148],[119.936299,26.151095],[119.936267,26.151047],[119.93624,26.150989],[119.936189,26.150915],[119.936162,26.150883],[119.936127,26.150852],[119.936017,26.150775],[119.935816,26.150691],[119.93569,26.150662],[119.935586,26.150662],[119.93543,26.150652],[119.935328,26.150667],[119.935143,26.150708],[119.934907,26.150789],[119.934617,26.150958],[119.934558,26.150982],[119.93443,26.151047],[119.934153,26.151061],[119.933786,26.151074],[119.933786,26.151093],[119.934446,26.151066],[119.934757,26.150905],[119.93492,26.150804],[119.935009,26.150773],[119.93525,26.150708],[119.935422,26.150676],[119.935653,26.150681],[119.935725,26.150683],[119.935843,26.150712],[119.935967,26.150773],[119.936047,26.150806],[119.936189,26.150941],[119.936219,26.150994],[119.936245,26.151057],[119.936294,26.151119],[119.936353,26.15117],[119.936444,26.151184],[119.936492,26.15116],[119.936468,26.151148]]]]}},{"type":"Feature","properties":{"n":"四維路","v":"南竿鄉","w":1.5,"c":1.5,"r":null},"geometry":{"type":"MultiPolygon","coordinates":[[[[119.919149,26.160936],[119.918846,26.161266],[119.918626,26.161449],[119.918353,26.161579],[119.918251,26.161598],[119.918128,26.161682],[119.918101,26.161725],[119.91823,26.162041],[119.91824,26.162142],[119.918235,26.162351],[119.918184,26.162607],[119.918184,26.162681],[119.918246,26.162917],[119.918251,26.163052],[119.918144,26.163415],[119.918042,26.163709],[119.918034,26.16381],[119.918042,26.163921],[119.918063,26.164],[119.918165,26.16428],[119.918264,26.164581],[119.918307,26.164653],[119.918382,26.164737],[119.918795,26.164942],[119.918887,26.165019],[119.9189,26.165069],[119.918991,26.165642],[119.919042,26.165782],[119.919074,26.165909],[119.919284,26.166244],[119.919474,26.166526],[119.919493,26.166567],[119.919576,26.166634],[119.919774,26.166757],[119.91985,26.166817],[119.919895,26.166882],[119.919938,26.166966],[119.91996,26.167046],[119.919984,26.167031],[119.91997,26.166964],[119.919868,26.1668],[119.919804,26.166747],[119.919597,26.166617],[119.919525,26.166555],[119.919415,26.166391],[119.919112,26.165909],[119.919026,26.165652],[119.918924,26.165031],[119.918903,26.164999],[119.918801,26.16492],[119.918396,26.16472],[119.918326,26.164646],[119.918283,26.164556],[119.918106,26.164032],[119.918069,26.163906],[119.918069,26.163724],[119.918197,26.163329],[119.918272,26.163049],[119.918278,26.162915],[119.91824,26.162814],[119.918208,26.162696],[119.918203,26.162611],[119.918243,26.162443],[119.918262,26.162332],[119.918262,26.162082],[119.918144,26.161762],[119.918136,26.161721],[119.91817,26.161687],[119.918262,26.161615],[119.91835,26.161598],[119.918643,26.161465],[119.918841,26.161294],[119.919179,26.160941],[119.919149,26.160936]]]]}},{"type":"Feature","properties":{"n":"濱海大道05","v":"南竿鄉","w":1.2,"c":1.5,"r":null},"geometry":{"type":"MultiPolygon","coordinates":[[[[119.933551,26.158569],[119.933559,26.158557],[119.933315,26.158555],[119.933136,26.158507],[119.932787,26.158341],[119.932162,26.157987],[119.931966,26.157907],[119.931805,26.157857],[119.931677,26.157845],[119.931322,26.157857],[119.930955,26.157903],[119.930467,26.15798],[119.930373,26.157984],[119.929866,26.158081],[119.929665,26.158184],[119.929421,26.158379],[119.929421,26.158391],[119.929668,26.158191],[119.929855,26.1581],[119.929909,26.158081],[119.930373,26.157994],[119.93048,26.157987],[119.930985,26.157907],[119.931317,26.157871],[119.931668,26.157854],[119.931789,26.157866],[119.931942,26.157915],[119.932133,26.157992],[119.932395,26.158131],[119.932766,26.158343],[119.933128,26.158521],[119.93331,26.158567],[119.933551,26.158569]]]]}},{"type":"Feature","properties":{"n":"環山路","v":"南竿鄉","w":1.2,"c":1.2,"r":null},"geometry":{"type":"MultiPolygon","coordinates":[[[[119.948216,26.15923],[119.948202,26.15925],[119.948948,26.159452],[119.949401,26.159449],[119.94982,26.159401],[119.949956,26.159339],[119.95004,26.159199],[119.950123,26.158811],[119.950123,26.15865],[119.950155,26.158099],[119.950104,26.157945],[119.949938,26.157728],[119.949935,26.157598],[119.950021,26.15754],[119.950278,26.157485],[119.950673,26.157808],[119.950772,26.157846],[119.951043,26.157783],[119.951142,26.157726],[119.951206,26.157605],[119.951263,26.157475],[119.951239,26.157374],[119.951217,26.157389],[119.951228,26.15747],[119.95118,26.1576],[119.95104,26.157752],[119.950785,26.15782],[119.950691,26.157791],[119.950305,26.157473],[119.950249,26.15747],[119.950007,26.157516],[119.949905,26.157584],[119.949903,26.157721],[119.950083,26.157957],[119.950123,26.158092],[119.950128,26.158315],[119.950093,26.158549],[119.950099,26.158785],[119.95001,26.159199],[119.949983,26.15924],[119.949935,26.159331],[119.94982,26.159377],[119.949452,26.159428],[119.948964,26.159437],[119.948275,26.159254],[119.948216,26.15923]]]]}},{"type":"Feature","properties":{"n":"午沙路","v":"北竿鄉","w":1.5,"c":1.5,"r":null},"geometry":{"type":"MultiPolygon","coordinates":[[[[119.992001,26.220528],[119.991995,26.220504],[119.99192,26.220415],[119.991786,26.220306],[119.991617,26.220157],[119.991558,26.220097],[119.991362,26.219965],[119.990989,26.219698],[119.990561,26.219376],[119.990368,26.219249],[119.990212,26.219138],[119.990118,26.219109],[119.990102,26.219124],[119.990202,26.219152],[119.990561,26.219393],[119.991046,26.219764],[119.991564,26.220129],[119.991902,26.220423],[119.99199,26.220534],[119.992001,26.220528]]]]}},{"type":"Feature","properties":{"n":"北竿大道","v":"北竿鄉","w":1.5,"c":1.5,"r":null},"geometry":{"type":"MultiPolygon","coordinates":[[[[119.985362,26.220814],[119.98545,26.220621],[119.985584,26.220274],[119.985724,26.220139],[119.985804,26.220088],[119.986113,26.21998],[119.986311,26.219934],[119.986569,26.21991],[119.986856,26.219925],[119.987175,26.219992],[119.987722,26.220148],[119.987897,26.220179],[119.988028,26.220194],[119.988395,26.220203],[119.988673,26.220262],[119.988805,26.220257],[119.988977,26.220242],[119.98929,26.220276],[119.989655,26.220331],[119.989821,26.22037],[119.989966,26.220394],[119.990098,26.22038],[119.990256,26.220351],[119.99039,26.220356],[119.990623,26.220411],[119.990768,26.220457],[119.990929,26.220533],[119.991138,26.220644],[119.991243,26.220687],[119.991329,26.220694],[119.991431,26.220682],[119.991771,26.220629],[119.991913,26.220617],[119.991948,26.2206],[119.99194,26.220593],[119.991907,26.220608],[119.99132,26.220682],[119.991234,26.220673],[119.990791,26.220458],[119.99058,26.22039],[119.990405,26.220349],[119.990252,26.22034],[119.990097,26.220371],[119.989968,26.220383],[119.989713,26.220335],[119.989576,26.220304],[119.989391,26.220277],[119.989008,26.220234],[119.988938,26.220234],[119.988804,26.220251],[119.988657,26.220248],[119.988402,26.220193],[119.98806,26.220182],[119.987899,26.220167],[119.987708,26.220131],[119.987183,26.219979],[119.986869,26.219912],[119.986499,26.219902],[119.986314,26.219922],[119.986113,26.21997],[119.985799,26.220076],[119.985724,26.220131],[119.985576,26.220266],[119.985351,26.220812],[119.985362,26.220814]]]]}},{"type":"Feature","properties":{"n":"環島東路","v":"北竿鄉","w":1.2,"c":1.2,"r":null},"geometry":{"type":"MultiPolygon","coordinates":[[[[119.994966,26.230471],[119.994952,26.230468],[119.99481,26.230949],[119.994799,26.231124],[119.994806,26.231436],[119.994731,26.231782],[119.994714,26.232029],[119.994864,26.232308],[119.995175,26.233064],[119.995186,26.233227],[119.994955,26.233886],[119.994977,26.233896],[119.995052,26.233694],[119.995207,26.233222],[119.995197,26.233054],[119.995127,26.232852],[119.995036,26.23265],[119.994891,26.232294],[119.994741,26.232019],[119.994746,26.231793],[119.994821,26.231423],[119.994816,26.231119],[119.994827,26.230948],[119.994966,26.230471]]]]}},{"type":"Feature","properties":{"n":"復興路","v":"北竿鄉","w":1.5,"c":1.5,"r":null},"geometry":{"type":"MultiPolygon","coordinates":[[[[119.997269,26.223224],[119.997266,26.223234],[119.997569,26.223424],[119.997559,26.223431],[119.997596,26.223472],[119.997602,26.223508],[119.997631,26.223568],[119.997875,26.223773],[119.998041,26.223932],[119.9982,26.224052],[119.998205,26.224045],[119.998197,26.224035],[119.997854,26.223727],[119.997631,26.223544],[119.997596,26.223441],[119.997551,26.223398],[119.997269,26.223224]]]]}},{"type":"Feature","properties":{"n":"北竿大道","v":"北竿鄉","w":2,"c":2,"r":2},"geometry":{"type":"MultiPolygon","coordinates":[[[[119.971488,26.212715],[119.971491,26.212612],[119.97145,26.212491],[119.971375,26.21232],[119.971186,26.211989],[119.971081,26.211849],[119.971006,26.21176],[119.97073,26.211474],[119.970459,26.211205],[119.970298,26.211091],[119.970085,26.210987],[119.969951,26.21091],[119.969817,26.210806],[119.969723,26.210717],[119.969589,26.210566],[119.969481,26.210453],[119.969374,26.21032],[119.968958,26.20985],[119.96884,26.209708],[119.968727,26.209539],[119.968628,26.209375],[119.968472,26.209074],[119.968379,26.208817],[119.968338,26.20868],[119.968271,26.208391],[119.968231,26.208261],[119.96821,26.208157],[119.968175,26.208035],[119.968117,26.207853],[119.967911,26.207306],[119.967878,26.207188],[119.967868,26.207102],[119.967877,26.207062],[119.967863,26.207062],[119.967858,26.207105],[119.967895,26.207298],[119.968085,26.207796],[119.968117,26.207907],[119.968166,26.208046],[119.968313,26.208636],[119.968342,26.208744],[119.968406,26.208934],[119.968457,26.209069],[119.96861,26.209365],[119.968701,26.209527],[119.968867,26.209766],[119.968966,26.209884],[119.969605,26.21061],[119.969865,26.210882],[119.969956,26.210928],[119.970147,26.211036],[119.970297,26.211108],[119.970458,26.211217],[119.971014,26.211795],[119.971175,26.212002],[119.971363,26.212325],[119.971456,26.212549],[119.971475,26.212611],[119.971478,26.212715],[119.971488,26.212715]]]]}},{"type":"Feature","properties":{"n":"中正路","v":"北竿鄉","w":1.2,"c":1.2,"r":null},"geometry":{"type":"MultiPolygon","coordinates":[[[[119.998555,26.223769],[119.997486,26.225106],[119.997496,26.225113],[119.998559,26.223781],[119.998556,26.223769],[119.998555,26.223769]]]]}},{"type":"Feature","properties":{"n":"機場大道","v":"北竿鄉","w":2.2,"c":2.2,"r":null},"geometry":{"type":"MultiPolygon","coordinates":[[[[119.998692,26.22374],[119.998692,26.223757],[119.999351,26.224173],[119.999362,26.224169],[119.998692,26.22374]]]]}},{"type":"Feature","properties":{"n":"環島北路","v":"北竿鄉","w":1.2,"c":1.2,"r":null},"geometry":{"type":"MultiPolygon","coordinates":[[[[119.994757,26.233881],[119.994588,26.233469],[119.994523,26.233395],[119.994227,26.233228],[119.994091,26.233139],[119.99398,26.233019],[119.99392,26.232918],[119.993715,26.232487],[119.993702,26.232441],[119.993663,26.232393],[119.99361,26.232371],[119.993541,26.232368],[119.993459,26.232396],[119.993126,26.232652],[119.993003,26.232725],[119.992886,26.232746],[119.992741,26.232742],[119.992596,26.232694],[119.99244,26.232626],[119.992279,26.232541],[119.992206,26.232469],[119.99209,26.232375],[119.99184,26.232246],[119.991737,26.2322],[119.991591,26.232147],[119.991346,26.231999],[119.99107,26.231787],[119.990826,26.231547],[119.990626,26.231395],[119.99035,26.231223],[119.989333,26.230574],[119.989149,26.230405],[119.988874,26.230026],[119.988428,26.229658],[119.988083,26.229388],[119.987689,26.229053],[119.987424,26.228793],[119.987308,26.228647],[119.987246,26.228474],[119.987221,26.228357],[119.987171,26.228264],[119.987119,26.228194],[119.987008,26.22816],[119.98681,26.22812],[119.986599,26.228045],[119.98639,26.227924],[119.986251,26.227784],[119.986141,26.22769],[119.985965,26.227558],[119.985828,26.227435],[119.985485,26.226979],[119.985409,26.226857],[119.985227,26.22649],[119.985026,26.226223],[119.984737,26.225882],[119.984632,26.225796],[119.984493,26.225713],[119.984213,26.225637],[119.983906,26.225573],[119.983803,26.225544],[119.983637,26.225488],[119.983584,26.225459],[119.983537,26.22541],[119.983212,26.224966],[119.983065,26.224844],[119.982909,26.224778],[119.98226,26.224587],[119.981686,26.22453],[119.981281,26.224518],[119.981012,26.224633],[119.980723,26.224662],[119.98047,26.224603],[119.980274,26.224566],[119.980011,26.224609],[119.97982,26.224692],[119.97905,26.224899],[119.97896,26.224898],[119.978868,26.224883],[119.978728,26.224837],[119.978557,26.224742],[119.978065,26.22439],[119.977381,26.223865],[119.976764,26.2235],[119.976352,26.223385],[119.976125,26.223299],[119.975846,26.223147],[119.975746,26.223046],[119.975658,26.222809],[119.975522,26.222306],[119.97537,26.221923],[119.975341,26.221811],[119.975309,26.221261],[119.975276,26.221158],[119.975051,26.220844],[119.975035,26.220815],[119.974989,26.220669],[119.97496,26.22064],[119.975027,26.220848],[119.975189,26.22106],[119.975257,26.221158],[119.975296,26.221261],[119.975318,26.221801],[119.975354,26.221925],[119.975507,26.222301],[119.97565,26.22283],[119.975728,26.223058],[119.97583,26.223161],[119.976128,26.223321],[119.976339,26.223401],[119.976756,26.223516],[119.977378,26.223877],[119.978093,26.224429],[119.97853,26.224737],[119.978707,26.224844],[119.97886,26.224895],[119.978984,26.224913],[119.979072,26.224908],[119.979847,26.224701],[119.980017,26.224629],[119.980266,26.224585],[119.980475,26.224622],[119.980723,26.224679],[119.981028,26.224648],[119.981272,26.22454],[119.981733,26.224548],[119.982254,26.224601],[119.982922,26.224802],[119.983054,26.22486],[119.983204,26.224981],[119.983526,26.225427],[119.983592,26.225483],[119.983687,26.225524],[119.983821,26.225568],[119.984191,26.225649],[119.984482,26.225728],[119.984632,26.225812],[119.984721,26.225889],[119.984957,26.226173],[119.985214,26.226499],[119.985393,26.226866],[119.985466,26.226993],[119.985809,26.227449],[119.985964,26.227582],[119.986151,26.227719],[119.986377,26.227938],[119.986596,26.228061],[119.986823,26.228144],[119.987087,26.228206],[119.987153,26.228259],[119.9872,26.228357],[119.987233,26.228498],[119.987295,26.228659],[119.987415,26.22881],[119.987673,26.229067],[119.987972,26.229313],[119.988101,26.229428],[119.988456,26.229698],[119.988859,26.230036],[119.989128,26.230408],[119.989317,26.230581],[119.98967,26.230813],[119.990605,26.231404],[119.990823,26.231561],[119.991057,26.231797],[119.991317,26.231997],[119.991554,26.232147],[119.991787,26.232246],[119.992077,26.232387],[119.992255,26.232536],[119.992382,26.232623],[119.992735,26.232757],[119.992902,26.232763],[119.992998,26.232747],[119.993088,26.232702],[119.993472,26.232406],[119.993544,26.23238],[119.99361,26.232383],[119.993657,26.232407],[119.993691,26.232448],[119.993704,26.232489],[119.99393,26.232975],[119.993978,26.233033],[119.994069,26.233131],[119.994193,26.23324],[119.994515,26.233412],[119.99458,26.233469],[119.994738,26.233891],[119.994754,26.233881],[119.994757,26.233881]]]]}},{"type":"Feature","properties":{"n":"北竿大道","v":"北竿鄉","w":1.5,"c":1.2,"r":null},"geometry":{"type":"MultiPolygon","coordinates":[[[[119.99334,26.220936],[119.993632,26.220984],[119.994053,26.221119],[119.994622,26.221432],[119.99485,26.221653],[119.995316,26.222138],[119.99559,26.222434],[119.99581,26.222607],[119.99611,26.222794],[119.99619,26.222809],[119.996325,26.222799],[119.996475,26.222761],[119.996668,26.222691],[119.996866,26.22259],[119.996853,26.222573],[119.996673,26.222679],[119.996472,26.222746],[119.996327,26.222787],[119.996196,26.222799],[119.996113,26.222782],[119.99582,26.222599],[119.995603,26.222431],[119.9952,26.222002],[119.994647,26.221432],[119.994078,26.221116],[119.99378,26.221018],[119.993624,26.220973],[119.993345,26.220927],[119.99334,26.220936]]]]}},{"type":"Feature","properties":{"n":"文化路02","v":"南竿鄉","w":1.2,"c":1.2,"r":null},"geometry":{"type":"MultiPolygon","coordinates":[[[[119.93235,26.150566],[119.932371,26.150595],[119.932655,26.150826],[119.932693,26.150903],[119.932763,26.15084],[119.932725,26.150783],[119.932591,26.150653],[119.932457,26.150551],[119.932371,26.15046],[119.932199,26.150291],[119.931861,26.149993],[119.931711,26.1498],[119.931599,26.149718],[119.931255,26.149425],[119.931126,26.149343],[119.930949,26.149261],[119.930896,26.149314],[119.931051,26.149367],[119.931298,26.149584],[119.931389,26.149685],[119.931502,26.149752],[119.931631,26.149872],[119.931706,26.149964],[119.931754,26.150012],[119.93192,26.150152],[119.932167,26.150378],[119.93235,26.150566]]]]}},{"type":"Feature","properties":{"n":"勝利之路02","v":"南竿鄉","w":1.2,"c":1.2,"r":null},"geometry":{"type":"MultiPolygon","coordinates":[[[[119.950606,26.155061],[119.950383,26.154969],[119.95026,26.154907],[119.950129,26.154851],[119.94986,26.154724],[119.949619,26.154623],[119.949563,26.154606],[119.949222,26.154538],[119.948999,26.154473],[119.948833,26.154468],[119.948699,26.154548],[119.948608,26.15462],[119.948463,26.154762],[119.948401,26.154875],[119.94842,26.154883],[119.948484,26.154769],[119.948578,26.154671],[119.948691,26.154582],[119.948836,26.154488],[119.949007,26.15449],[119.949233,26.154553],[119.949565,26.154623],[119.949635,26.154644],[119.949834,26.154729],[119.95059,26.155082],[119.950606,26.155061]]]]}},{"type":"Feature","properties":{"n":"津沙路","v":"南竿鄉","w":1.8,"c":1.6,"r":2},"geometry":{"type":"MultiPolygon","coordinates":[[[[119.913321,26.146332],[119.913345,26.146323],[119.913211,26.146221],[119.912983,26.146082],[119.912924,26.146017],[119.912843,26.145942],[119.912715,26.145834],[119.912669,26.145814],[119.912647,26.145762],[119.912602,26.145747],[119.912567,26.145704],[119.912551,26.145718],[119.912594,26.145764],[119.912631,26.145778],[119.912653,26.145824],[119.912698,26.145843],[119.912835,26.145959],[119.912964,26.146094],[119.913181,26.146226],[119.913321,26.146332]]]]}},{"type":"Feature","properties":{"n":"介壽路02","v":"南竿鄉","w":1.8,"c":1.6,"r":null},"geometry":{"type":"MultiPolygon","coordinates":[[[[119.952314,26.157749],[119.952389,26.157436],[119.952397,26.157183],[119.952344,26.156786],[119.952301,26.156712],[119.952178,26.156611],[119.952028,26.15651],[119.951931,26.156469],[119.951834,26.156472],[119.951781,26.156484],[119.951719,26.156539],[119.951585,26.15677],[119.951459,26.15697],[119.95147,26.156977],[119.951714,26.156582],[119.951781,26.156501],[119.951934,26.156493],[119.952261,26.156705],[119.952317,26.156794],[119.952352,26.157059],[119.952376,26.157201],[119.952362,26.157447],[119.952301,26.157736],[119.952314,26.157749]]]]}},{"type":"Feature","properties":{"n":"山線公路","v":"南竿鄉","w":1.1,"c":0.8,"r":null},"geometry":{"type":"MultiPolygon","coordinates":[[[[119.920149,26.15956],[119.920159,26.159544],[119.919719,26.159325],[119.919427,26.159197],[119.91877,26.158949],[119.918663,26.158922],[119.918598,26.158927],[119.918596,26.158947],[119.918665,26.158942],[119.918757,26.158966],[119.919395,26.159204],[119.919725,26.159351],[119.920149,26.15956]]]]}},{"type":"Feature","properties":{"n":"濱海大道01","v":"南竿鄉","w":1.5,"c":1.1,"r":17},"geometry":{"type":"MultiPolygon","coordinates":[[[[119.941367,26.157318],[119.941281,26.157301],[119.94052,26.156822],[119.939844,26.156478],[119.939688,26.156374],[119.939637,26.156333],[119.939594,26.156239],[119.939573,26.156167],[119.939576,26.156068],[119.93961,26.155755],[119.939643,26.155505],[119.939672,26.15538],[119.939707,26.155281],[119.939763,26.155168],[119.939817,26.154985],[119.939817,26.154927],[119.939774,26.154797],[119.93968,26.154653],[119.939624,26.154556],[119.939624,26.154496],[119.939632,26.154475],[119.939613,26.154472],[119.939608,26.154566],[119.939761,26.1548],[119.939787,26.154874],[119.939804,26.154949],[119.939798,26.155004],[119.939742,26.15517],[119.939659,26.155363],[119.939616,26.155529],[119.939565,26.155984],[119.939551,26.156206],[119.939626,26.156352],[119.939702,26.156415],[119.939793,26.156468],[119.939911,26.156533],[119.94041,26.156783],[119.940522,26.156846],[119.941096,26.157202],[119.941222,26.157289],[119.941292,26.157328],[119.941367,26.157337],[119.941367,26.157318]]]]}},{"type":"Feature","properties":{"n":"清水路02","v":"南竿鄉","w":1,"c":0.8,"r":null},"geometry":{"type":"MultiPolygon","coordinates":[[[[119.93649,26.151131],[119.936508,26.151129],[119.936498,26.150929],[119.936546,26.150753],[119.936669,26.150609],[119.936972,26.15033],[119.937182,26.150125],[119.937375,26.149954],[119.937495,26.149896],[119.937817,26.149766],[119.938013,26.149631],[119.938171,26.149475],[119.938214,26.149422],[119.938284,26.149253],[119.938314,26.149094],[119.938324,26.149003],[119.938324,26.148851],[119.938303,26.14881],[119.938276,26.148822],[119.938297,26.148854],[119.938303,26.148919],[119.938303,26.149003],[119.938295,26.149092],[119.938263,26.149253],[119.938187,26.149424],[119.938091,26.149533],[119.937946,26.149655],[119.937796,26.149752],[119.937498,26.149877],[119.937367,26.149942],[119.937208,26.150072],[119.936951,26.150322],[119.936699,26.150553],[119.936527,26.150741],[119.936495,26.150862],[119.936479,26.150968],[119.93649,26.151131]]]]}},{"type":"Feature","properties":{"n":"清水路01","v":"南竿鄉","w":1.2,"c":1.2,"r":10},"geometry":{"type":"MultiPolygon","coordinates":[[[[119.937695,26.152828],[119.937714,26.152818],[119.937636,26.152635],[119.937545,26.152428],[119.937445,26.152247],[119.937183,26.151898],[119.937019,26.151696],[119.936828,26.151487],[119.936692,26.151316],[119.93663,26.151258],[119.936541,26.151224],[119.936469,26.151217],[119.936466,26.151241],[119.936539,26.151248],[119.936609,26.151275],[119.936668,26.151325],[119.936804,26.151494],[119.936882,26.151571],[119.937105,26.151836],[119.937429,26.15226],[119.937496,26.152382],[119.937593,26.152592],[119.937695,26.152828]]]]}},{"type":"Feature","properties":{"n":"山線大道","v":"南竿鄉","w":3,"c":1.3,"r":null},"geometry":{"type":"MultiPolygon","coordinates":[[[[119.922962,26.14878],[119.92294,26.148765],[119.922613,26.149261],[119.922366,26.149497],[119.922189,26.149574],[119.92154,26.149666],[119.920945,26.149767],[119.920725,26.149969],[119.920516,26.150663],[119.920548,26.150663],[119.920585,26.150484],[119.920762,26.14996],[119.920982,26.149777],[119.921283,26.149724],[119.921787,26.149647],[119.922205,26.149598],[119.922388,26.149512],[119.922651,26.149266],[119.922962,26.14878]]]]}},{"type":"Feature","properties":{"n":"中央大道02","v":"南竿鄉","w":1.3,"c":0.9,"r":null},"geometry":{"type":"MultiPolygon","coordinates":[[[[119.949132,26.160448],[119.949041,26.160412],[119.949524,26.160635],[119.950264,26.160908],[119.950634,26.16092],[119.950977,26.160908],[119.951597,26.160895],[119.951742,26.16091],[119.951954,26.160953],[119.9519,26.160915],[119.951624,26.160874],[119.951213,26.160871],[119.950736,26.160891],[119.950293,26.160874],[119.949486,26.160595],[119.949035,26.16038],[119.949041,26.160409],[119.949132,26.160448]]]]}},{"type":"Feature","properties":{"n":"福沃路","v":"南竿鄉","w":2.1,"c":1.5,"r":null},"geometry":{"type":"MultiPolygon","coordinates":[[[[119.943382,26.156353],[119.943364,26.156343],[119.943281,26.156372],[119.943262,26.156372],[119.942943,26.156466],[119.942433,26.156562],[119.94184,26.156731],[119.941749,26.156745],[119.941446,26.156772],[119.941341,26.156767],[119.941264,26.156752],[119.94121,26.156728],[119.941135,26.156675],[119.941108,26.156646],[119.941073,26.156598],[119.941046,26.156536],[119.941049,26.156379],[119.941105,26.156148],[119.941121,26.15603],[119.941121,26.155943],[119.941095,26.15589],[119.94107,26.155874],[119.940993,26.15585],[119.940856,26.155842],[119.940684,26.155787],[119.940547,26.155703],[119.940491,26.15565],[119.940445,26.155597],[119.940416,26.155537],[119.940386,26.155421],[119.940386,26.155257],[119.940413,26.155192],[119.940813,26.154494],[119.940845,26.154412],[119.940845,26.154352],[119.940821,26.154299],[119.940765,26.154265],[119.940676,26.154246],[119.940604,26.154265],[119.940504,26.154306],[119.940472,26.154326],[119.940429,26.154369],[119.940276,26.154482],[119.940234,26.154504],[119.940185,26.154513],[119.940121,26.154516],[119.939834,26.154429],[119.939778,26.154419],[119.939767,26.154434],[119.939829,26.154441],[119.940099,26.154525],[119.940177,26.15453],[119.940223,26.154525],[119.940282,26.154496],[119.940349,26.154451],[119.940486,26.154333],[119.940545,26.154301],[119.940606,26.154277],[119.940671,26.154263],[119.940757,26.154277],[119.940805,26.154311],[119.940832,26.154359],[119.940834,26.154412],[119.940773,26.154537],[119.940397,26.155187],[119.940373,26.155255],[119.940368,26.155356],[119.940376,26.155445],[119.940397,26.155534],[119.940429,26.155606],[119.940478,26.155659],[119.940531,26.155707],[119.940598,26.155753],[119.940676,26.155799],[119.940724,26.155818],[119.940853,26.155857],[119.940993,26.155864],[119.941033,26.155874],[119.94107,26.15589],[119.941095,26.155917],[119.941108,26.155958],[119.941108,26.156028],[119.941084,26.156177],[119.941038,26.15637],[119.94103,26.156509],[119.941038,26.15656],[119.941065,26.156615],[119.941116,26.15668],[119.941167,26.156716],[119.941247,26.15676],[119.941344,26.156776],[119.941422,26.156781],[119.941599,26.156776],[119.941824,26.156748],[119.942395,26.156581],[119.942937,26.156475],[119.943224,26.156396],[119.943291,26.156384],[119.943382,26.156353]]]]}},{"type":"Feature","properties":{"n":"山線道路","v":"南竿鄉","w":1.5,"c":1.2,"r":null},"geometry":{"type":"MultiPolygon","coordinates":[[[[119.92056,26.158645],[119.920579,26.15864],[119.920525,26.158259],[119.920472,26.158173],[119.920396,26.158103],[119.920321,26.158045],[119.92005,26.157975],[119.919946,26.157901],[119.919871,26.157828],[119.919691,26.157578],[119.919619,26.157486],[119.91957,26.157436],[119.919337,26.157226],[119.919224,26.157154],[119.919125,26.157072],[119.919047,26.156974],[119.91865,26.156042],[119.918621,26.155616],[119.918524,26.155269],[119.918519,26.155175],[119.918567,26.155004],[119.918653,26.154906],[119.918752,26.154841],[119.920222,26.154193],[119.921072,26.153878],[119.921762,26.153603],[119.922148,26.153512],[119.922684,26.153439],[119.923054,26.153288],[119.923181,26.153264],[119.923277,26.153256],[119.923374,26.153268],[119.923527,26.153278],[119.923811,26.153314],[119.924009,26.153271],[119.924063,26.153218],[119.924101,26.153126],[119.924106,26.153042],[119.92409,26.152845],[119.924066,26.152842],[119.924084,26.15304],[119.924079,26.153124],[119.924044,26.153208],[119.924007,26.153247],[119.923816,26.153295],[119.923706,26.153283],[119.923497,26.153249],[119.92332,26.153235],[119.923183,26.153242],[119.923068,26.153268],[119.922671,26.153418],[119.9224,26.153463],[119.922148,26.153492],[119.921748,26.153589],[119.92141,26.153728],[119.920211,26.154179],[119.918744,26.154821],[119.91864,26.154896],[119.918559,26.15499],[119.918503,26.155166],[119.918505,26.15526],[119.91857,26.155488],[119.918597,26.155606],[119.918607,26.155801],[119.918629,26.15604],[119.918806,26.15649],[119.919031,26.156981],[119.919104,26.157075],[119.919187,26.157145],[119.919305,26.157229],[119.919439,26.157344],[119.919592,26.157489],[119.91968,26.15759],[119.919855,26.157838],[119.919927,26.157908],[119.920034,26.157985],[119.920107,26.158007],[119.920206,26.158028],[119.920308,26.158064],[119.920378,26.15811],[119.920439,26.15817],[119.920501,26.15825],[119.920528,26.158356],[119.92056,26.158645]]]]}},{"type":"Feature","properties":{"n":"中正路","v":"東引鄉","w":1.5,"c":1.2,"r":null},"geometry":{"type":"MultiPolygon","coordinates":[[[[120.48675,26.367119],[120.486804,26.367119],[120.486871,26.366785],[120.486912,26.366511],[120.486901,26.366116],[120.486837,26.365567],[120.486759,26.365292],[120.486839,26.364982],[120.48672,26.364993],[120.486692,26.365351],[120.48677,26.36565],[120.486833,26.366546],[120.48675,26.367119]]]]}},{"type":"Feature","properties":{"n":"東莒-中興路(港口經直升機場至自強路口)","v":"莒光鄉","w":1.2,"c":1.2,"r":null},"geometry":{"type":"MultiPolygon","coordinates":[[[[119.965592,25.958205],[119.965632,25.95827],[119.96626,25.957954],[119.966504,25.957862],[119.966619,25.957848],[119.966705,25.95785],[119.967008,25.957906],[119.967056,25.957875],[119.967115,25.957848],[119.967378,25.957855],[119.968019,25.957843],[119.969449,25.95785],[119.969733,25.957824],[119.970047,25.957809],[119.970026,25.957708],[119.969682,25.957768],[119.967123,25.957776],[119.966753,25.957773],[119.966574,25.957752],[119.966348,25.957809],[119.965592,25.958205]]]]}},{"type":"Feature","properties":{"n":"東莒-大埔路(東段)","v":"莒光鄉","w":1.2,"c":1.2,"r":15},"geometry":{"type":"MultiPolygon","coordinates":[[[[119.980001,25.962907],[119.979969,25.963013],[119.97987,25.963107],[119.97954,25.963276],[119.979242,25.963495],[119.979194,25.96352],[119.979146,25.963536],[119.979272,25.963633],[119.97928,25.963527],[119.979406,25.963433],[119.979486,25.963358],[119.979835,25.963184],[119.980095,25.963018],[119.980095,25.96289],[119.980049,25.962798],[119.979993,25.962782],[119.979899,25.962666],[119.979736,25.962446],[119.979548,25.962249],[119.979231,25.961866],[119.978968,25.961442],[119.978941,25.961365],[119.979116,25.961275],[119.979242,25.961184],[119.979287,25.961131],[119.979245,25.961107],[119.97918,25.961191],[119.979078,25.961256],[119.979003,25.96129],[119.978896,25.961297],[119.978697,25.960998],[119.978556,25.960807],[119.978347,25.960544],[119.977853,25.959965],[119.977765,25.95989],[119.977609,25.959731],[119.977539,25.95963],[119.977447,25.959448],[119.977406,25.959296],[119.977371,25.958693],[119.977224,25.958191],[119.977136,25.958008],[119.97698,25.957798],[119.976881,25.957709],[119.976841,25.957687],[119.976682,25.957644],[119.976599,25.957607],[119.976476,25.957586],[119.976253,25.957523],[119.975942,25.957301],[119.975728,25.957241],[119.975514,25.957108],[119.975374,25.95706],[119.975152,25.956877],[119.974849,25.956602],[119.974597,25.956394],[119.974567,25.956365],[119.974355,25.956279],[119.974124,25.956168],[119.97377,25.956076],[119.973905,25.956153],[119.974041,25.956182],[119.974173,25.95623],[119.974352,25.956303],[119.974527,25.956397],[119.975082,25.956879],[119.975243,25.956992],[119.975399,25.957123],[119.975487,25.957144],[119.975715,25.957284],[119.975822,25.957311],[119.975895,25.95732],[119.976158,25.957528],[119.976321,25.957586],[119.976673,25.95768],[119.976825,25.957733],[119.976895,25.957769],[119.976986,25.957885],[119.977149,25.958107],[119.977281,25.95855],[119.977316,25.958695],[119.977345,25.959344],[119.977486,25.959627],[119.97759,25.959779],[119.977896,25.960086],[119.978384,25.960664],[119.978751,25.961147],[119.978818,25.961258],[119.978893,25.96139],[119.979001,25.961687],[119.979266,25.962025],[119.979993,25.962872],[119.980001,25.962907]]]]}},{"type":"Feature","properties":{"n":"東莒-自強路(西段)","v":"莒光鄉","w":0.9,"c":0.9,"r":null},"geometry":{"type":"MultiPolygon","coordinates":[[[[119.963192,25.950263],[119.96313,25.950275],[119.963173,25.950495],[119.963176,25.950567],[119.963122,25.950883],[119.963136,25.950982],[119.963184,25.951105],[119.963307,25.951242],[119.963396,25.951315],[119.963433,25.951377],[119.963482,25.951512],[119.963517,25.95159],[119.963723,25.951857],[119.963745,25.951913],[119.96375,25.951956],[119.963723,25.952048],[119.963702,25.952159],[119.96372,25.95225],[119.963785,25.952402],[119.963844,25.952506],[119.963975,25.952689],[119.964244,25.953034],[119.964388,25.953208],[119.964488,25.953425],[119.964506,25.953485],[119.964512,25.954245],[119.964525,25.954392],[119.964611,25.954672],[119.964694,25.954838],[119.964799,25.954947],[119.964882,25.955012],[119.965292,25.955217],[119.965512,25.955388],[119.965579,25.955453],[119.965614,25.955526],[119.965662,25.955731],[119.965708,25.9558],[119.965799,25.955902],[119.965904,25.956059],[119.965939,25.956121],[119.96599,25.956237],[119.966022,25.95637],[119.966183,25.956739],[119.966191,25.95684],[119.966226,25.956866],[119.966228,25.956801],[119.96621,25.956693],[119.966102,25.956481],[119.966057,25.956355],[119.966,25.956162],[119.965939,25.956046],[119.965861,25.955916],[119.96574,25.955774],[119.965695,25.955711],[119.965678,25.955627],[119.965636,25.955465],[119.965574,25.955393],[119.965298,25.955176],[119.965201,25.955132],[119.965021,25.955041],[119.964879,25.954959],[119.964791,25.954886],[119.964689,25.954749],[119.96463,25.954609],[119.964565,25.954407],[119.964552,25.954233],[119.964557,25.954083],[119.964549,25.953512],[119.964544,25.953456],[119.964466,25.953268],[119.964412,25.953174],[119.964144,25.952858],[119.963959,25.9526],[119.96382,25.952386],[119.963763,25.952238],[119.96375,25.952159],[119.963755,25.952096],[119.963801,25.951937],[119.963777,25.951865],[119.963739,25.951799],[119.963568,25.95159],[119.963509,25.951435],[119.963468,25.951346],[119.963431,25.951281],[119.963353,25.951218],[119.963283,25.951148],[119.963216,25.951042],[119.963184,25.950931],[119.963195,25.950801],[119.963222,25.950625],[119.96323,25.950521],[119.963192,25.950263]]]]}},{"type":"Feature","properties":{"n":"西莒-環島路(海埔新生地段)","v":"莒光鄉","w":2.4,"c":2.4,"r":2},"geometry":{"type":"MultiPolygon","coordinates":[[[[119.933303,25.968611],[119.9337,25.969351],[119.933218,25.9702],[119.932823,25.970292],[119.931791,25.970885],[119.931761,25.970962],[119.932002,25.971519],[119.932075,25.97149],[119.93189,25.971017],[119.931943,25.970899],[119.932863,25.970366],[119.933268,25.970272],[119.933754,25.969445],[119.933797,25.969356],[119.933802,25.969325],[119.933797,25.969298],[119.933668,25.969067],[119.933424,25.968606],[119.933491,25.967726],[119.933201,25.967702],[119.933191,25.967803],[119.933228,25.967803],[119.933349,25.96794],[119.933303,25.968611]]]]}},{"type":"Feature","properties":{"n":"中正路03","v":"東引鄉","w":1.2,"c":1.2,"r":2},"geometry":{"type":"MultiPolygon","coordinates":[[[[120.490656,26.364255],[120.490696,26.364196],[120.490378,26.364159],[120.490166,26.36405],[120.489903,26.363727],[120.489229,26.363092],[120.489164,26.3629],[120.48865,26.362337],[120.488465,26.36199],[120.488162,26.361571],[120.487927,26.360842],[120.487796,26.360579],[120.487505,26.360303],[120.487188,26.360171],[120.487187,26.36029],[120.487373,26.360315],[120.48765,26.360531],[120.487848,26.36083],[120.487965,26.361141],[120.488057,26.361511],[120.488162,26.361751],[120.488267,26.361858],[120.488386,26.362026],[120.488451,26.362229],[120.48853,26.362301],[120.488741,26.3626],[120.488926,26.362792],[120.489005,26.362912],[120.489031,26.363007],[120.489083,26.363139],[120.489123,26.363151],[120.489136,26.363187],[120.4894,26.363475],[120.489559,26.363595],[120.489691,26.363738],[120.489928,26.363906],[120.490087,26.36405],[120.490245,26.364158],[120.490325,26.364218],[120.490484,26.364243],[120.490656,26.364255]]]]}},{"type":"Feature","properties":{"n":"中正路02","v":"東引鄉","w":1.6,"c":1.2,"r":2},"geometry":{"type":"MultiPolygon","coordinates":[[[[120.487144,26.360203],[120.48712,26.360212],[120.487092,26.360475],[120.486849,26.360933],[120.486727,26.361049],[120.486628,26.361066],[120.486401,26.361015],[120.486144,26.36098],[120.485796,26.36101],[120.4853,26.361023],[120.4853,26.361039],[120.485327,26.361042],[120.485412,26.361035],[120.485671,26.361029],[120.485793,26.361032],[120.485907,26.361018],[120.486143,26.361002],[120.486218,26.361007],[120.486324,26.361024],[120.486509,26.361072],[120.486594,26.361087],[120.486618,26.361089],[120.486742,26.361068],[120.486801,26.361026],[120.486878,26.360949],[120.486929,26.360842],[120.487071,26.360575],[120.487116,26.360477],[120.487119,26.360423],[120.487144,26.360203]]]]}},{"type":"Feature","properties":{"n":"中正路01","v":"東引鄉","w":1,"c":1,"r":null},"geometry":{"type":"MultiPolygon","coordinates":[[[[120.485275,26.360735],[120.485295,26.360687],[120.484985,26.360453],[120.484377,26.360057],[120.484357,26.360105],[120.484476,26.360165],[120.484747,26.360363],[120.484985,26.360507],[120.485163,26.360651],[120.485242,26.360723],[120.485275,26.360735]]]]}},{"type":"Feature","properties":{"n":"樂華聯外道路","v":"東引鄉","w":1.6,"c":1.2,"r":1},"geometry":{"type":"MultiPolygon","coordinates":[[[[120.486902,26.36484],[120.486632,26.364433],[120.486415,26.364116],[120.486283,26.363877],[120.486185,26.363482],[120.4861,26.363255],[120.485909,26.36298],[120.485665,26.362674],[120.485481,26.362417],[120.485297,26.362148],[120.485198,26.361944],[120.485146,26.361777],[120.485041,26.361406],[120.48507,26.361012],[120.48517,26.36081],[120.485157,26.360786],[120.48505,26.360994],[120.485002,26.361394],[120.485099,26.361759],[120.485211,26.362076],[120.485454,26.362483],[120.485737,26.362866],[120.486008,26.363207],[120.486145,26.36353],[120.486237,26.363871],[120.486394,26.364182],[120.486645,26.364571],[120.486816,26.364786],[120.486855,26.364852],[120.486902,26.36484]]]]}},{"type":"Feature","properties":{"n":"中清路01","v":"東引鄉","w":54.4,"c":1.2,"r":2},"geometry":{"type":"MultiPolygon","coordinates":[[[[120.485771,26.364079],[120.485749,26.364096],[120.485778,26.364151],[120.485805,26.364141],[120.485771,26.364079]]]]}},{"type":"Feature","properties":{"n":"中清路02","v":"東引鄉","w":1.6,"c":1.2,"r":2},"geometry":{"type":"MultiPolygon","coordinates":[[[[120.485855,26.364249],[120.485839,26.364263],[120.486322,26.365203],[120.486352,26.365201],[120.486336,26.365177],[120.486252,26.364995],[120.486186,26.364885],[120.485934,26.364392],[120.485855,26.364249]]]]}},{"type":"Feature","properties":{"n":"中清路03","v":"東引鄉","w":1.6,"c":1.2,"r":2},"geometry":{"type":"MultiPolygon","coordinates":[[[[120.486401,26.365468],[120.486377,26.365475],[120.486392,26.365678],[120.486452,26.365912],[120.486525,26.366108],[120.486539,26.366526],[120.486584,26.366529],[120.486562,26.366087],[120.486452,26.365838],[120.486421,26.365702],[120.486401,26.365468]]]]}},{"type":"Feature","properties":{"n":"南澳路01","v":"東引鄉","w":1.8,"c":1.5,"r":2},"geometry":{"type":"MultiPolygon","coordinates":[[[[120.491077,26.36478],[120.490981,26.364736],[120.49091,26.36477],[120.490822,26.364843],[120.490776,26.36492],[120.490731,26.365046],[120.490612,26.365437],[120.490596,26.365471],[120.490607,26.36549],[120.49079,26.364932],[120.49084,26.364846],[120.49092,26.364789],[120.490965,26.364763],[120.491055,26.364796],[120.491058,26.364792],[120.491077,26.36478]]]]}},{"type":"Feature","properties":{"n":"南澳路02","v":"東引鄉","w":1.8,"c":1.5,"r":2},"geometry":{"type":"MultiPolygon","coordinates":[[[[120.490568,26.36557],[120.490487,26.365839],[120.490393,26.366125],[120.490205,26.366736],[120.490167,26.366929],[120.490183,26.366937],[120.490587,26.365574],[120.490568,26.36557]]]]}},{"type":"Feature","properties":{"n":"南澳路03","v":"東引鄉","w":1.6,"c":1.2,"r":2},"geometry":{"type":"MultiPolygon","coordinates":[[[[120.489676,26.367293],[120.489663,26.367284],[120.489556,26.367553],[120.489574,26.367563],[120.489599,26.367467],[120.489625,26.367424],[120.489649,26.367355],[120.489676,26.367293]]]]}},{"type":"Feature","properties":{"n":"南澳路04","v":"東引鄉","w":1.5,"c":1.5,"r":null},"geometry":{"type":"MultiPolygon","coordinates":[[[[120.48957,26.367564],[120.489552,26.367559],[120.489495,26.367719],[120.489519,26.367728],[120.48957,26.367564]]]]}},{"type":"Feature","properties":{"n":"南澳路05","v":"東引鄉","w":1.6,"c":1.2,"r":4},"geometry":{"type":"MultiPolygon","coordinates":[[[[120.489511,26.367734],[120.48949,26.36773],[120.489386,26.367992],[120.489327,26.368109],[120.489265,26.36819],[120.489175,26.368263],[120.488896,26.368422],[120.488795,26.368489],[120.488635,26.36856],[120.488429,26.368578],[120.488402,26.36855],[120.488389,26.368569],[120.488426,26.368595],[120.488638,26.368581],[120.48872,26.368556],[120.488888,26.368449],[120.489143,26.368311],[120.489294,26.368206],[120.48938,26.368092],[120.489439,26.367959],[120.489476,26.367851],[120.489511,26.367734]]]]}},{"type":"Feature","properties":{"n":"南澳路06","v":"東引鄉","w":1.6,"c":1.2,"r":2},"geometry":{"type":"MultiPolygon","coordinates":[[[[120.488289,26.368624],[120.487783,26.368663],[120.487504,26.368669],[120.487398,26.368668],[120.48726,26.368658],[120.487001,26.368624],[120.486911,26.368605],[120.486813,26.368552],[120.486593,26.368403],[120.486443,26.368312],[120.486281,26.368206],[120.486255,26.368194],[120.486236,26.368191],[120.486353,26.368275],[120.486651,26.368472],[120.486757,26.368549],[120.48685,26.368604],[120.486942,26.368638],[120.487083,26.368658],[120.48752,26.368693],[120.487684,26.368691],[120.488207,26.36865],[120.488289,26.368624]]]]}},{"type":"Feature","properties":{"n":"東莒-中興路(遊客中心至燈塔段)","v":"莒光鄉","w":1.6,"c":1.6,"r":7},"geometry":{"type":"MultiPolygon","coordinates":[[[[119.981698,25.96536],[119.981739,25.96536],[119.982101,25.965478],[119.982409,25.965637],[119.982685,25.965755],[119.982809,25.965794],[119.983034,25.965938],[119.983155,25.966049],[119.983442,25.966389],[119.983694,25.966601],[119.98401,25.966881],[119.984271,25.96704],[119.98444,25.967105],[119.984764,25.967144],[119.98525,25.967171],[119.985341,25.967197],[119.985397,25.967238],[119.985604,25.967472],[119.985679,25.967679],[119.985706,25.967737],[119.98584,25.967839],[119.985907,25.967904],[119.985939,25.967962],[119.986202,25.968516],[119.986237,25.968504],[119.986129,25.968311],[119.986038,25.968101],[119.986006,25.968007],[119.985963,25.967904],[119.985896,25.967824],[119.985765,25.967737],[119.985724,25.967696],[119.985646,25.967477],[119.985606,25.9674],[119.985421,25.967202],[119.985359,25.967156],[119.985274,25.967134],[119.98492,25.967115],[119.984466,25.967072],[119.984343,25.967036],[119.984083,25.966881],[119.983863,25.966705],[119.983688,25.966539],[119.983463,25.96636],[119.983289,25.966141],[119.983147,25.965972],[119.983023,25.965859],[119.982857,25.96576],[119.981757,25.965321],[119.981698,25.96536]]]]}},{"type":"Feature","properties":{"n":"西莒-環島路(青帆港至坤坵段)","v":"莒光鄉","w":1.2,"c":1.2,"r":6},"geometry":{"type":"MultiPolygon","coordinates":[[[[119.929414,25.972058],[119.929328,25.972405],[119.929349,25.972511],[119.929456,25.972627],[119.929499,25.972781],[119.929467,25.972916],[119.929059,25.973379],[119.928899,25.97362],[119.928791,25.973765],[119.928308,25.974074],[119.927826,25.974363],[119.927536,25.974527],[119.927354,25.974681],[119.927021,25.975048],[119.926957,25.975154],[119.926946,25.975366],[119.926849,25.975742],[119.926656,25.975945],[119.926173,25.976553],[119.92598,25.97689],[119.92597,25.977054],[119.925991,25.977122],[119.926077,25.977083],[119.926055,25.977006],[119.926055,25.976871],[119.926538,25.976244],[119.926774,25.975974],[119.926914,25.975781],[119.927,25.975511],[119.927042,25.975299],[119.927096,25.975115],[119.9273,25.974894],[119.927654,25.974556],[119.928105,25.974315],[119.928523,25.974045],[119.928856,25.973842],[119.92907,25.973485],[119.929456,25.9731],[119.929585,25.972849],[119.929574,25.972666],[119.929489,25.972521],[119.929446,25.972415],[119.929478,25.972232],[119.929574,25.972077],[119.929414,25.972058]]]]}},{"type":"Feature","properties":{"n":"復興路02","v":"南竿鄉","w":1.5,"c":1.5,"r":5},"geometry":{"type":"MultiPolygon","coordinates":[[[[119.951803,26.163542],[119.951781,26.163539],[119.951757,26.163843],[119.951738,26.163999],[119.951752,26.164107],[119.951709,26.164363],[119.951701,26.164452],[119.951704,26.164565],[119.951714,26.164652],[119.951741,26.164767],[119.951787,26.16507],[119.951784,26.165287],[119.952028,26.165874],[119.952066,26.166038],[119.952063,26.166108],[119.952012,26.166315],[119.95195,26.166471],[119.951886,26.166597],[119.951814,26.166695],[119.951709,26.16676],[119.95158,26.166821],[119.951543,26.166801],[119.951341,26.166758],[119.950963,26.166592],[119.95081,26.166553],[119.950515,26.166544],[119.950185,26.166561],[119.94978,26.166657],[119.949676,26.166652],[119.949534,26.166662],[119.949432,26.166662],[119.949373,26.166647],[119.949231,26.16657],[119.949016,26.166411],[119.948812,26.16631],[119.948504,26.166298],[119.948284,26.166308],[119.948107,26.166303],[119.947922,26.166284],[119.947836,26.166264],[119.947704,26.166192],[119.947568,26.166089],[119.94735,26.165906],[119.947273,26.165824],[119.947168,26.165667],[119.946999,26.165383],[119.946889,26.165232],[119.94668,26.16496],[119.946581,26.164813],[119.946208,26.164428],[119.946117,26.164377],[119.94598,26.164283],[119.945811,26.164201],[119.945722,26.164177],[119.945296,26.164211],[119.945304,26.164237],[119.945481,26.164209],[119.945728,26.164197],[119.945787,26.164218],[119.945966,26.164307],[119.946186,26.164442],[119.946538,26.16481],[119.946704,26.165034],[119.946865,26.165232],[119.946969,26.165383],[119.947039,26.165506],[119.947238,26.165809],[119.947326,26.165911],[119.947447,26.166007],[119.947597,26.166142],[119.94771,26.166221],[119.947836,26.166286],[119.94797,26.166305],[119.948107,26.166317],[119.94837,26.166322],[119.94856,26.166317],[119.948801,26.166329],[119.948855,26.166351],[119.94897,26.166411],[119.949126,26.166517],[119.949214,26.166585],[119.949335,26.166652],[119.949389,26.166676],[119.949464,26.166683],[119.94966,26.166674],[119.949644,26.166681],[119.949815,26.166666],[119.950188,26.16658],[119.950521,26.166565],[119.9508,26.16657],[119.950934,26.166604],[119.951057,26.166652],[119.951325,26.166772],[119.951583,26.166835],[119.951706,26.166782],[119.951819,26.16671],[119.951894,26.166609],[119.951958,26.166493],[119.952017,26.166334],[119.952076,26.166118],[119.952082,26.166036],[119.95206,26.165915],[119.952017,26.16579],[119.951878,26.165468],[119.951814,26.165294],[119.951808,26.165068],[119.95176,26.164755],[119.951722,26.164572],[119.951717,26.164442],[119.951781,26.16411],[119.951765,26.164004],[119.951803,26.163542]]]]}},{"type":"Feature","properties":{"n":"津板路","v":"南竿鄉","w":1.2,"c":1.2,"r":null},"geometry":{"type":"MultiPolygon","coordinates":[[[[119.913569,26.144336],[119.913588,26.144341],[119.913607,26.14412],[119.913617,26.143768],[119.913636,26.143696],[119.913749,26.143532],[119.913934,26.143299],[119.914004,26.143168],[119.91413,26.142824],[119.914151,26.142788],[119.914191,26.142762],[119.914709,26.142559],[119.915026,26.142364],[119.915106,26.142331],[119.915187,26.142314],[119.91538,26.142309],[119.915825,26.142333],[119.9162,26.142369],[119.916458,26.142333],[119.916683,26.142333],[119.916764,26.142311],[119.916973,26.142198],[119.917021,26.142188],[119.917335,26.142085],[119.917469,26.142051],[119.917863,26.141972],[119.918043,26.141969],[119.918333,26.14194],[119.918421,26.14194],[119.918877,26.142034],[119.919167,26.142111],[119.919711,26.142213],[119.920071,26.142311],[119.920202,26.142355],[119.920361,26.142384],[119.920412,26.142417],[119.920436,26.142439],[119.920495,26.142547],[119.920554,26.142639],[119.920637,26.142735],[119.92069,26.142766],[119.920782,26.142764],[119.920889,26.14275],[119.920945,26.142716],[119.921079,26.142557],[119.921262,26.142463],[119.921407,26.142352],[119.921495,26.142299],[119.921527,26.142287],[119.921584,26.142285],[119.921691,26.142306],[119.921812,26.142367],[119.921908,26.142453],[119.92197,26.142521],[119.92205,26.142593],[119.92216,26.142622],[119.922241,26.142624],[119.922372,26.142586],[119.922431,26.14255],[119.922627,26.142446],[119.922772,26.142393],[119.922885,26.142388],[119.923056,26.142427],[119.923767,26.142651],[119.923928,26.142723],[119.923931,26.142711],[119.92377,26.142644],[119.923241,26.142477],[119.923037,26.142408],[119.922898,26.142381],[119.92278,26.142379],[119.922713,26.1424],[119.922592,26.142451],[119.922359,26.142579],[119.922233,26.142615],[119.922158,26.142612],[119.92205,26.142581],[119.921919,26.142446],[119.921822,26.142357],[119.921696,26.142292],[119.921578,26.142275],[119.921519,26.142278],[119.921476,26.142294],[119.92134,26.142381],[119.921273,26.142439],[119.921071,26.142545],[119.92101,26.14261],[119.920932,26.142711],[119.920867,26.14274],[119.92076,26.142754],[119.920699,26.142752],[119.92065,26.142733],[119.920562,26.142624],[119.92043,26.14241],[119.920363,26.142371],[119.920218,26.142345],[119.919733,26.142203],[119.919473,26.14216],[119.919178,26.142099],[119.918751,26.141993],[119.918429,26.141926],[119.918303,26.141928],[119.918016,26.141957],[119.917845,26.141965],[119.917515,26.14203],[119.917332,26.142078],[119.917163,26.142133],[119.916973,26.142188],[119.916761,26.142299],[119.916689,26.142319],[119.916466,26.142321],[119.91627,26.142352],[119.916149,26.142359],[119.915849,26.142323],[119.915315,26.142292],[119.91517,26.142302],[119.915103,26.142316],[119.915023,26.142352],[119.914803,26.142482],[119.914698,26.142554],[119.914516,26.142619],[119.914194,26.142747],[119.914157,26.142771],[119.914135,26.1428],[119.914098,26.142872],[119.914009,26.143118],[119.913974,26.143202],[119.913934,26.143279],[119.913668,26.143621],[119.913634,26.143674],[119.913607,26.143766],[119.913596,26.144091],[119.913585,26.144189],[119.913569,26.144336]]]]}},{"type":"Feature","properties":{"n":"東莒-大坪村巷道","v":"莒光鄉","w":1.5,"c":1.5,"r":9},"geometry":{"type":"MultiPolygon","coordinates":[[[[119.973144,25.960734],[119.973197,25.960777],[119.973517,25.960681],[119.973608,25.960678],[119.973787,25.960705],[119.974117,25.960738],[119.974356,25.96084],[119.974638,25.96097],[119.974764,25.960982],[119.974879,25.960953],[119.974992,25.960895],[119.975123,25.960779],[119.975206,25.960654],[119.975276,25.960488],[119.975351,25.960249],[119.975349,25.960157],[119.975316,25.959935],[119.975327,25.959817],[119.975386,25.959641],[119.975343,25.959566],[119.975121,25.959516],[119.974689,25.959383],[119.974302,25.959407],[119.974251,25.959455],[119.974657,25.959422],[119.974796,25.959448],[119.975048,25.959545],[119.975298,25.95961],[119.975319,25.959677],[119.975287,25.959795],[119.975273,25.959931],[119.975311,25.960244],[119.975276,25.960367],[119.975177,25.96063],[119.975086,25.960765],[119.974981,25.960852],[119.974863,25.960922],[119.97475,25.960939],[119.974694,25.960936],[119.97437,25.960796],[119.974091,25.960695],[119.97393,25.960681],[119.973707,25.96064],[119.97353,25.960637],[119.973144,25.960734]]]]}},{"type":"Feature","properties":{"n":"北澳路","v":"東引鄉","w":0,"c":0,"r":null},"geometry":{"type":"MultiPolygon","coordinates":[[[[120.490187,26.367039],[120.490391,26.367078],[120.490544,26.36715],[120.490861,26.367366],[120.491012,26.367495],[120.491151,26.367694],[120.491275,26.367812],[120.491561,26.367953],[120.49176,26.368],[120.491845,26.367971],[120.491832,26.367952],[120.491763,26.367971],[120.491577,26.367932],[120.491284,26.367788],[120.491162,26.367654],[120.491038,26.367467],[120.490639,26.367162],[120.490449,26.367054],[120.490195,26.367005],[120.490184,26.367039],[120.490187,26.367039]]]]}},{"type":"Feature","properties":{"n":"復興路02","v":"南竿鄉","w":1.5,"c":1.5,"r":null},"geometry":{"type":"MultiPolygon","coordinates":[[[[119.94368,26.162101],[119.943852,26.162058],[119.944812,26.161853],[119.944844,26.161863],[119.944871,26.162694],[119.945174,26.164037],[119.945161,26.164114],[119.945115,26.164164],[119.945397,26.164119],[119.945314,26.164066],[119.945268,26.164015],[119.945225,26.16383],[119.945161,26.163483],[119.945067,26.16311],[119.944986,26.162701],[119.944946,26.161824],[119.944909,26.161774],[119.944849,26.161755],[119.94371,26.161947],[119.94368,26.162101]]]]}},{"type":"Feature","properties":{"n":"北竿大道","v":"北竿鄉","w":1.2,"c":1.2,"r":null},"geometry":{"type":"MultiPolygon","coordinates":[[[[119.973399,26.214758],[119.973385,26.21477],[119.973683,26.215133],[119.973811,26.215299],[119.973942,26.215494],[119.974068,26.215698],[119.974143,26.21584],[119.974307,26.216187],[119.974259,26.216213],[119.974299,26.216343],[119.97431,26.216485],[119.974331,26.216485],[119.974331,26.216427],[119.974347,26.216312],[119.974326,26.216182],[119.974127,26.215778],[119.973993,26.215542],[119.973801,26.215261],[119.973632,26.215044],[119.973399,26.214758]]]]}},{"type":"Feature","properties":{"n":"燈塔路","v":"東引鄉","w":0,"c":0,"r":null},"geometry":{"type":"MultiPolygon","coordinates":[[[[120.505032,26.368216],[120.504939,26.368168],[120.504206,26.36924],[120.503143,26.369702],[120.502374,26.369699],[120.501023,26.369515],[120.500199,26.369907],[120.49959,26.369773],[120.49738,26.368798],[120.496731,26.368832],[120.496466,26.368687],[120.496427,26.368448],[120.496309,26.368376],[120.495222,26.368229],[120.494693,26.367869],[120.494535,26.367701],[120.494481,26.367844],[120.495142,26.368301],[120.496308,26.368472],[120.496413,26.368759],[120.496704,26.368903],[120.497314,26.368881],[120.498663,26.369459],[120.499537,26.369844],[120.500199,26.36999],[120.501076,26.369587],[120.501923,26.369733],[120.503196,26.369809],[120.504258,26.369335],[120.504738,26.368668],[120.505032,26.368216]]]]}},{"type":"Feature","properties":{"n":"中清路","v":"東引鄉","w":0,"c":0,"r":null},"geometry":{"type":"MultiPolygon","coordinates":[[[[120.480969,26.370713],[120.480547,26.370221],[120.47986,26.36955],[120.479702,26.36949],[120.479462,26.36968],[120.479474,26.370027],[120.480318,26.371068],[120.480462,26.37132],[120.480528,26.371523],[120.480514,26.371702],[120.480327,26.371821],[120.479372,26.372128],[120.479132,26.37227],[120.479106,26.372342],[120.479051,26.372604],[120.478582,26.373868],[120.478368,26.374118],[120.478076,26.374308],[120.477877,26.374379],[120.47773,26.37451],[120.477597,26.374701],[120.477675,26.374952],[120.477991,26.375538],[120.4782,26.376088],[120.478385,26.376363],[120.478689,26.376508],[120.479113,26.376653],[120.479193,26.376557],[120.479021,26.376497],[120.47865,26.376412],[120.478425,26.376304],[120.477703,26.374713],[120.477943,26.374451],[120.478381,26.374274],[120.478661,26.373952],[120.478902,26.37338],[120.479212,26.37233],[120.480579,26.371834],[120.480673,26.371607],[120.480542,26.371236],[120.47958,26.369991],[120.479568,26.369728],[120.479728,26.369598],[120.480889,26.370724],[120.480969,26.370713]]]]}},{"type":"Feature","properties":{"n":"北竿大道","v":"北竿鄉","w":1.5,"c":1.5,"r":null},"geometry":{"type":"MultiPolygon","coordinates":[[[[119.9823,26.220714],[119.982313,26.22071],[119.98197,26.220327],[119.981844,26.220197],[119.9816,26.219971],[119.981361,26.219788],[119.98097,26.219537],[119.980866,26.219448],[119.98075,26.219323],[119.980418,26.21876],[119.980351,26.218671],[119.98023,26.218526],[119.980088,26.218377],[119.98001,26.218317],[119.9799,26.218266],[119.979672,26.218175],[119.979495,26.218137],[119.979382,26.218091],[119.979334,26.218052],[119.979248,26.217971],[119.979192,26.217946],[119.979119,26.217925],[119.9789,26.217937],[119.978835,26.217932],[119.978763,26.217934],[119.978682,26.217949],[119.978615,26.21799],[119.978562,26.218064],[119.978478,26.218319],[119.978449,26.218476],[119.978417,26.218743],[119.978363,26.218969],[119.978296,26.219147],[119.978181,26.219345],[119.978047,26.219511],[119.977889,26.219653],[119.977647,26.219864],[119.97751,26.219945],[119.977386,26.220027],[119.977279,26.220142],[119.977107,26.220369],[119.977043,26.220484],[119.976877,26.220893],[119.976619,26.221191],[119.97649,26.221278],[119.976313,26.221374],[119.976072,26.221389],[119.975889,26.221326],[119.975798,26.221259],[119.975712,26.221163],[119.975691,26.221172],[119.975788,26.221283],[119.975889,26.22135],[119.976072,26.221403],[119.976195,26.221408],[119.976319,26.221398],[119.976646,26.221206],[119.976898,26.220908],[119.976986,26.220706],[119.977061,26.220494],[119.977131,26.220374],[119.977276,26.220172],[119.977361,26.220086],[119.977426,26.220033],[119.977662,26.219879],[119.978064,26.219523],[119.97823,26.219311],[119.978316,26.219157],[119.978386,26.218945],[119.978426,26.218772],[119.97848,26.21838],[119.978507,26.218279],[119.978582,26.218057],[119.978627,26.217995],[119.978689,26.217956],[119.978767,26.217942],[119.978928,26.217947],[119.979113,26.217935],[119.979191,26.217954],[119.979266,26.218],[119.979322,26.218057],[119.97937,26.218098],[119.979424,26.218127],[119.979499,26.218151],[119.979671,26.218185],[119.979883,26.218269],[119.980003,26.218329],[119.980057,26.218365],[119.980162,26.218471],[119.980379,26.218731],[119.9805,26.218919],[119.980741,26.219335],[119.980854,26.219456],[119.98095,26.21954],[119.981356,26.219799],[119.981592,26.219987],[119.98193,26.220304],[119.9823,26.220714]]]]}},{"type":"Feature","properties":{"n":"環島東路","v":"北竿鄉","w":1.2,"c":1.2,"r":null},"geometry":{"type":"MultiPolygon","coordinates":[[[[119.99743,26.225251],[119.997394,26.225239],[119.997378,26.225294],[119.997246,26.226062],[119.997176,26.226434],[119.997139,26.226531],[119.997077,26.22661],[119.996895,26.226774],[119.996876,26.22681],[119.996825,26.226961],[119.99679,26.227091],[119.996782,26.227199],[119.99682,26.227524],[119.996822,26.22764],[119.996838,26.2277],[119.996964,26.22796],[119.996983,26.227948],[119.996845,26.227676],[119.996837,26.227606],[119.996888,26.227546],[119.99688,26.227474],[119.996826,26.227431],[119.99681,26.227359],[119.996799,26.227233],[119.996807,26.227095],[119.996872,26.226857],[119.996909,26.226785],[119.996992,26.226722],[119.997041,26.226725],[119.997068,26.226639],[119.997113,26.2266],[119.997159,26.226535],[119.997207,26.226389],[119.997296,26.225871],[119.997317,26.225871],[119.99743,26.225251]]]]}},{"type":"Feature","properties":{"n":"北竿大道","v":"北竿鄉","w":1.2,"c":1.2,"r":null},"geometry":{"type":"MultiPolygon","coordinates":[[[[119.97534,26.220858],[119.97535,26.22085],[119.975009,26.220501],[119.974633,26.220133],[119.97436,26.219892],[119.974174,26.219716],[119.974043,26.219606],[119.973965,26.219466],[119.973922,26.219187],[119.973899,26.218899],[119.97397,26.21834],[119.974,26.218256],[119.974086,26.218119],[119.97426,26.217907],[119.974397,26.217669],[119.974426,26.217563],[119.974426,26.217334],[119.974378,26.216689],[119.974394,26.2166],[119.974442,26.216465],[119.974451,26.216311],[119.974424,26.216167],[119.974383,26.216063],[119.97437,26.216068],[119.974416,26.216179],[119.974437,26.216302],[119.974432,26.216461],[119.974381,26.2166],[119.974367,26.216686],[119.974367,26.216785],[119.974416,26.217326],[119.974416,26.217562],[119.974386,26.217668],[119.974244,26.217904],[119.974094,26.218081],[119.973989,26.218252],[119.973957,26.218346],[119.973885,26.218899],[119.973906,26.219181],[119.973952,26.21947],[119.974035,26.219612],[119.974349,26.219898],[119.974502,26.220028],[119.974844,26.220352],[119.975061,26.220571],[119.975171,26.220691],[119.97534,26.220858]]]]}},{"type":"Feature","properties":{"n":"衛生所前道路","v":"北竿鄉","w":1.5,"c":1.25,"r":3},"geometry":{"type":"MultiPolygon","coordinates":[[[[119.9974,26.22524],[119.997396,26.225247],[119.998171,26.2255],[119.998685,26.225824],[119.999339,26.2267],[119.999366,26.226691],[119.998781,26.22593],[119.998701,26.22581],[119.998446,26.225661],[119.998178,26.22549],[119.997682,26.225324],[119.9974,26.22524]]]]}},{"type":"Feature","properties":{"n":"觀海路","v":"南竿鄉","w":6.5,"c":1.5,"r":null},"geometry":{"type":"MultiPolygon","coordinates":[[[[119.919211,26.172168],[119.919219,26.172187],[119.919195,26.172202],[119.92,26.172216],[119.920365,26.172057],[119.92067,26.171976],[119.921277,26.171292],[119.921255,26.171162],[119.921298,26.171046],[119.921711,26.17044],[119.922124,26.170348],[119.922682,26.170401],[119.922698,26.170377],[119.922124,26.170315],[119.921818,26.170343],[119.9217,26.170401],[119.921266,26.171042],[119.921228,26.171162],[119.921244,26.171263],[119.921201,26.171345],[119.920638,26.171956],[119.920381,26.172014],[119.920027,26.172168],[119.919952,26.172183],[119.919211,26.172168]]]]}},{"type":"Feature","properties":{"n":"中央大道","v":"南竿鄉","w":1.2,"c":1.2,"r":4},"geometry":{"type":"MultiPolygon","coordinates":[[[[119.920754,26.150891],[119.920754,26.150915],[119.921079,26.150932],[119.92132,26.150958],[119.921419,26.151021],[119.921586,26.151358],[119.921755,26.15151],[119.921951,26.151599],[119.922235,26.151663],[119.922581,26.151964],[119.923677,26.152273],[119.923856,26.152399],[119.923977,26.152546],[119.924028,26.152676],[119.924036,26.152825],[119.924063,26.15283],[119.924044,26.152671],[119.923993,26.152538],[119.923864,26.152384],[119.923685,26.152257],[119.923502,26.152194],[119.922824,26.152016],[119.92258,26.151944],[119.922451,26.151834],[119.922242,26.151636],[119.921954,26.151582],[119.921763,26.151495],[119.921597,26.151334],[119.921441,26.150997],[119.921323,26.150934],[119.921076,26.150903],[119.920754,26.150891]]]]}},{"type":"Feature","properties":{"n":"珠螺往馬港步道","v":"南竿鄉","w":2.8,"c":2.8,"r":null},"geometry":{"type":"MultiPolygon","coordinates":[[[[119.924993,26.160693],[119.924995,26.160729],[119.925081,26.160741],[119.925084,26.160758],[119.924885,26.160823],[119.924826,26.160833],[119.92466,26.160737],[119.92455,26.160713],[119.924276,26.160696],[119.924223,26.160713],[119.924191,26.160749],[119.924247,26.160785],[119.924266,26.160768],[119.924303,26.160758],[119.924529,26.160758],[119.924609,26.160773],[119.924799,26.160876],[119.924856,26.160893],[119.92499,26.160891],[119.925073,26.160905],[119.925269,26.160968],[119.92536,26.16097],[119.925416,26.160951],[119.925569,26.160838],[119.925588,26.160831],[119.925626,26.16085],[119.925685,26.160891],[119.925698,26.16092],[119.92569,26.160994],[119.92573,26.161062],[119.925781,26.161093],[119.925953,26.161093],[119.926025,26.161054],[119.926049,26.161023],[119.926068,26.160941],[119.926092,26.160896],[119.926146,26.160862],[119.92639,26.160867],[119.926489,26.160862],[119.926543,26.160804],[119.926642,26.160662],[119.926698,26.160636],[119.926765,26.160616],[119.926892,26.160599],[119.926951,26.160551],[119.927455,26.159726],[119.927511,26.159713],[119.927549,26.159735],[119.927661,26.15987],[119.927707,26.159887],[119.927755,26.159887],[119.927801,26.15988],[119.927854,26.15986],[119.927919,26.15987],[119.927967,26.159889],[119.928294,26.160161],[119.928372,26.160166],[119.928418,26.160152],[119.928383,26.160108],[119.928348,26.160125],[119.928318,26.160113],[119.928251,26.160048],[119.928176,26.159988],[119.927959,26.159829],[119.927911,26.159807],[119.927844,26.159805],[119.927795,26.159827],[119.927753,26.159831],[119.92771,26.159824],[119.927635,26.159738],[119.927576,26.15968],[119.927519,26.159665],[119.927452,26.159677],[119.927393,26.159726],[119.927294,26.159882],[119.927254,26.159973],[119.927192,26.160041],[119.926951,26.160467],[119.926905,26.160539],[119.926884,26.160549],[119.926808,26.160568],[119.926733,26.160578],[119.926666,26.160604],[119.926605,26.160648],[119.926562,26.160691],[119.926503,26.160778],[119.926454,26.160811],[119.926382,26.160818],[119.926149,26.160826],[119.9261,26.160835],[119.926052,26.160871],[119.926023,26.160903],[119.926012,26.160999],[119.925993,26.161028],[119.925958,26.161059],[119.925872,26.161062],[119.9258,26.161057],[119.925733,26.160994],[119.925738,26.160905],[119.925709,26.160859],[119.925655,26.160814],[119.925615,26.160797],[119.925577,26.160797],[119.925542,26.160804],[119.925416,26.16091],[119.925365,26.160922],[119.925312,26.160922],[119.925143,26.160867],[119.925068,26.160852],[119.92495,26.160845],[119.925143,26.160785],[119.925164,26.160758],[119.925164,26.160732],[119.924993,26.160693]]]]}},{"type":"Feature","properties":{"n":"后沃戰爭公園聯外道路","v":"北竿鄉","w":1.5,"c":1.5,"r":4},"geometry":{"type":"MultiPolygon","coordinates":[[[[120.007255,26.222682],[120.007272,26.222695],[120.007304,26.222654],[120.007325,26.222611],[120.007406,26.222356],[120.007438,26.222217],[120.007461,26.221892],[120.007596,26.221382],[120.007644,26.221252],[120.007714,26.221117],[120.00785,26.220908],[120.007992,26.220966],[120.008062,26.221151],[120.008116,26.221343],[120.008371,26.221789],[120.008435,26.221928],[120.008548,26.222113],[120.008561,26.222099],[120.008454,26.221928],[120.008381,26.221781],[120.008124,26.221336],[120.008076,26.221148],[120.008003,26.220951],[120.007842,26.220896],[120.007665,26.221164],[120.007606,26.221287],[120.007563,26.221429],[120.007443,26.221874],[120.007424,26.22215],[120.007405,26.222283],[120.007336,26.222516],[120.007293,26.222636],[120.007255,26.222682]]]]}},{"type":"Feature","properties":{"n":"梅石介壽路01","v":"南竿鄉","w":1.5,"c":1.5,"r":3},"geometry":{"type":"MultiPolygon","coordinates":[[[[119.93844,26.148555],[119.938362,26.148557],[119.937903,26.1485],[119.937579,26.148452],[119.937479,26.148456],[119.937423,26.148466],[119.937225,26.148514],[119.936586,26.148533],[119.936484,26.148502],[119.936425,26.148452],[119.93639,26.148401],[119.936353,26.148249],[119.936323,26.148155],[119.936272,26.148093],[119.93616,26.148023],[119.936063,26.148001],[119.935983,26.147999],[119.935819,26.14803],[119.935763,26.148021],[119.935701,26.147984],[119.935594,26.14777],[119.935554,26.147676],[119.935543,26.147626],[119.935559,26.147565],[119.935712,26.147195],[119.935723,26.14711],[119.935696,26.146997],[119.935658,26.146925],[119.935629,26.146836],[119.935618,26.146766],[119.935672,26.146487],[119.935658,26.146487],[119.935607,26.146754],[119.935607,26.14679],[119.935623,26.14687],[119.93568,26.146995],[119.935709,26.14711],[119.935696,26.147187],[119.935543,26.147561],[119.935527,26.147626],[119.93554,26.147683],[119.935688,26.147994],[119.93576,26.14803],[119.935827,26.148045],[119.935991,26.148008],[119.936087,26.148021],[119.936154,26.148045],[119.936262,26.148112],[119.936305,26.148158],[119.936366,26.148403],[119.936404,26.148449],[119.936463,26.148514],[119.936581,26.148548],[119.937037,26.148536],[119.937227,26.148536],[119.937337,26.148497],[119.937469,26.148473],[119.937563,26.148466],[119.938134,26.148548],[119.938348,26.148574],[119.938445,26.148569],[119.93844,26.148555]]]]}},{"type":"Feature","properties":{"n":"濱海大道07","v":"南竿鄉","w":1.2,"c":1.2,"r":5},"geometry":{"type":"MultiPolygon","coordinates":[[[[119.929752,26.160826],[119.929755,26.160814],[119.929704,26.160802],[119.92954,26.16065],[119.929393,26.16047],[119.929312,26.16039],[119.92916,26.160277],[119.929036,26.16021],[119.928942,26.160183],[119.928679,26.160205],[119.928594,26.160195],[119.928494,26.160157],[119.928417,26.160113],[119.928293,26.159976],[119.927979,26.159524],[119.92795,26.159415],[119.927915,26.159374],[119.927827,26.159345],[119.927695,26.159353],[119.927561,26.159374],[119.927389,26.159394],[119.927309,26.159427],[119.92721,26.159478],[119.92711,26.159552],[119.926909,26.159837],[119.926799,26.160007],[119.926764,26.160036],[119.926622,26.160125],[119.926547,26.160166],[119.926429,26.160212],[119.925869,26.1604],[119.925595,26.16046],[119.924857,26.1606],[119.924667,26.160592],[119.924409,26.160549],[119.923852,26.160429],[119.923353,26.16034],[119.922878,26.160272],[119.922583,26.160046],[119.922457,26.159967],[119.922323,26.159921],[119.921572,26.159776],[119.921193,26.159697],[119.920949,26.159692],[119.920483,26.159721],[119.920338,26.159784],[119.920308,26.159841],[119.920282,26.159971],[119.920282,26.16001],[119.9203,26.16001],[119.920298,26.159988],[119.920327,26.159846],[119.920357,26.159793],[119.920424,26.15976],[119.920488,26.159735],[119.92078,26.159709],[119.920933,26.159704],[119.921172,26.159709],[119.922301,26.159928],[119.922433,26.159974],[119.922556,26.160046],[119.922677,26.16015],[119.92287,26.160284],[119.922969,26.160304],[119.923361,26.160354],[119.923581,26.160393],[119.924023,26.160479],[119.924391,26.160561],[119.924648,26.160605],[119.924798,26.160612],[119.924865,26.160609],[119.925523,26.160491],[119.925877,26.160412],[119.92589,26.160417],[119.926029,26.160376],[119.92655,26.160183],[119.926671,26.160118],[119.926807,26.16002],[119.927046,26.159673],[119.927116,26.159584],[119.927175,26.159521],[119.927234,26.15948],[119.92732,26.159437],[119.927395,26.15941],[119.92773,26.159365],[119.927819,26.15936],[119.927899,26.159384],[119.927934,26.159415],[119.927963,26.159533],[119.92802,26.159617],[119.928165,26.159829],[119.928253,26.15995],[119.92836,26.16008],[119.928425,26.160137],[119.92847,26.160166],[119.928596,26.160207],[119.928679,26.160217],[119.92873,26.160217],[119.928899,26.160202],[119.928945,26.160202],[119.929004,26.160215],[119.929071,26.160246],[119.929178,26.160308],[119.929358,26.160453],[119.929519,26.160648],[119.929696,26.160814],[119.929752,26.160826]]]]}},{"type":"Feature","properties":{"n":"塘后道","v":"北竿鄉","w":1.5,"c":1.1,"r":null},"geometry":{"type":"MultiPolygon","coordinates":[[[[119.99898,26.223133],[119.999112,26.222956],[119.99919,26.222872],[119.999324,26.222783],[119.999447,26.22272],[119.99971,26.222679],[119.999809,26.222687],[120.000027,26.222742],[120.000126,26.2228],[120.001177,26.2235],[120.001513,26.223731],[120.001569,26.223762],[120.001639,26.223789],[120.001711,26.223808],[120.001829,26.223813],[120.001977,26.223781],[120.001971,26.223767],[120.001824,26.223805],[120.001722,26.223798],[120.001628,26.223779],[120.001572,26.223755],[120.001134,26.223454],[120.000614,26.22311],[120.00044,26.222985],[120.000048,26.222735],[119.999858,26.222687],[119.999769,26.22267],[119.999691,26.222667],[119.999436,26.222713],[119.999182,26.222857],[119.998967,26.22312],[119.99898,26.223133]]]]}},{"type":"Feature","properties":{"n":"東莒-復興路(農業推廣中心至福正水庫段)","v":"莒光鄉","w":1.2,"c":1.2,"r":0},"geometry":{"type":"MultiPolygon","coordinates":[[[[119.971995,25.960932],[119.971459,25.961381],[119.971486,25.961632],[119.971448,25.961897],[119.97147,25.962133],[119.971496,25.962572],[119.971582,25.962751],[119.971909,25.963368],[119.972113,25.963802],[119.972231,25.964087],[119.972226,25.964164],[119.972103,25.964371],[119.972038,25.964728],[119.97207,25.964931],[119.972001,25.965099],[119.971974,25.965316],[119.971909,25.965524],[119.971915,25.965842],[119.971942,25.965996],[119.971985,25.96617],[119.97199,25.966339],[119.97207,25.966541],[119.972242,25.966686],[119.97243,25.966778],[119.972628,25.96684],[119.972746,25.966951],[119.972811,25.967053],[119.972907,25.967091],[119.973025,25.967111],[119.973009,25.967072],[119.972902,25.967062],[119.972827,25.967019],[119.972655,25.966816],[119.972376,25.966725],[119.972205,25.966614],[119.972081,25.966484],[119.972033,25.966334],[119.972033,25.96617],[119.971968,25.965948],[119.971947,25.965746],[119.972124,25.966069],[119.972349,25.966421],[119.972682,25.966546],[119.972773,25.966604],[119.972875,25.966652],[119.973063,25.966696],[119.973374,25.966758],[119.973428,25.966792],[119.973562,25.966947],[119.974023,25.967299],[119.974125,25.967385],[119.974205,25.967506],[119.974393,25.967593],[119.974651,25.967617],[119.974737,25.967602],[119.974871,25.967622],[119.975139,25.967612],[119.975348,25.967578],[119.975471,25.967496],[119.9756,25.967438],[119.975729,25.967419],[119.975842,25.967443],[119.975901,25.967467],[119.976062,25.967443],[119.976212,25.967429],[119.976373,25.967424],[119.976528,25.967381],[119.976689,25.967342],[119.976796,25.967332],[119.97692,25.967337],[119.977054,25.967419],[119.97722,25.967448],[119.977429,25.967434],[119.977596,25.967371],[119.977757,25.967236],[119.97788,25.967115],[119.977955,25.966951],[119.977966,25.966797],[119.977928,25.966604],[119.977987,25.966508],[119.977859,25.966474],[119.977885,25.966594],[119.977907,25.966874],[119.977875,25.967],[119.977767,25.967139],[119.977655,25.967246],[119.97751,25.967342],[119.977344,25.967381],[119.977167,25.967395],[119.977075,25.967381],[119.977032,25.967366],[119.976968,25.967323],[119.976904,25.967289],[119.976754,25.967294],[119.976555,25.967313],[119.976389,25.967376],[119.976185,25.967395],[119.97611,25.96739],[119.975944,25.967424],[119.975815,25.967405],[119.975702,25.967366],[119.975461,25.967443],[119.975257,25.96754],[119.97515,25.967549],[119.975058,25.967564],[119.974903,25.967564],[119.974828,25.967545],[119.974667,25.96752],[119.974597,25.96754],[119.974409,25.96754],[119.974297,25.967501],[119.974227,25.967429],[119.974163,25.967347],[119.973798,25.967053],[119.973674,25.966961],[119.973567,25.966898],[119.973481,25.966778],[119.973411,25.966715],[119.972923,25.966623],[119.972838,25.966594],[119.972709,25.966503],[119.972607,25.966459],[119.972451,25.966421],[119.972355,25.966353],[119.972258,25.96617],[119.972162,25.96603],[119.972076,25.965852],[119.972006,25.965683],[119.971985,25.965601],[119.971995,25.965456],[119.972033,25.96535],[119.972038,25.96521],[119.972081,25.965056],[119.972129,25.96494],[119.972124,25.964839],[119.972097,25.964718],[119.972124,25.964574],[119.972167,25.964395],[119.972296,25.964159],[119.972285,25.964082],[119.972247,25.963937],[119.972097,25.963595],[119.97177,25.962958],[119.971561,25.962572],[119.971539,25.962157],[119.971518,25.961897],[119.971555,25.961569],[119.971545,25.96141],[119.972022,25.960985],[119.971995,25.960932]]]]}},{"type":"Feature","properties":{"n":"泰山府景觀步道","v":"東引鄉","w":350,"c":3.5,"r":null},"geometry":{"type":"MultiPolygon","coordinates":[[[[120.4898,26.366735],[120.48979,26.366677],[120.489664,26.366713],[120.489503,26.366805],[120.489428,26.366805],[120.487738,26.366394],[120.487698,26.365995],[120.487746,26.365963],[120.487738,26.36586],[120.487657,26.365959],[120.487682,26.366442],[120.489414,26.366848],[120.489503,26.36685],[120.48968,26.366749],[120.4898,26.366735]]]]}},{"type":"Feature","properties":{"n":"勝天路","v":"南竿鄉","w":1.2,"c":1.2,"r":null},"geometry":{"type":"MultiPolygon","coordinates":[[[[119.914052,26.147545],[119.914017,26.147538],[119.913917,26.147475],[119.913676,26.147398],[119.913338,26.1473],[119.91325,26.147247],[119.912955,26.147003],[119.912898,26.146975],[119.912834,26.146958],[119.912649,26.146924],[119.912568,26.146852],[119.912442,26.14669],[119.912378,26.146638],[119.912308,26.146609],[119.912045,26.146517],[119.911906,26.146416],[119.911772,26.146334],[119.911713,26.146339],[119.911576,26.146339],[119.911321,26.146291],[119.911192,26.146255],[119.911125,26.146228],[119.911053,26.146149],[119.910975,26.146011],[119.910948,26.145983],[119.910905,26.145915],[119.910903,26.14586],[119.910919,26.145802],[119.910954,26.145713],[119.911109,26.145511],[119.911174,26.145412],[119.911206,26.145311],[119.911203,26.145253],[119.911187,26.145205],[119.911147,26.145145],[119.911045,26.145036],[119.91097,26.144979],[119.910825,26.144894],[119.910734,26.144863],[119.910594,26.144837],[119.910398,26.144841],[119.910331,26.144863],[119.910291,26.144902],[119.910235,26.144969],[119.910133,26.145239],[119.910085,26.1454],[119.910066,26.145429],[119.909816,26.145677],[119.909773,26.145773],[119.909741,26.145874],[119.909728,26.145956],[119.909725,26.146021],[119.9098,26.146139],[119.909953,26.146332],[119.910197,26.146604],[119.910339,26.146748],[119.910629,26.147016],[119.910696,26.147097],[119.910758,26.147285],[119.910782,26.147398],[119.910841,26.147589],[119.910938,26.147784],[119.910935,26.147885],[119.910956,26.148424],[119.910975,26.14846],[119.911005,26.148489],[119.911281,26.148742],[119.911442,26.148925],[119.91152,26.149067],[119.911552,26.14918],[119.911584,26.149406],[119.911528,26.149544],[119.911517,26.149669],[119.911517,26.149743],[119.911541,26.149784],[119.91167,26.14991],[119.911793,26.150011],[119.911994,26.150141],[119.912316,26.150408],[119.912614,26.150639],[119.912818,26.150832],[119.913089,26.151046],[119.913413,26.15134],[119.913558,26.151458],[119.913762,26.151564],[119.913976,26.15166],[119.914154,26.151792],[119.914424,26.15193],[119.914604,26.152062],[119.914706,26.152166],[119.914719,26.152286],[119.914738,26.152317],[119.91477,26.152356],[119.91499,26.152469],[119.915138,26.152556],[119.91532,26.152683],[119.915717,26.152929],[119.915951,26.153015],[119.916138,26.153068],[119.916307,26.1531],[119.916369,26.153145],[119.916364,26.153227],[119.916329,26.153331],[119.916238,26.153504],[119.916179,26.153552],[119.915594,26.153858],[119.915301,26.154041],[119.915242,26.154089],[119.9152,26.154149],[119.915175,26.154222],[119.91517,26.154299],[119.915194,26.154393],[119.915245,26.154508],[119.915304,26.154609],[119.915441,26.15478],[119.91546,26.154814],[119.915586,26.154915],[119.915739,26.155016],[119.9158,26.155045],[119.915875,26.155069],[119.915932,26.155081],[119.916015,26.155112],[119.916117,26.155187],[119.916187,26.155245],[119.916267,26.155358],[119.916364,26.15544],[119.916557,26.155553],[119.916664,26.155758],[119.916774,26.155842],[119.91701,26.155933],[119.917117,26.155982],[119.917214,26.156078],[119.917273,26.156169],[119.917369,26.156285],[119.917418,26.156309],[119.917512,26.156379],[119.9176,26.156487],[119.917662,26.156668],[119.917667,26.156718],[119.917614,26.15681],[119.917579,26.156884],[119.917576,26.156976],[119.917635,26.157034],[119.917718,26.157067],[119.917858,26.157072],[119.918147,26.157111],[119.91834,26.157142],[119.918394,26.157173],[119.918413,26.157226],[119.918402,26.157359],[119.918416,26.157455],[119.918491,26.157525],[119.918705,26.157655],[119.918756,26.157672],[119.91885,26.157669],[119.918963,26.157633],[119.919014,26.157604],[119.919121,26.157585],[119.919164,26.15759],[119.91933,26.157688],[119.919437,26.157737],[119.919582,26.15779],[119.919783,26.157898],[119.919883,26.157968],[119.919977,26.158018],[119.919987,26.158009],[119.919901,26.157968],[119.9198,26.157896],[119.919735,26.157857],[119.919609,26.15779],[119.919333,26.157679],[119.919188,26.157585],[119.919134,26.157571],[119.919086,26.157583],[119.919014,26.157592],[119.918944,26.157626],[119.91885,26.157657],[119.918756,26.15766],[119.918694,26.157633],[119.918485,26.157506],[119.918429,26.157453],[119.918416,26.157354],[119.918426,26.157248],[119.918421,26.15719],[119.918394,26.157156],[119.918346,26.157132],[119.918233,26.157111],[119.918035,26.157087],[119.917876,26.15706],[119.917724,26.157058],[119.917648,26.157026],[119.917592,26.156973],[119.917592,26.156892],[119.917597,26.156872],[119.917665,26.156742],[119.917678,26.156704],[119.917673,26.15666],[119.917619,26.156494],[119.917595,26.156456],[119.917522,26.156374],[119.917437,26.156309],[119.917378,26.156275],[119.917292,26.156174],[119.917243,26.1561],[119.917174,26.156018],[119.917115,26.15597],[119.916892,26.155868],[119.916798,26.15584],[119.916677,26.155753],[119.916635,26.155664],[119.916567,26.155543],[119.916385,26.15544],[119.916315,26.155382],[119.916267,26.155341],[119.916205,26.155238],[119.916098,26.155153],[119.916018,26.1551],[119.915951,26.155074],[119.915819,26.155045],[119.915677,26.154963],[119.91547,26.154807],[119.915414,26.154725],[119.915315,26.154604],[119.915256,26.154501],[119.9152,26.154361],[119.915183,26.154301],[119.915186,26.154212],[119.915221,26.154145],[119.915259,26.154087],[119.915414,26.153978],[119.915626,26.153853],[119.915913,26.153706],[119.916216,26.153538],[119.916251,26.153504],[119.916329,26.153367],[119.916358,26.15329],[119.916377,26.153225],[119.916382,26.15315],[119.916369,26.153126],[119.916302,26.153088],[119.916004,26.153018],[119.91583,26.15296],[119.915725,26.152919],[119.915065,26.152498],[119.914958,26.152435],[119.914781,26.152344],[119.914727,26.152286],[119.914719,26.152173],[119.914706,26.152151],[119.914623,26.152057],[119.914481,26.151951],[119.914156,26.151778],[119.913995,26.151655],[119.913719,26.151528],[119.913566,26.15145],[119.913166,26.151099],[119.912627,26.150634],[119.912413,26.150468],[119.912131,26.150239],[119.911997,26.150119],[119.91186,26.150037],[119.911662,26.149886],[119.91153,26.149746],[119.91153,26.149662],[119.911541,26.149536],[119.911597,26.149404],[119.911565,26.149192],[119.911538,26.149062],[119.911453,26.148922],[119.911289,26.148735],[119.910997,26.14846],[119.910975,26.148426],[119.91097,26.148407],[119.910951,26.147933],[119.910951,26.147774],[119.910913,26.147692],[119.910852,26.147581],[119.910795,26.147398],[119.910761,26.147232],[119.91071,26.147093],[119.910618,26.146991],[119.910254,26.146645],[119.910012,26.146377],[119.909827,26.146154],[119.909739,26.146016],[119.909741,26.14591],[119.909776,26.1458],[119.909824,26.145682],[119.910093,26.145412],[119.910117,26.145349],[119.910138,26.145265],[119.910246,26.144971],[119.910337,26.14487],[119.910449,26.144846],[119.910664,26.144858],[119.910769,26.144892],[119.910908,26.14495],[119.910986,26.145003],[119.911056,26.145065],[119.911144,26.145164],[119.911179,26.145231],[119.91119,26.145311],[119.911166,26.145405],[119.910951,26.145701],[119.910895,26.145831],[119.910887,26.145884],[119.910895,26.145925],[119.91094,26.14599],[119.91097,26.146024],[119.911021,26.146122],[119.911048,26.146163],[119.911117,26.146235],[119.911157,26.146255],[119.911318,26.1463],[119.911525,26.146346],[119.911772,26.146349],[119.91189,26.146421],[119.912043,26.146529],[119.912094,26.146551],[119.912308,26.146621],[119.91237,26.14665],[119.912456,26.146719],[119.912563,26.146866],[119.912641,26.146931],[119.912861,26.146975],[119.912933,26.147003],[119.913097,26.147148],[119.913266,26.147268],[119.913357,26.147324],[119.913751,26.147434],[119.913909,26.14749],[119.91403,26.14756],[119.914052,26.147562],[119.914052,26.147545]]]]}},{"type":"Feature","properties":{"n":"中央大道","v":"南竿鄉","w":1.65,"c":1.2,"r":18},"geometry":{"type":"MultiPolygon","coordinates":[[[[119.93829,26.148657],[119.938266,26.148688],[119.938167,26.148712],[119.937622,26.148765],[119.93748,26.148802],[119.937191,26.148917],[119.936445,26.149028],[119.936292,26.149013],[119.935603,26.14871],[119.935294,26.14858],[119.935206,26.148549],[119.935058,26.148419],[119.934916,26.148248],[119.934841,26.148173],[119.934752,26.148139],[119.934669,26.14813],[119.934543,26.148154],[119.934436,26.148226],[119.934377,26.148298],[119.934297,26.148472],[119.934213,26.148554],[119.934197,26.148539],[119.93409,26.148534],[119.934001,26.148575],[119.933366,26.148419],[119.932703,26.148243],[119.932593,26.148197],[119.932483,26.148072],[119.932381,26.147899],[119.932341,26.147841],[119.932261,26.147766],[119.932137,26.147675],[119.931781,26.147509],[119.931555,26.14741],[119.931378,26.147273],[119.931188,26.147107],[119.931059,26.146974],[119.930906,26.146868],[119.930641,26.14675],[119.930549,26.146731],[119.930407,26.146664],[119.930158,26.146529],[119.930016,26.146493],[119.929925,26.146485],[119.929359,26.146574],[119.928715,26.146702],[119.928465,26.146796],[119.928329,26.146871],[119.92827,26.146921],[119.92824,26.146989],[119.927993,26.147061],[119.92773,26.147034],[119.927551,26.147008],[119.92746,26.14702],[119.927382,26.147054],[119.927022,26.147403],[119.926802,26.14753],[119.926631,26.147591],[119.926365,26.147636],[119.926164,26.147658],[119.926011,26.147634],[119.925751,26.147643],[119.925585,26.147665],[119.925359,26.147737],[119.925161,26.147824],[119.924911,26.14799],[119.92471,26.148111],[119.924477,26.148308],[119.924337,26.148414],[119.924064,26.148551],[119.923793,26.148616],[119.923281,26.148638],[119.923189,26.148647],[119.923053,26.148626],[119.923053,26.148638],[119.923192,26.148664],[119.923291,26.148652],[119.923793,26.148628],[119.924069,26.148566],[119.924343,26.148421],[119.924466,26.148337],[119.924726,26.14812],[119.925185,26.147836],[119.925351,26.147757],[119.925585,26.147682],[119.925794,26.147658],[119.92596,26.147656],[119.926207,26.147675],[119.926491,26.147639],[119.926674,26.1476],[119.926816,26.147545],[119.92703,26.147424],[119.927148,26.147314],[119.927382,26.147075],[119.927454,26.147044],[119.927556,26.14703],[119.927781,26.147058],[119.927996,26.147075],[119.928253,26.147001],[119.928286,26.146938],[119.928345,26.146883],[119.928471,26.14682],[119.928696,26.146729],[119.928943,26.146676],[119.929455,26.146577],[119.929627,26.146548],[119.929777,26.146529],[119.929935,26.1465],[119.930158,26.146541],[119.930375,26.146678],[119.930533,26.146753],[119.930619,26.146762],[119.93089,26.146885],[119.931046,26.146989],[119.931338,26.147273],[119.931539,26.147422],[119.931746,26.147513],[119.931998,26.147636],[119.932135,26.147694],[119.932301,26.147826],[119.932352,26.147887],[119.932419,26.148009],[119.932462,26.148074],[119.93258,26.148217],[119.932891,26.148315],[119.933819,26.148556],[119.934001,26.148597],[119.934098,26.148554],[119.934176,26.148556],[119.934211,26.14858],[119.934318,26.148486],[119.93439,26.148298],[119.934457,26.148229],[119.934559,26.148173],[119.93468,26.148147],[119.93475,26.148161],[119.934833,26.148195],[119.935037,26.148424],[119.935184,26.148561],[119.935428,26.148669],[119.935659,26.148756],[119.936265,26.149035],[119.936445,26.149052],[119.93718,26.148941],[119.937488,26.148828],[119.937614,26.148787],[119.937775,26.148768],[119.938097,26.148744],[119.938215,26.148727],[119.938263,26.148715],[119.938306,26.148688],[119.93829,26.148657]]]]}},{"type":"Feature","properties":{"n":"復國路","v":"南竿鄉","w":1.8,"c":1.5,"r":4},"geometry":{"type":"MultiPolygon","coordinates":[[[[119.94439,26.160996],[119.944379,26.16101],[119.944412,26.161032],[119.944438,26.161022],[119.944476,26.160986],[119.944717,26.160442],[119.945149,26.159607],[119.945356,26.159296],[119.945466,26.159169],[119.945578,26.159099],[119.945967,26.158998],[119.94605,26.15895],[119.946123,26.158829],[119.946147,26.158702],[119.946147,26.158641],[119.946126,26.158596],[119.946066,26.158521],[119.945994,26.158415],[119.945959,26.158338],[119.945935,26.158326],[119.94597,26.158405],[119.946016,26.158466],[119.946053,26.158531],[119.946109,26.158591],[119.946131,26.158639],[119.946134,26.158697],[119.946107,26.158829],[119.946042,26.158938],[119.94597,26.158983],[119.945576,26.159084],[119.945458,26.159152],[119.945334,26.159299],[119.945128,26.159612],[119.944873,26.160081],[119.944454,26.160979],[119.944417,26.161013],[119.94439,26.160996]]]]}},{"type":"Feature","properties":{"n":"中央大道","v":"南竿鄉","w":2.45,"c":1.5,"r":32},"geometry":{"type":"MultiPolygon","coordinates":[[[[119.94742,26.159178],[119.947522,26.159183],[119.947522,26.158822],[119.947565,26.15873],[119.947683,26.158538],[119.947704,26.158432],[119.947661,26.15822],[119.94757,26.158066],[119.947377,26.157801],[119.947141,26.157387],[119.946916,26.156857],[119.946736,26.156255],[119.946733,26.156178],[119.946835,26.155601],[119.946833,26.155463],[119.9468,26.155338],[119.946725,26.155165],[119.946559,26.154953],[119.946366,26.154862],[119.945797,26.154549],[119.945717,26.154457],[119.945679,26.15437],[119.94569,26.15426],[119.945948,26.153913],[119.945974,26.153807],[119.945953,26.153648],[119.945899,26.153535],[119.945425,26.152858],[119.945111,26.152572],[119.94495,26.152495],[119.944604,26.152367],[119.943365,26.15198],[119.943112,26.151883],[119.942978,26.151801],[119.942758,26.151609],[119.942627,26.151529],[119.942292,26.15137],[119.942251,26.151334],[119.942198,26.15124],[119.941932,26.150718],[119.941884,26.150595],[119.941884,26.150417],[119.942021,26.150157],[119.942302,26.149483],[119.942321,26.149326],[119.942289,26.149119],[119.942222,26.148799],[119.942077,26.148474],[119.942032,26.14839],[119.941981,26.148219],[119.941948,26.148127],[119.941938,26.14794],[119.941967,26.147713],[119.941981,26.147564],[119.941975,26.14747],[119.941935,26.147357],[119.94182,26.147239],[119.941694,26.147179],[119.941474,26.147092],[119.94134,26.147001],[119.940926,26.146497],[119.940935,26.1463],[119.940975,26.14616],[119.94098,26.146013],[119.940878,26.145777],[119.940768,26.145749],[119.940666,26.145744],[119.940538,26.145794],[119.94035,26.145939],[119.9401,26.146201],[119.939923,26.146505],[119.939752,26.147109],[119.939693,26.147244],[119.939572,26.14741],[119.939285,26.147713],[119.939148,26.147848],[119.939073,26.148],[119.939073,26.148091],[119.939089,26.148322],[119.93903,26.148476],[119.93892,26.148551],[119.938824,26.148602],[119.938596,26.14864],[119.938606,26.148739],[119.938797,26.148715],[119.93895,26.148667],[119.939086,26.148578],[119.939135,26.148503],[119.939202,26.14833],[119.939178,26.148074],[119.939188,26.148005],[119.939223,26.147937],[119.939593,26.147535],[119.939722,26.147367],[119.939784,26.147265],[119.939864,26.147123],[119.940041,26.146545],[119.940151,26.14635],[119.940259,26.146184],[119.940495,26.145948],[119.940634,26.145852],[119.940715,26.145838],[119.9408,26.145842],[119.940886,26.145972],[119.940881,26.146184],[119.940838,26.14643],[119.940849,26.14655],[119.941262,26.147041],[119.941385,26.147157],[119.941804,26.147335],[119.941873,26.147489],[119.941857,26.14812],[119.941922,26.148366],[119.942013,26.148554],[119.942131,26.148814],[119.942195,26.149122],[119.942233,26.149382],[119.942211,26.149497],[119.941943,26.150133],[119.941814,26.150359],[119.941793,26.150475],[119.941798,26.150629],[119.941873,26.150802],[119.942115,26.151274],[119.942222,26.151443],[119.942726,26.151693],[119.942823,26.151809],[119.943112,26.151996],[119.943523,26.152131],[119.9444,26.152406],[119.944531,26.152442],[119.944714,26.1525],[119.944969,26.152603],[119.945062,26.152651],[119.945304,26.15287],[119.94543,26.153041],[119.945811,26.153581],[119.945862,26.153699],[119.945867,26.153805],[119.945813,26.153927],[119.945628,26.15418],[119.945594,26.154255],[119.945577,26.154416],[119.945663,26.154573],[119.945741,26.15464],[119.946495,26.155044],[119.946642,26.155208],[119.946725,26.155413],[119.946731,26.155589],[119.946717,26.155707],[119.946623,26.156186],[119.946632,26.156277],[119.946656,26.156369],[119.946688,26.156463],[119.94683,26.156956],[119.947071,26.157488],[119.947353,26.157946],[119.947578,26.15829],[119.947594,26.158415],[119.947581,26.158499],[119.947549,26.158576],[119.947474,26.158706],[119.947433,26.158767],[119.947409,26.15894],[119.94742,26.159178]]]]}},{"type":"Feature","properties":{"n":"坂山路","v":"北竿鄉","w":0,"c":0,"r":0},"geometry":{"type":"MultiPolygon","coordinates":[[[[118.754801,0.001084],[118.754801,0.001084],[118.754801,0.001084],[118.754801,0.001084]]]]}},{"type":"Feature","properties":{"n":"馬祖村","v":"南竿鄉","w":1,"c":1,"r":0},"geometry":{"type":"MultiPolygon","coordinates":[[[[119.919153,26.160923],[119.919178,26.160918],[119.919113,26.160714],[119.919111,26.160622],[119.919137,26.160543],[119.919204,26.160425],[119.919272,26.160405],[119.919473,26.160451],[119.919559,26.160434],[119.919559,26.160422],[119.919478,26.160439],[119.919269,26.160389],[119.918502,26.159235],[119.918472,26.159303],[119.918561,26.159455],[119.918869,26.159905],[119.919188,26.160418],[119.919119,26.16054],[119.919094,26.160622],[119.919092,26.160704],[119.919111,26.160779],[119.919143,26.16086],[119.919153,26.160923]]]]}},{"type":"Feature","properties":{"n":"中央大道01","v":"南竿鄉","w":3,"c":1.3,"r":2},"geometry":{"type":"MultiPolygon","coordinates":[[[[119.952183,26.160845],[119.952188,26.160864],[119.952467,26.160734],[119.952987,26.160327],[119.953129,26.16019],[119.953331,26.159795],[119.953392,26.159689],[119.953451,26.159626],[119.953604,26.159439],[119.953674,26.159313],[119.953703,26.159181],[119.953712,26.159097],[119.953709,26.159008],[119.953602,26.158635],[119.953596,26.158471],[119.95361,26.15837],[119.953698,26.158086],[119.953744,26.157989],[119.95391,26.15783],[119.95409,26.157741],[119.954084,26.157725],[119.953915,26.157816],[119.953835,26.157879],[119.953738,26.157975],[119.953687,26.158071],[119.953618,26.15829],[119.953591,26.158406],[119.95358,26.1585],[119.953585,26.158623],[119.953604,26.158702],[119.953669,26.158902],[119.953693,26.15901],[119.95369,26.159176],[119.953663,26.159297],[119.953593,26.159427],[119.953374,26.159694],[119.953288,26.159838],[119.953164,26.160101],[119.953121,26.160183],[119.953046,26.160245],[119.952974,26.160322],[119.952464,26.160719],[119.95237,26.16076],[119.952183,26.160845]]]]}},{"type":"Feature","properties":{"n":"北竿大道","v":"北竿鄉","w":1.2,"c":1.2,"r":0},"geometry":{"type":"MultiPolygon","coordinates":[[[[119.971958,26.212878],[119.972304,26.213263],[119.973205,26.214392],[119.973436,26.214666],[119.973463,26.214664],[119.973146,26.214284],[119.972559,26.213555],[119.972371,26.213314],[119.972226,26.213146],[119.971974,26.212871],[119.971958,26.212878]]]]}},{"type":"Feature","properties":{"n":"午沙路","v":"北竿鄉","w":1.5,"c":1.5,"r":0},"geometry":{"type":"MultiPolygon","coordinates":[[[[119.989967,26.21909],[119.989943,26.219044],[119.989742,26.218974],[119.989447,26.218883],[119.989447,26.218897],[119.989744,26.218986],[119.989932,26.219058],[119.989956,26.219094],[119.989967,26.21909]]]]}},{"type":"Feature","properties":{"n":"中山路","v":"北竿鄉","w":0.9,"c":0.9,"r":0},"geometry":{"type":"MultiPolygon","coordinates":[[[[119.997044,26.222549],[119.997452,26.222837],[119.997468,26.222828],[119.99706,26.222544],[119.99706,26.222549],[119.997044,26.222549]]]]}},{"type":"Feature","properties":{"n":"中山路","v":"北竿鄉","w":1.2,"c":1.2,"r":0},"geometry":{"type":"MultiPolygon","coordinates":[[[[119.998466,26.223716],[119.998053,26.223391],[119.997446,26.222939],[119.997438,26.222951],[119.998058,26.223413],[119.998458,26.223725],[119.998466,26.223716]]]]}},{"type":"Feature","properties":{"n":"中山路","v":"北竿鄉","w":1.2,"c":1.2,"r":0},"geometry":{"type":"MultiPolygon","coordinates":[[[[119.997394,26.222907],[119.997062,26.222671],[119.997003,26.222668],[119.996965,26.222685],[119.996971,26.222692],[119.997014,26.222678],[119.997059,26.22268],[119.997389,26.222916],[119.997394,26.222907]]]]}},{"type":"Feature","properties":{"n":"四維路支線","v":"南竿鄉","w":0.8,"c":0.8,"r":0},"geometry":{"type":"MultiPolygon","coordinates":[[[[119.919084,26.172161],[119.918406,26.171764],[119.918145,26.171694],[119.917837,26.171566],[119.917647,26.171405],[119.917435,26.171196],[119.917247,26.170883],[119.917172,26.170699],[119.917132,26.170448],[119.917164,26.170258],[119.917202,26.170083],[119.917215,26.169871],[119.917207,26.169724],[119.917374,26.169717],[119.917685,26.169719],[119.917888,26.169794],[119.918111,26.169986],[119.918119,26.169957],[119.917891,26.169772],[119.917671,26.169705],[119.917178,26.169707],[119.917194,26.17008],[119.917116,26.170451],[119.917156,26.170694],[119.917208,26.170856],[119.91742,26.171205],[119.917817,26.171576],[119.91812,26.171704],[119.918403,26.17178],[119.919068,26.172168],[119.919084,26.172161]]]]}},{"type":"Feature","properties":{"n":"濱海大道03","v":"南竿鄉","w":1,"c":1,"r":0},"geometry":{"type":"MultiPolygon","coordinates":[[[[119.937637,26.153201],[119.937651,26.153182],[119.937377,26.153115],[119.936865,26.153021],[119.93669,26.152968],[119.936497,26.152936],[119.936417,26.152939],[119.936092,26.153095],[119.935972,26.153213],[119.935872,26.15335],[119.93566,26.153902],[119.93554,26.154256],[119.93554,26.154754],[119.935564,26.155929],[119.935596,26.157087],[119.935609,26.158173],[119.935593,26.158247],[119.935475,26.158418],[119.935339,26.15851],[119.935212,26.158531],[119.934748,26.158556],[119.933568,26.158563],[119.933566,26.158584],[119.934585,26.158572],[119.935196,26.158548],[119.935344,26.158524],[119.935414,26.158488],[119.935499,26.158428],[119.935545,26.15837],[119.935636,26.158209],[119.935626,26.157414],[119.935556,26.154496],[119.935556,26.154265],[119.935792,26.153606],[119.935883,26.153379],[119.935969,26.15324],[119.936092,26.153119],[119.936409,26.15296],[119.936489,26.152956],[119.936677,26.152985],[119.936838,26.153033],[119.937122,26.15309],[119.937385,26.153134],[119.937637,26.153201]]]]}},{"type":"Feature","properties":{"n":"仁愛示範住宅道路","v":"南竿鄉","w":1.2,"c":1.2,"r":6},"geometry":{"type":"MultiPolygon","coordinates":[[[[119.928395,26.144732],[119.928413,26.144701],[119.928295,26.14465],[119.928212,26.144621],[119.928092,26.144617],[119.927987,26.144655],[119.927823,26.144747],[119.927673,26.144874],[119.927566,26.145048],[119.927467,26.145194],[119.927451,26.145264],[119.927467,26.145409],[119.927547,26.145522],[119.927788,26.145698],[119.928025,26.145878],[119.928134,26.145938],[119.928322,26.145994],[119.928408,26.146011],[119.928499,26.146013],[119.928499,26.145989],[119.9284,26.145991],[119.928333,26.145977],[119.928244,26.145946],[119.928151,26.145922],[119.928054,26.145866],[119.927888,26.145739],[119.92759,26.145529],[119.927493,26.145392],[119.927483,26.14524],[119.927544,26.145125],[119.927703,26.144893],[119.927794,26.144814],[119.928006,26.144667],[119.928102,26.144636],[119.928196,26.144641],[119.928293,26.144684],[119.928395,26.144732]]]]}},{"type":"Feature","properties":{"n":"26據點海角藝瑀週邊道路","v":"南竿鄉","w":0.9,"c":0.9,"r":null},"geometry":{"type":"MultiPolygon","coordinates":[[[[119.954121,26.154541],[119.954127,26.154433],[119.954097,26.154293],[119.954105,26.154187],[119.954035,26.153862],[119.953955,26.153624],[119.953933,26.153533],[119.953928,26.153472],[119.953939,26.153417],[119.953971,26.15334],[119.954009,26.153297],[119.954065,26.153246],[119.954124,26.153196],[119.954175,26.153159],[119.954212,26.153106],[119.954228,26.153073],[119.954279,26.153032],[119.954486,26.152943],[119.95455,26.152907],[119.954615,26.152846],[119.954671,26.152774],[119.954762,26.152586],[119.954802,26.152449],[119.954821,26.152343],[119.954824,26.152242],[119.954821,26.152141],[119.95481,26.152086],[119.954735,26.151847],[119.954725,26.151787],[119.954727,26.151708],[119.954738,26.151652],[119.954802,26.151503],[119.954778,26.151496],[119.954717,26.151628],[119.95469,26.151741],[119.954692,26.151828],[119.95473,26.151905],[119.954768,26.15203],[119.9548,26.152177],[119.954797,26.152319],[119.954784,26.152408],[119.954727,26.152584],[119.954682,26.15268],[119.954633,26.152755],[119.954553,26.152851],[119.954502,26.15289],[119.954416,26.152933],[119.954218,26.153022],[119.954086,26.153191],[119.954059,26.153208],[119.953968,26.153285],[119.953931,26.153338],[119.953907,26.153395],[119.953893,26.15347],[119.953893,26.15353],[119.953998,26.153911],[119.954057,26.154202],[119.954043,26.154267],[119.954076,26.15452],[119.954051,26.154541],[119.9541,26.154592],[119.95414,26.154565],[119.954121,26.154541]]]]}},{"type":"Feature","properties":{"n":"東莒-福正村巷道","v":"莒光鄉","w":1.2,"c":1.2,"r":4},"geometry":{"type":"MultiPolygon","coordinates":[[[[119.981749,25.966167],[119.981827,25.966211],[119.982286,25.965996],[119.982366,25.965977],[119.982455,25.966018],[119.982594,25.966071],[119.98272,25.966129],[119.982892,25.966225],[119.982983,25.966307],[119.983058,25.966401],[119.983147,25.966563],[119.98327,25.96676],[119.983305,25.966727],[119.983283,25.966683],[119.983088,25.96635],[119.98297,25.966227],[119.982913,25.966182],[119.982758,25.966095],[119.982742,25.966042],[119.982758,25.965813],[119.982795,25.965789],[119.982693,25.965762],[119.982677,25.966001],[119.98265,25.966044],[119.982404,25.965943],[119.982326,25.965938],[119.981749,25.966167]]]]}},{"type":"Feature","properties":{"n":"東莒-燈塔路","v":"莒光鄉","w":1.6,"c":1.6,"r":11},"geometry":{"type":"MultiPolygon","coordinates":[[[[119.986293,25.968704],[119.986266,25.968704],[119.986228,25.968858],[119.986151,25.969032],[119.986092,25.969143],[119.986014,25.969191],[119.985933,25.96922],[119.985815,25.969232],[119.985719,25.969249],[119.985598,25.969295],[119.98548,25.969348],[119.985341,25.969423],[119.985239,25.969517],[119.985045,25.969731],[119.98497,25.969799],[119.984866,25.969847],[119.984654,25.969929],[119.984477,25.969972],[119.98441,25.969955],[119.984345,25.969931],[119.984343,25.96991],[119.984294,25.969941],[119.984327,25.969965],[119.98441,25.969992],[119.984488,25.969996],[119.984643,25.96996],[119.984973,25.96983],[119.985166,25.969628],[119.985389,25.969425],[119.985617,25.969309],[119.985821,25.969263],[119.98596,25.969239],[119.986049,25.96921],[119.98611,25.969169],[119.986159,25.969092],[119.986282,25.968805],[119.986293,25.968704]]]]}},{"type":"Feature","properties":{"n":"西莒-中央路(85高地至靶場岔路)","v":"莒光鄉","w":1.5,"c":1.5,"r":3},"geometry":{"type":"MultiPolygon","coordinates":[[[[119.941027,25.97867],[119.941295,25.978674],[119.941612,25.978706],[119.94199,25.97872],[119.942186,25.978723],[119.942339,25.97874],[119.94288,25.978834],[119.943135,25.978855],[119.943342,25.978807],[119.943615,25.978756],[119.943656,25.978718],[119.94357,25.978713],[119.943194,25.978797],[119.943087,25.978805],[119.942856,25.978788],[119.942489,25.978725],[119.942392,25.978699],[119.942282,25.978684],[119.941601,25.978662],[119.941137,25.978624],[119.941086,25.978602],[119.941016,25.978551],[119.941027,25.97867]]]]}},{"type":"Feature","properties":{"n":"西莒-中央路(靶場岔路至14哨)","v":"莒光鄉","w":1.5,"c":1.5,"r":4},"geometry":{"type":"MultiPolygon","coordinates":[[[[119.943806,25.978735],[119.943808,25.978737],[119.943851,25.978537],[119.943892,25.978467],[119.943908,25.978356],[119.943862,25.978048],[119.943776,25.977667],[119.94376,25.977575],[119.94376,25.977522],[119.943822,25.977363],[119.943873,25.977252],[119.943886,25.977189],[119.943886,25.977061],[119.943881,25.976984],[119.943857,25.976847],[119.9438,25.976719],[119.943766,25.976615],[119.943685,25.976545],[119.943626,25.976502],[119.943546,25.976466],[119.943487,25.976456],[119.94343,25.976449],[119.943363,25.976471],[119.943272,25.976516],[119.943205,25.976538],[119.943017,25.976512],[119.942854,25.976483],[119.942792,25.97643],[119.942741,25.976364],[119.942666,25.976227],[119.942639,25.976196],[119.942591,25.976157],[119.942537,25.97614],[119.942449,25.976128],[119.942368,25.976126],[119.942341,25.976169],[119.942422,25.976157],[119.942473,25.97616],[119.94258,25.976184],[119.942618,25.976227],[119.942669,25.976321],[119.942733,25.976418],[119.942773,25.976466],[119.94284,25.9765],[119.943106,25.97656],[119.943167,25.976562],[119.943243,25.976553],[119.943361,25.976512],[119.943452,25.976516],[119.943556,25.976514],[119.943672,25.976591],[119.943725,25.976661],[119.943771,25.976801],[119.943811,25.976996],[119.943817,25.977163],[119.943774,25.977302],[119.943707,25.977437],[119.943682,25.977515],[119.94369,25.977592],[119.943817,25.978101],[119.943843,25.978339],[119.943835,25.978472],[119.943795,25.978571],[119.943656,25.978713],[119.943806,25.978735]]]]}},{"type":"Feature","properties":{"n":"西莒-中央路(85高地經觀測所至西坵)","v":"莒光鄉","w":1.2,"c":1.2,"r":19},"geometry":{"type":"MultiPolygon","coordinates":[[[[119.940936,25.978701],[119.940952,25.978638],[119.940879,25.978593],[119.940767,25.978486],[119.940603,25.978426],[119.940238,25.978209],[119.94015,25.978166],[119.939522,25.97819],[119.939434,25.97818],[119.939275,25.978289],[119.939189,25.978368],[119.938792,25.978638],[119.938605,25.978831],[119.938492,25.978954],[119.938371,25.979065],[119.938205,25.979142],[119.9378,25.979311],[119.937357,25.979405],[119.937079,25.97947],[119.936716,25.979564],[119.93666,25.979564],[119.936566,25.97954],[119.936403,25.97941],[119.936204,25.979241],[119.936116,25.979181],[119.935603,25.979015],[119.935467,25.978933],[119.93537,25.978858],[119.935005,25.978658],[119.934724,25.978486],[119.934442,25.978272],[119.934367,25.978226],[119.934257,25.978212],[119.934002,25.978192],[119.933728,25.978154],[119.933589,25.978122],[119.933278,25.978105],[119.933149,25.978074],[119.933042,25.97804],[119.93269,25.977997],[119.932465,25.977963],[119.932379,25.977934],[119.932226,25.977826],[119.93213,25.977727],[119.931902,25.977575],[119.931679,25.977435],[119.931435,25.977363],[119.931293,25.977315],[119.931221,25.977278],[119.930952,25.977172],[119.930832,25.977119],[119.93077,25.977061],[119.930448,25.976709],[119.930335,25.976598],[119.930177,25.97641],[119.930175,25.976287],[119.930215,25.976157],[119.930298,25.976015],[119.930378,25.975933],[119.930494,25.975894],[119.930585,25.97588],[119.930901,25.975846],[119.931143,25.975793],[119.931331,25.97573],[119.931931,25.975451],[119.932344,25.975231],[119.932417,25.975152],[119.932465,25.975046],[119.932374,25.975005],[119.93235,25.975132],[119.93231,25.975181],[119.932079,25.975306],[119.93173,25.975487],[119.931424,25.975622],[119.931277,25.975697],[119.931022,25.975759],[119.930462,25.975834],[119.930338,25.975882],[119.930236,25.975991],[119.930148,25.976128],[119.930121,25.976196],[119.930073,25.976278],[119.930129,25.976449],[119.930132,25.9765],[119.930282,25.976654],[119.930333,25.976666],[119.930625,25.976992],[119.930724,25.97711],[119.930799,25.977172],[119.930877,25.977213],[119.931111,25.977305],[119.931207,25.977353],[119.931623,25.977474],[119.931685,25.977508],[119.931803,25.977589],[119.931945,25.977674],[119.932103,25.977782],[119.932213,25.977891],[119.932326,25.977978],[119.932438,25.978033],[119.932556,25.978057],[119.933018,25.978103],[119.933264,25.978161],[119.933822,25.978231],[119.934048,25.978253],[119.93426,25.978267],[119.934367,25.978301],[119.934509,25.978392],[119.934729,25.978564],[119.934914,25.978679],[119.935075,25.978761],[119.935308,25.978901],[119.935496,25.979031],[119.935684,25.979099],[119.935995,25.979193],[119.936083,25.979234],[119.93615,25.979277],[119.936212,25.979326],[119.936429,25.979516],[119.936518,25.979579],[119.936588,25.979617],[119.936649,25.979622],[119.936733,25.979617],[119.937148,25.979514],[119.937746,25.979391],[119.938213,25.979198],[119.938379,25.979113],[119.938519,25.978998],[119.938868,25.978658],[119.939246,25.978407],[119.939332,25.978332],[119.939479,25.97825],[119.939611,25.978238],[119.939785,25.978238],[119.940053,25.978226],[119.940147,25.978233],[119.940265,25.978294],[119.940496,25.978433],[119.94071,25.978552],[119.940936,25.978701]]]]}},{"type":"Feature","properties":{"n":"西莒-環島路(觀測所至自來水廠)","v":"莒光鄉","w":1.2,"c":1.2,"r":2},"geometry":{"type":"MultiPolygon","coordinates":[[[[119.92857,25.978794],[119.928688,25.978726],[119.92894,25.978688],[119.92923,25.97863],[119.929638,25.97837],[119.92974,25.978191],[119.930105,25.977714],[119.93018,25.97755],[119.930196,25.977381],[119.930083,25.977034],[119.930088,25.976913],[119.930174,25.97673],[119.930217,25.976677],[119.930276,25.976655],[119.930169,25.976604],[119.930161,25.976653],[119.930105,25.976747],[119.930011,25.976957],[119.930006,25.977002],[119.930011,25.977067],[119.930094,25.977309],[119.930116,25.977412],[119.930118,25.977456],[119.930113,25.977514],[119.930083,25.977593],[119.92996,25.977786],[119.92967,25.978174],[119.929547,25.978324],[119.929415,25.978439],[119.929332,25.978492],[119.929276,25.978519],[119.929115,25.978579],[119.928935,25.978618],[119.928769,25.978659],[119.928651,25.978695],[119.928565,25.978712],[119.92853,25.978743],[119.92857,25.978794]]]]}},{"type":"Feature","properties":{"n":"西莒-復國路(中華電信至有容路口)","v":"莒光鄉","w":1.2,"c":1.2,"r":4},"geometry":{"type":"MultiPolygon","coordinates":[[[[119.935221,25.972538],[119.935261,25.972449],[119.935298,25.972314],[119.935296,25.97221],[119.935229,25.972046],[119.93517,25.971921],[119.935159,25.971812],[119.935148,25.971373],[119.935135,25.971253],[119.935092,25.971036],[119.935022,25.9708],[119.934907,25.970681],[119.934963,25.970814],[119.935065,25.971222],[119.935086,25.971528],[119.9351,25.971875],[119.935178,25.972082],[119.935204,25.972174],[119.935223,25.972287],[119.935202,25.972406],[119.935127,25.972514],[119.935221,25.972538]]]]}},{"type":"Feature","properties":{"n":"西莒-有容路","v":"莒光鄉","w":1.2,"c":1.2,"r":6},"geometry":{"type":"MultiPolygon","coordinates":[[[[119.933255,25.974084],[119.933287,25.974132],[119.933477,25.974045],[119.933829,25.973833],[119.933974,25.973664],[119.934068,25.973529],[119.934196,25.973399],[119.934625,25.973021],[119.934883,25.972784],[119.934784,25.972712],[119.934786,25.972806],[119.934682,25.972905],[119.93433,25.973194],[119.934118,25.973392],[119.933968,25.973493],[119.933955,25.973568],[119.933815,25.973739],[119.933582,25.973908],[119.933413,25.973992],[119.933255,25.974084]]]]}},{"type":"Feature","properties":{"n":"西莒-建國路(田沃活動中心至85高地)","v":"莒光鄉","w":1.2,"c":1.2,"r":4},"geometry":{"type":"MultiPolygon","coordinates":[[[[119.940658,25.976493],[119.940599,25.976508],[119.940631,25.976585],[119.940899,25.977017],[119.94094,25.977125],[119.940985,25.977359],[119.940993,25.977443],[119.940988,25.977518],[119.940985,25.977733],[119.941031,25.978003],[119.941028,25.978104],[119.94102,25.978167],[119.940924,25.978389],[119.940907,25.978454],[119.940838,25.978487],[119.940779,25.978492],[119.940867,25.978579],[119.940875,25.978555],[119.940886,25.978545],[119.94091,25.978536],[119.940932,25.978533],[119.940974,25.978468],[119.940996,25.978379],[119.941092,25.97815],[119.941098,25.978102],[119.941047,25.977617],[119.941047,25.977535],[119.941055,25.977458],[119.941052,25.977417],[119.940988,25.977082],[119.94095,25.976964],[119.940899,25.976877],[119.940784,25.976722],[119.940658,25.976493]]]]}},{"type":"Feature","properties":{"n":"津沙路(入村段)","v":"南竿鄉","w":1.2,"c":1.2,"r":2},"geometry":{"type":"MultiPolygon","coordinates":[[[[119.914104,26.14746],[119.914045,26.147441],[119.913884,26.14729],[119.913811,26.147188],[119.913728,26.147051],[119.913624,26.146844],[119.913522,26.146632],[119.91338,26.146259],[119.913366,26.146266],[119.913412,26.146389],[119.913567,26.146762],[119.913739,26.147102],[119.913873,26.147302],[119.914042,26.147453],[119.914101,26.147477],[119.914104,26.14746]]]]}},{"type":"Feature","properties":{"n":"津板路","v":"南竿鄉","w":1.2,"c":1.2,"r":0},"geometry":{"type":"MultiPolygon","coordinates":[[[[119.914289,26.14437],[119.914257,26.144419],[119.914235,26.144472],[119.914214,26.144573],[119.914214,26.14463],[119.914278,26.144929],[119.914383,26.145295],[119.914418,26.145384],[119.914439,26.145411],[119.914624,26.14556],[119.914742,26.145683],[119.914863,26.145842],[119.915067,26.146032],[119.915244,26.146227],[119.915252,26.146222],[119.915083,26.146032],[119.914868,26.145827],[119.914753,26.145673],[119.91464,26.145562],[119.914442,26.145394],[119.914418,26.14535],[119.914367,26.145196],[119.914308,26.144982],[119.914224,26.144621],[119.914224,26.14458],[119.91424,26.144503],[119.914259,26.144445],[119.914297,26.144382],[119.914289,26.14437]]]]}},{"type":"Feature","properties":{"n":"官帽山路段","v":"南竿鄉","w":0.9,"c":0.9,"r":0},"geometry":{"type":"MultiPolygon","coordinates":[[[[119.926465,26.14087],[119.926486,26.140822],[119.926443,26.140802],[119.926234,26.140728],[119.926011,26.140704],[119.925853,26.140699],[119.925695,26.14066],[119.92547,26.140615],[119.925295,26.140591],[119.924965,26.140509],[119.924483,26.140403],[119.924472,26.140432],[119.924729,26.14048],[119.925255,26.140612],[119.925464,26.140646],[119.925606,26.140675],[119.925716,26.140716],[119.925818,26.14074],[119.926138,26.140745],[119.926202,26.140754],[119.92629,26.140776],[119.926392,26.140817],[119.926465,26.14087]]]]}},{"type":"Feature","properties":{"n":"福澳路","v":"南竿鄉","w":0.9,"c":0.9,"r":4},"geometry":{"type":"MultiPolygon","coordinates":[[[[119.947561,26.159536],[119.947569,26.159509],[119.94744,26.159468],[119.947373,26.159425],[119.947336,26.159389],[119.947279,26.159288],[119.94725,26.159223],[119.947199,26.159018],[119.947151,26.158946],[119.947113,26.1589],[119.947046,26.158837],[119.946904,26.15876],[119.946341,26.158508],[119.946145,26.158356],[119.946099,26.158344],[119.946078,26.158354],[119.945941,26.158305],[119.945911,26.158144],[119.945877,26.157886],[119.945818,26.157735],[119.945756,26.157624],[119.945673,26.157533],[119.945571,26.15747],[119.945488,26.157451],[119.945378,26.157441],[119.945217,26.157439],[119.945214,26.157456],[119.945346,26.157453],[119.945474,26.157463],[119.945523,26.157472],[119.945657,26.157537],[119.945756,26.157651],[119.945831,26.157805],[119.945871,26.157995],[119.945885,26.15813],[119.94593,26.158315],[119.946078,26.15837],[119.946107,26.158363],[119.946139,26.158378],[119.946325,26.158515],[119.94673,26.1587],[119.946971,26.158823],[119.947049,26.158874],[119.947113,26.158931],[119.947172,26.159016],[119.947186,26.159054],[119.947226,26.159223],[119.947263,26.159307],[119.947309,26.159386],[119.947349,26.159432],[119.947414,26.159475],[119.947561,26.159536]]]]}},{"type":"Feature","properties":{"n":"梅石介壽路02","v":"南竿鄉","w":0.9,"c":0.9,"r":4},"geometry":{"type":"MultiPolygon","coordinates":[[[[119.935551,26.147364],[119.935561,26.14735],[119.935462,26.147256],[119.935411,26.147215],[119.93529,26.147157],[119.935189,26.147083],[119.935162,26.147068],[119.935033,26.147023],[119.934974,26.147015],[119.934915,26.147037],[119.934859,26.147051],[119.934826,26.147068],[119.934754,26.147162],[119.934684,26.14723],[119.934628,26.147304],[119.93455,26.14768],[119.934534,26.14774],[119.934365,26.148048],[119.934309,26.14814],[119.934242,26.148222],[119.934196,26.148376],[119.934183,26.148453],[119.934185,26.14853],[119.934199,26.148527],[119.934193,26.148503],[119.934199,26.148436],[119.934244,26.14826],[119.934266,26.148212],[119.934333,26.14813],[119.934408,26.148],[119.934556,26.147726],[119.934574,26.147612],[119.934639,26.147326],[119.934684,26.147251],[119.934708,26.147222],[119.934783,26.147155],[119.934837,26.14708],[119.934864,26.147061],[119.934918,26.147049],[119.934974,26.147027],[119.93502,26.147032],[119.935151,26.147078],[119.935274,26.147165],[119.935403,26.147227],[119.935476,26.147283],[119.935551,26.147364]]]]}},{"type":"Feature","properties":{"n":"濱海大道02","v":"南竿鄉","w":1.5,"c":1.5,"r":2},"geometry":{"type":"MultiPolygon","coordinates":[[[[119.937702,26.152922],[119.937707,26.152985],[119.937696,26.153023],[119.937672,26.153047],[119.937069,26.152987],[119.937069,26.153006],[119.937683,26.153064],[119.937712,26.153035],[119.937723,26.153016],[119.93772,26.152932],[119.937702,26.152922]]]]}},{"type":"Feature","properties":{"n":"濱海大道04","v":"南竿鄉","w":0.9,"c":0.9,"r":null},"geometry":{"type":"MultiPolygon","coordinates":[[[[119.935424,26.153545],[119.935296,26.153842],[119.935255,26.153914],[119.935159,26.154053],[119.935033,26.154212],[119.934939,26.15428],[119.93411,26.15474],[119.933946,26.154872],[119.933893,26.154923],[119.93385,26.15498],[119.933748,26.155231],[119.933708,26.155382],[119.933697,26.155604],[119.933708,26.156382],[119.933772,26.158202],[119.933764,26.158286],[119.933732,26.158368],[119.933681,26.158421],[119.9336,26.158462],[119.933617,26.158481],[119.933692,26.15843],[119.933743,26.158377],[119.933783,26.158298],[119.933788,26.158166],[119.933745,26.157005],[119.933713,26.15565],[119.933716,26.155433],[119.933724,26.155375],[119.933751,26.155262],[119.933799,26.155132],[119.933861,26.154985],[119.933912,26.154925],[119.934005,26.154841],[119.934124,26.154747],[119.934443,26.154574],[119.934963,26.15428],[119.935046,26.154215],[119.935207,26.154015],[119.935314,26.153844],[119.93544,26.15356],[119.935424,26.153545]]]]}},{"type":"Feature","properties":{"n":"濱海大道06","v":"南竿鄉","w":1.2,"c":1.2,"r":6},"geometry":{"type":"MultiPolygon","coordinates":[[[[119.927981,26.159355],[119.928279,26.159292],[119.928579,26.159194],[119.928708,26.159129],[119.928802,26.15908],[119.928896,26.158994],[119.928971,26.158912],[119.929051,26.158813],[119.929035,26.158799],[119.928915,26.15895],[119.928829,26.159032],[119.928663,26.159138],[119.928571,26.159179],[119.928276,26.159273],[119.927981,26.159343],[119.927981,26.159355]]]]}},{"type":"Feature","properties":{"n":"珠螺村往游泳池步道","v":"南竿鄉","w":3,"c":3,"r":0},"geometry":{"type":"MultiPolygon","coordinates":[[[[119.929812,26.16079],[119.929952,26.160787],[119.93011,26.160734],[119.93014,26.160705],[119.930156,26.160662],[119.930158,26.160619],[119.929909,26.160318],[119.92977,26.159986],[119.929708,26.159762],[119.929721,26.1594],[119.929729,26.159355],[119.929858,26.159167],[119.929874,26.159104],[119.929939,26.158924],[119.929896,26.158905],[119.929823,26.159136],[119.929689,26.159355],[119.929676,26.159752],[119.929729,26.159978],[119.929882,26.160332],[119.930121,26.160611],[119.930126,26.160652],[119.930102,26.160705],[119.929812,26.16079]]]]}},{"type":"Feature","properties":{"n":"中央大道03","v":"南竿鄉","w":1.2,"c":1.2,"r":8},"geometry":{"type":"MultiPolygon","coordinates":[[[[119.952018,26.16068],[119.951916,26.160772],[119.951739,26.160806],[119.951168,26.160801],[119.950634,26.160839],[119.950363,26.16082],[119.950194,26.160781],[119.949574,26.16055],[119.949043,26.1603],[119.948652,26.160122],[119.948552,26.160088],[119.948201,26.159992],[119.948003,26.159895],[119.94786,26.15978],[119.94778,26.159696],[119.947549,26.159349],[119.947533,26.159368],[119.947764,26.159698],[119.947893,26.159835],[119.948027,26.159922],[119.948212,26.160011],[119.948614,26.160119],[119.949194,26.160391],[119.949655,26.160601],[119.950213,26.160806],[119.950363,26.160837],[119.950594,26.160851],[119.950736,26.160851],[119.951162,26.160818],[119.951776,26.16082],[119.951932,26.160784],[119.952037,26.160695],[119.952018,26.16068]]]]}},{"type":"Feature","properties":{"n":"聚英路","v":"南竿鄉","w":1.2,"c":1.2,"r":0},"geometry":{"type":"MultiPolygon","coordinates":[[[[119.946916,26.156813],[119.946932,26.156835],[119.947034,26.156823],[119.947213,26.156787],[119.947632,26.15665],[119.948206,26.156382],[119.948439,26.1562],[119.948715,26.156074],[119.948898,26.156024],[119.948992,26.156024],[119.949158,26.156089],[119.94937,26.156281],[119.949448,26.156378],[119.949547,26.156486],[119.94963,26.15659],[119.94971,26.156676],[119.949845,26.15672],[119.949944,26.156664],[119.949997,26.156549],[119.950024,26.15646],[119.950067,26.156407],[119.950124,26.15639],[119.950177,26.156404],[119.950215,26.156428],[119.950271,26.156517],[119.950293,26.156594],[119.950247,26.156943],[119.950282,26.156982],[119.950293,26.156975],[119.95026,26.156931],[119.950279,26.156828],[119.950306,26.15659],[119.95029,26.156522],[119.950239,26.156435],[119.950207,26.156399],[119.950132,26.156378],[119.950078,26.156385],[119.95004,26.156404],[119.950008,26.156452],[119.949984,26.156537],[119.949933,26.156652],[119.949839,26.156703],[119.949724,26.156667],[119.949627,26.156565],[119.949558,26.156464],[119.949469,26.156378],[119.949378,26.156269],[119.949174,26.156082],[119.949104,26.15605],[119.948989,26.156009],[119.9489,26.156007],[119.94871,26.15606],[119.948439,26.156187],[119.948198,26.15637],[119.948088,26.156426],[119.94783,26.156539],[119.947629,26.156638],[119.947197,26.15677],[119.947023,26.156809],[119.946916,26.156813]]]]}},{"type":"Feature","properties":{"n":"勝利之路01","v":"南竿鄉","w":0.9,"c":0.9,"r":4},"geometry":{"type":"MultiPolygon","coordinates":[[[[119.949603,26.156332],[119.949531,26.156212],[119.949485,26.156122],[119.949434,26.156005],[119.94941,26.155899],[119.949356,26.155776],[119.94934,26.155713],[119.949343,26.155588],[119.949335,26.155535],[119.949287,26.155513],[119.948922,26.155482],[119.948753,26.155451],[119.94867,26.155441],[119.948522,26.155441],[119.948522,26.155458],[119.948667,26.155456],[119.948943,26.155499],[119.949268,26.155528],[119.949322,26.155549],[119.949324,26.155711],[119.949348,26.155802],[119.949394,26.155913],[119.949418,26.156009],[119.949493,26.15618],[119.949584,26.156337],[119.949603,26.156332]]]]}},{"type":"Feature","properties":{"n":"復興路01","v":"南竿鄉","w":1.2,"c":1.2,"r":2},"geometry":{"type":"MultiPolygon","coordinates":[[[[119.952074,26.161008],[119.952053,26.161001],[119.952045,26.161114],[119.95209,26.161258],[119.952037,26.161798],[119.952112,26.162161],[119.952131,26.162161],[119.952066,26.161887],[119.95205,26.161788],[119.952106,26.161258],[119.952069,26.161121],[119.952074,26.161008]]]]}}]}