{"type":"FeatureCollection","features":[{"type":"Feature","properties":{"n":"永貞路二段","v":"竹南鎮","w":2,"c":2,"r":4},"geometry":{"type":"MultiPolygon","coordinates":[[[[120.884187,24.689771],[120.885388,24.6898],[120.88542,24.688097],[120.884254,24.688119],[120.884205,24.688151],[120.884173,24.689742],[120.884189,24.689742],[120.884227,24.688163],[120.884259,24.688141],[120.885396,24.688114],[120.885364,24.689779],[120.884187,24.689749],[120.884187,24.689771]]]]}},{"type":"Feature","properties":{"n":"永貞路二段","v":"竹南鎮","w":2,"c":1.4,"r":4},"geometry":{"type":"MultiPolygon","coordinates":[[[[120.885619,24.691508],[120.886603,24.691516],[120.886638,24.691445],[120.886657,24.690648],[120.885646,24.690626],[120.885627,24.690646],[120.885606,24.691484],[120.88563,24.691479],[120.885651,24.69066],[120.885675,24.690648],[120.886633,24.69067],[120.886614,24.691447],[120.886582,24.691499],[120.885624,24.691484],[120.885619,24.691508]]]]}},{"type":"Feature","properties":{"n":"永貞路二段","v":"竹南鎮","w":2,"c":1,"r":2},"geometry":{"type":"MultiPolygon","coordinates":[[[[120.885725,24.690374],[120.885658,24.690315],[120.885688,24.687423],[120.885669,24.687427],[120.885624,24.690379],[120.885725,24.690374]]]]}},{"type":"Feature","properties":{"n":"環市路二段","v":"竹南鎮","w":8,"c":5,"r":20},"geometry":{"type":"MultiPolygon","coordinates":[[[[120.870061,24.687709],[120.87005,24.687692],[120.869715,24.686854],[120.869592,24.686488],[120.869417,24.685823],[120.86934,24.68533],[120.869294,24.684765],[120.869286,24.684412],[120.869334,24.683271],[120.869412,24.682033],[120.869329,24.682072],[120.869281,24.682935],[120.869216,24.68389],[120.86919,24.684543],[120.869227,24.685099],[120.869289,24.685625],[120.86935,24.685971],[120.869493,24.686505],[120.869613,24.686858],[120.869941,24.687668],[120.870002,24.687709],[120.870061,24.687709]]]]}},{"type":"Feature","properties":{"n":"環市路三段","v":"竹南鎮","w":8,"c":5,"r":10},"geometry":{"type":"MultiPolygon","coordinates":[[[[120.87321,24.691446],[120.872641,24.69109],[120.871797,24.690437],[120.871676,24.690317],[120.871228,24.689845],[120.870742,24.689184],[120.870563,24.688853],[120.870117,24.687873],[120.870085,24.687892],[120.870061,24.687936],[120.870155,24.688141],[120.870343,24.688585],[120.870485,24.688882],[120.870675,24.689221],[120.870944,24.689628],[120.871121,24.689866],[120.87141,24.690195],[120.871673,24.690456],[120.871933,24.690676],[120.872582,24.691161],[120.8731,24.691482],[120.873151,24.691475],[120.87321,24.691446]]]]}},{"type":"Feature","properties":{"n":"環市路三段","v":"竹南鎮","w":8,"c":5,"r":5},"geometry":{"type":"MultiPolygon","coordinates":[[[[120.873352,24.69151],[120.873344,24.691583],[120.873403,24.691622],[120.874285,24.691968],[120.875079,24.692182],[120.877431,24.692628],[120.880878,24.69332],[120.880929,24.693262],[120.878663,24.692821],[120.876554,24.692394],[120.875007,24.692102],[120.874492,24.691941],[120.873352,24.69151]]]]}},{"type":"Feature","properties":{"n":"中正路","v":"竹南鎮","w":0,"c":2,"r":4},"geometry":{"type":"MultiPolygon","coordinates":[[[[120.871347,24.683566],[120.869346,24.683437],[120.869341,24.683503],[120.871355,24.68363],[120.871347,24.683566]]]]}},{"type":"Feature","properties":{"n":"公園路","v":"竹南鎮","w":0,"c":2,"r":4},"geometry":{"type":"MultiPolygon","coordinates":[[[[120.89292,24.688896],[120.892866,24.688889],[120.892847,24.690558],[120.886946,24.690427],[120.885621,24.690385],[120.885646,24.690431],[120.892866,24.690619],[120.892898,24.690561],[120.89292,24.688896]]]]}},{"type":"Feature","properties":{"n":"台一己","v":"竹南鎮","w":3,"c":3,"r":2},"geometry":{"type":"MultiPolygon","coordinates":[[[[120.882133,24.671391],[120.882128,24.671361],[120.880626,24.671729],[120.879041,24.672127],[120.877829,24.672361],[120.877051,24.672473],[120.875948,24.672526],[120.875353,24.672529],[120.874658,24.672485],[120.874001,24.672419],[120.873575,24.672363],[120.871906,24.671993],[120.870192,24.671412],[120.869135,24.67104],[120.867384,24.67054],[120.866732,24.670413],[120.865179,24.670211],[120.864619,24.670172],[120.863916,24.670155],[120.862645,24.670182],[120.861228,24.67033],[120.859737,24.670562],[120.858624,24.67083],[120.857814,24.671054],[120.856545,24.671473],[120.854898,24.6721],[120.853391,24.672794],[120.850285,24.674286],[120.847144,24.675858],[120.844365,24.677201],[120.844397,24.677245],[120.847144,24.675912],[120.84855,24.6752],[120.851036,24.67397],[120.853595,24.672751],[120.855574,24.67189],[120.857135,24.671323],[120.857827,24.671089],[120.858535,24.670901],[120.859895,24.670579],[120.860341,24.670511],[120.86151,24.670348],[120.862468,24.670243],[120.863135,24.670221],[120.863798,24.670209],[120.86475,24.670236],[120.86644,24.670413],[120.867328,24.670574],[120.868953,24.671028],[120.871018,24.671752],[120.871874,24.672025],[120.87281,24.672254],[120.873481,24.672383],[120.874012,24.672463],[120.875018,24.672558],[120.876088,24.672561],[120.877182,24.672639],[120.876149,24.672558],[120.877246,24.6725],[120.878172,24.672346],[120.879014,24.672178],[120.880487,24.671808],[120.882142,24.671415],[120.882133,24.671391]]]]}},{"type":"Feature","properties":{"n":"環市路一段","v":"竹南鎮","w":3,"c":1.5,"r":2},"geometry":{"type":"MultiPolygon","coordinates":[[[[120.879113,24.682406],[120.879121,24.682345],[120.869433,24.681967],[120.869425,24.68205],[120.879103,24.682408],[120.879113,24.682406]]]]}},{"type":"Feature","properties":{"n":"環市路一段(東向)","v":"竹南鎮","w":3,"c":2,"r":10},"geometry":{"type":"MultiPolygon","coordinates":[[[[120.879294,24.682129],[120.879289,24.682139],[120.873857,24.681878],[120.871116,24.68179],[120.8693,24.681707],[120.869394,24.681783],[120.870392,24.681854],[120.875952,24.682068],[120.879286,24.682212],[120.879294,24.682129]]]]}},{"type":"Feature","properties":{"n":"環市路二段(南下)","v":"竹南鎮","w":8,"c":5,"r":20},"geometry":{"type":"MultiPolygon","coordinates":[[[[120.869025,24.68199],[120.868942,24.681968],[120.868856,24.683152],[120.868781,24.684444],[120.868854,24.68535],[120.868931,24.685867],[120.869087,24.686479],[120.869572,24.687812],[120.869688,24.687775],[120.86946,24.687246],[120.869186,24.686469],[120.869023,24.685843],[120.868939,24.68519],[120.868878,24.684412],[120.868918,24.683927],[120.868958,24.683218],[120.869025,24.68199]]]]}},{"type":"Feature","properties":{"n":"環市路三段(南下)","v":"竹南鎮","w":8,"c":5,"r":20},"geometry":{"type":"MultiPolygon","coordinates":[[[[120.872763,24.691765],[120.872841,24.691692],[120.872264,24.691314],[120.871621,24.690783],[120.870813,24.689937],[120.870499,24.689479],[120.870068,24.688677],[120.869756,24.687956],[120.869684,24.687978],[120.870041,24.688818],[120.870403,24.689491],[120.870717,24.689971],[120.871041,24.690329],[120.871492,24.690802],[120.871717,24.69099],[120.87216,24.691375],[120.872763,24.691765]]]]}},{"type":"Feature","properties":{"n":"民族路","v":"苗栗市","w":3.5,"c":2.5,"r":0},"geometry":{"type":"MultiPolygon","coordinates":[[[[120.813845,24.564398],[120.815609,24.563976],[120.815596,24.563928],[120.813832,24.564356],[120.813845,24.564398]]]]}},{"type":"Feature","properties":{"n":"府前路","v":"苗栗市","w":2.8,"c":2.8,"r":2},"geometry":{"type":"MultiPolygon","coordinates":[[[[120.820782,24.56411],[120.820796,24.564152],[120.82082,24.564147],[120.820493,24.562886],[120.820471,24.562905],[120.820782,24.56411]]]]}},{"type":"Feature","properties":{"n":"府前路","v":"苗栗市","w":3.6,"c":3.6,"r":2},"geometry":{"type":"MultiPolygon","coordinates":[[[[120.820297,24.564215],[120.820324,24.564215],[120.820051,24.562995],[120.820029,24.563005],[120.820297,24.564215]]]]}},{"type":"Feature","properties":{"n":"大同路","v":"苗栗市","w":3,"c":2,"r":5},"geometry":{"type":"MultiPolygon","coordinates":[[[[120.815428,24.554479],[120.815487,24.554479],[120.815272,24.552722],[120.815261,24.552225],[120.815272,24.552127],[120.815192,24.552127],[120.815235,24.552834],[120.815428,24.554352],[120.815428,24.554479]]]]}},{"type":"Feature","properties":{"n":"自治路","v":"苗栗市","w":2.7,"c":2.7,"r":0},"geometry":{"type":"MultiPolygon","coordinates":[[[[120.819794,24.565652],[120.820887,24.565384],[120.820881,24.565369],[120.819794,24.565636],[120.819794,24.565652]]]]}},{"type":"Feature","properties":{"n":"建功路","v":"苗栗市","w":2.5,"c":1.7,"r":3},"geometry":{"type":"MultiPolygon","coordinates":[[[[120.824129,24.563806],[120.824999,24.563764],[120.824999,24.563748],[120.824129,24.563792],[120.824129,24.563806]]]]}},{"type":"Feature","properties":{"n":"經國路","v":"苗栗市","w":3.3,"c":2.1,"r":0},"geometry":{"type":"MultiPolygon","coordinates":[[[[120.824583,24.593631],[120.82474,24.593774],[120.83117,24.590221],[120.834385,24.589102],[120.838489,24.587553],[120.840188,24.586767],[120.842254,24.585098],[120.843512,24.581564],[120.842946,24.575806],[120.842477,24.57473],[120.842324,24.572174],[120.840684,24.567371],[120.837949,24.561682],[120.835891,24.557332],[120.831877,24.551212],[120.827651,24.545904],[120.825045,24.543058],[120.821549,24.540498],[120.818053,24.53832],[120.815678,24.537051],[120.815573,24.537194],[120.817766,24.53832],[120.82134,24.540522],[120.824967,24.543154],[120.827939,24.546573],[120.831694,24.55126],[120.835578,24.557188],[120.836985,24.559889],[120.83774,24.561634],[120.838261,24.56259],[120.840527,24.567538],[120.842115,24.572174],[120.84232,24.574754],[120.842737,24.57571],[120.843383,24.581468],[120.842125,24.584954],[120.840242,24.586481],[120.838516,24.587435],[120.831172,24.590079],[120.824583,24.593631]]]]}},{"type":"Feature","properties":{"n":"中山路","v":"苗栗市","w":2.6,"c":1.6,"r":0},"geometry":{"type":"MultiPolygon","coordinates":[[[[120.82319,24.563735],[120.823061,24.563101],[120.822422,24.561936],[120.822396,24.56196],[120.823035,24.563113],[120.823164,24.563746],[120.82319,24.563735]]]]}},{"type":"Feature","properties":{"n":"經國路","v":"苗栗市","w":3.3,"c":2.1,"r":0},"geometry":{"type":"MultiPolygon","coordinates":[[[[120.824416,24.593722],[120.82282,24.59482],[120.820716,24.595558],[120.818769,24.595961],[120.817554,24.596139],[120.817136,24.596115],[120.816809,24.595995],[120.81634,24.595672],[120.816131,24.595349],[120.815272,24.59327],[120.815207,24.593293],[120.816079,24.595385],[120.8163,24.595719],[120.816744,24.596007],[120.817123,24.59615],[120.81758,24.596187],[120.818913,24.595985],[120.820768,24.595593],[120.822886,24.594867],[120.824442,24.593782],[120.824416,24.593722]]]]}},{"type":"Feature","properties":{"n":"國華路","v":"苗栗市","w":2,"c":1,"r":null},"geometry":{"type":"MultiPolygon","coordinates":[[[[120.820046,24.575313],[120.819028,24.575127],[120.818244,24.574875],[120.817265,24.574372],[120.816678,24.573971],[120.815961,24.573355],[120.815452,24.572805],[120.815068,24.572202],[120.815022,24.572202],[120.815419,24.572823],[120.815941,24.573379],[120.816652,24.574001],[120.817298,24.574426],[120.818192,24.574887],[120.819054,24.575163],[120.820046,24.575343],[120.820046,24.575313]]]]}},{"type":"Feature","properties":{"n":"國華路","v":"苗栗市","w":2,"c":1,"r":0},"geometry":{"type":"MultiPolygon","coordinates":[[[[120.813923,24.551837],[120.813944,24.551842],[120.813917,24.551129],[120.81389,24.551129],[120.813923,24.551837]]]]}},{"type":"Feature","properties":{"n":"英才路","v":"苗栗市","w":2,"c":1,"r":2},"geometry":{"type":"MultiPolygon","coordinates":[[[[120.820201,24.575164],[120.820254,24.575159],[120.820882,24.570934],[120.821131,24.56975],[120.821163,24.569028],[120.821077,24.569028],[120.821045,24.569779],[120.820884,24.570686],[120.820412,24.573856],[120.820251,24.574848],[120.820201,24.575164]]]]}},{"type":"Feature","properties":{"n":"英才路","v":"苗栗市","w":2,"c":1,"r":2},"geometry":{"type":"MultiPolygon","coordinates":[[[[120.820946,24.569412],[120.820999,24.568683],[120.82105,24.567883],[120.821061,24.567281],[120.821051,24.566851],[120.821016,24.566402],[120.82099,24.566223],[120.820845,24.565422],[120.820813,24.56543],[120.820976,24.566285],[120.820992,24.566404],[120.821023,24.566863],[120.821035,24.567362],[120.821026,24.567938],[120.820973,24.568695],[120.820915,24.569412],[120.820946,24.569412]]]]}},{"type":"Feature","properties":{"n":"國華路","v":"苗栗市","w":2,"c":1.7,"r":2},"geometry":{"type":"MultiPolygon","coordinates":[[[[120.824866,24.575745],[120.826899,24.575452],[120.827135,24.575408],[120.82793,24.575183],[120.829547,24.574432],[120.830663,24.57388],[120.831565,24.573513],[120.833264,24.573056],[120.83432,24.572812],[120.834272,24.572783],[120.831552,24.573485],[120.830607,24.57386],[120.827921,24.575145],[120.826895,24.575423],[120.824862,24.575701],[120.824866,24.575745]]]]}},{"type":"Feature","properties":{"n":"中正路","v":"苗栗市","w":4,"c":3,"r":6},"geometry":{"type":"MultiPolygon","coordinates":[[[[120.81631,24.547187],[120.816348,24.547184],[120.816439,24.546396],[120.816831,24.543856],[120.81678,24.543851],[120.816654,24.544632],[120.816303,24.547184],[120.81631,24.547187]]]]}},{"type":"Feature","properties":{"n":"英才路","v":"苗栗市","w":3,"c":3,"r":2},"geometry":{"type":"MultiPolygon","coordinates":[[[[120.818992,24.583473],[120.819057,24.583482],[120.819298,24.581848],[120.819665,24.579115],[120.819685,24.578725],[120.819659,24.578725],[120.819643,24.579115],[120.819496,24.580035],[120.819329,24.581338],[120.819238,24.581914],[120.818992,24.583473]]]]}},{"type":"Feature","properties":{"n":"經國路","v":"苗栗市","w":2,"c":2,"r":2},"geometry":{"type":"MultiPolygon","coordinates":[[[[120.834556,24.556158],[120.834648,24.556122],[120.833318,24.553971],[120.833253,24.554018],[120.834556,24.556158]]]]}},{"type":"Feature","properties":{"n":"玉清路","v":"苗栗市","w":0,"c":2,"r":2},"geometry":{"type":"MultiPolygon","coordinates":[[[[120.837656,24.561871],[120.83763,24.561812],[120.835971,24.562431],[120.836309,24.56322],[120.836388,24.563196],[120.836075,24.562455],[120.837656,24.561871]]]]}},{"type":"Feature","properties":{"n":"縣府路","v":"苗栗市","w":2,"c":1.4,"r":4},"geometry":{"type":"MultiPolygon","coordinates":[[[[120.81711,24.564406],[120.817456,24.565517],[120.818143,24.565354],[120.817821,24.564224],[120.817131,24.564402],[120.817142,24.564424],[120.817806,24.564245],[120.81812,24.565342],[120.817472,24.565497],[120.817129,24.564402],[120.81711,24.564406]]]]}},{"type":"Feature","properties":{"n":"蕉嶺街","v":"苗栗市","w":3,"c":2,"r":5},"geometry":{"type":"MultiPolygon","coordinates":[[[[120.816445,24.567776],[120.816533,24.569182],[120.817275,24.569129],[120.818507,24.569241],[120.818455,24.567644],[120.816467,24.567778],[120.816472,24.567797],[120.818429,24.567661],[120.818484,24.569221],[120.817275,24.569112],[120.816556,24.569159],[120.816464,24.567775],[120.816445,24.567776]]]]}},{"type":"Feature","properties":{"n":"啟賢街","v":"苗栗市","w":3,"c":3,"r":3},"geometry":{"type":"MultiPolygon","coordinates":[[[[120.826369,24.574179],[120.82704,24.574018],[120.828113,24.573672],[120.828274,24.57355],[120.828295,24.573306],[120.828236,24.57353],[120.827936,24.573706],[120.827034,24.574003],[120.826369,24.574164],[120.826369,24.574179]]]]}},{"type":"Feature","properties":{"n":"英才路","v":"苗栗市","w":4.5,"c":2.5,"r":10},"geometry":{"type":"MultiPolygon","coordinates":[[[[120.821087,24.568852],[120.821113,24.568857],[120.821199,24.56791],[120.821215,24.567095],[120.82121,24.566705],[120.821178,24.566412],[120.821135,24.566139],[120.821028,24.565588],[120.820985,24.565441],[120.820947,24.565471],[120.821183,24.56672],[120.821156,24.567691],[120.821181,24.567898],[120.821097,24.568681],[120.821087,24.568852]]]]}},{"type":"Feature","properties":{"n":"縣府路","v":"苗栗市","w":2.8,"c":2,"r":8},"geometry":{"type":"MultiPolygon","coordinates":[[[[120.820813,24.564159],[120.820856,24.564171],[120.821567,24.563993],[120.821593,24.563937],[120.821454,24.563461],[120.821296,24.562958],[120.821178,24.562861],[120.821038,24.562812],[120.820853,24.562807],[120.820692,24.562836],[120.820497,24.562892],[120.820499,24.562909],[120.820845,24.562829],[120.821041,24.562836],[120.821159,24.562875],[120.821272,24.562975],[120.821508,24.563746],[120.821572,24.563942],[120.821556,24.563981],[120.821553,24.563977],[120.820813,24.564159]]]]}},{"type":"Feature","properties":{"n":"府前路","v":"苗栗市","w":2,"c":1.4,"r":4},"geometry":{"type":"MultiPolygon","coordinates":[[[[120.820042,24.562902],[120.820234,24.562843],[120.819827,24.562164],[120.819661,24.561906],[120.819314,24.561514],[120.818998,24.561184],[120.81898,24.561205],[120.819295,24.561535],[120.819637,24.561915],[120.819759,24.562102],[120.820077,24.562633],[120.820197,24.562824],[120.820035,24.562883],[120.820042,24.562902]]]]}},{"type":"Feature","properties":{"n":"國華路","v":"苗栗市","w":2,"c":1,"r":6},"geometry":{"type":"MultiPolygon","coordinates":[[[[120.812088,24.569386],[120.812182,24.569342],[120.812344,24.569326],[120.814026,24.569368],[120.814183,24.569342],[120.814105,24.569056],[120.814051,24.568341],[120.814046,24.568093],[120.813942,24.568069],[120.81303,24.568099],[120.812925,24.568144],[120.811873,24.568164],[120.811874,24.568181],[120.81293,24.568158],[120.813032,24.568113],[120.813941,24.568083],[120.814025,24.568105],[120.81403,24.56836],[120.814089,24.569068],[120.814159,24.569328],[120.81402,24.569354],[120.812343,24.569309],[120.812181,24.569326],[120.812085,24.569368],[120.812088,24.569386]]]]}},{"type":"Feature","properties":{"n":"中正路","v":"通霄鎮","w":1.5,"c":1.5,"r":0},"geometry":{"type":"MultiPolygon","coordinates":[[[[120.678889,24.490997],[120.679269,24.490747],[120.679569,24.490568],[120.679765,24.490461],[120.680249,24.490331],[120.681372,24.490118],[120.681594,24.490107],[120.68222,24.490287],[120.682207,24.490239],[120.68162,24.490071],[120.681346,24.490082],[120.680236,24.490295],[120.679739,24.490413],[120.678877,24.490949],[120.678889,24.490997]]]]}},{"type":"Feature","properties":{"n":"海濱路","v":"通霄鎮","w":0,"c":1.5,"r":0},"geometry":{"type":"MultiPolygon","coordinates":[[[[120.678654,24.491187],[120.678667,24.491182],[120.67715,24.489602],[120.677137,24.489614],[120.678654,24.491187]]]]}},{"type":"Feature","properties":{"n":"海濱路","v":"通霄鎮","w":0,"c":1.5,"r":0},"geometry":{"type":"MultiPolygon","coordinates":[[[[120.678634,24.491199],[120.677111,24.489625],[120.677105,24.489631],[120.678621,24.491199],[120.678634,24.491199]]]]}},{"type":"Feature","properties":{"n":"中央路","v":"頭份鎮","w":20,"c":8,"r":10},"geometry":{"type":"MultiPolygon","coordinates":[[[[120.906679,24.687216],[120.90632,24.687757],[120.906087,24.688093],[120.90558,24.688654],[120.905169,24.689044],[120.904539,24.689606],[120.904164,24.689921],[120.902672,24.691193],[120.901878,24.691861],[120.900854,24.692524],[120.899802,24.693013],[120.89922,24.693228],[120.899228,24.693257],[120.899843,24.693028],[120.900725,24.692623],[120.901878,24.691887],[120.902951,24.690996],[120.904418,24.689753],[120.905196,24.68907],[120.905596,24.688683],[120.906111,24.688113],[120.906712,24.687233],[120.906693,24.687221],[120.906679,24.687216]]]]}},{"type":"Feature","properties":{"n":"中華路","v":"頭份鎮","w":0,"c":2,"r":104},"geometry":{"type":"MultiPolygon","coordinates":[[[[120.91798,24.697897],[120.918002,24.697885],[120.914668,24.693075],[120.914652,24.693085],[120.91798,24.697897]]]]}},{"type":"Feature","properties":{"n":"中興路","v":"頭份鎮","w":5,"c":3,"r":4},"geometry":{"type":"MultiPolygon","coordinates":[[[[120.902472,24.691323],[120.90247,24.691276],[120.900611,24.689899],[120.899978,24.689263],[120.899973,24.689285],[120.900597,24.689914],[120.902464,24.691313],[120.902472,24.691323]]]]}},{"type":"Feature","properties":{"n":"中興路","v":"頭份鎮","w":5,"c":3,"r":4},"geometry":{"type":"MultiPolygon","coordinates":[[[[120.900056,24.68909],[120.900547,24.689624],[120.901343,24.690204],[120.902671,24.691184],[120.902687,24.691162],[120.90056,24.689605],[120.900056,24.689056],[120.900056,24.68909]]]]}},{"type":"Feature","properties":{"n":"中興路","v":"頭份鎮","w":3.7,"c":2.5,"r":2},"geometry":{"type":"MultiPolygon","coordinates":[[[[120.91141,24.697546],[120.911477,24.697546],[120.909444,24.696059],[120.909428,24.696059],[120.909444,24.696106],[120.91141,24.697546]]]]}},{"type":"Feature","properties":{"n":"中興路","v":"頭份鎮","w":3.7,"c":2.5,"r":2},"geometry":{"type":"MultiPolygon","coordinates":[[[[120.91081,24.697386],[120.910834,24.697367],[120.90919,24.69619],[120.909169,24.696212],[120.91081,24.697386]]]]}},{"type":"Feature","properties":{"n":"中興路","v":"頭份鎮","w":3.7,"c":2.5,"r":2},"geometry":{"type":"MultiPolygon","coordinates":[[[[120.912804,24.698558],[120.912822,24.698531],[120.911554,24.697608],[120.91154,24.697644],[120.912804,24.698558]]]]}},{"type":"Feature","properties":{"n":"中興路","v":"頭份鎮","w":3.7,"c":2.5,"r":2},"geometry":{"type":"MultiPolygon","coordinates":[[[[120.912538,24.698632],[120.910864,24.697401],[120.91084,24.697423],[120.912508,24.698656],[120.912538,24.698632]]]]}},{"type":"Feature","properties":{"n":"中央路","v":"頭份鎮","w":8,"c":5,"r":20},"geometry":{"type":"MultiPolygon","coordinates":[[[[120.892837,24.694098],[120.885558,24.693923],[120.88556,24.693959],[120.889353,24.694042],[120.892835,24.69413],[120.892837,24.694098]]]]}},{"type":"Feature","properties":{"n":"中央路","v":"頭份鎮","w":8,"c":5,"r":20},"geometry":{"type":"MultiPolygon","coordinates":[[[[120.898955,24.693326],[120.898252,24.693555],[120.896696,24.69392],[120.895441,24.694105],[120.89477,24.69413],[120.893054,24.694105],[120.893054,24.694135],[120.894832,24.694147],[120.895441,24.694125],[120.896683,24.693947],[120.898268,24.693579],[120.898971,24.69336],[120.898952,24.693328],[120.898955,24.693326]]]]}},{"type":"Feature","properties":{"n":"三民街","v":"頭份鎮","w":3,"c":2.7,"r":0},"geometry":{"type":"MultiPolygon","coordinates":[[[[120.911738,24.695778],[120.911696,24.695771],[120.912203,24.696514],[120.911084,24.697152],[120.910717,24.69687],[120.9107,24.696874],[120.911087,24.697174],[120.911105,24.697157],[120.912216,24.696538],[120.912229,24.696489],[120.911738,24.695778]]]]}},{"type":"Feature","properties":{"n":"中興路","v":"頭份鎮","w":5,"c":3,"r":2},"geometry":{"type":"MultiPolygon","coordinates":[[[[120.909107,24.696112],[120.906213,24.693999],[120.906186,24.694021],[120.909083,24.696139],[120.909107,24.696112]]]]}},{"type":"Feature","properties":{"n":"中興路","v":"頭份鎮","w":5,"c":3,"r":2},"geometry":{"type":"MultiPolygon","coordinates":[[[[120.909249,24.695966],[120.909297,24.695956],[120.907701,24.694791],[120.906379,24.693833],[120.906355,24.693855],[120.909249,24.695966]]]]}},{"type":"Feature","properties":{"n":"中興路","v":"頭份鎮","w":5,"c":3,"r":2},"geometry":{"type":"MultiPolygon","coordinates":[[[[120.906076,24.693931],[120.90275,24.691499],[120.902718,24.691519],[120.903874,24.692369],[120.90606,24.693961],[120.906076,24.693931]]]]}},{"type":"Feature","properties":{"n":"中興路","v":"頭份鎮","w":5,"c":3,"r":2},"geometry":{"type":"MultiPolygon","coordinates":[[[[120.906279,24.693747],[120.904432,24.692495],[120.902906,24.691369],[120.90289,24.691391],[120.904424,24.692517],[120.906267,24.693772],[120.906279,24.693747]]]]}},{"type":"Feature","properties":{"n":"中央路","v":"頭份鎮","w":3,"c":2,"r":5},"geometry":{"type":"MultiPolygon","coordinates":[[[[120.900818,24.692533],[120.900851,24.692516],[120.900062,24.691565],[120.899713,24.69129],[120.900631,24.690103],[120.900609,24.690086],[120.899662,24.691302],[120.900041,24.691592],[120.900818,24.692533]]]]}},{"type":"Feature","properties":{"n":"建民街","v":"頭份鎮","w":2,"c":1,"r":4},"geometry":{"type":"MultiPolygon","coordinates":[[[[120.890569,24.698045],[120.891524,24.6976],[120.890882,24.696374],[120.889904,24.696817],[120.890312,24.697549],[120.890299,24.69758],[120.890528,24.697991],[120.890555,24.698022],[120.890573,24.698008],[120.890539,24.697974],[120.890327,24.697585],[120.890341,24.697546],[120.889936,24.696827],[120.89087,24.6964],[120.891494,24.69759],[120.89056,24.698029],[120.890569,24.698045]]]]}},{"type":"Feature","properties":{"n":"環市路3段","v":"竹南鎮","w":8,"c":5,"r":6},"geometry":{"type":"MultiPolygon","coordinates":[[[[120.885142,24.6943],[120.88516,24.694222],[120.882878,24.694027],[120.881306,24.693735],[120.881279,24.693798],[120.882875,24.694088],[120.885142,24.6943]]]]}},{"type":"Feature","properties":{"n":"博愛街","v":"竹南鎮","w":1.5,"c":1.5,"r":2},"geometry":{"type":"MultiPolygon","coordinates":[[[[120.867743,24.688446],[120.869731,24.687858],[120.869696,24.687783],[120.867717,24.688386],[120.867743,24.688446]]]]}},{"type":"Feature","properties":{"n":"海口國小","v":"竹南鎮","w":1.9,"c":1.1,"r":5},"geometry":{"type":"MultiPolygon","coordinates":[[[[120.860186,24.675789],[120.860208,24.67582],[120.861499,24.675132],[120.861887,24.675041],[120.862348,24.675857],[120.862439,24.675932],[120.862496,24.675888],[120.8624,24.675824],[120.861947,24.675012],[120.861869,24.674988],[120.861485,24.675087],[120.860178,24.675767],[120.860186,24.675789]]]]}},{"type":"Feature","properties":{"n":"開元路","v":"竹南鎮","w":2.5,"c":2.5,"r":4},"geometry":{"type":"MultiPolygon","coordinates":[[[[120.862663,24.678931],[120.86489,24.679042],[120.86489,24.67902],[120.862668,24.678894],[120.862663,24.678931]]]]}},{"type":"Feature","properties":{"n":"中山路1018巷(三山社區)","v":"苗栗市","w":2,"c":2,"r":null},"geometry":{"type":"MultiPolygon","coordinates":[[[[120.813805,24.551069],[120.813837,24.551071],[120.813834,24.551013],[120.813741,24.550984],[120.813293,24.55093],[120.813239,24.550915],[120.813006,24.550747],[120.812995,24.550764],[120.813234,24.55093],[120.813282,24.550947],[120.813762,24.551006],[120.813816,24.551028],[120.813805,24.551069]]]]}},{"type":"Feature","properties":{"n":"忠信路","v":"苑裡鎮","w":2,"c":2,"r":null},"geometry":{"type":"MultiPolygon","coordinates":[[[[120.647317,24.434189],[120.647301,24.434165],[120.646275,24.434645],[120.646278,24.434677],[120.647317,24.434189]]]]}},{"type":"Feature","properties":{"n":"正興路","v":"頭份鎮","w":3,"c":3,"r":null},"geometry":{"type":"MultiPolygon","coordinates":[[[[120.91665,24.681753],[120.916679,24.681764],[120.91646,24.680205],[120.916084,24.678384],[120.914929,24.676167],[120.914887,24.676184],[120.915336,24.676994],[120.916039,24.678413],[120.916335,24.679769],[120.91665,24.681753]]]]}},{"type":"Feature","properties":{"n":"中興路","v":"通霄鎮","w":0,"c":0,"r":1},"geometry":{"type":"MultiPolygon","coordinates":[[[[120.681734,24.492656],[120.682053,24.492652],[120.682603,24.492401],[120.682769,24.492256],[120.682995,24.492149],[120.682995,24.492133],[120.682769,24.492245],[120.682598,24.492382],[120.68205,24.492636],[120.681741,24.492642],[120.681734,24.492656]]]]}},{"type":"Feature","properties":{"n":"中山路","v":"苑裡鎮","w":2,"c":1.5,"r":null},"geometry":{"type":"MultiPolygon","coordinates":[[[[120.655776,24.44909],[120.655816,24.449084],[120.655241,24.448014],[120.654804,24.447405],[120.654777,24.447428],[120.655283,24.448153],[120.655776,24.44909]]]]}},{"type":"Feature","properties":{"n":"中正路一段","v":"苑裡鎮","w":3,"c":1.5,"r":null},"geometry":{"type":"MultiPolygon","coordinates":[[[[120.654475,24.439845],[120.65723,24.438812],[120.657223,24.438784],[120.65447,24.439817],[120.654475,24.439845]]]]}},{"type":"Feature","properties":{"n":"苗40線","v":"通霄鎮","w":2.5,"c":2.5,"r":6},"geometry":{"type":"MultiPolygon","coordinates":[[[[120.711523,24.443325],[120.710677,24.442386],[120.710658,24.44241],[120.711504,24.443337],[120.711517,24.443325],[120.711523,24.443325]]]]}},{"type":"Feature","properties":{"n":"坪頂國小前道路","v":"通霄鎮","w":1.7,"c":1.7,"r":null},"geometry":{"type":"MultiPolygon","coordinates":[[[[120.706538,24.446714],[120.706424,24.446539],[120.706344,24.446396],[120.70625,24.446195],[120.70618,24.446009],[120.70617,24.446016],[120.706258,24.446238],[120.70633,24.446391],[120.706427,24.446561],[120.706531,24.446719],[120.706541,24.446714],[120.706538,24.446714]]]]}},{"type":"Feature","properties":{"n":"通霄國中前旗山路一巷","v":"通霄鎮","w":1.5,"c":1.5,"r":null},"geometry":{"type":"MultiPolygon","coordinates":[[[[120.680029,24.491869],[120.680033,24.491873],[120.680027,24.491882],[120.680093,24.491916],[120.680607,24.491984],[120.680747,24.492058],[120.681188,24.492453],[120.681438,24.49258],[120.681718,24.492661],[120.681716,24.492694],[120.681755,24.49278],[120.681798,24.493134],[120.681837,24.493242],[120.68185,24.493237],[120.681811,24.493129],[120.681768,24.492778],[120.681729,24.492692],[120.681734,24.492649],[120.681431,24.492565],[120.681186,24.492435],[120.680754,24.49205],[120.680608,24.491971],[120.680091,24.491898],[120.680029,24.491869]]]]}},{"type":"Feature","properties":{"n":"新埔國小前海堤道路","v":"通霄鎮","w":2,"c":2,"r":null},"geometry":{"type":"MultiPolygon","coordinates":[[[[120.694674,24.54285],[120.694674,24.542844],[120.694694,24.542844],[120.694117,24.540997],[120.694091,24.541003],[120.694674,24.54285]]]]}},{"type":"Feature","properties":{"n":"啟明國小前門","v":"通霄鎮","w":1.35,"c":1.35,"r":6},"geometry":{"type":"MultiPolygon","coordinates":[[[[120.709999,24.558847],[120.709911,24.558849],[120.709817,24.558837],[120.709516,24.558765],[120.709412,24.558746],[120.708775,24.558723],[120.708683,24.558706],[120.708354,24.558581],[120.708349,24.5586],[120.708696,24.558728],[120.708806,24.55874],[120.709414,24.55876],[120.709819,24.558852],[120.709903,24.558861],[120.710005,24.558862],[120.710002,24.558845],[120.709999,24.558847]]]]}},{"type":"Feature","properties":{"n":"台一線","v":"通霄鎮","w":1.8,"c":1.8,"r":null},"geometry":{"type":"MultiPolygon","coordinates":[[[[120.707319,24.560326],[120.708665,24.562454],[120.708854,24.562717],[120.70918,24.563094],[120.709649,24.563597],[120.709948,24.563962],[120.710306,24.564494],[120.710502,24.564955],[120.711035,24.56624],[120.711516,24.567406],[120.71158,24.567579],[120.711613,24.567788],[120.711624,24.56832],[120.711657,24.568565],[120.711734,24.568828],[120.711786,24.568941],[120.711819,24.568917],[120.711754,24.56878],[120.711683,24.568547],[120.711657,24.568308],[120.711645,24.567806],[120.711613,24.567567],[120.711548,24.567394],[120.711107,24.566318],[120.710334,24.564459],[120.709982,24.563933],[120.709676,24.563574],[120.709071,24.562922],[120.708882,24.562695],[120.708673,24.562402],[120.70734,24.560309],[120.70732,24.560327],[120.707319,24.560326]]]]}},{"type":"Feature","properties":{"n":"啟新路","v":"通霄鎮","w":1.5,"c":1.5,"r":null},"geometry":{"type":"MultiPolygon","coordinates":[[[[120.709874,24.563867],[120.71028,24.56345],[120.710489,24.563313],[120.710725,24.56317],[120.710921,24.563033],[120.711117,24.562854],[120.711411,24.562765],[120.711725,24.562742],[120.712117,24.562576],[120.712346,24.562445],[120.712392,24.562361],[120.712457,24.562319],[120.712431,24.562296],[120.712359,24.562355],[120.71232,24.562427],[120.712156,24.562522],[120.712065,24.56257],[120.711731,24.562712],[120.711398,24.562736],[120.711098,24.56283],[120.710888,24.563021],[120.710712,24.56314],[120.710287,24.563408],[120.710215,24.563474],[120.709855,24.563843],[120.709868,24.563861],[120.709874,24.563867]]]]}},{"type":"Feature","properties":{"n":"忠貞路","v":"苗栗市","w":1,"c":1,"r":4},"geometry":{"type":"MultiPolygon","coordinates":[[[[120.813463,24.556311],[120.813463,24.556299],[120.813254,24.556368],[120.812763,24.556669],[120.812248,24.556873],[120.811748,24.557432],[120.81168,24.557494],[120.811369,24.557673],[120.811374,24.557684],[120.811683,24.557508],[120.811764,24.557437],[120.812038,24.557119],[120.812253,24.556885],[120.812765,24.55668],[120.813262,24.556375],[120.813463,24.556311]]]]}},{"type":"Feature","properties":{"n":"坪頂國小後方高鐵橋北側","v":"通霄鎮","w":1.5,"c":1.5,"r":2},"geometry":{"type":"MultiPolygon","coordinates":[[[[120.700789,24.447964],[120.70022,24.448066],[120.700225,24.448075],[120.700792,24.447971],[120.700786,24.447966],[120.700789,24.447964]]]]}},{"type":"Feature","properties":{"n":"坪頂國小後方高鐵橋南側","v":"通霄鎮","w":1.5,"c":1.5,"r":2},"geometry":{"type":"MultiPolygon","coordinates":[[[[120.700219,24.44805],[120.700788,24.447944],[120.700786,24.447934],[120.700217,24.448043],[120.700219,24.448052],[120.700219,24.44805]]]]}},{"type":"Feature","properties":{"n":"啟明國小後門","v":"通霄鎮","w":2,"c":2,"r":null},"geometry":{"type":"MultiPolygon","coordinates":[[[[120.707302,24.560323],[120.707511,24.560161],[120.707493,24.560137],[120.70755,24.560087],[120.707862,24.559904],[120.707914,24.559856],[120.70794,24.559744],[120.707961,24.559677],[120.707985,24.559644],[120.707969,24.559636],[120.707946,24.559677],[120.707901,24.559844],[120.707854,24.559887],[120.707535,24.560075],[120.707464,24.560132],[120.707485,24.560161],[120.707291,24.560311],[120.707299,24.560323],[120.707302,24.560323]]]]}},{"type":"Feature","properties":{"n":"中正路218巷","v":"卓蘭鎮","w":1.5,"c":1,"r":null},"geometry":{"type":"MultiPolygon","coordinates":[[[[120.823782,24.32033],[120.823697,24.318961],[120.823777,24.318243],[120.823799,24.317607],[120.823772,24.317607],[120.82375,24.318316],[120.823673,24.318968],[120.823766,24.320331],[120.823782,24.32033]]]]}},{"type":"Feature","properties":{"n":"仁愛路","v":"公館鄉","w":5,"c":5,"r":4},"geometry":{"type":"MultiPolygon","coordinates":[[[[120.823896,24.504141],[120.82391,24.504893],[120.823955,24.505071],[120.824022,24.505183],[120.824215,24.505322],[120.824352,24.505369],[120.825439,24.505396],[120.825436,24.505381],[120.824355,24.505354],[120.824213,24.50531],[120.824028,24.505173],[120.823974,24.505056],[120.823931,24.504893],[120.823915,24.504141],[120.823896,24.504141]]]]}},{"type":"Feature","properties":{"n":"光華路","v":"後龍鎮","w":2,"c":2,"r":1},"geometry":{"type":"MultiPolygon","coordinates":[[[[120.788553,24.611699],[120.785292,24.610806],[120.785286,24.610831],[120.788537,24.611728],[120.788548,24.611704],[120.788553,24.611699]]]]}},{"type":"Feature","properties":{"n":"車站街","v":"後龍鎮","w":1.5,"c":1.5,"r":3},"geometry":{"type":"MultiPolygon","coordinates":[[[[120.788653,24.617711],[120.788095,24.616814],[120.787558,24.616053],[120.787408,24.615951],[120.787279,24.616019],[120.787322,24.616058],[120.787414,24.615995],[120.787553,24.616087],[120.787993,24.616731],[120.788631,24.617721],[120.788653,24.617711]]]]}},{"type":"Feature","properties":{"n":"維真街","v":"後龍鎮","w":1,"c":1,"r":4},"geometry":{"type":"MultiPolygon","coordinates":[[[[120.794884,24.611757],[120.794845,24.611769],[120.795894,24.613526],[120.795946,24.613496],[120.794884,24.611757]]]]}},{"type":"Feature","properties":{"n":"建民街","v":"苗栗市","w":2,"c":2,"r":8},"geometry":{"type":"MultiPolygon","coordinates":[[[[120.824282,24.565814],[120.825669,24.56573],[120.825843,24.56485],[120.82581,24.564844],[120.825652,24.565691],[120.824281,24.565803],[120.824282,24.565814]]]]}},{"type":"Feature","properties":{"n":"建功路32巷","v":"苗栗市","w":1,"c":1,"r":8},"geometry":{"type":"MultiPolygon","coordinates":[[[[120.825805,24.564867],[120.825805,24.564857],[120.825075,24.564662],[120.824995,24.563735],[120.824968,24.56373],[120.825059,24.564681],[120.825805,24.564867]]]]}},{"type":"Feature","properties":{"n":"電台","v":"苗栗市","w":1,"c":1,"r":2},"geometry":{"type":"MultiPolygon","coordinates":[[[[120.811393,24.557683],[120.811686,24.557505],[120.811997,24.557173],[120.812207,24.556925],[120.812267,24.556882],[120.812614,24.556744],[120.81309,24.556479],[120.81326,24.556379],[120.813464,24.556308],[120.81326,24.556365],[120.812609,24.556729],[120.812248,24.55687],[120.812199,24.55691],[120.811675,24.557493],[120.811388,24.557676],[120.811393,24.557683]]]]}},{"type":"Feature","properties":{"n":"公園七街","v":"頭份鎮","w":2,"c":2,"r":2},"geometry":{"type":"MultiPolygon","coordinates":[[[[120.892055,24.69258],[120.892839,24.6926],[120.892852,24.692626],[120.892841,24.693248],[120.892817,24.693253],[120.892621,24.693253],[120.892624,24.693209],[120.892053,24.693182],[120.892058,24.693197],[120.89231,24.693214],[120.892332,24.693265],[120.892855,24.693275],[120.892884,24.693245],[120.8929,24.692624],[120.892882,24.69259],[120.892836,24.69258],[120.892058,24.692558],[120.892055,24.69258]]]]}},{"type":"Feature","properties":{"n":"信東路273巷","v":"頭份鎮","w":3.6,"c":2.25,"r":4},"geometry":{"type":"MultiPolygon","coordinates":[[[[120.906935,24.692302],[120.906933,24.692331],[120.907372,24.692589],[120.907196,24.692883],[120.906862,24.693251],[120.906372,24.693683],[120.906401,24.693704],[120.90688,24.693267],[120.907223,24.692893],[120.907411,24.692577],[120.906935,24.692302]]]]}},{"type":"Feature","properties":{"n":"新港六路","v":"後龍鎮","w":1,"c":1,"r":2},"geometry":{"type":"MultiPolygon","coordinates":[[[[120.821994,24.603578],[120.822042,24.603587],[120.822219,24.603353],[120.82385,24.602119],[120.823834,24.6021],[120.822154,24.603368],[120.822042,24.6035],[120.821994,24.603578]]]]}},{"type":"Feature","properties":{"n":"育才街","v":"苑裡鎮","w":1,"c":1,"r":2},"geometry":{"type":"MultiPolygon","coordinates":[[[[120.65659,24.44896],[120.656616,24.448953],[120.655756,24.447554],[120.655753,24.447577],[120.65659,24.44896]]]]}},{"type":"Feature","properties":{"n":"慈和街","v":"苑裡鎮","w":1,"c":1,"r":2},"geometry":{"type":"MultiPolygon","coordinates":[[[[120.655685,24.44752],[120.655695,24.447537],[120.656119,24.447302],[120.656271,24.447013],[120.656242,24.447008],[120.656103,24.447294],[120.655954,24.447368],[120.655685,24.44752]]]]}},{"type":"Feature","properties":{"n":"科專一路","v":"竹南鎮","w":2,"c":2,"r":2},"geometry":{"type":"MultiPolygon","coordinates":[[[[120.908317,24.713639],[120.908366,24.705934],[120.908323,24.705944],[120.90829,24.710028],[120.908285,24.713639],[120.908317,24.713639]]]]}},{"type":"Feature","properties":{"n":"科專三路","v":"竹南鎮","w":2,"c":2,"r":2},"geometry":{"type":"MultiPolygon","coordinates":[[[[120.904345,24.70585],[120.904353,24.710141],[120.904361,24.71037],[120.904337,24.710536],[120.903444,24.711786],[120.90346,24.711796],[120.904356,24.710553],[120.904385,24.710356],[120.90438,24.709669],[120.904372,24.705853],[120.904345,24.70585]]]]}},{"type":"Feature","properties":{"n":"科專二路","v":"竹南鎮","w":1,"c":1,"r":2},"geometry":{"type":"MultiPolygon","coordinates":[[[[120.906121,24.702875],[120.906108,24.702877],[120.906119,24.710977],[120.906089,24.711181],[120.906038,24.711323],[120.90591,24.711527],[120.905639,24.711868],[120.905132,24.712565],[120.90441,24.713579],[120.904424,24.713586],[120.905531,24.712051],[120.905942,24.71152],[120.906065,24.711313],[120.906108,24.711184],[120.906138,24.710972],[120.906127,24.709098],[120.906138,24.706595],[120.906121,24.702875]]]]}},{"type":"Feature","properties":{"n":"科專七路","v":"竹南鎮","w":2,"c":1,"r":2},"geometry":{"type":"MultiPolygon","coordinates":[[[[120.902397,24.71011],[120.902397,24.706533],[120.902405,24.70386],[120.902389,24.70386],[120.902387,24.708644],[120.902381,24.710113],[120.902389,24.710113],[120.902397,24.71011]]]]}},{"type":"Feature","properties":{"n":"文化街、育英街、翠亨路","v":"頭份鎮","w":2,"c":2,"r":2},"geometry":{"type":"MultiPolygon","coordinates":[[[[120.899102,24.696888],[120.899617,24.696654],[120.899617,24.696591],[120.898982,24.695428],[120.897879,24.695867],[120.898569,24.697122],[120.898593,24.697112],[120.897914,24.695877],[120.898971,24.695458],[120.899593,24.696596],[120.899593,24.696642],[120.899094,24.696871],[120.899102,24.696888]]]]}},{"type":"Feature","properties":{"n":"田寮路、田寮路45巷","v":"頭份鎮","w":2,"c":1,"r":2},"geometry":{"type":"MultiPolygon","coordinates":[[[[120.884861,24.681089],[120.884845,24.681079],[120.884775,24.68113],[120.883552,24.681065],[120.883592,24.679139],[120.88456,24.679059],[120.884839,24.681074],[120.884855,24.681069],[120.884574,24.679032],[120.883573,24.679122],[120.88353,24.681082],[120.88478,24.681147],[120.884861,24.681089]]]]}},{"type":"Feature","properties":{"n":"新港六路","v":"後龍鎮","w":2,"c":1,"r":2},"geometry":{"type":"MultiPolygon","coordinates":[[[[120.817881,24.605676],[120.817945,24.605725],[120.818192,24.605642],[120.820928,24.604466],[120.820912,24.604427],[120.817977,24.605666],[120.817881,24.605676]]]]}},{"type":"Feature","properties":{"n":"高鐵五路","v":"後龍鎮","w":2,"c":2,"r":2},"geometry":{"type":"MultiPolygon","coordinates":[[[[120.817927,24.605936],[120.819515,24.607117],[120.819547,24.607092],[120.817959,24.605912],[120.817927,24.605936]]]]}},{"type":"Feature","properties":{"n":"公園","v":"後龍鎮","w":2,"c":1,"r":2},"geometry":{"type":"MultiPolygon","coordinates":[[[[120.78999,24.613533],[120.790003,24.613526],[120.789542,24.612644],[120.78954,24.612147],[120.789524,24.612144],[120.789526,24.612646],[120.78999,24.613533]]]]}},{"type":"Feature","properties":{"n":"海濱路","v":"通霄鎮","w":1.5,"c":1.5,"r":null},"geometry":{"type":"MultiPolygon","coordinates":[[[[120.676678,24.48981],[120.676696,24.489827],[120.678223,24.489166],[120.67822,24.489145],[120.676678,24.48981]]]]}},{"type":"Feature","properties":{"n":"縣126道","v":"頭屋鄉","w":3,"c":1.5,"r":20},"geometry":{"type":"MultiPolygon","coordinates":[[[[120.88634,24.586443],[120.886323,24.586465],[120.887117,24.586848],[120.887434,24.587131],[120.887453,24.587114],[120.887123,24.586826],[120.88634,24.586443]]]]}},{"type":"Feature","properties":{"n":"中興路","v":"公館鄉","w":1.8,"c":0.9,"r":55},"geometry":{"type":"MultiPolygon","coordinates":[[[[120.82499,24.512704],[120.82499,24.512727],[120.826434,24.512708],[120.826434,24.512681],[120.82499,24.512704]]]]}},{"type":"Feature","properties":{"n":"南岸道路","v":"頭屋鄉","w":1.7,"c":1.5,"r":0},"geometry":{"type":"MultiPolygon","coordinates":[[[[120.8847,24.579614],[120.8847,24.579619],[120.885284,24.579643],[120.885657,24.579865],[120.885676,24.579845],[120.885292,24.579619],[120.8847,24.579592],[120.8847,24.579614]]]]}},{"type":"Feature","properties":{"n":"中苗街","v":"苗栗市","w":3,"c":2.2,"r":3},"geometry":{"type":"MultiPolygon","coordinates":[[[[120.817087,24.559306],[120.817102,24.55929],[120.816129,24.55839],[120.816621,24.557918],[120.816595,24.557899],[120.816095,24.558397],[120.817087,24.559306]]]]}},{"type":"Feature","properties":{"n":"苗34線","v":"西湖鄉","w":1,"c":1,"r":null},"geometry":{"type":"MultiPolygon","coordinates":[[[[120.775686,24.522464],[120.775678,24.522476],[120.775871,24.522405],[120.776049,24.52241],[120.776057,24.522393],[120.775874,24.522388],[120.775689,24.522457],[120.775686,24.522464]]]]}},{"type":"Feature","properties":{"n":"中山路","v":"後龍鎮","w":1.5,"c":1.5,"r":4},"geometry":{"type":"MultiPolygon","coordinates":[[[[120.793851,24.612619],[120.793878,24.612509],[120.794846,24.611827],[120.794825,24.611807],[120.793854,24.612509],[120.793805,24.612553],[120.793808,24.612573],[120.793851,24.612619]]]]}},{"type":"Feature","properties":{"n":"光華路","v":"後龍鎮","w":3,"c":3,"r":2},"geometry":{"type":"MultiPolygon","coordinates":[[[[120.794785,24.614179],[120.794827,24.614157],[120.794118,24.612998],[120.793669,24.612584],[120.793622,24.612622],[120.794058,24.613031],[120.794785,24.614179]]]]}},{"type":"Feature","properties":{"n":"光華路","v":"後龍鎮","w":3,"c":2,"r":2},"geometry":{"type":"MultiPolygon","coordinates":[[[[120.794808,24.61421],[120.795249,24.614858],[120.795278,24.614844],[120.794837,24.614198],[120.794811,24.614212],[120.794808,24.61421]]]]}},{"type":"Feature","properties":{"n":"光華路","v":"後龍鎮","w":3,"c":2,"r":2},"geometry":{"type":"MultiPolygon","coordinates":[[[[120.794766,24.614231],[120.794745,24.614239],[120.79517,24.614884],[120.795199,24.61487],[120.794766,24.614231]]]]}},{"type":"Feature","properties":{"n":"光華路","v":"後龍鎮","w":2.5,"c":2.4,"r":2},"geometry":{"type":"MultiPolygon","coordinates":[[[[120.793584,24.612601],[120.79361,24.612586],[120.793454,24.612459],[120.793177,24.61228],[120.792918,24.612151],[120.792903,24.61217],[120.793174,24.612318],[120.793326,24.612411],[120.793464,24.612505],[120.793584,24.612601]]]]}},{"type":"Feature","properties":{"n":"光華路","v":"後龍鎮","w":3.5,"c":2.5,"r":2},"geometry":{"type":"MultiPolygon","coordinates":[[[[120.791186,24.611835],[120.791189,24.611766],[120.789091,24.611816],[120.788529,24.611726],[120.788516,24.611788],[120.789088,24.611882],[120.791184,24.611833],[120.791186,24.611835]]]]}},{"type":"Feature","properties":{"n":"中華路","v":"後龍鎮","w":3,"c":3,"r":null},"geometry":{"type":"MultiPolygon","coordinates":[[[[120.785467,24.613716],[120.785449,24.613742],[120.785723,24.614072],[120.786051,24.614426],[120.786482,24.614823],[120.7865,24.614802],[120.786064,24.614407],[120.78566,24.613959],[120.78547,24.613718],[120.785467,24.613716]]]]}},{"type":"Feature","properties":{"n":"勝利路","v":"後龍鎮","w":2.5,"c":2.5,"r":null},"geometry":{"type":"MultiPolygon","coordinates":[[[[120.784558,24.616573],[120.783178,24.617396],[120.783218,24.617431],[120.784597,24.616597],[120.784552,24.616567],[120.784558,24.616573]]]]}},{"type":"Feature","properties":{"n":"勝利路","v":"後龍鎮","w":2.5,"c":2.5,"r":null},"geometry":{"type":"MultiPolygon","coordinates":[[[[120.783088,24.617433],[120.782149,24.618019],[120.781722,24.618415],[120.781489,24.618675],[120.781529,24.61867],[120.782152,24.618053],[120.783101,24.617454],[120.783086,24.617438],[120.783088,24.617433]]]]}},{"type":"Feature","properties":{"n":"沿山公路","v":"公館鄉","w":1.8,"c":0.9,"r":20},"geometry":{"type":"MultiPolygon","coordinates":[[[[120.83806,24.54165],[120.837459,24.540032],[120.837443,24.540046],[120.838047,24.541664],[120.83806,24.54165]]]]}},{"type":"Feature","properties":{"n":"台3線","v":"卓蘭鎮","w":1.8,"c":1.8,"r":30},"geometry":{"type":"MultiPolygon","coordinates":[[[[120.82366,24.321199],[120.823699,24.321199],[120.823552,24.31927],[120.823612,24.318219],[120.823579,24.318219],[120.823519,24.319246],[120.823538,24.319891],[120.82366,24.321199]]]]}},{"type":"Feature","properties":{"n":"台6線","v":"公館鄉","w":3.5,"c":3.5,"r":null},"geometry":{"type":"MultiPolygon","coordinates":[[[[120.827811,24.49987],[120.827916,24.499034],[120.827969,24.498491],[120.827904,24.498503],[120.827771,24.49987],[120.827811,24.49987]]]]}},{"type":"Feature","properties":{"n":"上山下","v":"三義鄉","w":1.5,"c":1.5,"r":null},"geometry":{"type":"MultiPolygon","coordinates":[[[[120.766124,24.343831],[120.766124,24.343838],[120.766549,24.343784],[120.766549,24.343767],[120.766124,24.343824],[120.766124,24.343831]]]]}},{"type":"Feature","properties":{"n":"玉泉","v":"公館鄉","w":4.5,"c":1.5,"r":20},"geometry":{"type":"MultiPolygon","coordinates":[[[[120.832513,24.512194],[120.830091,24.512531],[120.828335,24.512643],[120.826488,24.512682],[120.826488,24.512718],[120.828341,24.512673],[120.830104,24.512567],[120.832513,24.512194]]]]}},{"type":"Feature","properties":{"n":"忠孝二路","v":"頭份鎮","w":1.5,"c":1.5,"r":2},"geometry":{"type":"MultiPolygon","coordinates":[[[[120.910275,24.693178],[120.909143,24.692544],[120.909084,24.692564],[120.909108,24.692581],[120.909153,24.692571],[120.910275,24.693195],[120.910275,24.693178]]]]}},{"type":"Feature","properties":{"n":"節約街","v":"頭份鎮","w":3,"c":3,"r":2},"geometry":{"type":"MultiPolygon","coordinates":[[[[120.910799,24.693957],[120.908595,24.695263],[120.908634,24.695305],[120.910818,24.693992],[120.910799,24.693957]]]]}},{"type":"Feature","properties":{"n":"介壽路","v":"苑裡鎮","w":2.2,"c":2.2,"r":2},"geometry":{"type":"MultiPolygon","coordinates":[[[[120.655166,24.450276],[120.655186,24.450246],[120.651138,24.448923],[120.650617,24.448528],[120.650104,24.447655],[120.650078,24.447672],[120.650585,24.44854],[120.651106,24.448953],[120.652272,24.44938],[120.653061,24.44965],[120.655166,24.450276]]]]}},{"type":"Feature","properties":{"n":"中華路","v":"苑裡鎮","w":2,"c":1.5,"r":2},"geometry":{"type":"MultiPolygon","coordinates":[[[[120.654498,24.439771],[120.654538,24.439759],[120.653753,24.438049],[120.65374,24.438067],[120.654498,24.439771]]]]}},{"type":"Feature","properties":{"n":"中山路","v":"苑裡鎮","w":2,"c":2,"r":3},"geometry":{"type":"MultiPolygon","coordinates":[[[[120.657038,24.450847],[120.65644,24.450117],[120.656212,24.44986],[120.655874,24.449298],[120.655835,24.449321],[120.656179,24.449878],[120.656999,24.450847],[120.657038,24.450847]]]]}},{"type":"Feature","properties":{"n":"中央路","v":"頭份鎮","w":5,"c":3,"r":10},"geometry":{"type":"MultiPolygon","coordinates":[[[[120.885451,24.694127],[120.886753,24.69417],[120.887809,24.694175],[120.889054,24.694212],[120.889049,24.694191],[120.888727,24.694175],[120.887579,24.694162],[120.886071,24.694135],[120.885448,24.694103],[120.885451,24.694127]]]]}},{"type":"Feature","properties":{"n":"延平路","v":"竹南鎮","w":2.5,"c":2.5,"r":5},"geometry":{"type":"MultiPolygon","coordinates":[[[[120.876848,24.685883],[120.876722,24.683872],[120.876695,24.683858],[120.876808,24.685885],[120.876848,24.685883]]]]}},{"type":"Feature","properties":{"n":"中正路","v":"竹南鎮","w":2.5,"c":2,"r":6},"geometry":{"type":"MultiPolygon","coordinates":[[[[120.876687,24.68386],[120.876679,24.68387],[120.875563,24.683814],[120.875563,24.683858],[120.876698,24.683926],[120.876687,24.68386]]]]}},{"type":"Feature","properties":{"n":"中山街、中山街33巷","v":"頭屋鄉","w":1.5,"c":1.5,"r":3},"geometry":{"type":"MultiPolygon","coordinates":[[[[120.851535,24.576737],[120.850524,24.576745],[120.850494,24.576718],[120.850484,24.576328],[120.850441,24.575855],[120.850406,24.575862],[120.850457,24.576335],[120.850473,24.576735],[120.850516,24.576762],[120.851535,24.576755],[120.851535,24.576737]]]]}},{"type":"Feature","properties":{"n":"自強路","v":"頭份鎮","w":2.5,"c":1.2,"r":28},"geometry":{"type":"MultiPolygon","coordinates":[[[[120.885468,24.682348],[120.893353,24.682577],[120.898863,24.684137],[120.898873,24.684073],[120.89338,24.682504],[120.885473,24.682299],[120.885468,24.682348]]]]}},{"type":"Feature","properties":{"n":"明德路","v":"頭屋鄉","w":1.5,"c":1.5,"r":null},"geometry":{"type":"MultiPolygon","coordinates":[[[[120.888272,24.586977],[120.887744,24.586389],[120.887671,24.586318],[120.88714,24.586018],[120.886488,24.585667],[120.886486,24.585689],[120.887658,24.586338],[120.888251,24.586989],[120.888272,24.586977]]]]}},{"type":"Feature","properties":{"n":"科專五路","v":"竹南鎮","w":1,"c":1,"r":null},"geometry":{"type":"MultiPolygon","coordinates":[[[[120.902295,24.710107],[120.902306,24.710107],[120.902314,24.708494],[120.902322,24.703881],[120.902306,24.703881],[120.902311,24.707066],[120.902309,24.707446],[120.902298,24.70767],[120.902295,24.710107]]]]}},{"type":"Feature","properties":{"n":"新港二路","v":"後龍鎮","w":1,"c":1,"r":6},"geometry":{"type":"MultiPolygon","coordinates":[[[[120.82155,24.609348],[120.82602,24.607657],[120.826027,24.607621],[120.82155,24.609348]]]]}},{"type":"Feature","properties":{"n":"高鐵三路","v":"後龍鎮","w":1,"c":1,"r":8},"geometry":{"type":"MultiPolygon","coordinates":[[[[120.822797,24.605736],[120.825254,24.606975],[120.825909,24.60758],[120.825941,24.60756],[120.825286,24.606965],[120.82283,24.605717],[120.822797,24.605736]]]]}},{"type":"Feature","properties":{"n":"正興路","v":"頭份鎮","w":4,"c":2,"r":2},"geometry":{"type":"MultiPolygon","coordinates":[[[[120.917178,24.684387],[120.917154,24.684382],[120.917288,24.685015],[120.917441,24.685476],[120.917527,24.685693],[120.917889,24.686424],[120.918761,24.687977],[120.918782,24.687969],[120.918527,24.687531],[120.917892,24.68639],[120.917543,24.685686],[120.917452,24.685447],[120.917312,24.685018],[120.917178,24.684387]]]]}},{"type":"Feature","properties":{"n":"台3線","v":"大湖鄉","w":2,"c":1,"r":6},"geometry":{"type":"MultiPolygon","coordinates":[[[[120.86332,24.418448],[120.863,24.416893],[120.862899,24.414979],[120.862933,24.41643],[120.86296,24.416914],[120.863244,24.418462],[120.86332,24.418448]]]]}},{"type":"Feature","properties":{"n":"平仁路","v":"造橋鄉","w":1.8,"c":1.1,"r":0},"geometry":{"type":"MultiPolygon","coordinates":[[[[120.863084,24.638907],[120.863097,24.638943],[120.863646,24.638824],[120.864547,24.639446],[120.864586,24.639422],[120.863633,24.638788],[120.863084,24.638907]]]]}},{"type":"Feature","properties":{"n":"平仁路","v":"造橋鄉","w":1.5,"c":1,"r":0},"geometry":{"type":"MultiPolygon","coordinates":[[[[120.863976,24.638799],[120.86395,24.638823],[120.864563,24.63923],[120.86459,24.639218],[120.863976,24.638799]]]]}},{"type":"Feature","properties":{"n":"中華路、協和街、銀河路、新立東街","v":"頭份鎮","w":2.5,"c":1.5,"r":4},"geometry":{"type":"MultiPolygon","coordinates":[[[[120.900154,24.679308],[120.900178,24.679313],[120.901017,24.678247],[120.902171,24.678964],[120.901243,24.680046],[120.90021,24.679305],[120.900189,24.679322],[120.901245,24.680066],[120.902198,24.678957],[120.901007,24.678226],[120.900154,24.679308]]]]}},{"type":"Feature","properties":{"n":"中華路","v":"苗栗市","w":1.3,"c":0.9,"r":0},"geometry":{"type":"MultiPolygon","coordinates":[[[[120.824755,24.57552],[120.824809,24.574433],[120.824653,24.572059],[120.824508,24.569942],[120.82446,24.569947],[120.824776,24.574455],[120.824712,24.575528],[120.824717,24.575533],[120.824755,24.57552]]]]}},{"type":"Feature","properties":{"n":"128線","v":"公館鄉","w":1.6,"c":1.6,"r":null},"geometry":{"type":"MultiPolygon","coordinates":[[[[120.824989,24.5128],[120.829425,24.51271],[120.83251,24.512207],[120.833556,24.511973],[120.834436,24.511987],[120.835096,24.511909],[120.835155,24.511885],[120.835139,24.511841],[120.835047,24.511895],[120.834436,24.511953],[120.833551,24.511943],[120.83251,24.512183],[120.829423,24.512686],[120.824996,24.512769],[120.824979,24.512774],[120.824989,24.5128]]]]}},{"type":"Feature","properties":{"n":"119甲線北端","v":"公館鄉","w":1.6,"c":1.6,"r":null},"geometry":{"type":"MultiPolygon","coordinates":[[[[120.838117,24.541593],[120.838138,24.541553],[120.836786,24.538255],[120.835643,24.535587],[120.835493,24.534025],[120.83551,24.531462],[120.835564,24.530652],[120.835875,24.529334],[120.836752,24.525817],[120.836709,24.525242],[120.836548,24.524314],[120.836312,24.523719],[120.835047,24.521063],[120.834833,24.520185],[120.834833,24.519531],[120.834983,24.518193],[120.835641,24.513825],[120.835577,24.512888],[120.835255,24.511756],[120.835158,24.511805],[120.835534,24.512918],[120.835598,24.513894],[120.834749,24.519614],[120.83476,24.52018],[120.834942,24.521078],[120.836499,24.524395],[120.83669,24.525824],[120.835523,24.53067],[120.835426,24.534154],[120.835572,24.535578],[120.837523,24.540121],[120.838117,24.541593]]]]}},{"type":"Feature","properties":{"n":"119甲線南段","v":"公館鄉","w":1.6,"c":1.6,"r":null},"geometry":{"type":"MultiPolygon","coordinates":[[[[120.835261,24.511736],[120.834027,24.508639],[120.832997,24.503563],[120.832411,24.500696],[120.832175,24.499466],[120.832389,24.496889],[120.832255,24.495791],[120.830882,24.493272],[120.830839,24.491515],[120.830188,24.489307],[120.829437,24.488175],[120.829029,24.487921],[120.825102,24.486769],[120.823356,24.486621],[120.8193,24.485079],[120.816253,24.48336],[120.814494,24.481818],[120.809164,24.477638],[120.805389,24.473135],[120.804616,24.472295],[120.804616,24.472471],[120.809058,24.477627],[120.812478,24.480307],[120.816214,24.483394],[120.819296,24.485109],[120.823351,24.486651],[120.825131,24.486813],[120.829047,24.487984],[120.829433,24.488219],[120.830176,24.489374],[120.830798,24.491532],[120.830818,24.493293],[120.832191,24.495792],[120.83235,24.496954],[120.832125,24.499502],[120.833982,24.508653],[120.835167,24.51179],[120.835261,24.511736]]]]}},{"type":"Feature","properties":{"n":"正發路","v":"苗栗市","w":2,"c":2,"r":null},"geometry":{"type":"MultiPolygon","coordinates":[[[[120.820879,24.569485],[120.82088,24.569474],[120.81738,24.569205],[120.816071,24.569272],[120.814347,24.56937],[120.814345,24.569392],[120.8144,24.569383],[120.815912,24.569292],[120.817374,24.569212],[120.81982,24.569404],[120.820879,24.569485]]]]}},{"type":"Feature","properties":{"n":"苗13線英才路","v":"苗栗市","w":2,"c":2,"r":null},"geometry":{"type":"MultiPolygon","coordinates":[[[[120.820166,24.575389],[120.820128,24.575399],[120.819914,24.576906],[120.819736,24.579146],[120.819152,24.58323],[120.819119,24.583543],[120.818658,24.58526],[120.815302,24.590099],[120.815319,24.590114],[120.818674,24.585263],[120.819141,24.583512],[120.819759,24.579144],[120.819944,24.576884],[120.820154,24.57542],[120.820166,24.575389]]]]}},{"type":"Feature","properties":{"n":"台1線介壽路","v":"苑裡鎮","w":2,"c":2,"r":null},"geometry":{"type":"MultiPolygon","coordinates":[[[[120.645831,24.432122],[120.644565,24.435541],[120.650265,24.448307],[120.650516,24.448683],[120.651106,24.449103],[120.653027,24.449797],[120.653016,24.449718],[120.651085,24.449064],[120.650538,24.448664],[120.650259,24.448234],[120.649679,24.446906],[120.647451,24.441909],[120.644598,24.435532],[120.645861,24.432113],[120.645831,24.432122]]]]}},{"type":"Feature","properties":{"n":"中山路","v":"通霄鎮","w":2,"c":2,"r":21},"geometry":{"type":"MultiPolygon","coordinates":[[[[120.67838,24.486595],[120.678423,24.4866],[120.678294,24.486327],[120.677559,24.485736],[120.676615,24.485097],[120.676151,24.484664],[120.675894,24.484122],[120.675811,24.483603],[120.675844,24.482241],[120.675857,24.480165],[120.675772,24.479725],[120.675739,24.479706],[120.675836,24.480165],[120.67579,24.483662],[120.675876,24.484125],[120.676112,24.484657],[120.676589,24.485097],[120.67732,24.485615],[120.678275,24.486338],[120.67838,24.486595]]]]}},{"type":"Feature","properties":{"n":"苗2-2線","v":"竹南鎮","w":2,"c":2,"r":null},"geometry":{"type":"MultiPolygon","coordinates":[[[[120.88896,24.704637],[120.888774,24.704616],[120.885184,24.706321],[120.881998,24.709548],[120.880914,24.709791],[120.876001,24.713132],[120.876044,24.713249],[120.877417,24.714935],[120.87746,24.714905],[120.876087,24.713249],[120.876033,24.713151],[120.880921,24.709825],[120.881994,24.709601],[120.882209,24.709435],[120.885226,24.706333],[120.888788,24.704657],[120.88896,24.704637]]]]}},{"type":"Feature","properties":{"n":"苗2-2線","v":"竹南鎮","w":2,"c":2,"r":null},"geometry":{"type":"MultiPolygon","coordinates":[[[[120.888797,24.704528],[120.888722,24.704499],[120.885106,24.706195],[120.881927,24.709442],[120.880972,24.709637],[120.875857,24.713128],[120.875878,24.713264],[120.877316,24.714991],[120.877349,24.714952],[120.875932,24.713265],[120.8759,24.713149],[120.880954,24.709679],[120.881954,24.709477],[120.885128,24.706232],[120.888764,24.704516],[120.888797,24.704528]]]]}},{"type":"Feature","properties":{"n":"民有街","v":"三灣鄉","w":3.3,"c":3.3,"r":4},"geometry":{"type":"MultiPolygon","coordinates":[[[[120.956276,24.656952],[120.95628,24.656956],[120.956755,24.656015],[120.956747,24.655986],[120.956262,24.656945],[120.956276,24.656952]]]]}},{"type":"Feature","properties":{"n":"文化街","v":"三灣鄉","w":3.6,"c":3.6,"r":6},"geometry":{"type":"MultiPolygon","coordinates":[[[[120.955406,24.654972],[120.955387,24.65497],[120.955349,24.65535],[120.955046,24.655306],[120.955095,24.654958],[120.955127,24.654933],[120.955408,24.654916],[120.955411,24.654894],[120.955113,24.654919],[120.955073,24.654955],[120.955022,24.655323],[120.955363,24.65537],[120.955406,24.654972]]]]}},{"type":"Feature","properties":{"n":"中正一路","v":"頭份鎮","w":3.5,"c":2.5,"r":4},"geometry":{"type":"MultiPolygon","coordinates":[[[[120.936169,24.685381],[120.936148,24.685368],[120.935659,24.685848],[120.935434,24.685953],[120.935126,24.686029],[120.934651,24.68608],[120.93365,24.68606],[120.933648,24.686092],[120.934646,24.686099],[120.935104,24.686056],[120.935442,24.685978],[120.935676,24.685868],[120.936169,24.685381]]]]}},{"type":"Feature","properties":{"n":"幼英街、幼英街37巷、國興街、合興街","v":"頭份鎮","w":3.15,"c":1.5,"r":13},"geometry":{"type":"MultiPolygon","coordinates":[[[[120.896359,24.69842],[120.897359,24.697962],[120.897373,24.69792],[120.896834,24.696897],[120.895758,24.697377],[120.896316,24.69841],[120.896335,24.698403],[120.895788,24.697382],[120.896828,24.696928],[120.897346,24.697925],[120.89733,24.697954],[120.896346,24.698393],[120.896359,24.69842]]]]}},{"type":"Feature","properties":{"n":"建國路、中興路、節約街、忠孝二路","v":"頭份鎮","w":3.2,"c":1.65,"r":12},"geometry":{"type":"MultiPolygon","coordinates":[[[[120.908581,24.695336],[120.909369,24.695903],[120.909423,24.695916],[120.911295,24.694839],[120.911303,24.69477],[120.910799,24.693947],[120.908589,24.695272],[120.908581,24.695319],[120.90861,24.695319],[120.90861,24.695287],[120.910793,24.693981],[120.911276,24.69477],[120.911268,24.694831],[120.909415,24.695899],[120.909375,24.695882],[120.908607,24.695326],[120.908581,24.695336]]]]}},{"type":"Feature","properties":{"n":"華隆街19巷","v":"頭份鎮","w":2.35,"c":1.5,"r":2},"geometry":{"type":"MultiPolygon","coordinates":[[[[120.899497,24.686601],[120.89953,24.686645],[120.899841,24.68557],[120.899819,24.685561],[120.899497,24.686601]]]]}},{"type":"Feature","properties":{"n":"中正二路","v":"頭份鎮","w":4,"c":1.5,"r":2},"geometry":{"type":"MultiPolygon","coordinates":[[[[120.948593,24.680145],[120.946924,24.680513],[120.94693,24.680528],[120.948593,24.680165],[120.948593,24.680145]]]]}},{"type":"Feature","properties":{"n":"正興路","v":"頭份鎮","w":2.5,"c":1.5,"r":16},"geometry":{"type":"MultiPolygon","coordinates":[[[[120.918495,24.687956],[120.918519,24.687956],[120.918133,24.6872],[120.917401,24.685806],[120.917194,24.685224],[120.917092,24.684883],[120.916987,24.684317],[120.916966,24.684325],[120.917065,24.684873],[120.917175,24.685248],[120.917376,24.685809],[120.917556,24.686138],[120.918495,24.687956]]]]}},{"type":"Feature","properties":{"n":"後龍鎮高鐵特定區至外埔漁港特定區綠色路廊","v":"後龍鎮","w":3,"c":3,"r":null},"geometry":{"type":"MultiPolygon","coordinates":[[[[120.781176,24.619055],[120.781208,24.619103],[120.781895,24.61885],[120.78285,24.618743],[120.783257,24.61886],[120.784427,24.619562],[120.784899,24.620537],[120.784995,24.620586],[120.785467,24.620693],[120.788311,24.620098],[120.789866,24.619386],[120.790456,24.619298],[120.791186,24.618977],[120.791754,24.618801],[120.791765,24.618733],[120.791197,24.618889],[120.790424,24.61924],[120.789802,24.619328],[120.789126,24.61963],[120.788257,24.62004],[120.787613,24.620196],[120.786433,24.62043],[120.785403,24.620625],[120.784995,24.620518],[120.78447,24.619513],[120.783268,24.618801],[120.782828,24.618665],[120.781873,24.618782],[120.781176,24.619055]]]]}},{"type":"Feature","properties":{"n":"南庄風美道","v":"南庄鄉","w":0.8,"c":0.8,"r":null},"geometry":{"type":"MultiPolygon","coordinates":[[[[121.040812,24.600514],[121.040777,24.600531],[121.040777,24.600533],[121.040812,24.600514]]]]}},{"type":"Feature","properties":{"n":"中華路","v":"頭份鎮","w":3,"c":3,"r":null},"geometry":{"type":"MultiPolygon","coordinates":[[[[120.911327,24.687935],[120.911298,24.687952],[120.912843,24.690106],[120.913063,24.690401],[120.913092,24.690392],[120.911327,24.687935]]]]}},{"type":"Feature","properties":{"n":"國華路","v":"苗栗市","w":3,"c":3,"r":0},"geometry":{"type":"MultiPolygon","coordinates":[[[[120.815315,24.572268],[120.815283,24.572278],[120.815605,24.572778],[120.815868,24.573102],[120.81685,24.573941],[120.817346,24.574266],[120.817872,24.574573],[120.818094,24.57467],[120.818725,24.5749],[120.819189,24.575049],[120.820034,24.575183],[120.820044,24.575163],[120.819945,24.575139],[120.819277,24.575039],[120.819017,24.574968],[120.818545,24.574802],[120.818132,24.574646],[120.8177,24.574436],[120.816919,24.573944],[120.816563,24.573641],[120.816053,24.573219],[120.81578,24.572924],[120.815533,24.572621],[120.815321,24.572282],[120.815315,24.572268]]]]}},{"type":"Feature","properties":{"n":"正發路","v":"苗栗市","w":2.5,"c":2.5,"r":0},"geometry":{"type":"MultiPolygon","coordinates":[[[[120.820883,24.569469],[120.817388,24.569203],[120.816567,24.569242],[120.814346,24.569371],[120.814346,24.569391],[120.816272,24.569274],[120.817383,24.569213],[120.820872,24.569488],[120.820883,24.569469]]]]}},{"type":"Feature","properties":{"n":"文發路","v":"苗栗市","w":3,"c":3,"r":0},"geometry":{"type":"MultiPolygon","coordinates":[[[[120.81211,24.569285],[120.812116,24.56928],[120.811982,24.568699],[120.811912,24.568187],[120.811891,24.568187],[120.81196,24.568704],[120.812089,24.569295],[120.81211,24.569285]]]]}},{"type":"Feature","properties":{"n":"縣府路","v":"苗栗市","w":3,"c":3,"r":0},"geometry":{"type":"MultiPolygon","coordinates":[[[[120.821614,24.564271],[120.821614,24.564256],[120.81898,24.564842],[120.818985,24.564871],[120.821614,24.564271]]]]}},{"type":"Feature","properties":{"n":"縣府路","v":"苗栗市","w":3,"c":3,"r":0},"geometry":{"type":"MultiPolygon","coordinates":[[[[120.81893,24.564588],[120.820338,24.564256],[120.820328,24.564236],[120.818922,24.564575],[120.81893,24.564588]]]]}},{"type":"Feature","properties":{"n":"中正路","v":"三灣鄉","w":2.5,"c":2.5,"r":3},"geometry":{"type":"MultiPolygon","coordinates":[[[[120.954281,24.65027],[120.954211,24.650046],[120.954222,24.649373],[120.95443,24.648117],[120.954382,24.648142],[120.954183,24.649395],[120.954166,24.65007],[120.954235,24.650285],[120.954281,24.65027]]]]}},{"type":"Feature","properties":{"n":"科專六路","v":"竹南鎮","w":1.5,"c":2.4,"r":0},"geometry":{"type":"MultiPolygon","coordinates":[[[[120.904332,24.707302],[120.904337,24.707234],[120.904281,24.707283],[120.898211,24.707275],[120.89813,24.7073],[120.897162,24.707775],[120.896915,24.707902],[120.896832,24.707963],[120.896306,24.708674],[120.896261,24.708686],[120.896296,24.708718],[120.896835,24.707982],[120.896939,24.707909],[120.898122,24.707319],[120.898203,24.707295],[120.902119,24.707302],[120.904332,24.707302]]]]}},{"type":"Feature","properties":{"n":"科專六路","v":"竹南鎮","w":2.4,"c":1.5,"r":0},"geometry":{"type":"MultiPolygon","coordinates":[[[[120.90433,24.707417],[120.904298,24.707397],[120.902297,24.707356],[120.900012,24.707356],[120.898153,24.70737],[120.89697,24.707958],[120.896879,24.708021],[120.896351,24.708754],[120.896399,24.708779],[120.89638,24.708732],[120.896887,24.708038],[120.896984,24.707967],[120.898175,24.707378],[120.902474,24.70737],[120.90433,24.707417]]]]}},{"type":"Feature","properties":{"n":"仁愛路","v":"竹南鎮","w":1.5,"c":1.5,"r":0},"geometry":{"type":"MultiPolygon","coordinates":[[[[120.897727,24.70948],[120.897719,24.709485],[120.897724,24.709492],[120.900768,24.710135],[120.904327,24.710182],[120.904336,24.710128],[120.904258,24.710162],[120.900757,24.710114],[120.897727,24.70948]]]]}},{"type":"Feature","properties":{"n":"河川一路","v":"三義鄉","w":1.2,"c":1.2,"r":1},"geometry":{"type":"MultiPolygon","coordinates":[[[[120.771768,24.415097],[120.771749,24.415104],[120.772017,24.415822],[120.772251,24.415981],[120.772787,24.416479],[120.772803,24.41646],[120.772253,24.415961],[120.772025,24.415805],[120.771768,24.415097]]]]}},{"type":"Feature","properties":{"n":"和平路","v":"頭份鎮","w":1.5,"c":0.9,"r":0},"geometry":{"type":"MultiPolygon","coordinates":[[[[120.895704,24.686011],[120.895715,24.686035],[120.900919,24.686859],[120.901042,24.68682],[120.903563,24.68721],[120.903579,24.687171],[120.901031,24.686791],[120.900929,24.68682],[120.895704,24.686011]]]]}},{"type":"Feature","properties":{"n":"台3縣","v":"大湖鄉","w":1.5,"c":1.5,"r":0},"geometry":{"type":"MultiPolygon","coordinates":[[[[120.863952,24.422047],[120.864394,24.423576],[120.864684,24.424235],[120.865786,24.426174],[120.865819,24.426157],[120.864703,24.424211],[120.864434,24.423596],[120.863979,24.422033],[120.863952,24.422047]]]]}},{"type":"Feature","properties":{"n":"台一線人行道改善A段","v":"頭份鎮","w":2.4,"c":0.9,"r":157},"geometry":{"type":"MultiPolygon","coordinates":[[[[120.914509,24.69289],[120.914537,24.692881],[120.912906,24.690556],[120.912453,24.690244],[120.909502,24.688663],[120.90506,24.686318],[120.903223,24.685634],[120.901005,24.684958],[120.900989,24.684988],[120.903196,24.685646],[120.905026,24.686338],[120.905208,24.686418],[120.907898,24.687842],[120.909899,24.688914],[120.912404,24.690244],[120.912887,24.690576],[120.914509,24.69289]]]]}},{"type":"Feature","properties":{"n":"台一線人行道改善B段","v":"頭份鎮","w":2.4,"c":2.4,"r":120},"geometry":{"type":"MultiPolygon","coordinates":[[[[120.898873,24.684139],[120.900525,24.684646],[120.902172,24.685131],[120.903312,24.685479],[120.905268,24.686225],[120.906947,24.687097],[120.907818,24.687573],[120.910973,24.689264],[120.911823,24.689715],[120.911855,24.689693],[120.906375,24.686773],[120.905311,24.686215],[120.904095,24.685735],[120.903358,24.68546],[120.901899,24.685011],[120.900429,24.684585],[120.898892,24.68409],[120.898873,24.684139]]]]}},{"type":"Feature","properties":{"n":"台一線人行道改善C段","v":"頭份鎮","w":2.4,"c":0.9,"r":243},"geometry":{"type":"MultiPolygon","coordinates":[[[[120.884644,24.682582],[120.884644,24.68254],[120.882222,24.682494],[120.882201,24.682511],[120.882198,24.682548],[120.884644,24.682582]]]]}},{"type":"Feature","properties":{"n":"台一線人行道改善D段","v":"頭份鎮","w":2.4,"c":0.9,"r":250},"geometry":{"type":"MultiPolygon","coordinates":[[[[120.884674,24.682345],[120.884671,24.682304],[120.88219,24.682228],[120.882201,24.682267],[120.884674,24.682345]]]]}},{"type":"Feature","properties":{"n":"台3線","v":"三灣鄉","w":2.5,"c":2.5,"r":2},"geometry":{"type":"MultiPolygon","coordinates":[[[[120.954496,24.650466],[120.954577,24.6504],[120.955043,24.650788],[120.955196,24.650987],[120.955379,24.651317],[120.95558,24.651607],[120.955604,24.651599],[120.955405,24.651319],[120.955207,24.650965],[120.955076,24.650797],[120.954587,24.650383],[120.954491,24.650449],[120.954496,24.650466]]]]}},{"type":"Feature","properties":{"n":"縣126道","v":"頭屋鄉","w":2,"c":2,"r":2},"geometry":{"type":"MultiPolygon","coordinates":[[[[120.84702,24.585221],[120.847041,24.585226],[120.847207,24.583085],[120.847148,24.583085],[120.847004,24.585226],[120.847014,24.585226],[120.84702,24.585221]]]]}},{"type":"Feature","properties":{"n":"126縣道","v":"後龍鎮","w":2.5,"c":1.5,"r":0},"geometry":{"type":"MultiPolygon","coordinates":[[[[120.784875,24.616417],[120.784878,24.616419],[120.784872,24.616431],[120.785452,24.616619],[120.785462,24.616602],[120.784875,24.616417]]]]}},{"type":"Feature","properties":{"n":"伯公坑火炎山登山口前","v":"三義鄉","w":1.5,"c":1.5,"r":1},"geometry":{"type":"MultiPolygon","coordinates":[[[[120.73842,24.36106],[120.737095,24.359531],[120.736934,24.359169],[120.736838,24.358895],[120.736784,24.358929],[120.737058,24.359526],[120.738404,24.36107],[120.73842,24.36106]]]]}},{"type":"Feature","properties":{"n":"新港六路","v":"後龍鎮","w":1.5,"c":1.5,"r":2},"geometry":{"type":"MultiPolygon","coordinates":[[[[120.821809,24.603528],[120.822007,24.603284],[120.822678,24.602767],[120.823531,24.602148],[120.82388,24.601889],[120.823869,24.60184],[120.822635,24.602748],[120.821975,24.603255],[120.821777,24.603513],[120.821809,24.603528]]]]}},{"type":"Feature","properties":{"n":"三民街","v":"頭份鎮","w":2,"c":1.4,"r":0},"geometry":{"type":"MultiPolygon","coordinates":[[[[120.912321,24.696435],[120.913335,24.695821],[120.912334,24.69441],[120.912302,24.694425],[120.9133,24.695811],[120.912308,24.696416],[120.912321,24.696435]]]]}},{"type":"Feature","properties":{"n":"中正路","v":"三義鄉","w":1,"c":1,"r":0},"geometry":{"type":"MultiPolygon","coordinates":[[[[120.766836,24.406716],[120.766846,24.406721],[120.76682,24.406603],[120.766803,24.406594],[120.766836,24.406716]]]]}},{"type":"Feature","properties":{"n":"自強路","v":"銅鑼鄉","w":2,"c":2,"r":0},"geometry":{"type":"MultiPolygon","coordinates":[[[[120.793257,24.478122],[120.793225,24.478123],[120.792742,24.478943],[120.792774,24.478952],[120.793257,24.478122]]]]}},{"type":"Feature","properties":{"n":"民族路","v":"銅鑼鄉","w":1.5,"c":1.5,"r":0},"geometry":{"type":"MultiPolygon","coordinates":[[[[120.791978,24.481649],[120.792171,24.481435],[120.792161,24.481405],[120.791957,24.48164],[120.791978,24.481649]]]]}},{"type":"Feature","properties":{"n":"文化街/復興路","v":"銅鑼鄉","w":2,"c":2,"r":4},"geometry":{"type":"MultiPolygon","coordinates":[[[[120.789233,24.489689],[120.79019,24.489674],[120.790209,24.489704],[120.790241,24.489782],[120.790193,24.490316],[120.790212,24.490321],[120.790257,24.489777],[120.790215,24.489674],[120.790201,24.489665],[120.78923,24.489672],[120.789233,24.489691],[120.789233,24.489689]]]]}},{"type":"Feature","properties":{"n":"至公路","v":"苗栗市","w":1.5,"c":1.5,"r":0},"geometry":{"type":"MultiPolygon","coordinates":[[[[120.813767,24.561326],[120.814102,24.561019],[120.814223,24.560946],[120.816138,24.559928],[120.817208,24.559345],[120.81787,24.558374],[120.817854,24.558367],[120.817194,24.559333],[120.81408,24.561004],[120.81375,24.561312],[120.813764,24.561326],[120.813767,24.561326]]]]}},{"type":"Feature","properties":{"n":"三義鄉運動公園聯絡道路","v":"三義鄉","w":1.2,"c":1.2,"r":0},"geometry":{"type":"MultiPolygon","coordinates":[[[[120.773303,24.412855],[120.773078,24.412469],[120.77113,24.409777],[120.770827,24.409149],[120.77083,24.409005],[120.770768,24.408893],[120.768695,24.40701],[120.768276,24.406538],[120.767684,24.406057],[120.767689,24.406091],[120.768266,24.406551],[120.768676,24.40702],[120.770755,24.408915],[120.7708,24.409013],[120.770808,24.409169],[120.771106,24.409787],[120.773067,24.412483],[120.773289,24.412872],[120.7733,24.412855],[120.773303,24.412855]]]]}},{"type":"Feature","properties":{"n":"為公路","v":"苗栗市","w":1.8,"c":1.8,"r":0},"geometry":{"type":"MultiPolygon","coordinates":[[[[120.824593,24.569795],[120.824588,24.569824],[120.824668,24.569956],[120.824969,24.570098],[120.829861,24.571434],[120.829872,24.57141],[120.826862,24.570581],[120.824979,24.570073],[120.824706,24.569942],[120.824593,24.569795]]]]}},{"type":"Feature","properties":{"n":"博愛街","v":"頭份鎮","w":5,"c":4,"r":0},"geometry":{"type":"MultiPolygon","coordinates":[[[[120.912764,24.685996],[120.912804,24.685954],[120.912357,24.685686],[120.91233,24.68573],[120.912764,24.685996]]]]}},{"type":"Feature","properties":{"n":"銀河路","v":"頭份鎮","w":4.5,"c":4.5,"r":3},"geometry":{"type":"MultiPolygon","coordinates":[[[[120.907088,24.681911],[120.907114,24.681875],[120.911587,24.684495],[120.911554,24.684529],[120.911648,24.684583],[120.911737,24.684517],[120.907064,24.681781],[120.907032,24.681869],[120.907088,24.681911]]]]}},{"type":"Feature","properties":{"n":"信東路(博愛街口)","v":"頭份鎮","w":4.5,"c":4.5,"r":2},"geometry":{"type":"MultiPolygon","coordinates":[[[[120.911824,24.684603],[120.911805,24.684659],[120.911832,24.684695],[120.912546,24.685134],[120.912578,24.685176],[120.912597,24.685217],[120.912597,24.685254],[120.912589,24.685302],[120.912387,24.685612],[120.912409,24.685648],[120.912436,24.685663],[120.912656,24.685254],[120.91265,24.685219],[120.912613,24.685134],[120.911827,24.684603],[120.911824,24.684603]]]]}},{"type":"Feature","properties":{"n":"濱江街","v":"頭份鎮","w":4.5,"c":3.5,"r":3},"geometry":{"type":"MultiPolygon","coordinates":[[[[120.907108,24.681813],[120.907106,24.68181],[120.907436,24.681368],[120.907465,24.681354],[120.90918,24.682318],[120.911657,24.683672],[120.911802,24.683779],[120.911971,24.684122],[120.911963,24.684159],[120.911703,24.684498],[120.911738,24.684522],[120.911998,24.684176],[120.912017,24.684098],[120.91185,24.683767],[120.911703,24.68365],[120.910759,24.683126],[120.909071,24.682205],[120.907457,24.681306],[120.907408,24.681336],[120.907062,24.681779],[120.907108,24.681813]]]]}},{"type":"Feature","properties":{"n":"國華路","v":"苗栗市","w":2,"c":1.7,"r":0},"geometry":{"type":"MultiPolygon","coordinates":[[[[120.824942,24.575464],[120.826824,24.575208],[120.828006,24.574878],[120.828264,24.574766],[120.829277,24.574275],[120.83087,24.573525],[120.831836,24.573176],[120.833306,24.572828],[120.833298,24.572808],[120.832557,24.572964],[120.83201,24.573103],[120.831715,24.573186],[120.830847,24.57351],[120.828765,24.57449],[120.827923,24.574871],[120.826732,24.575188],[120.824947,24.575422],[120.824942,24.575464]]]]}},{"type":"Feature","properties":{"n":"嘉新街","v":"苗栗市","w":3,"c":2.1,"r":0},"geometry":{"type":"MultiPolygon","coordinates":[[[[120.830661,24.576849],[120.830923,24.576786],[120.830961,24.576742],[120.830832,24.576249],[120.830811,24.576256],[120.830923,24.576737],[120.830913,24.576773],[120.83065,24.576842],[120.830661,24.576849]]]]}},{"type":"Feature","properties":{"n":"中山街50巷","v":"頭屋鄉","w":1,"c":1,"r":0},"geometry":{"type":"MultiPolygon","coordinates":[[[[120.848502,24.580409],[120.848591,24.580311],[120.848743,24.58004],[120.848821,24.579804],[120.848848,24.579653],[120.848851,24.579367],[120.848837,24.578228],[120.848886,24.578174],[120.84887,24.578162],[120.848821,24.578218],[120.848835,24.579653],[120.848808,24.579801],[120.848746,24.579994],[120.848572,24.580309],[120.848494,24.580389],[120.848502,24.580409]]]]}},{"type":"Feature","properties":{"n":"中華東街","v":"苗栗市","w":3,"c":2.1,"r":0},"geometry":{"type":"MultiPolygon","coordinates":[[[[120.825522,24.579661],[120.825329,24.579056],[120.825404,24.578012],[120.825372,24.578012],[120.825297,24.579076],[120.825458,24.579622],[120.825522,24.579661]]]]}},{"type":"Feature","properties":{"n":"富域街","v":"苗栗市","w":3,"c":2.85,"r":0},"geometry":{"type":"MultiPolygon","coordinates":[[[[120.824578,24.584482],[120.825024,24.584477],[120.825024,24.584457],[120.824584,24.584452],[120.824578,24.584482]]]]}},{"type":"Feature","properties":{"n":"中華路","v":"苗栗市","w":3,"c":2.7,"r":0},"geometry":{"type":"MultiPolygon","coordinates":[[[[120.825061,24.584423],[120.825072,24.584418],[120.825072,24.584213],[120.825066,24.584213],[120.825061,24.584423]]]]}},{"type":"Feature","properties":{"n":"126縣道","v":"頭屋鄉","w":0.9,"c":0.9,"r":0},"geometry":{"type":"MultiPolygon","coordinates":[[[[120.851039,24.58035],[120.851305,24.57993],[120.851311,24.579827],[120.851456,24.579588],[120.851477,24.579496],[120.851418,24.57932],[120.850968,24.578939],[120.850957,24.578959],[120.851418,24.579335],[120.851466,24.579505],[120.85144,24.579588],[120.851305,24.579813],[120.851284,24.57993],[120.851032,24.58032],[120.851039,24.58035]]]]}},{"type":"Feature","properties":{"n":"中華路","v":"苗栗市","w":2.5,"c":2,"r":0},"geometry":{"type":"MultiPolygon","coordinates":[[[[120.82486,24.590117],[120.824881,24.590117],[120.824999,24.587971],[120.824956,24.58798],[120.82486,24.590117]]]]}},{"type":"Feature","properties":{"n":"中華路","v":"苗栗市","w":2.2,"c":1.76,"r":0},"geometry":{"type":"MultiPolygon","coordinates":[[[[120.825001,24.590752],[120.825109,24.58883],[120.825055,24.58883],[120.824959,24.590742],[120.825001,24.590752]]]]}},{"type":"Feature","properties":{"n":"三西街","v":"苗栗市","w":1.5,"c":1.32,"r":0},"geometry":{"type":"MultiPolygon","coordinates":[[[[120.822313,24.572061],[120.822346,24.572061],[120.822635,24.570217],[120.822614,24.570217],[120.822313,24.572061]]]]}},{"type":"Feature","properties":{"n":"朝陽路","v":"造橋鄉","w":1.8,"c":1.8,"r":null},"geometry":{"type":"MultiPolygon","coordinates":[[[[120.871505,24.645481],[120.871518,24.645468],[120.870756,24.644975],[120.870348,24.644624],[120.870327,24.644639],[120.87074,24.644985],[120.871505,24.645481]]]]}},{"type":"Feature","properties":{"n":"大中街","v":"造橋鄉","w":2,"c":0.6,"r":0},"geometry":{"type":"MultiPolygon","coordinates":[[[[120.865048,24.639329],[120.864946,24.639655],[120.865113,24.639792],[120.865123,24.639782],[120.864968,24.639655],[120.865059,24.639334],[120.865048,24.639329]]]]}},{"type":"Feature","properties":{"n":"民生街","v":"南庄鄉","w":4,"c":3.4,"r":null},"geometry":{"type":"MultiPolygon","coordinates":[[[[120.999279,24.598452],[120.999451,24.598443],[121.001532,24.597911],[121.001693,24.595365],[121.001672,24.595365],[121.001511,24.597901],[120.999437,24.598432],[120.999287,24.598437],[120.999279,24.598452]]]]}},{"type":"Feature","properties":{"n":"民生街","v":"南庄鄉","w":1,"c":1,"r":0},"geometry":{"type":"MultiPolygon","coordinates":[[[[121.000826,24.598027],[121.001443,24.597856],[121.001595,24.595345],[121.001584,24.59535],[121.001412,24.597848],[121.000817,24.598023],[121.000826,24.598027]]]]}},{"type":"Feature","properties":{"n":"義昌街","v":"苗栗市","w":3.3,"c":3.2,"r":0},"geometry":{"type":"MultiPolygon","coordinates":[[[[120.823242,24.571636],[120.823215,24.570851],[120.823199,24.570851],[120.823226,24.571636],[120.823242,24.571636]]]]}},{"type":"Feature","properties":{"n":"建中街82巷","v":"苗栗市","w":2.2,"c":2.2,"r":0},"geometry":{"type":"MultiPolygon","coordinates":[[[[120.823225,24.569524],[120.823188,24.568822],[120.823166,24.568827],[120.823199,24.569529],[120.823225,24.569524]]]]}},{"type":"Feature","properties":{"n":"中華路","v":"苗栗市","w":1.3,"c":0.9,"r":0},"geometry":{"type":"MultiPolygon","coordinates":[[[[120.824962,24.574314],[120.82499,24.574315],[120.824915,24.573549],[120.824823,24.572295],[120.824759,24.571143],[120.824648,24.570095],[120.82461,24.57009],[120.824712,24.570993],[120.824782,24.572144],[120.824871,24.573451],[120.824962,24.574314]]]]}},{"type":"Feature","properties":{"n":"紫園街","v":"苗栗市","w":3,"c":2.4,"r":0},"geometry":{"type":"MultiPolygon","coordinates":[[[[120.826878,24.569671],[120.826889,24.569662],[120.826867,24.569393],[120.826846,24.569393],[120.826878,24.569671]]]]}},{"type":"Feature","properties":{"n":"中正路","v":"苗栗市","w":2.3,"c":1.95,"r":0},"geometry":{"type":"MultiPolygon","coordinates":[[[[120.823309,24.562256],[120.822643,24.561036],[120.822617,24.561041],[120.823292,24.562266],[120.823309,24.562256]]]]}},{"type":"Feature","properties":{"n":"中正路","v":"苗栗市","w":2.3,"c":1.84,"r":0},"geometry":{"type":"MultiPolygon","coordinates":[[[[120.823909,24.563676],[120.82393,24.563671],[120.823528,24.562939],[120.823512,24.562949],[120.823909,24.563676]]]]}},{"type":"Feature","properties":{"n":"中正路","v":"苗栗市","w":2.3,"c":2.07,"r":0},"geometry":{"type":"MultiPolygon","coordinates":[[[[120.824144,24.565729],[120.82416,24.565729],[120.824133,24.565393],[120.824111,24.565393],[120.824144,24.565729]]]]}},{"type":"Feature","properties":{"n":"中正路","v":"苗栗市","w":3.8,"c":3.61,"r":0},"geometry":{"type":"MultiPolygon","coordinates":[[[[120.824201,24.566688],[120.824175,24.566127],[120.824164,24.566127],[120.824191,24.566669],[120.824201,24.566688]]]]}},{"type":"Feature","properties":{"n":"中正路","v":"苗栗市","w":3.8,"c":3.61,"r":0},"geometry":{"type":"MultiPolygon","coordinates":[[[[120.824201,24.566688],[120.824175,24.566127],[120.824164,24.566127],[120.824191,24.566669],[120.824201,24.566688]]]]}},{"type":"Feature","properties":{"n":"中正路","v":"苗栗市","w":2.3,"c":2.3,"r":0},"geometry":{"type":"MultiPolygon","coordinates":[[[[120.824229,24.567143],[120.824251,24.567148],[120.824235,24.566919],[120.824218,24.566919],[120.824229,24.567143]]]]}},{"type":"Feature","properties":{"n":"中正路","v":"苗栗市","w":2.3,"c":2.11,"r":0},"geometry":{"type":"MultiPolygon","coordinates":[[[[120.824337,24.568532],[120.824358,24.568537],[120.824299,24.567605],[120.824278,24.56761],[120.824337,24.568532]]]]}},{"type":"Feature","properties":{"n":"建民街","v":"苗栗市","w":2.3,"c":2.3,"r":0},"geometry":{"type":"MultiPolygon","coordinates":[[[[120.823665,24.565838],[120.824062,24.565809],[120.824057,24.565794],[120.823665,24.565814],[120.823665,24.565838]]]]}},{"type":"Feature","properties":{"n":"建國路","v":"頭份鎮","w":3,"c":2.7,"r":0},"geometry":{"type":"MultiPolygon","coordinates":[[[[120.909414,24.695913],[120.909419,24.695923],[120.911324,24.694826],[120.911324,24.694773],[120.910814,24.693939],[120.910787,24.693944],[120.911302,24.694763],[120.911286,24.694826],[120.909414,24.695913]]]]}},{"type":"Feature","properties":{"n":"建華街","v":"苗栗市","w":2.3,"c":2.3,"r":0},"geometry":{"type":"MultiPolygon","coordinates":[[[[120.823613,24.567243],[120.824186,24.567204],[120.824184,24.567194],[120.823613,24.567238],[120.823613,24.567243]]]]}},{"type":"Feature","properties":{"n":"中山路","v":"苗栗市","w":2,"c":1.8,"r":0},"geometry":{"type":"MultiPolygon","coordinates":[[[[120.823598,24.568369],[120.823614,24.568335],[120.823576,24.567706],[120.823566,24.567706],[120.823598,24.568369]]]]}},{"type":"Feature","properties":{"n":"中山路","v":"苗栗市","w":2,"c":1.7,"r":0},"geometry":{"type":"MultiPolygon","coordinates":[[[[120.823977,24.564784],[120.823966,24.564774],[120.823365,24.564818],[120.823327,24.564311],[120.823311,24.564311],[120.823354,24.564828],[120.823977,24.564784]]]]}},{"type":"Feature","properties":{"n":"中山路","v":"苗栗市","w":3.5,"c":2.45,"r":0},"geometry":{"type":"MultiPolygon","coordinates":[[[[120.823221,24.564208],[120.823232,24.564193],[120.823199,24.563935],[120.823194,24.563935],[120.823221,24.564208]]]]}},{"type":"Feature","properties":{"n":"建國路","v":"頭份鎮","w":3,"c":2.1,"r":0},"geometry":{"type":"MultiPolygon","coordinates":[[[[120.911301,24.69498],[120.912283,24.69441],[120.912272,24.694405],[120.911296,24.694971],[120.911301,24.69498]]]]}},{"type":"Feature","properties":{"n":"長生街","v":"頭份鎮","w":2,"c":1.8,"r":0},"geometry":{"type":"MultiPolygon","coordinates":[[[[120.908471,24.693477],[120.909077,24.692571],[120.909066,24.692566],[120.908455,24.693472],[120.908471,24.693477]]]]}},{"type":"Feature","properties":{"n":"中山路","v":"苗栗市","w":1.5,"c":1.5,"r":0},"geometry":{"type":"MultiPolygon","coordinates":[[[[120.822888,24.563825],[120.823135,24.563762],[120.823135,24.563754],[120.822885,24.563818],[120.822888,24.563825]]]]}},{"type":"Feature","properties":{"n":"中山路","v":"苗栗市","w":4,"c":4,"r":0},"geometry":{"type":"MultiPolygon","coordinates":[[[[120.823111,24.563017],[120.822719,24.56229],[120.822708,24.5623],[120.823094,24.563027],[120.8231,24.563027],[120.823094,24.563012],[120.823111,24.563017]]]]}},{"type":"Feature","properties":{"n":"新民街","v":"苗栗市","w":4,"c":4,"r":0},"geometry":{"type":"MultiPolygon","coordinates":[[[[120.823141,24.563032],[120.823446,24.56288],[120.823436,24.562866],[120.823141,24.563022],[120.823141,24.563032]]]]}},{"type":"Feature","properties":{"n":"成功路","v":"頭份鎮","w":2,"c":1.4,"r":0},"geometry":{"type":"MultiPolygon","coordinates":[[[[120.908461,24.693487],[120.908451,24.693497],[120.90918,24.693862],[120.910291,24.693234],[120.91028,24.693209],[120.909175,24.693843],[120.908461,24.693487]]]]}},{"type":"Feature","properties":{"n":"大興街","v":"頭份鎮","w":1,"c":0.9,"r":0},"geometry":{"type":"MultiPolygon","coordinates":[[[[120.904781,24.693144],[120.90432,24.693885],[120.904781,24.693159],[120.904781,24.693144]]]]}},{"type":"Feature","properties":{"n":"大興街","v":"頭份鎮","w":1,"c":0.9,"r":0},"geometry":{"type":"MultiPolygon","coordinates":[[[[120.904411,24.693924],[120.904867,24.693203],[120.904851,24.693198],[120.904406,24.693924],[120.904411,24.693924]]]]}},{"type":"Feature","properties":{"n":"豐年路","v":"苗栗市","w":3,"c":2.6,"r":0},"geometry":{"type":"MultiPolygon","coordinates":[[[[120.828307,24.573284],[120.828318,24.572914],[120.828286,24.572914],[120.828286,24.57328],[120.828307,24.573284]]]]}},{"type":"Feature","properties":{"n":"啟賢街","v":"苗栗市","w":3,"c":2.4,"r":0},"geometry":{"type":"MultiPolygon","coordinates":[[[[120.827202,24.572847],[120.828254,24.572877],[120.828254,24.572862],[120.827202,24.572833],[120.827202,24.572847]]]]}},{"type":"Feature","properties":{"n":"為公路","v":"苗栗市","w":3,"c":2.4,"r":0},"geometry":{"type":"MultiPolygon","coordinates":[[[[120.828521,24.571223],[120.829894,24.571594],[120.829894,24.571555],[120.828575,24.571204],[120.828596,24.571194],[120.828521,24.571223]]]]}},{"type":"Feature","properties":{"n":"大同路80巷","v":"頭份鎮","w":3,"c":2.7,"r":0},"geometry":{"type":"MultiPolygon","coordinates":[[[[120.912303,24.696407],[120.911316,24.694976],[120.911303,24.694988],[120.912287,24.696414],[120.912303,24.696407]]]]}},{"type":"Feature","properties":{"n":"合作街","v":"頭份鎮","w":2,"c":1.4,"r":0},"geometry":{"type":"MultiPolygon","coordinates":[[[[120.912959,24.695085],[120.91345,24.69577],[120.913874,24.695519],[120.913399,24.69479],[120.91293,24.695048],[120.912943,24.695065],[120.913394,24.694817],[120.913847,24.695511],[120.913453,24.695743],[120.912981,24.695073],[120.912959,24.695085]]]]}},{"type":"Feature","properties":{"n":"中正路","v":"頭份鎮","w":0.9,"c":0.9,"r":0},"geometry":{"type":"MultiPolygon","coordinates":[[[[120.910961,24.68744],[120.911181,24.687275],[120.911551,24.68744],[120.911562,24.687421],[120.91117,24.68726],[120.91095,24.687421],[120.910961,24.68744]]]]}},{"type":"Feature","properties":{"n":"中正路","v":"頭份鎮","w":2,"c":1.8,"r":0},"geometry":{"type":"MultiPolygon","coordinates":[[[[120.911567,24.68746],[120.912308,24.687821],[120.912318,24.687801],[120.911578,24.68744],[120.911567,24.68746]]]]}},{"type":"Feature","properties":{"n":"民權街","v":"苗栗市","w":4,"c":3.92,"r":0},"geometry":{"type":"MultiPolygon","coordinates":[[[[120.822693,24.562197],[120.822709,24.562211],[120.823031,24.56205],[120.823025,24.562041],[120.822693,24.562197]]]]}},{"type":"Feature","properties":{"n":"文化街","v":"苗栗市","w":4,"c":4,"r":0},"geometry":{"type":"MultiPolygon","coordinates":[[[[120.822188,24.561248],[120.822188,24.561267],[120.822451,24.561136],[120.822451,24.561126],[120.822188,24.561248]]]]}},{"type":"Feature","properties":{"n":"中正路","v":"頭份鎮","w":1.5,"c":1.2,"r":0},"geometry":{"type":"MultiPolygon","coordinates":[[[[120.91096,24.686975],[120.911172,24.687114],[120.911223,24.687031],[120.911212,24.687026],[120.911164,24.68709],[120.910968,24.686965],[120.91096,24.686975]]]]}},{"type":"Feature","properties":{"n":"中山路","v":"頭份鎮","w":4,"c":2.8,"r":0},"geometry":{"type":"MultiPolygon","coordinates":[[[[120.912786,24.686557],[120.912783,24.686569],[120.913298,24.686881],[120.913306,24.686874],[120.912786,24.686557]]]]}},{"type":"Feature","properties":{"n":"中山路","v":"苗栗市","w":3.6,"c":2.16,"r":0},"geometry":{"type":"MultiPolygon","coordinates":[[[[120.822084,24.561237],[120.821765,24.560903],[120.82176,24.560905],[120.822079,24.561242],[120.822084,24.561237]]]]}},{"type":"Feature","properties":{"n":"崇仁街","v":"頭份鎮","w":3,"c":3,"r":0},"geometry":{"type":"MultiPolygon","coordinates":[[[[120.904042,24.683195],[120.904504,24.682649],[120.904493,24.682639],[120.904032,24.68319],[120.904042,24.683195]]]]}},{"type":"Feature","properties":{"n":"中山路","v":"苗栗市","w":1.8,"c":1.62,"r":null},"geometry":{"type":"MultiPolygon","coordinates":[[[[120.814288,24.555087],[120.81439,24.555092],[120.814396,24.555077],[120.814288,24.555077],[120.814288,24.555087]]]]}},{"type":"Feature","properties":{"n":"中山路","v":"苗栗市","w":3.5,"c":3.15,"r":0},"geometry":{"type":"MultiPolygon","coordinates":[[[[120.814298,24.554745],[120.814282,24.554755],[120.814438,24.554965],[120.814454,24.554965],[120.814298,24.554745]]]]}},{"type":"Feature","properties":{"n":"仁愛路","v":"頭份鎮","w":1,"c":0.8,"r":0},"geometry":{"type":"MultiPolygon","coordinates":[[[[120.908057,24.687596],[120.908229,24.687362],[120.908207,24.687352],[120.908041,24.687586],[120.908057,24.687596]]]]}},{"type":"Feature","properties":{"n":"中華路","v":"頭份鎮","w":2,"c":1.8,"r":0},"geometry":{"type":"MultiPolygon","coordinates":[[[[120.90609,24.684688],[120.906031,24.684278],[120.906004,24.684278],[120.906068,24.684692],[120.90609,24.684688]]]]}},{"type":"Feature","properties":{"n":"信義街","v":"苗栗市","w":1.3,"c":1.26,"r":0},"geometry":{"type":"MultiPolygon","coordinates":[[[[120.815769,24.55141],[120.815799,24.551376],[120.815818,24.551274],[120.815748,24.551149],[120.815684,24.551125],[120.815659,24.551127],[120.815761,24.551232],[120.815791,24.551281],[120.815788,24.551364],[120.815769,24.55141]]]]}},{"type":"Feature","properties":{"n":"信義街","v":"苗栗市","w":1.3,"c":1.3,"r":0},"geometry":{"type":"MultiPolygon","coordinates":[[[[120.815211,24.550677],[120.815211,24.550769],[120.815296,24.550816],[120.815304,24.550801],[120.815221,24.550762],[120.815221,24.550682],[120.815211,24.550677]]]]}},{"type":"Feature","properties":{"n":"信義街","v":"苗栗市","w":7,"c":4.9,"r":0},"geometry":{"type":"MultiPolygon","coordinates":[[[[120.814548,24.550452],[120.815197,24.550871],[120.815202,24.550861],[120.814548,24.550432],[120.814548,24.550452]]]]}},{"type":"Feature","properties":{"n":"信義街","v":"苗栗市","w":1.5,"c":1.5,"r":0},"geometry":{"type":"MultiPolygon","coordinates":[[[[120.815321,24.550813],[120.815313,24.550818],[120.815777,24.55103],[120.815782,24.551026],[120.815321,24.550813]]]]}},{"type":"Feature","properties":{"n":"水源路","v":"苗栗市","w":4,"c":4,"r":0},"geometry":{"type":"MultiPolygon","coordinates":[[[[120.816809,24.543719],[120.816838,24.543732],[120.816884,24.543439],[120.817678,24.543478],[120.817681,24.543463],[120.81686,24.543427],[120.816809,24.543719]]]]}},{"type":"Feature","properties":{"n":"水源路","v":"苗栗市","w":3,"c":3,"r":0},"geometry":{"type":"MultiPolygon","coordinates":[[[[120.816848,24.543754],[120.816842,24.543762],[120.817392,24.543898],[120.81783,24.543867],[120.81783,24.543854],[120.817398,24.543886],[120.816848,24.543754]]]]}},{"type":"Feature","properties":{"n":"信義路","v":"頭份鎮","w":0.9,"c":0.9,"r":0},"geometry":{"type":"MultiPolygon","coordinates":[[[[120.891661,24.698395],[120.891712,24.698259],[120.891816,24.698161],[120.891797,24.698151],[120.891698,24.698251],[120.891645,24.698388],[120.891661,24.698395]]]]}},{"type":"Feature","properties":{"n":"信中路","v":"頭份鎮","w":0.9,"c":0.9,"r":null},"geometry":{"type":"MultiPolygon","coordinates":[[[[120.89158,24.698098],[120.891586,24.698105],[120.891709,24.698059],[120.89173,24.697995],[120.891655,24.697839],[120.891645,24.697842],[120.891722,24.697995],[120.891701,24.698054],[120.89158,24.698098]]]]}},{"type":"Feature","properties":{"n":"郵電街","v":"苗栗市","w":4,"c":4,"r":0},"geometry":{"type":"MultiPolygon","coordinates":[[[[120.820792,24.558703],[120.820803,24.558713],[120.821033,24.558591],[120.821028,24.558576],[120.820792,24.558703]]]]}},{"type":"Feature","properties":{"n":"郵電街","v":"苗栗市","w":2,"c":2,"r":0},"geometry":{"type":"MultiPolygon","coordinates":[[[[120.820775,24.558799],[120.820963,24.558711],[120.820957,24.558706],[120.820764,24.558794],[120.820775,24.558799]]]]}},{"type":"Feature","properties":{"n":"建台街","v":"苗栗市","w":4,"c":3.2,"r":0},"geometry":{"type":"MultiPolygon","coordinates":[[[[120.820425,24.557907],[120.82057,24.557838],[120.82057,24.557819],[120.820425,24.557887],[120.820425,24.557907]]]]}},{"type":"Feature","properties":{"n":"國華路","v":"苗栗市","w":2,"c":1.9,"r":0},"geometry":{"type":"MultiPolygon","coordinates":[[[[120.814056,24.554966],[120.814083,24.554957],[120.814072,24.554049],[120.814051,24.554049],[120.814056,24.554966]]]]}},{"type":"Feature","properties":{"n":"公園五街","v":"頭份鎮","w":1.5,"c":1.35,"r":0},"geometry":{"type":"MultiPolygon","coordinates":[[[[120.889292,24.692352],[120.889292,24.692371],[120.890011,24.692386],[120.890011,24.692371],[120.889292,24.692352]]]]}},{"type":"Feature","properties":{"n":"國華路","v":"苗栗市","w":2,"c":1.6,"r":0},"geometry":{"type":"MultiPolygon","coordinates":[[[[120.814039,24.554019],[120.814071,24.554019],[120.81398,24.551899],[120.813942,24.551908],[120.814012,24.553709],[120.814039,24.554019]]]]}},{"type":"Feature","properties":{"n":"國華路","v":"苗栗市","w":2,"c":1.6,"r":0},"geometry":{"type":"MultiPolygon","coordinates":[[[[120.814274,24.554532],[120.814301,24.554523],[120.814226,24.552917],[120.814211,24.552101],[120.814163,24.552096],[120.814211,24.553207],[120.814274,24.554532]]]]}},{"type":"Feature","properties":{"n":"公園五街","v":"頭份鎮","w":1.5,"c":1.5,"r":0},"geometry":{"type":"MultiPolygon","coordinates":[[[[120.890006,24.692362],[120.890022,24.692371],[120.890049,24.692342],[120.890065,24.692011],[120.890043,24.692011],[120.890038,24.692328],[120.890006,24.692362]]]]}},{"type":"Feature","properties":{"n":"國華路","v":"苗栗市","w":1.7,"c":1.65,"r":0},"geometry":{"type":"MultiPolygon","coordinates":[[[[120.814111,24.550737],[120.814127,24.549469],[120.814108,24.549466],[120.81409,24.549783],[120.814076,24.55073],[120.814111,24.550737]]]]}},{"type":"Feature","properties":{"n":"公園路","v":"頭份鎮","w":1.5,"c":1.35,"r":0},"geometry":{"type":"MultiPolygon","coordinates":[[[[120.892074,24.691599],[120.89209,24.690781],[120.892074,24.690781],[120.892058,24.691599],[120.892074,24.691599]]]]}},{"type":"Feature","properties":{"n":"公園七路","v":"頭份鎮","w":3,"c":3,"r":0},"geometry":{"type":"MultiPolygon","coordinates":[[[[120.891758,24.693183],[120.891758,24.693208],[120.891908,24.693203],[120.891961,24.693154],[120.891972,24.692681],[120.891956,24.692677],[120.89194,24.693135],[120.891897,24.693188],[120.891758,24.693183]]]]}},{"type":"Feature","properties":{"n":"公園路","v":"頭份鎮","w":3,"c":3,"r":0},"geometry":{"type":"MultiPolygon","coordinates":[[[[120.891998,24.690795],[120.892001,24.690761],[120.891215,24.690771],[120.891207,24.691073],[120.891258,24.691068],[120.891263,24.6908],[120.891998,24.690795]]]]}},{"type":"Feature","properties":{"n":"國華路","v":"苗栗市","w":2,"c":1.2,"r":0},"geometry":{"type":"MultiPolygon","coordinates":[[[[120.813976,24.567983],[120.814013,24.567988],[120.813804,24.565046],[120.813578,24.560038],[120.814106,24.558623],[120.813741,24.557471],[120.813687,24.557462],[120.814063,24.558623],[120.814009,24.558828],[120.81352,24.560048],[120.813499,24.560828],[120.813592,24.562389],[120.813676,24.564253],[120.813976,24.567983]]]]}},{"type":"Feature","properties":{"n":"國華路","v":"苗栗市","w":2,"c":1.2,"r":0},"geometry":{"type":"MultiPolygon","coordinates":[[[[120.813829,24.562966],[120.813732,24.561278],[120.813734,24.560251],[120.81381,24.559724],[120.814271,24.558729],[120.814249,24.558602],[120.813863,24.55747],[120.813831,24.55749],[120.814239,24.558709],[120.81367,24.560006],[120.813681,24.560162],[120.813802,24.562952],[120.813829,24.562966]]]]}},{"type":"Feature","properties":{"n":"公園七街","v":"頭份鎮","w":2,"c":1.4,"r":0},"geometry":{"type":"MultiPolygon","coordinates":[[[[120.891999,24.690806],[120.891999,24.691054],[120.892015,24.691054],[120.89202,24.690801],[120.891999,24.690806]]]]}},{"type":"Feature","properties":{"n":"國華路","v":"苗栗市","w":2,"c":1.4,"r":0},"geometry":{"type":"MultiPolygon","coordinates":[[[[120.814178,24.567967],[120.813942,24.564494],[120.813899,24.564494],[120.814157,24.567967],[120.814178,24.567967]]]]}},{"type":"Feature","properties":{"n":"國華路","v":"苗栗市","w":6,"c":5.7,"r":0},"geometry":{"type":"MultiPolygon","coordinates":[[[[120.813896,24.564305],[120.813853,24.563139],[120.813826,24.563144],[120.813869,24.564305],[120.813896,24.564305]]]]}},{"type":"Feature","properties":{"n":"德義路","v":"頭份鎮","w":3,"c":2.4,"r":0},"geometry":{"type":"MultiPolygon","coordinates":[[[[120.894565,24.691763],[120.894565,24.691728],[120.894385,24.691724],[120.894383,24.691504],[120.894342,24.691502],[120.894348,24.691731],[120.894361,24.69176],[120.894565,24.691763]]]]}},{"type":"Feature","properties":{"n":"昌隆二街","v":"頭份鎮","w":1.5,"c":0.45,"r":0},"geometry":{"type":"MultiPolygon","coordinates":[[[[120.895317,24.687961],[120.896068,24.688093],[120.896068,24.688083],[120.89532,24.687954],[120.895317,24.687961]]]]}},{"type":"Feature","properties":{"n":"昌隆二街","v":"頭份鎮","w":1.5,"c":1.35,"r":0},"geometry":{"type":"MultiPolygon","coordinates":[[[[120.895332,24.68787],[120.895322,24.687877],[120.896405,24.688063],[120.89647,24.688016],[120.896628,24.687256],[120.896612,24.687251],[120.896459,24.688014],[120.896405,24.688048],[120.895332,24.68787]]]]}},{"type":"Feature","properties":{"n":"自治路","v":"苗栗市","w":5.5,"c":3.85,"r":0},"geometry":{"type":"MultiPolygon","coordinates":[[[[120.820067,24.565659],[120.820743,24.565483],[120.820737,24.565473],[120.820051,24.565644],[120.820067,24.565659]]]]}},{"type":"Feature","properties":{"n":"英明街","v":"苗栗市","w":2.2,"c":1.54,"r":0},"geometry":{"type":"MultiPolygon","coordinates":[[[[120.821601,24.570345],[120.821622,24.570345],[120.821579,24.569916],[120.821402,24.569809],[120.821284,24.569521],[120.821091,24.569482],[120.821086,24.569501],[120.821279,24.56954],[120.821386,24.569828],[120.821552,24.569916],[120.821601,24.570345]]]]}},{"type":"Feature","properties":{"n":"大埔街","v":"苗栗市","w":3.5,"c":0.53,"r":0},"geometry":{"type":"MultiPolygon","coordinates":[[[[120.818631,24.56155],[120.818939,24.561264],[120.818931,24.56126],[120.818628,24.561543],[120.818631,24.56155]]]]}},{"type":"Feature","properties":{"n":"至公路","v":"苗栗市","w":4.5,"c":4.14,"r":0},"geometry":{"type":"MultiPolygon","coordinates":[[[[120.816136,24.559785],[120.816136,24.559805],[120.81701,24.559366],[120.817005,24.559341],[120.816136,24.559785]]]]}},{"type":"Feature","properties":{"n":"昌隆二街","v":"頭份鎮","w":1.5,"c":1.2,"r":0},"geometry":{"type":"MultiPolygon","coordinates":[[[[120.897762,24.688296],[120.898974,24.6885],[120.89898,24.688486],[120.897767,24.688276],[120.897762,24.688296]]]]}},{"type":"Feature","properties":{"n":"至公路","v":"苗栗市","w":5.3,"c":4.5,"r":0},"geometry":{"type":"MultiPolygon","coordinates":[[[[120.814541,24.56063],[120.814541,24.560649],[120.815716,24.560034],[120.815705,24.560005],[120.814541,24.56063]]]]}},{"type":"Feature","properties":{"n":"府前路","v":"苗栗市","w":3,"c":2.55,"r":0},"geometry":{"type":"MultiPolygon","coordinates":[[[[120.816997,24.559291],[120.817006,24.559283],[120.816138,24.558466],[120.816122,24.558476],[120.816997,24.559291]]]]}},{"type":"Feature","properties":{"n":"忠貞路","v":"苗栗市","w":1.8,"c":1.8,"r":0},"geometry":{"type":"MultiPolygon","coordinates":[[[[120.815633,24.557127],[120.815644,24.557117],[120.814185,24.556248],[120.814158,24.556258],[120.815633,24.557127]]]]}},{"type":"Feature","properties":{"n":"民族路394巷","v":"頭份鎮","w":10,"c":10,"r":0},"geometry":{"type":"MultiPolygon","coordinates":[[[[120.89533,24.687863],[120.895501,24.687035],[120.896596,24.68721],[120.896609,24.687249],[120.896623,24.68724],[120.896607,24.687203],[120.895499,24.687018],[120.895314,24.687863],[120.89533,24.687863]]]]}},{"type":"Feature","properties":{"n":"國華路1123巷","v":"苗栗市","w":3,"c":2.97,"r":0},"geometry":{"type":"MultiPolygon","coordinates":[[[[120.813938,24.563099],[120.813944,24.563113],[120.815215,24.562747],[120.815215,24.562723],[120.813938,24.563099]]]]}},{"type":"Feature","properties":{"n":"民族路159巷","v":"苗栗市","w":5.5,"c":5.44,"r":0},"geometry":{"type":"MultiPolygon","coordinates":[[[[120.815564,24.563879],[120.815585,24.563865],[120.815263,24.562718],[120.815242,24.562713],[120.815564,24.563879]]]]}},{"type":"Feature","properties":{"n":"富民三街","v":"頭份鎮","w":10,"c":9,"r":0},"geometry":{"type":"MultiPolygon","coordinates":[[[[120.896719,24.687268],[120.896708,24.687263],[120.896548,24.688023],[120.896569,24.688079],[120.897596,24.688255],[120.897604,24.688238],[120.89659,24.688067],[120.896566,24.688023],[120.896719,24.687268]]]]}},{"type":"Feature","properties":{"n":"英才路-43巷","v":"苗栗市","w":4,"c":3.4,"r":0},"geometry":{"type":"MultiPolygon","coordinates":[[[[120.820098,24.56687],[120.820093,24.566885],[120.820957,24.566856],[120.820957,24.566846],[120.820098,24.56687]]]]}},{"type":"Feature","properties":{"n":"自治路-52巷","v":"苗栗市","w":3.5,"c":3.3,"r":0},"geometry":{"type":"MultiPolygon","coordinates":[[[[120.82008,24.566851],[120.820037,24.565709],[120.820021,24.565709],[120.820074,24.566846],[120.82008,24.566851]]]]}},{"type":"Feature","properties":{"n":"富強二街","v":"頭份鎮","w":10,"c":8,"r":0},"geometry":{"type":"MultiPolygon","coordinates":[[[[120.898083,24.686549],[120.898073,24.686551],[120.897928,24.687292],[120.897939,24.687292],[120.898083,24.686549]]]]}},{"type":"Feature","properties":{"n":"富強二街","v":"頭份鎮","w":10,"c":8,"r":0},"geometry":{"type":"MultiPolygon","coordinates":[[[[120.89761,24.688231],[120.897618,24.688241],[120.897647,24.688217],[120.897808,24.687449],[120.897776,24.687405],[120.896749,24.68724],[120.896719,24.687254],[120.896722,24.687266],[120.896757,24.687249],[120.897755,24.687413],[120.897792,24.687449],[120.897639,24.688207],[120.89761,24.688231]]]]}},{"type":"Feature","properties":{"n":"富強一街","v":"頭份鎮","w":10,"c":10,"r":0},"geometry":{"type":"MultiPolygon","coordinates":[[[[120.899205,24.687512],[120.899226,24.687512],[120.899382,24.686756],[120.899365,24.686751],[120.899205,24.687512]]]]}},{"type":"Feature","properties":{"n":"富強一街","v":"頭份鎮","w":10,"c":10,"r":0},"geometry":{"type":"MultiPolygon","coordinates":[[[[120.899317,24.687515],[120.899462,24.686765],[120.899441,24.686765],[120.899296,24.687515],[120.899317,24.687515]]]]}},{"type":"Feature","properties":{"n":"富國街","v":"頭份鎮","w":1.5,"c":0.9,"r":0},"geometry":{"type":"MultiPolygon","coordinates":[[[[120.90026,24.687684],[120.900252,24.687682],[120.900445,24.686909],[120.900427,24.686887],[120.900231,24.687682],[120.90026,24.687684]]]]}},{"type":"Feature","properties":{"n":"富國街","v":"頭份鎮","w":8,"c":7.2,"r":0},"geometry":{"type":"MultiPolygon","coordinates":[[[[120.899725,24.688583],[120.89972,24.688598],[120.900004,24.688656],[120.900063,24.688617],[120.900234,24.687832],[120.900224,24.687803],[120.899907,24.687749],[120.899897,24.687774],[120.900175,24.687813],[120.900208,24.687827],[120.900047,24.688598],[120.900004,24.688632],[120.899725,24.688583]]]]}},{"type":"Feature","properties":{"n":"東民街","v":"頭份鎮","w":2,"c":2,"r":0},"geometry":{"type":"MultiPolygon","coordinates":[[[[120.903158,24.686056],[120.903137,24.686051],[120.90282,24.687021],[120.902842,24.687026],[120.903158,24.686056]]]]}},{"type":"Feature","properties":{"n":"育樂街","v":"頭份鎮","w":10,"c":10,"r":0},"geometry":{"type":"MultiPolygon","coordinates":[[[[120.903789,24.687452],[120.903767,24.687437],[120.903381,24.689426],[120.903419,24.689436],[120.903789,24.687452]]]]}},{"type":"Feature","properties":{"n":"育樂街","v":"頭份鎮","w":2,"c":2,"r":0},"geometry":{"type":"MultiPolygon","coordinates":[[[[120.903593,24.687161],[120.903619,24.6872],[120.904403,24.686737],[120.904387,24.686698],[120.903593,24.687161]]]]}},{"type":"Feature","properties":{"n":"巷A","v":"頭份鎮","w":0.9,"c":0.81,"r":0},"geometry":{"type":"MultiPolygon","coordinates":[[[[120.895004,24.685172],[120.894964,24.685104],[120.894967,24.684992],[120.895452,24.6834],[120.895436,24.683388],[120.894953,24.684987],[120.89495,24.685109],[120.894988,24.685182],[120.895004,24.685172]]]]}},{"type":"Feature","properties":{"n":"車站街","v":"後龍鎮","w":1.5,"c":1.4,"r":null},"geometry":{"type":"MultiPolygon","coordinates":[[[[120.787184,24.617153],[120.784925,24.616323],[120.78522,24.616119],[120.78605,24.615284],[120.786034,24.615279],[120.785422,24.615889],[120.785224,24.616098],[120.784893,24.616328],[120.787162,24.617162],[120.787184,24.617153]]]]}},{"type":"Feature","properties":{"n":"中華路","v":"後龍鎮","w":1.5,"c":1,"r":0},"geometry":{"type":"MultiPolygon","coordinates":[[[[120.788408,24.616138],[120.788408,24.616123],[120.787582,24.615548],[120.786563,24.614875],[120.786547,24.614875],[120.787571,24.615553],[120.788408,24.616138]]]]}},{"type":"Feature","properties":{"n":"東門街","v":"後龍鎮","w":1.5,"c":1,"r":0},"geometry":{"type":"MultiPolygon","coordinates":[[[[120.789559,24.615056],[120.79024,24.614948],[120.79024,24.614934],[120.789548,24.615046],[120.789559,24.615056]]]]}},{"type":"Feature","properties":{"n":"龍山路","v":"後龍鎮","w":1,"c":0.7,"r":0},"geometry":{"type":"MultiPolygon","coordinates":[[[[120.793152,24.622225],[120.793206,24.6222],[120.792656,24.621166],[120.792366,24.620523],[120.791891,24.619296],[120.791838,24.619033],[120.791792,24.618848],[120.791795,24.618457],[120.791811,24.617706],[120.791845,24.616514],[120.791807,24.616519],[120.791786,24.617294],[120.791764,24.61875],[120.791767,24.618857],[120.791877,24.619313],[120.792253,24.620303],[120.792448,24.620762],[120.792625,24.621159],[120.792851,24.621617],[120.793084,24.622051],[120.793152,24.622225]]]]}},{"type":"Feature","properties":{"n":"新港三路","v":"後龍鎮","w":1.5,"c":1.5,"r":0},"geometry":{"type":"MultiPolygon","coordinates":[[[[120.796627,24.616684],[120.797206,24.616616],[120.797587,24.616577],[120.798418,24.616304],[120.79935,24.615965],[120.799924,24.615658],[120.800616,24.615243],[120.800606,24.615233],[120.79971,24.61575],[120.799343,24.615946],[120.798716,24.616185],[120.797584,24.616561],[120.796629,24.616663],[120.796627,24.616684]]]]}},{"type":"Feature","properties":{"n":"龍山路三段","v":"竹南鎮","w":5,"c":5,"r":0},"geometry":{"type":"MultiPolygon","coordinates":[[[[120.880366,24.702241],[120.880355,24.70225],[120.880607,24.702299],[120.880666,24.70226],[120.880816,24.70168],[120.87991,24.701505],[120.879905,24.701529],[120.88079,24.701704],[120.88065,24.702241],[120.880602,24.70228],[120.880366,24.702241]]]]}},{"type":"Feature","properties":{"n":"龍山路三段","v":"竹南鎮","w":3.5,"c":3.15,"r":0},"geometry":{"type":"MultiPolygon","coordinates":[[[[120.878728,24.701217],[120.878701,24.701227],[120.878567,24.701656],[120.878588,24.701748],[120.879462,24.701987],[120.879505,24.70189],[120.879505,24.701436],[120.879484,24.701432],[120.879489,24.701894],[120.879452,24.701972],[120.878615,24.701739],[120.878588,24.701675],[120.878728,24.701217]]]]}},{"type":"Feature","properties":{"n":"明德街","v":"竹南鎮","w":2,"c":1.9,"r":0},"geometry":{"type":"MultiPolygon","coordinates":[[[[120.87651,24.695583],[120.87567,24.693965],[120.875673,24.694011],[120.876478,24.695568],[120.87651,24.695583]]]]}},{"type":"Feature","properties":{"n":"龍昇街","v":"竹南鎮","w":4.5,"c":3.15,"r":0},"geometry":{"type":"MultiPolygon","coordinates":[[[[120.869021,24.698228],[120.868968,24.698247],[120.870824,24.699787],[120.870845,24.699768],[120.869021,24.698228]]]]}},{"type":"Feature","properties":{"n":"高鐵三路","v":"後龍鎮","w":3,"c":2.7,"r":0},"geometry":{"type":"MultiPolygon","coordinates":[[[[120.827846,24.609719],[120.827819,24.609741],[120.828463,24.610717],[120.830321,24.61358],[120.830356,24.613568],[120.829245,24.611861],[120.828018,24.60999],[120.827846,24.609719]]]]}},{"type":"Feature","properties":{"n":"龍山路二段","v":"竹南鎮","w":4,"c":3.6,"r":null},"geometry":{"type":"MultiPolygon","coordinates":[[[[120.869971,24.697648],[120.871666,24.699309],[120.871677,24.699295],[120.869976,24.697643],[120.869971,24.697648]]]]}},{"type":"Feature","properties":{"n":"高鐵二路","v":"後龍鎮","w":2,"c":1.8,"r":0},"geometry":{"type":"MultiPolygon","coordinates":[[[[120.834366,24.612445],[120.830252,24.608378],[120.83023,24.608397],[120.83435,24.612469],[120.834366,24.612445]]]]}},{"type":"Feature","properties":{"n":"新港五路","v":"後龍鎮","w":2,"c":1.8,"r":0},"geometry":{"type":"MultiPolygon","coordinates":[[[[120.818864,24.606405],[120.821669,24.604985],[120.821669,24.604941],[120.818837,24.60639],[120.818864,24.606405]]]]}},{"type":"Feature","properties":{"n":"光復路","v":"通霄鎮","w":0.5,"c":0.5,"r":0},"geometry":{"type":"MultiPolygon","coordinates":[[[[120.682546,24.488506],[120.682916,24.488164],[120.6829,24.488154],[120.682535,24.488491],[120.682546,24.488506]]]]}},{"type":"Feature","properties":{"n":"福德路","v":"通霄鎮","w":0.5,"c":0.5,"r":0},"geometry":{"type":"MultiPolygon","coordinates":[[[[120.681566,24.487531],[120.68191,24.487194],[120.681899,24.48719],[120.681566,24.487517],[120.681566,24.487531]]]]}},{"type":"Feature","properties":{"n":"大業街","v":"竹南鎮","w":2,"c":2,"r":0},"geometry":{"type":"MultiPolygon","coordinates":[[[[120.871339,24.685476],[120.871331,24.685471],[120.871339,24.685773],[120.871352,24.685773],[120.871339,24.685476]]]]}},{"type":"Feature","properties":{"n":"大業街","v":"竹南鎮","w":2.5,"c":1,"r":0},"geometry":{"type":"MultiPolygon","coordinates":[[[[120.869327,24.685054],[120.871197,24.685193],[120.871221,24.685161],[120.871272,24.684591],[120.871237,24.684564],[120.869298,24.684466],[120.869298,24.684513],[120.871197,24.684595],[120.871226,24.68463],[120.871181,24.685151],[120.871162,24.685161],[120.869327,24.685012],[120.869327,24.685054]]]]}},{"type":"Feature","properties":{"n":"旗山路1巷","v":"通霄鎮","w":2,"c":1.6,"r":0},"geometry":{"type":"MultiPolygon","coordinates":[[[[120.681958,24.493232],[120.681952,24.493247],[120.682244,24.493294],[120.682676,24.493294],[120.682973,24.493272],[120.683464,24.493803],[120.683515,24.493818],[120.684134,24.493706],[120.684134,24.493696],[120.683519,24.493811],[120.68346,24.493797],[120.682972,24.493261],[120.682677,24.493283],[120.68224,24.493283],[120.681958,24.493232]]]]}},{"type":"Feature","properties":{"n":"順天街","v":"苑裡鎮","w":1,"c":0.8,"r":0},"geometry":{"type":"MultiPolygon","coordinates":[[[[120.650137,24.430732],[120.65018,24.430732],[120.65121,24.427313],[120.651145,24.427352],[120.650137,24.430732]]]]}},{"type":"Feature","properties":{"n":"信義街","v":"苑裡鎮","w":2,"c":2,"r":0},"geometry":{"type":"MultiPolygon","coordinates":[[[[120.653527,24.439772],[120.653538,24.439767],[120.653388,24.439464],[120.653383,24.439464],[120.653527,24.439772]]]]}},{"type":"Feature","properties":{"n":"文聖街","v":"竹南鎮","w":2,"c":2,"r":0},"geometry":{"type":"MultiPolygon","coordinates":[[[[120.87136,24.685771],[120.871357,24.68578],[120.871545,24.685768],[120.871548,24.685761],[120.87136,24.685771]]]]}},{"type":"Feature","properties":{"n":"大營路","v":"竹南鎮","w":2,"c":2,"r":0},"geometry":{"type":"MultiPolygon","coordinates":[[[[120.872951,24.683916],[120.872959,24.683918],[120.87298,24.683694],[120.872948,24.68365],[120.87261,24.683625],[120.872607,24.68366],[120.872916,24.683674],[120.872948,24.683696],[120.872927,24.683916],[120.872951,24.683916]]]]}},{"type":"Feature","properties":{"n":"大營路","v":"竹南鎮","w":2,"c":2,"r":0},"geometry":{"type":"MultiPolygon","coordinates":[[[[120.872895,24.68675],[120.872873,24.68675],[120.872857,24.686945],[120.872916,24.686984],[120.873104,24.686984],[120.873109,24.686964],[120.872922,24.686959],[120.8729,24.686935],[120.872895,24.68675]]]]}},{"type":"Feature","properties":{"n":"大營路","v":"竹南鎮","w":3,"c":3,"r":0},"geometry":{"type":"MultiPolygon","coordinates":[[[[120.872731,24.687142],[120.872629,24.688872],[120.872645,24.688877],[120.872747,24.687142],[120.872731,24.687142]]]]}},{"type":"Feature","properties":{"n":"經國路","v":"卓蘭鎮","w":1.2,"c":1.14,"r":0},"geometry":{"type":"MultiPolygon","coordinates":[[[[120.821205,24.310392],[120.821229,24.310368],[120.819878,24.309576],[120.819861,24.3096],[120.821205,24.310392]]]]}},{"type":"Feature","properties":{"n":"光明路","v":"卓蘭鎮","w":1.5,"c":1.35,"r":0},"geometry":{"type":"MultiPolygon","coordinates":[[[[120.824796,24.311482],[120.82552,24.311829],[120.825531,24.31181],[120.824807,24.311463],[120.824796,24.311482]]]]}},{"type":"Feature","properties":{"n":"忠義街","v":"竹南鎮","w":4,"c":3.6,"r":0},"geometry":{"type":"MultiPolygon","coordinates":[[[[120.874089,24.687971],[120.874121,24.688191],[120.874239,24.688337],[120.87425,24.688322],[120.874137,24.688186],[120.874105,24.687971],[120.874089,24.687971]]]]}},{"type":"Feature","properties":{"n":"忠義街","v":"竹南鎮","w":4,"c":4,"r":0},"geometry":{"type":"MultiPolygon","coordinates":[[[[120.874084,24.687596],[120.874105,24.687596],[120.874089,24.687372],[120.874073,24.687372],[120.874084,24.687596]]]]}},{"type":"Feature","properties":{"n":"民權路","v":"卓蘭鎮","w":1.5,"c":0.75,"r":0},"geometry":{"type":"MultiPolygon","coordinates":[[[[120.826492,24.310504],[120.82684,24.31066],[120.826851,24.310645],[120.826513,24.310489],[120.826492,24.310504]]]]}},{"type":"Feature","properties":{"n":"立達街","v":"竹南鎮","w":5,"c":4,"r":0},"geometry":{"type":"MultiPolygon","coordinates":[[[[120.876477,24.688621],[120.877673,24.688558],[120.877687,24.688579],[120.877853,24.691299],[120.877912,24.691299],[120.877794,24.689381],[120.877738,24.688567],[120.877713,24.688531],[120.8777,24.688519],[120.876496,24.688575],[120.876477,24.688621]]]]}},{"type":"Feature","properties":{"n":"博愛路","v":"卓蘭鎮","w":1.5,"c":0.75,"r":0},"geometry":{"type":"MultiPolygon","coordinates":[[[[120.826545,24.311252],[120.826551,24.311252],[120.826856,24.310772],[120.826846,24.310772],[120.826545,24.311252]]]]}},{"type":"Feature","properties":{"n":"和平街","v":"竹南鎮","w":5.5,"c":2.75,"r":0},"geometry":{"type":"MultiPolygon","coordinates":[[[[120.878328,24.686186],[120.878318,24.685859],[120.877714,24.685866],[120.877687,24.685944],[120.877709,24.686227],[120.877757,24.686225],[120.877736,24.685922],[120.878267,24.685908],[120.878285,24.686183],[120.878328,24.686186]]]]}},{"type":"Feature","properties":{"n":"卓林街","v":"卓蘭鎮","w":1,"c":1,"r":0},"geometry":{"type":"MultiPolygon","coordinates":[[[[120.831077,24.310303],[120.831592,24.310499],[120.831973,24.310523],[120.833572,24.310748],[120.834167,24.31088],[120.834425,24.310915],[120.834425,24.31089],[120.834172,24.310861],[120.833577,24.310729],[120.832188,24.310528],[120.83163,24.310489],[120.831088,24.310299],[120.831077,24.310303]]]]}},{"type":"Feature","properties":{"n":"民族路","v":"竹南鎮","w":2.5,"c":0.75,"r":0},"geometry":{"type":"MultiPolygon","coordinates":[[[[120.878361,24.684223],[120.878345,24.684072],[120.878442,24.683984],[120.878643,24.684001],[120.878649,24.683967],[120.878418,24.683967],[120.878332,24.684054],[120.878343,24.68423],[120.878361,24.684223]]]]}},{"type":"Feature","properties":{"n":"河北街","v":"卓蘭鎮","w":0.9,"c":0.6,"r":null},"geometry":{"type":"MultiPolygon","coordinates":[[[[120.830725,24.313902],[120.830784,24.31356],[120.830741,24.312694],[120.830725,24.312694],[120.830768,24.31354],[120.830709,24.313892],[120.830725,24.313902]]]]}},{"type":"Feature","properties":{"n":"民族路","v":"竹南鎮","w":10,"c":6,"r":0},"geometry":{"type":"MultiPolygon","coordinates":[[[[120.878524,24.685401],[120.878495,24.684933],[120.878444,24.684943],[120.878414,24.684974],[120.878438,24.685406],[120.878524,24.685401]]]]}},{"type":"Feature","properties":{"n":"河南街","v":"卓蘭鎮","w":1.5,"c":1.5,"r":0},"geometry":{"type":"MultiPolygon","coordinates":[[[[120.830372,24.311399],[120.830646,24.310123],[120.830635,24.310123],[120.830367,24.311385],[120.830372,24.311399]]]]}},{"type":"Feature","properties":{"n":"仁愛路一段","v":"公館鄉","w":3,"c":1.2,"r":0},"geometry":{"type":"MultiPolygon","coordinates":[[[[120.82412,24.503118],[120.824115,24.503103],[120.823836,24.503089],[120.823825,24.50242],[120.82382,24.503093],[120.82412,24.503118]]]]}},{"type":"Feature","properties":{"n":"光復路","v":"竹南鎮","w":4.5,"c":3.6,"r":0},"geometry":{"type":"MultiPolygon","coordinates":[[[[120.879404,24.691139],[120.879334,24.68993],[120.879289,24.689933],[120.87935,24.691149],[120.879404,24.691139]]]]}},{"type":"Feature","properties":{"n":"光復路","v":"竹南鎮","w":3,"c":3,"r":0},"geometry":{"type":"MultiPolygon","coordinates":[[[[120.878775,24.689787],[120.879328,24.689773],[120.879269,24.688681],[120.879221,24.688683],[120.879277,24.689724],[120.878773,24.689734],[120.878775,24.689787]]]]}},{"type":"Feature","properties":{"n":"無名巷3","v":"公館鄉","w":3,"c":3,"r":0},"geometry":{"type":"MultiPolygon","coordinates":[[[[120.828372,24.506641],[120.828868,24.506641],[120.828873,24.506624],[120.828372,24.506631],[120.828372,24.506641]]]]}},{"type":"Feature","properties":{"n":"安東街","v":"公館鄉","w":3,"c":2.4,"r":0},"geometry":{"type":"MultiPolygon","coordinates":[[[[120.82894,24.503082],[120.828937,24.503087],[120.829556,24.503251],[120.829623,24.503214],[120.829787,24.502597],[120.829779,24.502597],[120.829615,24.503209],[120.829548,24.503241],[120.82894,24.503082]]]]}},{"type":"Feature","properties":{"n":"新南街","v":"竹南鎮","w":4.5,"c":4.5,"r":0},"geometry":{"type":"MultiPolygon","coordinates":[[[[120.884022,24.690811],[120.884044,24.690806],[120.884071,24.689919],[120.884049,24.689919],[120.884022,24.690811]]]]}},{"type":"Feature","properties":{"n":"忠孝路230巷","v":"公館鄉","w":0.9,"c":0.7,"r":0},"geometry":{"type":"MultiPolygon","coordinates":[[[[120.828376,24.506697],[120.828719,24.506699],[120.828888,24.506855],[120.828896,24.506848],[120.828727,24.506692],[120.828381,24.506689],[120.828376,24.506697]]]]}},{"type":"Feature","properties":{"n":"新南街","v":"竹南鎮","w":3,"c":3,"r":0},"geometry":{"type":"MultiPolygon","coordinates":[[[[120.883702,24.685535],[120.883858,24.685554],[120.883868,24.685598],[120.883863,24.685715],[120.883879,24.685725],[120.883884,24.685559],[120.883713,24.685515],[120.883702,24.685535]]]]}},{"type":"Feature","properties":{"n":"新南街","v":"竹南鎮","w":3,"c":1.8,"r":0},"geometry":{"type":"MultiPolygon","coordinates":[[[[120.88397,24.685734],[120.883976,24.685617],[120.884024,24.685578],[120.884131,24.685593],[120.884137,24.685574],[120.884002,24.685559],[120.883949,24.685622],[120.883949,24.685725],[120.88397,24.685734]]]]}},{"type":"Feature","properties":{"n":"新南街","v":"竹南鎮","w":4,"c":4,"r":0},"geometry":{"type":"MultiPolygon","coordinates":[[[[120.883833,24.685443],[120.883833,24.685458],[120.884381,24.685521],[120.884413,24.685345],[120.884397,24.685345],[120.884365,24.685501],[120.883833,24.685443]]]]}},{"type":"Feature","properties":{"n":"新南街","v":"竹南鎮","w":4,"c":4,"r":0},"geometry":{"type":"MultiPolygon","coordinates":[[[[120.883834,24.686001],[120.883831,24.686082],[120.883783,24.686118],[120.883797,24.686131],[120.883845,24.686094],[120.883847,24.685992],[120.883834,24.686001]]]]}},{"type":"Feature","properties":{"n":"民治街","v":"竹南鎮","w":3,"c":2.7,"r":0},"geometry":{"type":"MultiPolygon","coordinates":[[[[120.876897,24.684899],[120.876892,24.684914],[120.87753,24.684899],[120.87753,24.684875],[120.876897,24.684899]]]]}},{"type":"Feature","properties":{"n":"自強街","v":"竹南鎮","w":3.5,"c":2.8,"r":0},"geometry":{"type":"MultiPolygon","coordinates":[[[[120.879402,24.691358],[120.879397,24.691341],[120.879359,24.691312],[120.87878,24.691334],[120.878745,24.691385],[120.879402,24.691358]]]]}},{"type":"Feature","properties":{"n":"自強街","v":"竹南鎮","w":4.8,"c":3.84,"r":0},"geometry":{"type":"MultiPolygon","coordinates":[[[[120.879399,24.691151],[120.878795,24.691168],[120.878792,24.691222],[120.879372,24.691192],[120.879399,24.691151]]]]}},{"type":"Feature","properties":{"n":"華東街","v":"竹南鎮","w":4.8,"c":3.84,"r":0},"geometry":{"type":"MultiPolygon","coordinates":[[[[120.879323,24.68992],[120.879302,24.689886],[120.878787,24.689928],[120.878792,24.689969],[120.879323,24.68992]]]]}},{"type":"Feature","properties":{"n":"民華街","v":"竹南鎮","w":4.5,"c":4.5,"r":0},"geometry":{"type":"MultiPolygon","coordinates":[[[[120.883454,24.690206],[120.884038,24.689909],[120.884022,24.689894],[120.883443,24.690197],[120.883454,24.690206]]]]}},{"type":"Feature","properties":{"n":"天文路","v":"竹南鎮","w":6,"c":6,"r":0},"geometry":{"type":"MultiPolygon","coordinates":[[[[120.884507,24.686362],[120.884917,24.686399],[120.884917,24.686389],[120.884512,24.686352],[120.884507,24.686362]]]]}},{"type":"Feature","properties":{"n":"天文路","v":"竹南鎮","w":4,"c":4,"r":0},"geometry":{"type":"MultiPolygon","coordinates":[[[[120.883656,24.686107],[120.883651,24.686121],[120.883774,24.686129],[120.883774,24.686117],[120.883656,24.686107]]]]}},{"type":"Feature","properties":{"n":"東平路","v":"竹南鎮","w":5,"c":5,"r":0},"geometry":{"type":"MultiPolygon","coordinates":[[[[120.881752,24.684479],[120.881891,24.684504],[120.881875,24.68465],[120.881907,24.684655],[120.881934,24.684484],[120.881762,24.684445],[120.881752,24.684479]]]]}},{"type":"Feature","properties":{"n":"三平路","v":"竹南鎮","w":4.5,"c":2.25,"r":0},"geometry":{"type":"MultiPolygon","coordinates":[[[[120.88252,24.683527],[120.882528,24.683532],[120.882745,24.683557],[120.882802,24.683513],[120.882818,24.683298],[120.882759,24.683298],[120.882748,24.683505],[120.882523,24.683476],[120.88252,24.683527]]]]}},{"type":"Feature","properties":{"n":"三平路","v":"竹南鎮","w":3,"c":2.4,"r":0},"geometry":{"type":"MultiPolygon","coordinates":[[[[120.881614,24.683423],[120.881614,24.683447],[120.881941,24.683486],[120.88199,24.683462],[120.882011,24.682998],[120.881968,24.682994],[120.881963,24.683432],[120.881925,24.683452],[120.881614,24.683423]]]]}},{"type":"Feature","properties":{"n":"郵電街","v":"銅鑼鄉","w":4.5,"c":4.5,"r":0},"geometry":{"type":"MultiPolygon","coordinates":[[[[120.786946,24.488158],[120.787123,24.48809],[120.787123,24.488085],[120.786935,24.488148],[120.786946,24.488158]]]]}},{"type":"Feature","properties":{"n":"郵電街","v":"銅鑼鄉","w":4.5,"c":4.5,"r":0},"geometry":{"type":"MultiPolygon","coordinates":[[[[120.786463,24.488256],[120.786452,24.488275],[120.786828,24.488133],[120.786823,24.488119],[120.786463,24.488256]]]]}},{"type":"Feature","properties":{"n":"龍安街","v":"竹南鎮","w":8,"c":7.6,"r":0},"geometry":{"type":"MultiPolygon","coordinates":[[[[120.866386,24.692933],[120.866402,24.692919],[120.866214,24.692529],[120.866187,24.692543],[120.866386,24.692933]]]]}},{"type":"Feature","properties":{"n":"建國路","v":"竹南鎮","w":5,"c":4.25,"r":0},"geometry":{"type":"MultiPolygon","coordinates":[[[[120.868032,24.69131],[120.868509,24.691081],[120.869024,24.690876],[120.869416,24.69075],[120.869791,24.690608],[120.869947,24.690579],[120.869909,24.690555],[120.869775,24.690584],[120.868825,24.69093],[120.8683,24.691144],[120.868021,24.691296],[120.868032,24.69131]]]]}},{"type":"Feature","properties":{"n":"龍山路一段","v":"竹南鎮","w":3,"c":3,"r":0},"geometry":{"type":"MultiPolygon","coordinates":[[[[120.865963,24.690507],[120.86599,24.690497],[120.86563,24.689167],[120.865593,24.689176],[120.865963,24.690507]]]]}},{"type":"Feature","properties":{"n":"博愛街","v":"竹南鎮","w":3,"c":3,"r":0},"geometry":{"type":"MultiPolygon","coordinates":[[[[120.863544,24.689742],[120.865588,24.689181],[120.865571,24.689147],[120.863528,24.689722],[120.863544,24.689742]]]]}},{"type":"Feature","properties":{"n":"八德街","v":"竹南鎮","w":2,"c":1.9,"r":0},"geometry":{"type":"MultiPolygon","coordinates":[[[[120.86697,24.682408],[120.86697,24.682423],[120.867459,24.682452],[120.867475,24.682418],[120.86697,24.682408]]]]}},{"type":"Feature","properties":{"n":"東站無名路","v":"三義鄉","w":3,"c":1.5,"r":0},"geometry":{"type":"MultiPolygon","coordinates":[[[[120.772492,24.414674],[120.772497,24.414669],[120.772422,24.414498],[120.772412,24.4145],[120.772492,24.414674]]]]}},{"type":"Feature","properties":{"n":"新生街","v":"竹南鎮","w":2,"c":2,"r":0},"geometry":{"type":"MultiPolygon","coordinates":[[[[120.867485,24.682413],[120.867491,24.682442],[120.86755,24.682398],[120.867673,24.681735],[120.867641,24.681731],[120.867528,24.682393],[120.867485,24.682413]]]]}},{"type":"Feature","properties":{"n":"八德街","v":"竹南鎮","w":9.5,"c":8.55,"r":0},"geometry":{"type":"MultiPolygon","coordinates":[[[[120.864322,24.682354],[120.864322,24.682384],[120.865432,24.682081],[120.865432,24.682038],[120.864322,24.682354]]]]}},{"type":"Feature","properties":{"n":"忠孝路營林巷","v":"大湖鄉","w":2,"c":1.6,"r":0},"geometry":{"type":"MultiPolygon","coordinates":[[[[120.867025,24.425641],[120.867041,24.425636],[120.866542,24.424469],[120.86652,24.424474],[120.867025,24.425641]]]]}},{"type":"Feature","properties":{"n":"中正路","v":"大湖鄉","w":1.5,"c":1.2,"r":0},"geometry":{"type":"MultiPolygon","coordinates":[[[[120.867751,24.422306],[120.868127,24.422165],[120.868116,24.422155],[120.867757,24.422292],[120.867751,24.422306]]]]}},{"type":"Feature","properties":{"n":"育才路","v":"竹南鎮","w":2.5,"c":2.5,"r":0},"geometry":{"type":"MultiPolygon","coordinates":[[[[120.862684,24.678872],[120.862684,24.677585],[120.862641,24.677605],[120.862641,24.678862],[120.862684,24.678872]]]]}},{"type":"Feature","properties":{"n":"民族路","v":"大湖鄉","w":2,"c":1.4,"r":0},"geometry":{"type":"MultiPolygon","coordinates":[[[[120.869242,24.422991],[120.869226,24.422992],[120.869462,24.423412],[120.870375,24.425565],[120.870397,24.425565],[120.869468,24.423372],[120.869242,24.422991]]]]}},{"type":"Feature","properties":{"n":"光德路","v":"竹南鎮","w":2.5,"c":2.5,"r":0},"geometry":{"type":"MultiPolygon","coordinates":[[[[120.864884,24.67897],[120.864927,24.67897],[120.864959,24.67778],[120.864927,24.67778],[120.864884,24.67897]]]]}},{"type":"Feature","properties":{"n":"中原路","v":"大湖鄉","w":1.5,"c":1.5,"r":0},"geometry":{"type":"MultiPolygon","coordinates":[[[[120.864903,24.421434],[120.864163,24.420355],[120.864131,24.42036],[120.864887,24.421434],[120.864903,24.421434]]]]}},{"type":"Feature","properties":{"n":"中原路","v":"大湖鄉","w":1.5,"c":1.4,"r":0},"geometry":{"type":"MultiPolygon","coordinates":[[[[120.866127,24.424007],[120.866433,24.423919],[120.866433,24.423904],[120.866095,24.424002],[120.866127,24.424007]]]]}},{"type":"Feature","properties":{"n":"中華路","v":"竹南鎮","w":1.3,"c":1.3,"r":0},"geometry":{"type":"MultiPolygon","coordinates":[[[[120.920942,24.702102],[120.921639,24.703028],[120.921897,24.703242],[120.922412,24.703544],[120.922937,24.703807],[120.923399,24.704031],[120.92386,24.704226],[120.924536,24.704324],[120.924794,24.704373],[120.925373,24.704636],[120.925673,24.704938],[120.925845,24.705562],[120.92577,24.705952],[120.925502,24.706595],[120.925158,24.70717],[120.925233,24.707189],[120.925523,24.706644],[120.925845,24.705893],[120.925899,24.705542],[120.925727,24.704918],[120.925405,24.704558],[120.924815,24.704324],[120.923871,24.704187],[120.922208,24.703398],[120.92194,24.703223],[120.921639,24.702959],[120.920963,24.702082],[120.920942,24.702102]]]]}},{"type":"Feature","properties":{"n":"縣119","v":"西湖鄉","w":1.4,"c":1.26,"r":null},"geometry":{"type":"MultiPolygon","coordinates":[[[[120.75751,24.558129],[120.757521,24.558127],[120.757467,24.557883],[120.757459,24.557883],[120.75751,24.558129]]]]}},{"type":"Feature","properties":{"n":"中華路","v":"竹南鎮","w":1.3,"c":1.3,"r":0},"geometry":{"type":"MultiPolygon","coordinates":[[[[120.921124,24.702063],[120.921081,24.702102],[120.921682,24.702823],[120.922326,24.70332],[120.923806,24.704041],[120.925051,24.704246],[120.925416,24.704441],[120.925791,24.704802],[120.926049,24.705474],[120.925963,24.705991],[120.925373,24.707219],[120.925416,24.707248],[120.925641,24.706819],[120.926017,24.706],[120.926102,24.705435],[120.925834,24.704792],[120.925437,24.704392],[120.92503,24.704187],[120.924332,24.70409],[120.923871,24.703973],[120.92341,24.703788],[120.922948,24.703554],[120.922337,24.703261],[120.922122,24.703096],[120.921757,24.702833],[120.921124,24.702063]]]]}},{"type":"Feature","properties":{"n":"縣119","v":"西湖鄉","w":2,"c":1.8,"r":0},"geometry":{"type":"MultiPolygon","coordinates":[[[[120.757583,24.558105],[120.757502,24.557702],[120.757489,24.557702],[120.757577,24.55811],[120.757583,24.558105]]]]}},{"type":"Feature","properties":{"n":"縣119","v":"西湖鄉","w":1.5,"c":1.35,"r":0},"geometry":{"type":"MultiPolygon","coordinates":[[[[120.756858,24.556431],[120.756836,24.556445],[120.756965,24.556889],[120.757212,24.557075],[120.757378,24.556923],[120.757507,24.55686],[120.757507,24.556845],[120.757351,24.556914],[120.757212,24.55706],[120.756997,24.556904],[120.756858,24.556431]]]]}},{"type":"Feature","properties":{"n":"中華路","v":"竹南鎮","w":1.8,"c":1.6,"r":0},"geometry":{"type":"MultiPolygon","coordinates":[[[[120.925156,24.707244],[120.923461,24.710568],[120.922558,24.712429],[120.921549,24.714359],[120.921592,24.714388],[120.922912,24.711864],[120.923684,24.710246],[120.925203,24.70726],[120.925156,24.707244]]]]}},{"type":"Feature","properties":{"n":"中華路","v":"竹南鎮","w":1.8,"c":1.6,"r":0},"geometry":{"type":"MultiPolygon","coordinates":[[[[120.925396,24.707299],[120.92533,24.707301],[120.923648,24.710624],[120.921931,24.714084],[120.921684,24.714396],[120.921749,24.714425],[120.921985,24.714133],[120.922822,24.712398],[120.923873,24.71032],[120.925396,24.707299]]]]}},{"type":"Feature","properties":{"n":"科學路","v":"竹南鎮","w":3.5,"c":3.2,"r":0},"geometry":{"type":"MultiPolygon","coordinates":[[[[120.921444,24.714337],[120.921229,24.714094],[120.92079,24.713899],[120.919191,24.713762],[120.917013,24.713694],[120.914223,24.713704],[120.910681,24.713688],[120.90846,24.713669],[120.906743,24.713681],[120.906314,24.713759],[120.905531,24.714051],[120.905381,24.714158],[120.905456,24.714178],[120.905628,24.714041],[120.906389,24.713778],[120.906808,24.713729],[120.912741,24.713739],[120.91711,24.713737],[120.918644,24.713805],[120.919245,24.713815],[120.920704,24.713932],[120.921208,24.714137],[120.921423,24.714361],[120.921444,24.714337]]]]}},{"type":"Feature","properties":{"n":"科學路","v":"竹南鎮","w":3.5,"c":3.2,"r":0},"geometry":{"type":"MultiPolygon","coordinates":[[[[120.921337,24.714546],[120.921369,24.714523],[120.921058,24.71425],[120.920584,24.71407],[120.919586,24.713992],[120.917976,24.713944],[120.91552,24.713895],[120.912515,24.713899],[120.909147,24.713928],[120.906791,24.713914],[120.906136,24.71407],[120.905567,24.714353],[120.905589,24.714392],[120.906168,24.714109],[120.906812,24.713983],[120.909634,24.713953],[120.913097,24.713942],[120.916959,24.713952],[120.919137,24.714029],[120.920596,24.714137],[120.921015,24.714273],[120.921337,24.714546]]]]}},{"type":"Feature","properties":{"n":"科專一路","v":"竹南鎮","w":2,"c":1.84,"r":0},"geometry":{"type":"MultiPolygon","coordinates":[[[[120.908494,24.705778],[120.908465,24.705776],[120.908481,24.713639],[120.9085,24.713644],[120.908508,24.712002],[120.908494,24.705778]]]]}},{"type":"Feature","properties":{"n":"科研路","v":"竹南鎮","w":4,"c":3.8,"r":0},"geometry":{"type":"MultiPolygon","coordinates":[[[[120.922604,24.706428],[120.922612,24.706406],[120.919428,24.706389],[120.91891,24.706408],[120.918838,24.706423],[120.918588,24.706494],[120.917792,24.706766],[120.916775,24.707122],[120.914463,24.707139],[120.912797,24.707142],[120.911641,24.707137],[120.908514,24.707151],[120.908514,24.707173],[120.910239,24.707161],[120.911687,24.707166],[120.914986,24.707161],[120.916343,24.707154],[120.916786,24.707147],[120.918658,24.706494],[120.918897,24.706435],[120.919562,24.706411],[120.920997,24.706416],[120.922604,24.706428]]]]}},{"type":"Feature","properties":{"n":"科研路","v":"竹南鎮","w":4,"c":3.8,"r":0},"geometry":{"type":"MultiPolygon","coordinates":[[[[120.922734,24.706294],[120.922579,24.70624],[120.920655,24.706243],[120.919336,24.70623],[120.918689,24.706306],[120.916691,24.706974],[120.91392,24.706971],[120.90851,24.706983],[120.90851,24.707003],[120.913542,24.706993],[120.916688,24.706998],[120.9187,24.706323],[120.919338,24.706252],[120.922592,24.706269],[120.922723,24.706313],[120.922734,24.706294]]]]}},{"type":"Feature","properties":{"n":"科研路","v":"竹南鎮","w":4,"c":4,"r":0},"geometry":{"type":"MultiPolygon","coordinates":[[[[120.922863,24.706356],[120.922836,24.706371],[120.925122,24.707204],[120.925143,24.70719],[120.922863,24.706356]]]]}},{"type":"Feature","properties":{"n":"科研路","v":"竹南鎮","w":4,"c":4,"r":0},"geometry":{"type":"MultiPolygon","coordinates":[[[[120.922867,24.706545],[120.925067,24.70733],[120.925083,24.707301],[120.922873,24.706516],[120.922867,24.706545]]]]}},{"type":"Feature","properties":{"n":"科東二路","v":"竹南鎮","w":1.2,"c":1.1,"r":0},"geometry":{"type":"MultiPolygon","coordinates":[[[[120.918007,24.706509],[120.917905,24.706465],[120.917873,24.706363],[120.917884,24.705886],[120.917879,24.705642],[120.917916,24.70531],[120.917986,24.70494],[120.917954,24.704945],[120.917857,24.705598],[120.917862,24.705881],[120.917852,24.706392],[120.917873,24.706475],[120.917997,24.706539],[120.918007,24.706509]]]]}},{"type":"Feature","properties":{"n":"科東二路","v":"竹南鎮","w":1.2,"c":1.1,"r":0},"geometry":{"type":"MultiPolygon","coordinates":[[[[120.917651,24.70661],[120.917678,24.706605],[120.917683,24.705518],[120.917656,24.705513],[120.917651,24.70661]]]]}},{"type":"Feature","properties":{"n":"科東三路","v":"竹南鎮","w":2,"c":1.8,"r":0},"geometry":{"type":"MultiPolygon","coordinates":[[[[120.919506,24.706651],[120.91949,24.706646],[120.91949,24.708917],[120.919554,24.70897],[120.919656,24.709009],[120.920305,24.709009],[120.920332,24.708951],[120.920316,24.708941],[120.920289,24.708995],[120.919656,24.70899],[120.919576,24.708961],[120.919511,24.708902],[120.919506,24.706651]]]]}},{"type":"Feature","properties":{"n":"科東","v":"竹南鎮","w":2,"c":1.8,"r":0},"geometry":{"type":"MultiPolygon","coordinates":[[[[120.919511,24.706651],[120.91949,24.706646],[120.91949,24.708892],[120.919522,24.708975],[120.919619,24.709009],[120.920284,24.709019],[120.920284,24.70899],[120.91963,24.70899],[120.919554,24.708961],[120.919517,24.708897],[120.919511,24.706651]]]]}},{"type":"Feature","properties":{"n":"科東三路","v":"竹南鎮","w":2,"c":1.8,"r":0},"geometry":{"type":"MultiPolygon","coordinates":[[[[120.9192,24.706436],[120.91927,24.706514],[120.919259,24.708931],[120.919281,24.708931],[120.919297,24.706519],[120.919211,24.706426],[120.9192,24.706436]]]]}},{"type":"Feature","properties":{"n":"科中路","v":"竹南鎮","w":5,"c":4.8,"r":0},"geometry":{"type":"MultiPolygon","coordinates":[[[[120.91475,24.713615],[120.914708,24.713528],[120.914734,24.711739],[120.914799,24.711691],[120.914777,24.711676],[120.914713,24.71173],[120.914686,24.713528],[120.914729,24.71362],[120.91475,24.713615]]]]}},{"type":"Feature","properties":{"n":"科中路","v":"竹南鎮","w":5,"c":4.8,"r":0},"geometry":{"type":"MultiPolygon","coordinates":[[[[120.914348,24.713645],[120.914348,24.713664],[120.914434,24.713601],[120.914434,24.711686],[120.914316,24.711598],[120.9143,24.711617],[120.914407,24.711691],[120.914412,24.713581],[120.914348,24.713645]]]]}},{"type":"Feature","properties":{"n":"科中路","v":"竹南鎮","w":5,"c":4.6,"r":0},"geometry":{"type":"MultiPolygon","coordinates":[[[[120.914724,24.711427],[120.914734,24.709308],[120.914713,24.709322],[120.914702,24.711427],[120.914724,24.711427]]]]}},{"type":"Feature","properties":{"n":"科中路","v":"竹南鎮","w":5,"c":4.6,"r":0},"geometry":{"type":"MultiPolygon","coordinates":[[[[120.914413,24.711452],[120.914434,24.711447],[120.914461,24.709342],[120.914429,24.709342],[120.914413,24.711452]]]]}},{"type":"Feature","properties":{"n":"科北一路","v":"竹南鎮","w":3,"c":2.85,"r":0},"geometry":{"type":"MultiPolygon","coordinates":[[[[120.910287,24.707798],[120.91028,24.70781],[120.910358,24.707823],[120.914289,24.707807],[120.914289,24.707788],[120.910359,24.70781],[120.910287,24.707798]]]]}},{"type":"Feature","properties":{"n":"科西一路","v":"竹南鎮","w":3,"c":2.76,"r":0},"geometry":{"type":"MultiPolygon","coordinates":[[[[120.914284,24.711623],[120.914284,24.711605],[120.912667,24.711618],[120.912654,24.7093],[120.912643,24.7093],[120.912648,24.71163],[120.914284,24.711623]]]]}},{"type":"Feature","properties":{"n":"科西一路","v":"竹南鎮","w":3,"c":2.76,"r":0},"geometry":{"type":"MultiPolygon","coordinates":[[[[120.91274,24.709316],[120.912724,24.709318],[120.912721,24.711409],[120.912756,24.711511],[120.91278,24.71153],[120.912874,24.711557],[120.914304,24.711562],[120.914373,24.711526],[120.914424,24.711474],[120.914405,24.711469],[120.914371,24.711506],[120.914298,24.711545],[120.912869,24.711543],[120.912812,24.711528],[120.912775,24.711506],[120.912753,24.711469],[120.912737,24.711411],[120.91274,24.709316]]]]}},{"type":"Feature","properties":{"n":"科北五路","v":"竹南鎮","w":2,"c":2,"r":0},"geometry":{"type":"MultiPolygon","coordinates":[[[[120.914808,24.711672],[120.914884,24.711652],[120.915747,24.711657],[120.915747,24.711633],[120.914894,24.711633],[120.914792,24.711657],[120.914787,24.711652],[120.914808,24.711672]]]]}},{"type":"Feature","properties":{"n":"科北五路","v":"竹南鎮","w":2.5,"c":2.3,"r":0},"geometry":{"type":"MultiPolygon","coordinates":[[[[120.915996,24.711659],[120.916452,24.711659],[120.916677,24.711596],[120.917396,24.711235],[120.917745,24.71104],[120.917868,24.710947],[120.918008,24.710772],[120.918088,24.710553],[120.918072,24.709286],[120.918045,24.709286],[120.918056,24.710553],[120.917981,24.710767],[120.917836,24.710938],[120.916655,24.71158],[120.91643,24.711638],[120.915995,24.711643],[120.915996,24.711659]]]]}},{"type":"Feature","properties":{"n":"科北五路","v":"竹南鎮","w":2.5,"c":2.3,"r":0},"geometry":{"type":"MultiPolygon","coordinates":[[[[120.914793,24.711491],[120.914804,24.711537],[120.91636,24.711547],[120.916633,24.711493],[120.917808,24.710845],[120.91791,24.710631],[120.917953,24.710285],[120.917942,24.70929],[120.91791,24.70929],[120.917921,24.71028],[120.917889,24.710621],[120.917792,24.710826],[120.917106,24.711211],[120.916623,24.711464],[120.916355,24.711511],[120.914793,24.711491]]]]}},{"type":"Feature","properties":{"n":"科北二路","v":"竹南鎮","w":1.5,"c":1.3,"r":0},"geometry":{"type":"MultiPolygon","coordinates":[[[[120.910274,24.70897],[120.910277,24.709026],[120.919169,24.709038],[120.919167,24.70896],[120.917622,24.70898],[120.914416,24.70896],[120.910274,24.70897]]]]}},{"type":"Feature","properties":{"n":"科北二路","v":"竹南鎮","w":1.5,"c":1.3,"r":0},"geometry":{"type":"MultiPolygon","coordinates":[[[[120.910277,24.709202],[120.914289,24.709221],[120.919055,24.709213],[120.919055,24.709165],[120.910283,24.709169],[120.910277,24.709202]]]]}},{"type":"Feature","properties":{"n":"科專七路","v":"竹南鎮","w":5,"c":4,"r":0},"geometry":{"type":"MultiPolygon","coordinates":[[[[120.893433,24.706808],[120.893451,24.706824],[120.896356,24.705393],[120.896581,24.705334],[120.897402,24.705315],[120.899686,24.705455],[120.901483,24.705502],[120.90654,24.705786],[120.908415,24.705755],[120.908426,24.705736],[120.906519,24.705751],[120.904567,24.70563],[120.902096,24.70549],[120.89957,24.705421],[120.898304,24.705353],[120.897351,24.705289],[120.896562,24.705304],[120.896347,24.705353],[120.89603,24.705521],[120.894705,24.706165],[120.893433,24.706808]]]]}},{"type":"Feature","properties":{"n":"公義路","v":"竹南鎮","w":1.5,"c":1.4,"r":0},"geometry":{"type":"MultiPolygon","coordinates":[[[[120.892364,24.706317],[120.892337,24.706322],[120.893115,24.706809],[120.893281,24.706848],[120.893415,24.706833],[120.893399,24.706804],[120.893265,24.706824],[120.893131,24.70679],[120.892364,24.706317]]]]}},{"type":"Feature","properties":{"n":"公義路","v":"竹南鎮","w":2,"c":2,"r":0},"geometry":{"type":"MultiPolygon","coordinates":[[[[120.895415,24.708175],[120.89541,24.708195],[120.89623,24.708692],[120.896263,24.708682],[120.895415,24.708175]]]]}},{"type":"Feature","properties":{"n":"公義路","v":"竹南鎮","w":6,"c":4,"r":0},"geometry":{"type":"MultiPolygon","coordinates":[[[[120.896419,24.708796],[120.896409,24.708816],[120.896859,24.709079],[120.896875,24.709069],[120.896419,24.708796]]]]}},{"type":"Feature","properties":{"n":"大埔六街","v":"竹南鎮","w":1.5,"c":1.3,"r":0},"geometry":{"type":"MultiPolygon","coordinates":[[[[120.895325,24.708108],[120.89533,24.708116],[120.895659,24.707692],[120.898367,24.706353],[120.89944,24.706344],[120.899558,24.706334],[120.899552,24.706305],[120.899442,24.706318],[120.898364,24.706333],[120.897766,24.706607],[120.895642,24.707674],[120.895325,24.708108]]]]}},{"type":"Feature","properties":{"n":"大埔六街","v":"竹南鎮","w":1.5,"c":1.3,"r":0},"geometry":{"type":"MultiPolygon","coordinates":[[[[120.895421,24.708147],[120.89571,24.707733],[120.896435,24.70737],[120.898342,24.706433],[120.898558,24.706409],[120.899553,24.706409],[120.899553,24.706395],[120.898547,24.706395],[120.898338,24.706419],[120.895706,24.707722],[120.895411,24.708139],[120.895421,24.708147]]]]}},{"type":"Feature","properties":{"n":"大埔六街","v":"竹南鎮","w":2.3,"c":2.2,"r":0},"geometry":{"type":"MultiPolygon","coordinates":[[[[120.899755,24.706404],[120.902266,24.706414],[120.902276,24.706385],[120.899766,24.706385],[120.899755,24.706404]]]]}},{"type":"Feature","properties":{"n":"大埔五街","v":"竹南鎮","w":1.5,"c":1.4,"r":0},"geometry":{"type":"MultiPolygon","coordinates":[[[[120.89753,24.706878],[120.897506,24.706888],[120.89831,24.708193],[120.9043,24.708197],[120.9043,24.708173],[120.89832,24.708177],[120.897956,24.70758],[120.89753,24.706878]]]]}},{"type":"Feature","properties":{"n":"大埔五街","v":"竹南鎮","w":1.5,"c":1.4,"r":0},"geometry":{"type":"MultiPolygon","coordinates":[[[[120.897442,24.706912],[120.897898,24.707658],[120.898199,24.70817],[120.898258,24.708236],[120.898339,24.708265],[120.901375,24.708257],[120.904305,24.708266],[120.904302,24.708244],[120.902295,24.708245],[120.9002,24.708236],[120.898348,24.708246],[120.898275,24.708227],[120.898206,24.708151],[120.897454,24.706901],[120.897442,24.706912]]]]}},{"type":"Feature","properties":{"n":"大埔五街","v":"竹南鎮","w":2,"c":0.9,"r":0},"geometry":{"type":"MultiPolygon","coordinates":[[[[120.897472,24.705553],[120.897456,24.70555],[120.897464,24.706701],[120.897482,24.706703],[120.897472,24.705553]]]]}},{"type":"Feature","properties":{"n":"大埔五街","v":"竹南鎮","w":2,"c":0.9,"r":0},"geometry":{"type":"MultiPolygon","coordinates":[[[[120.897378,24.705533],[120.897387,24.706727],[120.897406,24.706724],[120.897393,24.705533],[120.897378,24.705533]]]]}},{"type":"Feature","properties":{"n":"仁愛路","v":"竹南鎮","w":1.5,"c":1.4,"r":0},"geometry":{"type":"MultiPolygon","coordinates":[[[[120.904588,24.710158],[120.904594,24.710182],[120.905779,24.710204],[120.908255,24.711274],[120.908271,24.711267],[120.905779,24.710182],[120.904588,24.710158]]]]}},{"type":"Feature","properties":{"n":"仁愛路","v":"竹南鎮","w":1.5,"c":1.4,"r":0},"geometry":{"type":"MultiPolygon","coordinates":[[[[120.904607,24.710237],[120.905718,24.710262],[120.906066,24.710369],[120.906624,24.710613],[120.908228,24.711334],[120.908239,24.711314],[120.906732,24.710637],[120.906163,24.710393],[120.905734,24.710237],[120.904607,24.710218],[120.904607,24.710237]]]]}},{"type":"Feature","properties":{"n":"大埔十街","v":"竹南鎮","w":1,"c":0.9,"r":0},"geometry":{"type":"MultiPolygon","coordinates":[[[[120.899194,24.70974],[120.899219,24.709748],[120.899594,24.708315],[120.899628,24.708039],[120.899622,24.704579],[120.899601,24.704584],[120.899606,24.706758],[120.899602,24.708035],[120.89957,24.708322],[120.899194,24.70974]]]]}},{"type":"Feature","properties":{"n":"大埔十街","v":"竹南鎮","w":1,"c":0.9,"r":0},"geometry":{"type":"MultiPolygon","coordinates":[[[[120.899285,24.709772],[120.899677,24.70829],[120.899693,24.708066],[120.899702,24.704571],[120.899669,24.704571],[120.89966,24.70808],[120.899644,24.708285],[120.899258,24.709767],[120.899285,24.709772]]]]}},{"type":"Feature","properties":{"n":"大埔二街","v":"竹南鎮","w":3.5,"c":3.4,"r":0},"geometry":{"type":"MultiPolygon","coordinates":[[[[120.902427,24.709156],[120.902432,24.709175],[120.90431,24.709175],[120.90431,24.709151],[120.902427,24.709156]]]]}},{"type":"Feature","properties":{"n":"大埔七街","v":"竹南鎮","w":1.5,"c":1.5,"r":0},"geometry":{"type":"MultiPolygon","coordinates":[[[[120.898617,24.704563],[120.899577,24.704563],[120.899577,24.704543],[120.898617,24.704543],[120.898617,24.704563]]]]}},{"type":"Feature","properties":{"n":"大埔七街","v":"竹南鎮","w":1.5,"c":1.5,"r":0},"geometry":{"type":"MultiPolygon","coordinates":[[[[120.898204,24.704465],[120.898204,24.70449],[120.898949,24.704495],[120.898949,24.70447],[120.898204,24.704465]]]]}},{"type":"Feature","properties":{"n":"科專八路","v":"竹南鎮","w":3.8,"c":3.6,"r":0},"geometry":{"type":"MultiPolygon","coordinates":[[[[120.892655,24.703897],[120.892869,24.70398],[120.893025,24.70399],[120.893411,24.703951],[120.893942,24.703878],[120.893926,24.703853],[120.893041,24.70397],[120.892875,24.703961],[120.892676,24.703887],[120.892655,24.703897]]]]}},{"type":"Feature","properties":{"n":"科專八路","v":"竹南鎮","w":3.8,"c":3.6,"r":0},"geometry":{"type":"MultiPolygon","coordinates":[[[[120.892564,24.703761],[120.892564,24.70378],[120.892848,24.703917],[120.892977,24.703951],[120.893835,24.703853],[120.894178,24.703805],[120.89464,24.703785],[120.894634,24.703756],[120.894414,24.703756],[120.893084,24.703931],[120.892859,24.703897],[120.892564,24.703761]]]]}},{"type":"Feature","properties":{"n":"科專八路","v":"竹南鎮","w":2.2,"c":2,"r":0},"geometry":{"type":"MultiPolygon","coordinates":[[[[120.896487,24.703898],[120.896659,24.703879],[120.8969,24.703923],[120.897319,24.703986],[120.90044,24.703994],[120.901668,24.704008],[120.901903,24.703985],[120.902246,24.703848],[120.902692,24.703644],[120.903797,24.703152],[120.904561,24.702801],[120.906106,24.702825],[120.906111,24.702806],[120.904545,24.702781],[120.901907,24.703961],[120.901607,24.703975],[120.897323,24.703956],[120.896674,24.703858],[120.89647,24.703883],[120.896487,24.703898]]]]}},{"type":"Feature","properties":{"n":"科專八路","v":"竹南鎮","w":2.2,"c":2,"r":0},"geometry":{"type":"MultiPolygon","coordinates":[[[[120.896465,24.703795],[120.896483,24.703821],[120.896746,24.703811],[120.897186,24.703914],[120.898191,24.703925],[120.901862,24.703933],[120.904593,24.702727],[120.90617,24.702746],[120.90617,24.702727],[120.904568,24.70271],[120.90246,24.703651],[120.901848,24.703909],[120.897157,24.703892],[120.896931,24.703844],[120.896765,24.703795],[120.896465,24.703795]]]]}},{"type":"Feature","properties":{"n":"科專三路","v":"竹南鎮","w":4,"c":3.8,"r":0},"geometry":{"type":"MultiPolygon","coordinates":[[[[120.90275,24.712596],[120.902744,24.71262],[120.902841,24.712616],[120.903361,24.711938],[120.903334,24.71185],[120.903318,24.71186],[120.903329,24.711928],[120.902825,24.712591],[120.90275,24.712596]]]]}},{"type":"Feature","properties":{"n":"科專三路","v":"竹南鎮","w":4,"c":3.8,"r":0},"geometry":{"type":"MultiPolygon","coordinates":[[[[120.903023,24.712762],[120.903023,24.712689],[120.903517,24.712016],[120.903581,24.712011],[120.903576,24.711997],[120.903501,24.712001],[120.903007,24.712659],[120.903007,24.712762],[120.903023,24.712762]]]]}},{"type":"Feature","properties":{"n":"科專三路","v":"竹南鎮","w":5.5,"c":4.6,"r":0},"geometry":{"type":"MultiPolygon","coordinates":[[[[120.903605,24.711877],[120.904375,24.710817],[120.904512,24.710612],[120.904533,24.710466],[120.90455,24.709847],[120.90455,24.705846],[120.904525,24.705851],[120.904525,24.710039],[120.904509,24.71049],[120.904488,24.71061],[120.903584,24.711872],[120.903605,24.711877]]]]}},{"type":"Feature","properties":{"n":"大埔一街","v":"竹南鎮","w":1.2,"c":1.1,"r":0},"geometry":{"type":"MultiPolygon","coordinates":[[[[120.903609,24.712051],[120.904913,24.712816],[120.905052,24.71288],[120.907237,24.712863],[120.908319,24.712878],[120.908314,24.712863],[120.907428,24.712844],[120.905049,24.712858],[120.903633,24.71203],[120.903609,24.712051]]]]}},{"type":"Feature","properties":{"n":"大埔一街","v":"竹南鎮","w":1.2,"c":1.1,"r":0},"geometry":{"type":"MultiPolygon","coordinates":[[[[120.903638,24.711942],[120.903633,24.711953],[120.904924,24.712762],[120.905139,24.712801],[120.906153,24.71282],[120.907204,24.71282],[120.908273,24.712829],[120.908267,24.7128],[120.907264,24.712795],[120.905178,24.712775],[120.904958,24.712741],[120.903638,24.711942]]]]}},{"type":"Feature","properties":{"n":"大埔一街","v":"竹南鎮","w":1.2,"c":1.1,"r":0},"geometry":{"type":"MultiPolygon","coordinates":[[[[120.906697,24.713647],[120.906713,24.713646],[120.906731,24.710563],[120.906773,24.710551],[120.906944,24.710226],[120.907046,24.710158],[120.90769,24.709831],[120.908274,24.709824],[120.908272,24.709807],[120.907686,24.709824],[120.907048,24.71014],[120.90693,24.710221],[120.906754,24.710542],[120.906714,24.710557],[120.906717,24.710715],[120.906712,24.711479],[120.906697,24.71266],[120.906697,24.713647]]]]}},{"type":"Feature","properties":{"n":"大埔一街","v":"竹南鎮","w":1.2,"c":1.1,"r":0},"geometry":{"type":"MultiPolygon","coordinates":[[[[120.906802,24.713639],[120.906785,24.711295],[120.906797,24.710751],[120.906835,24.710576],[120.906996,24.710269],[120.907704,24.709902],[120.908281,24.709907],[120.908281,24.709883],[120.907702,24.709883],[120.90698,24.710253],[120.906824,24.710557],[120.906782,24.710713],[120.906773,24.712093],[120.906792,24.713639],[120.906802,24.713639]]]]}},{"type":"Feature","properties":{"n":"新港一路","v":"後龍鎮","w":1.5,"c":1.3,"r":0},"geometry":{"type":"MultiPolygon","coordinates":[[[[120.829472,24.614193],[120.830448,24.613735],[120.831403,24.613393],[120.832025,24.613188],[120.833023,24.612935],[120.834396,24.612603],[120.834396,24.612574],[120.832197,24.61312],[120.831875,24.613208],[120.830684,24.613588],[120.82945,24.614154],[120.829472,24.614193]]]]}},{"type":"Feature","properties":{"n":"校椅二路","v":"後龍鎮","w":2,"c":1.8,"r":0},"geometry":{"type":"MultiPolygon","coordinates":[[[[120.823448,24.611257],[120.824014,24.611057],[120.826117,24.610267],[120.826111,24.610228],[120.825103,24.610608],[120.824446,24.610876],[120.823421,24.611237],[120.823448,24.611257]]]]}},{"type":"Feature","properties":{"n":"高鐵一路","v":"後龍鎮","w":3,"c":2.7,"r":0},"geometry":{"type":"MultiPolygon","coordinates":[[[[120.828535,24.604971],[120.827183,24.603264],[120.827151,24.603284],[120.828513,24.604971],[120.828535,24.604971]]]]}},{"type":"Feature","properties":{"n":"新港七路","v":"後龍鎮","w":1.5,"c":1.3,"r":0},"geometry":{"type":"MultiPolygon","coordinates":[[[[120.816916,24.604328],[120.816948,24.604367],[120.817528,24.604211],[120.818059,24.604039],[120.818853,24.60383],[120.819309,24.603669],[120.819969,24.603293],[120.819931,24.603259],[120.819282,24.603649],[120.818832,24.603796],[120.817925,24.604039],[120.817388,24.604205],[120.817118,24.604283],[120.816916,24.604328]]]]}},{"type":"Feature","properties":{"n":"新東路","v":"後龍鎮","w":3,"c":2.7,"r":0},"geometry":{"type":"MultiPolygon","coordinates":[[[[120.815376,24.603022],[120.815483,24.603061],[120.818833,24.602656],[120.819131,24.602553],[120.819413,24.602371],[120.819603,24.602166],[120.819565,24.602132],[120.819394,24.602349],[120.819112,24.602527],[120.818825,24.602631],[120.816677,24.602875],[120.815376,24.603022]]]]}},{"type":"Feature","properties":{"n":"公館鄉玉泉村人行道A路段","v":"公館鄉","w":1.45,"c":1.45,"r":4},"geometry":{"type":"MultiPolygon","coordinates":[[[[120.828188,24.506642],[120.828188,24.50663],[120.827544,24.506628],[120.826935,24.506523],[120.826933,24.506538],[120.827351,24.506618],[120.827547,24.506645],[120.828188,24.506642]]]]}},{"type":"Feature","properties":{"n":"公館鄉玉泉村人行道B路段","v":"公館鄉","w":1.45,"c":1.45,"r":7},"geometry":{"type":"MultiPolygon","coordinates":[[[[120.828266,24.5075],[120.828282,24.5075],[120.828298,24.506207],[120.82833,24.504943],[120.828319,24.504943],[120.828268,24.507491],[120.828266,24.5075]]]]}},{"type":"Feature","properties":{"n":"公館鄉玉泉村人行道D路段","v":"公館鄉","w":3,"c":3,"r":2},"geometry":{"type":"MultiPolygon","coordinates":[[[[120.827909,24.506746],[120.827909,24.506729],[120.827863,24.506724],[120.827713,24.506732],[120.827515,24.506727],[120.827477,24.506812],[120.82741,24.507037],[120.827523,24.507078],[120.827719,24.50712],[120.827896,24.507139],[120.827912,24.507134],[120.827676,24.5071],[120.827542,24.507068],[120.827432,24.507032],[120.827453,24.506939],[120.827528,24.506746],[120.827893,24.506744],[120.827909,24.506746]]]]}},{"type":"Feature","properties":{"n":"苗62","v":"泰安鄉","w":0.9,"c":0.9,"r":null},"geometry":{"type":"MultiPolygon","coordinates":[[[[120.905776,24.447337],[120.905763,24.447344],[120.905763,24.447366],[120.905586,24.447376],[120.905492,24.447364],[120.904875,24.446988],[120.904856,24.446992],[120.905489,24.447378],[120.905575,24.447388],[120.905779,24.447378],[120.905776,24.447337]]]]}},{"type":"Feature","properties":{"n":"舊公所前小路","v":"泰安鄉","w":1.2,"c":1.2,"r":0},"geometry":{"type":"MultiPolygon","coordinates":[[[[120.90581,24.447117],[120.905815,24.447125],[120.905906,24.447066],[120.905898,24.447056],[120.90581,24.447117]]]]}},{"type":"Feature","properties":{"n":"新店街","v":"獅潭鄉","w":1.2,"c":1.1,"r":0},"geometry":{"type":"MultiPolygon","coordinates":[[[[120.922848,24.544031],[120.922891,24.544089],[120.922838,24.543279],[120.922001,24.54164],[120.92169,24.541435],[120.921529,24.541015],[120.920542,24.540322],[120.919673,24.539581],[120.919211,24.538741],[120.919168,24.538751],[120.91964,24.539629],[120.920585,24.540439],[120.921507,24.541054],[120.921668,24.541445],[120.92199,24.541679],[120.92258,24.542909],[120.922773,24.543289],[120.922838,24.54366],[120.922848,24.544031]]]]}},{"type":"Feature","properties":{"n":"豐富六街","v":"後龍鎮","w":3,"c":2.7,"r":0},"geometry":{"type":"MultiPolygon","coordinates":[[[[120.823124,24.60471],[120.823135,24.60468],[120.821703,24.604041],[120.821687,24.604066],[120.823124,24.60471]]]]}},{"type":"Feature","properties":{"n":"新港八路","v":"後龍鎮","w":2,"c":1.8,"r":0},"geometry":{"type":"MultiPolygon","coordinates":[[[[120.821772,24.609419],[120.82615,24.607722],[120.826128,24.607712],[120.821772,24.6094],[120.821772,24.609419]]]]}},{"type":"Feature","properties":{"n":"旗山路1巷","v":"通霄鎮","w":1.2,"c":0.8,"r":null},"geometry":{"type":"MultiPolygon","coordinates":[[[[120.679596,24.491777],[120.679575,24.491806],[120.679886,24.491816],[120.679886,24.491796],[120.679596,24.491777]]]]}},{"type":"Feature","properties":{"n":"中山路7巷","v":"通霄鎮","w":2.5,"c":2,"r":0},"geometry":{"type":"MultiPolygon","coordinates":[[[[120.675047,24.490521],[120.676377,24.489954],[120.676356,24.489935],[120.675015,24.490501],[120.675047,24.490521]]]]}},{"type":"Feature","properties":{"n":"中正路","v":"大湖鄉","w":1.5,"c":0.75,"r":0},"geometry":{"type":"MultiPolygon","coordinates":[[[[120.869706,24.421459],[120.869791,24.421337],[120.869824,24.421318],[120.870795,24.421054],[120.870795,24.421044],[120.869807,24.421308],[120.8697,24.42144],[120.869706,24.421459]]]]}},{"type":"Feature","properties":{"n":"義昌街","v":"苗栗市","w":1.5,"c":1.5,"r":null},"geometry":{"type":"MultiPolygon","coordinates":[[[[120.825126,24.574533],[120.825142,24.574469],[120.825212,24.574464],[120.825212,24.574445],[120.825126,24.574455],[120.825105,24.574523],[120.825126,24.574533]]]]}},{"type":"Feature","properties":{"n":"豐年路","v":"苗栗市","w":3,"c":2.7,"r":0},"geometry":{"type":"MultiPolygon","coordinates":[[[[120.828218,24.571215],[120.828229,24.57121],[120.828239,24.571127],[120.82817,24.571112],[120.828164,24.571117],[120.828218,24.571137],[120.828218,24.571215]]]]}},{"type":"Feature","properties":{"n":"龍山路三段","v":"竹南鎮","w":1,"c":1,"r":0},"geometry":{"type":"MultiPolygon","coordinates":[[[[120.877397,24.702574],[120.877746,24.701653],[120.877799,24.701643],[120.880567,24.702423],[120.880573,24.702403],[120.877783,24.701619],[120.877735,24.701633],[120.877381,24.702569],[120.877397,24.702574]]]]}},{"type":"Feature","properties":{"n":"和誠街","v":"竹南鎮","w":1.2,"c":1.2,"r":0},"geometry":{"type":"MultiPolygon","coordinates":[[[[120.876762,24.714033],[120.876763,24.714045],[120.882357,24.710231],[120.882346,24.710221],[120.876762,24.714033]]]]}},{"type":"Feature","properties":{"n":"和仁街","v":"竹南鎮","w":1.2,"c":1.2,"r":0},"geometry":{"type":"MultiPolygon","coordinates":[[[[120.882285,24.711936],[120.878369,24.707209],[120.878326,24.707209],[120.882253,24.711936],[120.882285,24.711936]]]]}},{"type":"Feature","properties":{"n":"光復路","v":"三義鄉","w":0.9,"c":0.9,"r":null},"geometry":{"type":"MultiPolygon","coordinates":[[[[120.770745,24.413826],[120.771147,24.41368],[120.771142,24.413663],[120.770742,24.413814],[120.770745,24.413826]]]]}},{"type":"Feature","properties":{"n":"公義路830巷","v":"竹南鎮","w":1.5,"c":1.2,"r":1},"geometry":{"type":"MultiPolygon","coordinates":[[[[120.894294,24.707454],[120.894975,24.707135],[120.895047,24.707084],[120.895112,24.707009],[120.895136,24.706923],[120.89512,24.706926],[120.895098,24.707004],[120.895031,24.707087],[120.894954,24.707133],[120.894286,24.707445],[120.894294,24.707454]]]]}},{"type":"Feature","properties":{"n":"公義路","v":"竹南鎮","w":2,"c":1.7,"r":12},"geometry":{"type":"MultiPolygon","coordinates":[[[[120.894782,24.708059],[120.897191,24.709501],[120.897207,24.709487],[120.894798,24.708044],[120.894782,24.708059]]]]}},{"type":"Feature","properties":{"n":"頭屋外環道","v":"頭屋鄉","w":2,"c":2,"r":2},"geometry":{"type":"MultiPolygon","coordinates":[[[[120.848209,24.574529],[120.848123,24.581837],[120.847962,24.581993],[120.848038,24.582051],[120.848156,24.581905],[120.848166,24.581739],[120.84826,24.574516],[120.848314,24.574523],[120.848241,24.581985],[120.848198,24.582234],[120.848359,24.582353],[120.848354,24.58228],[120.848335,24.582204],[120.848279,24.582126],[120.848268,24.581821],[120.848327,24.576565],[120.848416,24.576526],[120.848665,24.57655],[120.848665,24.576514],[120.848343,24.576502],[120.848343,24.574526],[120.848421,24.57446],[120.848386,24.574453],[120.848338,24.574506],[120.84826,24.574499],[120.848212,24.57447],[120.848177,24.574475],[120.848209,24.574526],[120.848209,24.574529]]]]}},{"type":"Feature","properties":{"n":"中正路","v":"苗栗市","w":1.5,"c":1,"r":0},"geometry":{"type":"MultiPolygon","coordinates":[[[[120.82103,24.558561],[120.821046,24.558551],[120.820649,24.557848],[120.820633,24.557868],[120.82103,24.558561]]]]}},{"type":"Feature","properties":{"n":"中正路","v":"苗栗市","w":1.5,"c":1.5,"r":0},"geometry":{"type":"MultiPolygon","coordinates":[[[[120.815909,24.55153],[120.815887,24.551486],[120.815836,24.551501],[120.815909,24.55153]]]]}},{"type":"Feature","properties":{"n":"中正路","v":"苗栗市","w":3.5,"c":3,"r":2},"geometry":{"type":"MultiPolygon","coordinates":[[[[120.824305,24.565731],[120.824171,24.563838],[120.824128,24.563834],[120.824273,24.565741],[120.824305,24.565731]]]]}},{"type":"Feature","properties":{"n":"中正路","v":"苗栗市","w":3.5,"c":3,"r":2},"geometry":{"type":"MultiPolygon","coordinates":[[[[120.824305,24.565731],[120.824171,24.563838],[120.824128,24.563834],[120.824273,24.565741],[120.824305,24.565731]]]]}},{"type":"Feature","properties":{"n":"建功街32巷","v":"苗栗市","w":1.5,"c":1,"r":0},"geometry":{"type":"MultiPolygon","coordinates":[[[[120.826923,24.564054],[120.826944,24.564061],[120.827003,24.563925],[120.827081,24.563683],[120.827065,24.563681],[120.827008,24.563888],[120.826923,24.564054]]]]}},{"type":"Feature","properties":{"n":"建功街32巷","v":"苗栗市","w":1.5,"c":1.5,"r":0},"geometry":{"type":"MultiPolygon","coordinates":[[[[120.82681,24.564032],[120.826815,24.564034],[120.826874,24.563908],[120.826944,24.563695],[120.826947,24.563666],[120.82692,24.563673],[120.826872,24.563849],[120.826799,24.564025],[120.82681,24.564032]]]]}},{"type":"Feature","properties":{"n":"為公路","v":"苗栗市","w":1.5,"c":1.5,"r":0},"geometry":{"type":"MultiPolygon","coordinates":[[[[120.82812,24.571126],[120.828131,24.571107],[120.826768,24.570717],[120.825304,24.570331],[120.824676,24.570082],[120.824644,24.570117],[120.825014,24.570268],[120.826677,24.570707],[120.82812,24.571126]]]]}},{"type":"Feature","properties":{"n":"龍洞溪岸","v":"西湖鄉","w":1.5,"c":1.5,"r":0},"geometry":{"type":"MultiPolygon","coordinates":[[[[120.75617,24.560087],[120.756157,24.56006],[120.756001,24.560267],[120.754969,24.56076],[120.75484,24.560799],[120.754856,24.560823],[120.755012,24.560775],[120.756015,24.560277],[120.75617,24.560087]]]]}},{"type":"Feature","properties":{"n":"龍洞溪岸","v":"西湖鄉","w":1.5,"c":1.5,"r":0},"geometry":{"type":"MultiPolygon","coordinates":[[[[120.756287,24.559656],[120.756357,24.559519],[120.75692,24.558558],[120.757247,24.55827],[120.757451,24.558163],[120.75744,24.558133],[120.757231,24.558221],[120.756909,24.558529],[120.756673,24.558909],[120.75626,24.559617],[120.756287,24.559656]]]]}},{"type":"Feature","properties":{"n":"宮前路","v":"公館鄉","w":1.5,"c":1.5,"r":0},"geometry":{"type":"MultiPolygon","coordinates":[[[[120.826615,24.50485],[120.82662,24.504835],[120.826424,24.504789],[120.82647,24.504559],[120.826451,24.504547],[120.826408,24.504803],[120.826615,24.50485]]]]}},{"type":"Feature","properties":{"n":"仁愛路一段","v":"公館鄉","w":2,"c":2,"r":1},"geometry":{"type":"MultiPolygon","coordinates":[[[[120.826834,24.500156],[120.827145,24.500122],[120.827126,24.499792],[120.827104,24.499795],[120.827126,24.500107],[120.826834,24.500136],[120.826834,24.500156]]]]}},{"type":"Feature","properties":{"n":"濱海路","v":"後龍鎮","w":2.5,"c":2,"r":0},"geometry":{"type":"MultiPolygon","coordinates":[[[[120.773532,24.650561],[120.773562,24.650529],[120.772931,24.649866],[120.771668,24.648612],[120.770541,24.647461],[120.770539,24.647488],[120.771051,24.648015],[120.771512,24.648501],[120.771788,24.648781],[120.772432,24.649411],[120.772947,24.649962],[120.773516,24.650535],[120.773532,24.650561]]]]}},{"type":"Feature","properties":{"n":"無名路","v":"後龍鎮","w":1.8,"c":1.8,"r":0},"geometry":{"type":"MultiPolygon","coordinates":[[[[120.773995,24.650408],[120.775819,24.649038],[120.775894,24.649028],[120.776093,24.649272],[120.776119,24.649238],[120.775916,24.649004],[120.775798,24.649023],[120.773974,24.650388],[120.773995,24.650408]]]]}},{"type":"Feature","properties":{"n":"中華路","v":"後龍鎮","w":null,"c":null,"r":0},"geometry":{"type":"MultiPolygon","coordinates":[[[[120.787673,24.615458],[120.787743,24.615458],[120.786632,24.614741],[120.786579,24.614648],[120.786557,24.614678],[120.786606,24.61478],[120.787636,24.615414],[120.787673,24.615458]]]]}},{"type":"Feature","properties":{"n":"東門街","v":"後龍鎮","w":1.5,"c":1.5,"r":2},"geometry":{"type":"MultiPolygon","coordinates":[[[[120.790049,24.61448],[120.790081,24.61448],[120.789673,24.613919],[120.789791,24.61385],[120.789781,24.613816],[120.789641,24.613919],[120.790049,24.61448]]]]}},{"type":"Feature","properties":{"n":"東門街","v":"後龍鎮","w":1.8,"c":1.5,"r":0},"geometry":{"type":"MultiPolygon","coordinates":[[[[120.790451,24.614819],[120.790446,24.614806],[120.790336,24.614826],[120.79029,24.614806],[120.79021,24.614631],[120.790304,24.614589],[120.790298,24.61457],[120.79018,24.614633],[120.790288,24.614821],[120.790331,24.614838],[120.790451,24.614819]]]]}},{"type":"Feature","properties":{"n":"中山路","v":"後龍鎮","w":1.5,"c":1.5,"r":0},"geometry":{"type":"MultiPolygon","coordinates":[[[[120.790436,24.614473],[120.791412,24.613912],[120.791364,24.613903],[120.790425,24.614449],[120.790425,24.614454],[120.790436,24.614473]]]]}},{"type":"Feature","properties":{"n":"中山路","v":"後龍鎮","w":1.5,"c":1.2,"r":null},"geometry":{"type":"MultiPolygon","coordinates":[[[[120.790109,24.614465],[120.790238,24.614377],[120.790919,24.614006],[120.792099,24.61328],[120.792078,24.613246],[120.791171,24.613821],[120.790082,24.614421],[120.790109,24.614465]]]]}},{"type":"Feature","properties":{"n":"中山路","v":"後龍鎮","w":2.5,"c":2,"r":2},"geometry":{"type":"MultiPolygon","coordinates":[[[[120.791563,24.613831],[120.79159,24.61378],[120.791627,24.613748],[120.792427,24.613331],[120.792419,24.613319],[120.792086,24.613477],[120.791544,24.61378],[120.791563,24.613831]]]]}},{"type":"Feature","properties":{"n":"中山路","v":"後龍鎮","w":1.5,"c":1.2,"r":0},"geometry":{"type":"MultiPolygon","coordinates":[[[[120.792527,24.61329],[120.792578,24.613256],[120.793565,24.612782],[120.793543,24.612758],[120.792532,24.613253],[120.792527,24.61329]]]]}},{"type":"Feature","properties":{"n":"中山路","v":"後龍鎮","w":1.5,"c":1.2,"r":0},"geometry":{"type":"MultiPolygon","coordinates":[[[[120.792218,24.613202],[120.792267,24.613209],[120.793388,24.612653],[120.793393,24.612602],[120.793366,24.612604],[120.793374,24.612643],[120.792277,24.61319],[120.792216,24.613185],[120.792218,24.613202]]]]}},{"type":"Feature","properties":{"n":"成功路","v":"後龍鎮","w":1.5,"c":1.5,"r":null},"geometry":{"type":"MultiPolygon","coordinates":[[[[120.79489,24.614097],[120.795708,24.613699],[120.795871,24.613524],[120.79585,24.613514],[120.795703,24.613684],[120.794879,24.614084],[120.79489,24.614097]]]]}},{"type":"Feature","properties":{"n":"成功路","v":"後龍鎮","w":1.5,"c":1.2,"r":0},"geometry":{"type":"MultiPolygon","coordinates":[[[[120.794961,24.614201],[120.795808,24.613797],[120.796098,24.613504],[120.796055,24.613484],[120.795803,24.613777],[120.794939,24.614187],[120.794961,24.614201]]]]}},{"type":"Feature","properties":{"n":"中正路","v":"三義鄉","w":1.5,"c":1.2,"r":0},"geometry":{"type":"MultiPolygon","coordinates":[[[[120.773719,24.417714],[120.773751,24.417687],[120.773767,24.417458],[120.773764,24.417426],[120.773732,24.417367],[120.773721,24.417385],[120.773751,24.417431],[120.773732,24.417675],[120.7737,24.417707],[120.773719,24.417714]]]]}},{"type":"Feature","properties":{"n":"復興路","v":"三義鄉","w":2,"c":2,"r":1},"geometry":{"type":"MultiPolygon","coordinates":[[[[120.770368,24.412966],[120.770403,24.412942],[120.770269,24.41261],[120.770248,24.412615],[120.770385,24.41293],[120.770366,24.412954],[120.770368,24.412966]]]]}},{"type":"Feature","properties":{"n":"復興路","v":"三義鄉","w":1.5,"c":1.5,"r":null},"geometry":{"type":"MultiPolygon","coordinates":[[[[120.770526,24.412907],[120.770547,24.41289],[120.770496,24.412868],[120.770367,24.412555],[120.770349,24.412567],[120.770472,24.412873],[120.770526,24.412907]]]]}},{"type":"Feature","properties":{"n":"自強路","v":"銅鑼鄉","w":1.5,"c":1.2,"r":0},"geometry":{"type":"MultiPolygon","coordinates":[[[[120.791926,24.481744],[120.791883,24.481715],[120.791529,24.482047],[120.791239,24.482164],[120.790231,24.482203],[120.789641,24.482213],[120.786744,24.481989],[120.786744,24.482086],[120.789759,24.482272],[120.791272,24.482213],[120.791572,24.482086],[120.791926,24.481744]]]]}},{"type":"Feature","properties":{"n":"自強路","v":"銅鑼鄉","w":1.5,"c":1.2,"r":0},"geometry":{"type":"MultiPolygon","coordinates":[[[[120.786694,24.481933],[120.789693,24.48207],[120.789666,24.482031],[120.786672,24.481889],[120.786694,24.481933]]]]}},{"type":"Feature","properties":{"n":"自強路","v":"銅鑼鄉","w":1.5,"c":1.2,"r":0},"geometry":{"type":"MultiPolygon","coordinates":[[[[120.789972,24.481991],[120.790214,24.482064],[120.791201,24.482025],[120.791619,24.481849],[120.791973,24.481444],[120.79214,24.481302],[120.792236,24.480746],[120.792381,24.480126],[120.792494,24.479491],[120.792579,24.479047],[120.79266,24.478837],[120.79318,24.478021],[120.793159,24.478002],[120.792579,24.478895],[120.792504,24.479169],[120.792402,24.479813],[120.792107,24.481234],[120.792107,24.481278],[120.791617,24.481827],[120.791203,24.48201],[120.790214,24.482051],[120.789978,24.481975],[120.789972,24.481991]]]]}},{"type":"Feature","properties":{"n":"自強路","v":"銅鑼鄉","w":1.5,"c":1.2,"r":0},"geometry":{"type":"MultiPolygon","coordinates":[[[[120.792284,24.481338],[120.792268,24.481209],[120.792713,24.478999],[120.792627,24.479351],[120.792192,24.481284],[120.792284,24.481338]]]]}},{"type":"Feature","properties":{"n":"大同路","v":"銅鑼鄉","w":10,"c":10,"r":null},"geometry":{"type":"MultiPolygon","coordinates":[[[[120.786481,24.48721],[120.78654,24.48722],[120.786438,24.485316],[120.786352,24.485331],[120.786438,24.486869],[120.786481,24.48721]]]]}},{"type":"Feature","properties":{"n":"中央路","v":"頭份鎮","w":20,"c":8,"r":4},"geometry":{"type":"MultiPolygon","coordinates":[[[[120.906922,24.68737],[120.906898,24.687358],[120.906131,24.688381],[120.905782,24.688769],[120.905009,24.689468],[120.90343,24.690855],[120.902614,24.691554],[120.901547,24.692359],[120.900994,24.692688],[120.899696,24.693302],[120.89891,24.693594],[120.897126,24.694069],[120.895509,24.694301],[120.894458,24.694359],[120.893031,24.694342],[120.889176,24.694252],[120.889174,24.694276],[120.892988,24.694364],[120.894463,24.694384],[120.895504,24.694325],[120.897129,24.694086],[120.897569,24.693989],[120.898899,24.693614],[120.899701,24.693321],[120.901,24.692712],[120.901557,24.692385],[120.902491,24.691684],[120.90292,24.691342],[120.904014,24.690382],[120.904594,24.689885],[120.905801,24.688788],[120.906155,24.688389],[120.906922,24.68737]]]]}},{"type":"Feature","properties":{"n":"中山路","v":"通霄鎮","w":1.5,"c":0,"r":null},"geometry":{"type":"MultiPolygon","coordinates":[[[[120.680756,24.493628],[120.680778,24.493614],[120.680166,24.493013],[120.679914,24.492491],[120.679705,24.4919],[120.679683,24.49191],[120.679898,24.49252],[120.68015,24.493038],[120.680756,24.493628]]]]}},{"type":"Feature","properties":{"n":"中山路一巷","v":"通霄鎮","w":1.5,"c":1.2,"r":null},"geometry":{"type":"MultiPolygon","coordinates":[[[[120.676627,24.489782],[120.678118,24.489133],[120.67811,24.489108],[120.676608,24.489767],[120.676627,24.489782]]]]}},{"type":"Feature","properties":{"n":"公北三路、公園二街、公北二路、永貞路三段","v":"頭份鎮","w":2,"c":1.5,"r":0},"geometry":{"type":"MultiPolygon","coordinates":[[[[120.885576,24.692982],[120.888023,24.693036],[120.888074,24.692985],[120.888079,24.692507],[120.888049,24.692468],[120.885585,24.692402],[120.885574,24.692951],[120.885603,24.692951],[120.885611,24.692424],[120.888033,24.692495],[120.88802,24.693002],[120.885576,24.692958],[120.885576,24.692982]]]]}},{"type":"Feature","properties":{"n":"中正路","v":"通霄鎮","w":1.5,"c":1.2,"r":null},"geometry":{"type":"MultiPolygon","coordinates":[[[[120.679068,24.491032],[120.679518,24.490707],[120.679572,24.490719],[120.679583,24.49069],[120.679515,24.49069],[120.679065,24.491017],[120.679068,24.491032]]]]}},{"type":"Feature","properties":{"n":"中正路","v":"通霄鎮","w":1.5,"c":1.2,"r":null},"geometry":{"type":"MultiPolygon","coordinates":[[[[120.679703,24.490663],[120.679722,24.490675],[120.679754,24.490605],[120.680226,24.490456],[120.680414,24.490429],[120.68153,24.490224],[120.681554,24.490263],[120.681597,24.490239],[120.681557,24.490195],[120.680889,24.490319],[120.68021,24.490436],[120.679733,24.49059],[120.679703,24.490663]]]]}},{"type":"Feature","properties":{"n":"中正路","v":"通霄鎮","w":null,"c":null,"r":7},"geometry":{"type":"MultiPolygon","coordinates":[[[[120.684727,24.491313],[120.68404,24.491025],[120.683941,24.490973],[120.683917,24.490951],[120.682737,24.490541],[120.681978,24.490302],[120.681972,24.490324],[120.68311,24.490693],[120.683887,24.490961],[120.68392,24.490995],[120.684719,24.491339],[120.684727,24.491313]]]]}},{"type":"Feature","properties":{"n":"崇仁路","v":"通霄鎮","w":1.2,"c":0,"r":0},"geometry":{"type":"MultiPolygon","coordinates":[[[[120.684521,24.490593],[120.684945,24.490325],[120.684907,24.4903],[120.684499,24.490574],[120.684521,24.490593]]]]}},{"type":"Feature","properties":{"n":"崇仁路","v":"通霄鎮","w":1.2,"c":1.2,"r":0},"geometry":{"type":"MultiPolygon","coordinates":[[[[120.684405,24.490525],[120.684676,24.490364],[120.684894,24.490207],[120.684869,24.49019],[120.684655,24.490361],[120.684384,24.490515],[120.684405,24.490525]]]]}},{"type":"Feature","properties":{"n":"公北三路","v":"頭份鎮","w":3,"c":2,"r":2},"geometry":{"type":"MultiPolygon","coordinates":[[[[120.8883,24.693238],[120.888289,24.693246],[120.888286,24.693275],[120.888992,24.693292],[120.888989,24.693255],[120.8883,24.693238]]]]}},{"type":"Feature","properties":{"n":"中正路","v":"通霄鎮","w":null,"c":null,"r":3},"geometry":{"type":"MultiPolygon","coordinates":[[[[120.683086,24.490534],[120.683826,24.490779],[120.683837,24.490761],[120.683099,24.49051],[120.683086,24.490534]]]]}},{"type":"Feature","properties":{"n":"中正路","v":"通霄鎮","w":2.5,"c":2.5,"r":0},"geometry":{"type":"MultiPolygon","coordinates":[[[[120.684181,24.490918],[120.684181,24.490906],[120.684033,24.49083],[120.68406,24.490798],[120.684044,24.490776],[120.684004,24.490793],[120.683998,24.49084],[120.684181,24.490918]]]]}},{"type":"Feature","properties":{"n":"中正路","v":"通霄鎮","w":1,"c":1,"r":null},"geometry":{"type":"MultiPolygon","coordinates":[[[[120.686732,24.492802],[120.686748,24.492788],[120.686056,24.492138],[120.685214,24.491357],[120.684908,24.491201],[120.684892,24.49122],[120.685209,24.491401],[120.685327,24.491499],[120.686732,24.492802]]]]}},{"type":"Feature","properties":{"n":"公北一路","v":"竹南鎮","w":1.5,"c":1.5,"r":2},"geometry":{"type":"MultiPolygon","coordinates":[[[[120.885604,24.69166],[120.888074,24.691718],[120.888039,24.691696],[120.885604,24.691638],[120.885604,24.69166]]]]}},{"type":"Feature","properties":{"n":"光復路","v":"通霄鎮","w":1.2,"c":1.2,"r":0},"geometry":{"type":"MultiPolygon","coordinates":[[[[120.682462,24.488439],[120.682819,24.488107],[120.682808,24.488102],[120.682454,24.488429],[120.682462,24.488439]]]]}},{"type":"Feature","properties":{"n":"福德路","v":"通霄鎮","w":1.2,"c":1.2,"r":0},"geometry":{"type":"MultiPolygon","coordinates":[[[[120.681518,24.487492],[120.681537,24.487497],[120.681875,24.48717],[120.681861,24.48716],[120.681518,24.487492]]]]}},{"type":"Feature","properties":{"n":"公北一路","v":"竹南鎮","w":1.5,"c":1.5,"r":2},"geometry":{"type":"MultiPolygon","coordinates":[[[[120.886815,24.691527],[120.888097,24.691557],[120.888102,24.691525],[120.886812,24.691498],[120.886815,24.691527]]]]}},{"type":"Feature","properties":{"n":"中山路","v":"通霄鎮","w":2,"c":1.5,"r":5},"geometry":{"type":"MultiPolygon","coordinates":[[[[120.67805,24.486562],[120.678085,24.486562],[120.677731,24.486074],[120.676315,24.485152],[120.675934,24.484678],[120.675741,24.484356],[120.675623,24.48396],[120.675628,24.482545],[120.675668,24.480132],[120.675518,24.479615],[120.675454,24.479605],[120.675604,24.480123],[120.675604,24.480709],[120.675577,24.482696],[120.675577,24.483975],[120.675652,24.484175],[120.675711,24.484365],[120.675899,24.484692],[120.67629,24.485166],[120.676585,24.485351],[120.677691,24.486084],[120.67805,24.486562]]]]}},{"type":"Feature","properties":{"n":"公園五街","v":"頭份鎮","w":1.5,"c":1.5,"r":2},"geometry":{"type":"MultiPolygon","coordinates":[[[[120.890196,24.692376],[120.89021,24.691823],[120.89018,24.69183],[120.890169,24.692381],[120.890196,24.692376]]]]}},{"type":"Feature","properties":{"n":"中正路一段","v":"苑裡鎮","w":2,"c":1.5,"r":2},"geometry":{"type":"MultiPolygon","coordinates":[[[[120.653774,24.438054],[120.653784,24.438074],[120.655893,24.437302],[120.655877,24.437273],[120.653774,24.438054]]]]}},{"type":"Feature","properties":{"n":"公北一路","v":"頭份鎮","w":1.5,"c":1.5,"r":2},"geometry":{"type":"MultiPolygon","coordinates":[[[[120.89018,24.691821],[120.890966,24.69184],[120.890961,24.691816],[120.890204,24.691799],[120.89018,24.691821]]]]}},{"type":"Feature","properties":{"n":"公園路","v":"竹南鎮","w":3,"c":2.5,"r":2},"geometry":{"type":"MultiPolygon","coordinates":[[[[120.890196,24.690731],[120.890196,24.690773],[120.890987,24.690783],[120.890985,24.690751],[120.890199,24.690736],[120.890196,24.690731]]]]}},{"type":"Feature","properties":{"n":"昌隆二街","v":"頭份鎮","w":1.5,"c":1.5,"r":2},"geometry":{"type":"MultiPolygon","coordinates":[[[[120.89996,24.688761],[120.899944,24.688735],[120.897763,24.688364],[120.897747,24.688384],[120.89996,24.688761]]]]}},{"type":"Feature","properties":{"n":"中正路一段","v":"苑裡鎮","w":null,"c":null,"r":2},"geometry":{"type":"MultiPolygon","coordinates":[[[[120.653731,24.437951],[120.65493,24.437499],[120.654898,24.437455],[120.653717,24.437914],[120.653731,24.437951]]]]}},{"type":"Feature","properties":{"n":"昌隆一街","v":"頭份鎮","w":1.5,"c":1.5,"r":2},"geometry":{"type":"MultiPolygon","coordinates":[[[[120.900217,24.687711],[120.900247,24.687694],[120.89933,24.687543],[120.899338,24.687565],[120.900217,24.687711]]]]}},{"type":"Feature","properties":{"n":"無名巷","v":"苑裡鎮","w":1.5,"c":1.2,"r":0},"geometry":{"type":"MultiPolygon","coordinates":[[[[120.655828,24.437116],[120.655501,24.436383],[120.655464,24.436388],[120.655791,24.437136],[120.655828,24.437116]]]]}},{"type":"Feature","properties":{"n":"昌隆一街","v":"頭份鎮","w":1.5,"c":1.5,"r":2},"geometry":{"type":"MultiPolygon","coordinates":[[[[120.89794,24.687453],[120.899144,24.687648],[120.899128,24.687628],[120.897967,24.687436],[120.89794,24.687453]]]]}},{"type":"Feature","properties":{"n":"昌隆一街","v":"頭份鎮","w":1.5,"c":1.5,"r":2},"geometry":{"type":"MultiPolygon","coordinates":[[[[120.899193,24.687519],[120.897937,24.687321],[120.897956,24.687343],[120.899163,24.687538],[120.899193,24.687519]]]]}},{"type":"Feature","properties":{"n":"忠信路","v":"苑裡鎮","w":1,"c":1,"r":0},"geometry":{"type":"MultiPolygon","coordinates":[[[[120.650593,24.443929],[120.650614,24.443924],[120.650099,24.442708],[120.650072,24.442727],[120.650593,24.443929]]]]}},{"type":"Feature","properties":{"n":"昌隆一街","v":"頭份鎮","w":1.5,"c":1.5,"r":2},"geometry":{"type":"MultiPolygon","coordinates":[[[[120.89781,24.687315],[120.897829,24.687283],[120.896759,24.687127],[120.896775,24.687154],[120.89781,24.687315]]]]}},{"type":"Feature","properties":{"n":"中山路","v":"苑裡鎮","w":2.5,"c":2.5,"r":0},"geometry":{"type":"MultiPolygon","coordinates":[[[[120.655103,24.44764],[120.655122,24.44763],[120.654797,24.447135],[120.654778,24.447147],[120.655103,24.44764]]]]}},{"type":"Feature","properties":{"n":"富強二街","v":"頭份鎮","w":1.5,"c":1.5,"r":2},"geometry":{"type":"MultiPolygon","coordinates":[[[[120.897824,24.687283],[120.897977,24.68653],[120.897963,24.686496],[120.897802,24.687283],[120.897824,24.687283]]]]}},{"type":"Feature","properties":{"n":"河邊道路","v":"苑裡鎮","w":1.5,"c":0,"r":0},"geometry":{"type":"MultiPolygon","coordinates":[[[[120.645046,24.429802],[120.645062,24.429812],[120.645346,24.429411],[120.651258,24.427155],[120.651236,24.427116],[120.645303,24.429402],[120.645046,24.429802]]]]}},{"type":"Feature","properties":{"n":"和平路","v":"頭份鎮","w":1.5,"c":1.5,"r":2},"geometry":{"type":"MultiPolygon","coordinates":[[[[120.89795,24.686491],[120.896939,24.686323],[120.896917,24.686342],[120.897955,24.686511],[120.89795,24.686491]]]]}},{"type":"Feature","properties":{"n":"富強三街","v":"頭份鎮","w":1.5,"c":1.5,"r":2},"geometry":{"type":"MultiPolygon","coordinates":[[[[120.89677,24.687125],[120.896778,24.687122],[120.896925,24.686357],[120.896912,24.68635],[120.89689,24.686362],[120.896751,24.687103],[120.89677,24.687125]]]]}},{"type":"Feature","properties":{"n":"昌隆一街","v":"頭份鎮","w":1.5,"c":1.5,"r":0},"geometry":{"type":"MultiPolygon","coordinates":[[[[120.89662,24.687096],[120.895531,24.686918],[120.895528,24.686938],[120.89659,24.687118],[120.89662,24.687096]]]]}},{"type":"Feature","properties":{"n":"民族路394巷","v":"頭份鎮","w":1.5,"c":1.5,"r":2},"geometry":{"type":"MultiPolygon","coordinates":[[[[120.895536,24.686914],[120.895552,24.686916],[120.895689,24.686121],[120.89567,24.686119],[120.895536,24.686914]]]]}},{"type":"Feature","properties":{"n":"和平路","v":"頭份鎮","w":1.5,"c":1.5,"r":2},"geometry":{"type":"MultiPolygon","coordinates":[[[[120.895696,24.686124],[120.895693,24.686141],[120.896772,24.686309],[120.896758,24.686289],[120.895696,24.686124]]]]}},{"type":"Feature","properties":{"n":"和平路","v":"頭份鎮","w":1.5,"c":1.5,"r":2},"geometry":{"type":"MultiPolygon","coordinates":[[[[120.898099,24.68654],[120.899349,24.68674],[120.899333,24.686721],[120.898139,24.686528],[120.898099,24.68654]]]]}},{"type":"Feature","properties":{"n":"和平路","v":"頭份鎮","w":1.5,"c":1.5,"r":2},"geometry":{"type":"MultiPolygon","coordinates":[[[[120.899475,24.686767],[120.900095,24.686867],[120.900417,24.686865],[120.900406,24.686843],[120.9001,24.686848],[120.899513,24.68675],[120.899475,24.686767]]]]}},{"type":"Feature","properties":{"n":"初中路","v":"苑裡鎮","w":2,"c":2,"r":3},"geometry":{"type":"MultiPolygon","coordinates":[[[[120.664019,24.438598],[120.664035,24.438618],[120.664567,24.438535],[120.665033,24.438276],[120.664733,24.437685],[120.664357,24.437133],[120.66388,24.436381],[120.663837,24.436406],[120.664325,24.437172],[120.664701,24.437685],[120.664985,24.438261],[120.66455,24.438501],[120.664309,24.43855],[120.664019,24.438598]]]]}},{"type":"Feature","properties":{"n":"介壽路","v":"苑裡鎮","w":2,"c":1.5,"r":3},"geometry":{"type":"MultiPolygon","coordinates":[[[[120.650092,24.447515],[120.650124,24.447505],[120.649462,24.445964],[120.648807,24.444553],[120.648785,24.444566],[120.649402,24.445943],[120.650092,24.447515]]]]}},{"type":"Feature","properties":{"n":"介壽路","v":"苑裡鎮","w":2,"c":1.5,"r":0},"geometry":{"type":"MultiPolygon","coordinates":[[[[120.648764,24.444474],[120.648786,24.444467],[120.648271,24.443329],[120.648279,24.443285],[120.648241,24.443268],[120.648222,24.443285],[120.648571,24.444064],[120.648568,24.444049],[120.648764,24.444474]]]]}},{"type":"Feature","properties":{"n":"介壽路","v":"苑裡鎮","w":2,"c":1.5,"r":3},"geometry":{"type":"MultiPolygon","coordinates":[[[[120.64818,24.443159],[120.648191,24.443159],[120.646941,24.440219],[120.646898,24.440239],[120.647628,24.441943],[120.64818,24.443159]]]]}},{"type":"Feature","properties":{"n":"介壽路","v":"苑裡鎮","w":2,"c":1.5,"r":0},"geometry":{"type":"MultiPolygon","coordinates":[[[[120.646875,24.440159],[120.646944,24.44013],[120.646612,24.439422],[120.646574,24.439476],[120.646875,24.440159]]]]}},{"type":"Feature","properties":{"n":"自強路二段","v":"頭份鎮","w":2.5,"c":1.2,"r":20},"geometry":{"type":"MultiPolygon","coordinates":[[[[120.885586,24.682617],[120.888287,24.682663],[120.892903,24.682765],[120.893812,24.682892],[120.896248,24.683594],[120.900606,24.684898],[120.90062,24.684866],[120.89385,24.682855],[120.892911,24.682729],[120.885589,24.68259],[120.885586,24.682617]]]]}},{"type":"Feature","properties":{"n":"介壽路介壽路","v":"苑裡鎮","w":2,"c":1.5,"r":0},"geometry":{"type":"MultiPolygon","coordinates":[[[[120.646513,24.439327],[120.646558,24.439344],[120.645952,24.438018],[120.645501,24.436958],[120.645466,24.436958],[120.645799,24.437705],[120.646513,24.439327]]]]}},{"type":"Feature","properties":{"n":"介壽路","v":"苑裡鎮","w":2,"c":1.5,"r":0},"geometry":{"type":"MultiPolygon","coordinates":[[[[120.645454,24.436906],[120.645491,24.436891],[120.645024,24.435905],[120.644853,24.435499],[120.64488,24.435211],[120.644928,24.435021],[120.645333,24.434083],[120.645612,24.433512],[120.645808,24.433051],[120.646076,24.432402],[120.64605,24.432392],[120.645577,24.433486],[120.645202,24.434331],[120.64491,24.43501],[120.644864,24.435208],[120.644829,24.435493],[120.645022,24.435945],[120.645438,24.436839],[120.645454,24.436906]]]]}},{"type":"Feature","properties":{"n":"巷A","v":"頭份鎮","w":0.9,"c":0.81,"r":0},"geometry":{"type":"MultiPolygon","coordinates":[[[[120.894578,24.685221],[120.894771,24.685033],[120.894838,24.684897],[120.895323,24.683339],[120.895305,24.683337],[120.894822,24.684892],[120.894757,24.685031],[120.894559,24.685213],[120.894578,24.685221]]]]}},{"type":"Feature","properties":{"n":"中正國小前道路","v":"苑裡鎮","w":1.5,"c":1.2,"r":null},"geometry":{"type":"MultiPolygon","coordinates":[[[[120.660994,24.429536],[120.661702,24.429248],[120.661675,24.429228],[120.660983,24.429512],[120.660752,24.429307],[120.660731,24.429316],[120.660994,24.429536]]]]}},{"type":"Feature","properties":{"n":"照南路","v":"竹南鎮","w":2,"c":2,"r":2},"geometry":{"type":"MultiPolygon","coordinates":[[[[120.876523,24.69559],[120.877446,24.695181],[120.879503,24.695171],[120.879503,24.695137],[120.877449,24.695149],[120.87651,24.695568],[120.876523,24.69559]]]]}},{"type":"Feature","properties":{"n":"光復路","v":"竹南鎮","w":2,"c":2,"r":2},"geometry":{"type":"MultiPolygon","coordinates":[[[[120.879503,24.693397],[120.879479,24.693383],[120.879474,24.695132],[120.879506,24.69513],[120.879503,24.693397]]]]}},{"type":"Feature","properties":{"n":"公教路","v":"竹南鎮","w":2,"c":2,"r":2},"geometry":{"type":"MultiPolygon","coordinates":[[[[120.875689,24.693972],[120.875694,24.693997],[120.876703,24.693529],[120.876765,24.693434],[120.876904,24.692871],[120.876864,24.692905],[120.87673,24.693446],[120.876673,24.693504],[120.875689,24.693972]]]]}},{"type":"Feature","properties":{"n":"公教路","v":"竹南鎮","w":3,"c":2,"r":2},"geometry":{"type":"MultiPolygon","coordinates":[[[[120.874685,24.694423],[120.87351,24.694964],[120.873521,24.694988],[120.874695,24.694447],[120.874685,24.694423]]]]}},{"type":"Feature","properties":{"n":"山腳外環道","v":"苑裡鎮","w":2,"c":1.5,"r":0},"geometry":{"type":"MultiPolygon","coordinates":[[[[120.684756,24.41961],[120.685394,24.419395],[120.686022,24.419131],[120.686124,24.419053],[120.68614,24.418838],[120.686134,24.418623],[120.686108,24.418252],[120.686081,24.418257],[120.686113,24.418613],[120.686102,24.419038],[120.686022,24.419097],[120.685362,24.419385],[120.684745,24.41958],[120.684756,24.41961]]]]}},{"type":"Feature","properties":{"n":"山腳外環道","v":"苑裡鎮","w":2,"c":1.5,"r":0},"geometry":{"type":"MultiPolygon","coordinates":[[[[120.684756,24.41961],[120.685394,24.419395],[120.686022,24.419131],[120.686124,24.419053],[120.68614,24.418838],[120.686134,24.418623],[120.686108,24.418252],[120.686081,24.418257],[120.686113,24.418613],[120.686102,24.419038],[120.686022,24.419097],[120.685362,24.419385],[120.684745,24.41958],[120.684756,24.41961]]]]}},{"type":"Feature","properties":{"n":"龍天路","v":"竹南鎮","w":4.2,"c":2,"r":2},"geometry":{"type":"MultiPolygon","coordinates":[[[[120.872196,24.692378],[120.872866,24.691757],[120.872869,24.691723],[120.872853,24.691698],[120.872172,24.692359],[120.872196,24.692378]]]]}},{"type":"Feature","properties":{"n":"縣121","v":"苑裡鎮","w":2,"c":1.5,"r":3},"geometry":{"type":"MultiPolygon","coordinates":[[[[120.686011,24.417543],[120.686016,24.417514],[120.68555,24.417563],[120.684316,24.417827],[120.684192,24.417788],[120.683967,24.417416],[120.683956,24.417431],[120.684171,24.417807],[120.6843,24.417851],[120.685571,24.417592],[120.686011,24.417543]]]]}},{"type":"Feature","properties":{"n":"苗50","v":"苑裡鎮","w":1.5,"c":1.2,"r":0},"geometry":{"type":"MultiPolygon","coordinates":[[[[120.684026,24.416996],[120.684343,24.416767],[120.68482,24.416229],[120.684917,24.416156],[120.684868,24.416112],[120.684311,24.416752],[120.683999,24.416972],[120.684026,24.416996]]]]}},{"type":"Feature","properties":{"n":"無名路","v":"苑裡鎮","w":2,"c":1.5,"r":0},"geometry":{"type":"MultiPolygon","coordinates":[[[[120.686024,24.41752],[120.686035,24.417515],[120.685979,24.41707],[120.685965,24.417068],[120.686006,24.417395],[120.686024,24.41752]]]]}},{"type":"Feature","properties":{"n":"中正路218巷","v":"卓蘭鎮","w":1.2,"c":1.2,"r":null},"geometry":{"type":"MultiPolygon","coordinates":[[[[120.83078,24.313908],[120.830822,24.313927],[120.831429,24.312969],[120.831445,24.312891],[120.831434,24.312876],[120.831396,24.312949],[120.830833,24.313854],[120.83078,24.313908]]]]}},{"type":"Feature","properties":{"n":"文峰街","v":"卓蘭鎮","w":1.2,"c":1,"r":0},"geometry":{"type":"MultiPolygon","coordinates":[[[[120.831402,24.311344],[120.831439,24.311358],[120.831498,24.311128],[120.831638,24.310542],[120.831616,24.310532],[120.831616,24.310537],[120.831402,24.311344]]]]}},{"type":"Feature","properties":{"n":"中正路","v":"卓蘭鎮","w":1.2,"c":1,"r":null},"geometry":{"type":"MultiPolygon","coordinates":[[[[120.830642,24.312658],[120.830656,24.312648],[120.828295,24.311988],[120.827051,24.311675],[120.827051,24.311683],[120.827569,24.31182],[120.828601,24.312081],[120.830642,24.312658]]]]}},{"type":"Feature","properties":{"n":"環市路三段","v":"竹南鎮","w":3,"c":2,"r":6},"geometry":{"type":"MultiPolygon","coordinates":[[[[120.880896,24.693718],[120.880888,24.693657],[120.877559,24.692972],[120.874608,24.69238],[120.873098,24.691809],[120.873029,24.691836],[120.874523,24.692421],[120.875955,24.692709],[120.878192,24.693189],[120.880464,24.69364],[120.880896,24.693718]]]]}},{"type":"Feature","properties":{"n":"中正路","v":"卓蘭鎮","w":1.2,"c":1,"r":null},"geometry":{"type":"MultiPolygon","coordinates":[[[[120.830569,24.312522],[120.830596,24.312497],[120.827098,24.311593],[120.827093,24.311607],[120.830569,24.312522]]]]}},{"type":"Feature","properties":{"n":"中山路","v":"卓蘭鎮","w":null,"c":null,"r":2},"geometry":{"type":"MultiPolygon","coordinates":[[[[120.824207,24.313553],[120.824716,24.312927],[120.824695,24.312898],[120.824169,24.313548],[120.824207,24.313553]]]]}},{"type":"Feature","properties":{"n":"中山路","v":"卓蘭鎮","w":2,"c":2,"r":2},"geometry":{"type":"MultiPolygon","coordinates":[[[[120.824757,24.312878],[120.824907,24.312717],[120.825068,24.31259],[120.825183,24.312424],[120.825341,24.31216],[120.825331,24.312148],[120.825052,24.312573],[120.824885,24.312717],[120.824732,24.312871],[120.824757,24.312878]]]]}},{"type":"Feature","properties":{"n":"中山路","v":"卓蘭鎮","w":null,"c":null,"r":2},"geometry":{"type":"MultiPolygon","coordinates":[[[[120.825148,24.312693],[120.825153,24.31271],[120.825609,24.312461],[120.825601,24.312449],[120.825148,24.312693]]]]}},{"type":"Feature","properties":{"n":"中山路","v":"卓蘭鎮","w":1.2,"c":1,"r":null},"geometry":{"type":"MultiPolygon","coordinates":[[[[120.825598,24.312447],[120.826878,24.311738],[120.826875,24.311731],[120.825587,24.312437],[120.825598,24.312447]]]]}},{"type":"Feature","properties":{"n":"中山路口","v":"卓蘭鎮","w":2,"c":0,"r":null},"geometry":{"type":"MultiPolygon","coordinates":[[[[120.825327,24.312481],[120.8253,24.312471],[120.825274,24.312452],[120.825252,24.312486],[120.825263,24.312498],[120.825295,24.312501],[120.825327,24.312481]]]]}},{"type":"Feature","properties":{"n":"中正路","v":"竹南鎮","w":2,"c":1.5,"r":2},"geometry":{"type":"MultiPolygon","coordinates":[[[[120.873923,24.683719],[120.873926,24.683707],[120.873164,24.683675],[120.873132,24.683707],[120.873124,24.68379],[120.87318,24.683792],[120.873188,24.68371],[120.873915,24.683751],[120.873923,24.683719]]]]}},{"type":"Feature","properties":{"n":"中山路","v":"卓蘭鎮","w":1.2,"c":1,"r":null},"geometry":{"type":"MultiPolygon","coordinates":[[[[120.825547,24.312357],[120.825561,24.312371],[120.826843,24.311672],[120.826829,24.311662],[120.825818,24.312212],[120.825547,24.312357]]]]}},{"type":"Feature","properties":{"n":"中正路","v":"竹南鎮","w":2,"c":1.5,"r":2},"geometry":{"type":"MultiPolygon","coordinates":[[[[120.874889,24.683829],[120.874894,24.683788],[120.874272,24.683749],[120.874269,24.683788],[120.874889,24.683829]]]]}},{"type":"Feature","properties":{"n":"台3線","v":"卓蘭鎮","w":1.5,"c":1.5,"r":3},"geometry":{"type":"MultiPolygon","coordinates":[[[[120.823572,24.318173],[120.823615,24.318178],[120.82361,24.317479],[120.823551,24.317185],[120.823664,24.316486],[120.823707,24.31612],[120.823712,24.315763],[120.823691,24.315543],[120.82354,24.315474],[120.823412,24.315445],[120.823347,24.315474],[120.823379,24.315494],[120.823417,24.315479],[120.823637,24.315548],[120.82368,24.316134],[120.823546,24.316902],[120.823524,24.317161],[120.823583,24.317484],[120.823567,24.317821],[120.823572,24.318173]]]]}},{"type":"Feature","properties":{"n":"台3線","v":"卓蘭鎮","w":1.5,"c":1.5,"r":3},"geometry":{"type":"MultiPolygon","coordinates":[[[[120.823988,24.315111],[120.823972,24.315111],[120.823969,24.316],[120.823805,24.316907],[120.823762,24.317183],[120.823787,24.317433],[120.823778,24.317552],[120.823805,24.317565],[120.823816,24.317516],[120.823784,24.317232],[120.823988,24.316],[120.823988,24.315111]]]]}},{"type":"Feature","properties":{"n":"台3線","v":"卓蘭鎮","w":1.5,"c":1.5,"r":0},"geometry":{"type":"MultiPolygon","coordinates":[[[[120.823489,24.314865],[120.823526,24.31486],[120.823194,24.313623],[120.822858,24.312555],[120.822558,24.311803],[120.822085,24.311187],[120.82141,24.310434],[120.821265,24.310365],[120.821257,24.310399],[120.821436,24.31049],[120.822013,24.311135],[120.822477,24.311737],[120.822544,24.311815],[120.822796,24.31247],[120.822989,24.313034],[120.82326,24.313949],[120.823451,24.31467],[120.823489,24.314865]]]]}},{"type":"Feature","properties":{"n":"立達街","v":"竹南鎮","w":5,"c":3,"r":2},"geometry":{"type":"MultiPolygon","coordinates":[[[[120.878089,24.69124],[120.878008,24.68996],[120.877976,24.689965],[120.877955,24.690009],[120.878027,24.69122],[120.878059,24.691254],[120.878089,24.69124]]]]}},{"type":"Feature","properties":{"n":"華東街","v":"竹南鎮","w":5,"c":3,"r":2},"geometry":{"type":"MultiPolygon","coordinates":[[[[120.878598,24.689993],[120.878593,24.689942],[120.878016,24.689966],[120.878019,24.690018],[120.878598,24.689993]]]]}},{"type":"Feature","properties":{"n":"台3線","v":"卓蘭鎮","w":1.5,"c":1.5,"r":0},"geometry":{"type":"MultiPolygon","coordinates":[[[[120.819953,24.309407],[120.820639,24.309852],[120.821117,24.310082],[120.821138,24.310062],[120.820666,24.309842],[120.819963,24.309388],[120.819953,24.309407]]]]}},{"type":"Feature","properties":{"n":"台3線","v":"卓蘭鎮","w":1.5,"c":1.2,"r":1},"geometry":{"type":"MultiPolygon","coordinates":[[[[120.822062,24.310782],[120.822277,24.311095],[120.822641,24.311535],[120.822877,24.311926],[120.82306,24.312386],[120.823553,24.314144],[120.823628,24.314505],[120.823655,24.314491],[120.823569,24.314051],[120.823092,24.312349],[120.822893,24.311889],[120.822652,24.311518],[120.822314,24.311088],[120.822083,24.310765],[120.822062,24.310782]]]]}},{"type":"Feature","properties":{"n":"立達街、自強街、自強街60巷","v":"竹南鎮","w":2,"c":1.5,"r":2},"geometry":{"type":"MultiPolygon","coordinates":[[[[120.87807,24.691988],[120.878105,24.691985],[120.878067,24.691417],[120.878628,24.691398],[120.878665,24.691975],[120.878695,24.691917],[120.878662,24.691395],[120.87862,24.691354],[120.87807,24.691383],[120.878029,24.69142],[120.878067,24.691988],[120.87807,24.691988]]]]}},{"type":"Feature","properties":{"n":"博愛街","v":"竹南鎮","w":1.5,"c":1,"r":0},"geometry":{"type":"MultiPolygon","coordinates":[[[[120.870434,24.687571],[120.870059,24.687688],[120.87007,24.687717],[120.870421,24.687605],[120.870434,24.687571]]]]}},{"type":"Feature","properties":{"n":"博愛街","v":"竹南鎮","w":1.5,"c":1,"r":2},"geometry":{"type":"MultiPolygon","coordinates":[[[[120.870507,24.687544],[120.870534,24.687569],[120.871523,24.687279],[120.871515,24.687247],[120.870518,24.687544],[120.870507,24.687544]]]]}},{"type":"Feature","properties":{"n":"博愛街","v":"竹南鎮","w":1.5,"c":1,"r":0},"geometry":{"type":"MultiPolygon","coordinates":[[[[120.872001,24.687113],[120.87199,24.68712],[120.871636,24.687205],[120.871687,24.68723],[120.872009,24.687144],[120.872001,24.687113]]]]}},{"type":"Feature","properties":{"n":"維新路","v":"竹南鎮","w":2.5,"c":2,"r":4},"geometry":{"type":"MultiPolygon","coordinates":[[[[120.881254,24.687164],[120.881664,24.687138],[120.881691,24.687104],[120.881672,24.686626],[120.881624,24.686465],[120.881592,24.686467],[120.881648,24.686633],[120.881662,24.687104],[120.881646,24.687121],[120.881265,24.687143],[120.881254,24.687164]]]]}},{"type":"Feature","properties":{"n":"車站街","v":"後龍鎮","w":1.5,"c":1.5,"r":0},"geometry":{"type":"MultiPolygon","coordinates":[[[[120.787577,24.615947],[120.787603,24.615942],[120.787526,24.615847],[120.787724,24.615708],[120.787711,24.615688],[120.787496,24.615849],[120.787577,24.615947]]]]}},{"type":"Feature","properties":{"n":"維新路","v":"竹南鎮","w":12,"c":7,"r":4},"geometry":{"type":"MultiPolygon","coordinates":[[[[120.881785,24.690567],[120.881823,24.690562],[120.881839,24.690535],[120.881791,24.689506],[120.881731,24.689504],[120.881785,24.690567]]]]}},{"type":"Feature","properties":{"n":"維新路","v":"竹南鎮","w":3,"c":2,"r":2},"geometry":{"type":"MultiPolygon","coordinates":[[[[120.882882,24.693702],[120.882928,24.693215],[120.882879,24.693244],[120.882834,24.693658],[120.88285,24.693695],[120.882882,24.693702]]]]}},{"type":"Feature","properties":{"n":"銘德路","v":"後龍鎮","w":2,"c":2,"r":0},"geometry":{"type":"MultiPolygon","coordinates":[[[[120.787952,24.61677],[120.787931,24.616731],[120.787523,24.616985],[120.787094,24.616399],[120.787046,24.616414],[120.787518,24.617024],[120.787952,24.61677]]]]}},{"type":"Feature","properties":{"n":"維新路","v":"竹南鎮","w":5,"c":3,"r":2},"geometry":{"type":"MultiPolygon","coordinates":[[[[120.88289,24.692661],[120.882716,24.692364],[120.882651,24.692396],[120.882767,24.692605],[120.882799,24.692705],[120.882885,24.692669],[120.88289,24.692661]]]]}},{"type":"Feature","properties":{"n":"龍山路","v":"後龍鎮","w":1,"c":0.7,"r":null},"geometry":{"type":"MultiPolygon","coordinates":[[[[120.793315,24.622118],[120.793353,24.622103],[120.792881,24.62124],[120.792355,24.619952],[120.792296,24.619777],[120.792044,24.619153],[120.791963,24.618904],[120.791953,24.618265],[120.791969,24.617387],[120.792017,24.616529],[120.791969,24.616524],[120.79191,24.618192],[120.791915,24.618636],[120.791931,24.618919],[120.792191,24.619596],[120.792674,24.620818],[120.792862,24.621252],[120.793275,24.622045],[120.793315,24.622118]]]]}},{"type":"Feature","properties":{"n":"維新路","v":"竹南鎮","w":1,"c":1,"r":0},"geometry":{"type":"MultiPolygon","coordinates":[[[[120.882217,24.683501],[120.882233,24.68296],[120.88219,24.682967],[120.882174,24.683491],[120.882217,24.683501]]]]}},{"type":"Feature","properties":{"n":"台3線","v":"大湖鄉","w":2,"c":1,"r":0},"geometry":{"type":"MultiPolygon","coordinates":[[[[120.863173,24.418902],[120.863221,24.418898],[120.86299,24.417862],[120.862797,24.416802],[120.86277,24.414921],[120.862701,24.414936],[120.86276,24.416812],[120.862883,24.417564],[120.862974,24.418018],[120.863173,24.418902]]]]}},{"type":"Feature","properties":{"n":"台3線","v":"大湖鄉","w":1.5,"c":1.5,"r":null},"geometry":{"type":"MultiPolygon","coordinates":[[[[120.863112,24.418986],[120.863906,24.421897],[120.863949,24.421897],[120.863177,24.418967],[120.863112,24.418986]]]]}},{"type":"Feature","properties":{"n":"台3線","v":"大湖鄉","w":1.5,"c":1.5,"r":null},"geometry":{"type":"MultiPolygon","coordinates":[[[[120.863359,24.418918],[120.863327,24.418928],[120.864142,24.421849],[120.864175,24.421829],[120.863359,24.418918]]]]}},{"type":"Feature","properties":{"n":"台3線","v":"大湖鄉","w":2,"c":1,"r":0},"geometry":{"type":"MultiPolygon","coordinates":[[[[120.864128,24.421882],[120.864243,24.42234],[120.864243,24.422335],[120.864463,24.423248],[120.864793,24.424137],[120.865474,24.425319],[120.865523,24.4253],[120.864852,24.424152],[120.864815,24.424021],[120.864509,24.423303],[120.864171,24.421877],[120.864128,24.421882]]]]}},{"type":"Feature","properties":{"n":"台3線","v":"大湖鄉","w":2,"c":1,"r":0},"geometry":{"type":"MultiPolygon","coordinates":[[[[120.865537,24.425384],[120.865587,24.425462],[120.866636,24.427349],[120.867864,24.428976],[120.867896,24.428971],[120.866644,24.427306],[120.866369,24.426833],[120.865548,24.42533],[120.8655,24.42534],[120.865537,24.425384]]]]}},{"type":"Feature","properties":{"n":"台3線","v":"大湖鄉","w":2,"c":1,"r":0},"geometry":{"type":"MultiPolygon","coordinates":[[[[120.868292,24.430091],[120.867798,24.429163],[120.866554,24.427551],[120.865856,24.426242],[120.865824,24.42632],[120.866511,24.4276],[120.867723,24.429124],[120.868249,24.430101],[120.868292,24.430091]]]]}},{"type":"Feature","properties":{"n":"台一己","v":"竹南鎮","w":3,"c":3,"r":2},"geometry":{"type":"MultiPolygon","coordinates":[[[[120.882089,24.671134],[120.88207,24.67111],[120.881855,24.671195],[120.880509,24.671556],[120.879385,24.671831],[120.878009,24.672153],[120.877652,24.672209],[120.877086,24.672275],[120.875922,24.672333],[120.875348,24.672333],[120.874839,24.672309],[120.874023,24.672238],[120.873447,24.672146],[120.872591,24.671975],[120.871768,24.671763],[120.870853,24.671453],[120.869343,24.670922],[120.868233,24.670559],[120.86698,24.670254],[120.865789,24.670071],[120.864628,24.669979],[120.863217,24.669964],[120.862654,24.669989],[120.862114,24.67004],[120.86117,24.670142],[120.85977,24.670359],[120.859008,24.670537],[120.857608,24.670917],[120.855559,24.671648],[120.855141,24.671817],[120.851643,24.673423],[120.848644,24.674897],[120.846233,24.676099],[120.844254,24.677064],[120.844288,24.677106],[120.845967,24.676279],[120.847504,24.675509],[120.850087,24.674232],[120.852434,24.673089],[120.85314,24.67275],[120.854317,24.672216],[120.855133,24.671868],[120.855559,24.671697],[120.856586,24.671312],[120.857665,24.670949],[120.859011,24.670586],[120.859982,24.670383],[120.86105,24.670208],[120.862686,24.670045],[120.863254,24.670023],[120.864123,24.670018],[120.865116,24.670064],[120.866221,24.670184],[120.867058,24.670335],[120.867621,24.670459],[120.868436,24.670673],[120.869579,24.671051],[120.871363,24.671683],[120.872191,24.671934],[120.873023,24.672119],[120.873661,24.672236],[120.874227,24.672307],[120.875142,24.672375],[120.875992,24.672387],[120.876893,24.672343],[120.877312,24.672302],[120.877985,24.672207],[120.87846,24.672114],[120.879935,24.671756],[120.881858,24.671239],[120.882089,24.671134]]]]}},{"type":"Feature","properties":{"n":"中原路","v":"大湖鄉","w":1,"c":1,"r":null},"geometry":{"type":"MultiPolygon","coordinates":[[[[120.86691,24.426167],[120.866931,24.426157],[120.866277,24.424623],[120.866245,24.424648],[120.86691,24.426167]]]]}},{"type":"Feature","properties":{"n":"大埔八街","v":"竹南鎮","w":3.8,"c":2,"r":2},"geometry":{"type":"MultiPolygon","coordinates":[[[[120.896356,24.703883],[120.896318,24.703847],[120.895406,24.703844],[120.895401,24.703886],[120.896356,24.703883]]]]}},{"type":"Feature","properties":{"n":"新港一路","v":"後龍鎮","w":3,"c":1.5,"r":0},"geometry":{"type":"MultiPolygon","coordinates":[[[[120.821049,24.614667],[120.821049,24.614726],[120.822664,24.615038],[120.822712,24.615004],[120.821157,24.614711],[120.821049,24.614667]]]]}},{"type":"Feature","properties":{"n":"新港一路","v":"大湖鄉","w":3,"c":1.5,"r":0},"geometry":{"type":"MultiPolygon","coordinates":[[[[120.822817,24.615065],[120.824136,24.615202],[120.824179,24.615124],[120.822817,24.615007],[120.822817,24.615065]]]]}},{"type":"Feature","properties":{"n":"科專八路","v":"竹南鎮","w":2,"c":1.5,"r":2},"geometry":{"type":"MultiPolygon","coordinates":[[[[120.896347,24.705348],[120.896364,24.705309],[120.896364,24.703895],[120.896321,24.703893],[120.896326,24.705357],[120.896347,24.705348]]]]}},{"type":"Feature","properties":{"n":"新港一路","v":"後龍鎮","w":3,"c":1.5,"r":0},"geometry":{"type":"MultiPolygon","coordinates":[[[[120.824559,24.615223],[120.825686,24.615155],[120.825654,24.615086],[120.824511,24.615189],[120.824559,24.615223]]]]}},{"type":"Feature","properties":{"n":"新港一路","v":"後龍鎮","w":3,"c":1.5,"r":0},"geometry":{"type":"MultiPolygon","coordinates":[[[[120.825782,24.615164],[120.827467,24.614794],[120.827456,24.614755],[120.82575,24.615106],[120.825782,24.615164]]]]}},{"type":"Feature","properties":{"n":"新港一路","v":"後龍鎮","w":3,"c":1.5,"r":0},"geometry":{"type":"MultiPolygon","coordinates":[[[[120.827632,24.614743],[120.828876,24.614285],[120.830142,24.613719],[120.830121,24.61368],[120.828855,24.614251],[120.827573,24.614729],[120.827632,24.614743]]]]}},{"type":"Feature","properties":{"n":"科專七路","v":"竹南鎮","w":5,"c":4,"r":0},"geometry":{"type":"MultiPolygon","coordinates":[[[[120.893613,24.706952],[120.895072,24.706194],[120.89633,24.705563],[120.896598,24.705494],[120.89733,24.70547],[120.897735,24.705492],[120.89954,24.705607],[120.902239,24.70567],[120.904304,24.705794],[120.905256,24.705843],[120.906058,24.705897],[120.908266,24.705904],[120.908266,24.705865],[120.906461,24.705872],[120.90605,24.705865],[120.904425,24.705762],[120.902424,24.70565],[120.900436,24.705597],[120.899471,24.70558],[120.897336,24.705448],[120.896614,24.705468],[120.896308,24.705538],[120.894734,24.706338],[120.893594,24.706932],[120.893613,24.706952]]]]}},{"type":"Feature","properties":{"n":"科專七路","v":"竹南鎮","w":5,"c":4,"r":0},"geometry":{"type":"MultiPolygon","coordinates":[[[[120.893613,24.706952],[120.895072,24.706194],[120.89633,24.705563],[120.896598,24.705494],[120.89733,24.70547],[120.897735,24.705492],[120.89954,24.705607],[120.902239,24.70567],[120.904304,24.705794],[120.905256,24.705843],[120.906058,24.705897],[120.908266,24.705904],[120.908266,24.705865],[120.906461,24.705872],[120.90605,24.705865],[120.904425,24.705762],[120.902424,24.70565],[120.900436,24.705597],[120.899471,24.70558],[120.897336,24.705448],[120.896614,24.705468],[120.896308,24.705538],[120.894734,24.706338],[120.893594,24.706932],[120.893613,24.706952]]]]}},{"type":"Feature","properties":{"n":"新港一路","v":"後龍鎮","w":3,"c":1.5,"r":0},"geometry":{"type":"MultiPolygon","coordinates":[[[[120.830405,24.613597],[120.831891,24.613095],[120.831891,24.613061],[120.830346,24.613597],[120.830405,24.613597]]]]}},{"type":"Feature","properties":{"n":"大埔六街","v":"竹南鎮","w":2.3,"c":1.8,"r":0},"geometry":{"type":"MultiPolygon","coordinates":[[[[120.899767,24.70632],[120.899767,24.706332],[120.902277,24.706347],[120.902274,24.706325],[120.899767,24.70632]]]]}},{"type":"Feature","properties":{"n":"新港一路","v":"後龍鎮","w":3,"c":1.5,"r":0},"geometry":{"type":"MultiPolygon","coordinates":[[[[120.832071,24.613053],[120.834249,24.612487],[120.834222,24.612448],[120.832044,24.613024],[120.832071,24.613053]]]]}},{"type":"Feature","properties":{"n":"科專五路","v":"竹南鎮","w":2,"c":1.5,"r":2},"geometry":{"type":"MultiPolygon","coordinates":[[[[120.902105,24.703781],[120.902111,24.703742],[120.902068,24.703703],[120.901936,24.703693],[120.901832,24.703674],[120.90173,24.703608],[120.901668,24.703489],[120.90166,24.703416],[120.901657,24.703279],[120.901666,24.703196],[120.901649,24.703116],[120.901572,24.702926],[120.901553,24.702938],[120.901633,24.703121],[120.901649,24.703201],[120.901644,24.703265],[120.901647,24.703472],[120.901708,24.703608],[120.90181,24.703686],[120.902068,24.703725],[120.902092,24.703754],[120.902105,24.703781]]]]}},{"type":"Feature","properties":{"n":"科專五路","v":"竹南鎮","w":2,"c":1.5,"r":2},"geometry":{"type":"MultiPolygon","coordinates":[[[[120.902328,24.703686],[120.902293,24.703672],[120.902191,24.703613],[120.902092,24.703586],[120.901902,24.703579],[120.901813,24.703535],[120.901781,24.703469],[120.90177,24.703372],[120.901786,24.703252],[120.901786,24.703204],[120.901692,24.70288],[120.901674,24.702884],[120.901765,24.703187],[120.90177,24.70325],[120.901757,24.703369],[120.901765,24.703472],[120.901808,24.703555],[120.901891,24.703591],[120.902092,24.703601],[120.902183,24.703633],[120.902285,24.703684],[120.902328,24.703686]]]]}},{"type":"Feature","properties":{"n":"高鐵二路","v":"後龍鎮","w":2,"c":0.5,"r":0},"geometry":{"type":"MultiPolygon","coordinates":[[[[120.834124,24.612434],[120.834167,24.612395],[120.830143,24.608434],[120.8301,24.608464],[120.834124,24.612434]]]]}},{"type":"Feature","properties":{"n":"科專八路","v":"竹南鎮","w":2,"c":1.5,"r":2},"geometry":{"type":"MultiPolygon","coordinates":[[[[120.896508,24.705294],[120.896508,24.703905],[120.896478,24.703918],[120.896467,24.703937],[120.896473,24.705258],[120.896508,24.705294]]]]}},{"type":"Feature","properties":{"n":"校椅二路","v":"後龍鎮","w":2,"c":0.5,"r":0},"geometry":{"type":"MultiPolygon","coordinates":[[[[120.827855,24.609696],[120.830086,24.608506],[120.83007,24.608482],[120.827839,24.609672],[120.827855,24.609696]]]]}},{"type":"Feature","properties":{"n":"科專二路","v":"竹南鎮","w":2,"c":1.5,"r":2},"geometry":{"type":"MultiPolygon","coordinates":[[[[120.906197,24.702775],[120.906184,24.702777],[120.906195,24.711026],[120.90616,24.711252],[120.90601,24.711515],[120.905216,24.712597],[120.904486,24.713616],[120.904497,24.713628],[120.905159,24.712704],[120.906058,24.711476],[120.906176,24.711252],[120.906211,24.711021],[120.906211,24.704875],[120.906197,24.702775]]]]}},{"type":"Feature","properties":{"n":"校椅二路","v":"後龍鎮","w":2,"c":0.5,"r":0},"geometry":{"type":"MultiPolygon","coordinates":[[[[120.827769,24.609603],[120.827828,24.609599],[120.828906,24.608994],[120.830054,24.608384],[120.830043,24.60835],[120.827801,24.609584],[120.827769,24.609603]]]]}},{"type":"Feature","properties":{"n":"校椅二路","v":"後龍鎮","w":2,"c":1.5,"r":0},"geometry":{"type":"MultiPolygon","coordinates":[[[[120.826793,24.610018],[120.827528,24.609725],[120.827576,24.609672],[120.826836,24.608526],[120.826782,24.608516],[120.826744,24.60854],[120.826723,24.609296],[120.826744,24.609945],[120.82675,24.609999],[120.826782,24.610003],[120.826771,24.608565],[120.826803,24.60856],[120.827528,24.609662],[120.827506,24.609721],[120.826798,24.609969],[120.826793,24.610018]]]]}},{"type":"Feature","properties":{"n":"科北二路","v":"竹南鎮","w":1.5,"c":1,"r":0},"geometry":{"type":"MultiPolygon","coordinates":[[[[120.910222,24.709209],[120.910222,24.709185],[120.908521,24.709209],[120.908516,24.709234],[120.910222,24.709209]]]]}},{"type":"Feature","properties":{"n":"科北二路","v":"竹南鎮","w":1.5,"c":1,"r":0},"geometry":{"type":"MultiPolygon","coordinates":[[[[120.909959,24.709014],[120.909959,24.708975],[120.908532,24.70898],[120.908526,24.709024],[120.909959,24.709014]]]]}},{"type":"Feature","properties":{"n":"科西二路","v":"竹南鎮","w":1.5,"c":1,"r":2},"geometry":{"type":"MultiPolygon","coordinates":[[[[120.909996,24.708936],[120.910023,24.708936],[120.910034,24.707226],[120.910002,24.707226],[120.909996,24.708936]]]]}},{"type":"Feature","properties":{"n":"科西二路","v":"竹南鎮","w":1.5,"c":1,"r":0},"geometry":{"type":"MultiPolygon","coordinates":[[[[120.910184,24.708917],[120.910189,24.707231],[120.910168,24.707231],[120.910162,24.708931],[120.910184,24.708917]]]]}},{"type":"Feature","properties":{"n":"科西二路","v":"竹南鎮","w":1.5,"c":1,"r":0},"geometry":{"type":"MultiPolygon","coordinates":[[[[120.910184,24.708917],[120.910189,24.707231],[120.910168,24.707231],[120.910162,24.708931],[120.910184,24.708917]]]]}},{"type":"Feature","properties":{"n":"校椅二路","v":"後龍鎮","w":2,"c":1.5,"r":2},"geometry":{"type":"MultiPolygon","coordinates":[[[[120.825306,24.610781],[120.827677,24.609879],[120.82765,24.60981],[120.827602,24.609805],[120.825327,24.610664],[120.825284,24.610703],[120.825279,24.610703],[120.825306,24.610781]]]]}},{"type":"Feature","properties":{"n":"校椅二路","v":"後龍鎮","w":2.5,"c":1.5,"r":0},"geometry":{"type":"MultiPolygon","coordinates":[[[[120.823471,24.611434],[120.823514,24.611415],[120.825231,24.610776],[120.82515,24.610742],[120.823482,24.611376],[120.823471,24.611434]]]]}},{"type":"Feature","properties":{"n":"科中路","v":"竹南鎮","w":5,"c":4.6,"r":2},"geometry":{"type":"MultiPolygon","coordinates":[[[[120.91441,24.708954],[120.914448,24.708949],[120.914442,24.707214],[120.91441,24.707209],[120.91441,24.708954]]]]}},{"type":"Feature","properties":{"n":"科中路","v":"竹南鎮","w":5,"c":4.6,"r":2},"geometry":{"type":"MultiPolygon","coordinates":[[[[120.91474,24.708951],[120.914735,24.707192],[120.914713,24.707202],[120.914708,24.708956],[120.91474,24.708951]]]]}},{"type":"Feature","properties":{"n":"高鐵三路","v":"後龍鎮","w":3,"c":1.5,"r":0},"geometry":{"type":"MultiPolygon","coordinates":[[[[120.830094,24.61364],[120.830137,24.61362],[120.827712,24.609923],[120.827648,24.609962],[120.830094,24.61364]]]]}},{"type":"Feature","properties":{"n":"科北一路","v":"竹南鎮","w":3,"c":2.85,"r":0},"geometry":{"type":"MultiPolygon","coordinates":[[[[120.914343,24.707908],[120.91431,24.707886],[120.910282,24.707886],[120.910271,24.707908],[120.914343,24.707908]]]]}},{"type":"Feature","properties":{"n":"頂埔國小前道路","v":"竹南鎮","w":2.5,"c":1.5,"r":0},"geometry":{"type":"MultiPolygon","coordinates":[[[[120.922754,24.707818],[120.922773,24.707825],[120.922816,24.707779],[120.924717,24.707769],[120.9248,24.707813],[120.924851,24.707793],[120.92472,24.707752],[120.92281,24.707762],[120.922754,24.707818]]]]}},{"type":"Feature","properties":{"n":"新港二路","v":"後龍鎮","w":3,"c":2.5,"r":0},"geometry":{"type":"MultiPolygon","coordinates":[[[[120.826444,24.607632],[120.826806,24.607381],[120.827158,24.607061],[120.827362,24.606827],[120.827305,24.60683],[120.827134,24.607037],[120.826785,24.607366],[120.826517,24.607549],[120.82645,24.607586],[120.826444,24.607632]]]]}},{"type":"Feature","properties":{"n":"頂埔國小前道路","v":"竹南鎮","w":2.5,"c":2,"r":2},"geometry":{"type":"MultiPolygon","coordinates":[[[[120.922741,24.707664],[120.922765,24.707693],[120.9249,24.707671],[120.924948,24.707647],[120.922759,24.707667],[120.922741,24.707664]]]]}},{"type":"Feature","properties":{"n":"新港二路","v":"後龍鎮","w":1.5,"c":1.5,"r":0},"geometry":{"type":"MultiPolygon","coordinates":[[[[120.827421,24.606691],[120.827708,24.606116],[120.827904,24.605799],[120.82799,24.605682],[120.828317,24.605369],[120.828529,24.60525],[120.828902,24.605091],[120.828888,24.605077],[120.828384,24.605306],[120.828282,24.605389],[120.827984,24.605655],[120.82788,24.605799],[120.827589,24.606294],[120.827409,24.60664],[120.827421,24.606691]]]]}},{"type":"Feature","properties":{"n":"新港二路","v":"後龍鎮","w":2,"c":0.5,"r":0},"geometry":{"type":"MultiPolygon","coordinates":[[[[120.829037,24.605056],[120.829407,24.604963],[120.829884,24.604875],[120.830104,24.604846],[120.830759,24.604695],[120.830737,24.604676],[120.83011,24.604832],[120.829852,24.604846],[120.829444,24.604932],[120.829023,24.605034],[120.829037,24.605056]]]]}},{"type":"Feature","properties":{"n":"新港二路","v":"後龍鎮","w":3,"c":1.5,"r":0},"geometry":{"type":"MultiPolygon","coordinates":[[[[120.827135,24.606694],[120.826925,24.606918],[120.826507,24.607274],[120.826207,24.607406],[120.826233,24.60745],[120.826504,24.607304],[120.826958,24.606918],[120.827151,24.606699],[120.827135,24.606694]]]]}},{"type":"Feature","properties":{"n":"新港二路","v":"後龍鎮","w":1.5,"c":1.5,"r":0},"geometry":{"type":"MultiPolygon","coordinates":[[[[120.82716,24.60658],[120.827214,24.606595],[120.827536,24.605951],[120.827879,24.605487],[120.828351,24.605092],[120.828351,24.605048],[120.82834,24.605034],[120.828298,24.605083],[120.827866,24.60548],[120.827517,24.605951],[120.827199,24.606566],[120.82716,24.60658]]]]}},{"type":"Feature","properties":{"n":"新港二路","v":"後龍鎮","w":2.5,"c":1,"r":0},"geometry":{"type":"MultiPolygon","coordinates":[[[[120.828555,24.604958],[120.828694,24.604963],[120.829059,24.604822],[120.829566,24.604697],[120.830156,24.604634],[120.830593,24.604501],[120.830636,24.604445],[120.830598,24.604443],[120.830577,24.604477],[120.830142,24.604616],[120.82955,24.604679],[120.82905,24.604809],[120.828691,24.604938],[120.828573,24.604941],[120.828555,24.604958]]]]}},{"type":"Feature","properties":{"n":"高鐵一路","v":"後龍鎮","w":5.5,"c":3,"r":0},"geometry":{"type":"MultiPolygon","coordinates":[[[[120.828315,24.605024],[120.827569,24.604141],[120.827113,24.603482],[120.827054,24.603512],[120.827553,24.60417],[120.828299,24.605048],[120.828315,24.605024]]]]}},{"type":"Feature","properties":{"n":"明德路","v":"頭屋鄉","w":1.5,"c":1.5,"r":0},"geometry":{"type":"MultiPolygon","coordinates":[[[[120.886364,24.58636],[120.886364,24.58637],[120.88661,24.58646],[120.887115,24.586726],[120.887514,24.587053],[120.88796,24.587456],[120.887973,24.587451],[120.88753,24.587048],[120.887133,24.586724],[120.886605,24.586443],[120.886364,24.58636]]]]}},{"type":"Feature","properties":{"n":"明德路","v":"頭屋鄉","w":7,"c":7,"r":0},"geometry":{"type":"MultiPolygon","coordinates":[[[[120.887801,24.58757],[120.887836,24.58756],[120.887847,24.587473],[120.887461,24.587104],[120.887391,24.587168],[120.887801,24.58757]]]]}},{"type":"Feature","properties":{"n":"高鐵一路","v":"後龍鎮","w":3.5,"c":2,"r":0},"geometry":{"type":"MultiPolygon","coordinates":[[[[120.82701,24.603425],[120.827037,24.603405],[120.826683,24.602878],[120.826474,24.602557],[120.826366,24.602288],[120.826345,24.602332],[120.826423,24.6025],[120.826661,24.602886],[120.826915,24.603253],[120.82701,24.603425]]]]}},{"type":"Feature","properties":{"n":"高鐵一路","v":"後龍鎮","w":3.5,"c":2,"r":0},"geometry":{"type":"MultiPolygon","coordinates":[[[[120.827019,24.60304],[120.826665,24.602421],[120.826612,24.60227],[120.826638,24.602236],[120.826617,24.602226],[120.826598,24.60226],[120.826601,24.602319],[120.826738,24.602587],[120.827008,24.603048],[120.827019,24.60304]]]]}},{"type":"Feature","properties":{"n":"苗62-1","v":"泰安鄉","w":1.2,"c":1.2,"r":0},"geometry":{"type":"MultiPolygon","coordinates":[[[[120.90576,24.447334],[120.905771,24.447329],[120.905728,24.447285],[120.905717,24.447293],[120.90576,24.447334]]]]}},{"type":"Feature","properties":{"n":"苗62-1","v":"泰安鄉","w":1.2,"c":1.2,"r":0},"geometry":{"type":"MultiPolygon","coordinates":[[[[120.905881,24.447178],[120.90587,24.447178],[120.905865,24.44719],[120.905859,24.447234],[120.905881,24.447261],[120.906028,24.447278],[120.905916,24.447254],[120.905886,24.44722],[120.905881,24.447178]]]]}},{"type":"Feature","properties":{"n":"新港三路","v":"後龍鎮","w":4.5,"c":3,"r":0},"geometry":{"type":"MultiPolygon","coordinates":[[[[120.823443,24.604759],[120.82385,24.603935],[120.82436,24.602886],[120.824571,24.602614],[120.824979,24.602395],[120.825113,24.602375],[120.826256,24.602248],[120.826331,24.602297],[120.826341,24.602263],[120.826272,24.602224],[120.825365,24.602278],[120.824936,24.60238],[120.824636,24.602531],[120.824528,24.602609],[120.824324,24.602883],[120.823927,24.603679],[120.823419,24.604742],[120.823443,24.604759]]]]}},{"type":"Feature","properties":{"n":"新港三路","v":"後龍鎮","w":3,"c":3,"r":0},"geometry":{"type":"MultiPolygon","coordinates":[[[[120.823228,24.604608],[120.823373,24.60435],[120.82336,24.604328],[120.823199,24.604596],[120.823228,24.604608]]]]}},{"type":"Feature","properties":{"n":"新港三路","v":"後龍鎮","w":4.5,"c":3,"r":0},"geometry":{"type":"MultiPolygon","coordinates":[[[[120.823383,24.604239],[120.823442,24.604222],[120.823509,24.604127],[120.82421,24.602704],[120.824185,24.602689],[120.823805,24.603445],[120.823499,24.60411],[120.823434,24.604202],[120.823381,24.604222],[120.823383,24.604239]]]]}},{"type":"Feature","properties":{"n":"平仁路","v":"造橋鄉","w":0.9,"c":0.9,"r":null},"geometry":{"type":"MultiPolygon","coordinates":[[[[120.868394,24.642877],[120.868384,24.642791],[120.868193,24.64257],[120.867692,24.642323],[120.86738,24.642014],[120.867295,24.64196],[120.86719,24.641965],[120.867075,24.642026],[120.867083,24.642033],[120.867198,24.641975],[120.867292,24.641975],[120.86737,24.642021],[120.867675,24.642323],[120.868196,24.642584],[120.868376,24.642799],[120.868384,24.642874],[120.868394,24.642877]]]]}},{"type":"Feature","properties":{"n":"平仁路","v":"造橋鄉","w":1.2,"c":1.2,"r":0},"geometry":{"type":"MultiPolygon","coordinates":[[[[120.87057,24.64462],[120.869558,24.643745],[120.869199,24.643625],[120.869196,24.643642],[120.86955,24.643759],[120.870554,24.64463],[120.87057,24.64462]]]]}},{"type":"Feature","properties":{"n":"新港三路","v":"後龍鎮","w":3.5,"c":2,"r":0},"geometry":{"type":"MultiPolygon","coordinates":[[[[120.824345,24.602529],[120.824372,24.602533],[120.82464,24.602319],[120.825112,24.602146],[120.825735,24.602055],[120.82643,24.602011],[120.827653,24.601911],[120.828168,24.601848],[120.829116,24.60166],[120.829652,24.601515],[120.829679,24.601486],[120.82963,24.601508],[120.82911,24.601634],[120.828167,24.601825],[120.827649,24.601889],[120.8269,24.601954],[120.82575,24.602037],[120.825106,24.60213],[120.82464,24.6023],[120.824345,24.602529]]]]}},{"type":"Feature","properties":{"n":"新港三路","v":"後龍鎮","w":3.5,"c":2,"r":0},"geometry":{"type":"MultiPolygon","coordinates":[[[[120.826651,24.602196],[120.826672,24.602225],[120.82752,24.602137],[120.82899,24.601942],[120.829746,24.601742],[120.829719,24.601708],[120.828942,24.601908],[120.827659,24.602093],[120.826651,24.602196]]]]}},{"type":"Feature","properties":{"n":"豐富五街","v":"後龍鎮","w":1,"c":1,"r":0},"geometry":{"type":"MultiPolygon","coordinates":[[[[120.821984,24.603617],[120.823357,24.604222],[120.823368,24.604193],[120.822005,24.603588],[120.821984,24.603617]]]]}},{"type":"Feature","properties":{"n":"中正一路","v":"頭份鎮","w":0.9,"c":0.9,"r":null},"geometry":{"type":"MultiPolygon","coordinates":[[[[120.946186,24.680709],[120.946191,24.680721],[120.946497,24.680624],[120.946588,24.6806],[120.946916,24.680531],[120.946905,24.680517],[120.946583,24.680585],[120.946487,24.680612],[120.946178,24.680712],[120.946186,24.680709]]]]}},{"type":"Feature","properties":{"n":"八德一路","v":"頭份鎮","w":2,"c":2,"r":0},"geometry":{"type":"MultiPolygon","coordinates":[[[[120.892839,24.694015],[120.892863,24.694018],[120.892874,24.693387],[120.892847,24.693355],[120.892839,24.694015]]]]}},{"type":"Feature","properties":{"n":"八德一路","v":"頭份鎮","w":2,"c":2,"r":0},"geometry":{"type":"MultiPolygon","coordinates":[[[[120.892839,24.694015],[120.892863,24.694018],[120.892874,24.693387],[120.892847,24.693355],[120.892839,24.694015]]]]}},{"type":"Feature","properties":{"n":"高鐵三路","v":"後龍鎮","w":3,"c":1.5,"r":0},"geometry":{"type":"MultiPolygon","coordinates":[[[[120.826159,24.607413],[120.826177,24.607398],[120.825563,24.606879],[120.825389,24.606764],[120.825263,24.606698],[120.825067,24.606608],[120.824561,24.606355],[120.82318,24.605648],[120.822912,24.605504],[120.822906,24.605531],[120.822952,24.605573],[120.825376,24.606789],[120.825542,24.606886],[120.826159,24.607413]]]]}},{"type":"Feature","properties":{"n":"永貞路二段","v":"頭份鎮","w":1.2,"c":1.2,"r":0},"geometry":{"type":"MultiPolygon","coordinates":[[[[120.885545,24.693912],[120.885569,24.693914],[120.885593,24.693115],[120.885564,24.693113],[120.885545,24.693912]]]]}},{"type":"Feature","properties":{"n":"高鐵三路","v":"後龍鎮","w":3,"c":1.5,"r":0},"geometry":{"type":"MultiPolygon","coordinates":[[[[120.82775,24.609578],[120.827766,24.609563],[120.826752,24.607963],[120.826468,24.607641],[120.826425,24.607646],[120.82672,24.607983],[120.82702,24.608461],[120.82775,24.609578]]]]}},{"type":"Feature","properties":{"n":"高鐵三路","v":"後龍鎮","w":3,"c":1.5,"r":0},"geometry":{"type":"MultiPolygon","coordinates":[[[[120.826221,24.607763],[120.82653,24.608141],[120.826677,24.608334],[120.826696,24.608312],[120.826275,24.607785],[120.826221,24.607763]]]]}},{"type":"Feature","properties":{"n":"新港三路","v":"後龍鎮","w":3,"c":1.5,"r":0},"geometry":{"type":"MultiPolygon","coordinates":[[[[120.822909,24.605474],[120.823134,24.605206],[120.823413,24.60484],[120.823391,24.604816],[120.823171,24.605094],[120.823064,24.60525],[120.822898,24.605454],[120.822909,24.605474]]]]}},{"type":"Feature","properties":{"n":"中華路","v":"頭份鎮","w":1.5,"c":1.5,"r":0},"geometry":{"type":"MultiPolygon","coordinates":[[[[120.913476,24.690901],[120.913443,24.690891],[120.914811,24.692758],[120.914886,24.692719],[120.914624,24.692348],[120.914253,24.691968],[120.913476,24.690901]]]]}},{"type":"Feature","properties":{"n":"中華路","v":"頭份鎮","w":1.5,"c":1.5,"r":0},"geometry":{"type":"MultiPolygon","coordinates":[[[[120.916201,24.694795],[120.916203,24.69479],[120.915377,24.693564],[120.915337,24.693586],[120.916171,24.694812],[120.916201,24.694795]]]]}},{"type":"Feature","properties":{"n":"新港六路","v":"後龍鎮","w":2,"c":1.5,"r":0},"geometry":{"type":"MultiPolygon","coordinates":[[[[120.821786,24.603982],[120.821958,24.603699],[120.82191,24.603684],[120.821765,24.603967],[120.821786,24.603982]]]]}},{"type":"Feature","properties":{"n":"八德二路","v":"頭份鎮","w":2,"c":1.5,"r":0},"geometry":{"type":"MultiPolygon","coordinates":[[[[120.895462,24.700895],[120.895706,24.700931],[120.896108,24.700931],[120.897205,24.700885],[120.897197,24.70086],[120.896108,24.700909],[120.895703,24.700902],[120.895548,24.700895],[120.895462,24.700895]]]]}},{"type":"Feature","properties":{"n":"新港六路","v":"後龍鎮","w":3,"c":2.5,"r":0},"geometry":{"type":"MultiPolygon","coordinates":[[[[120.82126,24.60449],[120.821281,24.604488],[120.821702,24.604088],[120.821676,24.604068],[120.821407,24.604337],[120.821249,24.604461],[120.82126,24.60449]]]]}},{"type":"Feature","properties":{"n":"新港三路","v":"後龍鎮","w":4.5,"c":3,"r":0},"geometry":{"type":"MultiPolygon","coordinates":[[[[120.822717,24.60534],[120.822819,24.605262],[120.823168,24.604823],[120.823195,24.604735],[120.823179,24.604711],[120.823147,24.604818],[120.822793,24.605243],[120.822707,24.605316],[120.822717,24.60534]]]]}},{"type":"Feature","properties":{"n":"高鐵三路","v":"後龍鎮","w":3,"c":1.5,"r":0},"geometry":{"type":"MultiPolygon","coordinates":[[[[120.822648,24.605389],[120.822637,24.60535],[120.822492,24.605335],[120.821307,24.604496],[120.821269,24.604526],[120.822449,24.605345],[120.822578,24.605404],[120.822648,24.605389]]]]}},{"type":"Feature","properties":{"n":"高鐵三路","v":"後龍鎮","w":3,"c":1.5,"r":0},"geometry":{"type":"MultiPolygon","coordinates":[[[[120.821183,24.604604],[120.821647,24.604931],[120.821669,24.604907],[120.821199,24.604587],[120.821202,24.60459],[120.821183,24.604604]]]]}},{"type":"Feature","properties":{"n":"高鐵三路","v":"後龍鎮","w":3,"c":1.5,"r":0},"geometry":{"type":"MultiPolygon","coordinates":[[[[120.821794,24.605042],[120.822427,24.605471],[120.822437,24.605454],[120.822405,24.605415],[120.821877,24.605049],[120.821842,24.60503],[120.821821,24.605025],[120.821794,24.605042]]]]}},{"type":"Feature","properties":{"n":"新港五路","v":"後龍鎮","w":2,"c":1.8,"r":0},"geometry":{"type":"MultiPolygon","coordinates":[[[[120.818992,24.606473],[120.819024,24.606507],[120.821781,24.605093],[120.82176,24.605064],[120.818992,24.606473]]]]}},{"type":"Feature","properties":{"n":"新港三路","v":"後龍鎮","w":4.5,"c":3,"r":0},"geometry":{"type":"MultiPolygon","coordinates":[[[[120.81897,24.607842],[120.81927,24.607671],[120.822553,24.605735],[120.82251,24.605706],[120.819356,24.607578],[120.81898,24.607783],[120.81897,24.607842]]]]}},{"type":"Feature","properties":{"n":"新港三路","v":"後龍鎮","w":4.5,"c":3,"r":0},"geometry":{"type":"MultiPolygon","coordinates":[[[[120.818696,24.60767],[120.819554,24.607182],[120.819506,24.607158],[120.818648,24.607651],[120.818648,24.607656],[120.818696,24.60767]]]]}},{"type":"Feature","properties":{"n":"新港三路","v":"後龍鎮","w":4.5,"c":3,"r":0},"geometry":{"type":"MultiPolygon","coordinates":[[[[120.819711,24.607045],[120.819797,24.607055],[120.822361,24.605572],[120.822329,24.605504],[120.819904,24.606908],[120.819711,24.607045]]]]}},{"type":"Feature","properties":{"n":"高鐵五路","v":"後龍鎮","w":2,"c":2,"r":0},"geometry":{"type":"MultiPolygon","coordinates":[[[[120.819015,24.606581],[120.819648,24.607015],[120.819691,24.606976],[120.819058,24.606557],[120.819015,24.606581]]]]}},{"type":"Feature","properties":{"n":"高鐵五路","v":"後龍鎮","w":2,"c":2,"r":0},"geometry":{"type":"MultiPolygon","coordinates":[[[[120.8181,24.605876],[120.818781,24.606379],[120.818814,24.606349],[120.818154,24.605847],[120.8181,24.605876]]]]}},{"type":"Feature","properties":{"n":"高鐵五路","v":"後龍鎮","w":2,"c":2,"r":0},"geometry":{"type":"MultiPolygon","coordinates":[[[[120.817016,24.604499],[120.817875,24.605665],[120.817928,24.605645],[120.817038,24.604479],[120.817016,24.604499]]]]}},{"type":"Feature","properties":{"n":"高鐵五路","v":"後龍鎮","w":2,"c":2,"r":0},"geometry":{"type":"MultiPolygon","coordinates":[[[[120.817778,24.605782],[120.8178,24.605757],[120.816984,24.60466],[120.81685,24.604509],[120.816813,24.604499],[120.817778,24.605782]]]]}},{"type":"Feature","properties":{"n":"高鐵五路","v":"後龍鎮","w":2,"c":2,"r":0},"geometry":{"type":"MultiPolygon","coordinates":[[[[120.816747,24.604403],[120.816811,24.604394],[120.816366,24.603199],[120.816307,24.60316],[120.816747,24.604403]]]]}},{"type":"Feature","properties":{"n":"高鐵五路","v":"後龍鎮","w":2,"c":2,"r":0},"geometry":{"type":"MultiPolygon","coordinates":[[[[120.816908,24.604306],[120.81694,24.604301],[120.816537,24.603199],[120.816489,24.603213],[120.816908,24.604306]]]]}},{"type":"Feature","properties":{"n":"豐富六街","v":"後龍鎮","w":3,"c":3,"r":0},"geometry":{"type":"MultiPolygon","coordinates":[[[[120.820084,24.603355],[120.821505,24.603999],[120.821532,24.603969],[120.820089,24.603335],[120.820084,24.603355]]]]}},{"type":"Feature","properties":{"n":"新港六路","v":"後龍鎮","w":2,"c":1.5,"r":0},"geometry":{"type":"MultiPolygon","coordinates":[[[[120.821049,24.604404],[120.8211,24.60438],[120.821519,24.604007],[120.821503,24.604002],[120.821076,24.60437],[120.821039,24.604385],[120.821049,24.604404]]]]}},{"type":"Feature","properties":{"n":"新港六路","v":"後龍鎮","w":2,"c":1.5,"r":0},"geometry":{"type":"MultiPolygon","coordinates":[[[[120.821571,24.6039],[120.821614,24.603895],[120.821775,24.603624],[120.821759,24.60361],[120.821571,24.6039]]]]}},{"type":"Feature","properties":{"n":"豐富一街","v":"後龍鎮","w":2,"c":2,"r":0},"geometry":{"type":"MultiPolygon","coordinates":[[[[120.823874,24.60212],[120.824172,24.602674],[120.824188,24.602664],[120.823887,24.602103],[120.823874,24.60212]]]]}},{"type":"Feature","properties":{"n":"新港六路","v":"後龍鎮","w":2,"c":1,"r":0},"geometry":{"type":"MultiPolygon","coordinates":[[[[120.818226,24.605837],[120.821128,24.604564],[120.82108,24.60453],[120.818183,24.605818],[120.818226,24.605837]]]]}},{"type":"Feature","properties":{"n":"新港七路","v":"後龍鎮","w":1.5,"c":1.2,"r":0},"geometry":{"type":"MultiPolygon","coordinates":[[[[120.817096,24.604461],[120.817107,24.604495],[120.819327,24.603822],[120.819875,24.6035],[120.820068,24.603393],[120.820041,24.603368],[120.819317,24.603788],[120.817096,24.604461]]]]}},{"type":"Feature","properties":{"n":"新港六路","v":"後龍鎮","w":2,"c":1,"r":0},"geometry":{"type":"MultiPolygon","coordinates":[[[[120.817061,24.606319],[120.817077,24.606344],[120.817898,24.605983],[120.817877,24.605958],[120.817061,24.606319]]]]}},{"type":"Feature","properties":{"n":"新港六路","v":"後龍鎮","w":2,"c":1,"r":0},"geometry":{"type":"MultiPolygon","coordinates":[[[[120.816857,24.60617],[120.816932,24.606185],[120.817769,24.605824],[120.817732,24.605794],[120.816857,24.60617]]]]}},{"type":"Feature","properties":{"n":"新港七路","v":"後龍鎮","w":1.5,"c":1.2,"r":0},"geometry":{"type":"MultiPolygon","coordinates":[[[[120.816782,24.604526],[120.816755,24.604502],[120.815902,24.604668],[120.815897,24.604707],[120.816782,24.604526]]]]}},{"type":"Feature","properties":{"n":"新港七路","v":"後龍鎮","w":1.5,"c":1.2,"r":null},"geometry":{"type":"MultiPolygon","coordinates":[[[[120.815838,24.60459],[120.816718,24.604414],[120.816696,24.60438],[120.815833,24.604551],[120.815838,24.60459]]]]}},{"type":"Feature","properties":{"n":"新東路","v":"後龍鎮","w":3,"c":2.7,"r":0},"geometry":{"type":"MultiPolygon","coordinates":[[[[120.816284,24.6032],[120.816271,24.603161],[120.815415,24.603266],[120.815418,24.603286],[120.816284,24.6032]]]]}},{"type":"Feature","properties":{"n":"新東路","v":"後龍鎮","w":3,"c":2.7,"r":0},"geometry":{"type":"MultiPolygon","coordinates":[[[[120.81651,24.603186],[120.81895,24.602874],[120.818908,24.60285],[120.816504,24.603152],[120.81651,24.603186]]]]}},{"type":"Feature","properties":{"n":"新東路","v":"後龍鎮","w":3,"c":2.7,"r":0},"geometry":{"type":"MultiPolygon","coordinates":[[[[120.819101,24.602805],[120.8193,24.60273],[120.81949,24.60261],[120.819453,24.602588],[120.819259,24.602717],[120.819107,24.602781],[120.819101,24.602805]]]]}},{"type":"Feature","properties":{"n":"新東路","v":"後龍鎮","w":3,"c":2.7,"r":0},"geometry":{"type":"MultiPolygon","coordinates":[[[[120.819573,24.602524],[120.81961,24.602529],[120.819932,24.602197],[120.820431,24.60187],[120.822078,24.601187],[120.823349,24.600709],[120.823306,24.60069],[120.821847,24.601231],[120.82041,24.601826],[120.819903,24.602166],[120.819587,24.602486],[120.819573,24.602524]]]]}},{"type":"Feature","properties":{"n":"新東路","v":"後龍鎮","w":3,"c":2.7,"r":0},"geometry":{"type":"MultiPolygon","coordinates":[[[[120.819735,24.602055],[120.819883,24.601948],[120.820135,24.601782],[120.820376,24.60164],[120.82036,24.601618],[120.819689,24.602045],[120.819735,24.602055]]]]}},{"type":"Feature","properties":{"n":"新東路","v":"後龍鎮","w":3,"c":2.7,"r":0},"geometry":{"type":"MultiPolygon","coordinates":[[[[120.820477,24.60157],[120.820536,24.601575],[120.822237,24.600917],[120.823288,24.600585],[120.823283,24.600536],[120.821883,24.601024],[120.820767,24.601448],[120.820767,24.601453],[120.820477,24.60157]]]]}},{"type":"Feature","properties":{"n":"新港八路","v":"後龍鎮","w":3.5,"c":2,"r":0},"geometry":{"type":"MultiPolygon","coordinates":[[[[120.81953,24.602116],[120.819542,24.602093],[120.818301,24.601545],[120.818212,24.601484],[120.818083,24.601379],[120.817981,24.601245],[120.817937,24.601142],[120.817819,24.600642],[120.817806,24.600559],[120.817776,24.600537],[120.817875,24.601034],[120.817905,24.601121],[120.818004,24.601356],[120.818192,24.601521],[120.818602,24.601726],[120.81953,24.602116]]]]}},{"type":"Feature","properties":{"n":"新港八路","v":"後龍鎮","w":3.5,"c":2,"r":0},"geometry":{"type":"MultiPolygon","coordinates":[[[[120.819628,24.602048],[120.819655,24.602028],[120.818319,24.601428],[120.818164,24.601292],[120.818051,24.601121],[120.817912,24.600506],[120.81789,24.600531],[120.818019,24.601121],[120.818083,24.601233],[120.818142,24.601306],[120.818303,24.601448],[120.819628,24.602048]]]]}},{"type":"Feature","properties":{"n":"新港三路","v":"後龍鎮","w":4.5,"c":3,"r":0},"geometry":{"type":"MultiPolygon","coordinates":[[[[120.815477,24.608113],[120.815472,24.608142],[120.816652,24.608298],[120.81721,24.608298],[120.817655,24.60825],[120.818648,24.607977],[120.818599,24.607957],[120.818492,24.607962],[120.817645,24.608216],[120.817189,24.608269],[120.816668,24.608269],[120.816244,24.608225],[120.815477,24.608113]]]]}},{"type":"Feature","properties":{"n":"新港三路","v":"後龍鎮","w":4.5,"c":3,"r":0},"geometry":{"type":"MultiPolygon","coordinates":[[[[120.816239,24.608039],[120.816808,24.608093],[120.817484,24.608063],[120.818235,24.607868],[120.818256,24.607815],[120.818251,24.6078],[120.818181,24.607858],[120.817414,24.608034],[120.816813,24.608063],[120.816223,24.608],[120.816239,24.608039]]]]}},{"type":"Feature","properties":{"n":"新港三路","v":"後龍鎮","w":4.5,"c":3,"r":0},"geometry":{"type":"MultiPolygon","coordinates":[[[[120.815207,24.607849],[120.815256,24.607886],[120.816093,24.608022],[120.816122,24.607996],[120.815258,24.607871],[120.815224,24.607842],[120.815207,24.607849]]]]}},{"type":"Feature","properties":{"n":"高鐵六路","v":"後龍鎮","w":4.5,"c":3,"r":0},"geometry":{"type":"MultiPolygon","coordinates":[[[[120.818214,24.607793],[120.818246,24.607778],[120.81735,24.607042],[120.816728,24.606432],[120.816685,24.606437],[120.817339,24.607066],[120.81787,24.60751],[120.818214,24.607793]]]]}},{"type":"Feature","properties":{"n":"高鐵六路","v":"後龍鎮","w":4.5,"c":3,"r":0},"geometry":{"type":"MultiPolygon","coordinates":[[[[120.818592,24.607644],[120.818619,24.607635],[120.818415,24.607513],[120.81789,24.607152],[120.817085,24.606435],[120.817069,24.606371],[120.817026,24.606376],[120.817074,24.606474],[120.817697,24.60702],[120.817858,24.607166],[120.818394,24.607542],[120.818592,24.607644]]]]}},{"type":"Feature","properties":{"n":"高鐵六路","v":"後龍鎮","w":4.5,"c":3,"r":0},"geometry":{"type":"MultiPolygon","coordinates":[[[[120.816803,24.606167],[120.81683,24.606157],[120.816288,24.605425],[120.815886,24.604728],[120.815853,24.604762],[120.816272,24.605474],[120.816717,24.606069],[120.816803,24.606167]]]]}},{"type":"Feature","properties":{"n":"高鐵六路","v":"後龍鎮","w":4.5,"c":3,"r":0},"geometry":{"type":"MultiPolygon","coordinates":[[[[120.816531,24.606361],[120.81658,24.606322],[120.816285,24.605966],[120.815925,24.605405],[120.815571,24.604741],[120.815518,24.604746],[120.81592,24.605473],[120.81629,24.606049],[120.816419,24.606234],[120.816531,24.606361]]]]}},{"type":"Feature","properties":{"n":"高鐵六路","v":"後龍鎮","w":4.5,"c":3,"r":0},"geometry":{"type":"MultiPolygon","coordinates":[[[[120.814884,24.603342],[120.814959,24.603337],[120.815015,24.603403],[120.815056,24.603442],[120.815184,24.60393],[120.815486,24.604677],[120.815494,24.604631],[120.815492,24.604597],[120.815374,24.604321],[120.815081,24.603386],[120.815041,24.603295],[120.815017,24.603276],[120.81496,24.603278],[120.814874,24.603293],[120.814884,24.603342]]]]}},{"type":"Feature","properties":{"n":"高鐵六路","v":"後龍鎮","w":4.5,"c":3,"r":0},"geometry":{"type":"MultiPolygon","coordinates":[[[[120.81541,24.6033],[120.815403,24.603266],[120.815352,24.603287],[120.815336,24.603322],[120.815339,24.603383],[120.815417,24.603653],[120.815532,24.604027],[120.815731,24.604512],[120.815768,24.604563],[120.815806,24.604583],[120.815806,24.604554],[120.81579,24.604539],[120.81569,24.604324],[120.815453,24.603671],[120.815375,24.603325],[120.81541,24.6033]]]]}},{"type":"Feature","properties":{"n":"高鐵六路","v":"後龍鎮","w":4.5,"c":3,"r":0},"geometry":{"type":"MultiPolygon","coordinates":[[[[120.822556,24.610558],[120.822181,24.610148],[120.821494,24.609489],[120.821076,24.609221],[120.820332,24.608798],[120.819688,24.608476],[120.819527,24.608417],[120.819109,24.608222],[120.818648,24.607988],[120.818648,24.608003],[120.819152,24.608276],[120.819527,24.608461],[120.819699,24.608515],[120.820413,24.608895],[120.821432,24.609486],[120.822271,24.610292],[120.822501,24.610565],[120.822556,24.610558]]]]}},{"type":"Feature","properties":{"n":"高鐵六路","v":"後龍鎮","w":4.5,"c":3,"r":0},"geometry":{"type":"MultiPolygon","coordinates":[[[[120.821563,24.609264],[120.821622,24.609245],[120.821145,24.608938],[120.820549,24.608528],[120.819439,24.60803],[120.819031,24.60786],[120.818988,24.60787],[120.819042,24.607909],[120.82049,24.608533],[120.821038,24.608923],[120.821563,24.609264]]]]}},{"type":"Feature","properties":{"n":"高鐵六路","v":"後龍鎮","w":4.5,"c":3,"r":0},"geometry":{"type":"MultiPolygon","coordinates":[[[[120.822814,24.610465],[120.822857,24.610431],[120.821881,24.609446],[120.821838,24.60946],[120.822814,24.610465]]]]}},{"type":"Feature","properties":{"n":"高鐵六路","v":"後龍鎮","w":4.5,"c":3,"r":0},"geometry":{"type":"MultiPolygon","coordinates":[[[[120.824131,24.615044],[120.824201,24.615054],[120.824137,24.613996],[120.823965,24.613181],[120.823668,24.612356],[120.823609,24.612181],[120.823325,24.611664],[120.822806,24.610901],[120.822624,24.610647],[120.82257,24.610647],[120.82257,24.610667],[120.8233,24.61172],[120.823573,24.612224],[120.823901,24.613195],[120.82409,24.614015],[120.824084,24.61403],[120.824131,24.615044]]]]}},{"type":"Feature","properties":{"n":"高鐵六路","v":"後龍鎮","w":4.5,"c":3,"r":0},"geometry":{"type":"MultiPolygon","coordinates":[[[[120.82288,24.610556],[120.82306,24.610768],[120.823373,24.611241],[120.823398,24.611232],[120.823078,24.610756],[120.82288,24.610519],[120.82288,24.610556]]]]}},{"type":"Feature","properties":{"n":"高鐵六路","v":"後龍鎮","w":4.5,"c":3,"r":0},"geometry":{"type":"MultiPolygon","coordinates":[[[[120.823515,24.611484],[120.823923,24.612235],[120.82418,24.612859],[120.82429,24.613326],[120.824418,24.614077],[120.824472,24.614555],[120.824488,24.615003],[120.824483,24.615125],[120.824515,24.61513],[120.824504,24.61456],[120.824427,24.613819],[120.824219,24.612789],[120.823959,24.612232],[120.823573,24.611476],[120.823515,24.611484]]]]}},{"type":"Feature","properties":{"n":"校椅一路","v":"後龍鎮","w":2,"c":1.7,"r":0},"geometry":{"type":"MultiPolygon","coordinates":[[[[120.825926,24.612051],[120.82694,24.611641],[120.828356,24.611046],[120.828308,24.611012],[120.82591,24.612012],[120.825926,24.612051]]]]}},{"type":"Feature","properties":{"n":"國華路","v":"苗栗市","w":1.2,"c":1,"r":5},"geometry":{"type":"MultiPolygon","coordinates":[[[[120.814335,24.569459],[120.81463,24.570777],[120.814775,24.57124],[120.814959,24.571658],[120.815222,24.572131],[120.815227,24.572131],[120.814991,24.571638],[120.814809,24.571228],[120.814662,24.570769],[120.814356,24.569456],[120.814335,24.569459]]]]}},{"type":"Feature","properties":{"n":"國華路","v":"苗栗市","w":1.2,"c":1,"r":5},"geometry":{"type":"MultiPolygon","coordinates":[[[[120.814824,24.572051],[120.814845,24.572056],[120.814464,24.57107],[120.814298,24.570382],[120.814104,24.569433],[120.814061,24.569438],[120.814442,24.571058],[120.81476,24.571905],[120.814824,24.572051]]]]}},{"type":"Feature","properties":{"n":"信義街","v":"苗栗市","w":null,"c":null,"r":2},"geometry":{"type":"MultiPolygon","coordinates":[[[[120.814135,24.551008],[120.814165,24.551023],[120.814452,24.550557],[120.81442,24.550547],[120.814135,24.551008]]]]}},{"type":"Feature","properties":{"n":"信義街","v":"苗栗市","w":2,"c":1.5,"r":0},"geometry":{"type":"MultiPolygon","coordinates":[[[[120.814145,24.550735],[120.814419,24.550335],[120.814395,24.550325],[120.814135,24.550735],[120.814145,24.550735]]]]}},{"type":"Feature","properties":{"n":"國華路","v":"苗栗市","w":1.2,"c":1,"r":0},"geometry":{"type":"MultiPolygon","coordinates":[[[[120.814346,24.569245],[120.814319,24.569152],[120.814228,24.567991],[120.814185,24.567991],[120.814298,24.569196],[120.814346,24.569245]]]]}},{"type":"Feature","properties":{"n":"為公路","v":"苗栗市","w":3,"c":2.4,"r":0},"geometry":{"type":"MultiPolygon","coordinates":[[[[120.829996,24.571648],[120.833676,24.572662],[120.833676,24.572623],[120.830018,24.571618],[120.829996,24.571648]]]]}},{"type":"Feature","properties":{"n":"為公路","v":"苗栗市","w":3,"c":2.4,"r":0},"geometry":{"type":"MultiPolygon","coordinates":[[[[120.829953,24.571443],[120.833805,24.572487],[120.833826,24.572448],[120.829932,24.571365],[120.829953,24.571443]]]]}},{"type":"Feature","properties":{"n":"英才路","v":"苗栗市","w":2,"c":2,"r":0},"geometry":{"type":"MultiPolygon","coordinates":[[[[120.820838,24.569523],[120.820821,24.569602],[120.820645,24.570851],[120.820383,24.572628],[120.820104,24.574298],[120.819991,24.575113],[120.82004,24.575132],[120.820375,24.572944],[120.820523,24.571928],[120.820652,24.571162],[120.820752,24.570435],[120.820773,24.57023],[120.820859,24.569567],[120.820838,24.569523]]]]}}]}