{"type":"FeatureCollection","features":[{"type":"Feature","properties":{"n":"永平路","v":"中寮鄉","w":2.03,"c":0.9,"r":4},"geometry":{"type":"MultiPolygon","coordinates":[[[[120.764588,23.879237],[120.764556,23.879165],[120.76453,23.879147],[120.764504,23.879141],[120.763828,23.879248],[120.763692,23.87929],[120.763094,23.879593],[120.763107,23.879635],[120.763302,23.87951],[120.763477,23.879439],[120.763614,23.879367],[120.763659,23.879361],[120.763692,23.879319],[120.763809,23.879308],[120.764056,23.879248],[120.764497,23.879183],[120.76451,23.879249],[120.764504,23.879255],[120.764588,23.879237]]]]}},{"type":"Feature","properties":{"n":"永平路","v":"中寮鄉","w":1.4,"c":0.86,"r":2},"geometry":{"type":"MultiPolygon","coordinates":[[[[120.763097,23.879539],[120.763721,23.879229],[120.765378,23.878987],[120.765378,23.878969],[120.763695,23.879205],[120.76309,23.879503],[120.763097,23.879539]]]]}},{"type":"Feature","properties":{"n":"永平路","v":"中寮鄉","w":1.5,"c":0.42,"r":2},"geometry":{"type":"MultiPolygon","coordinates":[[[[120.767884,23.878612],[120.767882,23.878598],[120.765522,23.878955],[120.765525,23.878972],[120.767884,23.878612]]]]}},{"type":"Feature","properties":{"n":"永平路","v":"中寮鄉","w":1.35,"c":0.63,"r":2},"geometry":{"type":"MultiPolygon","coordinates":[[[[120.768038,23.87865],[120.768033,23.878637],[120.767682,23.878682],[120.767685,23.878694],[120.768038,23.87865]]]]}},{"type":"Feature","properties":{"n":"永平路","v":"中寮鄉","w":1.36,"c":1.01,"r":2},"geometry":{"type":"MultiPolygon","coordinates":[[[[120.767512,23.878722],[120.767505,23.878703],[120.765922,23.878956],[120.765927,23.878975],[120.767512,23.878722]]]]}},{"type":"Feature","properties":{"n":"永平路","v":"中寮鄉","w":1.27,"c":0.66,"r":2},"geometry":{"type":"MultiPolygon","coordinates":[[[[120.765262,23.879068],[120.765254,23.879044],[120.764609,23.879129],[120.764596,23.879155],[120.764594,23.879174],[120.764612,23.87922],[120.764612,23.879184],[120.76462,23.879167],[120.764638,23.879153],[120.765262,23.879068]]]]}},{"type":"Feature","properties":{"n":"永平路","v":"中寮鄉","w":1.96,"c":1.56,"r":2},"geometry":{"type":"MultiPolygon","coordinates":[[[[120.765823,23.879002],[120.765816,23.878978],[120.765358,23.879037],[120.765363,23.879061],[120.765823,23.879002]]]]}},{"type":"Feature","properties":{"n":"龍南路","v":"中寮鄉","w":1.2,"c":0.63,"r":0},"geometry":{"type":"MultiPolygon","coordinates":[[[[120.761923,23.936654],[120.761982,23.936612],[120.761359,23.936098],[120.761301,23.936151],[120.761923,23.936654]]]]}},{"type":"Feature","properties":{"n":"龍南路","v":"中寮鄉","w":1.2,"c":1.05,"r":0},"geometry":{"type":"MultiPolygon","coordinates":[[[[120.761943,23.936681],[120.762553,23.937149],[120.762612,23.937101],[120.762022,23.936623],[120.761943,23.936681]]]]}},{"type":"Feature","properties":{"n":"初中巷","v":"中寮鄉","w":1.12,"c":1.05,"r":2},"geometry":{"type":"MultiPolygon","coordinates":[[[[120.765699,23.881423],[120.765634,23.881448],[120.766235,23.882864],[120.766229,23.882895],[120.766216,23.882905],[120.765741,23.883078],[120.765748,23.883097],[120.765748,23.883126],[120.765845,23.883421],[120.765877,23.883409],[120.765774,23.88314],[120.765787,23.883104],[120.766235,23.882932],[120.766274,23.882884],[120.765686,23.881503],[120.765718,23.881479],[120.765725,23.881462],[120.765712,23.88145],[120.765699,23.881423]]]]}},{"type":"Feature","properties":{"n":"初中巷","v":"中寮鄉","w":0.8,"c":0.8,"r":2},"geometry":{"type":"MultiPolygon","coordinates":[[[[120.765876,23.883561],[120.76618,23.884448],[120.766199,23.884448],[120.76618,23.884245],[120.766148,23.884268],[120.765921,23.883617],[120.765967,23.883593],[120.765948,23.88354],[120.765876,23.883561]]]]}},{"type":"Feature","properties":{"n":"初中巷","v":"中寮鄉","w":0.81,"c":0.81,"r":2},"geometry":{"type":"MultiPolygon","coordinates":[[[[120.766117,23.884372],[120.765869,23.883608],[120.765856,23.883615],[120.766104,23.884376],[120.766117,23.884372]]]]}},{"type":"Feature","properties":{"n":"永安街","v":"中寮鄉","w":1.3,"c":1.01,"r":2},"geometry":{"type":"MultiPolygon","coordinates":[[[[120.76501,23.880248],[120.76499,23.88029],[120.764958,23.880313],[120.764171,23.880503],[120.763671,23.880653],[120.763671,23.88066],[120.764977,23.880321],[120.765029,23.880303],[120.76501,23.880248]]]]}},{"type":"Feature","properties":{"n":"仁和路","v":"仁愛鄉","w":3.04,"c":0,"r":2},"geometry":{"type":"MultiPolygon","coordinates":[[[[121.131217,24.019406],[121.131235,24.019418],[121.131209,24.019076],[121.13116,24.018928],[121.131149,24.018933],[121.131188,24.019071],[121.131217,24.019406]]]]}},{"type":"Feature","properties":{"n":"仁和路","v":"仁愛鄉","w":1.4,"c":0.9,"r":2},"geometry":{"type":"MultiPolygon","coordinates":[[[[121.199419,24.107909],[121.199465,24.10791],[121.19938,24.107396],[121.198865,24.106692],[121.198832,24.106734],[121.199002,24.106948],[121.199347,24.107426],[121.199419,24.107909]]]]}},{"type":"Feature","properties":{"n":"榮華巷","v":"仁愛鄉","w":4.45,"c":4.1,"r":2},"geometry":{"type":"MultiPolygon","coordinates":[[[[121.187631,24.022823],[121.1878,24.022829],[121.187923,24.022859],[121.187995,24.022931],[121.188073,24.023159],[121.188165,24.023522],[121.188171,24.023618],[121.188321,24.023762],[121.188523,24.02385],[121.188862,24.024049],[121.189135,24.024102],[121.189356,24.024168],[121.189375,24.024132],[121.189018,24.024031],[121.188881,24.024013],[121.188582,24.023829],[121.188393,24.023757],[121.188276,24.02368],[121.188217,24.023608],[121.188178,24.023357],[121.188086,24.023065],[121.188034,24.022915],[121.187956,24.022826],[121.187871,24.022778],[121.187631,24.022778],[121.187585,24.02279],[121.187631,24.022823]]]]}},{"type":"Feature","properties":{"n":"仁和路","v":"仁愛鄉","w":6.4,"c":1.52,"r":2},"geometry":{"type":"MultiPolygon","coordinates":[[[[121.130847,24.017996],[121.130956,24.018304],[121.130972,24.018278],[121.130875,24.017996],[121.130847,24.017996]]]]}},{"type":"Feature","properties":{"n":"仁和路","v":"仁愛鄉","w":3.8,"c":1.2,"r":2},"geometry":{"type":"MultiPolygon","coordinates":[[[[121.130965,24.018336],[121.131059,24.018632],[121.131091,24.018627],[121.130986,24.018317],[121.130965,24.018336]]]]}},{"type":"Feature","properties":{"n":"六合路","v":"水里鄉","w":2,"c":0.64,"r":2},"geometry":{"type":"MultiPolygon","coordinates":[[[[120.853177,23.810179],[120.853167,23.810181],[120.853047,23.810513],[120.852907,23.810836],[120.852818,23.810816],[120.852803,23.810783],[120.852803,23.810721],[120.852821,23.810616],[120.852834,23.810601],[120.85285,23.81057],[120.852928,23.810472],[120.852808,23.810444],[120.852821,23.810573],[120.852785,23.810618],[120.852772,23.810709],[120.852753,23.810761],[120.852735,23.810778],[120.852714,23.810788],[120.852665,23.810783],[120.852634,23.810766],[120.852736,23.81035],[120.852817,23.8101],[120.852793,23.810097],[120.852712,23.810336],[120.852605,23.81079],[120.852927,23.810857],[120.85307,23.810518],[120.85319,23.810184],[120.853177,23.810179]]]]}},{"type":"Feature","properties":{"n":"六合路","v":"水里鄉","w":2.2,"c":1.76,"r":6},"geometry":{"type":"MultiPolygon","coordinates":[[[[120.852913,23.810883],[120.852895,23.810883],[120.852468,23.811719],[120.852193,23.811621],[120.85231,23.811349],[120.852606,23.810833],[120.852879,23.810895],[120.852889,23.810879],[120.852593,23.810814],[120.852299,23.811332],[120.852167,23.81163],[120.852481,23.811745],[120.852913,23.810883]]]]}},{"type":"Feature","properties":{"n":"六合三街","v":"水里鄉","w":2.05,"c":1.72,"r":0},"geometry":{"type":"MultiPolygon","coordinates":[[[[120.853846,23.812431],[120.853852,23.812412],[120.85347,23.812362],[120.853512,23.81224],[120.853488,23.812235],[120.853442,23.812381],[120.853846,23.812431]]]]}},{"type":"Feature","properties":{"n":"民權巷","v":"水里鄉","w":2.05,"c":1.05,"r":0},"geometry":{"type":"MultiPolygon","coordinates":[[[[120.865629,23.834842],[120.865705,23.834637],[120.865736,23.834632],[120.865746,23.834611],[120.865728,23.834584],[120.865762,23.83457],[120.865798,23.834532],[120.86579,23.834475],[120.865853,23.834465],[120.865939,23.834341],[120.866141,23.834262],[120.866302,23.834329],[120.86632,23.834315],[120.866391,23.834384],[120.866435,23.834475],[120.866453,23.834463],[120.866404,23.834363],[120.866344,23.834308],[120.866359,23.834294],[120.866128,23.834226],[120.866035,23.834176],[120.866019,23.834188],[120.866097,23.834234],[120.8659,23.83431],[120.865746,23.834451],[120.865619,23.83484],[120.865629,23.834842]]]]}},{"type":"Feature","properties":{"n":"民權巷","v":"水里鄉","w":1.25,"c":1.25,"r":0},"geometry":{"type":"MultiPolygon","coordinates":[[[[120.867243,23.834109],[120.867316,23.834049],[120.86687,23.833525],[120.866808,23.833537],[120.866636,23.833647],[120.866698,23.833712],[120.866711,23.8337],[120.866665,23.833652],[120.866802,23.833561],[120.866821,23.833554],[120.866862,23.833549],[120.867285,23.834044],[120.867223,23.834097],[120.867243,23.834109]]]]}},{"type":"Feature","properties":{"n":"民權巷","v":"水里鄉","w":2.65,"c":0.8,"r":0},"geometry":{"type":"MultiPolygon","coordinates":[[[[120.867314,23.834031],[120.867323,23.834047],[120.867373,23.833979],[120.866763,23.833216],[120.866032,23.832389],[120.865889,23.832262],[120.865791,23.832162],[120.865723,23.83208],[120.865684,23.832045],[120.865666,23.832061],[120.865707,23.832097],[120.86571,23.832131],[120.865681,23.832138],[120.865694,23.832147],[120.865713,23.832147],[120.86574,23.832159],[120.865999,23.832394],[120.866762,23.833257],[120.867345,23.833969],[120.867314,23.834031]]]]}},{"type":"Feature","properties":{"n":"民權巷","v":"水里鄉","w":2.95,"c":1.4,"r":0},"geometry":{"type":"MultiPolygon","coordinates":[[[[120.867509,23.833801],[120.867364,23.833638],[120.867346,23.833653],[120.867496,23.833813],[120.867509,23.833801]]]]}},{"type":"Feature","properties":{"n":"南湖路","v":"水里鄉","w":1.85,"c":0.6,"r":0},"geometry":{"type":"MultiPolygon","coordinates":[[[[120.85211,23.807327],[120.852123,23.807345],[120.852188,23.807268],[120.851929,23.806855],[120.851838,23.806509],[120.851906,23.803899],[120.851861,23.803899],[120.851794,23.806503],[120.851885,23.806861],[120.852138,23.807262],[120.852118,23.807316],[120.852105,23.807322],[120.85211,23.807327]]]]}},{"type":"Feature","properties":{"n":"民權巷","v":"水里鄉","w":1.25,"c":0.2,"r":0},"geometry":{"type":"MultiPolygon","coordinates":[[[[120.86389,23.833657],[120.863927,23.833605],[120.863916,23.833602],[120.863947,23.833562],[120.863958,23.833552],[120.863991,23.833543],[120.864023,23.833545],[120.864017,23.833531],[120.86396,23.833538],[120.863932,23.833557],[120.863869,23.833657],[120.86389,23.833657]]]]}},{"type":"Feature","properties":{"n":"中正路","v":"水里鄉","w":6,"c":3.5,"r":0},"geometry":{"type":"MultiPolygon","coordinates":[[[[120.855681,23.818929],[120.855805,23.818911],[120.855643,23.818588],[120.855584,23.8186],[120.855681,23.818929]]]]}},{"type":"Feature","properties":{"n":"中正路","v":"水里鄉","w":2.5,"c":1.95,"r":0},"geometry":{"type":"MultiPolygon","coordinates":[[[[120.85393,23.815488],[120.853937,23.815469],[120.851324,23.814458],[120.851324,23.814482],[120.85393,23.815488]]]]}},{"type":"Feature","properties":{"n":"自由路一段","v":"水里鄉","w":4.5,"c":1.5,"r":1},"geometry":{"type":"MultiPolygon","coordinates":[[[[120.854216,23.814914],[120.854227,23.814897],[120.850489,23.813329],[120.850484,23.813381],[120.850502,23.813391],[120.850515,23.813362],[120.854216,23.814914]]]]}},{"type":"Feature","properties":{"n":"南湖路","v":"水里鄉","w":2,"c":0.2,"r":2},"geometry":{"type":"MultiPolygon","coordinates":[[[[120.851948,23.803907],[120.851894,23.806482],[120.851971,23.80683],[120.852224,23.807259],[120.852341,23.807229],[120.852322,23.807205],[120.852244,23.807229],[120.852004,23.806829],[120.851933,23.8065],[120.851988,23.803908],[120.851948,23.803907]]]]}},{"type":"Feature","properties":{"n":"中山路一段","v":"水里鄉","w":2.1,"c":0.8,"r":0},"geometry":{"type":"MultiPolygon","coordinates":[[[[120.851211,23.808897],[120.851242,23.808906],[120.851625,23.808109],[120.851836,23.807782],[120.85222,23.807324],[120.852207,23.807295],[120.851812,23.807763],[120.851596,23.808093],[120.851211,23.808897]]]]}},{"type":"Feature","properties":{"n":"中山路一段","v":"水里鄉","w":2.25,"c":0.8,"r":0},"geometry":{"type":"MultiPolygon","coordinates":[[[[120.850668,23.810422],[120.850705,23.81043],[120.850801,23.810081],[120.851036,23.809402],[120.851241,23.808925],[120.851205,23.808913],[120.851007,23.809378],[120.850765,23.810076],[120.850668,23.810422]]]]}},{"type":"Feature","properties":{"n":"中山路一段","v":"水里鄉","w":2.1,"c":0.7,"r":0},"geometry":{"type":"MultiPolygon","coordinates":[[[[120.850601,23.811396],[120.85064,23.811408],[120.850708,23.81045],[120.850664,23.810441],[120.850601,23.811396]]]]}},{"type":"Feature","properties":{"n":"中山路一段","v":"水里鄉","w":2,"c":0.7,"r":0},"geometry":{"type":"MultiPolygon","coordinates":[[[[120.850539,23.812618],[120.850584,23.812636],[120.850608,23.811976],[120.850558,23.811957],[120.850539,23.812618]]]]}},{"type":"Feature","properties":{"n":"中山路一段","v":"水里鄉","w":2,"c":0.65,"r":0},"geometry":{"type":"MultiPolygon","coordinates":[[[[120.850493,23.81329],[120.850535,23.81331],[120.850585,23.81265],[120.850538,23.812633],[120.850493,23.81329]]]]}},{"type":"Feature","properties":{"n":"中山路一段","v":"水里鄉","w":3.15,"c":0.56,"r":2},"geometry":{"type":"MultiPolygon","coordinates":[[[[120.850647,23.810418],[120.850743,23.810069],[120.850983,23.809382],[120.851066,23.809174],[120.85103,23.809159],[120.850947,23.80937],[120.85071,23.810053],[120.850606,23.810413],[120.850647,23.810418]]]]}},{"type":"Feature","properties":{"n":"中山路一段","v":"水里鄉","w":2,"c":0.55,"r":0},"geometry":{"type":"MultiPolygon","coordinates":[[[[120.850412,23.813274],[120.850457,23.812662],[120.850509,23.812667],[120.850514,23.812596],[120.850538,23.811946],[120.850575,23.811413],[120.850539,23.811401],[120.850459,23.812593],[120.8504,23.812588],[120.850352,23.81324],[120.850412,23.813274]]]]}},{"type":"Feature","properties":{"n":"中山路一段","v":"水里鄉","w":1.95,"c":1,"r":1},"geometry":{"type":"MultiPolygon","coordinates":[[[[120.857898,23.807635],[120.857885,23.807669],[120.85916,23.807883],[120.859165,23.807844],[120.857898,23.807635]]]]}},{"type":"Feature","properties":{"n":"中山路一段","v":"水里鄉","w":1.9,"c":0.8,"r":0},"geometry":{"type":"MultiPolygon","coordinates":[[[[120.857885,23.807631],[120.857345,23.807543],[120.857332,23.807581],[120.857869,23.807668],[120.857885,23.807631]]]]}},{"type":"Feature","properties":{"n":"中山路一段","v":"水里鄉","w":1.9,"c":1,"r":2},"geometry":{"type":"MultiPolygon","coordinates":[[[[120.857317,23.807536],[120.856969,23.807479],[120.856967,23.807522],[120.857309,23.807579],[120.857317,23.807536]]]]}},{"type":"Feature","properties":{"n":"中山路一段","v":"水里鄉","w":1.9,"c":0.75,"r":2},"geometry":{"type":"MultiPolygon","coordinates":[[[[120.854843,23.807201],[120.854833,23.807235],[120.856053,23.807372],[120.856967,23.807521],[120.856964,23.80748],[120.856048,23.807326],[120.854843,23.807201]]]]}},{"type":"Feature","properties":{"n":"中山路一段","v":"水里鄉","w":2.1,"c":0.7,"r":0},"geometry":{"type":"MultiPolygon","coordinates":[[[[120.853442,23.807126],[120.853442,23.807155],[120.854109,23.807161],[120.854818,23.80723],[120.854828,23.8072],[120.854107,23.807127],[120.853442,23.807126]]]]}},{"type":"Feature","properties":{"n":"中山路一段","v":"水里鄉","w":2.45,"c":0.9,"r":0},"geometry":{"type":"MultiPolygon","coordinates":[[[[120.852224,23.807288],[120.852239,23.807312],[120.852512,23.807238],[120.853426,23.80716],[120.853429,23.807129],[120.852502,23.807207],[120.852224,23.807288]]]]}},{"type":"Feature","properties":{"n":"民權巷","v":"水里鄉","w":3.2,"c":2.6,"r":1},"geometry":{"type":"MultiPolygon","coordinates":[[[[120.86576,23.832064],[120.865781,23.832052],[120.865713,23.831973],[120.865687,23.831985],[120.86576,23.832064]]]]}},{"type":"Feature","properties":{"n":"竹湖巷","v":"水里鄉","w":2.3,"c":1.25,"r":0},"geometry":{"type":"MultiPolygon","coordinates":[[[[120.863295,23.836322],[120.863318,23.836333],[120.863438,23.836279],[120.863451,23.836279],[120.863921,23.836332],[120.864407,23.836361],[120.864407,23.836344],[120.863931,23.836313],[120.863435,23.836258],[120.863417,23.836263],[120.863295,23.836322]]]]}},{"type":"Feature","properties":{"n":"竹湖巷","v":"水里鄉","w":2.65,"c":1.25,"r":0},"geometry":{"type":"MultiPolygon","coordinates":[[[[120.864679,23.835745],[120.864679,23.835766],[120.865079,23.835922],[120.865087,23.835948],[120.8651,23.835967],[120.86511,23.836013],[120.865149,23.83607],[120.865167,23.83608],[120.865196,23.836082],[120.865253,23.835968],[120.864679,23.835745]]]]}},{"type":"Feature","properties":{"n":"民族路","v":"水里鄉","w":0.9,"c":0.6,"r":0},"geometry":{"type":"MultiPolygon","coordinates":[[[[120.855001,23.812334],[120.854985,23.812334],[120.854977,23.812549],[120.854601,23.812511],[120.854601,23.812525],[120.854993,23.812569],[120.855001,23.812334]]]]}},{"type":"Feature","properties":{"n":"北埔街","v":"水里鄉","w":1.55,"c":0.3,"r":2},"geometry":{"type":"MultiPolygon","coordinates":[[[[120.855555,23.813477],[120.854966,23.813467],[120.854963,23.813486],[120.855561,23.813494],[120.855555,23.813477]]]]}},{"type":"Feature","properties":{"n":"民族路(民族橋)","v":"水里鄉","w":2.29,"c":2.05,"r":2},"geometry":{"type":"MultiPolygon","coordinates":[[[[120.853934,23.815486],[120.854233,23.814896],[120.854212,23.814887],[120.853916,23.815479],[120.853934,23.815486]]]]}},{"type":"Feature","properties":{"n":"北埔街","v":"水里鄉","w":1.55,"c":0.6,"r":0},"geometry":{"type":"MultiPolygon","coordinates":[[[[120.854109,23.813328],[120.854106,23.813348],[120.854947,23.813488],[120.85495,23.813463],[120.854109,23.813328]]]]}},{"type":"Feature","properties":{"n":"東三街","v":"水里鄉","w":4,"c":1.8,"r":1},"geometry":{"type":"MultiPolygon","coordinates":[[[[120.854203,23.812959],[120.854114,23.813284],[120.854125,23.813308],[120.854135,23.813315],[120.854904,23.813441],[120.854909,23.813408],[120.854192,23.813295],[120.854185,23.813285],[120.854185,23.813275],[120.854198,23.81318],[120.854237,23.81297],[120.854203,23.812959]]]]}},{"type":"Feature","properties":{"n":"民生路","v":"水里鄉","w":3.95,"c":1.35,"r":0},"geometry":{"type":"MultiPolygon","coordinates":[[[[120.855715,23.811524],[120.855748,23.811524],[120.855759,23.811395],[120.855728,23.811395],[120.855715,23.811524]]]]}},{"type":"Feature","properties":{"n":"民族路","v":"水里鄉","w":1.36,"c":0.81,"r":0},"geometry":{"type":"MultiPolygon","coordinates":[[[[120.855441,23.809905],[120.855457,23.809917],[120.856,23.80939],[120.855985,23.809378],[120.855441,23.809905]]]]}},{"type":"Feature","properties":{"n":"永豐巷","v":"水里鄉","w":5.1,"c":4,"r":0},"geometry":{"type":"MultiPolygon","coordinates":[[[[120.862954,23.791776],[120.863162,23.791783],[120.863195,23.791778],[120.863416,23.79164],[120.863396,23.791581],[120.863221,23.7917],[120.863156,23.791712],[120.862961,23.791718],[120.862954,23.791776]]]]}},{"type":"Feature","properties":{"n":"林朋巷(林朋橋)","v":"水里鄉","w":1.8,"c":1.5,"r":2},"geometry":{"type":"MultiPolygon","coordinates":[[[[120.858671,23.772854],[120.858686,23.77285],[120.858627,23.77268],[120.858611,23.772682],[120.858671,23.772854]]]]}},{"type":"Feature","properties":{"n":"林朋巷(林朋橋)","v":"水里鄉","w":1.87,"c":1.5,"r":2},"geometry":{"type":"MultiPolygon","coordinates":[[[[120.858644,23.772858],[120.858582,23.772679],[120.858561,23.772681],[120.858626,23.772863],[120.858644,23.772858]]]]}},{"type":"Feature","properties":{"n":"中山路一段(中山橋)","v":"水里鄉","w":1.1,"c":0.8,"r":0},"geometry":{"type":"MultiPolygon","coordinates":[[[[120.850467,23.813378],[120.850441,23.813375],[120.850427,23.814065],[120.850451,23.81407],[120.850467,23.813378]]]]}},{"type":"Feature","properties":{"n":"中山路一段(中山橋)","v":"水里鄉","w":1.1,"c":0.8,"r":0},"geometry":{"type":"MultiPolygon","coordinates":[[[[120.850466,23.814069],[120.850489,23.814074],[120.850513,23.813384],[120.850487,23.813381],[120.850466,23.814069]]]]}},{"type":"Feature","properties":{"n":"中山路一段","v":"水里鄉","w":1.76,"c":0.5,"r":0},"geometry":{"type":"MultiPolygon","coordinates":[[[[120.850461,23.814451],[120.850492,23.814454],[120.850503,23.814081],[120.850469,23.814079],[120.850461,23.814451]]]]}},{"type":"Feature","properties":{"n":"彰南路","v":"名間鄉","w":1.95,"c":0.75,"r":1},"geometry":{"type":"MultiPolygon","coordinates":[[[[120.698033,23.845564],[120.69849,23.844626],[120.698454,23.844612],[120.698002,23.845555],[120.698033,23.845564]]]]}},{"type":"Feature","properties":{"n":"彰南路","v":"名間鄉","w":4.35,"c":3.95,"r":2},"geometry":{"type":"MultiPolygon","coordinates":[[[[120.692982,23.870079],[120.692832,23.87006],[120.692778,23.870767],[120.692871,23.870782],[120.692917,23.870137],[120.692982,23.870142],[120.692982,23.870079]]]]}},{"type":"Feature","properties":{"n":"松山街","v":"名間鄉","w":4.97,"c":0.97,"r":2},"geometry":{"type":"MultiPolygon","coordinates":[[[[120.634529,23.833295],[120.635648,23.833269],[120.636095,23.833196],[120.636397,23.833087],[120.636389,23.833047],[120.636267,23.833089],[120.63622,23.833077],[120.636132,23.83313],[120.635856,23.83321],[120.635718,23.833231],[120.635622,23.833238],[120.635552,23.833219],[120.635537,23.833207],[120.635477,23.833202],[120.635386,23.833202],[120.635267,23.833257],[120.635004,23.833249],[120.634848,23.83322],[120.634708,23.833205],[120.63463,23.833202],[120.634565,23.833209],[120.634529,23.833217],[120.634529,23.833226],[120.634529,23.833295]]]]}},{"type":"Feature","properties":{"n":"彰南路","v":"名間鄉","w":1.5,"c":1.2,"r":2},"geometry":{"type":"MultiPolygon","coordinates":[[[[120.696681,23.845217],[120.6967,23.845226],[120.697431,23.843641],[120.697413,23.843633],[120.697,23.844514],[120.696681,23.845217]]]]}},{"type":"Feature","properties":{"n":"彰南路","v":"名間鄉","w":1.5,"c":1.2,"r":4},"geometry":{"type":"MultiPolygon","coordinates":[[[[120.695563,23.845945],[120.695568,23.845923],[120.693875,23.845437],[120.693864,23.845461],[120.695563,23.845945]]]]}},{"type":"Feature","properties":{"n":"公所路","v":"竹山鎮","w":2,"c":2,"r":0},"geometry":{"type":"MultiPolygon","coordinates":[[[[120.671664,23.757219],[120.671697,23.757216],[120.671712,23.757075],[120.672276,23.756787],[120.672656,23.756497],[120.672953,23.756239],[120.673195,23.755824],[120.673433,23.755392],[120.673641,23.755094],[120.673786,23.755035],[120.673807,23.755001],[120.673632,23.755065],[120.673417,23.75537],[120.673189,23.755793],[120.672935,23.756211],[120.672623,23.756491],[120.672259,23.756759],[120.671687,23.757044],[120.671664,23.757219]]]]}},{"type":"Feature","properties":{"n":"延平路","v":"竹山鎮","w":3.92,"c":1.8,"r":2},"geometry":{"type":"MultiPolygon","coordinates":[[[[120.704562,23.76777],[120.704544,23.76772],[120.705135,23.767203],[120.705372,23.766675],[120.705788,23.766329],[120.705762,23.766293],[120.705344,23.766646],[120.705109,23.767174],[120.7045,23.76771],[120.704528,23.767789],[120.704562,23.76777]]]]}},{"type":"Feature","properties":{"n":"延平路","v":"竹山鎮","w":3.92,"c":1.15,"r":6},"geometry":{"type":"MultiPolygon","coordinates":[[[[120.70449,23.767686],[120.705081,23.767161],[120.705315,23.766636],[120.705745,23.766271],[120.705708,23.766238],[120.705287,23.766607],[120.705037,23.76714],[120.704475,23.767643],[120.70449,23.767686]]]]}},{"type":"Feature","properties":{"n":"延平路","v":"竹山鎮","w":3.13,"c":0.75,"r":9},"geometry":{"type":"MultiPolygon","coordinates":[[[[120.702976,23.768155],[120.702945,23.768167],[120.702963,23.768242],[120.704475,23.767695],[120.704464,23.767659],[120.702981,23.768199],[120.702976,23.768155]]]]}},{"type":"Feature","properties":{"n":"延平路","v":"竹山鎮","w":3.05,"c":0.55,"r":8},"geometry":{"type":"MultiPolygon","coordinates":[[[[120.703018,23.768313],[120.703013,23.768292],[120.704499,23.767769],[120.704486,23.767726],[120.702976,23.76826],[120.702989,23.768325],[120.703018,23.768313]]]]}},{"type":"Feature","properties":{"n":"延平路","v":"竹山鎮","w":3.05,"c":1.8,"r":5},"geometry":{"type":"MultiPolygon","coordinates":[[[[120.70167,23.76862],[120.701642,23.768632],[120.701662,23.768711],[120.702938,23.768247],[120.70292,23.768176],[120.702881,23.768195],[120.702896,23.768228],[120.701681,23.768668],[120.70167,23.76862]]]]}},{"type":"Feature","properties":{"n":"延平路","v":"竹山鎮","w":3.05,"c":0.73,"r":4},"geometry":{"type":"MultiPolygon","coordinates":[[[[120.701661,23.768736],[120.701671,23.76877],[120.702958,23.768311],[120.70295,23.768271],[120.701661,23.768736]]]]}},{"type":"Feature","properties":{"n":"延平路","v":"竹山鎮","w":3.23,"c":0.75,"r":10},"geometry":{"type":"MultiPolygon","coordinates":[[[[120.700481,23.769038],[120.700458,23.769052],[120.700486,23.769114],[120.701637,23.768715],[120.701614,23.768643],[120.701577,23.768652],[120.70159,23.768695],[120.700502,23.769075],[120.700481,23.769038]]]]}},{"type":"Feature","properties":{"n":"延平路","v":"竹山鎮","w":3.05,"c":0.75,"r":8},"geometry":{"type":"MultiPolygon","coordinates":[[[[120.70054,23.769181],[120.70055,23.769183],[120.70054,23.76915],[120.701623,23.768782],[120.701631,23.768803],[120.701659,23.768794],[120.701644,23.768741],[120.700496,23.769131],[120.700521,23.769195],[120.70054,23.769181]]]]}},{"type":"Feature","properties":{"n":"鯉南路","v":"竹山鎮","w":3.15,"c":2.55,"r":0},"geometry":{"type":"MultiPolygon","coordinates":[[[[120.665923,23.664011],[120.665949,23.664012],[120.665938,23.66333],[120.665914,23.663333],[120.665923,23.664011]]]]}},{"type":"Feature","properties":{"n":"大公街","v":"竹山鎮","w":1.75,"c":0.33,"r":0},"geometry":{"type":"MultiPolygon","coordinates":[[[[120.709877,23.812007],[120.709793,23.811782],[120.709754,23.811788],[120.709857,23.812033],[120.71011,23.812231],[120.710564,23.812602],[120.710965,23.813003],[120.711179,23.813242],[120.711496,23.813631],[120.712059,23.814378],[120.712195,23.814582],[120.712267,23.81466],[120.712383,23.814761],[120.71261,23.814929],[120.712869,23.815067],[120.713537,23.815462],[120.715301,23.816535],[120.7158,23.81681],[120.716157,23.816996],[120.716462,23.817086],[120.716643,23.817128],[120.716819,23.817159],[120.717007,23.817159],[120.717182,23.817165],[120.717344,23.817141],[120.71765,23.817117],[120.71765,23.817087],[120.717085,23.817139],[120.716682,23.817115],[120.716416,23.817043],[120.716157,23.816965],[120.715495,23.816606],[120.714419,23.815952],[120.713109,23.815176],[120.71261,23.814893],[120.71237,23.814701],[120.71228,23.814612],[120.711373,23.813421],[120.711095,23.813079],[120.710609,23.812589],[120.710214,23.812266],[120.709877,23.812007]]]]}},{"type":"Feature","properties":{"n":"頂林路東巷","v":"竹山鎮","w":8.6,"c":4,"r":6},"geometry":{"type":"MultiPolygon","coordinates":[[[[120.683162,23.752741],[120.683072,23.752535],[120.683054,23.752447],[120.683041,23.752332],[120.683173,23.751288],[120.683321,23.750207],[120.683309,23.750183],[120.683249,23.750214],[120.682982,23.752186],[120.682963,23.752366],[120.683002,23.7526],[120.683043,23.752738],[120.683084,23.75281],[120.683162,23.752741]]]]}},{"type":"Feature","properties":{"n":"加正巷","v":"竹山鎮","w":7.5,"c":1.5,"r":2},"geometry":{"type":"MultiPolygon","coordinates":[[[[120.685181,23.753442],[120.685173,23.753459],[120.685277,23.753459],[120.685645,23.753567],[120.685811,23.753637],[120.685964,23.75374],[120.686277,23.753987],[120.686342,23.754133],[120.68636,23.754235],[120.686383,23.754231],[120.686368,23.754137],[120.686298,23.753982],[120.686225,23.753915],[120.686041,23.753773],[120.685824,23.753618],[120.685723,23.75357],[120.685274,23.753437],[120.685181,23.753442]]]]}},{"type":"Feature","properties":{"n":"竹山路","v":"竹山鎮","w":3.87,"c":0.45,"r":0},"geometry":{"type":"MultiPolygon","coordinates":[[[[120.682852,23.753098],[120.682836,23.753084],[120.682795,23.753139],[120.682147,23.753758],[120.682134,23.753761],[120.682108,23.753754],[120.681504,23.7532],[120.681393,23.753097],[120.681233,23.752932],[120.681212,23.752944],[120.681429,23.753167],[120.681867,23.753562],[120.682108,23.753773],[120.682118,23.753777],[120.682155,23.75378],[120.682823,23.753141],[120.682852,23.753098]]]]}},{"type":"Feature","properties":{"n":"大禮路","v":"竹山鎮","w":4,"c":1.2,"r":0},"geometry":{"type":"MultiPolygon","coordinates":[[[[120.68193,23.756765],[120.68193,23.756751],[120.681868,23.756755],[120.681884,23.756825],[120.681902,23.756823],[120.681894,23.756775],[120.68193,23.756773],[120.68193,23.756765]]]]}},{"type":"Feature","properties":{"n":"集山路三段","v":"竹山鎮","w":4.52,"c":1.62,"r":0},"geometry":{"type":"MultiPolygon","coordinates":[[[[120.686122,23.760236],[120.68618,23.760188],[120.686812,23.759339],[120.686802,23.759327],[120.686281,23.760021],[120.686138,23.760205],[120.686122,23.760236]]]]}},{"type":"Feature","properties":{"n":"延平二路","v":"竹山鎮","w":2.63,"c":0.5,"r":0},"geometry":{"type":"MultiPolygon","coordinates":[[[[120.703487,23.769962],[120.70349,23.769965],[120.703323,23.769338],[120.703346,23.769317],[120.704744,23.76882],[120.704736,23.768789],[120.703317,23.769302],[120.703302,23.769314],[120.703289,23.769345],[120.703464,23.769974],[120.703487,23.769962]]]]}},{"type":"Feature","properties":{"n":"延平二路","v":"竹山鎮","w":2.55,"c":0.6,"r":0},"geometry":{"type":"MultiPolygon","coordinates":[[[[120.702946,23.768163],[120.702979,23.768156],[120.702632,23.766929],[120.702582,23.766915],[120.702946,23.768163]]]]}},{"type":"Feature","properties":{"n":"延平二路","v":"竹山鎮","w":2.52,"c":0.5,"r":0},"geometry":{"type":"MultiPolygon","coordinates":[[[[120.702922,23.768179],[120.702574,23.766977],[120.702532,23.766991],[120.70288,23.768196],[120.702922,23.768179]]]]}},{"type":"Feature","properties":{"n":"延平二路","v":"竹山鎮","w":2.65,"c":0.75,"r":0},"geometry":{"type":"MultiPolygon","coordinates":[[[[120.70344,23.769984],[120.702961,23.768318],[120.702922,23.768337],[120.703406,23.770001],[120.70344,23.769984]]]]}},{"type":"Feature","properties":{"n":"延平二路","v":"竹山鎮","w":2.6,"c":0.4,"r":6},"geometry":{"type":"MultiPolygon","coordinates":[[[[120.703023,23.768318],[120.702992,23.76833],[120.703265,23.769267],[120.70327,23.769277],[120.703283,23.769285],[120.703314,23.769282],[120.70472,23.768769],[120.704712,23.768743],[120.703315,23.769254],[120.703304,23.769254],[120.703289,23.769244],[120.703289,23.769235],[120.703023,23.768318]]]]}},{"type":"Feature","properties":{"n":"延平三路","v":"竹山鎮","w":1.6,"c":0,"r":4},"geometry":{"type":"MultiPolygon","coordinates":[[[[120.702155,23.770448],[120.702194,23.770431],[120.701723,23.768763],[120.701679,23.768777],[120.702155,23.770448]]]]}},{"type":"Feature","properties":{"n":"延平三路","v":"竹山鎮","w":2.6,"c":0,"r":14},"geometry":{"type":"MultiPolygon","coordinates":[[[[120.702091,23.770458],[120.702131,23.77044],[120.701989,23.769938],[120.701957,23.769914],[120.701898,23.769908],[120.701081,23.770211],[120.701041,23.770217],[120.700963,23.770187],[120.70093,23.770163],[120.700911,23.770139],[120.699923,23.767981],[120.699904,23.767969],[120.699845,23.767963],[120.699806,23.767951],[120.69928,23.768129],[120.699306,23.768177],[120.699806,23.767999],[120.699839,23.767999],[120.699871,23.768011],[120.699897,23.768035],[120.700904,23.770217],[120.700937,23.770235],[120.701002,23.770247],[120.701112,23.770241],[120.701885,23.769962],[120.701891,23.769956],[120.701904,23.769956],[120.701917,23.769968],[120.701943,23.76998],[120.702098,23.770452],[120.702091,23.770458]]]]}},{"type":"Feature","properties":{"n":"延平三路","v":"竹山鎮","w":1.85,"c":0,"r":11},"geometry":{"type":"MultiPolygon","coordinates":[[[[120.701957,23.769803],[120.701958,23.769811],[120.701072,23.770148],[120.70104,23.770148],[120.70102,23.770131],[120.700991,23.770117],[120.700968,23.770093],[120.70056,23.769184],[120.700526,23.769199],[120.700942,23.770114],[120.700955,23.770129],[120.701038,23.770174],[120.701082,23.770174],[120.701968,23.76984],[120.701957,23.769803]]]]}},{"type":"Feature","properties":{"n":"延平三路","v":"竹山鎮","w":1.6,"c":0,"r":8},"geometry":{"type":"MultiPolygon","coordinates":[[[[120.701636,23.768629],[120.70167,23.768622],[120.701315,23.767391],[120.701209,23.766944],[120.701178,23.766951],[120.701286,23.767403],[120.701636,23.768629]]]]}},{"type":"Feature","properties":{"n":"延平三路","v":"竹山鎮","w":1.78,"c":0,"r":11},"geometry":{"type":"MultiPolygon","coordinates":[[[[120.701577,23.768652],[120.701611,23.768645],[120.701282,23.767447],[120.701279,23.76744],[120.701264,23.76743],[120.701243,23.767428],[120.699941,23.767901],[120.699936,23.767934],[120.70046,23.769049],[120.700484,23.769039],[120.69997,23.767937],[120.69998,23.767908],[120.699985,23.767913],[120.701232,23.767459],[120.701258,23.767462],[120.70158,23.76865],[120.701577,23.768652]]]]}},{"type":"Feature","properties":{"n":"延平三路","v":"竹山鎮","w":1.7,"c":0,"r":11},"geometry":{"type":"MultiPolygon","coordinates":[[[[120.69924,23.768069],[120.699261,23.768104],[120.699902,23.76789],[120.701227,23.767415],[120.701251,23.767389],[120.701251,23.767372],[120.701156,23.766954],[120.701119,23.766968],[120.701214,23.767377],[120.701212,23.767384],[120.699245,23.76807],[120.69924,23.768069]]]]}},{"type":"Feature","properties":{"n":"向學街","v":"竹山鎮","w":4,"c":4,"r":2},"geometry":{"type":"MultiPolygon","coordinates":[[[[120.685841,23.762239],[120.685431,23.762608],[120.685455,23.762632],[120.68586,23.762263],[120.685841,23.762239]]]]}},{"type":"Feature","properties":{"n":"大智路","v":"竹山鎮","w":1.55,"c":0.68,"r":4},"geometry":{"type":"MultiPolygon","coordinates":[[[[120.679677,23.750493],[120.67997,23.750303],[120.67995,23.750284],[120.679658,23.750469],[120.679677,23.750493]]]]}},{"type":"Feature","properties":{"n":"自強路","v":"竹山鎮","w":4.22,"c":0.65,"r":0},"geometry":{"type":"MultiPolygon","coordinates":[[[[120.678176,23.752132],[120.678207,23.752147],[120.678368,23.751858],[120.67848,23.75167],[120.678595,23.751517],[120.678887,23.751155],[120.678858,23.751133],[120.678455,23.751653],[120.678176,23.752132]]]]}},{"type":"Feature","properties":{"n":"集山路三段","v":"竹山鎮","w":4.95,"c":0.85,"r":0},"geometry":{"type":"MultiPolygon","coordinates":[[[[120.677386,23.754536],[120.677412,23.754526],[120.677399,23.754469],[120.677407,23.754383],[120.677441,23.754287],[120.67753,23.754204],[120.677597,23.754192],[120.677639,23.75419],[120.677636,23.754168],[120.677613,23.754161],[120.677564,23.754168],[120.677517,23.75419],[120.677454,23.754244],[120.677408,23.754304],[120.677368,23.754409],[120.677368,23.754481],[120.677386,23.754536]]]]}},{"type":"Feature","properties":{"n":"坊坪巷","v":"竹山鎮","w":3.93,"c":0.94,"r":4},"geometry":{"type":"MultiPolygon","coordinates":[[[[120.680913,23.762155],[120.68194,23.761288],[120.681925,23.761264],[120.680887,23.762129],[120.680913,23.762155]]]]}},{"type":"Feature","properties":{"n":"向學街","v":"竹山鎮","w":5,"c":2.6,"r":6},"geometry":{"type":"MultiPolygon","coordinates":[[[[120.687841,23.76063],[120.687763,23.760673],[120.686733,23.761624],[120.68571,23.762547],[120.685481,23.762744],[120.685502,23.762759],[120.686064,23.762268],[120.686787,23.761615],[120.687797,23.76069],[120.687875,23.760623],[120.687857,23.760623],[120.687841,23.76063]]]]}},{"type":"Feature","properties":{"n":"大明路600巷","v":"竹山鎮","w":4,"c":2.5,"r":2},"geometry":{"type":"MultiPolygon","coordinates":[[[[120.677752,23.757251],[120.677755,23.757216],[120.676334,23.75753],[120.676363,23.757573],[120.677752,23.757251]]]]}},{"type":"Feature","properties":{"n":"環河路","v":"竹山鎮","w":2,"c":1.6,"r":6},"geometry":{"type":"MultiPolygon","coordinates":[[[[120.680937,23.762299],[120.681417,23.762728],[120.681449,23.762738],[120.681485,23.762736],[120.681526,23.762722],[120.681547,23.762703],[120.681982,23.762181],[120.682242,23.761942],[120.682422,23.761806],[120.682557,23.761694],[120.682866,23.761509],[120.683116,23.761383],[120.68328,23.761314],[120.683586,23.761195],[120.68389,23.761066],[120.683976,23.761043],[120.68421,23.761017],[120.684438,23.761001],[120.684835,23.760963],[120.685014,23.760925],[120.685124,23.760885],[120.685215,23.76084],[120.685592,23.760587],[120.685761,23.760447],[120.68574,23.760437],[120.68554,23.760597],[120.685209,23.760813],[120.68503,23.760892],[120.6849,23.76093],[120.684815,23.760944],[120.684334,23.760988],[120.684181,23.760995],[120.683973,23.761024],[120.683911,23.761021],[120.683539,23.761183],[120.683308,23.761273],[120.682976,23.761423],[120.682656,23.761589],[120.682526,23.761682],[120.682268,23.76189],[120.682084,23.762049],[120.68198,23.762133],[120.681896,23.762221],[120.681501,23.76271],[120.68148,23.762715],[120.681441,23.762712],[120.681425,23.762703],[120.680962,23.762281],[120.680937,23.762299]]]]}},{"type":"Feature","properties":{"n":"開高巷","v":"信義鄉","w":1.95,"c":0.55,"r":2},"geometry":{"type":"MultiPolygon","coordinates":[[[[120.922593,23.56211],[120.922601,23.56212],[120.922922,23.561857],[120.92306,23.561793],[120.923498,23.561628],[120.923703,23.561561],[120.924162,23.56144],[120.924511,23.561356],[120.924846,23.561321],[120.925318,23.561221],[120.925382,23.561194],[120.925445,23.561149],[120.925668,23.561006],[120.925725,23.560987],[120.925903,23.561015],[120.926111,23.561025],[120.926305,23.561025],[120.926308,23.561011],[120.926222,23.561016],[120.926054,23.561013],[120.925919,23.561006],[120.925735,23.560977],[120.925678,23.560987],[120.925369,23.56119],[120.924807,23.561316],[120.924519,23.561342],[120.92432,23.561387],[120.923669,23.561561],[120.923265,23.561697],[120.923042,23.561783],[120.922925,23.561843],[120.922767,23.561962],[120.922593,23.56211]]]]}},{"type":"Feature","properties":{"n":"省府路","v":"南投市","w":2.96,"c":1.7,"r":0},"geometry":{"type":"MultiPolygon","coordinates":[[[[120.685835,23.95674],[120.683953,23.955392],[120.680822,23.955374],[120.680828,23.95541],[120.683941,23.955446],[120.685816,23.956771],[120.685835,23.95674]]]]}},{"type":"Feature","properties":{"n":"省府路","v":"南投市","w":2.96,"c":1.7,"r":1},"geometry":{"type":"MultiPolygon","coordinates":[[[[120.684443,23.955702],[120.685838,23.95672],[120.685877,23.956703],[120.684456,23.95566],[120.684443,23.955702]]]]}},{"type":"Feature","properties":{"n":"省府路","v":"南投市","w":2.3,"c":1.1,"r":1},"geometry":{"type":"MultiPolygon","coordinates":[[[[120.684414,23.955703],[120.684422,23.955687],[120.68396,23.955356],[120.68395,23.955368],[120.684414,23.955703]]]]}},{"type":"Feature","properties":{"n":"省府路","v":"南投市","w":2.3,"c":1.1,"r":1},"geometry":{"type":"MultiPolygon","coordinates":[[[[120.683878,23.955358],[120.683772,23.95531],[120.681979,23.955258],[120.68198,23.955306],[120.683878,23.955358]]]]}},{"type":"Feature","properties":{"n":"省府路","v":"南投市","w":2.4,"c":1.1,"r":0},"geometry":{"type":"MultiPolygon","coordinates":[[[[120.681954,23.955328],[120.681955,23.95529],[120.680699,23.955287],[120.680704,23.955328],[120.681954,23.955328]]]]}},{"type":"Feature","properties":{"n":"省府路","v":"南投市","w":1.7,"c":1.1,"r":0},"geometry":{"type":"MultiPolygon","coordinates":[[[[120.687536,23.958096],[120.687552,23.958094],[120.686849,23.957455],[120.686598,23.95706],[120.686585,23.957065],[120.686841,23.957462],[120.687536,23.958096]]]]}},{"type":"Feature","properties":{"n":"省府路","v":"南投市","w":2,"c":1.2,"r":0},"geometry":{"type":"MultiPolygon","coordinates":[[[[120.68624,23.956963],[120.686224,23.956975],[120.686536,23.957062],[120.686818,23.957497],[120.68749,23.958108],[120.687511,23.958098],[120.686821,23.957473],[120.686541,23.95704],[120.68624,23.956963]]]]}},{"type":"Feature","properties":{"n":"光華路","v":"南投市","w":1.7,"c":1.7,"r":0},"geometry":{"type":"MultiPolygon","coordinates":[[[[120.68652,23.956997],[120.686551,23.957011],[120.686608,23.956959],[120.68741,23.956638],[120.688627,23.955186],[120.688935,23.954876],[120.689226,23.954769],[120.689533,23.954688],[120.689536,23.954659],[120.689271,23.954723],[120.688922,23.954852],[120.688552,23.955228],[120.687397,23.956621],[120.686622,23.956925],[120.68652,23.956997]]]]}},{"type":"Feature","properties":{"n":"光華路","v":"南投市","w":3,"c":3,"r":0},"geometry":{"type":"MultiPolygon","coordinates":[[[[120.689539,23.954654],[120.689541,23.954681],[120.690101,23.954588],[120.690507,23.954395],[120.690824,23.954183],[120.691001,23.954033],[120.691275,23.953785],[120.691794,23.95323],[120.692008,23.952948],[120.691999,23.952933],[120.691778,23.953225],[120.691035,23.95397],[120.690488,23.954381],[120.69008,23.954571],[120.689539,23.954654]]]]}},{"type":"Feature","properties":{"n":"光華路","v":"南投市","w":2,"c":1.5,"r":0},"geometry":{"type":"MultiPolygon","coordinates":[[[[120.691843,23.95327],[120.691824,23.953257],[120.691305,23.95381],[120.690508,23.954434],[120.69011,23.954618],[120.68934,23.954793],[120.688942,23.954919],[120.687448,23.956645],[120.687287,23.956722],[120.686897,23.956854],[120.686657,23.956959],[120.686553,23.957031],[120.686574,23.957059],[120.686655,23.957],[120.686892,23.956883],[120.687262,23.956776],[120.687484,23.956664],[120.688966,23.954926],[120.690111,23.954646],[120.690553,23.954451],[120.69095,23.954153],[120.691334,23.953831],[120.691843,23.95327]]]]}},{"type":"Feature","properties":{"n":"光華路","v":"南投市","w":1.95,"c":1.55,"r":0},"geometry":{"type":"MultiPolygon","coordinates":[[[[120.691988,23.952931],[120.692006,23.952946],[120.692585,23.952147],[120.692698,23.951927],[120.692677,23.951918],[120.692575,23.952142],[120.691988,23.952931]]]]}},{"type":"Feature","properties":{"n":"光華路","v":"南投市","w":3.8,"c":1,"r":0},"geometry":{"type":"MultiPolygon","coordinates":[[[[120.686929,23.956874],[120.686905,23.956848],[120.686645,23.956965],[120.686549,23.957031],[120.686578,23.957062],[120.686661,23.956998],[120.686929,23.956874]]]]}},{"type":"Feature","properties":{"n":"光華路","v":"南投市","w":2.75,"c":1.3,"r":0},"geometry":{"type":"MultiPolygon","coordinates":[[[[120.692675,23.951921],[120.692701,23.951929],[120.692855,23.95163],[120.693172,23.950744],[120.693436,23.950284],[120.693684,23.949916],[120.693678,23.949885],[120.693441,23.950241],[120.693151,23.950747],[120.692827,23.951632],[120.692675,23.951921]]]]}},{"type":"Feature","properties":{"n":"光華路","v":"南投市","w":2,"c":1.3,"r":0},"geometry":{"type":"MultiPolygon","coordinates":[[[[120.694322,23.949097],[120.693673,23.949882],[120.693686,23.949905],[120.694348,23.949125],[120.694322,23.949097]]]]}},{"type":"Feature","properties":{"n":"光華路","v":"南投市","w":1.5,"c":1.5,"r":0},"geometry":{"type":"MultiPolygon","coordinates":[[[[120.69437,23.949141],[120.694364,23.949139],[120.693483,23.950303],[120.693214,23.950775],[120.693232,23.95079],[120.693513,23.950303],[120.694388,23.94916],[120.69437,23.949141]]]]}},{"type":"Feature","properties":{"n":"光華路","v":"南投市","w":2,"c":1.6,"r":0},"geometry":{"type":"MultiPolygon","coordinates":[[[[120.693233,23.95079],[120.693216,23.950775],[120.692912,23.951642],[120.692623,23.952167],[120.692643,23.952179],[120.692927,23.951661],[120.693233,23.95079]]]]}},{"type":"Feature","properties":{"n":"光華路","v":"南投市","w":1.5,"c":1.5,"r":0},"geometry":{"type":"MultiPolygon","coordinates":[[[[120.692649,23.952178],[120.692624,23.952166],[120.691822,23.953253],[120.69184,23.953272],[120.692646,23.952182],[120.692649,23.952178]]]]}},{"type":"Feature","properties":{"n":"光華二路","v":"南投市","w":1.5,"c":1.5,"r":0},"geometry":{"type":"MultiPolygon","coordinates":[[[[120.689462,23.954646],[120.689483,23.954625],[120.689491,23.954605],[120.689473,23.954505],[120.689429,23.954338],[120.689403,23.954287],[120.689369,23.954273],[120.689421,23.954366],[120.689455,23.954505],[120.689467,23.954608],[120.689462,23.954646]]]]}},{"type":"Feature","properties":{"n":"光華二路","v":"南投市","w":3.8,"c":1.5,"r":0},"geometry":{"type":"MultiPolygon","coordinates":[[[[120.689551,23.954651],[120.689564,23.954649],[120.689526,23.954376],[120.689254,23.953929],[120.68864,23.953254],[120.688307,23.953005],[120.688006,23.952832],[120.687985,23.952849],[120.688299,23.953026],[120.688642,23.953268],[120.689249,23.953941],[120.689512,23.954383],[120.689551,23.954651]]]]}},{"type":"Feature","properties":{"n":"光華二路","v":"南投市","w":1.5,"c":1.5,"r":0},"geometry":{"type":"MultiPolygon","coordinates":[[[[120.689386,23.954192],[120.68924,23.953953],[120.688631,23.95328],[120.688299,23.953036],[120.688286,23.953058],[120.688628,23.953295],[120.689225,23.953958],[120.68937,23.954197],[120.689386,23.954192]]]]}},{"type":"Feature","properties":{"n":"光華二路","v":"南投市","w":1.5,"c":1.5,"r":0},"geometry":{"type":"MultiPolygon","coordinates":[[[[120.689335,23.954169],[120.689335,23.95414],[120.689156,23.953923],[120.688884,23.953597],[120.688609,23.953295],[120.688388,23.953142],[120.688373,23.953149],[120.688591,23.953312],[120.688746,23.953475],[120.68907,23.953848],[120.689335,23.954169]]]]}},{"type":"Feature","properties":{"n":"光華二路","v":"南投市","w":1.5,"c":1.5,"r":0},"geometry":{"type":"MultiPolygon","coordinates":[[[[120.688645,23.953254],[120.688313,23.953007],[120.688007,23.952832],[120.687991,23.952844],[120.688313,23.953033],[120.688637,23.953269],[120.688645,23.953254]]]]}},{"type":"Feature","properties":{"n":"光華二路","v":"南投市","w":1.5,"c":1.5,"r":0},"geometry":{"type":"MultiPolygon","coordinates":[[[[120.687965,23.952884],[120.688266,23.95305],[120.688269,23.953021],[120.687986,23.952863],[120.687965,23.952884]]]]}},{"type":"Feature","properties":{"n":"光華二路一街","v":"南投市","w":1.5,"c":1.5,"r":0},"geometry":{"type":"MultiPolygon","coordinates":[[[[120.689373,23.954216],[120.688816,23.954468],[120.688485,23.95468],[120.688334,23.954723],[120.688028,23.954677],[120.68789,23.954639],[120.687789,23.954562],[120.687745,23.954481],[120.687763,23.954309],[120.687839,23.954044],[120.688268,23.953058],[120.688253,23.953046],[120.687826,23.954029],[120.687748,23.954306],[120.687729,23.954478],[120.687778,23.954574],[120.687872,23.954643],[120.688025,23.954691],[120.688339,23.954736],[120.688495,23.954693],[120.68881,23.954493],[120.68938,23.954234],[120.689373,23.954216]]]]}},{"type":"Feature","properties":{"n":"光華二路一街","v":"南投市","w":1.5,"c":1.5,"r":0},"geometry":{"type":"MultiPolygon","coordinates":[[[[120.689363,23.954204],[120.68935,23.95418],[120.688788,23.954442],[120.688486,23.95463],[120.688333,23.954691],[120.687909,23.954617],[120.687823,23.954538],[120.687787,23.954466],[120.687808,23.954292],[120.687884,23.954038],[120.688316,23.953091],[120.688279,23.953069],[120.687861,23.954034],[120.687788,23.954306],[120.687766,23.954473],[120.687802,23.954542],[120.687904,23.954631],[120.688338,23.954706],[120.688491,23.954656],[120.688801,23.954458],[120.689363,23.954204]]]]}},{"type":"Feature","properties":{"n":"光華二路二街","v":"南投市","w":1.5,"c":1.5,"r":0},"geometry":{"type":"MultiPolygon","coordinates":[[[[120.688649,23.953266],[120.688659,23.953285],[120.690306,23.951543],[120.690293,23.951531],[120.688649,23.953266]]]]}},{"type":"Feature","properties":{"n":"光華二路二街","v":"南投市","w":1.5,"c":1.5,"r":1},"geometry":{"type":"MultiPolygon","coordinates":[[[[120.68863,23.953235],[120.688645,23.953249],[120.690284,23.951529],[120.690266,23.95152],[120.68863,23.953235]]]]}},{"type":"Feature","properties":{"n":"光華四路","v":"南投市","w":1.4,"c":1.4,"r":0},"geometry":{"type":"MultiPolygon","coordinates":[[[[120.68949,23.950791],[120.689477,23.950803],[120.690271,23.951538],[120.690281,23.951523],[120.68949,23.950791]]]]}},{"type":"Feature","properties":{"n":"光華四路","v":"南投市","w":1.4,"c":1.4,"r":0},"geometry":{"type":"MultiPolygon","coordinates":[[[[120.690297,23.951546],[120.69029,23.95156],[120.690569,23.951845],[120.691319,23.952506],[120.691952,23.952973],[120.691965,23.952954],[120.691397,23.952544],[120.691055,23.952262],[120.690567,23.951821],[120.690297,23.951546]]]]}},{"type":"Feature","properties":{"n":"光華四路","v":"南投市","w":1.5,"c":1.5,"r":0},"geometry":{"type":"MultiPolygon","coordinates":[[[[120.6903,23.951505],[120.690287,23.95152],[120.690593,23.951819],[120.691363,23.952496],[120.691973,23.952944],[120.691986,23.952925],[120.691361,23.95247],[120.69059,23.951799],[120.690302,23.951507],[120.6903,23.951505]]]]}},{"type":"Feature","properties":{"n":"光華四路","v":"南投市","w":1.5,"c":1.5,"r":1},"geometry":{"type":"MultiPolygon","coordinates":[[[[120.689484,23.95079],[120.690281,23.951521],[120.690299,23.951507],[120.6895,23.950771],[120.689484,23.95079]]]]}},{"type":"Feature","properties":{"n":"光華四路一街","v":"南投市","w":2,"c":0.6,"r":0},"geometry":{"type":"MultiPolygon","coordinates":[[[[120.690584,23.95179],[120.691982,23.949707],[120.692405,23.949315],[120.693053,23.948879],[120.693594,23.948431],[120.693574,23.948417],[120.693039,23.94887],[120.692393,23.9493],[120.691963,23.949691],[120.691273,23.950719],[120.69057,23.951781],[120.690584,23.95179]]]]}},{"type":"Feature","properties":{"n":"光華四路一街","v":"南投市","w":1.5,"c":1.5,"r":0},"geometry":{"type":"MultiPolygon","coordinates":[[[[120.691312,23.950732],[120.690591,23.951798],[120.690606,23.951807],[120.691326,23.950741],[120.691312,23.950732]]]]}},{"type":"Feature","properties":{"n":"光華四路一街","v":"南投市","w":1.5,"c":1.5,"r":0},"geometry":{"type":"MultiPolygon","coordinates":[[[[120.691323,23.950719],[120.691338,23.950729],[120.692001,23.949726],[120.692405,23.949345],[120.693074,23.948923],[120.693063,23.948899],[120.692407,23.949326],[120.691998,23.949712],[120.691323,23.950719]]]]}},{"type":"Feature","properties":{"n":"光華四路一街","v":"南投市","w":2,"c":2,"r":2},"geometry":{"type":"MultiPolygon","coordinates":[[[[120.693067,23.948887],[120.693087,23.948914],[120.693616,23.948463],[120.693595,23.948446],[120.693067,23.948887]]]]}},{"type":"Feature","properties":{"n":"光華六路","v":"南投市","w":1.5,"c":1.5,"r":0},"geometry":{"type":"MultiPolygon","coordinates":[[[[120.692668,23.951916],[120.692437,23.951765],[120.691327,23.950738],[120.691316,23.950762],[120.692413,23.951772],[120.69266,23.951952],[120.692668,23.951916]]]]}},{"type":"Feature","properties":{"n":"光華六路","v":"南投市","w":1.5,"c":1.5,"r":0},"geometry":{"type":"MultiPolygon","coordinates":[[[[120.691336,23.950732],[120.692446,23.951747],[120.692675,23.951903],[120.692688,23.951875],[120.692454,23.951726],[120.691355,23.950716],[120.691336,23.950732]]]]}},{"type":"Feature","properties":{"n":"光華七路","v":"南投市","w":1,"c":1,"r":0},"geometry":{"type":"MultiPolygon","coordinates":[[[[120.693233,23.950797],[120.693218,23.950815],[120.693739,23.951143],[120.694658,23.951568],[120.695148,23.951977],[120.695161,23.951958],[120.694676,23.951563],[120.693757,23.951132],[120.693233,23.950797]]]]}},{"type":"Feature","properties":{"n":"光華七路","v":"南投市","w":1,"c":1,"r":0},"geometry":{"type":"MultiPolygon","coordinates":[[[[120.693349,23.950585],[120.693902,23.950924],[120.694803,23.951352],[120.695138,23.951578],[120.695345,23.9518],[120.695353,23.951786],[120.695143,23.951563],[120.694824,23.951348],[120.693894,23.950906],[120.693354,23.950571],[120.693349,23.950585]]]]}},{"type":"Feature","properties":{"n":"光華十路","v":"南投市","w":2,"c":1.3,"r":1},"geometry":{"type":"MultiPolygon","coordinates":[[[[120.693662,23.949892],[120.693074,23.948921],[120.693051,23.948945],[120.693649,23.949909],[120.693662,23.949892]]]]}},{"type":"Feature","properties":{"n":"中正路","v":"南投市","w":1.61,"c":1.61,"r":1},"geometry":{"type":"MultiPolygon","coordinates":[[[[120.686167,23.956701],[120.686289,23.956558],[120.686916,23.955327],[120.686903,23.955317],[120.686276,23.956553],[120.686156,23.956694],[120.686167,23.956701]]]]}},{"type":"Feature","properties":{"n":"中正路","v":"南投市","w":1.65,"c":1.65,"r":1},"geometry":{"type":"MultiPolygon","coordinates":[[[[120.686928,23.95533],[120.686306,23.956569],[120.686184,23.956707],[120.686189,23.956717],[120.686314,23.956579],[120.686933,23.95534],[120.686928,23.95533]]]]}},{"type":"Feature","properties":{"n":"中正路","v":"南投市","w":1.95,"c":1.61,"r":2},"geometry":{"type":"MultiPolygon","coordinates":[[[[120.686919,23.95531],[120.687259,23.954637],[120.687615,23.953431],[120.687787,23.953099],[120.687774,23.953094],[120.687597,23.953433],[120.687243,23.954639],[120.686904,23.955305],[120.686919,23.95531]]]]}},{"type":"Feature","properties":{"n":"中正路","v":"南投市","w":1.97,"c":1.97,"r":0},"geometry":{"type":"MultiPolygon","coordinates":[[[[120.687968,23.952857],[120.687798,23.953099],[120.687631,23.953456],[120.687332,23.954458],[120.687271,23.95465],[120.686934,23.955321],[120.686949,23.95533],[120.687286,23.954652],[120.68759,23.953657],[120.687648,23.953454],[120.68781,23.95311],[120.687982,23.952867],[120.687968,23.952857]]]]}},{"type":"Feature","properties":{"n":"中正路","v":"南投市","w":1.95,"c":1.95,"r":4},"geometry":{"type":"MultiPolygon","coordinates":[[[[120.688172,23.952533],[120.688161,23.952526],[120.687765,23.953082],[120.687781,23.953087],[120.687953,23.95285],[120.688172,23.952533]]]]}},{"type":"Feature","properties":{"n":"中正路","v":"南投市","w":1.97,"c":1.97,"r":1},"geometry":{"type":"MultiPolygon","coordinates":[[[[120.687975,23.952847],[120.687991,23.952853],[120.689042,23.951368],[120.689493,23.950788],[120.68948,23.950776],[120.689037,23.951344],[120.688411,23.952232],[120.687975,23.952847]]]]}},{"type":"Feature","properties":{"n":"中正路","v":"南投市","w":1.95,"c":1.8,"r":2},"geometry":{"type":"MultiPolygon","coordinates":[[[[120.688184,23.952515],[120.688791,23.951661],[120.689461,23.950767],[120.689449,23.950757],[120.688888,23.951506],[120.688171,23.952506],[120.688184,23.952515]]]]}},{"type":"Feature","properties":{"n":"中正路","v":"南投市","w":1.95,"c":1.95,"r":2},"geometry":{"type":"MultiPolygon","coordinates":[[[[120.692725,23.947427],[120.691795,23.948242],[120.690794,23.949321],[120.689691,23.95047],[120.689487,23.950766],[120.689497,23.950773],[120.689698,23.950484],[120.690545,23.949604],[120.691801,23.948262],[120.692736,23.94744],[120.692725,23.947427]]]]}},{"type":"Feature","properties":{"n":"中正路","v":"南投市","w":1.86,"c":1.7,"r":0},"geometry":{"type":"MultiPolygon","coordinates":[[[[120.689671,23.95047],[120.689661,23.950462],[120.68946,23.950744],[120.689468,23.950753],[120.689671,23.95047]]]]}},{"type":"Feature","properties":{"n":"中正路","v":"南投市","w":1.9,"c":0.6,"r":2},"geometry":{"type":"MultiPolygon","coordinates":[[[[120.692713,23.947416],[120.692696,23.947402],[120.691769,23.948215],[120.691435,23.94857],[120.691156,23.948875],[120.689663,23.950449],[120.689674,23.950459],[120.689682,23.950445],[120.689749,23.950385],[120.690884,23.94919],[120.691783,23.948227],[120.691968,23.948067],[120.692713,23.947416]]]]}},{"type":"Feature","properties":{"n":"中正路","v":"南投市","w":1.95,"c":1.95,"r":0},"geometry":{"type":"MultiPolygon","coordinates":[[[[120.692735,23.94742],[120.692745,23.947433],[120.69361,23.946535],[120.693952,23.946163],[120.694304,23.945715],[120.695245,23.944489],[120.695638,23.944122],[120.695628,23.94411],[120.695235,23.944474],[120.694536,23.945383],[120.693934,23.946156],[120.693532,23.946588],[120.692735,23.94742]]]]}},{"type":"Feature","properties":{"n":"中正路","v":"南投市","w":1.9,"c":1.9,"r":2},"geometry":{"type":"MultiPolygon","coordinates":[[[[120.692727,23.947405],[120.693589,23.946506],[120.693923,23.946146],[120.693912,23.946136],[120.693355,23.94673],[120.692716,23.947393],[120.692727,23.947405]]]]}},{"type":"Feature","properties":{"n":"中正路","v":"南投市","w":1.9,"c":1.9,"r":0},"geometry":{"type":"MultiPolygon","coordinates":[[[[120.693926,23.946144],[120.694273,23.94571],[120.69426,23.945703],[120.693919,23.946135],[120.693926,23.946144]]]]}},{"type":"Feature","properties":{"n":"中正路","v":"南投市","w":7,"c":7,"r":0},"geometry":{"type":"MultiPolygon","coordinates":[[[[120.694279,23.945695],[120.694855,23.944926],[120.694834,23.94491],[120.694266,23.945685],[120.694279,23.945695]]]]}},{"type":"Feature","properties":{"n":"中正路","v":"南投市","w":7,"c":7,"r":0},"geometry":{"type":"MultiPolygon","coordinates":[[[[120.69522,23.944462],[120.695206,23.944452],[120.694841,23.944901],[120.69486,23.944915],[120.69522,23.944462]]]]}},{"type":"Feature","properties":{"n":"中正路","v":"南投市","w":7,"c":1.55,"r":0},"geometry":{"type":"MultiPolygon","coordinates":[[[[120.695867,23.943809],[120.695851,23.943793],[120.695562,23.944103],[120.695309,23.944348],[120.695213,23.944434],[120.695226,23.944446],[120.695333,23.94435],[120.695612,23.944083],[120.695867,23.943809]]]]}},{"type":"Feature","properties":{"n":"中正路","v":"南投市","w":1.95,"c":1.95,"r":0},"geometry":{"type":"MultiPolygon","coordinates":[[[[120.697434,23.941287],[120.697244,23.94188],[120.697003,23.942362],[120.696847,23.942686],[120.696507,23.943137],[120.696142,23.943573],[120.695647,23.944101],[120.695673,23.944127],[120.696246,23.943512],[120.69654,23.943149],[120.696879,23.942701],[120.697277,23.941914],[120.697473,23.941293],[120.697434,23.941287]]]]}},{"type":"Feature","properties":{"n":"中正路","v":"南投市","w":2.15,"c":1.9,"r":3},"geometry":{"type":"MultiPolygon","coordinates":[[[[120.695873,23.943795],[120.696121,23.943544],[120.696584,23.942966],[120.696792,23.94268],[120.697008,23.942298],[120.69721,23.941838],[120.697406,23.941271],[120.69738,23.941265],[120.697164,23.941856],[120.696981,23.94228],[120.696766,23.942668],[120.696499,23.94302],[120.696082,23.943539],[120.695854,23.943777],[120.695873,23.943795]]]]}},{"type":"Feature","properties":{"n":"中正路","v":"南投市","w":1.55,"c":1.1,"r":0},"geometry":{"type":"MultiPolygon","coordinates":[[[[120.697429,23.941265],[120.697446,23.941267],[120.697509,23.941036],[120.697583,23.940477],[120.697568,23.940088],[120.697471,23.939581],[120.697331,23.939205],[120.697316,23.939208],[120.697459,23.93959],[120.697551,23.940092],[120.697569,23.940467],[120.697495,23.941019],[120.697429,23.941265]]]]}},{"type":"Feature","properties":{"n":"中正路","v":"南投市","w":2.1,"c":1.1,"r":0},"geometry":{"type":"MultiPolygon","coordinates":[[[[120.697253,23.939111],[120.697238,23.939118],[120.697427,23.939599],[120.697519,23.940091],[120.697539,23.940464],[120.697465,23.94102],[120.697399,23.941262],[120.69742,23.941264],[120.69748,23.94102],[120.697554,23.94046],[120.697534,23.940085],[120.697439,23.939585],[120.697253,23.939111]]]]}},{"type":"Feature","properties":{"n":"仁心路","v":"南投市","w":3.1,"c":1,"r":0},"geometry":{"type":"MultiPolygon","coordinates":[[[[120.694258,23.945702],[120.693879,23.945472],[120.693547,23.945225],[120.693534,23.945242],[120.693902,23.945508],[120.69425,23.945717],[120.694258,23.945702]]]]}},{"type":"Feature","properties":{"n":"仁心路","v":"南投市","w":3.2,"c":3.2,"r":1},"geometry":{"type":"MultiPolygon","coordinates":[[[[120.694259,23.945681],[120.69427,23.945669],[120.69395,23.945475],[120.693943,23.945482],[120.694259,23.945681]]]]}},{"type":"Feature","properties":{"n":"仁心路","v":"南投市","w":2.9,"c":0,"r":1},"geometry":{"type":"MultiPolygon","coordinates":[[[[120.693927,23.945475],[120.693934,23.945465],[120.693563,23.945195],[120.693558,23.945206],[120.693927,23.945475]]]]}},{"type":"Feature","properties":{"n":"仁心路","v":"南投市","w":3.1,"c":3.1,"r":2},"geometry":{"type":"MultiPolygon","coordinates":[[[[120.692611,23.944562],[120.692606,23.944572],[120.693527,23.945228],[120.693535,23.945213],[120.692611,23.944562]]]]}},{"type":"Feature","properties":{"n":"仁心路","v":"南投市","w":3.1,"c":3.1,"r":2},"geometry":{"type":"MultiPolygon","coordinates":[[[[120.693544,23.945204],[120.693552,23.945194],[120.692633,23.944538],[120.692623,23.944547],[120.693544,23.945204]]]]}},{"type":"Feature","properties":{"n":"光明一路","v":"南投市","w":1.8,"c":1.1,"r":0},"geometry":{"type":"MultiPolygon","coordinates":[[[[120.701045,23.936618],[120.70104,23.936618],[120.700611,23.935465],[120.700596,23.935468],[120.701008,23.936632],[120.701045,23.936618]]]]}},{"type":"Feature","properties":{"n":"光明一路","v":"南投市","w":6.2,"c":3.5,"r":0},"geometry":{"type":"MultiPolygon","coordinates":[[[[120.701069,23.936608],[120.701069,23.936602],[120.701082,23.936602],[120.700662,23.93546],[120.700649,23.935472],[120.701069,23.936608]]]]}},{"type":"Feature","properties":{"n":"光明一路","v":"南投市","w":1.8,"c":1.1,"r":0},"geometry":{"type":"MultiPolygon","coordinates":[[[[120.700583,23.935459],[120.700603,23.935457],[120.699564,23.932705],[120.699554,23.93271],[120.700583,23.935459]]]]}},{"type":"Feature","properties":{"n":"光明一路","v":"南投市","w":6.2,"c":3.5,"r":0},"geometry":{"type":"MultiPolygon","coordinates":[[[[120.700623,23.935456],[120.700636,23.935454],[120.700468,23.934997],[120.700458,23.935],[120.700623,23.935456]]]]}},{"type":"Feature","properties":{"n":"光明一路","v":"南投市","w":1.8,"c":1.1,"r":0},"geometry":{"type":"MultiPolygon","coordinates":[[[[120.699545,23.9327],[120.699571,23.932693],[120.699134,23.931696],[120.699107,23.93172],[120.699547,23.932708],[120.699545,23.9327]]]]}},{"type":"Feature","properties":{"n":"光明一路","v":"南投市","w":1.9,"c":1.1,"r":0},"geometry":{"type":"MultiPolygon","coordinates":[[[[120.700448,23.934995],[120.700466,23.93499],[120.699245,23.931672],[120.699221,23.931696],[120.700448,23.934992],[120.700448,23.934995]]]]}},{"type":"Feature","properties":{"n":"光明一路","v":"南投市","w":1.8,"c":1.1,"r":0},"geometry":{"type":"MultiPolygon","coordinates":[[[[120.69909,23.931674],[120.699122,23.931663],[120.698456,23.930031],[120.698443,23.930049],[120.699089,23.931674],[120.69909,23.931674]]]]}},{"type":"Feature","properties":{"n":"光明一路","v":"南投市","w":1.9,"c":1.1,"r":0},"geometry":{"type":"MultiPolygon","coordinates":[[[[120.699147,23.931665],[120.699186,23.931647],[120.698514,23.930015],[120.698482,23.930021],[120.699147,23.931665]]]]}},{"type":"Feature","properties":{"n":"光明一路","v":"南投市","w":1.8,"c":1.1,"r":0},"geometry":{"type":"MultiPolygon","coordinates":[[[[120.698444,23.930013],[120.698211,23.92958],[120.697808,23.929154],[120.697797,23.929161],[120.698205,23.929584],[120.698432,23.93002],[120.69844,23.930015],[120.698444,23.930013]]]]}},{"type":"Feature","properties":{"n":"光明一路","v":"南投市","w":2,"c":2,"r":0},"geometry":{"type":"MultiPolygon","coordinates":[[[[120.69736,23.941288],[120.697368,23.941271],[120.696783,23.941186],[120.696783,23.941172],[120.696799,23.94117],[120.697389,23.941252],[120.697394,23.94123],[120.696765,23.941148],[120.696744,23.941165],[120.696768,23.941203],[120.69736,23.941288]]]]}},{"type":"Feature","properties":{"n":"光明一路","v":"南投市","w":2,"c":1.5,"r":0},"geometry":{"type":"MultiPolygon","coordinates":[[[[120.697458,23.941341],[120.698562,23.941516],[120.698783,23.941571],[120.699432,23.941835],[120.699919,23.942068],[120.700309,23.942159],[120.700829,23.942214],[120.701037,23.942161],[120.701024,23.942125],[120.700842,23.942178],[120.700341,23.942141],[120.699913,23.942033],[120.698809,23.941547],[120.697465,23.941293],[120.697458,23.941341]]]]}},{"type":"Feature","properties":{"n":"光明一路","v":"南投市","w":2,"c":2,"r":0},"geometry":{"type":"MultiPolygon","coordinates":[[[[120.697462,23.941249],[120.698077,23.94136],[120.69808,23.941336],[120.697475,23.941223],[120.697462,23.941249]]]]}},{"type":"Feature","properties":{"n":"光明一路","v":"南投市","w":2,"c":2,"r":0},"geometry":{"type":"MultiPolygon","coordinates":[[[[120.698101,23.941367],[120.698826,23.941515],[120.69977,23.941937],[120.699796,23.941883],[120.698861,23.941469],[120.698127,23.94133],[120.698101,23.941367]]]]}},{"type":"Feature","properties":{"n":"光明一路","v":"南投市","w":3,"c":1,"r":0},"geometry":{"type":"MultiPolygon","coordinates":[[[[120.699809,23.941957],[120.700361,23.942102],[120.700841,23.942122],[120.701361,23.942016],[120.701876,23.94164],[120.702169,23.941139],[120.702241,23.940835],[120.702262,23.940554],[120.702203,23.940548],[120.702196,23.940835],[120.702124,23.941133],[120.701824,23.941646],[120.701336,23.941986],[120.700848,23.942092],[120.700374,23.942074],[120.699835,23.941911],[120.699809,23.941957]]]]}},{"type":"Feature","properties":{"n":"光明一路","v":"南投市","w":1.2,"c":1.2,"r":0},"geometry":{"type":"MultiPolygon","coordinates":[[[[120.701135,23.942113],[120.701135,23.942134],[120.701418,23.942061],[120.70191,23.94172],[120.702242,23.941217],[120.702353,23.940843],[120.70232,23.940837],[120.702208,23.941209],[120.701895,23.941703],[120.701405,23.942039],[120.701135,23.942113]]]]}},{"type":"Feature","properties":{"n":"光明一路","v":"南投市","w":2,"c":1.5,"r":0},"geometry":{"type":"MultiPolygon","coordinates":[[[[120.702253,23.940474],[120.702113,23.939399],[120.701919,23.938825],[120.701867,23.938849],[120.702054,23.939393],[120.702201,23.940487],[120.702253,23.940474]]]]}},{"type":"Feature","properties":{"n":"光明一路","v":"南投市","w":2,"c":1.3,"r":0},"geometry":{"type":"MultiPolygon","coordinates":[[[[120.702357,23.940759],[120.702374,23.940765],[120.702367,23.940548],[120.702322,23.939907],[120.702196,23.939322],[120.702069,23.938951],[120.70155,23.937629],[120.701392,23.937256],[120.701165,23.936651],[120.701146,23.936682],[120.701333,23.93717],[120.701635,23.93789],[120.701868,23.938502],[120.702064,23.939004],[120.702177,23.939324],[120.702309,23.939941],[120.702342,23.940407],[120.702357,23.940759]]]]}},{"type":"Feature","properties":{"n":"光明一路","v":"南投市","w":2,"c":1.5,"r":0},"geometry":{"type":"MultiPolygon","coordinates":[[[[120.701899,23.938778],[120.701666,23.938299],[120.701627,23.938299],[120.701853,23.938802],[120.701899,23.938778]]]]}},{"type":"Feature","properties":{"n":"光明一路","v":"南投市","w":1.5,"c":1.5,"r":0},"geometry":{"type":"MultiPolygon","coordinates":[[[[120.701254,23.940405],[120.702216,23.940536],[120.7022,23.940522],[120.702171,23.940507],[120.701298,23.940391],[120.701254,23.940405]]]]}},{"type":"Feature","properties":{"n":"光明一路","v":"南投市","w":1.5,"c":1.5,"r":0},"geometry":{"type":"MultiPolygon","coordinates":[[[[120.701313,23.940317],[120.702144,23.940427],[120.702181,23.940419],[120.702194,23.940408],[120.701287,23.940286],[120.701295,23.940303],[120.701313,23.940317]]]]}},{"type":"Feature","properties":{"n":"光明一路","v":"南投市","w":1.5,"c":1.5,"r":0},"geometry":{"type":"MultiPolygon","coordinates":[[[[120.701045,23.93937],[120.701039,23.939384],[120.701042,23.939401],[120.70187,23.938894],[120.701847,23.938886],[120.701829,23.938889],[120.701045,23.93937]]]]}},{"type":"Feature","properties":{"n":"光明一路","v":"南投市","w":1.5,"c":1.5,"r":0},"geometry":{"type":"MultiPolygon","coordinates":[[[[120.700989,23.939303],[120.701799,23.93881],[120.701804,23.938783],[120.701778,23.938793],[120.700969,23.939288],[120.700989,23.939303]]]]}},{"type":"Feature","properties":{"n":"光明二路","v":"南投市","w":2,"c":2,"r":0},"geometry":{"type":"MultiPolygon","coordinates":[[[[120.698069,23.941304],[120.698188,23.940408],[120.698183,23.939655],[120.699652,23.93924],[120.699607,23.939168],[120.698131,23.939607],[120.698129,23.940425],[120.698016,23.941303],[120.698069,23.941304]]]]}},{"type":"Feature","properties":{"n":"光明二路","v":"南投市","w":2.5,"c":2,"r":0},"geometry":{"type":"MultiPolygon","coordinates":[[[[120.698113,23.94131],[120.698099,23.94137],[120.698123,23.94137],[120.698197,23.940937],[120.698171,23.940935],[120.698113,23.94131]]]]}},{"type":"Feature","properties":{"n":"光明二路","v":"南投市","w":3,"c":2,"r":0},"geometry":{"type":"MultiPolygon","coordinates":[[[[120.698179,23.940909],[120.698208,23.940906],[120.698269,23.940402],[120.698234,23.939834],[120.698307,23.939703],[120.698952,23.93952],[120.698944,23.939484],[120.698271,23.939681],[120.698197,23.939822],[120.69823,23.940407],[120.698179,23.940909]]]]}},{"type":"Feature","properties":{"n":"光明二路","v":"南投市","w":2,"c":2,"r":0},"geometry":{"type":"MultiPolygon","coordinates":[[[[120.698962,23.939472],[120.698969,23.939508],[120.699708,23.939311],[120.6997,23.93927],[120.698962,23.939472]]]]}},{"type":"Feature","properties":{"n":"光明二路","v":"南投市","w":2,"c":1.5,"r":0},"geometry":{"type":"MultiPolygon","coordinates":[[[[120.699708,23.939228],[120.701386,23.938676],[120.701425,23.9387],[120.701418,23.93876],[120.699734,23.939282],[120.69976,23.93933],[120.701438,23.938778],[120.701497,23.938659],[120.701406,23.938628],[120.699682,23.939157],[120.699708,23.939228]]]]}},{"type":"Feature","properties":{"n":"光明三路","v":"南投市","w":2,"c":2,"r":0},"geometry":{"type":"MultiPolygon","coordinates":[[[[120.698179,23.940913],[120.698842,23.940944],[120.699058,23.94077],[120.699082,23.940633],[120.698957,23.939539],[120.698923,23.939556],[120.699043,23.940636],[120.699027,23.940746],[120.698832,23.940908],[120.698182,23.94088],[120.698179,23.940913]]]]}},{"type":"Feature","properties":{"n":"光明三路","v":"南投市","w":2,"c":2,"r":0},"geometry":{"type":"MultiPolygon","coordinates":[[[[120.698224,23.940946],[120.698209,23.940958],[120.698739,23.941007],[120.698848,23.940998],[120.698926,23.940965],[120.699004,23.94092],[120.699061,23.94086],[120.699114,23.940781],[120.699132,23.9407],[120.699125,23.94053],[120.699071,23.940079],[120.699015,23.939501],[120.699002,23.939508],[120.699002,23.939546],[120.699117,23.940638],[120.699101,23.94075],[120.699072,23.940817],[120.698996,23.940905],[120.6989,23.940962],[120.698778,23.940996],[120.698547,23.940979],[120.698224,23.940946]]]]}},{"type":"Feature","properties":{"n":"光明四路","v":"南投市","w":1.5,"c":1,"r":0},"geometry":{"type":"MultiPolygon","coordinates":[[[[120.699747,23.941939],[120.699924,23.941456],[120.700016,23.941002],[120.70003,23.940399],[120.699688,23.939281],[120.699616,23.939317],[120.699945,23.940393],[120.699931,23.941002],[120.699865,23.94145],[120.699675,23.941915],[120.699747,23.941939]]]]}},{"type":"Feature","properties":{"n":"光明四路","v":"南投市","w":1.5,"c":1.5,"r":0},"geometry":{"type":"MultiPolygon","coordinates":[[[[120.699677,23.93923],[120.699379,23.938518],[120.699319,23.938542],[120.699625,23.939252],[120.699677,23.93923]]]]}},{"type":"Feature","properties":{"n":"光明四路","v":"南投市","w":1.5,"c":1.5,"r":0},"geometry":{"type":"MultiPolygon","coordinates":[[[[120.699806,23.941949],[120.699843,23.941963],[120.700026,23.941479],[120.700102,23.941011],[120.700061,23.941013],[120.699974,23.941481],[120.699806,23.941949]]]]}},{"type":"Feature","properties":{"n":"光明四路","v":"南投市","w":1.5,"c":1.5,"r":0},"geometry":{"type":"MultiPolygon","coordinates":[[[[120.700065,23.940994],[120.700102,23.940996],[120.700129,23.940427],[120.70008,23.940432],[120.700065,23.940994]]]]}},{"type":"Feature","properties":{"n":"光明四路","v":"南投市","w":1.5,"c":1.5,"r":0},"geometry":{"type":"MultiPolygon","coordinates":[[[[120.700078,23.940415],[120.700138,23.940411],[120.699968,23.939856],[120.699892,23.939873],[120.700078,23.940415]]]]}},{"type":"Feature","properties":{"n":"光明四路","v":"南投市","w":1.5,"c":1,"r":0},"geometry":{"type":"MultiPolygon","coordinates":[[[[120.699893,23.939854],[120.699963,23.939827],[120.699788,23.939242],[120.699715,23.939265],[120.699893,23.939854]]]]}},{"type":"Feature","properties":{"n":"光明四路","v":"南投市","w":1.5,"c":1.5,"r":1},"geometry":{"type":"MultiPolygon","coordinates":[[[[120.699704,23.939225],[120.699774,23.939199],[120.699469,23.938489],[120.699409,23.93851],[120.699704,23.939225]]]]}},{"type":"Feature","properties":{"n":"光明四路","v":"南投市","w":1.5,"c":1.5,"r":0},"geometry":{"type":"MultiPolygon","coordinates":[[[[120.700136,23.940432],[120.700298,23.940378],[120.700539,23.940218],[120.700585,23.940033],[120.700533,23.939859],[120.700364,23.939811],[120.700234,23.939781],[120.699916,23.939858],[120.699922,23.93993],[120.700222,23.939829],[120.700352,23.939847],[120.700475,23.939889],[120.70052,23.939985],[120.700533,23.940074],[120.700494,23.9402],[120.700331,23.940307],[120.70009,23.940372],[120.700136,23.940432]]]]}},{"type":"Feature","properties":{"n":"光明四路","v":"南投市","w":1.5,"c":1.5,"r":0},"geometry":{"type":"MultiPolygon","coordinates":[[[[120.700151,23.940457],[120.700104,23.940464],[120.700114,23.940505],[120.700148,23.9405],[120.700377,23.940412],[120.700614,23.940255],[120.700682,23.940002],[120.700646,23.939815],[120.70054,23.939729],[120.700238,23.939683],[120.699864,23.939771],[120.699887,23.939823],[120.700241,23.939736],[120.700511,23.939786],[120.700591,23.939844],[120.700622,23.940016],[120.700551,23.940248],[120.700351,23.940381],[120.700151,23.940457]]]]}},{"type":"Feature","properties":{"n":"光明五路","v":"南投市","w":1.5,"c":1.2,"r":0},"geometry":{"type":"MultiPolygon","coordinates":[[[[120.700113,23.941039],[120.700104,23.941057],[120.700334,23.941053],[120.700823,23.940958],[120.700875,23.940925],[120.701033,23.941112],[120.701038,23.941205],[120.701126,23.94126],[120.701272,23.941238],[120.701293,23.941145],[120.701275,23.941093],[120.701132,23.941069],[120.70095,23.940868],[120.701185,23.940591],[120.701263,23.940433],[120.701237,23.940421],[120.701159,23.940596],[120.700932,23.940863],[120.701119,23.94109],[120.701155,23.94109],[120.701254,23.941102],[120.701264,23.94115],[120.701256,23.941222],[120.701124,23.941241],[120.701061,23.941195],[120.701059,23.941126],[120.701044,23.941083],[120.700883,23.940897],[120.700802,23.940945],[120.700342,23.94104],[120.700113,23.941039]]]]}},{"type":"Feature","properties":{"n":"光明五路","v":"南投市","w":1.5,"c":1.1,"r":0},"geometry":{"type":"MultiPolygon","coordinates":[[[[120.70011,23.940988],[120.700318,23.940989],[120.700786,23.940888],[120.701053,23.940626],[120.701236,23.940304],[120.701256,23.940035],[120.701217,23.939736],[120.701036,23.939491],[120.700906,23.939365],[120.700289,23.939155],[120.70025,23.939203],[120.7009,23.939401],[120.701178,23.939754],[120.701223,23.940065],[120.70119,23.940322],[120.701033,23.94062],[120.700773,23.940858],[120.700337,23.940965],[120.70009,23.940935],[120.70011,23.940988]]]]}},{"type":"Feature","properties":{"n":"光明五路","v":"南投市","w":1.5,"c":1.5,"r":0},"geometry":{"type":"MultiPolygon","coordinates":[[[[120.701257,23.940321],[120.701298,23.940343],[120.701346,23.940116],[120.701344,23.939898],[120.701271,23.939621],[120.701062,23.939367],[120.701017,23.939386],[120.701061,23.939451],[120.701238,23.939659],[120.701297,23.93991],[120.701296,23.940099],[120.701257,23.940321]]]]}},{"type":"Feature","properties":{"n":"光明五路","v":"南投市","w":1.5,"c":1.5,"r":0},"geometry":{"type":"MultiPolygon","coordinates":[[[[120.700932,23.939357],[120.700963,23.939328],[120.700397,23.939107],[120.700358,23.939134],[120.700932,23.939357]]]]}},{"type":"Feature","properties":{"n":"光明路","v":"南投市","w":2,"c":1.25,"r":0},"geometry":{"type":"MultiPolygon","coordinates":[[[[120.697337,23.939215],[120.697324,23.939251],[120.699359,23.938562],[120.699353,23.938532],[120.697337,23.939215]]]]}},{"type":"Feature","properties":{"n":"光明路","v":"南投市","w":2,"c":1.15,"r":0},"geometry":{"type":"MultiPolygon","coordinates":[[[[120.699419,23.938527],[120.699445,23.938569],[120.700849,23.938136],[120.701655,23.938317],[120.701661,23.938263],[120.70085,23.938065],[120.699419,23.938527]]]]}},{"type":"Feature","properties":{"n":"光明路","v":"南投市","w":2,"c":1.15,"r":3},"geometry":{"type":"MultiPolygon","coordinates":[[[[120.697378,23.939137],[120.700877,23.937998],[120.701321,23.937413],[120.70123,23.937365],[120.700839,23.937926],[120.697288,23.939123],[120.697309,23.939162],[120.697378,23.939137]]]]}},{"type":"Feature","properties":{"n":"光榮東路一街","v":"南投市","w":1,"c":1,"r":0},"geometry":{"type":"MultiPolygon","coordinates":[[[[120.696946,23.947861],[120.696974,23.947863],[120.697013,23.947854],[120.697089,23.947816],[120.697224,23.947711],[120.69749,23.947527],[120.697604,23.947463],[120.697695,23.94742],[120.698026,23.947304],[120.698156,23.947275],[120.698421,23.947228],[120.698621,23.947181],[120.698811,23.947126],[120.698975,23.947057],[120.69909,23.946981],[120.699197,23.946869],[120.699288,23.94674],[120.699296,23.946711],[120.699283,23.946709],[120.699249,23.946771],[120.699178,23.946869],[120.699098,23.946952],[120.69897,23.94704],[120.698804,23.947117],[120.698099,23.947273],[120.698026,23.947285],[120.69775,23.94738],[120.697563,23.947468],[120.697412,23.947553],[120.697045,23.947811],[120.696951,23.947858],[120.696946,23.947861]]]]}},{"type":"Feature","properties":{"n":"光榮東路一街","v":"南投市","w":1,"c":1,"r":0},"geometry":{"type":"MultiPolygon","coordinates":[[[[120.697053,23.947947],[120.69705,23.947974],[120.697118,23.947938],[120.697232,23.947838],[120.697605,23.947585],[120.697732,23.947526],[120.698037,23.947407],[120.698515,23.947317],[120.698801,23.947246],[120.699033,23.947156],[120.699017,23.947146],[120.69882,23.947217],[120.69856,23.947286],[120.698393,23.947324],[120.69813,23.947369],[120.698019,23.947393],[120.697688,23.947523],[120.697519,23.947618],[120.697274,23.94778],[120.6971,23.947912],[120.697053,23.947947]]]]}},{"type":"Feature","properties":{"n":"光榮東路二街","v":"南投市","w":1.5,"c":1.5,"r":0},"geometry":{"type":"MultiPolygon","coordinates":[[[[120.700158,23.94525],[120.700686,23.944286],[120.700764,23.944098],[120.700887,23.94372],[120.701071,23.942708],[120.70108,23.942438],[120.70107,23.942206],[120.701054,23.942168],[120.701047,23.942161],[120.701054,23.942218],[120.701048,23.942705],[120.700932,23.943369],[120.700861,23.943713],[120.700775,23.943983],[120.700652,23.944281],[120.700396,23.944749],[120.700135,23.945241],[120.700158,23.94525]]]]}},{"type":"Feature","properties":{"n":"光榮東路二街","v":"南投市","w":1.5,"c":1.5,"r":2},"geometry":{"type":"MultiPolygon","coordinates":[[[[120.700134,23.945244],[120.700155,23.945251],[120.700549,23.944542],[120.700656,23.944339],[120.700734,23.944172],[120.7008,23.943995],[120.700889,23.943718],[120.700899,23.943637],[120.700871,23.943635],[120.700821,23.943821],[120.70075,23.944038],[120.700653,23.944282],[120.700484,23.944587],[120.700137,23.945234],[120.700134,23.945244]]]]}},{"type":"Feature","properties":{"n":"光榮西路","v":"南投市","w":1.5,"c":0.6,"r":0},"geometry":{"type":"MultiPolygon","coordinates":[[[[120.695644,23.944131],[120.695633,23.94414],[120.696121,23.944543],[120.696134,23.944531],[120.695644,23.944131]]]]}},{"type":"Feature","properties":{"n":"光榮西路","v":"南投市","w":1.5,"c":1.5,"r":0},"geometry":{"type":"MultiPolygon","coordinates":[[[[120.695699,23.944106],[120.695683,23.94412],[120.696143,23.944513],[120.696316,23.944642],[120.696329,23.944618],[120.696174,23.944511],[120.695699,23.944106]]]]}},{"type":"Feature","properties":{"n":"光榮西路","v":"南投市","w":1.5,"c":0.6,"r":0},"geometry":{"type":"MultiPolygon","coordinates":[[[[120.696138,23.944544],[120.696128,23.944556],[120.696304,23.944661],[120.697039,23.945243],[120.697049,23.945228],[120.696312,23.944658],[120.696138,23.944544]]]]}},{"type":"Feature","properties":{"n":"光榮西路","v":"南投市","w":1.5,"c":1.5,"r":0},"geometry":{"type":"MultiPolygon","coordinates":[[[[120.696333,23.94465],[120.697062,23.945226],[120.69734,23.945405],[120.697342,23.945398],[120.69707,23.945219],[120.696338,23.944639],[120.696333,23.94465]]]]}},{"type":"Feature","properties":{"n":"光榮東路","v":"南投市","w":1.5,"c":1.5,"r":0},"geometry":{"type":"MultiPolygon","coordinates":[[[[120.697062,23.945244],[120.697052,23.945257],[120.697322,23.945427],[120.698432,23.946277],[120.698622,23.946402],[120.699294,23.946652],[120.699302,23.946639],[120.698632,23.94639],[120.698443,23.946266],[120.69734,23.945424],[120.697062,23.945244]]]]}},{"type":"Feature","properties":{"n":"光榮東路","v":"南投市","w":1.5,"c":1.5,"r":0},"geometry":{"type":"MultiPolygon","coordinates":[[[[120.697349,23.945415],[120.698447,23.946243],[120.698455,23.946231],[120.697355,23.945407],[120.697349,23.945415]]]]}},{"type":"Feature","properties":{"n":"光榮東路","v":"南投市","w":1.5,"c":1.5,"r":0},"geometry":{"type":"MultiPolygon","coordinates":[[[[120.698468,23.946258],[120.698657,23.946379],[120.699327,23.946626],[120.699337,23.946614],[120.69867,23.946374],[120.698473,23.946245],[120.698473,23.946249],[120.698468,23.946258]]]]}},{"type":"Feature","properties":{"n":"光榮東路","v":"南投市","w":1.5,"c":1.5,"r":0},"geometry":{"type":"MultiPolygon","coordinates":[[[[120.699384,23.946677],[120.699376,23.946687],[120.700138,23.947009],[120.700508,23.947361],[120.700716,23.947693],[120.700731,23.947691],[120.700516,23.947356],[120.700151,23.947005],[120.699384,23.946677]]]]}},{"type":"Feature","properties":{"n":"光榮東路","v":"南投市","w":1.5,"c":1.5,"r":0},"geometry":{"type":"MultiPolygon","coordinates":[[[[120.699395,23.946655],[120.700161,23.946987],[120.700534,23.947347],[120.700734,23.947683],[120.700742,23.947683],[120.700547,23.947351],[120.700177,23.946984],[120.699405,23.946641],[120.699395,23.946655]]]]}},{"type":"Feature","properties":{"n":"光榮西路一街","v":"南投市","w":1.5,"c":1.5,"r":0},"geometry":{"type":"MultiPolygon","coordinates":[[[[120.696357,23.944626],[120.696383,23.944644],[120.696612,23.944292],[120.697035,23.943952],[120.697731,23.943685],[120.697984,23.943685],[120.698432,23.943883],[120.698614,23.943997],[120.69864,23.943973],[120.698439,23.94386],[120.697991,23.943668],[120.697744,23.943667],[120.697041,23.94394],[120.696605,23.94428],[120.696357,23.944626]]]]}},{"type":"Feature","properties":{"n":"光榮南路一街","v":"南投市","w":1.5,"c":1.5,"r":0},"geometry":{"type":"MultiPolygon","coordinates":[[[[120.697738,23.945],[120.697725,23.945014],[120.698582,23.945535],[120.69864,23.945702],[120.698437,23.946216],[120.69845,23.946216],[120.698653,23.945708],[120.698595,23.945523],[120.697738,23.945]]]]}},{"type":"Feature","properties":{"n":"光榮南路一街","v":"南投市","w":1.5,"c":1.5,"r":0},"geometry":{"type":"MultiPolygon","coordinates":[[[[120.698473,23.946234],[120.698488,23.946239],[120.698682,23.94569],[120.698623,23.945499],[120.697759,23.944955],[120.69775,23.944974],[120.698612,23.945516],[120.698669,23.945692],[120.698475,23.946232],[120.698473,23.946234]]]]}},{"type":"Feature","properties":{"n":"光榮南路","v":"南投市","w":1.5,"c":1.5,"r":0},"geometry":{"type":"MultiPolygon","coordinates":[[[[120.697344,23.945392],[120.698542,23.944092],[120.698897,23.943715],[120.698884,23.943715],[120.697336,23.945382],[120.697344,23.945392]]]]}},{"type":"Feature","properties":{"n":"光榮南路","v":"南投市","w":1.5,"c":1.5,"r":0},"geometry":{"type":"MultiPolygon","coordinates":[[[[120.697359,23.945398],[120.697372,23.945406],[120.698907,23.943743],[120.698896,23.943734],[120.698542,23.944117],[120.697359,23.945398]]]]}},{"type":"Feature","properties":{"n":"光榮北路四街","v":"南投市","w":1,"c":1,"r":0},"geometry":{"type":"MultiPolygon","coordinates":[[[[120.6956,23.946898],[120.695586,23.946912],[120.697566,23.948517],[120.697592,23.948492],[120.6956,23.946898]]]]}},{"type":"Feature","properties":{"n":"營北路","v":"南投市","w":3,"c":1.4,"r":6},"geometry":{"type":"MultiPolygon","coordinates":[[[[120.68677,23.955359],[120.686533,23.955254],[120.686351,23.955184],[120.685756,23.955047],[120.684951,23.954794],[120.684894,23.954818],[120.684551,23.95567],[120.684543,23.955699],[120.684554,23.955706],[120.684907,23.954842],[120.684954,23.954821],[120.685775,23.955076],[120.686372,23.955213],[120.686757,23.955374],[120.68677,23.955359]]]]}},{"type":"Feature","properties":{"n":"營北路","v":"南投市","w":3,"c":1.2,"r":0},"geometry":{"type":"MultiPolygon","coordinates":[[[[120.686271,23.95499],[120.686284,23.955018],[120.686344,23.955024],[120.686635,23.955134],[120.686853,23.955208],[120.686882,23.955207],[120.686892,23.9552],[120.686279,23.954982],[120.686271,23.95499]]]]}},{"type":"Feature","properties":{"n":"營北路","v":"南投市","w":3,"c":1.4,"r":4},"geometry":{"type":"MultiPolygon","coordinates":[[[[120.684779,23.954714],[120.684695,23.954625],[120.68462,23.954496],[120.684578,23.954343],[120.684555,23.954204],[120.684559,23.954075],[120.684599,23.953843],[120.684651,23.953652],[120.684659,23.953593],[120.684649,23.953581],[120.68461,23.953748],[120.684541,23.95408],[120.684539,23.954204],[120.684566,23.954357],[120.684602,23.954496],[120.68469,23.954651],[120.684767,23.954719],[120.684779,23.954714]]]]}},{"type":"Feature","properties":{"n":"營北路","v":"南投市","w":3,"c":1.2,"r":0},"geometry":{"type":"MultiPolygon","coordinates":[[[[120.686228,23.954996],[120.68588,23.954895],[120.684934,23.954609],[120.684849,23.954528],[120.68481,23.954442],[120.684758,23.954296],[120.68472,23.954081],[120.68484,23.953618],[120.684814,23.953613],[120.6847,23.954071],[120.684703,23.95415],[120.684744,23.954348],[120.684827,23.954537],[120.684884,23.954597],[120.684925,23.954631],[120.68511,23.954693],[120.685515,23.954813],[120.6862,23.955005],[120.686228,23.954996]]]]}},{"type":"Feature","properties":{"n":"營北路","v":"南投市","w":3,"c":0.6,"r":2},"geometry":{"type":"MultiPolygon","coordinates":[[[[120.684691,23.953436],[120.684727,23.953426],[120.685134,23.952717],[120.685426,23.952194],[120.685492,23.952058],[120.68591,23.950936],[120.685889,23.950924],[120.685466,23.952058],[120.685123,23.952695],[120.684695,23.953425],[120.684691,23.953436]]]]}},{"type":"Feature","properties":{"n":"營北路","v":"南投市","w":3,"c":0.8,"r":2},"geometry":{"type":"MultiPolygon","coordinates":[[[[120.684862,23.953488],[120.68489,23.953499],[120.68566,23.952133],[120.6861,23.950978],[120.686071,23.950971],[120.685611,23.952176],[120.685185,23.952892],[120.684862,23.953488]]]]}},{"type":"Feature","properties":{"n":"營北路","v":"南投市","w":3,"c":1.4,"r":2},"geometry":{"type":"MultiPolygon","coordinates":[[[[120.685969,23.950797],[120.68616,23.950271],[120.686153,23.950257],[120.685946,23.950785],[120.685969,23.950797]]]]}},{"type":"Feature","properties":{"n":"營北路","v":"南投市","w":3,"c":1.2,"r":2},"geometry":{"type":"MultiPolygon","coordinates":[[[[120.68611,23.950836],[120.686133,23.950847],[120.686326,23.950337],[120.6863,23.950336],[120.68611,23.950836]]]]}},{"type":"Feature","properties":{"n":"營北路","v":"南投市","w":3,"c":1.4,"r":2},"geometry":{"type":"MultiPolygon","coordinates":[[[[120.686184,23.950129],[120.686217,23.950113],[120.686406,23.949643],[120.686395,23.949614],[120.686194,23.950104],[120.686184,23.950129]]]]}},{"type":"Feature","properties":{"n":"營北路","v":"南投市","w":3,"c":1.2,"r":2},"geometry":{"type":"MultiPolygon","coordinates":[[[[120.686368,23.950216],[120.686567,23.949688],[120.686546,23.949681],[120.686345,23.950204],[120.686368,23.950216]]]]}},{"type":"Feature","properties":{"n":"營北路","v":"南投市","w":3,"c":1.4,"r":0},"geometry":{"type":"MultiPolygon","coordinates":[[[[120.686457,23.949484],[120.686566,23.949296],[120.686765,23.949019],[120.686752,23.948995],[120.686567,23.949255],[120.686439,23.949467],[120.686431,23.949489],[120.686457,23.949484]]]]}},{"type":"Feature","properties":{"n":"營北路","v":"南投市","w":3,"c":1.2,"r":2},"geometry":{"type":"MultiPolygon","coordinates":[[[[120.686904,23.949064],[120.686893,23.949052],[120.68658,23.949564],[120.68659,23.949583],[120.686904,23.949064]]]]}},{"type":"Feature","properties":{"n":"營北路","v":"南投市","w":3,"c":0.9,"r":2},"geometry":{"type":"MultiPolygon","coordinates":[[[[120.686839,23.9489],[120.687227,23.94839],[120.687217,23.948366],[120.686821,23.948891],[120.686839,23.9489]]]]}},{"type":"Feature","properties":{"n":"營北路","v":"南投市","w":3,"c":1.2,"r":0},"geometry":{"type":"MultiPolygon","coordinates":[[[[120.68697,23.948994],[120.687346,23.948489],[120.687301,23.948505],[120.686962,23.948961],[120.686962,23.948978],[120.68697,23.948994]]]]}},{"type":"Feature","properties":{"n":"營北路","v":"南投市","w":3,"c":1.8,"r":2},"geometry":{"type":"MultiPolygon","coordinates":[[[[120.687307,23.948275],[120.68762,23.947862],[120.687605,23.947841],[120.687284,23.94827],[120.687307,23.948275]]]]}},{"type":"Feature","properties":{"n":"營北路","v":"南投市","w":3,"c":1.2,"r":2},"geometry":{"type":"MultiPolygon","coordinates":[[[[120.687757,23.947954],[120.687739,23.947947],[120.687437,23.948352],[120.687436,23.948387],[120.687757,23.947954]]]]}},{"type":"Feature","properties":{"n":"營北路","v":"南投市","w":3,"c":1.8,"r":0},"geometry":{"type":"MultiPolygon","coordinates":[[[[120.687803,23.947845],[120.687816,23.947857],[120.688152,23.947403],[120.688136,23.947389],[120.687803,23.947845]]]]}},{"type":"Feature","properties":{"n":"營北路","v":"南投市","w":3,"c":1.2,"r":0},"geometry":{"type":"MultiPolygon","coordinates":[[[[120.688031,23.947311],[120.688016,23.947297],[120.687674,23.947755],[120.6877,23.947762],[120.688031,23.947311]]]]}},{"type":"Feature","properties":{"n":"營北路","v":"南投市","w":3,"c":1.2,"r":2},"geometry":{"type":"MultiPolygon","coordinates":[[[[120.688102,23.947219],[120.688118,23.947224],[120.688402,23.946851],[120.688608,23.946536],[120.688736,23.946303],[120.689029,23.945711],[120.689149,23.945505],[120.689342,23.945214],[120.689332,23.945202],[120.689133,23.945498],[120.689016,23.945694],[120.688749,23.946233],[120.688585,23.946532],[120.688405,23.946808],[120.688102,23.947219]]]]}},{"type":"Feature","properties":{"n":"營北路","v":"南投市","w":3,"c":1.2,"r":0},"geometry":{"type":"MultiPolygon","coordinates":[[[[120.688232,23.947308],[120.688592,23.946819],[120.68885,23.946401],[120.689101,23.945876],[120.689294,23.945544],[120.689471,23.945277],[120.689453,23.945267],[120.689192,23.94568],[120.68908,23.945876],[120.688829,23.946391],[120.688349,23.947124],[120.688219,23.947298],[120.688232,23.947308]]]]}},{"type":"Feature","properties":{"n":"仁德路","v":"南投市","w":2.9,"c":2.32,"r":0},"geometry":{"type":"MultiPolygon","coordinates":[[[[120.688706,23.944613],[120.689633,23.943652],[120.689608,23.94363],[120.688682,23.944599],[120.688706,23.944613]]]]}},{"type":"Feature","properties":{"n":"仁德路","v":"南投市","w":3,"c":1.7,"r":0},"geometry":{"type":"MultiPolygon","coordinates":[[[[120.688715,23.944627],[120.68873,23.944637],[120.689838,23.943495],[120.689825,23.943483],[120.688715,23.944627]]]]}},{"type":"Feature","properties":{"n":"仁德路","v":"南投市","w":2.4,"c":1.2,"r":0},"geometry":{"type":"MultiPolygon","coordinates":[[[[120.689637,23.943654],[120.689645,23.943635],[120.689325,23.943388],[120.689362,23.943348],[120.689681,23.943604],[120.689697,23.943587],[120.689354,23.943312],[120.689284,23.943386],[120.689637,23.943654]]]]}},{"type":"Feature","properties":{"n":"仁德路","v":"南投市","w":3,"c":1.7,"r":0},"geometry":{"type":"MultiPolygon","coordinates":[[[[120.689834,23.943497],[120.689824,23.943483],[120.689701,23.943607],[120.689714,23.943617],[120.689834,23.943497]]]]}},{"type":"Feature","properties":{"n":"仁德路","v":"南投市","w":3,"c":1.5,"r":0},"geometry":{"type":"MultiPolygon","coordinates":[[[[120.689584,23.943703],[120.689332,23.943492],[120.689295,23.943535],[120.689552,23.943738],[120.689562,23.943724],[120.689321,23.943535],[120.689339,23.943521],[120.689573,23.943714],[120.689584,23.943703]]]]}},{"type":"Feature","properties":{"n":"仁德路","v":"南投市","w":2.75,"c":1.85,"r":0},"geometry":{"type":"MultiPolygon","coordinates":[[[[120.689838,23.943469],[120.689851,23.943482],[120.689981,23.943343],[120.689966,23.943334],[120.689838,23.943469]]]]}},{"type":"Feature","properties":{"n":"仁德路","v":"南投市","w":2.94,"c":2.04,"r":0},"geometry":{"type":"MultiPolygon","coordinates":[[[[120.69014,23.943166],[120.690174,23.943145],[120.689808,23.94285],[120.689821,23.942831],[120.690184,23.943133],[120.6902,23.943119],[120.689821,23.942815],[120.689787,23.942853],[120.690132,23.943152],[120.69014,23.943166]]]]}},{"type":"Feature","properties":{"n":"仁德路","v":"南投市","w":1.25,"c":0.55,"r":0},"geometry":{"type":"MultiPolygon","coordinates":[[[[120.690189,23.94315],[120.690202,23.943168],[120.69071,23.942711],[120.691231,23.942313],[120.691376,23.942256],[120.691563,23.942214],[120.691914,23.942174],[120.692172,23.942213],[120.69218,23.942194],[120.691909,23.942157],[120.691577,23.942183],[120.691363,23.942237],[120.691223,23.942292],[120.690712,23.942683],[120.690189,23.94315]]]]}},{"type":"Feature","properties":{"n":"仁德路","v":"南投市","w":2.7,"c":1.7,"r":0},"geometry":{"type":"MultiPolygon","coordinates":[[[[120.690143,23.943168],[120.69013,23.943163],[120.689955,23.943301],[120.689692,23.943573],[120.6897,23.943583],[120.689958,23.943316],[120.690143,23.943168]]]]}},{"type":"Feature","properties":{"n":"仁德路","v":"南投市","w":2.75,"c":1.85,"r":0},"geometry":{"type":"MultiPolygon","coordinates":[[[[120.690192,23.943129],[120.690692,23.942688],[120.690671,23.942673],[120.690187,23.943107],[120.690192,23.943129]]]]}},{"type":"Feature","properties":{"n":"仁德路","v":"南投市","w":2.95,"c":2.05,"r":0},"geometry":{"type":"MultiPolygon","coordinates":[[[[120.6907,23.942659],[120.691104,23.942337],[120.691188,23.942277],[120.691377,23.942218],[120.691546,23.942177],[120.691533,23.942161],[120.691195,23.942258],[120.69101,23.942392],[120.690685,23.942651],[120.6907,23.942659]]]]}},{"type":"Feature","properties":{"n":"仁德路","v":"南投市","w":2.4,"c":1.3,"r":0},"geometry":{"type":"MultiPolygon","coordinates":[[[[120.691572,23.942172],[120.691905,23.942134],[120.692191,23.942174],[120.692364,23.942243],[120.692632,23.942426],[120.692645,23.942417],[120.692378,23.942235],[120.692188,23.942158],[120.69191,23.942119],[120.691551,23.942152],[120.691572,23.942172]]]]}},{"type":"Feature","properties":{"n":"仁德路","v":"南投市","w":3.1,"c":2.1,"r":0},"geometry":{"type":"MultiPolygon","coordinates":[[[[120.69219,23.942199],[120.69219,23.942219],[120.692362,23.942274],[120.692624,23.942454],[120.692761,23.942567],[120.692769,23.942548],[120.69264,23.942447],[120.692359,23.942255],[120.69219,23.942199]]]]}},{"type":"Feature","properties":{"n":"仁德路","v":"南投市","w":2.67,"c":2.27,"r":0},"geometry":{"type":"MultiPolygon","coordinates":[[[[120.69265,23.942434],[120.69321,23.942875],[120.693221,23.942864],[120.692663,23.942423],[120.69265,23.942434]]]]}},{"type":"Feature","properties":{"n":"仁德路","v":"南投市","w":2.95,"c":2.05,"r":0},"geometry":{"type":"MultiPolygon","coordinates":[[[[120.692765,23.942571],[120.693691,23.94329],[120.693699,23.943275],[120.692775,23.942559],[120.692765,23.942571]]]]}},{"type":"Feature","properties":{"n":"仁德路","v":"南投市","w":2.83,"c":2.03,"r":0},"geometry":{"type":"MultiPolygon","coordinates":[[[[120.693217,23.942886],[120.69454,23.943919],[120.694548,23.943912],[120.693225,23.942873],[120.693217,23.942886]]]]}},{"type":"Feature","properties":{"n":"仁德路","v":"南投市","w":3.12,"c":2.1,"r":0},"geometry":{"type":"MultiPolygon","coordinates":[[[[120.693699,23.943307],[120.695193,23.944455],[120.695201,23.944445],[120.693709,23.943293],[120.693699,23.943307]]]]}},{"type":"Feature","properties":{"n":"仁德路","v":"南投市","w":3.02,"c":1.7,"r":0},"geometry":{"type":"MultiPolygon","coordinates":[[[[120.694553,23.94393],[120.695212,23.944434],[120.695217,23.944422],[120.694561,23.943919],[120.694553,23.94393]]]]}},{"type":"Feature","properties":{"n":"中興路","v":"南投市","w":6.8,"c":5.4,"r":0},"geometry":{"type":"MultiPolygon","coordinates":[[[[120.696887,23.93858],[120.696861,23.938614],[120.69699,23.938772],[120.697073,23.938913],[120.697172,23.939123],[120.697185,23.939106],[120.697192,23.939066],[120.697104,23.938882],[120.697027,23.938748],[120.696887,23.93858]]]]}},{"type":"Feature","properties":{"n":"中興路","v":"南投市","w":5.2,"c":3.85,"r":0},"geometry":{"type":"MultiPolygon","coordinates":[[[[120.696869,23.938479],[120.69656,23.93812],[120.696545,23.938132],[120.696858,23.938494],[120.696869,23.938479]]]]}},{"type":"Feature","properties":{"n":"中興路","v":"南投市","w":5.2,"c":3.75,"r":0},"geometry":{"type":"MultiPolygon","coordinates":[[[[120.696095,23.937776],[120.696084,23.937791],[120.696536,23.938128],[120.696549,23.938112],[120.696095,23.937776]]]]}},{"type":"Feature","properties":{"n":"中興路","v":"南投市","w":5.2,"c":3.6,"r":0},"geometry":{"type":"MultiPolygon","coordinates":[[[[120.695545,23.937431],[120.695542,23.937448],[120.696074,23.937784],[120.69609,23.937765],[120.695545,23.937431]]]]}},{"type":"Feature","properties":{"n":"中興路","v":"南投市","w":2.5,"c":2.1,"r":0},"geometry":{"type":"MultiPolygon","coordinates":[[[[120.694913,23.937138],[120.695476,23.9375],[120.695494,23.937467],[120.694941,23.937093],[120.694913,23.937138]]]]}},{"type":"Feature","properties":{"n":"中興路","v":"南投市","w":5.2,"c":3.35,"r":0},"geometry":{"type":"MultiPolygon","coordinates":[[[[120.6944,23.936791],[120.694843,23.937089],[120.694872,23.937051],[120.694426,23.936761],[120.6944,23.936791]]]]}},{"type":"Feature","properties":{"n":"中興路182巷","v":"南投市","w":5.2,"c":2.8,"r":0},"geometry":{"type":"MultiPolygon","coordinates":[[[[120.6944,23.936796],[120.694378,23.93679],[120.694148,23.937091],[120.694164,23.93711],[120.6944,23.936796]]]]}},{"type":"Feature","properties":{"n":"中興路58巷","v":"南投市","w":1.6,"c":1.6,"r":0},"geometry":{"type":"MultiPolygon","coordinates":[[[[120.696275,23.939207],[120.696476,23.938966],[120.696455,23.938954],[120.69626,23.939195],[120.696275,23.939207]]]]}},{"type":"Feature","properties":{"n":"中興路58巷","v":"南投市","w":1.6,"c":1.6,"r":0},"geometry":{"type":"MultiPolygon","coordinates":[[[[120.695962,23.93902],[120.695995,23.939051],[120.696255,23.939214],[120.696278,23.939209],[120.695977,23.939003],[120.695962,23.93902]]]]}},{"type":"Feature","properties":{"n":"中興路74巷","v":"南投市","w":1.6,"c":1.6,"r":0},"geometry":{"type":"MultiPolygon","coordinates":[[[[120.696147,23.938754],[120.695954,23.938995],[120.695959,23.939024],[120.696157,23.938774],[120.696147,23.938754]]]]}},{"type":"Feature","properties":{"n":"中興路146巷","v":"南投市","w":2,"c":2,"r":0},"geometry":{"type":"MultiPolygon","coordinates":[[[[120.694842,23.938569],[120.69365,23.93779],[120.693625,23.937785],[120.693604,23.937792],[120.69484,23.938593],[120.694842,23.938569]]]]}},{"type":"Feature","properties":{"n":"中興路146巷","v":"南投市","w":2,"c":2,"r":0},"geometry":{"type":"MultiPolygon","coordinates":[[[[120.694906,23.938459],[120.694917,23.938459],[120.694294,23.938042],[120.694299,23.938073],[120.694862,23.938452],[120.694906,23.938459]]]]}},{"type":"Feature","properties":{"n":"中興路146巷","v":"南投市","w":2,"c":2,"r":0},"geometry":{"type":"MultiPolygon","coordinates":[[[[120.693741,23.937687],[120.693746,23.937713],[120.694177,23.937988],[120.694214,23.937984],[120.693746,23.937679],[120.693741,23.937687]]]]}},{"type":"Feature","properties":{"n":"中興路182巷","v":"南投市","w":2,"c":2,"r":0},"geometry":{"type":"MultiPolygon","coordinates":[[[[120.69411,23.937194],[120.694076,23.937204],[120.69374,23.937635],[120.693732,23.937686],[120.69411,23.937194]]]]}},{"type":"Feature","properties":{"n":"中興路182巷","v":"南投市","w":2,"c":2,"r":0},"geometry":{"type":"MultiPolygon","coordinates":[[[[120.693868,23.937275],[120.693888,23.937294],[120.694162,23.936943],[120.694152,23.936929],[120.694144,23.936934],[120.693868,23.937275]]]]}},{"type":"Feature","properties":{"n":"中興路178巷","v":"南投市","w":1.6,"c":1.6,"r":0},"geometry":{"type":"MultiPolygon","coordinates":[[[[120.694306,23.937313],[120.694291,23.937324],[120.694542,23.937507],[120.69454,23.937478],[120.694459,23.937413],[120.694306,23.937313]]]]}},{"type":"Feature","properties":{"n":"中興路178巷","v":"南投市","w":1.6,"c":1.6,"r":0},"geometry":{"type":"MultiPolygon","coordinates":[[[[120.694532,23.937499],[120.694521,23.937507],[120.694485,23.937617],[120.694386,23.937745],[120.694396,23.937757],[120.6945,23.937624],[120.694516,23.937595],[120.694532,23.937499]]]]}},{"type":"Feature","properties":{"n":"中興路","v":"南投市","w":3,"c":3,"r":0},"geometry":{"type":"MultiPolygon","coordinates":[[[[120.694389,23.934393],[120.694367,23.934443],[120.694386,23.93451],[120.694507,23.935022],[120.694554,23.93501],[120.694389,23.934393]]]]}},{"type":"Feature","properties":{"n":"中興路","v":"南投市","w":3,"c":1.2,"r":2},"geometry":{"type":"MultiPolygon","coordinates":[[[[120.692867,23.929807],[120.692825,23.929793],[120.692142,23.928214],[120.692121,23.928124],[120.692103,23.928159],[120.692188,23.928391],[120.692643,23.929434],[120.692791,23.929766],[120.692814,23.929807],[120.692867,23.929807]]]]}},{"type":"Feature","properties":{"n":"中興路","v":"南投市","w":3,"c":3,"r":2},"geometry":{"type":"MultiPolygon","coordinates":[[[[120.694123,23.933252],[120.694074,23.933051],[120.694054,23.932989],[120.694017,23.933001],[120.694096,23.933261],[120.694123,23.933252]]]]}},{"type":"Feature","properties":{"n":"中興路","v":"南投市","w":4,"c":3,"r":2},"geometry":{"type":"MultiPolygon","coordinates":[[[[120.692909,23.930012],[120.692869,23.93005],[120.693071,23.930525],[120.693834,23.932278],[120.693973,23.932873],[120.694014,23.932867],[120.69396,23.932637],[120.693937,23.932491],[120.693863,23.932164],[120.693384,23.931125],[120.692909,23.930012]]]]}},{"type":"Feature","properties":{"n":"中興路","v":"南投市","w":3,"c":1.3,"r":0},"geometry":{"type":"MultiPolygon","coordinates":[[[[120.69438,23.934265],[120.694168,23.933378],[120.694131,23.933387],[120.694352,23.934273],[120.69438,23.934265]]]]}},{"type":"Feature","properties":{"n":"中興路","v":"南投市","w":4,"c":2.45,"r":6},"geometry":{"type":"MultiPolygon","coordinates":[[[[120.691137,23.903225],[120.691097,23.903234],[120.690966,23.903878],[120.69101,23.903884],[120.691137,23.903225]]]]}},{"type":"Feature","properties":{"n":"中興路","v":"南投市","w":14,"c":2.3,"r":3},"geometry":{"type":"MultiPolygon","coordinates":[[[[120.687216,23.902539],[120.688161,23.902697],[120.688177,23.902676],[120.687223,23.902513],[120.687216,23.902539]]]]}},{"type":"Feature","properties":{"n":"中興路","v":"南投市","w":4,"c":1.2,"r":3},"geometry":{"type":"MultiPolygon","coordinates":[[[[120.690162,23.901631],[120.690185,23.901679],[120.690205,23.901681],[120.690849,23.901959],[120.691293,23.902206],[120.691324,23.90221],[120.691337,23.902196],[120.690878,23.901937],[120.690621,23.901832],[120.690162,23.901631]]]]}},{"type":"Feature","properties":{"n":"環山路","v":"南投市","w":1.6,"c":1.6,"r":0},"geometry":{"type":"MultiPolygon","coordinates":[[[[120.700732,23.947707],[120.700722,23.947698],[120.700441,23.947829],[120.700451,23.947841],[120.700732,23.947707]]]]}},{"type":"Feature","properties":{"n":"環山路","v":"南投市","w":1.6,"c":1.6,"r":0},"geometry":{"type":"MultiPolygon","coordinates":[[[[120.700421,23.947799],[120.700428,23.94782],[120.700704,23.947692],[120.700694,23.947677],[120.700421,23.947799]]]]}},{"type":"Feature","properties":{"n":"環山路","v":"南投市","w":1.5,"c":1.5,"r":0},"geometry":{"type":"MultiPolygon","coordinates":[[[[120.695098,23.952002],[120.694848,23.952121],[120.694858,23.952138],[120.695108,23.952014],[120.695098,23.952002]]]]}},{"type":"Feature","properties":{"n":"南陽路","v":"南投市","w":7.8,"c":1,"r":0},"geometry":{"type":"MultiPolygon","coordinates":[[[[120.690454,23.907041],[120.690431,23.907041],[120.689594,23.909219],[120.68962,23.909231],[120.690454,23.907041]]]]}},{"type":"Feature","properties":{"n":"南陽路","v":"南投市","w":4.3,"c":3.6,"r":2},"geometry":{"type":"MultiPolygon","coordinates":[[[[120.688438,23.911911],[120.688459,23.911939],[120.688689,23.911433],[120.688932,23.91093],[120.689094,23.910548],[120.689086,23.910531],[120.688444,23.911882],[120.688438,23.911911]]]]}},{"type":"Feature","properties":{"n":"南陽路","v":"南投市","w":4.3,"c":3.6,"r":2},"geometry":{"type":"MultiPolygon","coordinates":[[[[120.688192,23.912608],[120.688205,23.912617],[120.68843,23.912004],[120.688389,23.912004],[120.688363,23.912054],[120.688177,23.912569],[120.688192,23.912608]]]]}},{"type":"Feature","properties":{"n":"南崗一路","v":"南投市","w":4.9,"c":3.7,"r":1},"geometry":{"type":"MultiPolygon","coordinates":[[[[120.683991,23.900555],[120.684009,23.900558],[120.68405,23.900543],[120.684191,23.900403],[120.684204,23.900376],[120.684207,23.900336],[120.683991,23.900555]]]]}},{"type":"Feature","properties":{"n":"南崗一路","v":"南投市","w":5.8,"c":3,"r":0},"geometry":{"type":"MultiPolygon","coordinates":[[[[120.684317,23.900418],[120.683275,23.901544],[120.683283,23.901561],[120.684328,23.900433],[120.684317,23.900418]]]]}},{"type":"Feature","properties":{"n":"南崗一路","v":"南投市","w":3.7,"c":2.4,"r":0},"geometry":{"type":"MultiPolygon","coordinates":[[[[120.682818,23.901841],[120.682839,23.901851],[120.682857,23.901843],[120.682875,23.901826],[120.68305,23.901614],[120.683373,23.901237],[120.683925,23.900672],[120.683946,23.900636],[120.683923,23.900627],[120.683503,23.901046],[120.68317,23.901421],[120.682818,23.901841]]]]}},{"type":"Feature","properties":{"n":"南崗一路","v":"南投市","w":5.7,"c":3,"r":2},"geometry":{"type":"MultiPolygon","coordinates":[[[[120.681995,23.903377],[120.681993,23.903399],[120.682006,23.903415],[120.683364,23.901645],[120.683354,23.901636],[120.683328,23.901638],[120.68272,23.902413],[120.681995,23.903377]]]]}},{"type":"Feature","properties":{"n":"南崗一路","v":"南投市","w":3.5,"c":1.5,"r":0},"geometry":{"type":"MultiPolygon","coordinates":[[[[120.682889,23.901979],[120.682879,23.901967],[120.681893,23.903267],[120.681917,23.903272],[120.682889,23.901979]]]]}},{"type":"Feature","properties":{"n":"南崗一路","v":"南投市","w":5.7,"c":2.9,"r":2},"geometry":{"type":"MultiPolygon","coordinates":[[[[120.681914,23.903306],[120.681172,23.904342],[120.680797,23.904838],[120.680595,23.905077],[120.680255,23.905591],[120.680048,23.905976],[120.679853,23.906595],[120.679871,23.906605],[120.680062,23.905979],[120.680284,23.905573],[120.68061,23.905082],[120.680816,23.904843],[120.681436,23.904004],[120.681922,23.903321],[120.681914,23.903306]]]]}},{"type":"Feature","properties":{"n":"南崗一路","v":"南投市","w":3,"c":1.5,"r":4},"geometry":{"type":"MultiPolygon","coordinates":[[[[120.67983,23.906587],[120.680031,23.905976],[120.680272,23.905539],[120.680582,23.905062],[120.680877,23.904726],[120.680851,23.904716],[120.680564,23.905038],[120.680248,23.905532],[120.680016,23.905933],[120.679794,23.90658],[120.67983,23.906587]]]]}},{"type":"Feature","properties":{"n":"南崗二路","v":"南投市","w":9,"c":3,"r":0},"geometry":{"type":"MultiPolygon","coordinates":[[[[120.679858,23.90663],[120.679713,23.907396],[120.679011,23.91029],[120.679037,23.910302],[120.679739,23.907413],[120.679891,23.906637],[120.679858,23.90663]]]]}},{"type":"Feature","properties":{"n":"南崗二路","v":"南投市","w":7.8,"c":0.3,"r":17},"geometry":{"type":"MultiPolygon","coordinates":[[[[120.678732,23.910732],[120.679742,23.906667],[120.679677,23.906661],[120.678673,23.910738],[120.678732,23.910732]]]]}},{"type":"Feature","properties":{"n":"南崗二路","v":"南投市","w":5.5,"c":0,"r":2},"geometry":{"type":"MultiPolygon","coordinates":[[[[120.678981,23.910364],[120.678829,23.911104],[120.678718,23.911391],[120.677849,23.913258],[120.677505,23.914088],[120.677557,23.914099],[120.677884,23.91327],[120.678641,23.911635],[120.67887,23.911128],[120.679028,23.910369],[120.678981,23.910364]]]]}},{"type":"Feature","properties":{"n":"南崗二路","v":"南投市","w":4.5,"c":3.2,"r":1},"geometry":{"type":"MultiPolygon","coordinates":[[[[120.678468,23.911591],[120.678505,23.911606],[120.678562,23.911515],[120.678685,23.911178],[120.678716,23.911073],[120.678696,23.911057],[120.678573,23.911391],[120.678484,23.911572],[120.678468,23.911591]]]]}},{"type":"Feature","properties":{"n":"南崗二路","v":"南投市","w":4.5,"c":2.5,"r":0},"geometry":{"type":"MultiPolygon","coordinates":[[[[120.678004,23.912625],[120.678448,23.911737],[120.678414,23.91172],[120.67797,23.91261],[120.678004,23.912625]]]]}},{"type":"Feature","properties":{"n":"南崗二路","v":"南投市","w":4.4,"c":3.2,"r":0},"geometry":{"type":"MultiPolygon","coordinates":[[[[120.678066,23.912721],[120.678053,23.912716],[120.677813,23.913234],[120.677831,23.913236],[120.678066,23.912721]]]]}},{"type":"Feature","properties":{"n":"南崗二路","v":"南投市","w":3.8,"c":1.5,"r":2},"geometry":{"type":"MultiPolygon","coordinates":[[[[120.677831,23.913246],[120.677808,23.913239],[120.677468,23.914072],[120.677478,23.914084],[120.677831,23.913246]]]]}},{"type":"Feature","properties":{"n":"南崗二路","v":"南投市","w":4.45,"c":1.9,"r":2},"geometry":{"type":"MultiPolygon","coordinates":[[[[120.677495,23.914115],[120.677141,23.91494],[120.677043,23.915268],[120.677042,23.915369],[120.676898,23.915929],[120.676708,23.916634],[120.676564,23.917315],[120.676577,23.917334],[120.676754,23.9166],[120.677082,23.91537],[120.677076,23.915251],[120.677174,23.914946],[120.67752,23.914135],[120.677495,23.914115]]]]}},{"type":"Feature","properties":{"n":"南崗二路","v":"南投市","w":4.4,"c":2.5,"r":0},"geometry":{"type":"MultiPolygon","coordinates":[[[[120.677472,23.914101],[120.677447,23.914096],[120.677104,23.914903],[120.676992,23.915263],[120.676981,23.915361],[120.676857,23.915889],[120.676868,23.915894],[120.676997,23.915375],[120.677009,23.915264],[120.677119,23.914915],[120.677472,23.914101]]]]}},{"type":"Feature","properties":{"n":"南崗二路","v":"南投市","w":4.45,"c":0,"r":2},"geometry":{"type":"MultiPolygon","coordinates":[[[[120.676584,23.917295],[120.676555,23.917315],[120.676555,23.917327],[120.676581,23.917322],[120.676584,23.917295]]]]}},{"type":"Feature","properties":{"n":"南崗二路","v":"南投市","w":4.3,"c":0,"r":0},"geometry":{"type":"MultiPolygon","coordinates":[[[[120.676868,23.915908],[120.676852,23.915901],[120.676668,23.916617],[120.676684,23.916627],[120.676868,23.915908]]]]}},{"type":"Feature","properties":{"n":"南崗二路","v":"南投市","w":4.6,"c":1.9,"r":2},"geometry":{"type":"MultiPolygon","coordinates":[[[[120.676548,23.917345],[120.676551,23.917436],[120.676399,23.917866],[120.676115,23.918443],[120.675841,23.918758],[120.673977,23.920594],[120.673988,23.920606],[120.675851,23.91877],[120.676124,23.918453],[120.676409,23.917873],[120.676566,23.917436],[120.676564,23.917341],[120.676548,23.917345]]]]}},{"type":"Feature","properties":{"n":"南崗二路","v":"南投市","w":4.3,"c":2.6,"r":2},"geometry":{"type":"MultiPolygon","coordinates":[[[[120.676534,23.917425],[120.676537,23.917327],[120.676681,23.91663],[120.676663,23.916625],[120.676518,23.91732],[120.676521,23.917421],[120.676534,23.917425]]]]}},{"type":"Feature","properties":{"n":"南崗二路","v":"南投市","w":4.3,"c":2.6,"r":2},"geometry":{"type":"MultiPolygon","coordinates":[[[[120.67653,23.917445],[120.676517,23.917443],[120.67637,23.917859],[120.676386,23.917861],[120.67653,23.917445]]]]}},{"type":"Feature","properties":{"n":"南崗二路","v":"南投市","w":4.3,"c":2.6,"r":2},"geometry":{"type":"MultiPolygon","coordinates":[[[[120.676378,23.91787],[120.676365,23.917871],[120.676085,23.918434],[120.675817,23.918739],[120.675824,23.918749],[120.676095,23.918441],[120.676378,23.91787]]]]}},{"type":"Feature","properties":{"n":"南崗二路","v":"南投市","w":4.2,"c":2.6,"r":2},"geometry":{"type":"MultiPolygon","coordinates":[[[[120.67582,23.918758],[120.675815,23.918749],[120.675064,23.91945],[120.675075,23.919457],[120.67582,23.918758]]]]}},{"type":"Feature","properties":{"n":"南崗三路","v":"南投市","w":4.2,"c":2.6,"r":2},"geometry":{"type":"MultiPolygon","coordinates":[[[[120.67395,23.9204],[120.673971,23.920421],[120.674964,23.919437],[120.674938,23.919413],[120.67395,23.9204]]]]}},{"type":"Feature","properties":{"n":"南崗三路","v":"南投市","w":4.2,"c":2.6,"r":2},"geometry":{"type":"MultiPolygon","coordinates":[[[[120.671994,23.922894],[120.67202,23.922904],[120.67293,23.921556],[120.673194,23.921219],[120.673814,23.92059],[120.673803,23.920566],[120.673186,23.921191],[120.672951,23.921486],[120.672855,23.921622],[120.672406,23.922293],[120.671994,23.922894]]]]}},{"type":"Feature","properties":{"n":"南崗三路","v":"南投市","w":4.45,"c":1.9,"r":2},"geometry":{"type":"MultiPolygon","coordinates":[[[[120.67397,23.92061],[120.673123,23.921504],[120.672968,23.921705],[120.672255,23.922807],[120.672071,23.923055],[120.672087,23.923057],[120.672267,23.922814],[120.672979,23.921712],[120.673131,23.921516],[120.67398,23.92062],[120.67397,23.92061]]]]}},{"type":"Feature","properties":{"n":"南崗三路","v":"南投市","w":4.6,"c":2.6,"r":2},"geometry":{"type":"MultiPolygon","coordinates":[[[[120.669629,23.926706],[120.670946,23.924701],[120.67182,23.923401],[120.672016,23.923079],[120.671938,23.923079],[120.671625,23.923592],[120.67062,23.925083],[120.669585,23.926681],[120.669629,23.926706]]]]}},{"type":"Feature","properties":{"n":"南崗三路","v":"南投市","w":3.3,"c":1.9,"r":3},"geometry":{"type":"MultiPolygon","coordinates":[[[[120.672066,23.923083],[120.671903,23.923406],[120.671094,23.924594],[120.669671,23.926716],[120.669697,23.92674],[120.671927,23.92343],[120.672091,23.923101],[120.672066,23.923083]]]]}},{"type":"Feature","properties":{"n":"南崗三路","v":"南投市","w":4.4,"c":2.8,"r":2},"geometry":{"type":"MultiPolygon","coordinates":[[[[120.669611,23.926741],[120.669574,23.926735],[120.668289,23.928644],[120.667793,23.929491],[120.66733,23.930464],[120.667356,23.93047],[120.667832,23.929498],[120.668359,23.928603],[120.668867,23.927857],[120.669611,23.926741]]]]}},{"type":"Feature","properties":{"n":"南崗三路","v":"南投市","w":4.4,"c":0.9,"r":4},"geometry":{"type":"MultiPolygon","coordinates":[[[[120.669672,23.926775],[120.669639,23.926752],[120.668387,23.928649],[120.66842,23.928661],[120.669672,23.926775]]]]}},{"type":"Feature","properties":{"n":"南崗三路","v":"南投市","w":3.45,"c":0,"r":2},"geometry":{"type":"MultiPolygon","coordinates":[[[[120.668789,23.928124],[120.668737,23.928102],[120.668359,23.928662],[120.667869,23.929515],[120.667908,23.929527],[120.668397,23.928686],[120.668789,23.928124]]]]}},{"type":"Feature","properties":{"n":"南崗三路","v":"南投市","w":4.1,"c":2.8,"r":2},"geometry":{"type":"MultiPolygon","coordinates":[[[[120.667294,23.930611],[120.667261,23.930592],[120.666836,23.93166],[120.6666,23.932167],[120.665816,23.933945],[120.665724,23.934166],[120.665751,23.934196],[120.66583,23.933993],[120.666886,23.931633],[120.667294,23.930611]]]]}},{"type":"Feature","properties":{"n":"南崗三路","v":"南投市","w":3.45,"c":0,"r":2},"geometry":{"type":"MultiPolygon","coordinates":[[[[120.667396,23.930561],[120.667888,23.929537],[120.667894,23.929537],[120.66786,23.929525],[120.667356,23.930534],[120.667396,23.930561]]]]}},{"type":"Feature","properties":{"n":"南崗三路","v":"南投市","w":4.3,"c":1.5,"r":2},"geometry":{"type":"MultiPolygon","coordinates":[[[[120.66737,23.930536],[120.667396,23.930555],[120.667893,23.929546],[120.668402,23.928681],[120.669674,23.926773],[120.669648,23.926743],[120.668376,23.928657],[120.66786,23.929504],[120.66737,23.930536]]]]}},{"type":"Feature","properties":{"n":"南崗三路","v":"南投市","w":4.3,"c":1.5,"r":3},"geometry":{"type":"MultiPolygon","coordinates":[[[[120.665767,23.934216],[120.665819,23.93424],[120.666133,23.933482],[120.666943,23.931716],[120.667388,23.930594],[120.667356,23.930576],[120.666905,23.931668],[120.66646,23.932629],[120.665767,23.934216]]]]}},{"type":"Feature","properties":{"n":"南崗三路","v":"南投市","w":4.2,"c":2.3,"r":2},"geometry":{"type":"MultiPolygon","coordinates":[[[[120.664692,23.938821],[120.665153,23.936272],[120.66573,23.934224],[120.665685,23.9342],[120.665107,23.936266],[120.664639,23.938797],[120.664692,23.938821]]]]}},{"type":"Feature","properties":{"n":"南崗三路","v":"南投市","w":3.4,"c":2.3,"r":2},"geometry":{"type":"MultiPolygon","coordinates":[[[[120.664347,23.940733],[120.664696,23.938858],[120.664663,23.938858],[120.664314,23.940732],[120.664347,23.940733]]]]}},{"type":"Feature","properties":{"n":"南崗三路","v":"南投市","w":4.1,"c":1.9,"r":4},"geometry":{"type":"MultiPolygon","coordinates":[[[[120.665764,23.934247],[120.665239,23.936104],[120.665186,23.936319],[120.664384,23.940797],[120.6641,23.942762],[120.664126,23.942767],[120.664431,23.940707],[120.665222,23.936319],[120.665805,23.934272],[120.665764,23.934247]]]]}},{"type":"Feature","properties":{"n":"南崗三路","v":"南投市","w":3.4,"c":2.3,"r":2},"geometry":{"type":"MultiPolygon","coordinates":[[[[120.664071,23.942759],[120.664352,23.94076],[120.664336,23.940757],[120.664058,23.942759],[120.664071,23.942759]]]]}},{"type":"Feature","properties":{"n":"建國路","v":"南投市","w":4,"c":1.5,"r":0},"geometry":{"type":"MultiPolygon","coordinates":[[[[120.682074,23.909071],[120.682237,23.908636],[120.682323,23.908146],[120.682284,23.908146],[120.682211,23.908642],[120.682035,23.909054],[120.682074,23.909071]]]]}},{"type":"Feature","properties":{"n":"建國路","v":"南投市","w":3.9,"c":1,"r":2},"geometry":{"type":"MultiPolygon","coordinates":[[[[120.682335,23.908104],[120.682388,23.90774],[120.682583,23.907328],[120.682531,23.907328],[120.682336,23.907734],[120.682296,23.908104],[120.682335,23.908104]]]]}},{"type":"Feature","properties":{"n":"建國路","v":"南投市","w":2,"c":2,"r":0},"geometry":{"type":"MultiPolygon","coordinates":[[[[120.68284,23.906527],[120.683208,23.904951],[120.683462,23.904432],[120.683417,23.904426],[120.683162,23.904939],[120.682774,23.90657],[120.68284,23.906527]]]]}},{"type":"Feature","properties":{"n":"民權路","v":"南投市","w":4,"c":1.9,"r":4},"geometry":{"type":"MultiPolygon","coordinates":[[[[120.679818,23.907443],[120.679787,23.907467],[120.681309,23.907824],[120.682031,23.908059],[120.682285,23.90817],[120.68228,23.908136],[120.682176,23.908084],[120.681429,23.907834],[120.681143,23.907752],[120.679818,23.907443]]]]}},{"type":"Feature","properties":{"n":"民權路","v":"南投市","w":3.9,"c":0.34,"r":0},"geometry":{"type":"MultiPolygon","coordinates":[[[[120.679754,23.907407],[120.682292,23.908106],[120.682292,23.908082],[120.679753,23.907372],[120.679754,23.907407]]]]}},{"type":"Feature","properties":{"n":"成功一路","v":"南投市","w":4,"c":1.5,"r":2},"geometry":{"type":"MultiPolygon","coordinates":[[[[120.673502,23.92801],[120.673464,23.927967],[120.672852,23.927803],[120.671951,23.927517],[120.671923,23.927529],[120.671921,23.92754],[120.672707,23.927779],[120.673455,23.92799],[120.673494,23.928017],[120.673502,23.92801]]]]}},{"type":"Feature","properties":{"n":"自強一路","v":"南投市","w":2,"c":1.5,"r":0},"geometry":{"type":"MultiPolygon","coordinates":[[[[120.670035,23.93047],[120.669633,23.931301],[120.669669,23.931318],[120.6701,23.930497],[120.670035,23.93047]]]]}},{"type":"Feature","properties":{"n":"自強一路","v":"南投市","w":2,"c":1.5,"r":0},"geometry":{"type":"MultiPolygon","coordinates":[[[[120.670424,23.929648],[120.670071,23.930448],[120.670143,23.930484],[120.670502,23.929666],[120.670424,23.929648]]]]}},{"type":"Feature","properties":{"n":"自強一路","v":"南投市","w":2,"c":0.9,"r":0},"geometry":{"type":"MultiPolygon","coordinates":[[[[120.670869,23.928841],[120.670458,23.9296],[120.670529,23.929629],[120.67094,23.928872],[120.670869,23.928841]]]]}},{"type":"Feature","properties":{"n":"自強一路","v":"南投市","w":2,"c":2,"r":0},"geometry":{"type":"MultiPolygon","coordinates":[[[[120.670876,23.928806],[120.671012,23.92886],[120.671339,23.92812],[120.671215,23.928084],[120.670876,23.928806]]]]}},{"type":"Feature","properties":{"n":"自強一路","v":"南投市","w":2,"c":2,"r":0},"geometry":{"type":"MultiPolygon","coordinates":[[[[120.671581,23.927355],[120.671228,23.928072],[120.671339,23.928101],[120.671659,23.927391],[120.671581,23.927355]]]]}},{"type":"Feature","properties":{"n":"自強一路","v":"南投市","w":2,"c":0.34,"r":0},"geometry":{"type":"MultiPolygon","coordinates":[[[[120.673419,23.923581],[120.671602,23.927293],[120.671692,23.927304],[120.673507,23.923617],[120.673419,23.923581]]]]}},{"type":"Feature","properties":{"n":"自強二路","v":"南投市","w":2.6,"c":0.75,"r":0},"geometry":{"type":"MultiPolygon","coordinates":[[[[120.666735,23.928265],[120.666727,23.928247],[120.666542,23.928263],[120.666474,23.92839],[120.6665,23.928523],[120.666604,23.928583],[120.666773,23.928556],[120.666864,23.928421],[120.666805,23.928272],[120.668052,23.926242],[120.668018,23.92623],[120.666786,23.928265],[120.66683,23.928411],[120.666742,23.928545],[120.666614,23.928554],[120.666521,23.928506],[120.666503,23.928432],[120.666505,23.928374],[120.666571,23.928279],[120.666735,23.928265]]]]}},{"type":"Feature","properties":{"n":"自強二路","v":"南投市","w":2,"c":0.3,"r":0},"geometry":{"type":"MultiPolygon","coordinates":[[[[120.668104,23.926213],[120.668156,23.926215],[120.670309,23.92285],[120.670231,23.92285],[120.668104,23.926213]]]]}},{"type":"Feature","properties":{"n":"自強三路","v":"南投市","w":2,"c":0.9,"r":0},"geometry":{"type":"MultiPolygon","coordinates":[[[[120.66539,23.927092],[120.665383,23.92705],[120.665188,23.927056],[120.665117,23.927133],[120.665135,23.927289],[120.66522,23.927373],[120.665421,23.927373],[120.665493,23.927265],[120.665493,23.927146],[120.666426,23.925673],[120.666394,23.925661],[120.665422,23.927158],[120.66546,23.927188],[120.665447,23.927319],[120.665252,23.927313],[120.665181,23.927241],[120.665181,23.927133],[120.665253,23.927086],[120.66539,23.927092]]]]}},{"type":"Feature","properties":{"n":"自強三路","v":"南投市","w":2,"c":0.4,"r":0},"geometry":{"type":"MultiPolygon","coordinates":[[[[120.666472,23.925613],[120.66655,23.925653],[120.66852,23.922583],[120.668442,23.922547],[120.666472,23.925613]]]]}},{"type":"Feature","properties":{"n":"自強三路","v":"南投市","w":2,"c":0.15,"r":0},"geometry":{"type":"MultiPolygon","coordinates":[[[[120.669342,23.921213],[120.668481,23.92249],[120.668572,23.922502],[120.669413,23.921232],[120.669342,23.921213]]]]}},{"type":"Feature","properties":{"n":"祖祠路","v":"南投市","w":2.7,"c":0.4,"r":0},"geometry":{"type":"MultiPolygon","coordinates":[[[[120.691927,23.927742],[120.691583,23.927479],[120.690741,23.926647],[120.689613,23.92545],[120.68958,23.925486],[120.691259,23.927234],[120.691681,23.927593],[120.691914,23.927767],[120.691927,23.927742]]]]}},{"type":"Feature","properties":{"n":"祖祠路","v":"南投市","w":2.7,"c":0.4,"r":0},"geometry":{"type":"MultiPolygon","coordinates":[[[[120.684498,23.917436],[120.684485,23.917509],[120.687406,23.918864],[120.687769,23.91914],[120.687924,23.919331],[120.688002,23.919319],[120.687925,23.919187],[120.687743,23.919022],[120.687393,23.918794],[120.687016,23.9186],[120.684498,23.917436]]]]}},{"type":"Feature","properties":{"n":"祖祠路","v":"南投市","w":2.7,"c":0.5,"r":0},"geometry":{"type":"MultiPolygon","coordinates":[[[[120.689715,23.925331],[120.691504,23.927211],[120.691789,23.927461],[120.691945,23.927462],[120.691985,23.927318],[120.691907,23.927318],[120.69188,23.92739],[120.691828,23.92739],[120.691725,23.927318],[120.689754,23.925259],[120.689715,23.925331]]]]}},{"type":"Feature","properties":{"n":"祖祠路","v":"南投市","w":2.7,"c":1,"r":0},"geometry":{"type":"MultiPolygon","coordinates":[[[[120.684577,23.917326],[120.686966,23.918437],[120.687018,23.918375],[120.68463,23.917223],[120.684577,23.917326]]]]}},{"type":"Feature","properties":{"n":"三和三路","v":"南投市","w":2.5,"c":1.7,"r":3},"geometry":{"type":"MultiPolygon","coordinates":[[[[120.685447,23.904697],[120.686642,23.905071],[120.686642,23.905036],[120.685467,23.904675],[120.685447,23.904697]]]]}},{"type":"Feature","properties":{"n":"三和三路","v":"南投市","w":2.5,"c":1.7,"r":2},"geometry":{"type":"MultiPolygon","coordinates":[[[[120.687588,23.905409],[120.687679,23.905439],[120.688464,23.905752],[120.688464,23.905722],[120.687594,23.905361],[120.687588,23.905409]]]]}},{"type":"Feature","properties":{"n":"三和三路","v":"南投市","w":2.5,"c":1.7,"r":2},"geometry":{"type":"MultiPolygon","coordinates":[[[[120.688481,23.905762],[120.689394,23.906311],[120.689397,23.906285],[120.688489,23.905733],[120.688481,23.905762]]]]}},{"type":"Feature","properties":{"n":"三和三路","v":"南投市","w":2.5,"c":1.7,"r":1},"geometry":{"type":"MultiPolygon","coordinates":[[[[120.689399,23.906317],[120.689785,23.906603],[120.690418,23.907004],[120.690416,23.906981],[120.689762,23.906583],[120.689401,23.906307],[120.689399,23.906317]]]]}},{"type":"Feature","properties":{"n":"民族路","v":"南投市","w":4,"c":2.5,"r":2},"geometry":{"type":"MultiPolygon","coordinates":[[[[120.679713,23.906667],[120.679703,23.906641],[120.679669,23.90661],[120.6773,23.906167],[120.677274,23.906172],[120.677258,23.906184],[120.677258,23.906189],[120.67958,23.906643],[120.679713,23.906667]]]]}},{"type":"Feature","properties":{"n":"民族路","v":"南投市","w":4,"c":2.5,"r":2},"geometry":{"type":"MultiPolygon","coordinates":[[[[120.679799,23.906464],[120.6773,23.905991],[120.676208,23.905776],[120.6762,23.905821],[120.677153,23.906007],[120.679686,23.906482],[120.679772,23.906489],[120.679799,23.906464]]]]}},{"type":"Feature","properties":{"n":"民族路","v":"南投市","w":4,"c":2.5,"r":6},"geometry":{"type":"MultiPolygon","coordinates":[[[[120.679844,23.906683],[120.682584,23.907322],[120.682585,23.907287],[120.679851,23.90663],[120.679844,23.906683]]]]}},{"type":"Feature","properties":{"n":"民族路","v":"南投市","w":4,"c":2.5,"r":6},"geometry":{"type":"MultiPolygon","coordinates":[[[[120.680018,23.906532],[120.681314,23.906866],[120.682493,23.907146],[120.682566,23.907168],[120.682595,23.907161],[120.682608,23.907118],[120.681424,23.90685],[120.680016,23.906498],[120.680018,23.906515],[120.680018,23.906532]]]]}},{"type":"Feature","properties":{"n":"成功三路","v":"南投市","w":2.1,"c":0.5,"r":7},"geometry":{"type":"MultiPolygon","coordinates":[[[[120.658816,23.920072],[120.658802,23.920073],[120.658773,23.921071],[120.65898,23.921848],[120.659258,23.922476],[120.659672,23.923068],[120.659705,23.923074],[120.65929,23.922488],[120.658993,23.921819],[120.658794,23.921084],[120.658788,23.920673],[120.658816,23.920072]]]]}},{"type":"Feature","properties":{"n":"成功三路","v":"南投市","w":2.1,"c":0.5,"r":5},"geometry":{"type":"MultiPolygon","coordinates":[[[[120.658852,23.920077],[120.65881,23.920563],[120.658835,23.921093],[120.658906,23.921429],[120.659015,23.921805],[120.659028,23.921781],[120.658861,23.9211],[120.65883,23.920556],[120.65887,23.920091],[120.658852,23.920077]]]]}},{"type":"Feature","properties":{"n":"成功三路","v":"南投市","w":2.1,"c":0.5,"r":3},"geometry":{"type":"MultiPolygon","coordinates":[[[[120.659039,23.921825],[120.659297,23.922449],[120.659711,23.923045],[120.659724,23.923033],[120.659316,23.922441],[120.659065,23.921801],[120.659052,23.921807],[120.659039,23.921825]]]]}},{"type":"Feature","properties":{"n":"成功三路","v":"南投市","w":2.1,"c":0.5,"r":11},"geometry":{"type":"MultiPolygon","coordinates":[[[[120.659714,23.923086],[120.659695,23.923086],[120.660148,23.923625],[120.662009,23.925242],[120.662022,23.925235],[120.660174,23.923616],[120.659714,23.923086]]]]}},{"type":"Feature","properties":{"n":"成功三路","v":"南投市","w":2.1,"c":0.5,"r":6},"geometry":{"type":"MultiPolygon","coordinates":[[[[120.659728,23.923088],[120.660213,23.923597],[120.660719,23.924064],[120.660738,23.924041],[120.660226,23.923567],[120.659747,23.92307],[120.659728,23.923088]]]]}},{"type":"Feature","properties":{"n":"成功三路","v":"南投市","w":2.1,"c":0.5,"r":2},"geometry":{"type":"MultiPolygon","coordinates":[[[[120.660767,23.924089],[120.662024,23.925205],[120.662044,23.925176],[120.660793,23.924066],[120.660767,23.924089]]]]}},{"type":"Feature","properties":{"n":"成功三路","v":"南投市","w":2.1,"c":0.5,"r":0},"geometry":{"type":"MultiPolygon","coordinates":[[[[120.662029,23.925304],[120.661989,23.92534],[120.663585,23.926634],[120.663624,23.926586],[120.662029,23.925304]]]]}},{"type":"Feature","properties":{"n":"成功三路","v":"南投市","w":2.1,"c":0.5,"r":0},"geometry":{"type":"MultiPolygon","coordinates":[[[[120.662039,23.925238],[120.663673,23.926576],[120.663705,23.926551],[120.662071,23.92519],[120.662039,23.925238]]]]}},{"type":"Feature","properties":{"n":"成功三路","v":"南投市","w":2.1,"c":0.5,"r":5},"geometry":{"type":"MultiPolygon","coordinates":[[[[120.663643,23.926646],[120.663619,23.926653],[120.665222,23.929195],[120.665578,23.929566],[120.665909,23.929836],[120.666369,23.930129],[120.667284,23.930573],[120.66731,23.930548],[120.666408,23.930117],[120.665922,23.9298],[120.66563,23.929561],[120.665254,23.92917],[120.663643,23.926646]]]]}},{"type":"Feature","properties":{"n":"成功三路","v":"南投市","w":2.1,"c":0.5,"r":0},"geometry":{"type":"MultiPolygon","coordinates":[[[[120.663682,23.926622],[120.6653,23.929145],[120.665637,23.929528],[120.666441,23.930097],[120.667343,23.930529],[120.667369,23.930488],[120.666473,23.930073],[120.665676,23.929529],[120.665352,23.929164],[120.663734,23.926592],[120.663682,23.926622]]]]}},{"type":"Feature","properties":{"n":"集賢路","v":"南投市","w":4.1,"c":2.7,"r":2},"geometry":{"type":"MultiPolygon","coordinates":[[[[120.683487,23.904461],[120.684324,23.904805],[120.685219,23.905093],[120.685233,23.905057],[120.684343,23.904781],[120.683506,23.904438],[120.683487,23.904461]]]]}},{"type":"Feature","properties":{"n":"集賢路","v":"南投市","w":4.1,"c":2.7,"r":2},"geometry":{"type":"MultiPolygon","coordinates":[[[[120.681902,23.903325],[120.681883,23.903357],[120.681928,23.90353],[120.683128,23.904274],[120.683459,23.904436],[120.683472,23.904405],[120.683161,23.904254],[120.682129,23.903631],[120.681973,23.903517],[120.681902,23.903325]]]]}},{"type":"Feature","properties":{"n":"中學西路","v":"南投市","w":1.52,"c":1.52,"r":1},"geometry":{"type":"MultiPolygon","coordinates":[[[[120.696552,23.950334],[120.695851,23.950077],[120.695194,23.94976],[120.695189,23.949775],[120.695848,23.950094],[120.696542,23.950349],[120.696552,23.950334]]]]}},{"type":"Feature","properties":{"n":"中學西路","v":"南投市","w":1.52,"c":1.52,"r":0},"geometry":{"type":"MultiPolygon","coordinates":[[[[120.696555,23.95032],[120.696563,23.950308],[120.69588,23.950051],[120.69522,23.949748],[120.695205,23.949753],[120.695872,23.950063],[120.696555,23.95032]]]]}},{"type":"Feature","properties":{"n":"中學西路","v":"南投市","w":1.49,"c":1.49,"r":0},"geometry":{"type":"MultiPolygon","coordinates":[[[[120.695191,23.949762],[120.694391,23.949161],[120.694381,23.949175],[120.695188,23.949775],[120.695191,23.949762]]]]}},{"type":"Feature","properties":{"n":"中學西路","v":"南投市","w":1.46,"c":0.73,"r":0},"geometry":{"type":"MultiPolygon","coordinates":[[[[120.695194,23.949745],[120.695207,23.949743],[120.694385,23.949113],[120.693954,23.948725],[120.693944,23.948739],[120.694372,23.949125],[120.695194,23.949745]]]]}},{"type":"Feature","properties":{"n":"中學西路","v":"南投市","w":1.49,"c":1.49,"r":2},"geometry":{"type":"MultiPolygon","coordinates":[[[[120.694312,23.9491],[120.693617,23.948458],[120.693604,23.948475],[120.694309,23.949115],[120.694312,23.9491]]]]}},{"type":"Feature","properties":{"n":"中學西路","v":"南投市","w":1.63,"c":1.63,"r":0},"geometry":{"type":"MultiPolygon","coordinates":[[[[120.693931,23.948724],[120.693941,23.948717],[120.69362,23.948425],[120.692764,23.94742],[120.692751,23.947429],[120.693609,23.948429],[120.693931,23.948724]]]]}},{"type":"Feature","properties":{"n":"中學西路","v":"南投市","w":1.56,"c":0.95,"r":0},"geometry":{"type":"MultiPolygon","coordinates":[[[[120.69357,23.948415],[120.692743,23.947441],[120.692733,23.947453],[120.693568,23.94843],[120.69357,23.948415]]]]}},{"type":"Feature","properties":{"n":"中學西路","v":"南投市","w":3,"c":1.79,"r":0},"geometry":{"type":"MultiPolygon","coordinates":[[[[120.692699,23.947406],[120.692139,23.946872],[120.692126,23.946884],[120.692681,23.947413],[120.692699,23.947406]]]]}},{"type":"Feature","properties":{"n":"中學西路","v":"南投市","w":3,"c":2.1,"r":6},"geometry":{"type":"MultiPolygon","coordinates":[[[[120.692712,23.947392],[120.692728,23.947381],[120.69216,23.946854],[120.692149,23.946863],[120.692712,23.947392]]]]}},{"type":"Feature","properties":{"n":"中學西路","v":"南投市","w":3.06,"c":1.5,"r":4},"geometry":{"type":"MultiPolygon","coordinates":[[[[120.692137,23.946867],[120.691776,23.946561],[120.69058,23.945772],[120.689492,23.945144],[120.689482,23.945156],[120.690585,23.945794],[120.691771,23.94658],[120.692132,23.946888],[120.692137,23.946867]]]]}},{"type":"Feature","properties":{"n":"中學西路","v":"南投市","w":3.25,"c":1.98,"r":0},"geometry":{"type":"MultiPolygon","coordinates":[[[[120.692143,23.946853],[120.692148,23.946844],[120.691795,23.946537],[120.691787,23.946551],[120.692143,23.946853]]]]}},{"type":"Feature","properties":{"n":"中學西路","v":"南投市","w":3.25,"c":2.19,"r":1},"geometry":{"type":"MultiPolygon","coordinates":[[[[120.691772,23.946539],[120.691779,23.946532],[120.691668,23.946451],[120.691665,23.946465],[120.691772,23.946539]]]]}},{"type":"Feature","properties":{"n":"中學西路","v":"南投市","w":2.72,"c":1.65,"r":1},"geometry":{"type":"MultiPolygon","coordinates":[[[[120.69165,23.946465],[120.691645,23.946441],[120.691009,23.946003],[120.690607,23.945751],[120.690594,23.945765],[120.690988,23.946008],[120.69165,23.946465]]]]}},{"type":"Feature","properties":{"n":"中學西路","v":"南投市","w":2.88,"c":1.88,"r":1},"geometry":{"type":"MultiPolygon","coordinates":[[[[120.69045,23.94568],[120.690579,23.945758],[120.690595,23.945748],[120.690457,23.945669],[120.69045,23.94568]]]]}},{"type":"Feature","properties":{"n":"中學西路","v":"南投市","w":2.85,"c":1.9,"r":1},"geometry":{"type":"MultiPolygon","coordinates":[[[[120.690443,23.945676],[120.690445,23.945664],[120.690323,23.945587],[120.6903,23.945587],[120.690443,23.945676]]]]}},{"type":"Feature","properties":{"n":"中學西路","v":"南投市","w":2.7,"c":1.7,"r":0},"geometry":{"type":"MultiPolygon","coordinates":[[[[120.690291,23.945576],[120.690299,23.945567],[120.690008,23.945389],[120.689995,23.945401],[120.690291,23.945576]]]]}},{"type":"Feature","properties":{"n":"中學西路","v":"南投市","w":2.82,"c":1.83,"r":2},"geometry":{"type":"MultiPolygon","coordinates":[[[[120.689985,23.945394],[120.689998,23.945382],[120.68971,23.945224],[120.689697,23.945233],[120.689985,23.945394]]]]}},{"type":"Feature","properties":{"n":"中學西路","v":"南投市","w":2.94,"c":1.8,"r":0},"geometry":{"type":"MultiPolygon","coordinates":[[[[120.68969,23.945231],[120.689706,23.945221],[120.689488,23.945109],[120.689478,23.945116],[120.68969,23.945231]]]]}},{"type":"Feature","properties":{"n":"中學西路","v":"南投市","w":2.44,"c":1.7,"r":0},"geometry":{"type":"MultiPolygon","coordinates":[[[[120.689472,23.945113],[120.68948,23.945104],[120.689251,23.944981],[120.689134,23.9449],[120.689124,23.944907],[120.689239,23.944991],[120.689472,23.945113]]]]}},{"type":"Feature","properties":{"n":"中學西路","v":"南投市","w":3,"c":2.2,"r":7},"geometry":{"type":"MultiPolygon","coordinates":[[[[120.68945,23.945131],[120.689455,23.945124],[120.689227,23.944999],[120.688703,23.944638],[120.687828,23.943977],[120.687813,23.943986],[120.688674,23.94463],[120.68924,23.945026],[120.68945,23.945131]]]]}},{"type":"Feature","properties":{"n":"中學西路","v":"南投市","w":2.99,"c":2.33,"r":0},"geometry":{"type":"MultiPolygon","coordinates":[[[[120.688734,23.944642],[120.689126,23.944908],[120.689136,23.944896],[120.688744,23.94463],[120.688734,23.944642]]]]}},{"type":"Feature","properties":{"n":"中學西路","v":"南投市","w":3.06,"c":2.1,"r":3},"geometry":{"type":"MultiPolygon","coordinates":[[[[120.688679,23.944599],[120.688687,23.944589],[120.687289,23.943516],[120.687278,23.943528],[120.688679,23.944599]]]]}},{"type":"Feature","properties":{"n":"中學西路","v":"南投市","w":1.52,"c":1.52,"r":0},"geometry":{"type":"MultiPolygon","coordinates":[[[[120.687818,23.943967],[120.687258,23.943536],[120.687245,23.94355],[120.687813,23.943979],[120.687818,23.943967]]]]}},{"type":"Feature","properties":{"n":"自立一路","v":"南投市","w":2.27,"c":1.4,"r":0},"geometry":{"type":"MultiPolygon","coordinates":[[[[120.666838,23.938413],[120.666845,23.938418],[120.66723,23.937322],[120.667217,23.937317],[120.666838,23.938413]]]]}},{"type":"Feature","properties":{"n":"自立一路","v":"南投市","w":2.28,"c":1.4,"r":1},"geometry":{"type":"MultiPolygon","coordinates":[[[[120.667217,23.937303],[120.667232,23.937308],[120.667819,23.935419],[120.667804,23.93541],[120.667403,23.936706],[120.667217,23.937303]]]]}},{"type":"Feature","properties":{"n":"自立一路","v":"南投市","w":2.54,"c":1.47,"r":0},"geometry":{"type":"MultiPolygon","coordinates":[[[[120.667806,23.935395],[120.667822,23.935402],[120.66812,23.934478],[120.668105,23.934476],[120.667806,23.935395]]]]}},{"type":"Feature","properties":{"n":"自立二路","v":"南投市","w":1.91,"c":0.75,"r":0},"geometry":{"type":"MultiPolygon","coordinates":[[[[120.664181,23.932807],[120.663695,23.93466],[120.663706,23.934669],[120.664194,23.932828],[120.664181,23.932807]]]]}},{"type":"Feature","properties":{"n":"自立二路","v":"南投市","w":2.3,"c":1.22,"r":0},"geometry":{"type":"MultiPolygon","coordinates":[[[[120.664184,23.932795],[120.664194,23.932807],[120.664547,23.932292],[120.664909,23.931822],[120.664896,23.931812],[120.664557,23.932246],[120.664184,23.932795]]]]}},{"type":"Feature","properties":{"n":"自立三路","v":"南投市","w":2.7,"c":1.56,"r":0},"geometry":{"type":"MultiPolygon","coordinates":[[[[120.662281,23.933356],[120.662306,23.933374],[120.662928,23.931691],[120.662889,23.931661],[120.662281,23.933356]]]]}},{"type":"Feature","properties":{"n":"自立三路","v":"南投市","w":2.3,"c":1.5,"r":0},"geometry":{"type":"MultiPolygon","coordinates":[[[[120.662987,23.931662],[120.664005,23.929956],[120.663927,23.929908],[120.662935,23.931614],[120.662987,23.931662]]]]}},{"type":"Feature","properties":{"n":"光榮北路","v":"南投市","w":1.5,"c":1.5,"r":2},"geometry":{"type":"MultiPolygon","coordinates":[[[[120.693935,23.948709],[120.69438,23.948275],[120.693927,23.948704],[120.693935,23.948709]]]]}},{"type":"Feature","properties":{"n":"光榮北路","v":"南投市","w":1.5,"c":1.5,"r":2},"geometry":{"type":"MultiPolygon","coordinates":[[[[120.694378,23.948252],[120.694391,23.948262],[120.694756,23.947821],[120.69474,23.947816],[120.694378,23.948252]]]]}},{"type":"Feature","properties":{"n":"光榮北路","v":"南投市","w":1.5,"c":1.5,"r":2},"geometry":{"type":"MultiPolygon","coordinates":[[[[120.694752,23.947807],[120.69477,23.947817],[120.695148,23.947409],[120.695119,23.947397],[120.694752,23.947807]]]]}},{"type":"Feature","properties":{"n":"光榮北路","v":"南投市","w":1.5,"c":1.5,"r":2},"geometry":{"type":"MultiPolygon","coordinates":[[[[120.695151,23.947391],[120.695886,23.946513],[120.695868,23.946504],[120.695135,23.947372],[120.695151,23.947391]]]]}},{"type":"Feature","properties":{"n":"光榮北路","v":"南投市","w":1.5,"c":1.5,"r":2},"geometry":{"type":"MultiPolygon","coordinates":[[[[120.695883,23.946484],[120.695902,23.946497],[120.696264,23.946101],[120.69624,23.946085],[120.695883,23.946484]]]]}},{"type":"Feature","properties":{"n":"光榮北路","v":"南投市","w":1.5,"c":1.5,"r":2},"geometry":{"type":"MultiPolygon","coordinates":[[[[120.696281,23.946074],[120.696639,23.945668],[120.696601,23.945626],[120.696255,23.946044],[120.696281,23.946074]]]]}},{"type":"Feature","properties":{"n":"光榮北路","v":"南投市","w":1.5,"c":1.5,"r":2},"geometry":{"type":"MultiPolygon","coordinates":[[[[120.696639,23.945631],[120.696667,23.94565],[120.697027,23.945243],[120.696988,23.945221],[120.696639,23.945631]]]]}},{"type":"Feature","properties":{"n":"光榮北路","v":"南投市","w":1.5,"c":1.5,"r":2},"geometry":{"type":"MultiPolygon","coordinates":[[[[120.697082,23.945301],[120.697036,23.945271],[120.695661,23.946839],[120.695667,23.946869],[120.697082,23.945301]]]]}},{"type":"Feature","properties":{"n":"光榮北路","v":"南投市","w":1.5,"c":1.5,"r":4},"geometry":{"type":"MultiPolygon","coordinates":[[[[120.695599,23.946953],[120.695573,23.946929],[120.693957,23.948729],[120.693983,23.948741],[120.695599,23.946953]]]]}},{"type":"Feature","properties":{"n":"光榮北路一街","v":"南投市","w":1.5,"c":1.5,"r":2},"geometry":{"type":"MultiPolygon","coordinates":[[[[120.694352,23.948277],[120.693438,23.94735],[120.693444,23.947224],[120.694044,23.946592],[120.694291,23.946545],[120.69516,23.947341],[120.695205,23.947288],[120.694317,23.946497],[120.694018,23.946545],[120.693386,23.947212],[120.693379,23.947368],[120.694312,23.948326],[120.694352,23.948277]]]]}},{"type":"Feature","properties":{"n":"光榮北路二街","v":"南投市","w":1.5,"c":1.5,"r":2},"geometry":{"type":"MultiPolygon","coordinates":[[[[120.694384,23.948236],[120.69443,23.948224],[120.693535,23.947326],[120.693522,23.947242],[120.693809,23.94704],[120.694691,23.947854],[120.694717,23.947818],[120.693815,23.946986],[120.69349,23.947242],[120.69349,23.947332],[120.694384,23.948236]]]]}},{"type":"Feature","properties":{"n":"光榮北路三街","v":"南投市","w":1.5,"c":1.5,"r":2},"geometry":{"type":"MultiPolygon","coordinates":[[[[120.694741,23.947783],[120.69476,23.947754],[120.693879,23.946922],[120.694139,23.946678],[120.694282,23.94666],[120.695073,23.947432],[120.695112,23.947378],[120.694289,23.946618],[120.694113,23.946642],[120.693801,23.946934],[120.694741,23.947783]]]]}},{"type":"Feature","properties":{"n":"光榮北路五街","v":"南投市","w":1.5,"c":1.5,"r":2},"geometry":{"type":"MultiPolygon","coordinates":[[[[120.695876,23.946466],[120.695895,23.946437],[120.695072,23.945754],[120.695052,23.945778],[120.695876,23.946466]]]]}},{"type":"Feature","properties":{"n":"光榮北路五街","v":"南投市","w":1.5,"c":1.5,"r":2},"geometry":{"type":"MultiPolygon","coordinates":[[[[120.695805,23.946536],[120.695824,23.946501],[120.69502,23.945818],[120.694981,23.945854],[120.695805,23.946536]]]]}},{"type":"Feature","properties":{"n":"光榮北路五街","v":"南投市","w":1.5,"c":1.5,"r":2},"geometry":{"type":"MultiPolygon","coordinates":[[[[120.695053,23.94574],[120.696069,23.944572],[120.696017,23.944572],[120.695014,23.945717],[120.695053,23.94574]]]]}},{"type":"Feature","properties":{"n":"光榮北路五街","v":"南投市","w":1.5,"c":1.5,"r":2},"geometry":{"type":"MultiPolygon","coordinates":[[[[120.695131,23.945782],[120.696141,23.94459],[120.696128,23.944566],[120.695079,23.945747],[120.695131,23.945782]]]]}},{"type":"Feature","properties":{"n":"信義街","v":"南投市","w":2,"c":0,"r":1},"geometry":{"type":"MultiPolygon","coordinates":[[[[120.690464,23.913156],[120.690482,23.913165],[120.691147,23.912161],[120.691121,23.912149],[120.690464,23.913156]]]]}},{"type":"Feature","properties":{"n":"玉井街","v":"南投市","w":3.9,"c":1.7,"r":0},"geometry":{"type":"MultiPolygon","coordinates":[[[[120.686696,23.911491],[120.687826,23.911894],[120.687834,23.911878],[120.68671,23.911482],[120.686696,23.911491]]]]}},{"type":"Feature","properties":{"n":"大同街","v":"南投市","w":4.2,"c":2.1,"r":0},"geometry":{"type":"MultiPolygon","coordinates":[[[[120.686697,23.911485],[120.686706,23.911489],[120.687039,23.910607],[120.687023,23.910599],[120.686697,23.911485]]]]}},{"type":"Feature","properties":{"n":"中山一街","v":"南投市","w":1.3,"c":0.5,"r":1},"geometry":{"type":"MultiPolygon","coordinates":[[[[120.684729,23.910393],[120.684737,23.910389],[120.684453,23.909915],[120.684446,23.909925],[120.684729,23.910393]]]]}},{"type":"Feature","properties":{"n":"民生街","v":"南投市","w":3.4,"c":2.5,"r":0},"geometry":{"type":"MultiPolygon","coordinates":[[[[120.683443,23.909435],[120.684183,23.90968],[120.684186,23.909673],[120.683448,23.909423],[120.683443,23.909435]]]]}},{"type":"Feature","properties":{"n":"文昌街","v":"南投市","w":2.5,"c":2.5,"r":0},"geometry":{"type":"MultiPolygon","coordinates":[[[[120.685737,23.907186],[120.686295,23.907228],[120.686335,23.907003],[120.686293,23.906996],[120.686261,23.907216],[120.685739,23.907165],[120.685737,23.907186]]]]}},{"type":"Feature","properties":{"n":"三和二路","v":"南投市","w":1.2,"c":2,"r":2},"geometry":{"type":"MultiPolygon","coordinates":[[[[120.687334,23.904033],[120.687336,23.90405],[120.68783,23.904148],[120.687832,23.904131],[120.687334,23.904033]]]]}},{"type":"Feature","properties":{"n":"中山南街","v":"南投市","w":4,"c":1.8,"r":3},"geometry":{"type":"MultiPolygon","coordinates":[[[[120.687687,23.901419],[120.687358,23.902406],[120.68736,23.902446],[120.687373,23.902458],[120.687737,23.901431],[120.687687,23.901419]]]]}},{"type":"Feature","properties":{"n":"三和一路","v":"南投市","w":4,"c":2.8,"r":0},"geometry":{"type":"MultiPolygon","coordinates":[[[[120.688169,23.902657],[120.688175,23.902639],[120.687251,23.902475],[120.687243,23.902496],[120.688169,23.902657]]]]}},{"type":"Feature","properties":{"n":"復興路","v":"南投市","w":4.6,"c":2.6,"r":2},"geometry":{"type":"MultiPolygon","coordinates":[[[[120.685532,23.911194],[120.68548,23.911321],[120.685487,23.911328],[120.685545,23.911195],[120.685532,23.911194]]]]}},{"type":"Feature","properties":{"n":"復興路","v":"南投市","w":4.5,"c":4.5,"r":0},"geometry":{"type":"MultiPolygon","coordinates":[[[[120.686844,23.908037],[120.686657,23.908622],[120.686676,23.908629],[120.68686,23.908037],[120.686844,23.908037]]]]}},{"type":"Feature","properties":{"n":"復興路","v":"南投市","w":3.7,"c":2,"r":1},"geometry":{"type":"MultiPolygon","coordinates":[[[[120.687828,23.904086],[120.688031,23.903296],[120.687999,23.903278],[120.687802,23.904084],[120.687828,23.904086]]]]}},{"type":"Feature","properties":{"n":"復興路","v":"南投市","w":4,"c":2.5,"r":3},"geometry":{"type":"MultiPolygon","coordinates":[[[[120.688473,23.901348],[120.688444,23.901336],[120.688132,23.902606],[120.688171,23.902578],[120.688473,23.901348]]]]}},{"type":"Feature","properties":{"n":"復興路","v":"南投市","w":4,"c":2.3,"r":4},"geometry":{"type":"MultiPolygon","coordinates":[[[[120.688632,23.901353],[120.688317,23.902588],[120.688325,23.902616],[120.68834,23.902633],[120.68866,23.901368],[120.688663,23.901356],[120.688637,23.901344],[120.688632,23.901353]]]]}},{"type":"Feature","properties":{"n":"營北路","v":"南投市","w":3,"c":1.4,"r":2},"geometry":{"type":"MultiPolygon","coordinates":[[[[120.684408,23.955607],[120.684446,23.955593],[120.68477,23.954781],[120.684749,23.954769],[120.684415,23.955603],[120.684408,23.955607]]]]}},{"type":"Feature","properties":{"n":"中興路","v":"南投市","w":5,"c":2.5,"r":4},"geometry":{"type":"MultiPolygon","coordinates":[[[[120.688685,23.901308],[120.688641,23.901339],[120.690824,23.902266],[120.690839,23.902244],[120.690935,23.902311],[120.691013,23.902398],[120.691044,23.902476],[120.690954,23.903119],[120.690972,23.903114],[120.690988,23.9031],[120.691035,23.902842],[120.691073,23.902481],[120.691042,23.902393],[120.690987,23.902328],[120.690894,23.902244],[120.690847,23.902216],[120.690022,23.901865],[120.688685,23.901308]]]]}},{"type":"Feature","properties":{"n":"省府路","v":"南投市","w":7.5,"c":2.5,"r":2},"geometry":{"type":"MultiPolygon","coordinates":[[[[120.675878,23.955284],[120.675876,23.955364],[120.677143,23.955385],[120.677133,23.955324],[120.675878,23.955284]]]]}},{"type":"Feature","properties":{"n":"省府路","v":"南投市","w":7.5,"c":2.5,"r":2},"geometry":{"type":"MultiPolygon","coordinates":[[[[120.677191,23.955391],[120.680528,23.955462],[120.680497,23.955433],[120.680443,23.955407],[120.677186,23.955336],[120.677191,23.955391]]]]}},{"type":"Feature","properties":{"n":"省府路","v":"南投市","w":7.5,"c":2.5,"r":2},"geometry":{"type":"MultiPolygon","coordinates":[[[[120.674836,23.955033],[120.677588,23.955148],[120.677614,23.955134],[120.677627,23.955108],[120.674822,23.954976],[120.67482,23.955002],[120.674836,23.955033]]]]}},{"type":"Feature","properties":{"n":"省府路","v":"南投市","w":7.5,"c":2.5,"r":2},"geometry":{"type":"MultiPolygon","coordinates":[[[[120.67771,23.955152],[120.679498,23.955198],[120.680325,23.955195],[120.680335,23.955158],[120.677686,23.95509],[120.677686,23.955121],[120.67771,23.955152]]]]}},{"type":"Feature","properties":{"n":"中興路","v":"南投市","w":3.4,"c":1.8,"r":2},"geometry":{"type":"MultiPolygon","coordinates":[[[[120.687055,23.900376],[120.688086,23.900811],[120.688109,23.900804],[120.68812,23.900785],[120.687063,23.900341],[120.687055,23.900376]]]]}},{"type":"Feature","properties":{"n":"中興路","v":"南投市","w":3.8,"c":2.8,"r":2},"geometry":{"type":"MultiPolygon","coordinates":[[[[120.688207,23.900854],[120.688207,23.900867],[120.689235,23.901282],[120.689258,23.901274],[120.689274,23.901256],[120.688204,23.900821],[120.688207,23.900854]]]]}},{"type":"Feature","properties":{"n":"中興路","v":"南投市","w":3.8,"c":2.8,"r":2},"geometry":{"type":"MultiPolygon","coordinates":[[[[120.689336,23.901326],[120.690001,23.901598],[120.690038,23.901582],[120.689329,23.901288],[120.689336,23.901326]]]]}},{"type":"Feature","properties":{"n":"中興路","v":"南投市","w":4,"c":2.4,"r":4},"geometry":{"type":"MultiPolygon","coordinates":[[[[120.688445,23.901331],[120.688466,23.901338],[120.688489,23.901274],[120.688469,23.901229],[120.687882,23.900974],[120.687831,23.900991],[120.687731,23.901268],[120.687736,23.901299],[120.687751,23.901304],[120.687848,23.901019],[120.687885,23.901008],[120.688451,23.901243],[120.688463,23.901274],[120.688445,23.901331]]]]}},{"type":"Feature","properties":{"n":"向上路","v":"南投市","w":3,"c":2,"r":4},"geometry":{"type":"MultiPolygon","coordinates":[[[[120.686104,23.950983],[120.686097,23.950997],[120.686305,23.951062],[120.686424,23.951153],[120.686577,23.951327],[120.686738,23.95149],[120.687584,23.95223],[120.68808,23.952537],[120.68809,23.952518],[120.687589,23.952208],[120.6872,23.951866],[120.686907,23.951619],[120.686658,23.951384],[120.68644,23.951141],[120.686315,23.951044],[120.686104,23.950983]]]]}},{"type":"Feature","properties":{"n":"向陽路","v":"南投市","w":3,"c":1.5,"r":2},"geometry":{"type":"MultiPolygon","coordinates":[[[[120.682248,23.953335],[120.682236,23.95335],[120.682469,23.953386],[120.683818,23.95342],[120.684172,23.953459],[120.684639,23.953598],[120.684647,23.953577],[120.68418,23.95344],[120.683837,23.953401],[120.683626,23.953391],[120.682914,23.953373],[120.682474,23.953372],[120.682248,23.953335]]]]}},{"type":"Feature","properties":{"n":"向陽路","v":"南投市","w":3,"c":1.5,"r":2},"geometry":{"type":"MultiPolygon","coordinates":[[[[120.68208,23.953294],[120.681642,23.953097],[120.681188,23.952855],[120.68037,23.952308],[120.680334,23.952311],[120.680527,23.952435],[120.680973,23.95274],[120.681163,23.952859],[120.681615,23.953104],[120.682079,23.953313],[120.68208,23.953294]]]]}},{"type":"Feature","properties":{"n":"向陽路","v":"南投市","w":3,"c":1.5,"r":6},"geometry":{"type":"MultiPolygon","coordinates":[[[[120.680226,23.952071],[120.680683,23.952354],[120.68134,23.95279],[120.681558,23.952907],[120.682067,23.953135],[120.682173,23.953188],[120.682353,23.953221],[120.682381,23.953221],[120.682394,23.953209],[120.682316,23.953202],[120.682176,23.953178],[120.681431,23.952823],[120.680746,23.952377],[120.680229,23.952048],[120.680219,23.952046],[120.680226,23.952071]]]]}},{"type":"Feature","properties":{"n":"向陽路","v":"南投市","w":3,"c":1.5,"r":4},"geometry":{"type":"MultiPolygon","coordinates":[[[[120.682583,23.953232],[120.682624,23.953244],[120.683074,23.953247],[120.68382,23.953282],[120.684363,23.953362],[120.684646,23.953436],[120.684688,23.953439],[120.684696,23.953422],[120.684376,23.953348],[120.683841,23.953263],[120.683082,23.953228],[120.682612,23.953232],[120.682583,23.953232]]]]}},{"type":"Feature","properties":{"n":"三和一路","v":"南投市","w":4,"c":2,"r":2},"geometry":{"type":"MultiPolygon","coordinates":[[[[120.688222,23.902648],[120.688227,23.902669],[120.689123,23.902802],[120.690025,23.902988],[120.690045,23.902957],[120.689175,23.902783],[120.688222,23.902648]]]]}},{"type":"Feature","properties":{"n":"府南一路","v":"南投市","w":3.8,"c":2.4,"r":0},"geometry":{"type":"MultiPolygon","coordinates":[[[[120.692197,23.901982],[120.692029,23.901757],[120.69198,23.901707],[120.691845,23.901599],[120.691801,23.901573],[120.691757,23.901585],[120.691475,23.902127],[120.691417,23.902261],[120.69142,23.902299],[120.691788,23.901596],[120.691814,23.901603],[120.692008,23.901761],[120.692177,23.901986],[120.692197,23.901982]]]]}},{"type":"Feature","properties":{"n":"府南一路","v":"南投市","w":4,"c":2.5,"r":2},"geometry":{"type":"MultiPolygon","coordinates":[[[[120.691338,23.902195],[120.691476,23.901938],[120.691479,23.901907],[120.691466,23.901895],[120.69132,23.902181],[120.691338,23.902195]]]]}},{"type":"Feature","properties":{"n":"府南路一街","v":"南投市","w":3,"c":1.8,"r":0},"geometry":{"type":"MultiPolygon","coordinates":[[[[120.690303,23.901366],[120.690848,23.901582],[120.691147,23.901723],[120.691453,23.901905],[120.691466,23.901892],[120.691126,23.901693],[120.690934,23.901596],[120.690353,23.901361],[120.690303,23.901366]]]]}},{"type":"Feature","properties":{"n":"府南二路","v":"南投市","w":2,"c":2,"r":0},"geometry":{"type":"MultiPolygon","coordinates":[[[[120.690158,23.901619],[120.690175,23.901638],[120.690324,23.901378],[120.690303,23.901366],[120.690288,23.901382],[120.690158,23.901619]]]]}},{"type":"Feature","properties":{"n":"大庄路","v":"南投市","w":3.2,"c":2,"r":4},"geometry":{"type":"MultiPolygon","coordinates":[[[[120.683107,23.896388],[120.683146,23.89637],[120.682695,23.895091],[120.682191,23.893782],[120.682152,23.893824],[120.682572,23.8949],[120.68272,23.895312],[120.683107,23.896388]]]]}},{"type":"Feature","properties":{"n":"民族路","v":"南投市","w":5.5,"c":5.5,"r":1},"geometry":{"type":"MultiPolygon","coordinates":[[[[120.687593,23.909333],[120.687695,23.909086],[120.687695,23.909055],[120.687687,23.909043],[120.687534,23.908976],[120.687526,23.908995],[120.687665,23.909052],[120.687676,23.909086],[120.687574,23.909329],[120.687593,23.909333]]]]}},{"type":"Feature","properties":{"n":"復興路","v":"南投市","w":4,"c":2,"r":2},"geometry":{"type":"MultiPolygon","coordinates":[[[[120.681974,23.918848],[120.681956,23.918838],[120.6818,23.919017],[120.681745,23.91906],[120.681696,23.919084],[120.681649,23.919098],[120.681566,23.91911],[120.681352,23.919129],[120.681235,23.919128],[120.681108,23.919116],[120.680947,23.91909],[120.680661,23.918991],[120.680049,23.918746],[120.680041,23.918765],[120.680744,23.919041],[120.680939,23.919106],[120.681152,23.91914],[120.681261,23.91915],[120.681389,23.919143],[120.681672,23.919115],[120.681784,23.919058],[120.681859,23.918989],[120.681974,23.918848]]]]}},{"type":"Feature","properties":{"n":"復興路","v":"南投市","w":6,"c":4.2,"r":3},"geometry":{"type":"MultiPolygon","coordinates":[[[[120.684331,23.913393],[120.684349,23.913407],[120.684367,23.913412],[120.684467,23.91308],[120.684556,23.91292],[120.684741,23.912689],[120.684723,23.912674],[120.684986,23.912333],[120.685181,23.912107],[120.685161,23.912092],[120.684965,23.912314],[120.684772,23.912567],[120.684514,23.912884],[120.684426,23.913042],[120.684329,23.913369],[120.684331,23.913393]]]]}},{"type":"Feature","properties":{"n":"南陽路","v":"南投市","w":4,"c":4,"r":2},"geometry":{"type":"MultiPolygon","coordinates":[[[[120.684601,23.913597],[120.684596,23.913616],[120.685196,23.913704],[120.685671,23.913728],[120.68562,23.913701],[120.6855,23.913698],[120.685188,23.913675],[120.684762,23.913622],[120.684601,23.913597]]]]}},{"type":"Feature","properties":{"n":"南陽路","v":"南投市","w":4,"c":4,"r":2},"geometry":{"type":"MultiPolygon","coordinates":[[[[120.687992,23.912568],[120.688034,23.912522],[120.688147,23.912215],[120.688123,23.91221],[120.688037,23.912458],[120.687998,23.912537],[120.687966,23.912565],[120.687966,23.912573],[120.687992,23.912568]]]]}},{"type":"Feature","properties":{"n":"南陽路","v":"南投市","w":5,"c":3.3,"r":2},"geometry":{"type":"MultiPolygon","coordinates":[[[[120.684365,23.913415],[120.684884,23.913495],[120.685248,23.913539],[120.686524,23.913588],[120.686664,23.913576],[120.686799,23.913548],[120.68708,23.913436],[120.687281,23.913338],[120.687445,23.913238],[120.687536,23.913169],[120.687846,23.912824],[120.687932,23.912688],[120.687932,23.912656],[120.687776,23.912871],[120.687492,23.913172],[120.687286,23.913305],[120.687083,23.913407],[120.686794,23.913519],[120.686638,23.913552],[120.6865,23.913561],[120.685243,23.913506],[120.684378,23.913385],[120.684365,23.913415]]]]}},{"type":"Feature","properties":{"n":"南陽路","v":"南投市","w":4,"c":2.4,"r":2},"geometry":{"type":"MultiPolygon","coordinates":[[[[120.682938,23.913039],[120.683511,23.913225],[120.684166,23.913374],[120.684213,23.913352],[120.683548,23.913204],[120.682932,23.912999],[120.682927,23.913022],[120.682938,23.913039]]]]}},{"type":"Feature","properties":{"n":"南陽路","v":"南投市","w":3.6,"c":1.5,"r":4},"geometry":{"type":"MultiPolygon","coordinates":[[[[120.682873,23.912984],[120.682764,23.912957],[120.682271,23.912789],[120.682151,23.912727],[120.681913,23.912571],[120.68176,23.912432],[120.681558,23.912195],[120.681552,23.912195],[120.681552,23.912219],[120.68156,23.912245],[120.681578,23.912279],[120.681723,23.912434],[120.681822,23.912528],[120.682014,23.912669],[120.682128,23.912741],[120.682268,23.912808],[120.682824,23.913],[120.68285,23.912998],[120.682873,23.912984]]]]}},{"type":"Feature","properties":{"n":"南陽路","v":"南投市","w":3.6,"c":1.5,"r":2},"geometry":{"type":"MultiPolygon","coordinates":[[[[120.681488,23.912102],[120.681479,23.9121],[120.681034,23.911518],[120.681015,23.911537],[120.681013,23.911559],[120.681023,23.91159],[120.681412,23.91209],[120.681488,23.912102]]]]}},{"type":"Feature","properties":{"n":"南陽路","v":"南投市","w":3.6,"c":3,"r":2},"geometry":{"type":"MultiPolygon","coordinates":[[[[120.680956,23.911418],[120.680936,23.911413],[120.68023,23.910783],[120.679217,23.910293],[120.679207,23.910326],[120.680018,23.910731],[120.68023,23.910867],[120.680344,23.910961],[120.680599,23.911185],[120.680857,23.91143],[120.680879,23.911443],[120.680904,23.911443],[120.680923,23.911425],[120.680942,23.911436],[120.680956,23.911418]]]]}},{"type":"Feature","properties":{"n":"南崗一路","v":"南投市","w":4.7,"c":2.9,"r":0},"geometry":{"type":"MultiPolygon","coordinates":[[[[120.68433,23.900222],[120.684354,23.900227],[120.684387,23.900222],[120.684979,23.899648],[120.685005,23.899612],[120.685007,23.899588],[120.684992,23.899564],[120.68433,23.900222]]]]}},{"type":"Feature","properties":{"n":"南崗一路","v":"南投市","w":5.4,"c":3,"r":0},"geometry":{"type":"MultiPolygon","coordinates":[[[[120.685226,23.899748],[120.685207,23.899732],[120.684395,23.900506],[120.684408,23.900523],[120.685226,23.899748]]]]}},{"type":"Feature","properties":{"n":"營北路196巷","v":"南投市","w":1.8,"c":0.9,"r":2},"geometry":{"type":"MultiPolygon","coordinates":[[[[120.686581,23.9497],[120.686571,23.949717],[120.686656,23.949755],[120.687118,23.950014],[120.687116,23.949983],[120.686916,23.949868],[120.686656,23.949731],[120.686581,23.9497]]]]}},{"type":"Feature","properties":{"n":"西安路一段","v":"埔里鎮","w":4,"c":2.3,"r":4},"geometry":{"type":"MultiPolygon","coordinates":[[[[120.96939,23.968761],[120.968008,23.967525],[120.967951,23.967516],[120.969379,23.968779],[120.96939,23.968761]]]]}},{"type":"Feature","properties":{"n":"北辰街","v":"埔里鎮","w":4.5,"c":1.9,"r":2},"geometry":{"type":"MultiPolygon","coordinates":[[[[120.967952,23.967517],[120.967931,23.967523],[120.967888,23.967557],[120.96709,23.968305],[120.967085,23.968316],[120.967104,23.968335],[120.967965,23.967535],[120.967952,23.967517]]]]}},{"type":"Feature","properties":{"n":"西康路","v":"埔里鎮","w":3.35,"c":1.94,"r":2},"geometry":{"type":"MultiPolygon","coordinates":[[[[120.966926,23.96829],[120.966296,23.967712],[120.966265,23.9677],[120.966234,23.96771],[120.9669,23.968307],[120.966926,23.96829]]]]}},{"type":"Feature","properties":{"n":"北平街","v":"埔里鎮","w":3.7,"c":2,"r":2},"geometry":{"type":"MultiPolygon","coordinates":[[[[120.96623,23.967708],[120.965409,23.968483],[120.965429,23.968508],[120.966251,23.967732],[120.96623,23.967708]]]]}},{"type":"Feature","properties":{"n":"仁愛路","v":"埔里鎮","w":1.5,"c":1.5,"r":6},"geometry":{"type":"MultiPolygon","coordinates":[[[[120.965017,23.968902],[120.965017,23.968922],[120.966465,23.970171],[120.967239,23.970867],[120.967255,23.970872],[120.967289,23.970872],[120.967304,23.970857],[120.966506,23.97014],[120.966493,23.970171],[120.96503,23.968912],[120.965017,23.968902]]]]}},{"type":"Feature","properties":{"n":"民有一街枇杷橋","v":"埔里鎮","w":1,"c":1,"r":2},"geometry":{"type":"MultiPolygon","coordinates":[[[[120.968535,23.957311],[120.968543,23.957307],[120.96841,23.957123],[120.968402,23.95713],[120.968535,23.957311]]]]}},{"type":"Feature","properties":{"n":"民有一街枇杷橋","v":"埔里鎮","w":1,"c":1,"r":2},"geometry":{"type":"MultiPolygon","coordinates":[[[[120.968498,23.957332],[120.968506,23.95733],[120.968378,23.957153],[120.968371,23.957158],[120.968498,23.957332]]]]}},{"type":"Feature","properties":{"n":"中山路三段愛蘭橋","v":"埔里鎮","w":1.9,"c":1.5,"r":2},"geometry":{"type":"MultiPolygon","coordinates":[[[[120.946606,23.967337],[120.946616,23.967333],[120.946268,23.966556],[120.94625,23.966561],[120.946606,23.967337]]]]}},{"type":"Feature","properties":{"n":"中山路三段愛蘭橋","v":"埔里鎮","w":2,"c":1.55,"r":2},"geometry":{"type":"MultiPolygon","coordinates":[[[[120.94654,23.967358],[120.946553,23.967354],[120.946213,23.966601],[120.946197,23.966606],[120.94654,23.967358]]]]}},{"type":"Feature","properties":{"n":"南環路","v":"埔里鎮","w":2.3,"c":1.13,"r":2},"geometry":{"type":"MultiPolygon","coordinates":[[[[120.946609,23.967345],[120.946612,23.967348],[120.950671,23.965736],[120.951326,23.965603],[120.951331,23.965591],[120.951316,23.965586],[120.950654,23.965716],[120.946604,23.967335],[120.946609,23.967345]]]]}},{"type":"Feature","properties":{"n":"南環路","v":"埔里鎮","w":2.73,"c":0.61,"r":2},"geometry":{"type":"MultiPolygon","coordinates":[[[[120.951321,23.965584],[120.951731,23.964683],[120.953675,23.962151],[120.954378,23.961225],[120.955282,23.958866],[120.955256,23.958866],[120.954352,23.961208],[120.951692,23.964677],[120.951296,23.965585],[120.951321,23.965584]]]]}},{"type":"Feature","properties":{"n":"南環路","v":"埔里鎮","w":1.82,"c":1.3,"r":2},"geometry":{"type":"MultiPolygon","coordinates":[[[[120.951361,23.965598],[120.951379,23.965605],[120.951566,23.965189],[120.951551,23.96518],[120.951361,23.965598]]]]}},{"type":"Feature","properties":{"n":"中山路三段","v":"埔里鎮","w":3,"c":1.26,"r":2},"geometry":{"type":"MultiPolygon","coordinates":[[[[120.961317,23.967796],[120.959536,23.968262],[120.959556,23.968316],[120.961317,23.967844],[120.961317,23.967796]]]]}},{"type":"Feature","properties":{"n":"西寧路","v":"埔里鎮","w":3.86,"c":1.54,"r":2},"geometry":{"type":"MultiPolygon","coordinates":[[[[120.964734,23.967546],[120.964011,23.967321],[120.963995,23.967333],[120.964723,23.96756],[120.964734,23.967546]]]]}},{"type":"Feature","properties":{"n":"南興街","v":"埔里鎮","w":3.1,"c":3.1,"r":null},"geometry":{"type":"MultiPolygon","coordinates":[[[[120.962249,23.965711],[120.962249,23.965728],[120.963123,23.964916],[120.963113,23.964909],[120.962249,23.965711]]]]}},{"type":"Feature","properties":{"n":"中正路","v":"埔里鎮","w":3.6,"c":0.63,"r":2},"geometry":{"type":"MultiPolygon","coordinates":[[[[120.964475,23.968404],[120.964749,23.967566],[120.964736,23.967539],[120.964462,23.968404],[120.964475,23.968404]]]]}},{"type":"Feature","properties":{"n":"南興街","v":"埔里鎮","w":3.2,"c":3.2,"r":null},"geometry":{"type":"MultiPolygon","coordinates":[[[[120.962243,23.965694],[120.963098,23.964891],[120.963082,23.964884],[120.962227,23.965686],[120.962243,23.965694]]]]}},{"type":"Feature","properties":{"n":"仁愛路","v":"埔里鎮","w":2.85,"c":2.05,"r":2},"geometry":{"type":"MultiPolygon","coordinates":[[[[120.964467,23.968402],[120.964467,23.968386],[120.964407,23.968371],[120.964326,23.968273],[120.964233,23.968187],[120.964186,23.968087],[120.964168,23.968094],[120.964215,23.968204],[120.964298,23.968273],[120.964391,23.968386],[120.96442,23.968398],[120.964467,23.968402]]]]}},{"type":"Feature","properties":{"n":"中正路","v":"埔里鎮","w":3.76,"c":3,"r":4},"geometry":{"type":"MultiPolygon","coordinates":[[[[120.971323,23.96113],[120.971329,23.961097],[120.971305,23.961109],[120.97066,23.961823],[120.970364,23.962127],[120.970385,23.962151],[120.970634,23.961892],[120.971323,23.96113]]]]}},{"type":"Feature","properties":{"n":"中華路","v":"埔里鎮","w":4.05,"c":1.5,"r":2},"geometry":{"type":"MultiPolygon","coordinates":[[[[120.973929,23.963427],[120.97396,23.963413],[120.973973,23.963377],[120.973924,23.962292],[120.973897,23.961217],[120.973858,23.961223],[120.973929,23.963427]]]]}},{"type":"Feature","properties":{"n":"民富路","v":"埔里鎮","w":3.36,"c":1.5,"r":2},"geometry":{"type":"MultiPolygon","coordinates":[[[[120.969552,23.960012],[120.969529,23.960313],[120.969606,23.961181],[120.96963,23.96118],[120.969546,23.960306],[120.969586,23.960029],[120.969552,23.960012]]]]}},{"type":"Feature","properties":{"n":"南興街","v":"埔里鎮","w":3.95,"c":3.95,"r":2},"geometry":{"type":"MultiPolygon","coordinates":[[[[120.97113,23.959936],[120.971109,23.959931],[120.970961,23.959931],[120.97054,23.95994],[120.969578,23.959974],[120.969552,23.96],[120.969557,23.960012],[120.969604,23.960029],[120.970649,23.959995],[120.971127,23.959952],[120.97113,23.959936]]]]}},{"type":"Feature","properties":{"n":"公園路","v":"埔里鎮","w":4,"c":2.7,"r":4},"geometry":{"type":"MultiPolygon","coordinates":[[[[120.971672,23.96125],[120.971667,23.961279],[120.973874,23.961213],[120.973858,23.961196],[120.973824,23.961184],[120.971672,23.96125]]]]}},{"type":"Feature","properties":{"n":"鯉魚路","v":"埔里鎮","w":3.82,"c":1.35,"r":2},"geometry":{"type":"MultiPolygon","coordinates":[[[[120.99631,23.971014],[120.995965,23.971719],[120.995913,23.97185],[120.995881,23.971904],[120.995803,23.972005],[120.995042,23.972471],[120.994763,23.972609],[120.994236,23.972884],[120.99395,23.973021],[120.993735,23.973111],[120.993509,23.973218],[120.993261,23.973379],[120.992956,23.973558],[120.992871,23.973582],[120.990967,23.974209],[120.990778,23.974281],[120.99042,23.974382],[120.990233,23.974496],[120.989797,23.974782],[120.989738,23.974847],[120.989543,23.975093],[120.989375,23.975424],[120.989264,23.975669],[120.9892,23.975836],[120.989141,23.975949],[120.988822,23.976511],[120.988803,23.976559],[120.988536,23.976887],[120.988588,23.976924],[120.988848,23.976601],[120.989173,23.976034],[120.989388,23.97555],[120.989629,23.975126],[120.989798,23.974905],[120.989856,23.974845],[120.990012,23.974714],[120.99024,23.97457],[120.990454,23.974445],[120.990844,23.974337],[120.991046,23.97426],[120.992963,23.973639],[120.993412,23.973382],[120.993587,23.973269],[120.99451,23.972839],[120.995102,23.972534],[120.995479,23.972283],[120.99581,23.972092],[120.995973,23.97196],[120.996369,23.971058],[120.99631,23.971014]]]]}},{"type":"Feature","properties":{"n":"信義路","v":"埔里鎮","w":1.86,"c":0,"r":0},"geometry":{"type":"MultiPolygon","coordinates":[[[[120.971852,23.97323],[120.971854,23.973204],[120.969889,23.973211],[120.969891,23.973239],[120.971852,23.97323]]]]}},{"type":"Feature","properties":{"n":"信義路","v":"埔里鎮","w":2.07,"c":0.65,"r":2},"geometry":{"type":"MultiPolygon","coordinates":[[[[120.973948,23.973157],[120.975552,23.97315],[120.975555,23.973135],[120.973943,23.973135],[120.973948,23.973157]]]]}},{"type":"Feature","properties":{"n":"信義路","v":"埔里鎮","w":1.83,"c":0.4,"r":2},"geometry":{"type":"MultiPolygon","coordinates":[[[[120.97834,23.974115],[120.978342,23.974101],[120.978033,23.97411],[120.977812,23.974091],[120.97763,23.974055],[120.977417,23.973981],[120.975773,23.973166],[120.97576,23.973178],[120.977406,23.973998],[120.977635,23.974069],[120.977814,23.974105],[120.978043,23.974127],[120.97834,23.974115]]]]}},{"type":"Feature","properties":{"n":"信義路","v":"埔里鎮","w":1.96,"c":1.96,"r":2},"geometry":{"type":"MultiPolygon","coordinates":[[[[120.972043,23.973264],[120.972571,23.973255],[120.972574,23.973219],[120.972041,23.973231],[120.972043,23.973264]]]]}},{"type":"Feature","properties":{"n":"信義路","v":"埔里鎮","w":2,"c":0.9,"r":2},"geometry":{"type":"MultiPolygon","coordinates":[[[[120.972169,23.973167],[120.973667,23.973153],[120.973667,23.973136],[120.972166,23.973152],[120.972169,23.973167]]]]}},{"type":"Feature","properties":{"n":"信義路","v":"埔里鎮","w":2,"c":0.85,"r":2},"geometry":{"type":"MultiPolygon","coordinates":[[[[120.977264,23.974037],[120.977297,23.974007],[120.975691,23.973194],[120.972695,23.973218],[120.972695,23.97326],[120.975691,23.97323],[120.977264,23.974037]]]]}},{"type":"Feature","properties":{"n":"信義路","v":"埔里鎮","w":2.1,"c":1.1,"r":2},"geometry":{"type":"MultiPolygon","coordinates":[[[[120.968722,23.973232],[120.964906,23.973273],[120.963191,23.972903],[120.96319,23.972933],[120.96488,23.973294],[120.968728,23.973271],[120.968722,23.973232]]]]}},{"type":"Feature","properties":{"n":"信義路","v":"埔里鎮","w":1.9,"c":1.1,"r":2},"geometry":{"type":"MultiPolygon","coordinates":[[[[120.962998,23.972859],[120.958904,23.971706],[120.958897,23.97173],[120.962985,23.972883],[120.962998,23.972859]]]]}},{"type":"Feature","properties":{"n":"信義路","v":"埔里鎮","w":1.94,"c":0.7,"r":2},"geometry":{"type":"MultiPolygon","coordinates":[[[[120.969651,23.973172],[120.971851,23.97317],[120.971848,23.973151],[120.969648,23.973153],[120.969651,23.973172]]]]}},{"type":"Feature","properties":{"n":"信義路","v":"埔里鎮","w":2,"c":0.8,"r":2},"geometry":{"type":"MultiPolygon","coordinates":[[[[120.958842,23.971687],[120.957722,23.971364],[120.957714,23.971376],[120.95884,23.971704],[120.958842,23.971687]]]]}},{"type":"Feature","properties":{"n":"信義路","v":"埔里鎮","w":1.8,"c":0.7,"r":2},"geometry":{"type":"MultiPolygon","coordinates":[[[[120.96954,23.973144],[120.969542,23.973118],[120.969129,23.973123],[120.969129,23.973149],[120.96954,23.973144]]]]}},{"type":"Feature","properties":{"n":"信義路","v":"埔里鎮","w":2,"c":0.87,"r":2},"geometry":{"type":"MultiPolygon","coordinates":[[[[120.957694,23.971351],[120.956345,23.970988],[120.95635,23.971002],[120.957686,23.971364],[120.957694,23.971351]]]]}},{"type":"Feature","properties":{"n":"信義路","v":"埔里鎮","w":2,"c":0.8,"r":2},"geometry":{"type":"MultiPolygon","coordinates":[[[[120.965726,23.973226],[120.966951,23.973226],[120.966945,23.973205],[120.965723,23.973209],[120.965726,23.973226]]]]}},{"type":"Feature","properties":{"n":"信義路","v":"埔里鎮","w":2.2,"c":0.5,"r":2},"geometry":{"type":"MultiPolygon","coordinates":[[[[120.956321,23.970983],[120.954938,23.970617],[120.954927,23.970625],[120.956326,23.971],[120.956321,23.970983]]]]}},{"type":"Feature","properties":{"n":"信義路","v":"埔里鎮","w":1.9,"c":0.7,"r":2},"geometry":{"type":"MultiPolygon","coordinates":[[[[120.965015,23.973219],[120.965015,23.973197],[120.964885,23.973202],[120.964482,23.973152],[120.963244,23.972863],[120.963231,23.972879],[120.964472,23.973171],[120.964885,23.973224],[120.965015,23.973219]]]]}},{"type":"Feature","properties":{"n":"信義路","v":"埔里鎮","w":2.05,"c":0.77,"r":2},"geometry":{"type":"MultiPolygon","coordinates":[[[[120.954882,23.970606],[120.953082,23.970062],[120.953075,23.97008],[120.954863,23.970619],[120.954882,23.970606]]]]}},{"type":"Feature","properties":{"n":"信義路","v":"埔里鎮","w":1.93,"c":0.8,"r":2},"geometry":{"type":"MultiPolygon","coordinates":[[[[120.953218,23.970068],[120.954042,23.970313],[120.95405,23.970301],[120.953221,23.970052],[120.953218,23.970068]]]]}},{"type":"Feature","properties":{"n":"信義路","v":"埔里鎮","w":1.95,"c":0.63,"r":2},"geometry":{"type":"MultiPolygon","coordinates":[[[[120.961636,23.972437],[120.963027,23.972829],[120.963027,23.972805],[120.961626,23.972416],[120.961636,23.972437]]]]}},{"type":"Feature","properties":{"n":"信義路","v":"埔里鎮","w":1.73,"c":0.9,"r":2},"geometry":{"type":"MultiPolygon","coordinates":[[[[120.954295,23.970383],[120.954901,23.970563],[120.954911,23.970553],[120.954293,23.970371],[120.954295,23.970383]]]]}},{"type":"Feature","properties":{"n":"信義路","v":"埔里鎮","w":2,"c":0.7,"r":2},"geometry":{"type":"MultiPolygon","coordinates":[[[[120.961563,23.972403],[120.961572,23.972389],[120.958941,23.971662],[120.958933,23.971674],[120.961563,23.972403]]]]}},{"type":"Feature","properties":{"n":"信義路","v":"埔里鎮","w":1.93,"c":1.03,"r":2},"geometry":{"type":"MultiPolygon","coordinates":[[[[120.955013,23.9706],[120.956284,23.970937],[120.956284,23.970925],[120.955023,23.970586],[120.955013,23.9706]]]]}},{"type":"Feature","properties":{"n":"信義路","v":"埔里鎮","w":1.9,"c":0.6,"r":2},"geometry":{"type":"MultiPolygon","coordinates":[[[[120.956345,23.970958],[120.957699,23.971327],[120.957707,23.971313],[120.95634,23.970942],[120.956345,23.970958]]]]}},{"type":"Feature","properties":{"n":"信義路","v":"埔里鎮","w":1.95,"c":0.8,"r":2},"geometry":{"type":"MultiPolygon","coordinates":[[[[120.957754,23.971341],[120.958852,23.971647],[120.958854,23.97163],[120.95777,23.971319],[120.957754,23.971341]]]]}},{"type":"Feature","properties":{"n":"信義路","v":"埔里鎮","w":1.8,"c":0.9,"r":2},"geometry":{"type":"MultiPolygon","coordinates":[[[[120.978317,23.974172],[120.978314,23.974158],[120.978189,23.974168],[120.978049,23.974161],[120.978046,23.974177],[120.978189,23.974187],[120.978317,23.974172]]]]}},{"type":"Feature","properties":{"n":"六合路","v":"埔里鎮","w":4.43,"c":1.45,"r":2},"geometry":{"type":"MultiPolygon","coordinates":[[[[120.971625,23.970109],[120.971633,23.970097],[120.971347,23.969927],[120.971331,23.969939],[120.971625,23.970109]]]]}},{"type":"Feature","properties":{"n":"六合路","v":"埔里鎮","w":20.3,"c":2.04,"r":2},"geometry":{"type":"MultiPolygon","coordinates":[[[[120.971176,23.970009],[120.971295,23.969906],[120.971056,23.969777],[120.971036,23.969804],[120.971176,23.970009]]]]}},{"type":"Feature","properties":{"n":"六合路","v":"埔里鎮","w":3.98,"c":3.98,"r":2},"geometry":{"type":"MultiPolygon","coordinates":[[[[120.970503,23.969488],[120.971185,23.969802],[120.971195,23.969785],[120.970514,23.969477],[120.970503,23.969488]]]]}},{"type":"Feature","properties":{"n":"六合路","v":"埔里鎮","w":3.9,"c":3.9,"r":2},"geometry":{"type":"MultiPolygon","coordinates":[[[[120.97253,23.970538],[120.97254,23.970521],[120.972251,23.970361],[120.972238,23.970378],[120.97253,23.970538]]]]}},{"type":"Feature","properties":{"n":"北環路","v":"埔里鎮","w":1.77,"c":1.77,"r":2},"geometry":{"type":"MultiPolygon","coordinates":[[[[120.9673,23.97085],[120.969401,23.968872],[120.96939,23.968767],[120.969377,23.968782],[120.969383,23.968868],[120.967281,23.970831],[120.9673,23.97085]]]]}},{"type":"Feature","properties":{"n":"西安路一段","v":"埔里鎮","w":4.4,"c":1.9,"r":2},"geometry":{"type":"MultiPolygon","coordinates":[[[[120.968002,23.967449],[120.968732,23.968103],[120.968761,23.968076],[120.96874,23.968062],[120.968732,23.968081],[120.968025,23.967448],[120.968048,23.967426],[120.96803,23.967417],[120.968002,23.967449]]]]}},{"type":"Feature","properties":{"n":"北澤街","v":"埔里鎮","w":4.4,"c":4.4,"r":2},"geometry":{"type":"MultiPolygon","coordinates":[[[[120.968751,23.968056],[120.968767,23.968068],[120.969643,23.967236],[120.969628,23.967217],[120.968751,23.968056]]]]}},{"type":"Feature","properties":{"n":"中山路二段","v":"埔里鎮","w":10.6,"c":4.2,"r":2},"geometry":{"type":"MultiPolygon","coordinates":[[[[120.969598,23.967231],[120.969619,23.967212],[120.968938,23.966542],[120.968925,23.966562],[120.96958,23.967212],[120.969598,23.967231]]]]}},{"type":"Feature","properties":{"n":"北辰街","v":"埔里鎮","w":4.4,"c":4.4,"r":2},"geometry":{"type":"MultiPolygon","coordinates":[[[[120.968936,23.966594],[120.968917,23.96658],[120.968041,23.967409],[120.968057,23.967421],[120.968936,23.966594]]]]}},{"type":"Feature","properties":{"n":"育英街","v":"埔里鎮","w":4.13,"c":2.63,"r":4},"geometry":{"type":"MultiPolygon","coordinates":[[[[120.962844,23.962934],[120.962476,23.962654],[120.962303,23.962506],[120.96143,23.961693],[120.961409,23.96171],[120.962194,23.962432],[120.962475,23.96268],[120.962833,23.962948],[120.962844,23.962934]]]]}},{"type":"Feature","properties":{"n":"英一街","v":"埔里鎮","w":4,"c":1.5,"r":4},"geometry":{"type":"MultiPolygon","coordinates":[[[[120.961779,23.963915],[120.96181,23.963903],[120.961285,23.963368],[120.961072,23.963153],[120.960445,23.962567],[120.960445,23.962608],[120.960931,23.963076],[120.961693,23.963829],[120.961779,23.963915]]]]}},{"type":"Feature","properties":{"n":"六合路","v":"埔里鎮","w":3.48,"c":0.7,"r":2},"geometry":{"type":"MultiPolygon","coordinates":[[[[120.972483,23.970575],[120.972491,23.970563],[120.971662,23.970097],[120.971646,23.970121],[120.972483,23.970575]]]]}},{"type":"Feature","properties":{"n":"中華路","v":"埔里鎮","w":3.43,"c":2.43,"r":2},"geometry":{"type":"MultiPolygon","coordinates":[[[[120.97204,23.971355],[120.972055,23.971362],[120.972521,23.970567],[120.972508,23.970562],[120.97204,23.971355]]]]}},{"type":"Feature","properties":{"n":"八德路","v":"埔里鎮","w":3.6,"c":1.66,"r":2},"geometry":{"type":"MultiPolygon","coordinates":[[[[120.970425,23.97143],[120.972024,23.971394],[120.97205,23.971371],[120.972032,23.971359],[120.972019,23.971383],[120.970425,23.971418],[120.970425,23.97143]]]]}},{"type":"Feature","properties":{"n":"南環路","v":"埔里鎮","w":1.18,"c":1.18,"r":2},"geometry":{"type":"MultiPolygon","coordinates":[[[[120.955396,23.95844],[120.955435,23.958463],[120.95576,23.957818],[120.959089,23.954606],[120.959063,23.95457],[120.955721,23.957782],[120.955396,23.95844]]]]}},{"type":"Feature","properties":{"n":"南環路","v":"埔里鎮","w":2.21,"c":0.41,"r":2},"geometry":{"type":"MultiPolygon","coordinates":[[[[120.961587,23.951002],[120.961639,23.951005],[120.961965,23.949629],[120.962121,23.949187],[120.966685,23.943239],[120.96779,23.940982],[120.967855,23.940587],[120.967946,23.94042],[120.967894,23.940384],[120.96779,23.940575],[120.967738,23.94091],[120.967426,23.941471],[120.966633,23.943215],[120.962068,23.949174],[120.961919,23.949593],[120.961587,23.951002]]]]}},{"type":"Feature","properties":{"n":"南安路","v":"埔里鎮","w":3.48,"c":2.3,"r":2},"geometry":{"type":"MultiPolygon","coordinates":[[[[120.961232,23.960597],[120.96124,23.960608],[120.961385,23.960494],[120.962774,23.959868],[120.962769,23.959849],[120.96139,23.960475],[120.961232,23.960597]]]]}},{"type":"Feature","properties":{"n":"中山路三段","v":"埔里鎮","w":3.85,"c":1.74,"r":2},"geometry":{"type":"MultiPolygon","coordinates":[[[[120.951519,23.970248],[120.951511,23.970222],[120.950611,23.970453],[120.950617,23.970472],[120.950637,23.970479],[120.951519,23.970248]]]]}},{"type":"Feature","properties":{"n":"恆吉一路","v":"埔里鎮","w":1.9,"c":1.9,"r":2},"geometry":{"type":"MultiPolygon","coordinates":[[[[120.951209,23.971245],[120.951232,23.971236],[120.951035,23.97055],[120.951014,23.97056],[120.951209,23.971245]]]]}},{"type":"Feature","properties":{"n":"南安路","v":"埔里鎮","w":4.16,"c":1.76,"r":2},"geometry":{"type":"MultiPolygon","coordinates":[[[[120.966338,23.958566],[120.966344,23.958578],[120.966676,23.958463],[120.967308,23.958291],[120.967308,23.958275],[120.966674,23.958451],[120.966338,23.958566]]]]}},{"type":"Feature","properties":{"n":"恆吉一路","v":"埔里鎮","w":1.9,"c":1.9,"r":2},"geometry":{"type":"MultiPolygon","coordinates":[[[[120.951677,23.972748],[120.951703,23.972743],[120.951241,23.971252],[120.951223,23.971264],[120.951648,23.972659],[120.951677,23.972748]]]]}},{"type":"Feature","properties":{"n":"大城路","v":"埔里鎮","w":4,"c":2.7,"r":2},"geometry":{"type":"MultiPolygon","coordinates":[[[[120.953764,23.971359],[120.953764,23.971333],[120.95262,23.972173],[120.952295,23.972383],[120.952042,23.972524],[120.951915,23.97262],[120.951788,23.972737],[120.951678,23.972749],[120.951689,23.97277],[120.951801,23.972768],[120.951925,23.972649],[120.952079,23.972532],[120.95229,23.972419],[120.952477,23.972305],[120.952596,23.972228],[120.95283,23.972056],[120.953764,23.971359]]]]}},{"type":"Feature","properties":{"n":"南安路","v":"埔里鎮","w":6.6,"c":4.2,"r":2},"geometry":{"type":"MultiPolygon","coordinates":[[[[120.967329,23.958258],[120.967342,23.958273],[120.968525,23.957376],[120.968517,23.957357],[120.967329,23.958258]]]]}},{"type":"Feature","properties":{"n":"八德路","v":"埔里鎮","w":3.8,"c":3.8,"r":2},"geometry":{"type":"MultiPolygon","coordinates":[[[[120.970033,23.971431],[120.970358,23.971431],[120.970358,23.971419],[120.970033,23.971422],[120.970033,23.971431]]]]}},{"type":"Feature","properties":{"n":"南安路","v":"埔里鎮","w":2.8,"c":2.8,"r":2},"geometry":{"type":"MultiPolygon","coordinates":[[[[120.968458,23.957475],[120.967424,23.958263],[120.967444,23.958282],[120.968471,23.957495],[120.968458,23.957475]]]]}},{"type":"Feature","properties":{"n":"南安路","v":"埔里鎮","w":3.1,"c":0.9,"r":2},"geometry":{"type":"MultiPolygon","coordinates":[[[[120.970265,23.9563],[120.972631,23.956025],[120.973041,23.955989],[120.973502,23.956037],[120.973879,23.956193],[120.973899,23.956169],[120.973509,23.956019],[120.973054,23.955972],[120.970266,23.956282],[120.970265,23.9563]]]]}},{"type":"Feature","properties":{"n":"南安路","v":"埔里鎮","w":2.5,"c":1.2,"r":2},"geometry":{"type":"MultiPolygon","coordinates":[[[[120.968564,23.95733],[120.968574,23.957346],[120.969752,23.956437],[120.970236,23.956308],[120.970238,23.956289],[120.96975,23.956417],[120.968564,23.95733]]]]}},{"type":"Feature","properties":{"n":"富頂路一段","v":"草屯鎮","w":3,"c":1.5,"r":5},"geometry":{"type":"MultiPolygon","coordinates":[[[[120.700201,23.98057],[120.700188,23.980543],[120.700002,23.978947],[120.699989,23.978813],[120.699997,23.978751],[120.699974,23.978758],[120.699966,23.978832],[120.700172,23.980581],[120.700201,23.98057]]]]}},{"type":"Feature","properties":{"n":"富頂路一段38巷","v":"草屯鎮","w":3,"c":2,"r":0},"geometry":{"type":"MultiPolygon","coordinates":[[[[120.699903,23.979758],[120.698802,23.979865],[120.698805,23.979887],[120.699902,23.979777],[120.699903,23.979758]]]]}},{"type":"Feature","properties":{"n":"富頂路一段","v":"草屯鎮","w":3,"c":1.6,"r":3},"geometry":{"type":"MultiPolygon","coordinates":[[[[120.699939,23.979732],[120.699965,23.979715],[120.69986,23.97885],[120.699838,23.978833],[120.699832,23.97884],[120.699939,23.979732]]]]}},{"type":"Feature","properties":{"n":"富頂路一段","v":"草屯鎮","w":3,"c":1.25,"r":1},"geometry":{"type":"MultiPolygon","coordinates":[[[[120.700456,23.977654],[120.700253,23.977909],[120.700263,23.977914],[120.700466,23.977662],[120.700456,23.977654]]]]}},{"type":"Feature","properties":{"n":"富頂路一段","v":"草屯鎮","w":3,"c":1.8,"r":0},"geometry":{"type":"MultiPolygon","coordinates":[[[[120.700458,23.977658],[120.700468,23.977655],[120.700541,23.977548],[120.701042,23.977],[120.701042,23.976992],[120.700536,23.977546],[120.700458,23.977658]]]]}},{"type":"Feature","properties":{"n":"富頂路一段","v":"草屯鎮","w":3,"c":1.7,"r":0},"geometry":{"type":"MultiPolygon","coordinates":[[[[120.701043,23.976992],[120.701048,23.976999],[120.70171,23.976279],[120.702544,23.97564],[120.702536,23.975633],[120.701715,23.976264],[120.701043,23.976992]]]]}},{"type":"Feature","properties":{"n":"富頂路一段","v":"草屯鎮","w":3,"c":1.75,"r":1},"geometry":{"type":"MultiPolygon","coordinates":[[[[120.700525,23.977532],[120.701683,23.976268],[120.702534,23.975615],[120.702521,23.975608],[120.701675,23.976256],[120.700518,23.977527],[120.700525,23.977532]]]]}},{"type":"Feature","properties":{"n":"富頂路一段","v":"草屯鎮","w":3.1,"c":0.8,"r":3},"geometry":{"type":"MultiPolygon","coordinates":[[[[120.702624,23.975555],[120.702637,23.975563],[120.703307,23.975132],[120.703291,23.97512],[120.702624,23.975555]]]]}},{"type":"Feature","properties":{"n":"富頂路一段","v":"草屯鎮","w":3.1,"c":1.2,"r":1},"geometry":{"type":"MultiPolygon","coordinates":[[[[120.703289,23.975122],[120.703305,23.975134],[120.703964,23.974688],[120.703946,23.974679],[120.703289,23.975122]]]]}},{"type":"Feature","properties":{"n":"富頂路一段","v":"草屯鎮","w":3.1,"c":1.9,"r":1},"geometry":{"type":"MultiPolygon","coordinates":[[[[120.703961,23.974673],[120.703982,23.974675],[120.705075,23.974161],[120.705068,23.974144],[120.703961,23.974673]]]]}},{"type":"Feature","properties":{"n":"富頂路一段","v":"草屯鎮","w":3,"c":2,"r":2},"geometry":{"type":"MultiPolygon","coordinates":[[[[120.70257,23.975575],[120.702854,23.975384],[120.702839,23.975368],[120.702557,23.97557],[120.70257,23.975575]]]]}},{"type":"Feature","properties":{"n":"富頂路一段","v":"草屯鎮","w":3,"c":2,"r":2},"geometry":{"type":"MultiPolygon","coordinates":[[[[120.7033,23.975098],[120.703284,23.975086],[120.702842,23.975369],[120.70285,23.975381],[120.7033,23.975098]]]]}},{"type":"Feature","properties":{"n":"富頂路一段","v":"草屯鎮","w":3,"c":1.6,"r":2},"geometry":{"type":"MultiPolygon","coordinates":[[[[120.703937,23.974671],[120.703914,23.974657],[120.703286,23.975081],[120.703302,23.975096],[120.703937,23.974671]]]]}},{"type":"Feature","properties":{"n":"富頂路一段","v":"草屯鎮","w":3,"c":1,"r":1},"geometry":{"type":"MultiPolygon","coordinates":[[[[120.704582,23.974361],[120.704569,23.974347],[120.703944,23.974659],[120.703957,23.974668],[120.704582,23.974361]]]]}},{"type":"Feature","properties":{"n":"富頂路一段","v":"草屯鎮","w":3,"c":0.45,"r":1},"geometry":{"type":"MultiPolygon","coordinates":[[[[120.704572,23.974366],[120.705063,23.974128],[120.705048,23.974111],[120.704561,23.974351],[120.704572,23.974366]]]]}},{"type":"Feature","properties":{"n":"富頂路一段","v":"草屯鎮","w":3,"c":1.15,"r":1},"geometry":{"type":"MultiPolygon","coordinates":[[[[120.707298,23.973226],[120.707284,23.973202],[120.706875,23.973388],[120.706347,23.973614],[120.70509,23.974128],[120.7051,23.974156],[120.707298,23.973226]]]]}},{"type":"Feature","properties":{"n":"富頂路一段","v":"草屯鎮","w":3,"c":2,"r":1},"geometry":{"type":"MultiPolygon","coordinates":[[[[120.705786,23.973786],[120.705779,23.973751],[120.705057,23.974072],[120.705077,23.974108],[120.705786,23.973786]]]]}},{"type":"Feature","properties":{"n":"富春路","v":"草屯鎮","w":3.5,"c":1,"r":0},"geometry":{"type":"MultiPolygon","coordinates":[[[[120.701527,23.980547],[120.700657,23.980643],[120.700663,23.980664],[120.701528,23.980575],[120.701527,23.980547]]]]}},{"type":"Feature","properties":{"n":"富春路","v":"草屯鎮","w":3.1,"c":1.4,"r":6},"geometry":{"type":"MultiPolygon","coordinates":[[[[120.70064,23.980528],[120.700645,23.980557],[120.701694,23.98044],[120.701803,23.980414],[120.701894,23.980373],[120.701977,23.980318],[120.702063,23.980242],[120.702097,23.980202],[120.70211,23.980175],[120.702092,23.980178],[120.702045,23.980242],[120.701985,23.980285],[120.701933,23.98033],[120.701852,23.98038],[120.701761,23.980409],[120.701579,23.980435],[120.700671,23.980529],[120.70064,23.980528]]]]}},{"type":"Feature","properties":{"n":"富春路","v":"草屯鎮","w":3.1,"c":1.1,"r":6},"geometry":{"type":"MultiPolygon","coordinates":[[[[120.700587,23.980638],[120.697851,23.980891],[120.697854,23.980924],[120.700579,23.980664],[120.700587,23.980638]]]]}},{"type":"Feature","properties":{"n":"富春路","v":"草屯鎮","w":3.1,"c":1.7,"r":6},"geometry":{"type":"MultiPolygon","coordinates":[[[[120.702121,23.980109],[120.702155,23.979428],[120.702097,23.979177],[120.702059,23.978431],[120.702006,23.978431],[120.702056,23.979171],[120.702114,23.979434],[120.70208,23.980097],[120.702121,23.980109]]]]}},{"type":"Feature","properties":{"n":"富春路","v":"草屯鎮","w":3.1,"c":0.7,"r":12},"geometry":{"type":"MultiPolygon","coordinates":[[[[120.7021,23.978419],[120.702144,23.979164],[120.702195,23.979416],[120.702187,23.980073],[120.702135,23.980201],[120.701822,23.98051],[120.701528,23.980544],[120.701534,23.980616],[120.70182,23.980563],[120.702165,23.980235],[120.702231,23.980074],[120.702239,23.979429],[120.702181,23.979148],[120.702144,23.978414],[120.7021,23.978419]]]]}},{"type":"Feature","properties":{"n":"富林路一段","v":"草屯鎮","w":3.1,"c":1.6,"r":0},"geometry":{"type":"MultiPolygon","coordinates":[[[[120.703909,23.978222],[120.703329,23.976358],[120.703219,23.976113],[120.702999,23.975879],[120.70257,23.97561],[120.702545,23.975627],[120.70298,23.975903],[120.703207,23.976148],[120.703323,23.976429],[120.703871,23.978224],[120.703909,23.978222]]]]}},{"type":"Feature","properties":{"n":"富林路一段","v":"草屯鎮","w":3,"c":1.6,"r":0},"geometry":{"type":"MultiPolygon","coordinates":[[[[120.703939,23.97822],[120.703973,23.978211],[120.703399,23.976363],[120.703259,23.97605],[120.703018,23.975798],[120.70262,23.975566],[120.702584,23.975585],[120.702997,23.975834],[120.703241,23.976078],[120.70336,23.976344],[120.703917,23.978141],[120.703939,23.97822]]]]}},{"type":"Feature","properties":{"n":"富林路一段","v":"草屯鎮","w":3,"c":0.5,"r":0},"geometry":{"type":"MultiPolygon","coordinates":[[[[120.702371,23.975606],[120.701909,23.975371],[120.701685,23.975299],[120.701093,23.975174],[120.700573,23.975075],[120.700264,23.975009],[120.700227,23.975026],[120.70168,23.975323],[120.701924,23.9754],[120.702373,23.975635],[120.702368,23.975606],[120.702371,23.975606]]]]}},{"type":"Feature","properties":{"n":"富林路一段","v":"草屯鎮","w":3,"c":1.6,"r":1},"geometry":{"type":"MultiPolygon","coordinates":[[[[120.702575,23.975575],[120.70259,23.975566],[120.702206,23.975362],[120.701811,23.975204],[120.701393,23.975107],[120.701385,23.975124],[120.701806,23.975218],[120.702203,23.975377],[120.702575,23.975575]]]]}},{"type":"Feature","properties":{"n":"富林路一段","v":"草屯鎮","w":3,"c":1.6,"r":2},"geometry":{"type":"MultiPolygon","coordinates":[[[[120.700289,23.974864],[120.701203,23.975059],[120.701276,23.975052],[120.700296,23.97484],[120.700289,23.974864]]]]}},{"type":"Feature","properties":{"n":"豋輝路","v":"草屯鎮","w":3,"c":2,"r":2},"geometry":{"type":"MultiPolygon","coordinates":[[[[120.688117,23.988638],[120.688111,23.988657],[120.688598,23.988565],[120.688775,23.988565],[120.688923,23.988558],[120.688923,23.988551],[120.688889,23.988541],[120.688746,23.98855],[120.68859,23.98855],[120.688322,23.988602],[120.688117,23.988638]]]]}},{"type":"Feature","properties":{"n":"豋輝路","v":"草屯鎮","w":3,"c":2,"r":2},"geometry":{"type":"MultiPolygon","coordinates":[[[[120.688189,23.988514],[120.688585,23.988453],[120.688879,23.988437],[120.688871,23.988415],[120.688577,23.988434],[120.688192,23.988497],[120.688189,23.988514]]]]}},{"type":"Feature","properties":{"n":"豋輝路","v":"草屯鎮","w":3,"c":2,"r":2},"geometry":{"type":"MultiPolygon","coordinates":[[[[120.689046,23.988547],[120.689035,23.988562],[120.689206,23.988579],[120.689656,23.988692],[120.689791,23.988715],[120.689796,23.988701],[120.689588,23.988649],[120.689196,23.988561],[120.689046,23.988547]]]]}},{"type":"Feature","properties":{"n":"豋輝路","v":"草屯鎮","w":3,"c":2,"r":2},"geometry":{"type":"MultiPolygon","coordinates":[[[[120.688938,23.988444],[120.689227,23.98846],[120.689279,23.988471],[120.689284,23.988445],[120.689146,23.988433],[120.688933,23.988428],[120.688938,23.988444]]]]}},{"type":"Feature","properties":{"n":"豋輝路","v":"草屯鎮","w":3,"c":0.8,"r":1},"geometry":{"type":"MultiPolygon","coordinates":[[[[120.689269,23.988547],[120.691543,23.988992],[120.69155,23.988956],[120.689272,23.988535],[120.689269,23.988547]]]]}},{"type":"Feature","properties":{"n":"豋輝路","v":"草屯鎮","w":3,"c":1.2,"r":1},"geometry":{"type":"MultiPolygon","coordinates":[[[[120.693956,23.98933],[120.69263,23.989166],[120.691609,23.98902],[120.691603,23.989044],[120.692968,23.989244],[120.693923,23.989359],[120.693956,23.98933]]]]}},{"type":"Feature","properties":{"n":"豋輝路","v":"草屯鎮","w":3,"c":1.8,"r":0},"geometry":{"type":"MultiPolygon","coordinates":[[[[120.695107,23.989243],[120.693976,23.989318],[120.69395,23.989373],[120.695088,23.98928],[120.695107,23.989243]]]]}},{"type":"Feature","properties":{"n":"豋輝路","v":"草屯鎮","w":2.8,"c":1.9,"r":1},"geometry":{"type":"MultiPolygon","coordinates":[[[[120.691583,23.988996],[120.691976,23.989057],[120.691978,23.989021],[120.691586,23.988962],[120.691583,23.988996]]]]}},{"type":"Feature","properties":{"n":"豋輝路","v":"草屯鎮","w":2.8,"c":1.2,"r":0},"geometry":{"type":"MultiPolygon","coordinates":[[[[120.691995,23.989056],[120.693955,23.989299],[120.695001,23.989227],[120.69498,23.989187],[120.693948,23.989259],[120.692001,23.989018],[120.691995,23.989056]]]]}},{"type":"Feature","properties":{"n":"平等街","v":"草屯鎮","w":4.5,"c":0.8,"r":0},"geometry":{"type":"MultiPolygon","coordinates":[[[[120.688032,23.982359],[120.688141,23.982393],[120.688381,23.981921],[120.68834,23.981894],[120.688334,23.981909],[120.688365,23.981925],[120.688128,23.982374],[120.688039,23.982345],[120.688032,23.982359]]]]}},{"type":"Feature","properties":{"n":"平等街","v":"草屯鎮","w":5.5,"c":2.8,"r":2},"geometry":{"type":"MultiPolygon","coordinates":[[[[120.687776,23.982518],[120.688248,23.981843],[120.688232,23.981833],[120.687757,23.982518],[120.687776,23.982518]]]]}},{"type":"Feature","properties":{"n":"碧山南路","v":"草屯鎮","w":3,"c":1.4,"r":5},"geometry":{"type":"MultiPolygon","coordinates":[[[[120.67899,23.978183],[120.680165,23.978164],[120.680163,23.97815],[120.680124,23.978138],[120.679045,23.978153],[120.679026,23.97816],[120.67899,23.978183]]]]}},{"type":"Feature","properties":{"n":"碧山南路","v":"草屯鎮","w":3,"c":2.4,"r":1},"geometry":{"type":"MultiPolygon","coordinates":[[[[120.678814,23.978173],[120.676315,23.978198],[120.676315,23.97821],[120.678816,23.978192],[120.678814,23.978173]]]]}},{"type":"Feature","properties":{"n":"碧山路","v":"草屯鎮","w":3,"c":1.75,"r":7},"geometry":{"type":"MultiPolygon","coordinates":[[[[120.67612,23.978252],[120.676125,23.978226],[120.676097,23.978212],[120.673818,23.977691],[120.669679,23.9767],[120.669673,23.976722],[120.674917,23.977968],[120.676081,23.978238],[120.67612,23.978252]]]]}},{"type":"Feature","properties":{"n":"碧山路","v":"草屯鎮","w":3,"c":1.8,"r":1},"geometry":{"type":"MultiPolygon","coordinates":[[[[120.669626,23.976705],[120.669631,23.976691],[120.667441,23.976132],[120.667433,23.976148],[120.669626,23.976705]]]]}},{"type":"Feature","properties":{"n":"新生路","v":"草屯鎮","w":4.1,"c":2.3,"r":2},"geometry":{"type":"MultiPolygon","coordinates":[[[[120.684031,23.962601],[120.6843,23.964365],[120.684334,23.964362],[120.68407,23.962589],[120.684034,23.962591],[120.684031,23.962601]]]]}},{"type":"Feature","properties":{"n":"民權路","v":"草屯鎮","w":4.1,"c":0.45,"r":1},"geometry":{"type":"MultiPolygon","coordinates":[[[[120.684072,23.962589],[120.684079,23.962618],[120.685291,23.96247],[120.685242,23.962463],[120.684072,23.962589]]]]}},{"type":"Feature","properties":{"n":"虎山路","v":"草屯鎮","w":5,"c":1.4,"r":1},"geometry":{"type":"MultiPolygon","coordinates":[[[[120.685288,23.962462],[120.685474,23.962823],[120.68566,23.963204],[120.685756,23.96345],[120.685908,23.964107],[120.685934,23.964107],[120.685936,23.964091],[120.685895,23.963914],[120.6858,23.963455],[120.685712,23.963225],[120.68565,23.963087],[120.68534,23.962482],[120.685288,23.962462]]]]}},{"type":"Feature","properties":{"n":"中正路","v":"草屯鎮","w":2.2,"c":1,"r":0},"geometry":{"type":"MultiPolygon","coordinates":[[[[120.689304,23.997548],[120.689382,23.9975],[120.688789,23.995683],[120.688711,23.995683],[120.689304,23.997548]]]]}},{"type":"Feature","properties":{"n":"中正路","v":"草屯鎮","w":2.5,"c":1,"r":0},"geometry":{"type":"MultiPolygon","coordinates":[[[[120.689494,23.99749],[120.689546,23.997443],[120.688785,23.994885],[120.6884,23.993009],[120.688348,23.99302],[120.688742,23.994897],[120.689494,23.99749]]]]}},{"type":"Feature","properties":{"n":"中正路","v":"草屯鎮","w":3,"c":1.2,"r":0},"geometry":{"type":"MultiPolygon","coordinates":[[[[120.688499,23.993785],[120.688505,23.993779],[120.68855,23.993773],[120.688402,23.993014],[120.68835,23.99302],[120.688499,23.993785]]]]}},{"type":"Feature","properties":{"n":"中正路","v":"草屯鎮","w":2.3,"c":1,"r":0},"geometry":{"type":"MultiPolygon","coordinates":[[[[120.688634,23.994913],[120.68783,23.993958],[120.687817,23.99396],[120.688626,23.99492],[120.688634,23.994913]]]]}},{"type":"Feature","properties":{"n":"中正路","v":"草屯鎮","w":2.5,"c":1.1,"r":0},"geometry":{"type":"MultiPolygon","coordinates":[[[[120.688576,23.994787],[120.688416,23.993843],[120.688357,23.993855],[120.688518,23.994709],[120.688576,23.994787]]]]}},{"type":"Feature","properties":{"n":"中正路","v":"草屯鎮","w":2.5,"c":1.1,"r":0},"geometry":{"type":"MultiPolygon","coordinates":[[[[120.688398,23.993796],[120.68823,23.992948],[120.688191,23.992965],[120.688365,23.993802],[120.688398,23.993796]]]]}},{"type":"Feature","properties":{"n":"中正路","v":"草屯鎮","w":2.5,"c":1.1,"r":0},"geometry":{"type":"MultiPolygon","coordinates":[[[[120.68827,23.992875],[120.688301,23.992894],[120.688266,23.992517],[120.688216,23.992519],[120.68827,23.992875]]]]}},{"type":"Feature","properties":{"n":"中正路","v":"草屯鎮","w":2.5,"c":1,"r":0},"geometry":{"type":"MultiPolygon","coordinates":[[[[120.688211,23.992886],[120.688024,23.991834],[120.687966,23.991864],[120.688146,23.992899],[120.688211,23.992886]]]]}},{"type":"Feature","properties":{"n":"中正路","v":"草屯鎮","w":2.5,"c":1.2,"r":0},"geometry":{"type":"MultiPolygon","coordinates":[[[[120.688203,23.992455],[120.688255,23.992449],[120.688172,23.99175],[120.68812,23.991761],[120.688203,23.992455]]]]}},{"type":"Feature","properties":{"n":"中正路","v":"草屯鎮","w":2.5,"c":1.5,"r":0},"geometry":{"type":"MultiPolygon","coordinates":[[[[120.687911,23.991812],[120.688002,23.991741],[120.687667,23.989614],[120.6876,23.989638],[120.687894,23.9918],[120.687911,23.991812]]]]}},{"type":"Feature","properties":{"n":"中正路","v":"草屯鎮","w":2.3,"c":1.1,"r":0},"geometry":{"type":"MultiPolygon","coordinates":[[[[120.68822,23.992466],[120.688265,23.992477],[120.687976,23.990769],[120.687944,23.990781],[120.68822,23.992466]]]]}},{"type":"Feature","properties":{"n":"中正路","v":"草屯鎮","w":2.5,"c":1.1,"r":0},"geometry":{"type":"MultiPolygon","coordinates":[[[[120.687932,23.990747],[120.68797,23.990735],[120.687739,23.989421],[120.687694,23.989379],[120.687932,23.990747]]]]}},{"type":"Feature","properties":{"n":"中正路","v":"草屯鎮","w":2.3,"c":0.9,"r":0},"geometry":{"type":"MultiPolygon","coordinates":[[[[120.687524,23.98871],[120.687484,23.988716],[120.687613,23.989576],[120.687665,23.989571],[120.687524,23.98871]]]]}},{"type":"Feature","properties":{"n":"中正路","v":"草屯鎮","w":2.5,"c":1.2,"r":0},"geometry":{"type":"MultiPolygon","coordinates":[[[[120.687693,23.989271],[120.687731,23.989235],[120.687668,23.988715],[120.687596,23.988721],[120.687693,23.989271]]]]}},{"type":"Feature","properties":{"n":"中正路","v":"草屯鎮","w":2.4,"c":1.2,"r":0},"geometry":{"type":"MultiPolygon","coordinates":[[[[120.687683,23.9886],[120.6872,23.985635],[120.687006,23.98536],[120.686915,23.985384],[120.687105,23.985611],[120.687605,23.98861],[120.687683,23.9886]]]]}},{"type":"Feature","properties":{"n":"中正路","v":"草屯鎮","w":2.55,"c":1.4,"r":0},"geometry":{"type":"MultiPolygon","coordinates":[[[[120.687498,23.988629],[120.686916,23.985606],[120.686774,23.985391],[120.686719,23.985414],[120.686849,23.985653],[120.68744,23.988642],[120.687498,23.988629]]]]}},{"type":"Feature","properties":{"n":"中正路","v":"草屯鎮","w":2.5,"c":2.5,"r":2},"geometry":{"type":"MultiPolygon","coordinates":[[[[120.68669,23.985322],[120.686755,23.985322],[120.68625,23.984449],[120.68621,23.984461],[120.68669,23.985322]]]]}},{"type":"Feature","properties":{"n":"中正路","v":"草屯鎮","w":2.6,"c":1.36,"r":2},"geometry":{"type":"MultiPolygon","coordinates":[[[[120.686773,23.985206],[120.686853,23.985162],[120.686708,23.984892],[120.686644,23.984956],[120.686773,23.985206]]]]}},{"type":"Feature","properties":{"n":"中正路","v":"草屯鎮","w":2.7,"c":1.9,"r":2},"geometry":{"type":"MultiPolygon","coordinates":[[[[120.685813,23.983813],[120.685781,23.983818],[120.686163,23.984405],[120.686209,23.98438],[120.685813,23.983813]]]]}},{"type":"Feature","properties":{"n":"中正路","v":"草屯鎮","w":2.7,"c":1.24,"r":2},"geometry":{"type":"MultiPolygon","coordinates":[[[[120.686176,23.98425],[120.686251,23.984364],[120.686296,23.98434],[120.686218,23.984224],[120.686176,23.98425]]]]}},{"type":"Feature","properties":{"n":"中正路","v":"草屯鎮","w":2.7,"c":1.2,"r":2},"geometry":{"type":"MultiPolygon","coordinates":[[[[120.685863,23.983776],[120.686171,23.984241],[120.686215,23.984216],[120.685904,23.983745],[120.685863,23.983776]]]]}},{"type":"Feature","properties":{"n":"中正路","v":"草屯鎮","w":2.9,"c":2.9,"r":2},"geometry":{"type":"MultiPolygon","coordinates":[[[[120.685005,23.9826],[120.684979,23.98263],[120.685749,23.983784],[120.685814,23.983768],[120.685005,23.9826]]]]}},{"type":"Feature","properties":{"n":"中正路","v":"草屯鎮","w":2.6,"c":1.2,"r":2},"geometry":{"type":"MultiPolygon","coordinates":[[[[120.685632,23.98341],[120.685852,23.983762],[120.685884,23.983727],[120.685661,23.983392],[120.685632,23.98341]]]]}},{"type":"Feature","properties":{"n":"中正路","v":"草屯鎮","w":4.7,"c":2.6,"r":2},"geometry":{"type":"MultiPolygon","coordinates":[[[[120.685131,23.98268],[120.685624,23.983407],[120.685656,23.983383],[120.685151,23.982677],[120.685131,23.98268]]]]}},{"type":"Feature","properties":{"n":"中正路","v":"草屯鎮","w":2.6,"c":1.17,"r":2},"geometry":{"type":"MultiPolygon","coordinates":[[[[120.68461,23.981906],[120.685112,23.98267],[120.685133,23.982654],[120.684631,23.9819],[120.68461,23.981906]]]]}},{"type":"Feature","properties":{"n":"中正路","v":"草屯鎮","w":2.4,"c":1.5,"r":4},"geometry":{"type":"MultiPolygon","coordinates":[[[[120.684996,23.982565],[120.684586,23.981925],[120.684555,23.981955],[120.684963,23.98259],[120.684996,23.982565]]]]}},{"type":"Feature","properties":{"n":"中正路","v":"草屯鎮","w":3.04,"c":1.47,"r":2},"geometry":{"type":"MultiPolygon","coordinates":[[[[120.684547,23.98189],[120.684477,23.980934],[120.684445,23.980641],[120.684419,23.980641],[120.68452,23.98192],[120.684547,23.98189]]]]}},{"type":"Feature","properties":{"n":"中正路","v":"草屯鎮","w":2.99,"c":1.37,"r":2},"geometry":{"type":"MultiPolygon","coordinates":[[[[120.68458,23.980967],[120.684567,23.980955],[120.684547,23.980961],[120.684604,23.981779],[120.684617,23.981684],[120.68458,23.980967]]]]}},{"type":"Feature","properties":{"n":"中正路","v":"草屯鎮","w":2.85,"c":1.61,"r":2},"geometry":{"type":"MultiPolygon","coordinates":[[[[120.68435,23.980041],[120.684304,23.980017],[120.684413,23.98061],[120.684445,23.980604],[120.68435,23.980041]]]]}},{"type":"Feature","properties":{"n":"中正路","v":"草屯鎮","w":2.99,"c":1.48,"r":2},"geometry":{"type":"MultiPolygon","coordinates":[[[[120.68444,23.980102],[120.684401,23.980066],[120.684542,23.980909],[120.684575,23.980916],[120.68444,23.980102]]]]}},{"type":"Feature","properties":{"n":"中正路","v":"草屯鎮","w":2.56,"c":1.67,"r":1},"geometry":{"type":"MultiPolygon","coordinates":[[[[120.684387,23.979781],[120.684358,23.979781],[120.684389,23.979992],[120.684412,23.980018],[120.684387,23.979781]]]]}},{"type":"Feature","properties":{"n":"中正路","v":"草屯鎮","w":2.93,"c":1.59,"r":2},"geometry":{"type":"MultiPolygon","coordinates":[[[[120.684324,23.979974],[120.684355,23.979979],[120.684217,23.979055],[120.684181,23.979054],[120.684324,23.979974]]]]}},{"type":"Feature","properties":{"n":"中正路","v":"草屯鎮","w":2.52,"c":1.46,"r":2},"geometry":{"type":"MultiPolygon","coordinates":[[[[120.684341,23.979414],[120.684313,23.979419],[120.684356,23.979734],[120.684385,23.979732],[120.684341,23.979414]]]]}},{"type":"Feature","properties":{"n":"中正路","v":"草屯鎮","w":2.85,"c":1.73,"r":2},"geometry":{"type":"MultiPolygon","coordinates":[[[[120.684279,23.979067],[120.684246,23.97905],[120.684317,23.979403],[120.684343,23.979403],[120.684279,23.979067]]]]}},{"type":"Feature","properties":{"n":"中正路","v":"草屯鎮","w":3.2,"c":0.5,"r":0},"geometry":{"type":"MultiPolygon","coordinates":[[[[120.689402,23.979855],[120.690798,23.979865],[120.690803,23.979853],[120.689402,23.97984],[120.689402,23.979855]]]]}},{"type":"Feature","properties":{"n":"中正路","v":"草屯鎮","w":3.2,"c":0.5,"r":0},"geometry":{"type":"MultiPolygon","coordinates":[[[[120.689405,23.979904],[120.690832,23.979915],[120.691597,23.979856],[120.691597,23.979839],[120.690814,23.979897],[120.689405,23.979887],[120.689405,23.979904]]]]}},{"type":"Feature","properties":{"n":"中正路","v":"草屯鎮","w":3.2,"c":0.5,"r":0},"geometry":{"type":"MultiPolygon","coordinates":[[[[120.690819,23.979845],[120.690806,23.979857],[120.690819,23.979865],[120.691599,23.979811],[120.691597,23.979794],[120.690819,23.979845]]]]}},{"type":"Feature","properties":{"n":"中正路","v":"草屯鎮","w":3.2,"c":0.5,"r":2},"geometry":{"type":"MultiPolygon","coordinates":[[[[120.691625,23.979858],[120.692481,23.979747],[120.692481,23.979731],[120.691625,23.979841],[120.691625,23.979858]]]]}},{"type":"Feature","properties":{"n":"中正路","v":"草屯鎮","w":3.2,"c":0.5,"r":4},"geometry":{"type":"MultiPolygon","coordinates":[[[[120.691629,23.979807],[120.692487,23.979711],[120.692487,23.979694],[120.691629,23.979795],[120.691629,23.979807]]]]}},{"type":"Feature","properties":{"n":"中正路","v":"草屯鎮","w":3.2,"c":0.5,"r":0},"geometry":{"type":"MultiPolygon","coordinates":[[[[120.692518,23.979743],[120.693304,23.979611],[120.693299,23.979594],[120.692518,23.979729],[120.692518,23.979743]]]]}},{"type":"Feature","properties":{"n":"中正路","v":"草屯鎮","w":3.2,"c":0.5,"r":2},"geometry":{"type":"MultiPolygon","coordinates":[[[[120.692501,23.979707],[120.693292,23.979568],[120.693292,23.979556],[120.692501,23.979691],[120.692501,23.979707]]]]}},{"type":"Feature","properties":{"n":"中正路","v":"草屯鎮","w":3.2,"c":0.5,"r":0},"geometry":{"type":"MultiPolygon","coordinates":[[[[120.693311,23.97961],[120.695743,23.97918],[120.69574,23.979163],[120.693308,23.979588],[120.693311,23.97961]]]]}},{"type":"Feature","properties":{"n":"中正路","v":"草屯鎮","w":8.2,"c":5,"r":0},"geometry":{"type":"MultiPolygon","coordinates":[[[[120.693302,23.979566],[120.69575,23.979141],[120.69575,23.979127],[120.6933,23.979547],[120.693302,23.979566]]]]}},{"type":"Feature","properties":{"n":"中正路","v":"草屯鎮","w":8.2,"c":2,"r":0},"geometry":{"type":"MultiPolygon","coordinates":[[[[120.697572,23.979024],[120.697249,23.979045],[120.695639,23.97929],[120.695665,23.979319],[120.697608,23.979048],[120.697572,23.979024]]]]}},{"type":"Feature","properties":{"n":"仁愛街","v":"草屯鎮","w":2.9,"c":1.6,"r":0},"geometry":{"type":"MultiPolygon","coordinates":[[[[120.678102,23.985511],[120.678081,23.985514],[120.678507,23.986843],[120.678515,23.986824],[120.678512,23.986788],[120.67844,23.986551],[120.678102,23.985511]]]]}},{"type":"Feature","properties":{"n":"仁愛街","v":"草屯鎮","w":2.9,"c":1.1,"r":0},"geometry":{"type":"MultiPolygon","coordinates":[[[[120.678045,23.984944],[120.678652,23.986817],[120.67867,23.986825],[120.678231,23.985467],[120.678066,23.984941],[120.678045,23.984944]]]]}},{"type":"Feature","properties":{"n":"仁愛街","v":"草屯鎮","w":2.9,"c":0.45,"r":0},"geometry":{"type":"MultiPolygon","coordinates":[[[[120.678076,23.985464],[120.677976,23.985139],[120.677929,23.984962],[120.677914,23.984971],[120.67805,23.985471],[120.678076,23.985464]]]]}},{"type":"Feature","properties":{"n":"仁愛街","v":"草屯鎮","w":2.9,"c":0.8,"r":0},"geometry":{"type":"MultiPolygon","coordinates":[[[[120.677923,23.984921],[120.677872,23.984584],[120.677867,23.984496],[120.677854,23.984491],[120.677854,23.984575],[120.677905,23.984921],[120.677923,23.984921]]]]}},{"type":"Feature","properties":{"n":"仁愛街","v":"草屯鎮","w":2.8,"c":1.2,"r":0},"geometry":{"type":"MultiPolygon","coordinates":[[[[120.678032,23.984886],[120.678053,23.984882],[120.678004,23.984588],[120.678012,23.984442],[120.678086,23.983967],[120.678076,23.983967],[120.67806,23.984026],[120.677989,23.984447],[120.67798,23.984578],[120.678032,23.984886]]]]}},{"type":"Feature","properties":{"n":"仁愛街","v":"草屯鎮","w":2.9,"c":1.4,"r":0},"geometry":{"type":"MultiPolygon","coordinates":[[[[120.677995,23.983564],[120.67785,23.984448],[120.677868,23.984448],[120.678008,23.983569],[120.677995,23.983564]]]]}},{"type":"Feature","properties":{"n":"仁愛街","v":"草屯鎮","w":2.8,"c":1.4,"r":0},"geometry":{"type":"MultiPolygon","coordinates":[[[[120.67825,23.983113],[120.678229,23.98311],[120.678097,23.983834],[120.678094,23.983884],[120.678115,23.983884],[120.678113,23.983848],[120.67825,23.983113]]]]}},{"type":"Feature","properties":{"n":"仁愛街","v":"草屯鎮","w":2.9,"c":1,"r":0},"geometry":{"type":"MultiPolygon","coordinates":[[[[120.678009,23.98351],[120.678083,23.983109],[120.678064,23.983109],[120.677988,23.983508],[120.678009,23.98351]]]]}},{"type":"Feature","properties":{"n":"仁愛街","v":"草屯鎮","w":3,"c":2,"r":4},"geometry":{"type":"MultiPolygon","coordinates":[[[[120.678108,23.982938],[120.678131,23.982926],[120.678147,23.982904],[120.678392,23.981572],[120.678526,23.980927],[120.678547,23.980805],[120.67854,23.980738],[120.678527,23.980722],[120.678514,23.980741],[120.678521,23.980796],[120.678519,23.980817],[120.678366,23.981574],[120.678128,23.982866],[120.678108,23.982938]]]]}},{"type":"Feature","properties":{"n":"仁愛街","v":"草屯鎮","w":2.8,"c":1.4,"r":2},"geometry":{"type":"MultiPolygon","coordinates":[[[[120.678316,23.98296],[120.678295,23.982917],[120.678482,23.981912],[120.678461,23.981907],[120.678277,23.982922],[120.678284,23.982951],[120.678305,23.982971],[120.678316,23.98296]]]]}},{"type":"Feature","properties":{"n":"仁愛街","v":"草屯鎮","w":2.8,"c":0.9,"r":1},"geometry":{"type":"MultiPolygon","coordinates":[[[[120.678488,23.981839],[120.67863,23.981006],[120.678672,23.980841],[120.678709,23.980758],[120.678686,23.98075],[120.678652,23.980841],[120.678615,23.980999],[120.678472,23.98182],[120.678488,23.981839]]]]}},{"type":"Feature","properties":{"n":"仁愛街","v":"草屯鎮","w":2.8,"c":1.2,"r":0},"geometry":{"type":"MultiPolygon","coordinates":[[[[120.678543,23.980556],[120.678561,23.980544],[120.678585,23.980509],[120.678882,23.978921],[120.678862,23.978913],[120.678569,23.980509],[120.678543,23.980556]]]]}},{"type":"Feature","properties":{"n":"仁愛街","v":"草屯鎮","w":2.9,"c":1.7,"r":2},"geometry":{"type":"MultiPolygon","coordinates":[[[[120.678738,23.980534],[120.678809,23.980148],[120.678785,23.980152],[120.67872,23.980479],[120.67872,23.980513],[120.678738,23.980534]]]]}},{"type":"Feature","properties":{"n":"仁愛街","v":"草屯鎮","w":2.8,"c":1.4,"r":1},"geometry":{"type":"MultiPolygon","coordinates":[[[[120.679021,23.978917],[120.678805,23.980094],[120.678824,23.980095],[120.679047,23.978908],[120.679029,23.978912],[120.679021,23.978917]]]]}},{"type":"Feature","properties":{"n":"仁愛街","v":"草屯鎮","w":3,"c":1,"r":0},"geometry":{"type":"MultiPolygon","coordinates":[[[[120.678828,23.978175],[120.678817,23.978172],[120.678876,23.978837],[120.678894,23.978825],[120.678859,23.978254],[120.678846,23.978203],[120.678828,23.978175]]]]}},{"type":"Feature","properties":{"n":"仁愛街","v":"草屯鎮","w":2.8,"c":1.6,"r":0},"geometry":{"type":"MultiPolygon","coordinates":[[[[120.679012,23.978856],[120.679035,23.978852],[120.678993,23.97818],[120.678982,23.97819],[120.678972,23.978221],[120.679012,23.978856]]]]}},{"type":"Feature","properties":{"n":"信義路","v":"草屯鎮","w":3,"c":0.5,"r":2},"geometry":{"type":"MultiPolygon","coordinates":[[[[120.680115,23.983193],[120.67981,23.983205],[120.679327,23.983187],[120.678963,23.98316],[120.678258,23.983089],[120.678256,23.983106],[120.678997,23.983179],[120.679355,23.983206],[120.679784,23.983219],[120.68,23.983215],[120.680112,23.983208],[120.680115,23.983193]]]]}},{"type":"Feature","properties":{"n":"信義路","v":"草屯鎮","w":3,"c":0.6,"r":2},"geometry":{"type":"MultiPolygon","coordinates":[[[[120.680051,23.983031],[120.680038,23.983016],[120.679983,23.983057],[120.679673,23.983066],[120.679309,23.983055],[120.678358,23.982965],[120.678332,23.982946],[120.678319,23.98296],[120.678337,23.982977],[120.678389,23.982989],[120.679312,23.983072],[120.679686,23.983082],[120.680004,23.983076],[120.680027,23.983052],[120.680051,23.983031]]]]}},{"type":"Feature","properties":{"n":"信義路","v":"草屯鎮","w":3,"c":1.6,"r":9},"geometry":{"type":"MultiPolygon","coordinates":[[[[120.675593,23.98098],[120.675619,23.981038],[120.675631,23.981105],[120.675734,23.981819],[120.675788,23.981986],[120.675917,23.98234],[120.67601,23.982484],[120.676106,23.982589],[120.676192,23.982666],[120.676304,23.982733],[120.67668,23.982889],[120.676935,23.98298],[120.677164,23.98301],[120.678084,23.983105],[120.678071,23.983085],[120.678021,23.983073],[120.677416,23.983017],[120.676937,23.982954],[120.67673,23.982889],[120.676283,23.982699],[120.676112,23.982566],[120.676047,23.982496],[120.675928,23.982314],[120.675868,23.982149],[120.67576,23.981815],[120.675642,23.98104],[120.675593,23.98098]]]]}},{"type":"Feature","properties":{"n":"信義路","v":"草屯鎮","w":3,"c":2.1,"r":2},"geometry":{"type":"MultiPolygon","coordinates":[[[[120.675762,23.98095],[120.675843,23.981563],[120.675887,23.981816],[120.675965,23.982037],[120.676109,23.982345],[120.676229,23.982499],[120.67633,23.982588],[120.67641,23.982641],[120.676743,23.982772],[120.676951,23.982836],[120.677203,23.982885],[120.678071,23.982956],[120.678105,23.982948],[120.678107,23.982936],[120.677216,23.982867],[120.676956,23.982821],[120.676654,23.982717],[120.67641,23.982621],[120.676255,23.982492],[120.676128,23.982341],[120.675913,23.981806],[120.675783,23.98095],[120.675762,23.98095]]]]}},{"type":"Feature","properties":{"n":"信義路","v":"草屯鎮","w":3.1,"c":1.1,"r":2},"geometry":{"type":"MultiPolygon","coordinates":[[[[120.675611,23.980898],[120.675604,23.980616],[120.675618,23.980363],[120.675689,23.980014],[120.675844,23.979375],[120.676138,23.978312],[120.676146,23.978276],[120.676133,23.978231],[120.675847,23.979305],[120.675721,23.9798],[120.6756,23.980346],[120.675592,23.980504],[120.675588,23.980901],[120.675611,23.980898]]]]}},{"type":"Feature","properties":{"n":"信義路","v":"草屯鎮","w":3.1,"c":1,"r":4},"geometry":{"type":"MultiPolygon","coordinates":[[[[120.67575,23.980882],[120.675742,23.980827],[120.675742,23.980564],[120.675782,23.980187],[120.675809,23.98007],[120.675853,23.97996],[120.675819,23.979986],[120.675788,23.980053],[120.675759,23.980177],[120.675738,23.980347],[120.675722,23.980533],[120.675716,23.980724],[120.675718,23.980832],[120.67575,23.980882]]]]}},{"type":"Feature","properties":{"n":"信義路","v":"草屯鎮","w":3.1,"c":2.9,"r":2},"geometry":{"type":"MultiPolygon","coordinates":[[[[120.676296,23.978273],[120.676278,23.978275],[120.67627,23.978302],[120.675902,23.979682],[120.675892,23.979729],[120.6759,23.97976],[120.676296,23.978273]]]]}},{"type":"Feature","properties":{"n":"僑光街","v":"草屯鎮","w":2.5,"c":1.5,"r":2},"geometry":{"type":"MultiPolygon","coordinates":[[[[120.691315,23.992915],[120.691294,23.992903],[120.690371,23.99293],[120.690376,23.992946],[120.691315,23.992924],[120.691315,23.992915]]]]}},{"type":"Feature","properties":{"n":"僑光街","v":"草屯鎮","w":2.9,"c":1.5,"r":2},"geometry":{"type":"MultiPolygon","coordinates":[[[[120.689977,23.992807],[120.691274,23.992776],[120.691311,23.992752],[120.69006,23.99279],[120.689951,23.992788],[120.689977,23.992807]]]]}},{"type":"Feature","properties":{"n":"僑光街","v":"草屯鎮","w":2.5,"c":2.5,"r":2},"geometry":{"type":"MultiPolygon","coordinates":[[[[120.690114,23.99294],[120.690114,23.992952],[120.690317,23.992948],[120.690317,23.992933],[120.690114,23.99294]]]]}},{"type":"Feature","properties":{"n":"僑光街","v":"草屯鎮","w":2.8,"c":1.8,"r":2},"geometry":{"type":"MultiPolygon","coordinates":[[[[120.689869,23.992815],[120.689877,23.992796],[120.68951,23.992793],[120.689536,23.992812],[120.689869,23.992815]]]]}},{"type":"Feature","properties":{"n":"僑光街","v":"草屯鎮","w":2.8,"c":2.8,"r":2},"geometry":{"type":"MultiPolygon","coordinates":[[[[120.690055,23.992953],[120.689632,23.992914],[120.68921,23.992918],[120.689205,23.992942],[120.689647,23.992933],[120.690063,23.99297],[120.690058,23.992951],[120.690055,23.992953]]]]}},{"type":"Feature","properties":{"n":"僑光街","v":"草屯鎮","w":2.8,"c":2,"r":2},"geometry":{"type":"MultiPolygon","coordinates":[[[[120.689364,23.992791],[120.688394,23.992817],[120.688415,23.992837],[120.688435,23.992844],[120.689317,23.992815],[120.689343,23.992817],[120.689359,23.992796],[120.689364,23.992791]]]]}},{"type":"Feature","properties":{"n":"僑光街","v":"草屯鎮","w":2.8,"c":2,"r":2},"geometry":{"type":"MultiPolygon","coordinates":[[[[120.689141,23.992924],[120.688512,23.992949],[120.688431,23.992947],[120.688418,23.992961],[120.688418,23.992973],[120.689141,23.99295],[120.689141,23.992924]]]]}},{"type":"Feature","properties":{"n":"太平路二段","v":"草屯鎮","w":2.4,"c":0.8,"r":0},"geometry":{"type":"MultiPolygon","coordinates":[[[[120.684216,23.979021],[120.684073,23.978011],[120.684047,23.978011],[120.684193,23.979024],[120.684216,23.979021]]]]}},{"type":"Feature","properties":{"n":"太平路二段","v":"草屯鎮","w":3.3,"c":1.2,"r":4},"geometry":{"type":"MultiPolygon","coordinates":[[[[120.684235,23.979028],[120.684255,23.979023],[120.684107,23.978012],[120.684086,23.97801],[120.684235,23.979028]]]]}},{"type":"Feature","properties":{"n":"太平路二段","v":"草屯鎮","w":2.6,"c":0.72,"r":0},"geometry":{"type":"MultiPolygon","coordinates":[[[[120.684064,23.977992],[120.683867,23.976771],[120.683841,23.97677],[120.684046,23.977989],[120.684064,23.977992]]]]}},{"type":"Feature","properties":{"n":"太平路二段","v":"草屯鎮","w":2.5,"c":1.2,"r":2},"geometry":{"type":"MultiPolygon","coordinates":[[[[120.684083,23.977999],[120.684115,23.977995],[120.683928,23.976774],[120.683891,23.976771],[120.684083,23.977999]]]]}},{"type":"Feature","properties":{"n":"太平路二段","v":"草屯鎮","w":2.55,"c":1.5,"r":1},"geometry":{"type":"MultiPolygon","coordinates":[[[[120.683869,23.976758],[120.683718,23.975752],[120.683689,23.975756],[120.683838,23.976759],[120.683869,23.976758]]]]}},{"type":"Feature","properties":{"n":"太平路二段","v":"草屯鎮","w":2.4,"c":1.1,"r":2},"geometry":{"type":"MultiPolygon","coordinates":[[[[120.683888,23.976761],[120.683925,23.976756],[120.683774,23.975755],[120.683737,23.975746],[120.683888,23.976761]]]]}},{"type":"Feature","properties":{"n":"太平路二段","v":"草屯鎮","w":2.1,"c":0.9,"r":2},"geometry":{"type":"MultiPolygon","coordinates":[[[[120.683525,23.974694],[120.683545,23.974691],[120.683521,23.974478],[120.683504,23.97448],[120.683525,23.974694]]]]}},{"type":"Feature","properties":{"n":"太平路二段","v":"草屯鎮","w":6.7,"c":1.25,"r":0},"geometry":{"type":"MultiPolygon","coordinates":[[[[120.683872,23.975656],[120.683877,23.975651],[120.683737,23.974497],[120.683677,23.974502],[120.683687,23.974648],[120.68371,23.974789],[120.68381,23.975599],[120.683828,23.975646],[120.683872,23.975656]]]]}},{"type":"Feature","properties":{"n":"太平路二段","v":"草屯鎮","w":2.6,"c":1.4,"r":2},"geometry":{"type":"MultiPolygon","coordinates":[[[[120.683281,23.973117],[120.683421,23.974125],[120.68344,23.974122],[120.683297,23.973115],[120.683281,23.973117]]]]}},{"type":"Feature","properties":{"n":"太平路二段","v":"草屯鎮","w":2.5,"c":1.1,"r":1},"geometry":{"type":"MultiPolygon","coordinates":[[[[120.68359,23.974108],[120.683619,23.974106],[120.683575,23.973846],[120.683406,23.972725],[120.683388,23.972744],[120.683385,23.972763],[120.683467,23.973339],[120.68359,23.974108]]]]}},{"type":"Feature","properties":{"n":"太平路二段","v":"草屯鎮","w":2.8,"c":1.4,"r":2},"geometry":{"type":"MultiPolygon","coordinates":[[[[120.683269,23.973071],[120.683295,23.973067],[120.683154,23.971953],[120.683123,23.97196],[120.683269,23.973071]]]]}},{"type":"Feature","properties":{"n":"太平路二段","v":"草屯鎮","w":2.6,"c":1.8,"r":0},"geometry":{"type":"MultiPolygon","coordinates":[[[[120.683398,23.972631],[120.683262,23.971692],[120.683239,23.971697],[120.683369,23.972612],[120.683385,23.972627],[120.683398,23.972631]]]]}},{"type":"Feature","properties":{"n":"太平路二段","v":"草屯鎮","w":2.4,"c":1.1,"r":0},"geometry":{"type":"MultiPolygon","coordinates":[[[[120.683119,23.971896],[120.683145,23.971894],[120.683011,23.971103],[120.682991,23.971105],[120.683119,23.971896]]]]}},{"type":"Feature","properties":{"n":"太平路二段","v":"草屯鎮","w":2.5,"c":1.1,"r":0},"geometry":{"type":"MultiPolygon","coordinates":[[[[120.683227,23.971661],[120.683245,23.971662],[120.683166,23.971085],[120.683152,23.971119],[120.683227,23.971661]]]]}},{"type":"Feature","properties":{"n":"太平路二段","v":"草屯鎮","w":2.3,"c":1.1,"r":2},"geometry":{"type":"MultiPolygon","coordinates":[[[[120.682983,23.971065],[120.682996,23.971065],[120.682613,23.968329],[120.6826,23.968328],[120.682983,23.971065]]]]}},{"type":"Feature","properties":{"n":"太平路二段","v":"草屯鎮","w":2.6,"c":1.2,"r":2},"geometry":{"type":"MultiPolygon","coordinates":[[[[120.683154,23.970975],[120.682972,23.969706],[120.682798,23.968566],[120.682773,23.968296],[120.682757,23.968289],[120.68277,23.968489],[120.682892,23.969342],[120.682954,23.969718],[120.683135,23.970944],[120.683154,23.970975]]]]}},{"type":"Feature","properties":{"n":"太平路一段","v":"草屯鎮","w":2.45,"c":1.1,"r":2},"geometry":{"type":"MultiPolygon","coordinates":[[[[120.682632,23.96828],[120.682383,23.966445],[120.682323,23.966445],[120.682605,23.968262],[120.682632,23.96828]]]]}},{"type":"Feature","properties":{"n":"太平路一段","v":"草屯鎮","w":2.5,"c":0.8,"r":2},"geometry":{"type":"MultiPolygon","coordinates":[[[[120.682672,23.968276],[120.682692,23.968276],[120.68237,23.966178],[120.682341,23.966182],[120.682672,23.968276]]]]}},{"type":"Feature","properties":{"n":"太平路一段","v":"草屯鎮","w":2.4,"c":0.7,"r":2},"geometry":{"type":"MultiPolygon","coordinates":[[[[120.682344,23.966415],[120.682089,23.964396],[120.682024,23.964408],[120.682292,23.966409],[120.682292,23.966397],[120.682344,23.966415]]]]}},{"type":"Feature","properties":{"n":"太平路一段","v":"草屯鎮","w":2.45,"c":1.4,"r":2},"geometry":{"type":"MultiPolygon","coordinates":[[[[120.682344,23.966143],[120.682365,23.966151],[120.682089,23.96415],[120.682068,23.964157],[120.682344,23.966143]]]]}},{"type":"Feature","properties":{"n":"太平路一段","v":"草屯鎮","w":2.5,"c":1.2,"r":1},"geometry":{"type":"MultiPolygon","coordinates":[[[[120.682013,23.964374],[120.682065,23.964376],[120.681828,23.962791],[120.681776,23.962809],[120.682013,23.964374]]]]}},{"type":"Feature","properties":{"n":"太平路一段","v":"草屯鎮","w":2.5,"c":1.5,"r":0},"geometry":{"type":"MultiPolygon","coordinates":[[[[120.682063,23.964139],[120.682081,23.964142],[120.682086,23.964147],[120.681874,23.962784],[120.68184,23.962794],[120.682063,23.964139]]]]}},{"type":"Feature","properties":{"n":"太平路一段","v":"草屯鎮","w":2.5,"c":0.6,"r":3},"geometry":{"type":"MultiPolygon","coordinates":[[[[120.681775,23.96277],[120.681807,23.962764],[120.681532,23.960923],[120.681493,23.960923],[120.681775,23.96277]]]]}},{"type":"Feature","properties":{"n":"太平路一段","v":"草屯鎮","w":2.5,"c":1.2,"r":2},"geometry":{"type":"MultiPolygon","coordinates":[[[[120.681835,23.962755],[120.68186,23.962755],[120.681572,23.960736],[120.681533,23.960754],[120.681835,23.962755]]]]}},{"type":"Feature","properties":{"n":"太平路一段","v":"草屯鎮","w":2.5,"c":0.6,"r":5},"geometry":{"type":"MultiPolygon","coordinates":[[[[120.681457,23.960873],[120.681522,23.960855],[120.681247,23.959015],[120.681195,23.959015],[120.681457,23.960873]]]]}},{"type":"Feature","properties":{"n":"太平路一段","v":"草屯鎮","w":2.35,"c":0.5,"r":1},"geometry":{"type":"MultiPolygon","coordinates":[[[[120.681512,23.960712],[120.681542,23.960707],[120.681428,23.959802],[120.681399,23.959794],[120.681512,23.960712]]]]}},{"type":"Feature","properties":{"n":"太平路一段","v":"草屯鎮","w":2.4,"c":2.8,"r":1},"geometry":{"type":"MultiPolygon","coordinates":[[[[120.681394,23.959733],[120.681433,23.95974],[120.680774,23.955372],[120.680729,23.955372],[120.681394,23.959733]]]]}},{"type":"Feature","properties":{"n":"太平路一段","v":"草屯鎮","w":3.15,"c":0.7,"r":4},"geometry":{"type":"MultiPolygon","coordinates":[[[[120.681219,23.958963],[120.68081,23.956131],[120.680764,23.956131],[120.681179,23.958969],[120.681219,23.958963]]]]}},{"type":"Feature","properties":{"n":"太平路一段","v":"草屯鎮","w":3.15,"c":1.85,"r":2},"geometry":{"type":"MultiPolygon","coordinates":[[[[120.680772,23.956118],[120.680683,23.955413],[120.680591,23.955436],[120.680693,23.956105],[120.680772,23.956118]]]]}},{"type":"Feature","properties":{"n":"成功路一段","v":"草屯鎮","w":1.7,"c":0.6,"r":0},"geometry":{"type":"MultiPolygon","coordinates":[[[[120.687817,23.993962],[120.688628,23.994922],[120.688634,23.994911],[120.68783,23.99396],[120.687817,23.993962]]]]}},{"type":"Feature","properties":{"n":"成功路一段","v":"草屯鎮","w":3,"c":0.9,"r":0},"geometry":{"type":"MultiPolygon","coordinates":[[[[120.688626,23.994879],[120.688623,23.994858],[120.687853,23.993946],[120.68784,23.993951],[120.688626,23.994879]]]]}},{"type":"Feature","properties":{"n":"成功路一段","v":"草屯鎮","w":3,"c":0.8,"r":0},"geometry":{"type":"MultiPolygon","coordinates":[[[[120.687826,23.993944],[120.687845,23.993939],[120.687464,23.993327],[120.687451,23.993331],[120.687826,23.993944]]]]}},{"type":"Feature","properties":{"n":"成功路一段","v":"草屯鎮","w":1.7,"c":0.6,"r":0},"geometry":{"type":"MultiPolygon","coordinates":[[[[120.687443,23.993325],[120.687456,23.993316],[120.687163,23.992895],[120.686795,23.992369],[120.68678,23.992373],[120.687054,23.992761],[120.687443,23.993325]]]]}},{"type":"Feature","properties":{"n":"成功路一段","v":"草屯鎮","w":3,"c":1.2,"r":0},"geometry":{"type":"MultiPolygon","coordinates":[[[[120.686773,23.992365],[120.686788,23.992358],[120.685894,23.99109],[120.685881,23.991092],[120.68619,23.991532],[120.686773,23.992365]]]]}},{"type":"Feature","properties":{"n":"成功路一段","v":"草屯鎮","w":1.7,"c":0.6,"r":0},"geometry":{"type":"MultiPolygon","coordinates":[[[[120.687809,23.993948],[120.687432,23.993333],[120.685872,23.991101],[120.685865,23.991113],[120.687425,23.993348],[120.687798,23.99395],[120.687809,23.993948]]]]}},{"type":"Feature","properties":{"n":"成功路一段","v":"草屯鎮","w":3,"c":1,"r":0},"geometry":{"type":"MultiPolygon","coordinates":[[[[120.686766,23.992369],[120.686789,23.992357],[120.685899,23.991089],[120.685886,23.991091],[120.686766,23.992369]]]]}},{"type":"Feature","properties":{"n":"成功路一段","v":"草屯鎮","w":1.7,"c":0.6,"r":0},"geometry":{"type":"MultiPolygon","coordinates":[[[[120.685867,23.991094],[120.684478,23.989149],[120.684475,23.989161],[120.685854,23.991111],[120.685867,23.991094]]]]}},{"type":"Feature","properties":{"n":"成功路一段","v":"草屯鎮","w":3,"c":1.2,"r":0},"geometry":{"type":"MultiPolygon","coordinates":[[[[120.685874,23.991085],[120.685892,23.991073],[120.684022,23.988465],[120.684014,23.988475],[120.685874,23.991085]]]]}},{"type":"Feature","properties":{"n":"成功路一段","v":"草屯鎮","w":1.7,"c":0.6,"r":0},"geometry":{"type":"MultiPolygon","coordinates":[[[[120.684472,23.989157],[120.68448,23.989147],[120.683996,23.988482],[120.683988,23.988487],[120.684472,23.989157]]]]}},{"type":"Feature","properties":{"n":"成功路一段","v":"草屯鎮","w":3,"c":3,"r":0},"geometry":{"type":"MultiPolygon","coordinates":[[[[120.683994,23.988468],[120.684009,23.988468],[120.68381,23.988157],[120.683794,23.988157],[120.683994,23.988468]]]]}},{"type":"Feature","properties":{"n":"成功路一段","v":"草屯鎮","w":1.7,"c":0.6,"r":0},"geometry":{"type":"MultiPolygon","coordinates":[[[[120.683772,23.988156],[120.683487,23.987702],[120.682887,23.986177],[120.682848,23.986195],[120.683462,23.987719],[120.683747,23.988174],[120.683772,23.988156]]]]}},{"type":"Feature","properties":{"n":"成功路一段","v":"草屯鎮","w":3,"c":1.4,"r":0},"geometry":{"type":"MultiPolygon","coordinates":[[[[120.683794,23.988136],[120.683827,23.988136],[120.683536,23.987663],[120.683342,23.98706],[120.68327,23.987059],[120.68351,23.987675],[120.683794,23.988136]]]]}},{"type":"Feature","properties":{"n":"成功路一段","v":"草屯鎮","w":3,"c":1.4,"r":0},"geometry":{"type":"MultiPolygon","coordinates":[[[[120.683251,23.987043],[120.683304,23.987056],[120.682942,23.986182],[120.682903,23.986182],[120.683251,23.987043]]]]}},{"type":"Feature","properties":{"n":"成功路一段","v":"草屯鎮","w":3,"c":1.4,"r":0},"geometry":{"type":"MultiPolygon","coordinates":[[[[120.682892,23.986164],[120.682939,23.986159],[120.682718,23.985806],[120.682117,23.984335],[120.682091,23.984353],[120.682672,23.985782],[120.682892,23.986164]]]]}},{"type":"Feature","properties":{"n":"成功路一段","v":"草屯鎮","w":3,"c":1.4,"r":0},"geometry":{"type":"MultiPolygon","coordinates":[[[[120.68207,23.984324],[120.68209,23.984306],[120.681878,23.983673],[120.681729,23.983374],[120.681703,23.983386],[120.681851,23.983673],[120.68207,23.984324]]]]}},{"type":"Feature","properties":{"n":"成功路一段","v":"草屯鎮","w":1.7,"c":0.6,"r":0},"geometry":{"type":"MultiPolygon","coordinates":[[[[120.68286,23.986156],[120.68262,23.985761],[120.682079,23.984369],[120.682039,23.984398],[120.682575,23.985767],[120.682841,23.98618],[120.68286,23.986156]]]]}},{"type":"Feature","properties":{"n":"成功路一段","v":"草屯鎮","w":3,"c":1.5,"r":0},"geometry":{"type":"MultiPolygon","coordinates":[[[[120.681692,23.98336],[120.681718,23.983349],[120.681627,23.983169],[120.681331,23.981866],[120.681305,23.981866],[120.681608,23.983181],[120.681692,23.98336]]]]}},{"type":"Feature","properties":{"n":"成功路一段","v":"草屯鎮","w":1.7,"c":0.6,"r":0},"geometry":{"type":"MultiPolygon","coordinates":[[[[120.682053,23.984353],[120.681904,23.983954],[120.681853,23.983762],[120.681672,23.983404],[120.681652,23.983404],[120.682034,23.984366],[120.682053,23.984353]]]]}},{"type":"Feature","properties":{"n":"成功路一段","v":"草屯鎮","w":3,"c":1.4,"r":0},"geometry":{"type":"MultiPolygon","coordinates":[[[[120.681289,23.98186],[120.681328,23.981848],[120.681077,23.980749],[120.681038,23.980749],[120.681289,23.98186]]]]}},{"type":"Feature","properties":{"n":"成功路一段","v":"草屯鎮","w":1.7,"c":0.6,"r":0},"geometry":{"type":"MultiPolygon","coordinates":[[[[120.681652,23.983376],[120.681671,23.983369],[120.681593,23.983199],[120.681275,23.981868],[120.681254,23.981875],[120.681579,23.98322],[120.681652,23.983376]]]]}},{"type":"Feature","properties":{"n":"成功路一段","v":"草屯鎮","w":1.7,"c":0.6,"r":0},"geometry":{"type":"MultiPolygon","coordinates":[[[[120.681248,23.981863],[120.681272,23.981861],[120.681006,23.980733],[120.680978,23.980733],[120.681248,23.981863]]]]}},{"type":"Feature","properties":{"n":"成功路一段","v":"草屯鎮","w":1.7,"c":0.6,"r":0},"geometry":{"type":"MultiPolygon","coordinates":[[[[120.680943,23.980683],[120.680982,23.980683],[120.680602,23.979279],[120.680563,23.979297],[120.680943,23.980683]]]]}},{"type":"Feature","properties":{"n":"成功路一段","v":"草屯鎮","w":3,"c":1.4,"r":0},"geometry":{"type":"MultiPolygon","coordinates":[[[[120.680999,23.980695],[120.681071,23.980683],[120.680672,23.979255],[120.680633,23.979267],[120.680999,23.980695]]]]}},{"type":"Feature","properties":{"n":"成功路一段","v":"草屯鎮","w":1.7,"c":0.6,"r":0},"geometry":{"type":"MultiPolygon","coordinates":[[[[120.680553,23.979285],[120.680585,23.979274],[120.680412,23.978622],[120.680379,23.978634],[120.680553,23.979285]]]]}},{"type":"Feature","properties":{"n":"成功路一段","v":"草屯鎮","w":3,"c":0.8,"r":0},"geometry":{"type":"MultiPolygon","coordinates":[[[[120.680435,23.978626],[120.680615,23.979257],[120.680654,23.979253],[120.680455,23.978614],[120.680435,23.978626]]]]}},{"type":"Feature","properties":{"n":"成功路一段","v":"草屯鎮","w":1.7,"c":0.6,"r":0},"geometry":{"type":"MultiPolygon","coordinates":[[[[120.680268,23.978564],[120.680167,23.978176],[120.680165,23.978169],[120.680131,23.978167],[120.680242,23.978576],[120.680268,23.978564]]]]}},{"type":"Feature","properties":{"n":"成功路一段","v":"草屯鎮","w":3,"c":1.6,"r":0},"geometry":{"type":"MultiPolygon","coordinates":[[[[120.680649,23.97849],[120.680678,23.978485],[120.680598,23.978122],[120.68057,23.978122],[120.680649,23.97849]]]]}},{"type":"Feature","properties":{"n":"成功路一段","v":"草屯鎮","w":1.7,"c":0.6,"r":1},"geometry":{"type":"MultiPolygon","coordinates":[[[[120.680139,23.977996],[120.68016,23.97796],[120.680185,23.976183],[120.680154,23.976171],[120.680134,23.97797],[120.680139,23.977996]]]]}},{"type":"Feature","properties":{"n":"成功路一段","v":"草屯鎮","w":3,"c":1.6,"r":0},"geometry":{"type":"MultiPolygon","coordinates":[[[[120.680539,23.97803],[120.680554,23.978042],[120.680573,23.97804],[120.680606,23.976219],[120.680585,23.976217],[120.680572,23.976245],[120.680539,23.97803]]]]}},{"type":"Feature","properties":{"n":"成功路一段","v":"草屯鎮","w":1.7,"c":0.6,"r":2},"geometry":{"type":"MultiPolygon","coordinates":[[[[120.680179,23.976126],[120.680201,23.974851],[120.68017,23.974851],[120.680153,23.976126],[120.680179,23.976126]]]]}},{"type":"Feature","properties":{"n":"成功路一段","v":"草屯鎮","w":3,"c":1.1,"r":0},"geometry":{"type":"MultiPolygon","coordinates":[[[[120.68057,23.976158],[120.680611,23.976163],[120.680616,23.975138],[120.680583,23.97516],[120.680585,23.975205],[120.68057,23.976158]]]]}},{"type":"Feature","properties":{"n":"敦和路","v":"草屯鎮","w":2.4,"c":0.5,"r":2},"geometry":{"type":"MultiPolygon","coordinates":[[[[120.680138,23.980676],[120.68012,23.98065],[120.67991,23.980625],[120.679728,23.980616],[120.678802,23.980671],[120.678711,23.980723],[120.678687,23.980747],[120.678703,23.980755],[120.678781,23.980703],[120.678817,23.980688],[120.679652,23.98064],[120.679785,23.980635],[120.680076,23.980662],[120.68012,23.980674],[120.680138,23.980676]]]]}},{"type":"Feature","properties":{"n":"敦和路","v":"草屯鎮","w":2.4,"c":0.5,"r":1},"geometry":{"type":"MultiPolygon","coordinates":[[[[120.680321,23.980573],[120.679743,23.9805],[120.678896,23.980551],[120.678787,23.980551],[120.678737,23.980536],[120.678734,23.980558],[120.678799,23.980572],[120.679522,23.980531],[120.67972,23.980524],[120.680315,23.980592],[120.680321,23.980573]]]]}},{"type":"Feature","properties":{"n":"敦和路","v":"草屯鎮","w":2.9,"c":0.5,"r":0},"geometry":{"type":"MultiPolygon","coordinates":[[[[120.68127,23.98083],[120.681272,23.980855],[120.68215,23.98097],[120.682517,23.980956],[120.683217,23.980881],[120.683199,23.980857],[120.682478,23.980935],[120.682106,23.980944],[120.68127,23.98083]]]]}},{"type":"Feature","properties":{"n":"敦和街","v":"草屯鎮","w":2.9,"c":0.6,"r":0},"geometry":{"type":"MultiPolygon","coordinates":[[[[120.681215,23.980699],[120.682181,23.980853],[120.682655,23.980837],[120.683198,23.980759],[120.68319,23.980747],[120.682954,23.980783],[120.682626,23.980823],[120.682226,23.980838],[120.682174,23.980836],[120.681209,23.980683],[120.681215,23.980699]]]]}},{"type":"Feature","properties":{"n":"中興路","v":"草屯鎮","w":4.3,"c":3.95,"r":2},"geometry":{"type":"MultiPolygon","coordinates":[[[[120.689203,23.979833],[120.689245,23.979803],[120.689205,23.979137],[120.68918,23.979084],[120.689166,23.979072],[120.689203,23.979833]]]]}},{"type":"Feature","properties":{"n":"中興路","v":"草屯鎮","w":3.8,"c":1.1,"r":14},"geometry":{"type":"MultiPolygon","coordinates":[[[[120.68918,23.978864],[120.688992,23.976623],[120.688954,23.976568],[120.689088,23.978061],[120.689151,23.978857],[120.689151,23.978899],[120.68918,23.978864]]]]}},{"type":"Feature","properties":{"n":"中興路","v":"草屯鎮","w":3.6,"c":1.93,"r":8},"geometry":{"type":"MultiPolygon","coordinates":[[[[120.688925,23.976392],[120.688968,23.976346],[120.688905,23.975744],[120.688871,23.975572],[120.688747,23.97523],[120.688648,23.975032],[120.688551,23.974891],[120.688485,23.974807],[120.688143,23.974517],[120.687945,23.974409],[120.687737,23.974318],[120.687698,23.97433],[120.687837,23.974387],[120.688112,23.974527],[120.688312,23.974692],[120.688429,23.9748],[120.688595,23.975005],[120.688711,23.975216],[120.688843,23.975591],[120.688884,23.975768],[120.688929,23.976287],[120.688929,23.976358],[120.688925,23.976392]]]]}},{"type":"Feature","properties":{"n":"中興路","v":"草屯鎮","w":3.6,"c":2.2,"r":2},"geometry":{"type":"MultiPolygon","coordinates":[[[[120.687233,23.973859],[120.687571,23.973907],[120.687997,23.974054],[120.688317,23.974231],[120.688496,23.974363],[120.688703,23.974545],[120.688833,23.974677],[120.688965,23.974877],[120.689063,23.975071],[120.689195,23.975406],[120.68926,23.975616],[120.689381,23.976823],[120.689439,23.977614],[120.68947,23.977886],[120.689596,23.979487],[120.689624,23.979607],[120.689658,23.979667],[120.689707,23.979707],[120.689801,23.979753],[120.689806,23.979727],[120.689731,23.979691],[120.689684,23.979652],[120.689653,23.979604],[120.689625,23.979483],[120.689531,23.978288],[120.689362,23.976348],[120.689298,23.97571],[120.689286,23.975621],[120.689213,23.975363],[120.689146,23.975184],[120.689061,23.974992],[120.688944,23.974782],[120.688825,23.974622],[120.688675,23.974483],[120.688511,23.974341],[120.688423,23.974281],[120.688374,23.974236],[120.688272,23.974171],[120.68813,23.97409],[120.687945,23.974001],[120.687709,23.973917],[120.687449,23.973859],[120.687233,23.973825],[120.687233,23.973859]]]]}},{"type":"Feature","properties":{"n":"中興路","v":"草屯鎮","w":3.5,"c":2.1,"r":2},"geometry":{"type":"MultiPolygon","coordinates":[[[[120.687523,23.974327],[120.687501,23.974286],[120.687446,23.974245],[120.687272,23.9742],[120.687112,23.974192],[120.687106,23.974216],[120.687233,23.974226],[120.68735,23.974243],[120.687438,23.974274],[120.68748,23.9743],[120.687523,23.974327]]]]}},{"type":"Feature","properties":{"n":"中興路","v":"草屯鎮","w":3.6,"c":2.3,"r":2},"geometry":{"type":"MultiPolygon","coordinates":[[[[120.687047,23.974197],[120.686714,23.974216],[120.686719,23.974236],[120.687049,23.974225],[120.687047,23.974197]]]]}},{"type":"Feature","properties":{"n":"中興路","v":"草屯鎮","w":3.6,"c":2.4,"r":2},"geometry":{"type":"MultiPolygon","coordinates":[[[[120.686655,23.974213],[120.685872,23.974286],[120.68588,23.974312],[120.68666,23.974245],[120.686655,23.974213]]]]}},{"type":"Feature","properties":{"n":"中興路","v":"草屯鎮","w":3.8,"c":3,"r":4},"geometry":{"type":"MultiPolygon","coordinates":[[[[120.685957,23.973941],[120.686204,23.973927],[120.686779,23.973878],[120.687114,23.973857],[120.687176,23.973859],[120.687164,23.973831],[120.686441,23.973891],[120.68596,23.973912],[120.685957,23.973941]]]]}},{"type":"Feature","properties":{"n":"中興路","v":"草屯鎮","w":3.3,"c":1,"r":2},"geometry":{"type":"MultiPolygon","coordinates":[[[[120.685787,23.974302],[120.68367,23.974451],[120.68367,23.974496],[120.68579,23.974333],[120.685787,23.974302]]]]}},{"type":"Feature","properties":{"n":"中興路","v":"草屯鎮","w":3.6,"c":1.15,"r":4},"geometry":{"type":"MultiPolygon","coordinates":[[[[120.685814,23.973915],[120.68571,23.973951],[120.685653,23.973958],[120.683648,23.974104],[120.683596,23.974116],[120.68363,23.974126],[120.684774,23.974037],[120.685673,23.973974],[120.685754,23.973946],[120.685814,23.973915]]]]}},{"type":"Feature","properties":{"n":"中興路","v":"草屯鎮","w":3.8,"c":2.9,"r":0},"geometry":{"type":"MultiPolygon","coordinates":[[[[120.682494,23.974566],[120.683522,23.974475],[120.68352,23.974458],[120.683096,23.974481],[120.68249,23.974539],[120.682494,23.974566]]]]}},{"type":"Feature","properties":{"n":"中興路","v":"草屯鎮","w":3,"c":1,"r":0},"geometry":{"type":"MultiPolygon","coordinates":[[[[120.682379,23.97456],[120.682348,23.974541],[120.681888,23.974612],[120.681372,23.97475],[120.680758,23.974949],[120.680727,23.974997],[120.680724,23.975013],[120.680745,23.975016],[120.680766,23.974976],[120.681375,23.974776],[120.681934,23.974622],[120.682306,23.974573],[120.682337,23.974563],[120.682374,23.974575],[120.682379,23.97456]]]]}},{"type":"Feature","properties":{"n":"中興路","v":"草屯鎮","w":3,"c":1,"r":0},"geometry":{"type":"MultiPolygon","coordinates":[[[[120.683429,23.974156],[120.683427,23.974137],[120.682933,23.974169],[120.682496,23.974211],[120.682321,23.974237],[120.681908,23.974315],[120.6814,23.974419],[120.681117,23.974502],[120.680786,23.974587],[120.680677,23.974582],[120.680745,23.974604],[120.680779,23.974609],[120.681065,23.97454],[120.681328,23.974462],[120.681707,23.974379],[120.682485,23.974235],[120.682904,23.974195],[120.683429,23.974156]]]]}},{"type":"Feature","properties":{"n":"育英街","v":"草屯鎮","w":4,"c":3.1,"r":1},"geometry":{"type":"MultiPolygon","coordinates":[[[[120.685906,23.976715],[120.685909,23.976744],[120.687695,23.976666],[120.68768,23.976652],[120.687633,23.976635],[120.685906,23.976715]]]]}},{"type":"Feature","properties":{"n":"敦和南路","v":"草屯鎮","w":4.3,"c":3.8,"r":0},"geometry":{"type":"MultiPolygon","coordinates":[[[[120.678524,23.980719],[120.678511,23.9807],[120.678482,23.980685],[120.678422,23.980685],[120.678284,23.980714],[120.678146,23.980754],[120.678154,23.980783],[120.678321,23.980735],[120.678453,23.980714],[120.678505,23.980738],[120.678524,23.980719]]]]}},{"type":"Feature","properties":{"n":"敦和南路","v":"草屯鎮","w":3,"c":0,"r":0},"geometry":{"type":"MultiPolygon","coordinates":[[[[120.678006,23.980652],[120.678013,23.980631],[120.675867,23.979943],[120.67586,23.979962],[120.678006,23.980652]]]]}},{"type":"Feature","properties":{"n":"敦和南路","v":"草屯鎮","w":3,"c":0,"r":0},"geometry":{"type":"MultiPolygon","coordinates":[[[[120.675899,23.979762],[120.675922,23.979796],[120.675948,23.979824],[120.675971,23.979842],[120.678174,23.980556],[120.678307,23.980573],[120.678463,23.980573],[120.678533,23.980569],[120.678543,23.980564],[120.678533,23.980552],[120.678473,23.980561],[120.678361,23.980559],[120.67827,23.980554],[120.678169,23.980537],[120.676306,23.979928],[120.676135,23.979883],[120.67602,23.979842],[120.675984,23.979835],[120.675909,23.979758],[120.675899,23.979762]]]]}},{"type":"Feature","properties":{"n":"忠孝街","v":"草屯鎮","w":3.1,"c":2.6,"r":0},"geometry":{"type":"MultiPolygon","coordinates":[[[[120.680133,23.983192],[120.68011,23.983198],[120.680161,23.983322],[120.680314,23.983722],[120.6805,23.984083],[120.680622,23.984274],[120.680788,23.984463],[120.681288,23.984985],[120.681304,23.984964],[120.680977,23.984633],[120.680803,23.98445],[120.680645,23.984272],[120.680526,23.984072],[120.680317,23.983668],[120.680133,23.983192]]]]}},{"type":"Feature","properties":{"n":"忠孝街","v":"草屯鎮","w":3.1,"c":2.6,"r":2},"geometry":{"type":"MultiPolygon","coordinates":[[[[120.679914,23.982047],[120.679893,23.98205],[120.679895,23.982224],[120.679946,23.982583],[120.680052,23.98303],[120.68007,23.98301],[120.68007,23.98296],[120.679967,23.982583],[120.679914,23.982226],[120.679914,23.982047]]]]}},{"type":"Feature","properties":{"n":"忠孝街","v":"草屯鎮","w":3.1,"c":0.55,"r":4},"geometry":{"type":"MultiPolygon","coordinates":[[[[120.679914,23.981997],[120.679924,23.981611],[120.679938,23.981489],[120.679975,23.981317],[120.680032,23.98109],[120.680124,23.980811],[120.680148,23.980718],[120.680153,23.980687],[120.680135,23.980668],[120.679925,23.981458],[120.679909,23.981613],[120.679888,23.981993],[120.679914,23.981997]]]]}},{"type":"Feature","properties":{"n":"忠孝街","v":"草屯鎮","w":3.1,"c":0.2,"r":3},"geometry":{"type":"MultiPolygon","coordinates":[[[[120.680286,23.980756],[120.680301,23.98072],[120.680274,23.980731],[120.680248,23.980764],[120.680095,23.981277],[120.680059,23.981494],[120.680037,23.981891],[120.680084,23.982457],[120.680182,23.982888],[120.680318,23.983306],[120.680414,23.983553],[120.680587,23.983894],[120.680776,23.984205],[120.681386,23.984835],[120.681407,23.984842],[120.681412,23.984829],[120.681137,23.984556],[120.680789,23.984189],[120.6806,23.983881],[120.680427,23.983534],[120.6802,23.982869],[120.680105,23.982456],[120.680062,23.981894],[120.680078,23.981524],[120.680115,23.981283],[120.680252,23.980822],[120.680275,23.98076],[120.680286,23.980756]]]]}},{"type":"Feature","properties":{"n":"中山南路","v":"草屯鎮","w":1.4,"c":0.7,"r":0},"geometry":{"type":"MultiPolygon","coordinates":[[[[120.682328,23.974204],[120.682354,23.974178],[120.682334,23.973571],[120.682316,23.973545],[120.682298,23.973533],[120.682328,23.974204]]]]}},{"type":"Feature","properties":{"n":"中山南路","v":"草屯鎮","w":1.6,"c":1.6,"r":0},"geometry":{"type":"MultiPolygon","coordinates":[[[[120.682472,23.974196],[120.682498,23.974193],[120.682448,23.973383],[120.682427,23.973386],[120.682472,23.974196]]]]}},{"type":"Feature","properties":{"n":"中山南路","v":"草屯鎮","w":2.35,"c":0.4,"r":0},"geometry":{"type":"MultiPolygon","coordinates":[[[[120.682287,23.973427],[120.682313,23.973405],[120.682294,23.972805],[120.682268,23.972808],[120.682287,23.973427]]]]}},{"type":"Feature","properties":{"n":"草鞋墩一街","v":"草屯鎮","w":3.7,"c":0.7,"r":0},"geometry":{"type":"MultiPolygon","coordinates":[[[[120.680194,23.973925],[120.682283,23.973421],[120.682283,23.973387],[120.680185,23.973901],[120.680194,23.973925]]]]}},{"type":"Feature","properties":{"n":"敦煌路三段","v":"草屯鎮","w":3,"c":2.6,"r":1},"geometry":{"type":"MultiPolygon","coordinates":[[[[120.665035,23.998382],[120.665828,23.998457],[120.666879,23.998524],[120.666879,23.998503],[120.66588,23.998436],[120.665033,23.998358],[120.665035,23.998382]]]]}},{"type":"Feature","properties":{"n":"敦和路","v":"草屯鎮","w":2.4,"c":0.8,"r":2},"geometry":{"type":"MultiPolygon","coordinates":[[[[120.680314,23.980715],[120.680693,23.980769],[120.680696,23.980752],[120.680319,23.980698],[120.680314,23.980715]]]]}},{"type":"Feature","properties":{"n":"虎山路","v":"草屯鎮","w":4,"c":2.5,"r":0},"geometry":{"type":"MultiPolygon","coordinates":[[[[120.685792,23.97434],[120.685749,23.974344],[120.685765,23.975472],[120.685803,23.97547],[120.685802,23.975004],[120.685792,23.97434]]]]}},{"type":"Feature","properties":{"n":"明賢街","v":"草屯鎮","w":4,"c":2.5,"r":0},"geometry":{"type":"MultiPolygon","coordinates":[[[[120.685759,23.975472],[120.685757,23.97545],[120.683879,23.975635],[120.683882,23.975657],[120.683905,23.975657],[120.684722,23.975573],[120.685759,23.975472]]]]}},{"type":"Feature","properties":{"n":"大成街","v":"草屯鎮","w":4,"c":3.1,"r":2},"geometry":{"type":"MultiPolygon","coordinates":[[[[120.687705,23.97667],[120.687654,23.976674],[120.687748,23.977802],[120.687771,23.977779],[120.6878,23.977765],[120.687705,23.97667]]]]}},{"type":"Feature","properties":{"n":"碧山路","v":"草屯鎮","w":4,"c":2.8,"r":4},"geometry":{"type":"MultiPolygon","coordinates":[[[[120.685915,23.977814],[120.685951,23.977839],[120.685985,23.97785],[120.68774,23.977805],[120.687738,23.977781],[120.686765,23.977817],[120.686763,23.977798],[120.685915,23.977814]]]]}},{"type":"Feature","properties":{"n":"虎山路","v":"草屯鎮","w":4,"c":2.8,"r":4},"geometry":{"type":"MultiPolygon","coordinates":[[[[120.68591,23.977812],[120.685939,23.977809],[120.685947,23.976743],[120.68591,23.97675],[120.68591,23.977812]]]]}},{"type":"Feature","properties":{"n":"玉屏路","v":"草屯鎮","w":3,"c":1.8,"r":1},"geometry":{"type":"MultiPolygon","coordinates":[[[[120.686335,23.980605],[120.686867,23.980966],[120.686885,23.98094],[120.688222,23.981851],[120.688232,23.98184],[120.686882,23.980909],[120.686355,23.980557],[120.686335,23.980605]]]]}},{"type":"Feature","properties":{"n":"富春路","v":"草屯鎮","w":3,"c":1.7,"r":2},"geometry":{"type":"MultiPolygon","coordinates":[[[[120.700176,23.980579],[120.700176,23.980605],[120.700585,23.980566],[120.700579,23.980533],[120.700176,23.980579]]]]}},{"type":"Feature","properties":{"n":"東美街","v":"草屯鎮","w":2,"c":2,"r":2},"geometry":{"type":"MultiPolygon","coordinates":[[[[120.687778,23.982536],[120.687782,23.982519],[120.687694,23.982512],[120.686309,23.982105],[120.686239,23.982031],[120.686221,23.98204],[120.686297,23.982117],[120.687698,23.982531],[120.687778,23.982536]]]]}},{"type":"Feature","properties":{"n":"國姓路","v":"國姓鄉","w":1,"c":0.9,"r":2},"geometry":{"type":"MultiPolygon","coordinates":[[[[120.851663,24.035314],[120.852758,24.03633],[120.852777,24.036327],[120.851667,24.035294],[120.851663,24.035314]]]]}},{"type":"Feature","properties":{"n":"國姓路","v":"國姓鄉","w":1,"c":0.9,"r":2},"geometry":{"type":"MultiPolygon","coordinates":[[[[120.852814,24.036386],[120.853604,24.037097],[120.853832,24.037384],[120.854066,24.037588],[120.854077,24.037571],[120.853845,24.03737],[120.85363,24.037088],[120.852832,24.036373],[120.852814,24.036386]]]]}},{"type":"Feature","properties":{"n":"國姓路","v":"國姓鄉","w":1.06,"c":0.98,"r":2},"geometry":{"type":"MultiPolygon","coordinates":[[[[120.849969,24.033749],[120.850385,24.034116],[120.851528,24.035213],[120.851554,24.035201],[120.850976,24.034621],[120.850255,24.033951],[120.849989,24.03373],[120.849969,24.033749]]]]}},{"type":"Feature","properties":{"n":"中興路","v":"國姓鄉","w":1.45,"c":0.88,"r":2},"geometry":{"type":"MultiPolygon","coordinates":[[[[120.854126,24.038066],[120.854147,24.038059],[120.853994,24.037705],[120.853983,24.037672],[120.853996,24.037655],[120.853973,24.037624],[120.853963,24.037638],[120.853957,24.037665],[120.853973,24.03771],[120.854126,24.038066]]]]}},{"type":"Feature","properties":{"n":"國姓路","v":"國姓鄉","w":1.43,"c":0.7,"r":2},"geometry":{"type":"MultiPolygon","coordinates":[[[[120.854001,24.037656],[120.854025,24.037647],[120.854058,24.037649],[120.854079,24.037656],[120.854399,24.037924],[120.85442,24.037908],[120.85409,24.037637],[120.854032,24.037615],[120.854001,24.037613],[120.853975,24.03762],[120.854001,24.037656]]]]}},{"type":"Feature","properties":{"n":"國姓路","v":"國姓鄉","w":2.4,"c":0.83,"r":2},"geometry":{"type":"MultiPolygon","coordinates":[[[[120.85544,24.038729],[120.85545,24.038717],[120.855032,24.038363],[120.855016,24.038378],[120.85544,24.038729]]]]}},{"type":"Feature","properties":{"n":"國姓路","v":"國姓鄉","w":1.35,"c":0.8,"r":2},"geometry":{"type":"MultiPolygon","coordinates":[[[[120.855469,24.038754],[120.856026,24.039196],[120.856031,24.039182],[120.855483,24.038742],[120.855469,24.038754]]]]}},{"type":"Feature","properties":{"n":"國姓路","v":"國姓鄉","w":2.34,"c":0.8,"r":2},"geometry":{"type":"MultiPolygon","coordinates":[[[[120.85605,24.039214],[120.85651,24.039585],[120.857046,24.039941],[120.857053,24.039927],[120.856513,24.039568],[120.856063,24.039204],[120.856053,24.039211],[120.85605,24.039214]]]]}},{"type":"Feature","properties":{"n":"國姓路","v":"國姓鄉","w":1.6,"c":0.82,"r":2},"geometry":{"type":"MultiPolygon","coordinates":[[[[120.857567,24.040449],[120.857648,24.040583],[120.857663,24.040576],[120.85758,24.040437],[120.85757,24.040442],[120.857567,24.040449]]]]}},{"type":"Feature","properties":{"n":"國姓路","v":"國姓鄉","w":2.05,"c":0.95,"r":2},"geometry":{"type":"MultiPolygon","coordinates":[[[[120.857564,24.040521],[120.857556,24.040531],[120.857642,24.040657],[120.857658,24.040655],[120.857564,24.040521]]]]}},{"type":"Feature","properties":{"n":"國姓路","v":"國姓鄉","w":0.82,"c":0.45,"r":2},"geometry":{"type":"MultiPolygon","coordinates":[[[[120.857334,24.040233],[120.857074,24.039984],[120.856754,24.039781],[120.856752,24.039788],[120.857074,24.039994],[120.857334,24.040233]]]]}},{"type":"Feature","properties":{"n":"國姓路","v":"國姓鄉","w":4.94,"c":1.9,"r":2},"geometry":{"type":"MultiPolygon","coordinates":[[[[120.858225,24.041988],[120.858445,24.042583],[120.859006,24.043286],[120.859123,24.04338],[120.859136,24.043364],[120.859019,24.043275],[120.858466,24.042568],[120.858248,24.041984],[120.858225,24.041988]]]]}},{"type":"Feature","properties":{"n":"國姓路","v":"國姓鄉","w":1.47,"c":1,"r":2},"geometry":{"type":"MultiPolygon","coordinates":[[[[120.856638,24.039772],[120.856651,24.039748],[120.856651,24.039724],[120.856645,24.039718],[120.85645,24.039592],[120.854663,24.038115],[120.854793,24.038259],[120.85643,24.039616],[120.856632,24.039736],[120.856638,24.039772]]]]}},{"type":"Feature","properties":{"n":"中興路","v":"魚池鄉","w":3,"c":1.4,"r":4},"geometry":{"type":"MultiPolygon","coordinates":[[[[120.910757,23.866285],[120.911413,23.865873],[120.911472,23.865778],[120.911478,23.865706],[120.911452,23.865658],[120.911452,23.865616],[120.911446,23.865598],[120.91053,23.865586],[120.910503,23.865604],[120.910464,23.865652],[120.910426,23.865759],[120.910166,23.865759],[120.910153,23.865693],[120.910134,23.865645],[120.910095,23.865592],[120.90975,23.865597],[120.909725,23.865675],[120.909712,23.865735],[120.909504,23.865729],[120.909504,23.866099],[120.909309,23.866087],[120.909264,23.865758],[120.909121,23.865872],[120.909094,23.866051],[120.908757,23.865937],[120.908867,23.865507],[120.908763,23.865513],[120.908523,23.865698],[120.908529,23.865776],[120.90849,23.866027],[120.90849,23.866218],[120.910757,23.866285]]]]}},{"type":"Feature","properties":{"n":"中興路","v":"魚池鄉","w":4.18,"c":4.18,"r":1},"geometry":{"type":"MultiPolygon","coordinates":[[[[120.90826,23.866201],[120.908422,23.866209],[120.908429,23.865599],[120.908273,23.865592],[120.90826,23.866201]]]]}},{"type":"Feature","properties":{"n":"中興路","v":"魚池鄉","w":1.55,"c":1.55,"r":2},"geometry":{"type":"MultiPolygon","coordinates":[[[[120.908502,23.865296],[120.90921,23.865296],[120.90921,23.865075],[120.909431,23.86492],[120.90971,23.865159],[120.909749,23.865183],[120.909846,23.865231],[120.909944,23.865261],[120.910009,23.865255],[120.910041,23.865201],[120.909996,23.865076],[120.909963,23.865016],[120.909931,23.86498],[120.910054,23.864855],[120.909873,23.864706],[120.910068,23.864544],[120.910184,23.864706],[120.910444,23.864975],[120.910658,23.865118],[120.910762,23.865166],[120.910892,23.865238],[120.911093,23.865409],[120.91106,23.865451],[120.91082,23.865451],[120.91082,23.865487],[120.911028,23.865535],[120.911248,23.865553],[120.911372,23.865541],[120.911391,23.865499],[120.911391,23.865457],[120.911287,23.865457],[120.911255,23.865409],[120.911008,23.865212],[120.910872,23.86514],[120.910983,23.864997],[120.910846,23.864899],[120.910716,23.865043],[120.910619,23.864989],[120.910496,23.864953],[120.910353,23.864822],[120.910022,23.864428],[120.90971,23.864703],[120.90995,23.864852],[120.90971,23.865091],[120.909431,23.864816],[120.909086,23.865037],[120.909073,23.865198],[120.908489,23.865216],[120.908502,23.865296]]]]}},{"type":"Feature","properties":{"n":"中興路","v":"魚池鄉","w":1.55,"c":1.55,"r":2},"geometry":{"type":"MultiPolygon","coordinates":[[[[120.911386,23.865448],[120.91129,23.865269],[120.911017,23.865006],[120.910796,23.864809],[120.910706,23.864665],[120.910686,23.864677],[120.910777,23.864821],[120.911251,23.865263],[120.911283,23.865299],[120.911361,23.865442],[120.911386,23.865448]]]]}},{"type":"Feature","properties":{"n":"中興路","v":"魚池鄉","w":1.44,"c":1.44,"r":2},"geometry":{"type":"MultiPolygon","coordinates":[[[[120.910755,23.864468],[120.910892,23.864068],[120.910905,23.863937],[120.91084,23.863835],[120.910717,23.86377],[120.910594,23.863764],[120.909619,23.864241],[120.909496,23.864277],[120.90945,23.864223],[120.909451,23.864115],[120.90999,23.863835],[120.910159,23.863739],[120.910256,23.863638],[120.90999,23.86356],[120.909789,23.863649],[120.909542,23.863787],[120.909276,23.863894],[120.908996,23.863888],[120.908873,23.863822],[120.908827,23.863876],[120.909042,23.86393],[120.909366,23.863924],[120.90999,23.863614],[120.910159,23.86365],[120.909724,23.863948],[120.909451,23.864085],[120.909392,23.864133],[120.909464,23.864312],[120.909717,23.864241],[120.910601,23.863811],[120.910711,23.863811],[120.910802,23.863871],[120.910854,23.863949],[120.910723,23.864444],[120.910755,23.864468]]]]}},{"type":"Feature","properties":{"n":"中興路","v":"魚池鄉","w":8.9,"c":8.9,"r":2},"geometry":{"type":"MultiPolygon","coordinates":[[[[120.910629,23.863712],[120.910795,23.863753],[120.910876,23.863781],[120.910917,23.863762],[120.910959,23.863719],[120.910943,23.863667],[120.910876,23.863602],[120.910852,23.863595],[120.910749,23.863595],[120.910749,23.863557],[120.910699,23.863535],[120.910629,23.863712]]]]}},{"type":"Feature","properties":{"n":"名勝街","v":"魚池鄉","w":1.33,"c":1.33,"r":2},"geometry":{"type":"MultiPolygon","coordinates":[[[[120.910741,23.864631],[120.910858,23.864593],[120.910993,23.864578],[120.9111,23.864583],[120.911162,23.864605],[120.911295,23.864684],[120.911687,23.865047],[120.91191,23.865274],[120.912063,23.865373],[120.912074,23.865365],[120.911915,23.865265],[120.911292,23.864667],[120.911105,23.864572],[120.910986,23.864567],[120.91084,23.864586],[120.910744,23.864619],[120.910741,23.864631]]]]}},{"type":"Feature","properties":{"n":"中山路","v":"魚池鄉","w":1.46,"c":1.46,"r":2},"geometry":{"type":"MultiPolygon","coordinates":[[[[120.912296,23.865397],[120.912395,23.8654],[120.912678,23.865374],[120.91267,23.865343],[120.912598,23.865352],[120.912593,23.865309],[120.912515,23.865319],[120.912515,23.865362],[120.912395,23.865376],[120.912393,23.865336],[120.912343,23.865345],[120.912341,23.865386],[120.912294,23.865388],[120.912296,23.865397]]]]}},{"type":"Feature","properties":{"n":"名勝街","v":"魚池鄉","w":0.82,"c":0.82,"r":2},"geometry":{"type":"MultiPolygon","coordinates":[[[[120.912047,23.865393],[120.91191,23.865302],[120.911279,23.864706],[120.911222,23.864671],[120.911147,23.864632],[120.911092,23.864613],[120.910993,23.864608],[120.910822,23.864632],[120.910744,23.864666],[120.910773,23.864721],[120.91078,23.864713],[120.91076,23.864673],[120.91083,23.864642],[120.910986,23.86462],[120.911087,23.864625],[120.911181,23.864659],[120.911274,23.864718],[120.911897,23.865302],[120.912037,23.865397],[120.912047,23.865393]]]]}},{"type":"Feature","properties":{"n":"中興路","v":"魚池鄉","w":1.6,"c":1.6,"r":2},"geometry":{"type":"MultiPolygon","coordinates":[[[[120.910779,23.864732],[120.910794,23.864756],[120.911059,23.865009],[120.911069,23.865002],[120.910799,23.864746],[120.910787,23.864727],[120.910779,23.864732]]]]}},{"type":"Feature","properties":{"n":"中興路","v":"魚池鄉","w":1.27,"c":1.27,"r":2},"geometry":{"type":"MultiPolygon","coordinates":[[[[120.911178,23.8661],[120.910866,23.866285],[120.910879,23.866298],[120.911184,23.866119],[120.911178,23.8661]]]]}},{"type":"Feature","properties":{"n":"中山路","v":"魚池鄉","w":1.25,"c":1.1,"r":5},"geometry":{"type":"MultiPolygon","coordinates":[[[[120.910567,23.866709],[120.910538,23.866785],[120.910569,23.866828],[120.91067,23.866835],[120.911577,23.866423],[120.911814,23.866279],[120.911931,23.866177],[120.912001,23.86605],[120.912103,23.865611],[120.912103,23.865436],[120.912064,23.865443],[120.912072,23.865618],[120.911962,23.866043],[120.911889,23.866167],[120.91178,23.866263],[120.911554,23.866404],[120.910694,23.866785],[120.910567,23.866709]]]]}},{"type":"Feature","properties":{"n":"瓊文巷","v":"魚池鄉","w":48.4,"c":7.11,"r":2},"geometry":{"type":"MultiPolygon","coordinates":[[[[120.937025,23.899225],[120.937486,23.898754],[120.937408,23.89873],[120.937291,23.898771],[120.937123,23.898813],[120.937051,23.898849],[120.93696,23.898885],[120.936889,23.898939],[120.936889,23.899004],[120.936908,23.899046],[120.936928,23.899106],[120.936928,23.899154],[120.937025,23.899225]]]]}},{"type":"Feature","properties":{"n":"中正路二段","v":"鹿谷鄉","w":1.2,"c":1.2,"r":2},"geometry":{"type":"MultiPolygon","coordinates":[[[[120.750792,23.749248],[120.750813,23.74928],[120.751738,23.748624],[120.751717,23.748605],[120.750792,23.749248]]]]}},{"type":"Feature","properties":{"n":"興產路","v":"鹿谷鄉","w":1.3,"c":0.9,"r":0},"geometry":{"type":"MultiPolygon","coordinates":[[[[120.761342,23.738124],[120.762581,23.73723],[120.762558,23.73722],[120.761337,23.738114],[120.761342,23.738124]]]]}},{"type":"Feature","properties":{"n":"興產路","v":"鹿谷鄉","w":1.4,"c":1.4,"r":2},"geometry":{"type":"MultiPolygon","coordinates":[[[[120.762494,23.737055],[120.762525,23.73707],[120.763001,23.736718],[120.762985,23.736697],[120.762494,23.737055]]]]}},{"type":"Feature","properties":{"n":"堀邊巷","v":"鹿谷鄉","w":1.9,"c":1.4,"r":null},"geometry":{"type":"MultiPolygon","coordinates":[[[[120.771058,23.751953],[120.771103,23.751979],[120.771701,23.751494],[120.771922,23.751495],[120.77235,23.751316],[120.772746,23.751359],[120.772843,23.751347],[120.773012,23.751353],[120.77309,23.751335],[120.773187,23.751329],[120.773291,23.751288],[120.773362,23.75127],[120.77346,23.751186],[120.773518,23.751121],[120.773545,23.751067],[120.773571,23.75099],[120.77359,23.750852],[120.77359,23.750798],[120.773603,23.750745],[120.773604,23.750715],[120.774021,23.749593],[120.774053,23.749545],[120.774086,23.749479],[120.774313,23.749402],[120.774923,23.749492],[120.77504,23.749546],[120.774961,23.750203],[120.774973,23.750382],[120.774986,23.750472],[120.775355,23.751237],[120.77542,23.751225],[120.775038,23.750472],[120.774999,23.750215],[120.775085,23.749505],[120.774936,23.749439],[120.774294,23.74936],[120.77419,23.74939],[120.774073,23.749437],[120.774047,23.749467],[120.774014,23.749479],[120.773995,23.749497],[120.773995,23.749515],[120.773975,23.749539],[120.773956,23.749545],[120.773956,23.749581],[120.773936,23.749604],[120.773923,23.74967],[120.773884,23.749813],[120.773838,23.749951],[120.773773,23.750094],[120.773656,23.750428],[120.773571,23.750637],[120.773565,23.750679],[120.773552,23.750715],[120.773532,23.750828],[120.773532,23.750906],[120.773519,23.750966],[120.773499,23.750995],[120.773486,23.751055],[120.773408,23.751163],[120.77333,23.751228],[120.773278,23.751252],[120.773213,23.751258],[120.773148,23.751276],[120.77309,23.751282],[120.773012,23.751299],[120.772344,23.751263],[120.77187,23.751459],[120.771669,23.751447],[120.771058,23.751953]]]]}},{"type":"Feature","properties":{"n":"堀邊巷","v":"鹿谷鄉","w":2.5,"c":1.8,"r":0},"geometry":{"type":"MultiPolygon","coordinates":[[[[120.774932,23.751969],[120.774224,23.752595],[120.774034,23.753214],[120.773957,23.753341],[120.773807,23.753472],[120.773736,23.753495],[120.773833,23.75353],[120.773989,23.753387],[120.77408,23.753219],[120.774276,23.752605],[120.774958,23.752014],[120.774932,23.751969]]]]}},{"type":"Feature","properties":{"n":"堀邊巷","v":"鹿谷鄉","w":5,"c":4.05,"r":0},"geometry":{"type":"MultiPolygon","coordinates":[[[[120.773962,23.753549],[120.773845,23.753531],[120.773747,23.753507],[120.773287,23.753489],[120.773105,23.753488],[120.772969,23.7535],[120.772664,23.7535],[120.772528,23.753476],[120.772437,23.753446],[120.77234,23.753404],[120.772087,23.753272],[120.772022,23.753224],[120.771931,23.753188],[120.771893,23.753182],[120.771827,23.753182],[120.7716,23.753253],[120.771619,23.753444],[120.771749,23.753409],[120.77173,23.753283],[120.771847,23.753236],[120.771937,23.75326],[120.77245,23.753517],[120.772515,23.753541],[120.772625,23.753555],[120.773131,23.753557],[120.77328,23.753545],[120.773741,23.75357],[120.773968,23.75361],[120.773962,23.753549]]]]}},{"type":"Feature","properties":{"n":"仁愛路(清秀橋)","v":"鹿谷鄉","w":2,"c":1.58,"r":2},"geometry":{"type":"MultiPolygon","coordinates":[[[[120.780243,23.786401],[120.780093,23.786059],[120.780062,23.786075],[120.780215,23.78642],[120.780246,23.786405],[120.780243,23.786401]]]]}},{"type":"Feature","properties":{"n":"仁愛路(清秀橋)","v":"鹿谷鄉","w":1.95,"c":1.53,"r":2},"geometry":{"type":"MultiPolygon","coordinates":[[[[120.780264,23.786397],[120.780269,23.786399],[120.780295,23.786385],[120.780163,23.786031],[120.780124,23.786048],[120.780264,23.786397]]]]}},{"type":"Feature","properties":{"n":"外城巷(新清瑞橋)","v":"鹿谷鄉","w":2.02,"c":1.5,"r":0},"geometry":{"type":"MultiPolygon","coordinates":[[[[120.782792,23.805048],[120.783168,23.805143],[120.783173,23.805118],[120.782802,23.805021],[120.782792,23.805048]]]]}},{"type":"Feature","properties":{"n":"外城巷(新清瑞橋)","v":"鹿谷鄉","w":2.02,"c":1.5,"r":0},"geometry":{"type":"MultiPolygon","coordinates":[[[[120.782782,23.805073],[120.782764,23.805097],[120.783161,23.805212],[120.783164,23.805174],[120.782782,23.805073]]]]}},{"type":"Feature","properties":{"n":"集連巷(無名橋-鹿103)","v":"鹿谷鄉","w":1.92,"c":1.4,"r":0},"geometry":{"type":"MultiPolygon","coordinates":[[[[120.783249,23.805192],[120.783231,23.805187],[120.78321,23.805271],[120.783228,23.805273],[120.783249,23.805192]]]]}},{"type":"Feature","properties":{"n":"自然教育園區第一停車場","v":"鹿谷鄉","w":2.47,"c":2.2,"r":2},"geometry":{"type":"MultiPolygon","coordinates":[[[[120.795331,23.676548],[120.795798,23.676524],[120.795795,23.676505],[120.795331,23.676531],[120.795331,23.676548]]]]}},{"type":"Feature","properties":{"n":"自然教育園區第一停車場","v":"鹿谷鄉","w":2.45,"c":2.23,"r":0},"geometry":{"type":"MultiPolygon","coordinates":[[[[120.795347,23.676377],[120.795775,23.676353],[120.795788,23.676344],[120.795347,23.676362],[120.795347,23.676377]]]]}},{"type":"Feature","properties":{"n":"米堤街","v":"鹿谷鄉","w":2.1,"c":1.4,"r":0},"geometry":{"type":"MultiPolygon","coordinates":[[[[120.795341,23.683542],[120.795653,23.683328],[120.795874,23.683113],[120.796004,23.682958],[120.796095,23.682815],[120.796121,23.682743],[120.796147,23.682719],[120.796147,23.682659],[120.796108,23.682623],[120.7959,23.682946],[120.795757,23.683077],[120.79564,23.68322],[120.795225,23.683518],[120.795341,23.683542]]]]}},{"type":"Feature","properties":{"n":"林尾路(林尾橋)","v":"集集鎮","w":1.23,"c":1.01,"r":0},"geometry":{"type":"MultiPolygon","coordinates":[[[[120.768052,23.823488],[120.768055,23.823517],[120.768341,23.823513],[120.768335,23.823488],[120.768052,23.823488]]]]}},{"type":"Feature","properties":{"n":"林尾路(林尾橋)","v":"集集鎮","w":1.23,"c":0.99,"r":0},"geometry":{"type":"MultiPolygon","coordinates":[[[[120.768054,23.823466],[120.768337,23.823466],[120.768335,23.82344],[120.768044,23.823444],[120.768052,23.823463],[120.768054,23.823466]]]]}},{"type":"Feature","properties":{"n":"館前路(集福一號橋)","v":"集集鎮","w":2.58,"c":2,"r":0},"geometry":{"type":"MultiPolygon","coordinates":[[[[120.775829,23.827357],[120.775842,23.827378],[120.776099,23.82729],[120.776089,23.827269],[120.776058,23.827276],[120.775829,23.827357]]]]}},{"type":"Feature","properties":{"n":"館前路(集福一號橋)","v":"集集鎮","w":2.58,"c":2,"r":0},"geometry":{"type":"MultiPolygon","coordinates":[[[[120.775774,23.827354],[120.776016,23.827273],[120.775997,23.827251],[120.775763,23.827332],[120.775774,23.827354]]]]}},{"type":"Feature","properties":{"n":"館前路(集福二號橋)","v":"集集鎮","w":2.35,"c":1.95,"r":0},"geometry":{"type":"MultiPolygon","coordinates":[[[[120.7744,23.827833],[120.774408,23.827854],[120.774562,23.827804],[120.774556,23.82778],[120.7744,23.827833]]]]}},{"type":"Feature","properties":{"n":"館前路(集福二號橋)","v":"集集鎮","w":2.35,"c":1.95,"r":0},"geometry":{"type":"MultiPolygon","coordinates":[[[[120.774398,23.827803],[120.774549,23.827755],[120.774538,23.827731],[120.77439,23.827781],[120.774398,23.827803]]]]}},{"type":"Feature","properties":{"n":"集民街","v":"集集鎮","w":1,"c":1,"r":null},"geometry":{"type":"MultiPolygon","coordinates":[[[[120.783605,23.826951],[120.783574,23.826953],[120.78353,23.827992],[120.78357,23.827997],[120.783605,23.826951]]]]}},{"type":"Feature","properties":{"n":"集民街","v":"集集鎮","w":1,"c":1,"r":null},"geometry":{"type":"MultiPolygon","coordinates":[[[[120.783636,23.826955],[120.783603,23.828004],[120.783639,23.828011],[120.783672,23.82696],[120.783636,23.826955]]]]}},{"type":"Feature","properties":{"n":"集中巷","v":"集集鎮","w":2.4,"c":1.5,"r":null},"geometry":{"type":"MultiPolygon","coordinates":[[[[120.782646,23.827422],[120.783547,23.827518],[120.78355,23.827499],[120.782644,23.827402],[120.782646,23.827417],[120.782646,23.827422]]]]}},{"type":"Feature","properties":{"n":"集中巷","v":"集集鎮","w":3.2,"c":1.55,"r":null},"geometry":{"type":"MultiPolygon","coordinates":[[[[120.783651,23.82753],[120.783656,23.827539],[120.783659,23.827568],[120.784064,23.827647],[120.784679,23.827696],[120.784684,23.827658],[120.784056,23.827602],[120.783651,23.82753]]]]}},{"type":"Feature","properties":{"n":"文化街","v":"集集鎮","w":1,"c":0.1,"r":null},"geometry":{"type":"MultiPolygon","coordinates":[[[[120.782591,23.826948],[120.7826,23.827863],[120.782644,23.827872],[120.78263,23.826945],[120.782591,23.826948]]]]}},{"type":"Feature","properties":{"n":"集鹿路(集鹿大橋)","v":"集集鎮","w":1.5,"c":1.5,"r":0},"geometry":{"type":"MultiPolygon","coordinates":[[[[120.784,23.821893],[120.782408,23.813099],[120.782174,23.813122],[120.783873,23.821942],[120.784029,23.821918],[120.784,23.821893]]]]}},{"type":"Feature","properties":{"n":"集鹿路(集鹿大橋)","v":"集集鎮","w":1.5,"c":1.5,"r":0},"geometry":{"type":"MultiPolygon","coordinates":[[[[120.784139,23.821922],[120.784283,23.821923],[120.782753,23.813069],[120.782532,23.81308],[120.784139,23.821922]]]]}},{"type":"Feature","properties":{"n":"市前街","v":"集集鎮","w":1.2,"c":1.2,"r":null},"geometry":{"type":"MultiPolygon","coordinates":[[[[120.78172,23.826936],[120.78166,23.827727],[120.781686,23.82773],[120.781744,23.826937],[120.781726,23.826937],[120.78172,23.826936]]]]}},{"type":"Feature","properties":{"n":"集集街","v":"集集鎮","w":1.2,"c":0.23,"r":null},"geometry":{"type":"MultiPolygon","coordinates":[[[[120.7816,23.827767],[120.7816,23.827794],[120.782594,23.827965],[120.783093,23.828001],[120.783607,23.828098],[120.784567,23.828216],[120.78458,23.828185],[120.783596,23.828057],[120.783087,23.827964],[120.782586,23.827924],[120.781654,23.827767],[120.7816,23.827767]]]]}},{"type":"Feature","properties":{"n":"集集街","v":"集集鎮","w":1.2,"c":0.25,"r":null},"geometry":{"type":"MultiPolygon","coordinates":[[[[120.781605,23.827737],[120.782587,23.827894],[120.783103,23.827935],[120.783581,23.828032],[120.784573,23.828156],[120.784578,23.828129],[120.783589,23.828006],[120.783116,23.827912],[120.782589,23.827869],[120.781605,23.827712],[120.7816,23.827733],[120.781605,23.827737]]]]}},{"type":"Feature","properties":{"n":"文化街","v":"集集鎮","w":1,"c":0.1,"r":null},"geometry":{"type":"MultiPolygon","coordinates":[[[[120.782572,23.827863],[120.782566,23.826945],[120.782525,23.826953],[120.782533,23.82786],[120.782567,23.827863],[120.782572,23.827863]]]]}},{"type":"Feature","properties":{"n":"市前街","v":"集集鎮","w":1.2,"c":1.2,"r":null},"geometry":{"type":"MultiPolygon","coordinates":[[[[120.781686,23.826934],[120.781657,23.826934],[120.781598,23.827741],[120.78163,23.827739],[120.781686,23.826938],[120.781686,23.826934]]]]}},{"type":"Feature","properties":{"n":"民生路","v":"集集鎮","w":3.03,"c":0.45,"r":null},"geometry":{"type":"MultiPolygon","coordinates":[[[[120.784828,23.82704],[120.784708,23.827663],[120.784741,23.82767],[120.784862,23.827039],[120.784828,23.82704]]]]}},{"type":"Feature","properties":{"n":"民生路","v":"集集鎮","w":3.2,"c":0.44,"r":null},"geometry":{"type":"MultiPolygon","coordinates":[[[[120.784709,23.827708],[120.784615,23.828168],[120.784706,23.828194],[120.784716,23.828166],[120.784662,23.828151],[120.784748,23.827712],[120.784709,23.827708]]]]}},{"type":"Feature","properties":{"n":"民生路","v":"集集鎮","w":3.08,"c":0.87,"r":null},"geometry":{"type":"MultiPolygon","coordinates":[[[[120.784666,23.827651],[120.784758,23.827147],[120.784724,23.827145],[120.784632,23.827646],[120.784666,23.827651]]]]}},{"type":"Feature","properties":{"n":"民生路","v":"集集鎮","w":3.05,"c":0.38,"r":null},"geometry":{"type":"MultiPolygon","coordinates":[[[[120.78455,23.828137],[120.784581,23.828142],[120.784662,23.8277],[120.784628,23.827693],[120.78455,23.828137]]]]}},{"type":"Feature","properties":{"n":"民生路","v":"集集鎮","w":1.5,"c":1.5,"r":null},"geometry":{"type":"MultiPolygon","coordinates":[[[[120.783635,23.8269],[120.784783,23.82693],[120.784931,23.826791],[120.784879,23.826791],[120.784772,23.826882],[120.783635,23.826854],[120.783637,23.826895],[120.783635,23.8269]]]]}},{"type":"Feature","properties":{"n":"民生路","v":"集集鎮","w":1.55,"c":1.55,"r":null},"geometry":{"type":"MultiPolygon","coordinates":[[[[120.781737,23.826957],[120.78173,23.827005],[120.782548,23.826997],[120.782548,23.826949],[120.781737,23.826957]]]]}},{"type":"Feature","properties":{"n":"民生路","v":"集集鎮","w":1.55,"c":1.55,"r":null},"geometry":{"type":"MultiPolygon","coordinates":[[[[120.782627,23.827008],[120.783573,23.827],[120.783573,23.826955],[120.78263,23.826956],[120.782627,23.827008]]]]}},{"type":"Feature","properties":{"n":"民生路","v":"集集鎮","w":1.58,"c":1.52,"r":null},"geometry":{"type":"MultiPolygon","coordinates":[[[[120.783657,23.826968],[120.783647,23.826975],[120.783644,23.827016],[120.784735,23.827041],[120.784719,23.827142],[120.784763,23.827139],[120.784787,23.826998],[120.783657,23.826968]]]]}},{"type":"Feature","properties":{"n":"民生路","v":"集集鎮","w":1.5,"c":1.5,"r":null},"geometry":{"type":"MultiPolygon","coordinates":[[[[120.783612,23.826862],[120.781698,23.826847],[120.781695,23.826902],[120.78258,23.826896],[120.783609,23.826913],[120.783612,23.826862]]]]}},{"type":"Feature","properties":{"n":"民權路","v":"集集鎮","w":2.68,"c":1,"r":null},"geometry":{"type":"MultiPolygon","coordinates":[[[[120.786171,23.826346],[120.786171,23.826393],[120.790132,23.826494],[120.792547,23.826652],[120.792553,23.826614],[120.790197,23.826461],[120.786171,23.826346]]]]}},{"type":"Feature","properties":{"n":"民權路","v":"集集鎮","w":2.75,"c":0.75,"r":null},"geometry":{"type":"MultiPolygon","coordinates":[[[[120.792601,23.826671],[120.796152,23.826854],[120.797074,23.827105],[120.798391,23.827867],[120.798378,23.827801],[120.797113,23.827058],[120.796198,23.826806],[120.792595,23.826616],[120.792601,23.826671]]]]}},{"type":"Feature","properties":{"n":"民生東路","v":"集集鎮","w":4.95,"c":0.45,"r":null},"geometry":{"type":"MultiPolygon","coordinates":[[[[120.800578,23.828987],[120.801856,23.82965],[120.802739,23.830046],[120.802758,23.829992],[120.801889,23.82959],[120.800656,23.82895],[120.800578,23.828987]]]]}},{"type":"Feature","properties":{"n":"大庄路","v":"南投市","w":3.2,"c":2,"r":4},"geometry":{"type":"MultiPolygon","coordinates":[[[[120.683707,23.89824],[120.683753,23.898223],[120.68354,23.89781],[120.683346,23.897171],[120.68316,23.896412],[120.683122,23.896436],[120.683515,23.897822],[120.683722,23.898229],[120.683707,23.89824]]]]}},{"type":"Feature","properties":{"n":"育樂路","v":"南投市","w":2,"c":1.8,"r":4},"geometry":{"type":"MultiPolygon","coordinates":[[[[120.691217,23.912225],[120.691217,23.912229],[120.69119,23.912224],[120.691205,23.912241],[120.692664,23.913122],[120.692682,23.913099],[120.691217,23.912225]]]]}},{"type":"Feature","properties":{"n":"忠孝巷","v":"仁愛鄉","w":4.5,"c":2,"r":null},"geometry":{"type":"MultiPolygon","coordinates":[[[[121.131899,24.021635],[121.131894,24.021612],[121.131819,24.021442],[121.131694,24.021086],[121.131608,24.02089],[121.131454,24.020597],[121.131349,24.020296],[121.131284,24.020038],[121.131261,24.019911],[121.131169,24.019531],[121.131174,24.019491],[121.131143,24.019388],[121.131117,24.019448],[121.131116,24.019479],[121.131136,24.01961],[121.131194,24.019811],[121.131241,24.02004],[121.131285,24.020224],[121.131335,24.020384],[121.131397,24.020561],[121.131465,24.020707],[121.131576,24.020909],[121.131699,24.021206],[121.131748,24.021378],[121.131731,24.02139],[121.131817,24.021664],[121.131899,24.021635]]]]}},{"type":"Feature","properties":{"n":"山農路","v":"仁愛鄉","w":5.5,"c":2,"r":null},"geometry":{"type":"MultiPolygon","coordinates":[[[[121.132264,24.02232],[121.132319,24.022299],[121.132391,24.02228],[121.132469,24.022244],[121.132495,24.022222],[121.132524,24.02217],[121.132527,24.022117],[121.132521,24.022072],[121.132485,24.021912],[121.132477,24.021847],[121.132477,24.021795],[121.132497,24.02168],[121.132526,24.021582],[121.132562,24.021529],[121.132614,24.02147],[121.132661,24.021439],[121.133698,24.020955],[121.133953,24.020857],[121.134083,24.020862],[121.134507,24.020938],[121.134624,24.020947],[121.134682,24.020947],[121.134736,24.020935],[121.1351,24.020822],[121.135025,24.02088],[121.134918,24.020978],[121.134871,24.021033],[121.134887,24.021057],[121.134942,24.021035],[121.134949,24.021002],[121.135025,24.020923],[121.135118,24.020846],[121.13522,24.020782],[121.135246,24.02076],[121.135254,24.02072],[121.135253,24.020686],[121.135248,24.020669],[121.135201,24.020677],[121.135162,24.020722],[121.135051,24.020763],[121.134702,24.020871],[121.13465,24.02088],[121.134598,24.020883],[121.134192,24.020814],[121.134148,24.020802],[121.133982,24.020795],[121.133883,24.020816],[121.1338,24.020848],[121.13375,24.020881],[121.133769,24.020867],[121.13368,24.020903],[121.132994,24.021221],[121.132648,24.021388],[121.132588,24.021427],[121.13251,24.021496],[121.132456,24.021616],[121.132432,24.021709],[121.132412,24.021814],[121.132414,24.021857],[121.132443,24.021998],[121.13248,24.02212],[121.132469,24.022153],[121.132449,24.022184],[121.132378,24.022222],[121.132303,24.022254],[121.132222,24.022244],[121.132264,24.02232]]]]}},{"type":"Feature","properties":{"n":"太平路二段","v":"草屯鎮","w":2.1,"c":0.7,"r":2},"geometry":{"type":"MultiPolygon","coordinates":[[[[120.68356,23.974936],[120.683647,23.975592],[120.683663,23.975589],[120.683576,23.974934],[120.68356,23.974936]]]]}},{"type":"Feature","properties":{"n":"鹿山路","v":"竹山鎮","w":3,"c":2,"r":4},"geometry":{"type":"MultiPolygon","coordinates":[[[[120.694399,23.760862],[120.696488,23.760373],[120.696478,23.760346],[120.694375,23.760852],[120.694399,23.760862]]]]}},{"type":"Feature","properties":{"n":"大忠路","v":"竹山鎮","w":4,"c":2.5,"r":4},"geometry":{"type":"MultiPolygon","coordinates":[[[[120.67633,23.757535],[120.676376,23.757518],[120.675281,23.756002],[120.675268,23.756028],[120.675268,23.756055],[120.67633,23.757535]]]]}},{"type":"Feature","properties":{"n":"建國路","v":"南投市","w":1.7,"c":1.5,"r":2},"geometry":{"type":"MultiPolygon","coordinates":[[[[120.680945,23.911407],[120.680993,23.911403],[120.68128,23.911031],[120.682022,23.909073],[120.682002,23.909064],[120.681269,23.910973],[120.68116,23.911164],[120.680945,23.911407]]]]}},{"type":"Feature","properties":{"n":"文獻路","v":"南投市","w":5,"c":3.5,"r":4},"geometry":{"type":"MultiPolygon","coordinates":[[[[120.699362,23.938526],[120.699352,23.938506],[120.698729,23.936824],[120.698661,23.936675],[120.698582,23.936575],[120.698532,23.936541],[120.698328,23.936465],[120.698245,23.93645],[120.698183,23.936421],[120.6981,23.936369],[120.698001,23.936292],[120.697944,23.936177],[120.697908,23.936077],[120.697878,23.936048],[120.697737,23.935622],[120.697708,23.935522],[120.697678,23.935312],[120.69769,23.935264],[120.697768,23.935126],[120.697857,23.935021],[120.697919,23.934916],[120.697951,23.934815],[120.697946,23.934672],[120.697669,23.933902],[120.697515,23.933491],[120.697504,23.933481],[120.697405,23.933438],[120.697411,23.933481],[120.697499,23.933534],[120.697907,23.934667],[120.697923,23.934815],[120.697823,23.934997],[120.697777,23.935049],[120.697709,23.93514],[120.697657,23.93523],[120.697635,23.935379],[120.697692,23.935627],[120.697862,23.936096],[120.697907,23.936201],[120.69798,23.936339],[120.69808,23.936383],[120.698163,23.936464],[120.698236,23.936479],[120.698428,23.936546],[120.698522,23.936594],[120.698584,23.936632],[120.699323,23.938531],[120.699362,23.938526]]]]}},{"type":"Feature","properties":{"n":"文獻路","v":"南投市","w":4,"c":2.5,"r":4},"geometry":{"type":"MultiPolygon","coordinates":[[[[120.694948,23.936671],[120.700268,23.935009],[120.700359,23.934902],[120.700307,23.934854],[120.700203,23.934926],[120.698837,23.935377],[120.697433,23.935816],[120.694936,23.936576],[120.69491,23.936587],[120.694948,23.936671]]]]}},{"type":"Feature","properties":{"n":"大仁路","v":"竹山鎮","w":2.5,"c":2.5,"r":2},"geometry":{"type":"MultiPolygon","coordinates":[[[[120.675283,23.755995],[120.675301,23.756017],[120.675858,23.755638],[120.675829,23.755604],[120.675283,23.755995]]]]}},{"type":"Feature","properties":{"n":"中山路一段","v":"埔里鎮","w":4,"c":1.2,"r":5},"geometry":{"type":"MultiPolygon","coordinates":[[[[120.97756,23.971932],[120.97938,23.973605],[120.979536,23.973629],[120.979562,23.973605],[120.979387,23.973581],[120.977593,23.971914],[120.97756,23.97192],[120.97756,23.971932]]]]}},{"type":"Feature","properties":{"n":"和平東路","v":"埔里鎮","w":2.3,"c":1.2,"r":2},"geometry":{"type":"MultiPolygon","coordinates":[[[[120.974021,23.956235],[120.974021,23.956259],[120.975503,23.956809],[120.975516,23.956797],[120.974021,23.956235]]]]}},{"type":"Feature","properties":{"n":"和平東路","v":"埔里鎮","w":2.3,"c":1.2,"r":2},"geometry":{"type":"MultiPolygon","coordinates":[[[[120.975648,23.956862],[120.975643,23.956871],[120.976449,23.957177],[120.976475,23.957172],[120.975648,23.956862]]]]}},{"type":"Feature","properties":{"n":"江西路","v":"竹山鎮","w":2,"c":1.5,"r":10},"geometry":{"type":"MultiPolygon","coordinates":[[[[120.705235,23.781927],[120.703439,23.777668],[120.700945,23.771804],[120.700932,23.771816],[120.702946,23.776544],[120.705225,23.781927],[120.705235,23.781927]]]]}},{"type":"Feature","properties":{"n":"江西路","v":"竹山鎮","w":2,"c":1.5,"r":8},"geometry":{"type":"MultiPolygon","coordinates":[[[[120.70086,23.771877],[120.703878,23.778997],[120.705137,23.78194],[120.705145,23.78194],[120.70087,23.771875],[120.70086,23.771877]]]]}},{"type":"Feature","properties":{"n":"福岡路一段","v":"南投市","w":5,"c":3,"r":12},"geometry":{"type":"MultiPolygon","coordinates":[[[[120.678168,23.919412],[120.678196,23.91943],[120.678447,23.919514],[120.678824,23.919615],[120.679143,23.919752],[120.679425,23.919941],[120.679757,23.920174],[120.680284,23.920439],[120.680458,23.920532],[120.680606,23.920666],[120.680725,23.920812],[120.680817,23.920981],[120.680886,23.921122],[120.680948,23.921268],[120.681099,23.921495],[120.681218,23.921658],[120.681371,23.921825],[120.68192,23.922333],[120.682239,23.922592],[120.682284,23.922594],[120.682315,23.922506],[120.682123,23.922393],[120.681892,23.922161],[120.681516,23.921826],[120.681317,23.921613],[120.681161,23.921424],[120.680953,23.921023],[120.68085,23.920805],[120.680704,23.9206],[120.680533,23.920468],[120.68031,23.920338],[120.680084,23.92023],[120.679765,23.92005],[120.67955,23.919895],[120.679179,23.919657],[120.679005,23.919573],[120.678862,23.919533],[120.678304,23.919352],[120.678231,23.919319],[120.678189,23.919319],[120.678161,23.91934],[120.678158,23.919383],[120.678168,23.919412]]]]}},{"type":"Feature","properties":{"n":"建國路","v":"竹山鎮","w":4,"c":2.5,"r":4},"geometry":{"type":"MultiPolygon","coordinates":[[[[120.676535,23.75133],[120.676573,23.75135],[120.67684,23.750543],[120.677127,23.74991],[120.677101,23.749893],[120.676749,23.750669],[120.67654,23.75133],[120.676535,23.75133]]]]}},{"type":"Feature","properties":{"n":"興產路","v":"鹿谷鄉","w":1.7,"c":1.2,"r":6},"geometry":{"type":"MultiPolygon","coordinates":[[[[120.795319,23.676371],[120.795335,23.676374],[120.795263,23.6759],[120.795297,23.675834],[120.795186,23.675286],[120.795176,23.674992],[120.795187,23.67478],[120.795236,23.674577],[120.795283,23.674355],[120.795421,23.673937],[120.795725,23.67377],[120.795891,23.673684],[120.796045,23.673512],[120.796264,23.672715],[120.796274,23.67265],[120.796391,23.672464],[120.796513,23.672335],[120.796503,23.672309],[120.796376,23.672459],[120.796269,23.672624],[120.796227,23.672801],[120.796071,23.67334],[120.796019,23.673505],[120.795884,23.673667],[120.795556,23.673832],[120.795408,23.673927],[120.795273,23.674343],[120.795171,23.674773],[120.795158,23.674949],[120.795168,23.675286],[120.795206,23.675451],[120.795273,23.675838],[120.795247,23.675891],[120.795319,23.676371]]]]}},{"type":"Feature","properties":{"n":"彰南路一段","v":"南投市","w":1.8,"c":1.5,"r":4},"geometry":{"type":"MultiPolygon","coordinates":[[[[120.685196,23.905399],[120.685173,23.905392],[120.685179,23.906001],[120.685194,23.906434],[120.685204,23.907137],[120.68523,23.90714],[120.685198,23.90542],[120.685196,23.905399]]]]}},{"type":"Feature","properties":{"n":"名松路二段","v":"名間鄉","w":2,"c":1.5,"r":4},"geometry":{"type":"MultiPolygon","coordinates":[[[[120.630282,23.842642],[120.630533,23.84193],[120.630656,23.841611],[120.630748,23.841429],[120.630873,23.841246],[120.63086,23.841222],[120.630724,23.841424],[120.630664,23.841536],[120.630552,23.841813],[120.630259,23.84263],[120.630282,23.842642]]]]}},{"type":"Feature","properties":{"n":"名間鄉受天宮周邊環境改善計畫","v":"名間鄉","w":8.1,"c":8.1,"r":1},"geometry":{"type":"MultiPolygon","coordinates":[[[[120.636392,23.833096],[120.636569,23.833094],[120.636732,23.833051],[120.636712,23.832984],[120.636387,23.83305],[120.636392,23.833096]]]]}},{"type":"Feature","properties":{"n":"名間鄉受天宮周邊環境改善計畫","v":"名間鄉","w":5.8,"c":3,"r":1},"geometry":{"type":"MultiPolygon","coordinates":[[[[120.634506,23.833284],[120.634513,23.833284],[120.634532,23.833213],[120.634273,23.833105],[120.634253,23.833152],[120.633903,23.833026],[120.63306,23.832791],[120.631517,23.831969],[120.631238,23.831927],[120.631224,23.831992],[120.631484,23.832035],[120.631711,23.832149],[120.633027,23.832863],[120.633896,23.833086],[120.634506,23.833284]]]]}},{"type":"Feature","properties":{"n":"興產路","v":"鹿谷鄉","w":2,"c":1.5,"r":4},"geometry":{"type":"MultiPolygon","coordinates":[[[[120.763395,23.736624],[120.764658,23.735666],[120.764642,23.735649],[120.76339,23.736607],[120.76339,23.736622],[120.763395,23.736624]]]]}},{"type":"Feature","properties":{"n":"文正巷","v":"魚池鄉","w":1.5,"c":1.5,"r":2},"geometry":{"type":"MultiPolygon","coordinates":[[[[120.920494,23.892499],[120.920151,23.892528],[120.920013,23.892551],[120.919914,23.892559],[120.919834,23.892594],[120.919846,23.892611],[120.919935,23.892575],[120.92013,23.892549],[120.920499,23.892516],[120.920494,23.892494],[120.920494,23.892499]]]]}},{"type":"Feature","properties":{"n":"八德路","v":"南投市","w":1.8,"c":1.5,"r":12},"geometry":{"type":"MultiPolygon","coordinates":[[[[120.637482,23.913724],[120.637465,23.913093],[120.637446,23.912788],[120.637413,23.91247],[120.637385,23.912142],[120.637334,23.911791],[120.637146,23.910233],[120.637085,23.909671],[120.637016,23.90915],[120.636989,23.908811],[120.636918,23.908226],[120.636916,23.907831],[120.636933,23.907509],[120.636954,23.907251],[120.637013,23.906785],[120.637105,23.906143],[120.637211,23.905496],[120.637332,23.90498],[120.637607,23.904328],[120.637748,23.903963],[120.637837,23.903698],[120.637943,23.903232],[120.638011,23.902879],[120.637995,23.902881],[120.637824,23.903696],[120.637709,23.904016],[120.637314,23.904968],[120.637161,23.905691],[120.637079,23.906202],[120.636944,23.907191],[120.636912,23.907499],[120.636898,23.907817],[120.636902,23.90824],[120.637001,23.909179],[120.637069,23.909726],[120.637148,23.910455],[120.637219,23.911],[120.637283,23.911547],[120.637359,23.912102],[120.637389,23.912377],[120.637447,23.913048],[120.637459,23.913707],[120.637474,23.913724],[120.637482,23.913724]]]]}},{"type":"Feature","properties":{"n":"下橫街","v":"竹山鎮","w":3,"c":2,"r":null},"geometry":{"type":"MultiPolygon","coordinates":[[[[120.686425,23.754324],[120.686392,23.754329],[120.686566,23.754724],[120.686837,23.755411],[120.687044,23.755872],[120.687374,23.756249],[120.687555,23.756404],[120.687639,23.756548],[120.687671,23.756859],[120.687716,23.756859],[120.687678,23.756542],[120.687581,23.756387],[120.687355,23.756201],[120.687057,23.755848],[120.686967,23.755663],[120.686734,23.755077],[120.68656,23.754593],[120.686425,23.754324]]]]}},{"type":"Feature","properties":{"n":"鳳園路","v":"鹿谷鄉","w":1.5,"c":1.5,"r":4},"geometry":{"type":"MultiPolygon","coordinates":[[[[120.779825,23.743884],[120.779865,23.743531],[120.779894,23.743144],[120.779887,23.743036],[120.779781,23.742532],[120.780877,23.742222],[120.780866,23.742195],[120.77976,23.742507],[120.779874,23.74304],[120.779873,23.743159],[120.779812,23.743869],[120.779815,23.743881],[120.779825,23.743884]]]]}},{"type":"Feature","properties":{"n":"後溝巷","v":"鹿谷鄉","w":1.5,"c":1.5,"r":2},"geometry":{"type":"MultiPolygon","coordinates":[[[[120.778584,23.720199],[120.778571,23.720189],[120.778352,23.720459],[120.778334,23.720487],[120.778329,23.720523],[120.778363,23.720607],[120.778394,23.720643],[120.778484,23.720686],[120.778913,23.720634],[120.778913,23.720612],[120.778487,23.720674],[120.778412,23.720638],[120.778376,23.720602],[120.778342,23.720523],[120.778345,23.720497],[120.778433,23.720375],[120.778584,23.720199]]]]}},{"type":"Feature","properties":{"n":"魚池街","v":"魚池鄉","w":3,"c":3,"r":2},"geometry":{"type":"MultiPolygon","coordinates":[[[[120.935117,23.896564],[120.934003,23.896006],[120.933798,23.895961],[120.933143,23.895968],[120.933151,23.895992],[120.9338,23.895985],[120.934008,23.89603],[120.935102,23.896578],[120.935117,23.896564]]]]}},{"type":"Feature","properties":{"n":"八張街-B段","v":"集集鎮","w":4.5,"c":4.5,"r":2},"geometry":{"type":"MultiPolygon","coordinates":[[[[120.792526,23.830315],[120.792474,23.830317],[120.792473,23.830537],[120.792528,23.830542],[120.792526,23.830315]]]]}},{"type":"Feature","properties":{"n":"八張街-A段","v":"集集鎮","w":1.5,"c":1.5,"r":2},"geometry":{"type":"MultiPolygon","coordinates":[[[[120.792554,23.830398],[120.792554,23.830503],[120.792575,23.830503],[120.79257,23.830403],[120.792554,23.830398]]]]}},{"type":"Feature","properties":{"n":"八張街-C段","v":"集集鎮","w":1.5,"c":1.5,"r":6},"geometry":{"type":"MultiPolygon","coordinates":[[[[120.792559,23.83195],[120.79257,23.833282],[120.792648,23.833288],[120.792618,23.831968],[120.792559,23.83195]]]]}},{"type":"Feature","properties":{"n":"八張街-D段","v":"集集鎮","w":1.5,"c":1.5,"r":4},"geometry":{"type":"MultiPolygon","coordinates":[[[[120.792564,23.833338],[120.79256,23.834198],[120.792619,23.834196],[120.792623,23.833357],[120.792564,23.833338]]]]}},{"type":"Feature","properties":{"n":"環山街","v":"集集鎮","w":1.5,"c":0.9,"r":4},"geometry":{"type":"MultiPolygon","coordinates":[[[[120.792534,23.834214],[120.791394,23.834219],[120.791396,23.834269],[120.792531,23.834259],[120.792534,23.834214]]]]}},{"type":"Feature","properties":{"n":"北安路","v":"埔里鎮","w":8,"c":4,"r":11},"geometry":{"type":"MultiPolygon","coordinates":[[[[120.971226,23.969808],[120.971246,23.96982],[120.97278,23.967574],[120.97276,23.967556],[120.971226,23.969808]]]]}},{"type":"Feature","properties":{"n":"武昌宮廣場","v":"集集鎮","w":12.31,"c":2.7,"r":2},"geometry":{"type":"MultiPolygon","coordinates":[[[[120.792519,23.830047],[120.792299,23.829985],[120.792081,23.829951],[120.792029,23.829934],[120.792029,23.82997],[120.791751,23.829982],[120.791621,23.830027],[120.791493,23.830089],[120.791415,23.830206],[120.791361,23.830323],[120.791337,23.830464],[120.791353,23.830485],[120.791843,23.830479],[120.791849,23.83035],[120.7918,23.830352],[120.791797,23.83044],[120.791394,23.830447],[120.79141,23.830344],[120.791454,23.830246],[120.791535,23.830134],[120.791597,23.830132],[120.791675,23.830137],[120.791764,23.83013],[120.791834,23.830115],[120.791932,23.830051],[120.792026,23.83003],[120.792106,23.830035],[120.792177,23.830066],[120.792299,23.83013],[120.792369,23.83013],[120.792519,23.830095],[120.792514,23.830049],[120.792519,23.830047]]]]}},{"type":"Feature","properties":{"n":"興產路","v":"鹿谷鄉","w":2.5,"c":1.5,"r":12},"geometry":{"type":"MultiPolygon","coordinates":[[[[120.795143,23.673944],[120.795013,23.674587],[120.794981,23.675129],[120.794998,23.675394],[120.795065,23.67591],[120.795124,23.676254],[120.795144,23.676596],[120.795142,23.676773],[120.795152,23.676775],[120.795163,23.676591],[120.795145,23.676255],[120.795086,23.675903],[120.795094,23.675853],[120.795037,23.675425],[120.795017,23.675115],[120.795054,23.67458],[120.795182,23.673954],[120.795143,23.673944]]]]}},{"type":"Feature","properties":{"n":"公所路","v":"竹山鎮","w":1.5,"c":1.5,"r":8},"geometry":{"type":"MultiPolygon","coordinates":[[[[120.671693,23.757354],[120.671664,23.757361],[120.672508,23.759387],[120.672534,23.759379],[120.671693,23.757354]]]]}},{"type":"Feature","properties":{"n":"秀水路","v":"魚池鄉","w":1.7,"c":1.5,"r":null},"geometry":{"type":"MultiPolygon","coordinates":[[[[120.936921,23.895233],[120.937446,23.894939],[120.937719,23.894772],[120.93789,23.894581],[120.937945,23.89449],[120.938018,23.894354],[120.938119,23.894106],[120.938184,23.893977],[120.938306,23.893824],[120.938431,23.893719],[120.938613,23.893604],[120.938754,23.893542],[120.939086,23.893454],[120.939614,23.893397],[120.939964,23.893368],[120.940167,23.893328],[120.941027,23.893079],[120.94109,23.893046],[120.941095,23.893015],[120.941051,23.893046],[120.941004,23.893063],[120.940126,23.893318],[120.939835,23.893358],[120.939421,23.893394],[120.939102,23.893432],[120.939034,23.893444],[120.938759,23.893513],[120.938655,23.893561],[120.93852,23.893635],[120.938343,23.893747],[120.938208,23.893883],[120.938153,23.893967],[120.93808,23.89411],[120.938005,23.894294],[120.937877,23.894545],[120.937745,23.894705],[120.937703,23.894746],[120.937529,23.894856],[120.936913,23.895218],[120.936921,23.895233]]]]}},{"type":"Feature","properties":{"n":"八卦路","v":"南投市","w":5,"c":5,"r":null},"geometry":{"type":"MultiPolygon","coordinates":[[[[120.637416,23.940729],[120.637686,23.940729],[120.63763,23.940574],[120.637569,23.940139],[120.637432,23.940686],[120.637416,23.940729]]]]}},{"type":"Feature","properties":{"n":"草溪路","v":"草屯鎮","w":4.5,"c":3.3,"r":2},"geometry":{"type":"MultiPolygon","coordinates":[[[[120.670517,23.956954],[120.67053,23.956983],[120.670579,23.957002],[120.671815,23.957585],[120.671885,23.957604],[120.671906,23.957578],[120.670517,23.956954]]]]}},{"type":"Feature","properties":{"n":"中集路","v":"集集鎮","w":1.8,"c":1.8,"r":1},"geometry":{"type":"MultiPolygon","coordinates":[[[[120.77828,23.830248],[120.778267,23.830191],[120.778567,23.829551],[120.778589,23.829414],[120.778575,23.829418],[120.778556,23.829553],[120.778261,23.830182],[120.778275,23.83025],[120.77828,23.830248]]]]}},{"type":"Feature","properties":{"n":"成功路","v":"集集鎮","w":2.1,"c":2.1,"r":1},"geometry":{"type":"MultiPolygon","coordinates":[[[[120.779914,23.830817],[120.778277,23.830253],[120.778269,23.830265],[120.779908,23.830824],[120.779914,23.830817]]]]}},{"type":"Feature","properties":{"n":"新富路","v":"草屯鎮","w":2,"c":1.5,"r":6},"geometry":{"type":"MultiPolygon","coordinates":[[[[120.682962,23.969537],[120.683025,23.969513],[120.683383,23.969481],[120.683667,23.969441],[120.684244,23.969375],[120.684733,23.969345],[120.685618,23.969361],[120.686018,23.969443],[120.686362,23.969494],[120.686928,23.969591],[120.686933,23.969579],[120.68612,23.969436],[120.685634,23.969344],[120.684724,23.969326],[120.68367,23.96942],[120.683022,23.969498],[120.682965,23.969512],[120.682954,23.969534],[120.682962,23.969537]]]]}},{"type":"Feature","properties":{"n":"和平南街","v":"集集鎮","w":1.5,"c":1.5,"r":4},"geometry":{"type":"MultiPolygon","coordinates":[[[[120.77922,23.826752],[120.779285,23.824458],[120.779309,23.822996],[120.779344,23.822225],[120.779315,23.822227],[120.779283,23.823046],[120.779257,23.824425],[120.779201,23.826726],[120.77922,23.826752]]]]}},{"type":"Feature","properties":{"n":"和平南街","v":"集集鎮","w":1.5,"c":1.5,"r":4},"geometry":{"type":"MultiPolygon","coordinates":[[[[120.779083,23.826703],[120.779104,23.826693],[120.779231,23.822223],[120.779202,23.822223],[120.779177,23.823284],[120.779139,23.824452],[120.779083,23.826703]]]]}},{"type":"Feature","properties":{"n":"豐柏路","v":"名間鄉","w":1.5,"c":1.5,"r":null},"geometry":{"type":"MultiPolygon","coordinates":[[[[120.631236,23.833046],[120.631228,23.833055],[120.632442,23.833512],[120.632455,23.833493],[120.631236,23.833046]]]]}},{"type":"Feature","properties":{"n":"秀水路","v":"魚池鄉","w":1.5,"c":1.5,"r":null},"geometry":{"type":"MultiPolygon","coordinates":[[[[120.936919,23.895235],[120.93691,23.895221],[120.936151,23.895672],[120.935621,23.895973],[120.935491,23.896095],[120.935254,23.896362],[120.935205,23.896405],[120.935215,23.896415],[120.935259,23.896379],[120.935504,23.896104],[120.935634,23.895987],[120.935967,23.895798],[120.936919,23.895235]]]]}},{"type":"Feature","properties":{"n":"高平巷","v":"信義鄉","w":64,"c":64,"r":null},"geometry":{"type":"MultiPolygon","coordinates":[[[[120.875223,23.667537],[120.875039,23.667257],[120.874974,23.667219],[120.874943,23.667214],[120.874582,23.667637],[120.8746,23.667692],[120.874667,23.667807],[120.874812,23.667924],[120.875129,23.667573],[120.875176,23.667537],[120.875223,23.667537]]]]}},{"type":"Feature","properties":{"n":"名間鄉彰南路","v":"名間鄉","w":1,"c":1,"r":null},"geometry":{"type":"MultiPolygon","coordinates":[[[[120.696199,23.846193],[120.696188,23.846207],[120.697564,23.846638],[120.697572,23.846621],[120.696199,23.846193]]]]}},{"type":"Feature","properties":{"n":"名間鄉彰南路","v":"名間鄉","w":1,"c":1,"r":null},"geometry":{"type":"MultiPolygon","coordinates":[[[[120.695662,23.845994],[120.695654,23.846013],[120.696035,23.84614],[120.696043,23.846124],[120.695662,23.845994]]]]}},{"type":"Feature","properties":{"n":"名間鄉名中街","v":"名間鄉","w":1.7,"c":1.7,"r":6},"geometry":{"type":"MultiPolygon","coordinates":[[[[120.695566,23.845956],[120.695595,23.845968],[120.696445,23.843341],[120.696422,23.843332],[120.695566,23.845956]]]]}},{"type":"Feature","properties":{"n":"名間鄉名中街","v":"名間鄉","w":1.7,"c":1.7,"r":4},"geometry":{"type":"MultiPolygon","coordinates":[[[[120.69643,23.843279],[120.696445,23.843284],[120.696717,23.842496],[120.696707,23.842422],[120.696671,23.842429],[120.696689,23.842496],[120.69643,23.843279]]]]}},{"type":"Feature","properties":{"n":"名間鄉名中街","v":"名間鄉","w":1.7,"c":1.7,"r":6},"geometry":{"type":"MultiPolygon","coordinates":[[[[120.6967,23.842292],[120.696724,23.842296],[120.696752,23.840585],[120.696713,23.840585],[120.6967,23.842292]]]]}},{"type":"Feature","properties":{"n":"名間鄉名中街","v":"名間鄉","w":1.7,"c":1.7,"r":2},"geometry":{"type":"MultiPolygon","coordinates":[[[[120.697197,23.838524],[120.696702,23.839104],[120.696704,23.840504],[120.696743,23.840502],[120.696733,23.839109],[120.697225,23.838541],[120.697197,23.838524]]]]}},{"type":"Feature","properties":{"n":"名間鄉名中街","v":"名間鄉","w":1.7,"c":1.7,"r":2},"geometry":{"type":"MultiPolygon","coordinates":[[[[120.697296,23.838429],[120.697316,23.838443],[120.697478,23.838238],[120.697767,23.838038],[120.697845,23.837995],[120.69784,23.837931],[120.697808,23.837914],[120.697824,23.837962],[120.697813,23.837993],[120.697756,23.838021],[120.697462,23.838224],[120.697296,23.838429]]]]}},{"type":"Feature","properties":{"n":"中山路","v":"魚池鄉","w":1.25,"c":1.1,"r":null},"geometry":{"type":"MultiPolygon","coordinates":[[[[120.910461,23.866969],[120.910482,23.866993],[120.911183,23.866699],[120.91142,23.866573],[120.911615,23.866492],[120.911872,23.866325],[120.911992,23.86622],[120.912085,23.86606],[120.912177,23.865623],[120.912177,23.865462],[120.912148,23.865462],[120.912148,23.865623],[120.912059,23.86606],[120.911963,23.86621],[120.911836,23.866322],[120.911568,23.866477],[120.911417,23.866537],[120.911142,23.866685],[120.910461,23.866969]]]]}},{"type":"Feature","properties":{"n":"文林路","v":"南投市","w":1,"c":1,"r":null},"geometry":{"type":"MultiPolygon","coordinates":[[[[120.675923,23.911952],[120.675925,23.911937],[120.674732,23.911479],[120.674257,23.912538],[120.674281,23.91255],[120.67474,23.911501],[120.675923,23.911952]]]]}},{"type":"Feature","properties":{"n":"育才街","v":"集集鎮","w":1.5,"c":1.5,"r":2},"geometry":{"type":"MultiPolygon","coordinates":[[[[120.785608,23.82779],[120.785605,23.827815],[120.786841,23.827969],[120.786852,23.827942],[120.785608,23.82779]]]]}},{"type":"Feature","properties":{"n":"育才街","v":"集集鎮","w":1.5,"c":1.5,"r":2},"geometry":{"type":"MultiPolygon","coordinates":[[[[120.786935,23.827977],[120.786935,23.827994],[120.787238,23.82808],[120.787244,23.828063],[120.786935,23.827977]]]]}},{"type":"Feature","properties":{"n":"順溪北路","v":"南投市","w":3,"c":3,"r":8},"geometry":{"type":"MultiPolygon","coordinates":[[[[120.684816,23.927185],[120.685492,23.925988],[120.68546,23.925939],[120.684805,23.927205],[120.684816,23.927185]]]]}},{"type":"Feature","properties":{"n":"新民巷","v":"名間鄉","w":4,"c":1.5,"r":0},"geometry":{"type":"MultiPolygon","coordinates":[[[[120.704923,23.823297],[120.704923,23.823283],[120.698625,23.822287],[120.692306,23.821325],[120.692306,23.821384],[120.704923,23.823297]]]]}},{"type":"Feature","properties":{"n":"集鹿南路","v":"鹿谷鄉","w":1.5,"c":1.5,"r":2},"geometry":{"type":"MultiPolygon","coordinates":[[[[120.785212,23.80286],[120.785651,23.802801],[120.786107,23.802639],[120.78696,23.802168],[120.787749,23.801672],[120.788194,23.801579],[120.788441,23.8015],[120.788736,23.801368],[120.788993,23.801127],[120.789112,23.800866],[120.789101,23.800606],[120.78909,23.800085],[120.789031,23.799658],[120.788994,23.799668],[120.789031,23.799815],[120.789069,23.800144],[120.789069,23.800581],[120.789085,23.800856],[120.788967,23.801121],[120.788736,23.801332],[120.788436,23.80146],[120.788044,23.801582],[120.78776,23.801631],[120.787562,23.80173],[120.786679,23.802309],[120.786086,23.802625],[120.785638,23.802785],[120.785215,23.802846],[120.785212,23.80286]]]]}},{"type":"Feature","properties":{"n":"中正路","v":"水里鄉","w":2.5,"c":2.5,"r":2},"geometry":{"type":"MultiPolygon","coordinates":[[[[120.855578,23.818589],[120.855615,23.818579],[120.855433,23.818113],[120.855272,23.817514],[120.855154,23.816945],[120.854913,23.816429],[120.854645,23.81588],[120.854612,23.815934],[120.854972,23.816611],[120.855106,23.816945],[120.855149,23.817131],[120.855213,23.81747],[120.855261,23.817676],[120.855396,23.818108],[120.855578,23.818589]]]]}},{"type":"Feature","properties":{"n":"初中一街","v":"集集鎮","w":1.8,"c":1.8,"r":2},"geometry":{"type":"MultiPolygon","coordinates":[[[[120.780218,23.828837],[120.78021,23.828839],[120.780277,23.829092],[120.780304,23.829534],[120.780585,23.829637],[120.782152,23.829683],[120.782155,23.829674],[120.780588,23.829629],[120.780309,23.829524],[120.78029,23.82908],[120.780218,23.828837]]]]}},{"type":"Feature","properties":{"n":"成功路(鎮立游泳池)","v":"集集鎮","w":1.8,"c":1.8,"r":1},"geometry":{"type":"MultiPolygon","coordinates":[[[[120.784712,23.831714],[120.78464,23.831764],[120.784179,23.831727],[120.784128,23.831678],[120.784154,23.831376],[120.784141,23.831378],[120.78412,23.83168],[120.784173,23.831732],[120.78464,23.831773],[120.784718,23.831722],[120.784712,23.831714]]]]}},{"type":"Feature","properties":{"n":"富昌路","v":"草屯鎮","w":6,"c":4,"r":2},"geometry":{"type":"MultiPolygon","coordinates":[[[[120.697684,23.980311],[120.69776,23.980306],[120.697615,23.979046],[120.697545,23.979051],[120.697684,23.980311]]]]}},{"type":"Feature","properties":{"n":"成功路一段","v":"草屯鎮","w":3,"c":2,"r":2},"geometry":{"type":"MultiPolygon","coordinates":[[[[120.688728,23.995555],[120.688744,23.995541],[120.68857,23.995158],[120.688548,23.995163],[120.688728,23.995555]]]]}},{"type":"Feature","properties":{"n":"大成街","v":"草屯鎮","w":1.5,"c":1.5,"r":null},"geometry":{"type":"MultiPolygon","coordinates":[[[[120.687761,23.981143],[120.687734,23.98129],[120.687734,23.981298],[120.687761,23.981143]]]]}},{"type":"Feature","properties":{"n":"草溪路","v":"草屯鎮","w":1.2,"c":1.2,"r":null},"geometry":{"type":"MultiPolygon","coordinates":[[[[120.680281,23.97407],[120.680273,23.974082],[120.680558,23.974614],[120.680574,23.974612],[120.680281,23.97407]]]]}},{"type":"Feature","properties":{"n":"富昌路","v":"草屯鎮","w":0.9,"c":0.9,"r":null},"geometry":{"type":"MultiPolygon","coordinates":[[[[120.697709,23.979034],[120.697918,23.980784],[120.697934,23.980769],[120.69773,23.979034],[120.697709,23.979034]]]]}},{"type":"Feature","properties":{"n":"富春路","v":"草屯鎮","w":3,"c":3,"r":2},"geometry":{"type":"MultiPolygon","coordinates":[[[[120.697935,23.980774],[120.69793,23.980786],[120.698895,23.980693],[120.698898,23.980681],[120.697935,23.980774]]]]}},{"type":"Feature","properties":{"n":"中正路","v":"草屯鎮","w":8,"c":6,"r":0},"geometry":{"type":"MultiPolygon","coordinates":[[[[120.698175,23.979047],[120.698564,23.979],[120.698564,23.978968],[120.698172,23.979015],[120.698175,23.979047]]]]}},{"type":"Feature","properties":{"n":"大智路","v":"竹山鎮","w":1.5,"c":1.5,"r":null},"geometry":{"type":"MultiPolygon","coordinates":[[[[120.681376,23.749632],[120.68136,23.749651],[120.681358,23.749683],[120.681398,23.749691],[120.681583,23.749671],[120.681937,23.749592],[120.682074,23.749575],[120.682253,23.74957],[120.68238,23.749578],[120.682626,23.749617],[120.682811,23.749693],[120.683055,23.749838],[120.683208,23.749941],[120.683286,23.750007],[120.68367,23.750385],[120.68422,23.750911],[120.684442,23.751134],[120.684716,23.751375],[120.68485,23.751522],[120.685075,23.751731],[120.685547,23.752185],[120.685751,23.752362],[120.685891,23.75246],[120.686051,23.752563],[120.686199,23.752644],[120.686336,23.752705],[120.686698,23.752858],[120.687224,23.753057],[120.687739,23.753209],[120.687886,23.753258],[120.688364,23.75339],[120.688567,23.753454],[120.688675,23.753479],[120.688693,23.753464],[120.688583,23.753442],[120.688482,23.753408],[120.687999,23.753273],[120.687216,23.753042],[120.686811,23.752885],[120.686306,23.752681],[120.686153,23.752605],[120.68581,23.752386],[120.685472,23.752089],[120.685105,23.751741],[120.683597,23.750292],[120.683321,23.75001],[120.683195,23.749899],[120.682817,23.749681],[120.682626,23.749602],[120.682296,23.749541],[120.682262,23.749551],[120.6822,23.749546],[120.682103,23.749551],[120.681814,23.7496],[120.681618,23.749646],[120.681529,23.749661],[120.681398,23.749671],[120.681392,23.749656],[120.681376,23.749632]]]]}}]}