{"type":"FeatureCollection","features":[{"type":"Feature","properties":{"n":"華安路","v":"內埔鄉","w":3,"c":3,"r":3},"geometry":{"type":"MultiPolygon","coordinates":[[[[120.540614,22.627894],[120.540612,22.627897],[120.541267,22.627663],[120.541241,22.627627],[120.540593,22.62787],[120.540614,22.627894]]]]}},{"type":"Feature","properties":{"n":"公正路","v":"竹田鄉","w":4.8,"c":4.8,"r":3},"geometry":{"type":"MultiPolygon","coordinates":[[[[120.543601,22.583134],[120.544436,22.582836],[120.544508,22.582762],[120.54503,22.581464],[120.545001,22.581463],[120.54449,22.582745],[120.544423,22.582814],[120.543594,22.583115],[120.543601,22.583134]]]]}},{"type":"Feature","properties":{"n":"僑德路","v":"枋寮鄉","w":2,"c":1.8,"r":6},"geometry":{"type":"MultiPolygon","coordinates":[[[[120.597166,22.36588],[120.597204,22.365899],[120.598352,22.364294],[120.59832,22.36427],[120.597166,22.36588]]]]}},{"type":"Feature","properties":{"n":"僑德路1","v":"枋寮鄉","w":2,"c":1.8,"r":6},"geometry":{"type":"MultiPolygon","coordinates":[[[[120.597112,22.365897],[120.598286,22.364249],[120.598263,22.364232],[120.597089,22.365885],[120.597112,22.365897]]]]}},{"type":"Feature","properties":{"n":"隆安路","v":"枋寮鄉","w":1.5,"c":1.5,"r":null},"geometry":{"type":"MultiPolygon","coordinates":[[[[120.600043,22.361976],[120.600028,22.362015],[120.601632,22.36258],[120.60165,22.362554],[120.600043,22.361976]]]]}},{"type":"Feature","properties":{"n":"德興路","v":"枋寮鄉","w":1.4,"c":1.4,"r":null},"geometry":{"type":"MultiPolygon","coordinates":[[[[120.592832,22.366402],[120.593886,22.364207],[120.593892,22.364189],[120.592832,22.366402]]]]}},{"type":"Feature","properties":{"n":"橋德路2","v":"枋寮鄉","w":1.5,"c":1.5,"r":null},"geometry":{"type":"MultiPolygon","coordinates":[[[[120.600064,22.361954],[120.600067,22.361952],[120.600087,22.361961],[120.601284,22.36038],[120.601266,22.360363],[120.600064,22.361954]]]]}},{"type":"Feature","properties":{"n":"光復路","v":"東港鎮","w":0,"c":3,"r":8},"geometry":{"type":"MultiPolygon","coordinates":[[[[120.463744,22.470065],[120.463743,22.470043],[120.456941,22.470035],[120.456612,22.469898],[120.454912,22.468869],[120.454891,22.468884],[120.456609,22.469917],[120.456936,22.470052],[120.463744,22.470065]]]]}},{"type":"Feature","properties":{"n":"東新路(東新國中通學步道)","v":"東港鎮","w":0,"c":3,"r":2},"geometry":{"type":"MultiPolygon","coordinates":[[[[120.462905,22.474041],[120.462921,22.47406],[120.464046,22.473053],[120.464319,22.472906],[120.464854,22.472793],[120.464854,22.472766],[120.464321,22.472877],[120.464033,22.473029],[120.462905,22.474041]]]]}},{"type":"Feature","properties":{"n":"大順路","v":"東港鎮","w":0,"c":1.8,"r":4},"geometry":{"type":"MultiPolygon","coordinates":[[[[120.468772,22.461],[120.469904,22.466266],[120.469932,22.466259],[120.468793,22.460991],[120.468772,22.461]]]]}},{"type":"Feature","properties":{"n":"台鐵高架橋底防汛道路","v":"林邊鄉","w":2,"c":1.8,"r":5},"geometry":{"type":"MultiPolygon","coordinates":[[[[120.510666,22.437596],[120.510745,22.43756],[120.510724,22.436007],[120.51083,22.435195],[120.511102,22.434563],[120.511606,22.433811],[120.512276,22.433216],[120.513268,22.432634],[120.513242,22.432562],[120.512277,22.433133],[120.511555,22.433716],[120.511025,22.434527],[120.510766,22.435171],[120.510634,22.436079],[120.510666,22.437596]]]]}},{"type":"Feature","properties":{"n":"仁里路","v":"南州鄉","w":2.6,"c":2.6,"r":6},"geometry":{"type":"MultiPolygon","coordinates":[[[[120.51156,22.489824],[120.511635,22.49202],[120.511607,22.491141],[120.51156,22.489824]]]]}},{"type":"Feature","properties":{"n":"和生路一段","v":"屏東市","w":2.5,"c":2.5,"r":1},"geometry":{"type":"MultiPolygon","coordinates":[[[[120.510639,22.6599],[120.511215,22.659911],[120.511212,22.659866],[120.51064,22.65987],[120.510639,22.6599]]]]}},{"type":"Feature","properties":{"n":"民和路","v":"屏東市","w":2.5,"c":2.5,"r":4},"geometry":{"type":"MultiPolygon","coordinates":[[[[120.495709,22.67114],[120.495743,22.67113],[120.495062,22.669013],[120.495035,22.669031],[120.495709,22.67114]]]]}},{"type":"Feature","properties":{"n":"自立南路","v":"屏東市","w":2.5,"c":2.5,"r":null},"geometry":{"type":"MultiPolygon","coordinates":[[[[120.487288,22.666439],[120.487301,22.666398],[120.48599,22.665838],[120.485834,22.664708],[120.48578,22.66472],[120.485942,22.665862],[120.487288,22.666439]]]]}},{"type":"Feature","properties":{"n":"民生東路","v":"屏東市","w":2,"c":2,"r":6},"geometry":{"type":"MultiPolygon","coordinates":[[[[120.514579,22.658173],[120.514568,22.658146],[120.511345,22.659971],[120.511358,22.659993],[120.514549,22.658187],[120.514579,22.658173]]]]}},{"type":"Feature","properties":{"n":"建南路","v":"屏東市","w":6,"c":2.5,"r":6},"geometry":{"type":"MultiPolygon","coordinates":[[[[120.483156,22.66469],[120.482294,22.662658],[120.481433,22.659929],[120.480431,22.657916],[120.479401,22.656421],[120.479013,22.655846],[120.478616,22.653015],[120.478561,22.653025],[120.478955,22.655844],[120.480389,22.657944],[120.48138,22.659941],[120.482256,22.66268],[120.483131,22.664699],[120.483156,22.66469]]]]}},{"type":"Feature","properties":{"n":"公園路","v":"屏東市","w":1,"c":1,"r":4},"geometry":{"type":"MultiPolygon","coordinates":[[[[120.489785,22.674589],[120.489776,22.674611],[120.493134,22.673648],[120.493131,22.67363],[120.489785,22.674589]]]]}},{"type":"Feature","properties":{"n":"民生路","v":"屏東市","w":4.3,"c":2.2,"r":14},"geometry":{"type":"MultiPolygon","coordinates":[[[[120.489317,22.67102],[120.494386,22.669177],[120.494366,22.66912],[120.489299,22.670977],[120.489317,22.671016],[120.489317,22.67102]]]]}},{"type":"Feature","properties":{"n":"自由路","v":"屏東市","w":2,"c":2,"r":6},"geometry":{"type":"MultiPolygon","coordinates":[[[[120.495777,22.680536],[120.495764,22.680515],[120.494144,22.681494],[120.493132,22.682186],[120.492249,22.68275],[120.492254,22.682771],[120.493134,22.682215],[120.494167,22.681506],[120.494381,22.681373],[120.495777,22.680536]]]]}},{"type":"Feature","properties":{"n":"自由路","v":"屏東市","w":2,"c":1,"r":4},"geometry":{"type":"MultiPolygon","coordinates":[[[[120.497743,22.679146],[120.497131,22.677448],[120.496981,22.676859],[120.496979,22.676812],[120.496956,22.676812],[120.496961,22.676869],[120.497113,22.677464],[120.49771,22.679122],[120.497743,22.679146]]]]}},{"type":"Feature","properties":{"n":"自由路1","v":"屏東市","w":2,"c":2,"r":2},"geometry":{"type":"MultiPolygon","coordinates":[[[[120.496971,22.676742],[120.496943,22.676508],[120.496957,22.676192],[120.49701,22.675818],[120.496962,22.675483],[120.496703,22.674713],[120.496366,22.673655],[120.496246,22.673445],[120.495728,22.672831],[120.495503,22.672384],[120.495068,22.670994],[120.494472,22.669217],[120.494179,22.668405],[120.493939,22.668005],[120.493654,22.667728],[120.49177,22.666255],[120.49116,22.666097],[120.490939,22.666116],[120.488936,22.666702],[120.488956,22.666721],[120.490931,22.66614],[120.491157,22.666127],[120.491752,22.666279],[120.493918,22.66802],[120.494159,22.66842],[120.495185,22.671469],[120.495475,22.672407],[120.495703,22.672838],[120.496221,22.673475],[120.496343,22.673683],[120.496929,22.675494],[120.496985,22.675829],[120.496905,22.676502],[120.496945,22.676751],[120.496971,22.676742]]]]}},{"type":"Feature","properties":{"n":"自由路","v":"屏東市","w":2,"c":2,"r":13},"geometry":{"type":"MultiPolygon","coordinates":[[[[120.492263,22.682809],[120.492276,22.682821],[120.493153,22.682264],[120.494199,22.681555],[120.494797,22.681194],[120.495814,22.68059],[120.495796,22.680571],[120.4944,22.68141],[120.494191,22.681531],[120.49314,22.682245],[120.492263,22.682809]]]]}},{"type":"Feature","properties":{"n":"自由路","v":"屏東市","w":2.5,"c":1.7,"r":2},"geometry":{"type":"MultiPolygon","coordinates":[[[[120.495828,22.680546],[120.495839,22.680563],[120.496559,22.680099],[120.497795,22.679236],[120.49778,22.679219],[120.496548,22.680085],[120.495828,22.680546]]]]}},{"type":"Feature","properties":{"n":"台糖街","v":"屏東市","w":2.8,"c":1.7,"r":20},"geometry":{"type":"MultiPolygon","coordinates":[[[[120.489904,22.662632],[120.489908,22.662632],[120.489918,22.662665],[120.495798,22.660878],[120.495788,22.66085],[120.489904,22.662632]]]]}},{"type":"Feature","properties":{"n":"台糖街","v":"屏東市","w":2.8,"c":1.7,"r":20},"geometry":{"type":"MultiPolygon","coordinates":[[[[120.48989,22.662577],[120.495773,22.660789],[120.49576,22.660753],[120.489883,22.662545],[120.48989,22.662581],[120.48989,22.662577]]]]}},{"type":"Feature","properties":{"n":"自由路","v":"屏東市","w":2,"c":1,"r":2},"geometry":{"type":"MultiPolygon","coordinates":[[[[120.495816,22.680513],[120.496523,22.680054],[120.497749,22.679205],[120.497731,22.679188],[120.49651,22.680037],[120.495803,22.680496],[120.495816,22.680513]]]]}},{"type":"Feature","properties":{"n":"自由路1","v":"屏東市","w":3,"c":0.8,"r":2},"geometry":{"type":"MultiPolygon","coordinates":[[[[120.497799,22.679184],[120.497828,22.679197],[120.497201,22.677431],[120.497041,22.676857],[120.497036,22.676795],[120.497018,22.676795],[120.49702,22.676852],[120.497183,22.677433],[120.497799,22.679184]]]]}},{"type":"Feature","properties":{"n":"中山路1","v":"屏東市","w":2,"c":1.5,"r":20},"geometry":{"type":"MultiPolygon","coordinates":[[[[120.486586,22.67104],[120.486549,22.671027],[120.485016,22.6746],[120.484948,22.675657],[120.484974,22.675656],[120.485056,22.674604],[120.486586,22.67104]]]]}},{"type":"Feature","properties":{"n":"中山路","v":"屏東市","w":2,"c":1.5,"r":20},"geometry":{"type":"MultiPolygon","coordinates":[[[[120.486625,22.671057],[120.485092,22.674611],[120.485004,22.675672],[120.485027,22.675675],[120.485121,22.674622],[120.486658,22.671071],[120.486625,22.671057]]]]}},{"type":"Feature","properties":{"n":"和平路","v":"屏東市","w":1.5,"c":1.5,"r":6},"geometry":{"type":"MultiPolygon","coordinates":[[[[120.477847,22.676468],[120.47788,22.676443],[120.478194,22.671619],[120.478154,22.671587],[120.477841,22.676464],[120.477847,22.676468]]]]}},{"type":"Feature","properties":{"n":"中山路","v":"恆春鎮","w":1,"c":1,"r":null},"geometry":{"type":"MultiPolygon","coordinates":[[[[120.743515,22.004347],[120.743644,22.003367],[120.74462,22.002407],[120.744582,22.002395],[120.743619,22.003355],[120.743495,22.004347],[120.743515,22.004347]]]]}},{"type":"Feature","properties":{"n":"福德路","v":"恆春鎮","w":60,"c":1,"r":null},"geometry":{"type":"MultiPolygon","coordinates":[[[[120.74364,22.003422],[120.744166,22.003753],[120.744227,22.003769],[120.744227,22.003761],[120.744171,22.003744],[120.743649,22.003411],[120.74364,22.003422]]]]}},{"type":"Feature","properties":{"n":"光復路","v":"恆春鎮","w":1,"c":1,"r":null},"geometry":{"type":"MultiPolygon","coordinates":[[[[120.744051,22.002885],[120.744066,22.002874],[120.743278,22.002347],[120.743272,22.002359],[120.744051,22.002885]]]]}},{"type":"Feature","properties":{"n":"中山路","v":"恆春鎮","w":8,"c":8,"r":null},"geometry":{"type":"MultiPolygon","coordinates":[[[[120.745154,22.001883],[120.745119,22.001829],[120.744977,22.001924],[120.74474,22.002205],[120.743585,22.00335],[120.743338,22.005458],[120.743391,22.005479],[120.743415,22.005227],[120.743633,22.003372],[120.744108,22.002907],[120.744787,22.002225],[120.745019,22.001929],[120.745154,22.001883]]]]}},{"type":"Feature","properties":{"n":"文化路","v":"恆春鎮","w":1.5,"c":1.5,"r":null},"geometry":{"type":"MultiPolygon","coordinates":[[[[120.745282,22.002166],[120.745284,22.002172],[120.748983,22.004161],[120.749015,22.004131],[120.745266,22.0021],[120.745282,22.002166]]]]}},{"type":"Feature","properties":{"n":"中正路-中山路","v":"恆春鎮","w":57,"c":0,"r":null},"geometry":{"type":"MultiPolygon","coordinates":[[[[120.743419,22.005212],[120.744043,22.005284],[120.744043,22.005277],[120.743428,22.005204],[120.743419,22.005212]]]]}},{"type":"Feature","properties":{"n":"復興街","v":"新埤鄉","w":8.6,"c":7.8,"r":null},"geometry":{"type":"MultiPolygon","coordinates":[[[[120.54968,22.469606],[120.549698,22.469607],[120.549747,22.468969],[120.550813,22.469008],[120.550793,22.468988],[120.549724,22.468947],[120.54968,22.469606]]]]}},{"type":"Feature","properties":{"n":"文化街","v":"新埤鄉","w":10.9,"c":10.1,"r":null},"geometry":{"type":"MultiPolygon","coordinates":[[[[120.548728,22.469573],[120.549704,22.469629],[120.549699,22.469617],[120.548712,22.469556],[120.548728,22.469573]]]]}},{"type":"Feature","properties":{"n":"仙吉路","v":"新園鄉","w":1.5,"c":1,"r":2},"geometry":{"type":"MultiPolygon","coordinates":[[[[120.461603,22.544401],[120.461159,22.543659],[120.461125,22.543676],[120.461578,22.544415],[120.461603,22.544401]]]]}},{"type":"Feature","properties":{"n":"公園路","v":"萬丹鄉","w":5,"c":5,"r":0},"geometry":{"type":"MultiPolygon","coordinates":[[[[120.483679,22.59041],[120.483617,22.590445],[120.485957,22.594905],[120.486032,22.594875],[120.483679,22.59041]]]]}},{"type":"Feature","properties":{"n":"文化路","v":"滿州鄉","w":1.8,"c":1.8,"r":0},"geometry":{"type":"MultiPolygon","coordinates":[[[[120.839398,22.023835],[120.839408,22.023859],[120.839777,22.023838],[120.83978,22.023805],[120.839398,22.023835]]]]}},{"type":"Feature","properties":{"n":"中山路","v":"滿州鄉","w":2.5,"c":2.5,"r":4},"geometry":{"type":"MultiPolygon","coordinates":[[[[120.838262,22.019416],[120.838208,22.01947],[120.838565,22.020623],[120.838617,22.020594],[120.838262,22.019416]]]]}},{"type":"Feature","properties":{"n":"中山路3巷","v":"滿州鄉","w":2.5,"c":2.5,"r":2},"geometry":{"type":"MultiPolygon","coordinates":[[[[120.838546,22.020573],[120.837777,22.020859],[120.837802,22.020898],[120.838533,22.020636],[120.838546,22.020573]]]]}},{"type":"Feature","properties":{"n":"中山路","v":"潮州鎮","w":7,"c":2.3,"r":2},"geometry":{"type":"MultiPolygon","coordinates":[[[[120.545256,22.549805],[120.545637,22.549827],[120.54565,22.549812],[120.545259,22.54979],[120.545256,22.549805]]]]}},{"type":"Feature","properties":{"n":"永安路","v":"潮州鎮","w":7,"c":2,"r":10},"geometry":{"type":"MultiPolygon","coordinates":[[[[120.54645,22.548987],[120.546462,22.548996],[120.547146,22.548286],[120.547134,22.548279],[120.54645,22.548987]]]]}},{"type":"Feature","properties":{"n":"愛國路","v":"潮州鎮","w":7,"c":3,"r":2},"geometry":{"type":"MultiPolygon","coordinates":[[[[120.545573,22.551583],[120.546775,22.551656],[120.546775,22.551648],[120.545573,22.551576],[120.545573,22.551583]]]]}},{"type":"Feature","properties":{"n":"愛國路","v":"潮州鎮","w":7,"c":3,"r":2},"geometry":{"type":"MultiPolygon","coordinates":[[[[120.545571,22.551617],[120.546773,22.551691],[120.546773,22.551681],[120.545574,22.551606],[120.545571,22.551617]]]]}},{"type":"Feature","properties":{"n":"愛國路","v":"潮州鎮","w":7,"c":3,"r":2},"geometry":{"type":"MultiPolygon","coordinates":[[[[120.546794,22.551658],[120.547718,22.55171],[120.547718,22.551696],[120.546795,22.551648],[120.546794,22.551658]]]]}},{"type":"Feature","properties":{"n":"愛國路","v":"潮州鎮","w":7,"c":3,"r":2},"geometry":{"type":"MultiPolygon","coordinates":[[[[120.546792,22.551695],[120.547718,22.551749],[120.547718,22.55174],[120.546792,22.551684],[120.546792,22.551695]]]]}},{"type":"Feature","properties":{"n":"愛國路","v":"潮州鎮","w":7,"c":3,"r":2},"geometry":{"type":"MultiPolygon","coordinates":[[[[120.547738,22.551711],[120.548718,22.551774],[120.548718,22.55176],[120.547738,22.551699],[120.547738,22.551711]]]]}},{"type":"Feature","properties":{"n":"愛國路","v":"潮州鎮","w":7,"c":3,"r":2},"geometry":{"type":"MultiPolygon","coordinates":[[[[120.547734,22.551755],[120.548716,22.551822],[120.548719,22.551806],[120.547734,22.551739],[120.547734,22.551755]]]]}},{"type":"Feature","properties":{"n":"永安路","v":"潮州鎮","w":7,"c":2,"r":7},"geometry":{"type":"MultiPolygon","coordinates":[[[[120.54568,22.549833],[120.545696,22.549836],[120.546207,22.549309],[120.546199,22.549297],[120.54568,22.549833]]]]}},{"type":"Feature","properties":{"n":"永安路","v":"潮州鎮","w":7,"c":3,"r":2},"geometry":{"type":"MultiPolygon","coordinates":[[[[120.546208,22.549288],[120.546221,22.549295],[120.546662,22.548835],[120.546652,22.548825],[120.546208,22.549288]]]]}},{"type":"Feature","properties":{"n":"永安路","v":"潮州鎮","w":7,"c":2,"r":8},"geometry":{"type":"MultiPolygon","coordinates":[[[[120.546663,22.548814],[120.546672,22.548821],[120.54717,22.548304],[120.547157,22.548297],[120.546663,22.548814]]]]}},{"type":"Feature","properties":{"n":"永安路","v":"潮州鎮","w":7,"c":2,"r":10},"geometry":{"type":"MultiPolygon","coordinates":[[[[120.545634,22.549833],[120.545656,22.549832],[120.546448,22.549015],[120.546433,22.549003],[120.545634,22.549833]]]]}},{"type":"Feature","properties":{"n":"敦化路","v":"潮州鎮","w":7,"c":2.3,"r":9},"geometry":{"type":"MultiPolygon","coordinates":[[[[120.545337,22.552354],[120.54535,22.552367],[120.545484,22.552169],[120.54557,22.551944],[120.545601,22.55176],[120.545591,22.551619],[120.545571,22.551619],[120.545586,22.551763],[120.545552,22.551947],[120.545471,22.552159],[120.545337,22.552354]]]]}},{"type":"Feature","properties":{"n":"敦化路","v":"潮州鎮","w":7,"c":2.3,"r":9},"geometry":{"type":"MultiPolygon","coordinates":[[[[120.545321,22.552332],[120.545453,22.552151],[120.545526,22.551934],[120.545557,22.551757],[120.545553,22.551607],[120.545535,22.551611],[120.545539,22.551755],[120.545505,22.551934],[120.545438,22.552146],[120.545311,22.552318],[120.545321,22.552332]]]]}},{"type":"Feature","properties":{"n":"敦化路","v":"潮州鎮","w":7,"c":2.3,"r":9},"geometry":{"type":"MultiPolygon","coordinates":[[[[120.545569,22.551578],[120.545587,22.551575],[120.545609,22.551086],[120.545594,22.55109],[120.545569,22.551578]]]]}},{"type":"Feature","properties":{"n":"敦化路","v":"潮州鎮","w":7,"c":2.3,"r":7},"geometry":{"type":"MultiPolygon","coordinates":[[[[120.545531,22.551582],[120.545549,22.551584],[120.545571,22.551094],[120.545556,22.551099],[120.545531,22.551582]]]]}},{"type":"Feature","properties":{"n":"敦化路","v":"潮州鎮","w":7,"c":2.3,"r":9},"geometry":{"type":"MultiPolygon","coordinates":[[[[120.545594,22.551071],[120.54561,22.55107],[120.545656,22.550417],[120.54564,22.550417],[120.545594,22.551071]]]]}},{"type":"Feature","properties":{"n":"敦化路","v":"潮州鎮","w":7,"c":2.3,"r":9},"geometry":{"type":"MultiPolygon","coordinates":[[[[120.545554,22.551076],[120.545569,22.551073],[120.54565,22.549862],[120.545632,22.549859],[120.545554,22.551076]]]]}},{"type":"Feature","properties":{"n":"敦化路","v":"潮州鎮","w":7,"c":2.3,"r":6},"geometry":{"type":"MultiPolygon","coordinates":[[[[120.545635,22.550391],[120.545664,22.550391],[120.545696,22.549861],[120.545665,22.549858],[120.545635,22.550391]]]]}},{"type":"Feature","properties":{"n":"中山路","v":"潮州鎮","w":7,"c":2.3,"r":7},"geometry":{"type":"MultiPolygon","coordinates":[[[[120.543145,22.549742],[120.5441,22.549779],[120.544094,22.549757],[120.543145,22.549717],[120.543145,22.549742]]]]}},{"type":"Feature","properties":{"n":"中山路","v":"潮州鎮","w":7,"c":2.3,"r":4},"geometry":{"type":"MultiPolygon","coordinates":[[[[120.544115,22.54978],[120.544703,22.549816],[120.544703,22.549792],[120.544122,22.549757],[120.544115,22.54978]]]]}},{"type":"Feature","properties":{"n":"中山路","v":"潮州鎮","w":7,"c":2.3,"r":3},"geometry":{"type":"MultiPolygon","coordinates":[[[[120.544727,22.549817],[120.545113,22.549839],[120.545116,22.54982],[120.54473,22.549799],[120.544727,22.549817]]]]}},{"type":"Feature","properties":{"n":"中山路","v":"潮州鎮","w":7,"c":2.3,"r":2},"geometry":{"type":"MultiPolygon","coordinates":[[[[120.545206,22.549839],[120.545625,22.549871],[120.545625,22.549855],[120.545208,22.549827],[120.545206,22.549839]]]]}},{"type":"Feature","properties":{"n":"中山路","v":"潮州鎮","w":7,"c":2.3,"r":6},"geometry":{"type":"MultiPolygon","coordinates":[[[[120.543032,22.549679],[120.543665,22.549704],[120.543668,22.549684],[120.543035,22.549656],[120.543032,22.549679]]]]}},{"type":"Feature","properties":{"n":"中山路","v":"潮州鎮","w":7,"c":2.3,"r":5},"geometry":{"type":"MultiPolygon","coordinates":[[[[120.544118,22.54973],[120.545141,22.549792],[120.545144,22.549773],[120.54412,22.549713],[120.544118,22.54973]]]]}},{"type":"Feature","properties":{"n":"永坤路","v":"潮州鎮","w":7.4,"c":2.5,"r":2},"geometry":{"type":"MultiPolygon","coordinates":[[[[120.542172,22.553457],[120.542522,22.553389],[120.542433,22.553032],[120.542402,22.553042],[120.542484,22.553372],[120.542167,22.553431],[120.542172,22.553457]]]]}},{"type":"Feature","properties":{"n":"愛河路","v":"潮州鎮","w":0,"c":2,"r":4},"geometry":{"type":"MultiPolygon","coordinates":[[[[120.537398,22.546754],[120.537401,22.546774],[120.539567,22.546785],[120.539567,22.546763],[120.537398,22.546754]]]]}},{"type":"Feature","properties":{"n":"華興路","v":"潮州鎮","w":0,"c":2,"r":4},"geometry":{"type":"MultiPolygon","coordinates":[[[[120.53959,22.546763],[120.539595,22.546785],[120.542896,22.54673],[120.542896,22.54671],[120.53959,22.546763]]]]}},{"type":"Feature","properties":{"n":"永坤路","v":"潮州鎮","w":0,"c":3,"r":4},"geometry":{"type":"MultiPolygon","coordinates":[[[[120.544308,22.553023],[120.542547,22.553398],[120.54291,22.554823],[120.542928,22.554818],[120.542575,22.553412],[120.544313,22.553044],[120.544308,22.553023]]]]}},{"type":"Feature","properties":{"n":"盧山路","v":"潮州鎮","w":0,"c":2,"r":4},"geometry":{"type":"MultiPolygon","coordinates":[[[[120.542484,22.546072],[120.541912,22.54613],[120.539456,22.546119],[120.539458,22.546145],[120.54191,22.546152],[120.542486,22.546089],[120.542484,22.546072]]]]}},{"type":"Feature","properties":{"n":"志成路","v":"潮州鎮","w":3,"c":2,"r":2},"geometry":{"type":"MultiPolygon","coordinates":[[[[120.535511,22.540834],[120.538379,22.54079],[120.538384,22.540773],[120.535503,22.540808],[120.535511,22.540837],[120.535511,22.540834]]]]}},{"type":"Feature","properties":{"n":"建設街","v":"鹽埔鄉","w":0,"c":3.1,"r":6},"geometry":{"type":"MultiPolygon","coordinates":[[[[120.573561,22.753182],[120.573569,22.753206],[120.57616,22.752446],[120.576155,22.752422],[120.573574,22.75318],[120.573561,22.753182]]]]}},{"type":"Feature","properties":{"n":"興學路","v":"鹽埔鄉","w":0,"c":3.6,"r":2},"geometry":{"type":"MultiPolygon","coordinates":[[[[120.574957,22.754074],[120.574978,22.754079],[120.57535,22.752704],[120.575322,22.752699],[120.574957,22.754074]]]]}},{"type":"Feature","properties":{"n":"光復路","v":"鹽埔鄉","w":0,"c":2,"r":4},"geometry":{"type":"MultiPolygon","coordinates":[[[[120.576161,22.752459],[120.576138,22.752471],[120.576212,22.752633],[120.576672,22.75312],[120.577098,22.753711],[120.577124,22.753699],[120.576695,22.753117],[120.576238,22.752624],[120.576161,22.752459]]]]}},{"type":"Feature","properties":{"n":"滿州鄉復興路人本都市計畫區人行步道空間改善工程","v":"滿州鄉","w":6,"c":6,"r":null},"geometry":{"type":"MultiPolygon","coordinates":[[[[120.841329,22.023684],[120.841352,22.023687],[120.841348,22.023216],[120.841155,22.021137],[120.841107,22.02036],[120.840895,22.019961],[120.840872,22.019974],[120.841077,22.020368],[120.841127,22.021181],[120.841317,22.023206],[120.841329,22.023684]]]]}},{"type":"Feature","properties":{"n":"中正路","v":"滿州鄉","w":3,"c":1.5,"r":0},"geometry":{"type":"MultiPolygon","coordinates":[[[[120.839625,22.023779],[120.839665,22.023775],[120.839207,22.021134],[120.839162,22.021146],[120.839622,22.023745],[120.839625,22.023779]]]]}},{"type":"Feature","properties":{"n":"文化路","v":"滿州鄉","w":2.4,"c":1.2,"r":0},"geometry":{"type":"MultiPolygon","coordinates":[[[[120.838295,22.023934],[120.8383,22.023929],[120.840793,22.02371],[120.840793,22.023692],[120.838288,22.023905],[120.838295,22.023934]]]]}},{"type":"Feature","properties":{"n":"三進路","v":"潮州鎮","w":3,"c":3,"r":3},"geometry":{"type":"MultiPolygon","coordinates":[[[[120.542946,22.554921],[120.543883,22.55473],[120.543939,22.554709],[120.544042,22.554697],[120.54464,22.554577],[120.544856,22.554525],[120.544843,22.554503],[120.54464,22.554558],[120.54403,22.55468],[120.543945,22.554685],[120.543875,22.554713],[120.542941,22.554902],[120.542946,22.554923],[120.542946,22.554921]]]]}},{"type":"Feature","properties":{"n":"朝昇二巷","v":"潮州鎮","w":3.3,"c":3.3,"r":0},"geometry":{"type":"MultiPolygon","coordinates":[[[[120.544786,22.554391],[120.544317,22.553049],[120.544286,22.553056],[120.544762,22.5544],[120.544788,22.554391],[120.544786,22.554391]]]]}},{"type":"Feature","properties":{"n":"南進路","v":"潮州鎮","w":1.5,"c":1.5,"r":0},"geometry":{"type":"MultiPolygon","coordinates":[[[[120.542711,22.548771],[120.542732,22.548774],[120.542931,22.546812],[120.542913,22.54681],[120.542711,22.548771]]]]}},{"type":"Feature","properties":{"n":"光春路","v":"潮州鎮","w":4,"c":4,"r":5},"geometry":{"type":"MultiPolygon","coordinates":[[[[120.540687,22.534595],[120.541103,22.533442],[120.541067,22.533442],[120.540656,22.534585],[120.540687,22.534592],[120.540687,22.534595]]]]}},{"type":"Feature","properties":{"n":"文化路1","v":"潮州鎮","w":7,"c":7,"r":2},"geometry":{"type":"MultiPolygon","coordinates":[[[[120.543218,22.555984],[120.543244,22.555979],[120.543097,22.555456],[120.543079,22.55546],[120.543218,22.555984]]]]}},{"type":"Feature","properties":{"n":"文化路2","v":"潮州鎮","w":7,"c":7,"r":2},"geometry":{"type":"MultiPolygon","coordinates":[[[[120.543186,22.555983],[120.543051,22.555471],[120.543026,22.555478],[120.543166,22.555985],[120.543184,22.555978],[120.543186,22.555983]]]]}},{"type":"Feature","properties":{"n":"朝昇東路","v":"潮州鎮","w":3.6,"c":3.6,"r":2},"geometry":{"type":"MultiPolygon","coordinates":[[[[120.547114,22.548272],[120.546021,22.547493],[120.545682,22.547391],[120.544797,22.547362],[120.544602,22.547319],[120.544594,22.547333],[120.544807,22.547384],[120.545692,22.547408],[120.546031,22.547516],[120.547101,22.548289],[120.547112,22.548275],[120.547114,22.548272]]]]}},{"type":"Feature","properties":{"n":"勝利路","v":"南州鄉","w":3,"c":3,"r":4},"geometry":{"type":"MultiPolygon","coordinates":[[[[120.516531,22.489815],[120.522357,22.489829],[120.518431,22.489806],[120.516531,22.489815]]]]}},{"type":"Feature","properties":{"n":"義仁路","v":"新園鄉","w":2.5,"c":2.5,"r":null},"geometry":{"type":"MultiPolygon","coordinates":[[[[120.440229,22.490228],[120.440251,22.490202],[120.438589,22.488434],[120.438552,22.488473],[120.440229,22.490228]]]]}},{"type":"Feature","properties":{"n":"恆南路","v":"恆春鎮","w":2,"c":1.5,"r":4},"geometry":{"type":"MultiPolygon","coordinates":[[[[120.746489,21.99352],[120.746532,21.993536],[120.74729,21.991764],[120.747245,21.991734],[120.746489,21.99352]]]]}},{"type":"Feature","properties":{"n":"恆南路四巷","v":"恆春鎮","w":2,"c":1.5,"r":6},"geometry":{"type":"MultiPolygon","coordinates":[[[[120.744647,21.998139],[120.74466,21.998155],[120.74809,21.999596],[120.748117,21.999578],[120.74466,21.99812],[120.744647,21.998139]]]]}},{"type":"Feature","properties":{"n":"恆北路","v":"恆春鎮","w":3,"c":1,"r":2},"geometry":{"type":"MultiPolygon","coordinates":[[[[120.75086,22.004344],[120.75042,22.005812],[120.750457,22.005823],[120.750904,22.004356],[120.75086,22.004344]]]]}},{"type":"Feature","properties":{"n":"中山路","v":"東港鎮","w":2.5,"c":1.5,"r":4},"geometry":{"type":"MultiPolygon","coordinates":[[[[120.454187,22.465168],[120.454201,22.465206],[120.45643,22.464519],[120.456421,22.464484],[120.454187,22.465168]]]]}},{"type":"Feature","properties":{"n":"長春二路","v":"東港鎮","w":3,"c":3,"r":4},"geometry":{"type":"MultiPolygon","coordinates":[[[[120.459304,22.469129],[120.459342,22.469133],[120.4595,22.467459],[120.459445,22.467458],[120.459304,22.469129]]]]}},{"type":"Feature","properties":{"n":"水源三街","v":"東港鎮","w":3,"c":3,"r":3},"geometry":{"type":"MultiPolygon","coordinates":[[[[120.459358,22.469128],[120.459366,22.469132],[120.462176,22.469109],[120.462172,22.469071],[120.459355,22.469091],[120.459358,22.469128]]]]}},{"type":"Feature","properties":{"n":"朝隆路","v":"東港鎮","w":2,"c":2,"r":3},"geometry":{"type":"MultiPolygon","coordinates":[[[[120.446875,22.468952],[120.446864,22.46899],[120.448684,22.469481],[120.449171,22.469439],[120.449162,22.4694],[120.448684,22.469439],[120.446875,22.468952]]]]}},{"type":"Feature","properties":{"n":"廣濟路-內埔國小案","v":"內埔鄉","w":4,"c":3,"r":4},"geometry":{"type":"MultiPolygon","coordinates":[[[[120.566105,22.61112],[120.566139,22.611104],[120.564845,22.608702],[120.564813,22.608715],[120.566105,22.61112]]]]}},{"type":"Feature","properties":{"n":"文化路","v":"內埔鄉","w":3,"c":3,"r":0},"geometry":{"type":"MultiPolygon","coordinates":[[[[120.569885,22.611055],[120.569952,22.611157],[120.569952,22.611133],[120.571654,22.610191],[120.571654,22.610083],[120.569885,22.611055]]]]}},{"type":"Feature","properties":{"n":"昭勝路","v":"內埔鄉","w":3,"c":3,"r":2},"geometry":{"type":"MultiPolygon","coordinates":[[[[120.601244,22.678987],[120.601284,22.678985],[120.601231,22.678076],[120.601172,22.678076],[120.601244,22.678987]]]]}},{"type":"Feature","properties":{"n":"中興路","v":"長治鄉","w":5.3,"c":2.5,"r":5},"geometry":{"type":"MultiPolygon","coordinates":[[[[120.540343,22.692717],[120.54031,22.692797],[120.542484,22.693377],[120.542523,22.693283],[120.540343,22.692717]]]]}},{"type":"Feature","properties":{"n":"中興路","v":"長治鄉","w":3.1,"c":2.45,"r":3},"geometry":{"type":"MultiPolygon","coordinates":[[[[120.54329,22.693406],[120.545567,22.694016],[120.545606,22.693915],[120.54331,22.693323],[120.54329,22.693406]]]]}},{"type":"Feature","properties":{"n":"中興路","v":"長治鄉","w":1.5,"c":1.5,"r":1},"geometry":{"type":"MultiPolygon","coordinates":[[[[120.538928,22.692334],[120.538929,22.692353],[120.538907,22.692389],[120.540255,22.692758],[120.540288,22.6927],[120.538928,22.692334]]]]}},{"type":"Feature","properties":{"n":"德協國小與公墓間道路","v":"長治鄉","w":3.5,"c":1.75,"r":2},"geometry":{"type":"MultiPolygon","coordinates":[[[[120.540308,22.692825],[120.539625,22.695218],[120.5397,22.695236],[120.540391,22.692855],[120.540307,22.69283],[120.540308,22.692825]]]]}},{"type":"Feature","properties":{"n":"煙墩巷","v":"長治鄉","w":3,"c":2,"r":2},"geometry":{"type":"MultiPolygon","coordinates":[[[[120.542574,22.693503],[120.542558,22.693513],[120.542506,22.693459],[120.541476,22.694424],[120.541523,22.694492],[120.542574,22.693503]]]]}},{"type":"Feature","properties":{"n":"復興路32巷","v":"長治鄉","w":3.5,"c":3.5,"r":null},"geometry":{"type":"MultiPolygon","coordinates":[[[[120.545181,22.692087],[120.545227,22.692109],[120.545604,22.691029],[120.54554,22.690993],[120.545181,22.692087]]]]}},{"type":"Feature","properties":{"n":"成功路","v":"麟洛鄉","w":2.7,"c":2.7,"r":null},"geometry":{"type":"MultiPolygon","coordinates":[[[[120.524591,22.664978],[120.524626,22.665012],[120.525007,22.664598],[120.524946,22.664573],[120.524591,22.664978]]]]}},{"type":"Feature","properties":{"n":"成功路","v":"麟洛鄉","w":2.7,"c":2.7,"r":null},"geometry":{"type":"MultiPolygon","coordinates":[[[[120.524967,22.664587],[120.525025,22.664605],[120.525982,22.662295],[120.525917,22.66227],[120.524967,22.664587]]]]}},{"type":"Feature","properties":{"n":"成功路","v":"麟洛鄉","w":4.85,"c":4.85,"r":null},"geometry":{"type":"MultiPolygon","coordinates":[[[[120.525917,22.662278],[120.525983,22.66229],[120.525746,22.660261],[120.525681,22.660261],[120.525917,22.662278]]]]}},{"type":"Feature","properties":{"n":"第一公墓與禁葬區間道路","v":"麟洛鄉","w":3,"c":3,"r":1},"geometry":{"type":"MultiPolygon","coordinates":[[[[120.525917,22.660306],[120.527087,22.66215],[120.527148,22.662123],[120.525968,22.660302],[120.525917,22.660306]]]]}},{"type":"Feature","properties":{"n":"成功路","v":"麟洛鄉","w":2.7,"c":2.7,"r":1},"geometry":{"type":"MultiPolygon","coordinates":[[[[120.525918,22.657308],[120.525867,22.657331],[120.525966,22.657878],[120.526039,22.65847],[120.525983,22.65884],[120.525786,22.659174],[120.525696,22.659519],[120.525647,22.659833],[120.525686,22.660268],[120.525755,22.660262],[120.525728,22.660101],[120.525701,22.65984],[120.525743,22.65955],[120.525844,22.659194],[120.526048,22.658868],[120.526105,22.65849],[120.526058,22.65795],[120.525918,22.657308]]]]}},{"type":"Feature","properties":{"n":"成功路","v":"麟洛鄉","w":1.5,"c":1.5,"r":13},"geometry":{"type":"MultiPolygon","coordinates":[[[[120.52586,22.657332],[120.525924,22.657305],[120.525643,22.656405],[120.52563,22.656116],[120.525685,22.655877],[120.525828,22.655676],[120.525971,22.655513],[120.526148,22.655331],[120.526209,22.6552],[120.526257,22.655055],[120.526382,22.654125],[120.526321,22.654137],[120.526224,22.654917],[120.526182,22.655105],[120.526087,22.655312],[120.525856,22.655538],[120.525638,22.655827],[120.525558,22.656109],[120.525584,22.656424],[120.52586,22.657332]]]]}},{"type":"Feature","properties":{"n":"古戰場公園西側道路","v":"長治鄉","w":3,"c":3,"r":2},"geometry":{"type":"MultiPolygon","coordinates":[[[[120.510835,22.681847],[120.510855,22.681836],[120.510561,22.68139],[120.510454,22.681083],[120.510482,22.680852],[120.51055,22.680709],[120.510918,22.680225],[120.51094,22.680134],[120.510921,22.680121],[120.510899,22.680219],[120.510529,22.680704],[120.510458,22.680852],[120.510429,22.681088],[120.510536,22.681398],[120.510835,22.681847]]]]}},{"type":"Feature","properties":{"n":"林邊鄉公所前人行道","v":"林邊鄉","w":3,"c":2.5,"r":4},"geometry":{"type":"MultiPolygon","coordinates":[[[[120.509455,22.432751],[120.509587,22.432479],[120.509636,22.432314],[120.509609,22.432094],[120.509666,22.432028],[120.509996,22.431818],[120.510272,22.430865],[120.510227,22.430871],[120.509957,22.431809],[120.50965,22.432006],[120.509583,22.432092],[120.509611,22.432317],[120.509559,22.432472],[120.509422,22.432739],[120.509428,22.432741],[120.509455,22.432751]]]]}},{"type":"Feature","properties":{"n":"竹林國小通學步道","v":"林邊鄉","w":4,"c":4,"r":4},"geometry":{"type":"MultiPolygon","coordinates":[[[[120.532584,22.46407],[120.532738,22.464092],[120.532833,22.464116],[120.533021,22.464179],[120.533252,22.464278],[120.533586,22.464455],[120.533596,22.464419],[120.533416,22.464321],[120.533239,22.46424],[120.533021,22.464147],[120.532841,22.464088],[120.532602,22.464032],[120.532584,22.46407]]]]}},{"type":"Feature","properties":{"n":"B段復興路","v":"琉球鄉","w":2.5,"c":1.05,"r":null},"geometry":{"type":"MultiPolygon","coordinates":[[[[120.370242,22.347194],[120.370306,22.34717],[120.369644,22.345949],[120.368165,22.344844],[120.367199,22.344004],[120.36592,22.34281],[120.364824,22.342382],[120.364075,22.3418],[120.36403,22.341847],[120.364805,22.342436],[120.365023,22.342532],[120.365907,22.342876],[120.366406,22.343356],[120.36718,22.344082],[120.36805,22.344832],[120.369618,22.346027],[120.370242,22.347194]]]]}},{"type":"Feature","properties":{"n":"E段信義路","v":"琉球鄉","w":2.5,"c":1.05,"r":null},"geometry":{"type":"MultiPolygon","coordinates":[[[[120.358862,22.328173],[120.358854,22.328151],[120.358762,22.328163],[120.358613,22.328215],[120.358255,22.328445],[120.357971,22.328635],[120.357389,22.328903],[120.356919,22.329102],[120.356623,22.329217],[120.35636,22.329307],[120.35617,22.329352],[120.355404,22.329468],[120.355427,22.329492],[120.356224,22.329371],[120.35637,22.329331],[120.35688,22.329149],[120.357968,22.328668],[120.35837,22.328395],[120.358587,22.328267],[120.358741,22.328196],[120.358862,22.328173]]]]}},{"type":"Feature","properties":{"n":"台26省道","v":"車城鄉","w":1.65,"c":1.65,"r":null},"geometry":{"type":"MultiPolygon","coordinates":[[[[120.716347,22.087566],[120.716373,22.087554],[120.716476,22.087531],[120.716259,22.086957],[120.715687,22.084339],[120.714236,22.079019],[120.714134,22.079103],[120.715228,22.083119],[120.716143,22.086956],[120.716347,22.087566]]]]}},{"type":"Feature","properties":{"n":"台26省道","v":"車城鄉","w":1.65,"c":1.65,"r":null},"geometry":{"type":"MultiPolygon","coordinates":[[[[120.715175,22.083422],[120.714669,22.081361],[120.714643,22.08137],[120.715155,22.083422],[120.715173,22.083422],[120.715175,22.083422]]]]}},{"type":"Feature","properties":{"n":"台26省道","v":"車城鄉","w":1.65,"c":1.65,"r":6},"geometry":{"type":"MultiPolygon","coordinates":[[[[120.713995,22.074581],[120.714025,22.074581],[120.714093,22.074063],[120.714109,22.074013],[120.71413,22.073595],[120.714111,22.073057],[120.714063,22.072593],[120.714042,22.072596],[120.714087,22.073076],[120.714104,22.073595],[120.71408,22.073998],[120.714057,22.074108],[120.713995,22.074581]]]]}},{"type":"Feature","properties":{"n":"台26省道","v":"車城鄉","w":1.65,"c":1.65,"r":null},"geometry":{"type":"MultiPolygon","coordinates":[[[[120.714058,22.07255],[120.714065,22.072544],[120.714129,22.072538],[120.713935,22.070315],[120.713919,22.06863],[120.713855,22.068618],[120.713883,22.070309],[120.714058,22.07255]]]]}},{"type":"Feature","properties":{"n":"台26省道","v":"車城鄉","w":1.65,"c":1.65,"r":null},"geometry":{"type":"MultiPolygon","coordinates":[[[[120.717386,22.090303],[120.716288,22.087726],[120.716256,22.087774],[120.717322,22.090297],[120.717379,22.090303],[120.717386,22.090303]]]]}},{"type":"Feature","properties":{"n":"德興路","v":"枋寮鄉","w":1.4,"c":1.4,"r":4},"geometry":{"type":"MultiPolygon","coordinates":[[[[120.592834,22.366453],[120.592775,22.366579],[120.591419,22.36776],[120.591222,22.367905],[120.591188,22.368082],[120.591216,22.368148],[120.591254,22.368142],[120.591218,22.368076],[120.591248,22.367928],[120.591438,22.367779],[120.592309,22.367029],[120.592419,22.366927],[120.592793,22.366602],[120.592858,22.366467],[120.592834,22.366453]]]]}},{"type":"Feature","properties":{"n":"德興路","v":"枋寮鄉","w":1.4,"c":1.4,"r":5},"geometry":{"type":"MultiPolygon","coordinates":[[[[120.59281,22.366436],[120.592787,22.366421],[120.59272,22.366548],[120.592017,22.367163],[120.591379,22.367712],[120.591166,22.367868],[120.591129,22.368079],[120.591159,22.368173],[120.591189,22.36816],[120.591159,22.368073],[120.591194,22.367894],[120.591408,22.367732],[120.592746,22.366569],[120.59281,22.366436]]]]}},{"type":"Feature","properties":{"n":"台26省道","v":"車城鄉","w":1.65,"c":1.65,"r":null},"geometry":{"type":"MultiPolygon","coordinates":[[[[120.714665,22.081323],[120.714082,22.07916],[120.714067,22.079181],[120.714637,22.081333],[120.714662,22.081328],[120.714665,22.081323]]]]}},{"type":"Feature","properties":{"n":"台26省道","v":"車城鄉","w":1.65,"c":1.65,"r":null},"geometry":{"type":"MultiPolygon","coordinates":[[[[120.713806,22.076675],[120.713808,22.076671],[120.713803,22.076704],[120.713828,22.076712],[120.714027,22.074616],[120.713999,22.074614],[120.713996,22.074656],[120.713806,22.076675]]]]}},{"type":"Feature","properties":{"n":"台26省道","v":"車城鄉","w":1.65,"c":1.65,"r":null},"geometry":{"type":"MultiPolygon","coordinates":[[[[120.714045,22.078939],[120.714063,22.078934],[120.713763,22.077832],[120.713735,22.077631],[120.713728,22.077459],[120.713811,22.076735],[120.713781,22.076728],[120.713705,22.077445],[120.713707,22.077615],[120.713737,22.077839],[120.714045,22.078939]]]]}},{"type":"Feature","properties":{"n":"台26省道","v":"車城鄉","w":1.65,"c":1.65,"r":null},"geometry":{"type":"MultiPolygon","coordinates":[[[[120.714039,22.079101],[120.713699,22.077838],[120.713664,22.077585],[120.713667,22.077456],[120.713735,22.07673],[120.713936,22.074785],[120.71389,22.074773],[120.713641,22.077437],[120.713633,22.077575],[120.713663,22.077836],[120.71402,22.079108],[120.714035,22.079101],[120.714039,22.079101]]]]}},{"type":"Feature","properties":{"n":"台26省道","v":"車城鄉","w":1.65,"c":1.65,"r":2},"geometry":{"type":"MultiPolygon","coordinates":[[[[120.714052,22.073083],[120.714002,22.072601],[120.713976,22.072605],[120.714037,22.073079],[120.714047,22.073081],[120.714052,22.073083]]]]}},{"type":"Feature","properties":{"n":"台26省道","v":"車城鄉","w":1.65,"c":1.65,"r":2},"geometry":{"type":"MultiPolygon","coordinates":[[[[120.713999,22.072565],[120.713951,22.072097],[120.713921,22.072092],[120.713976,22.07257],[120.714002,22.072568],[120.713999,22.072565]]]]}},{"type":"Feature","properties":{"n":"台26省道","v":"車城鄉","w":1.65,"c":1.65,"r":3},"geometry":{"type":"MultiPolygon","coordinates":[[[[120.71395,22.072069],[120.713828,22.070302],[120.713789,22.070295],[120.713921,22.072066],[120.713952,22.072071],[120.71395,22.072069]]]]}},{"type":"Feature","properties":{"n":" 復興街","v":"新埤鄉","w":8.3,"c":8.3,"r":null},"geometry":{"type":"MultiPolygon","coordinates":[[[[120.549653,22.470157],[120.549672,22.470157],[120.549699,22.469631],[120.549679,22.469634],[120.549653,22.470157]]]]}},{"type":"Feature","properties":{"n":"中華街","v":"新埤鄉","w":8.71,"c":8.71,"r":null},"geometry":{"type":"MultiPolygon","coordinates":[[[[120.549657,22.470179],[120.549604,22.470704],[120.549619,22.470702],[120.549673,22.470179],[120.549657,22.470179]]]]}},{"type":"Feature","properties":{"n":"中華街","v":"新埤鄉","w":6.42,"c":6.42,"r":null},"geometry":{"type":"MultiPolygon","coordinates":[[[[120.549601,22.470708],[120.549574,22.471207],[120.549595,22.471211],[120.549617,22.470711],[120.549601,22.470708]]]]}},{"type":"Feature","properties":{"n":"和平路","v":"新埤鄉","w":12.4,"c":12.4,"r":4},"geometry":{"type":"MultiPolygon","coordinates":[[[[120.550128,22.471268],[120.550145,22.471268],[120.550236,22.470222],[120.550212,22.470222],[120.550128,22.471268]]]]}},{"type":"Feature","properties":{"n":"中正路","v":"新埤鄉","w":3.5,"c":3.5,"r":null},"geometry":{"type":"MultiPolygon","coordinates":[[[[120.550398,22.470245],[120.550397,22.470266],[120.551544,22.470341],[120.551547,22.470317],[120.550398,22.470245]]]]}},{"type":"Feature","properties":{"n":"民生路","v":"屏東市","w":3.5,"c":1.6,"r":2},"geometry":{"type":"MultiPolygon","coordinates":[[[[120.495069,22.669025],[120.495077,22.66905],[120.495832,22.668707],[120.495807,22.66869],[120.495069,22.669025]]]]}},{"type":"Feature","properties":{"n":"民生路","v":"屏東市","w":14,"c":11.75,"r":4},"geometry":{"type":"MultiPolygon","coordinates":[[[[120.504783,22.663654],[120.502542,22.66488],[120.502561,22.664919],[120.504812,22.663683],[120.504783,22.663654]]]]}},{"type":"Feature","properties":{"n":"長春街","v":"屏東市","w":1.5,"c":1.5,"r":6},"geometry":{"type":"MultiPolygon","coordinates":[[[[120.492895,22.678259],[120.492921,22.678247],[120.492354,22.676543],[120.492322,22.676554],[120.492895,22.678259]]]]}},{"type":"Feature","properties":{"n":"中正路","v":"麟洛鄉","w":2,"c":2,"r":null},"geometry":{"type":"MultiPolygon","coordinates":[[[[120.524488,22.646754],[120.523812,22.645044],[120.522976,22.642891],[120.52237,22.641276],[120.522319,22.641306],[120.522899,22.642891],[120.523441,22.644302],[120.524423,22.646778],[120.524481,22.64676],[120.524488,22.646754]]]]}},{"type":"Feature","properties":{"n":"永福路","v":"屏東市","w":7.5,"c":5.5,"r":6},"geometry":{"type":"MultiPolygon","coordinates":[[[[120.486611,22.671111],[120.488766,22.671838],[120.488766,22.671768],[120.486626,22.671064],[120.486611,22.671111]]]]}},{"type":"Feature","properties":{"n":"永福路1","v":"屏東市","w":6.4,"c":2.4,"r":6},"geometry":{"type":"MultiPolygon","coordinates":[[[[120.486625,22.671037],[120.488783,22.671754],[120.488798,22.671707],[120.486617,22.670997],[120.486625,22.671037]]]]}},{"type":"Feature","properties":{"n":"復興路","v":"屏東市","w":3.5,"c":2.5,"r":4},"geometry":{"type":"MultiPolygon","coordinates":[[[[120.488833,22.671769],[120.489565,22.670442],[120.489599,22.67016],[120.489551,22.669876],[120.489521,22.669883],[120.489568,22.670167],[120.489539,22.670439],[120.488809,22.671758],[120.488833,22.671769]]]]}},{"type":"Feature","properties":{"n":"民生路","v":"屏東市","w":3,"c":1.5,"r":10},"geometry":{"type":"MultiPolygon","coordinates":[[[[120.489269,22.671128],[120.489277,22.671182],[120.494443,22.669336],[120.494425,22.669277],[120.489269,22.671128]]]]}},{"type":"Feature","properties":{"n":"四維北路","v":"萬丹鄉","w":5,"c":5,"r":10},"geometry":{"type":"MultiPolygon","coordinates":[[[[120.49238,22.597715],[120.492373,22.597697],[120.488584,22.599383],[120.488592,22.599405],[120.49238,22.597715]]]]}},{"type":"Feature","properties":{"n":"崇文巷","v":"內埔鄉","w":5,"c":5,"r":10},"geometry":{"type":"MultiPolygon","coordinates":[[[[120.564495,22.614317],[120.564482,22.614347],[120.565451,22.615168],[120.565747,22.615234],[120.566235,22.615259],[120.566261,22.6152],[120.565766,22.615198],[120.565444,22.615108],[120.564495,22.614317]]]]}},{"type":"Feature","properties":{"n":"萬丹路二段","v":"萬丹鄉","w":5,"c":5,"r":5},"geometry":{"type":"MultiPolygon","coordinates":[[[[120.48844,22.597115],[120.488483,22.597123],[120.488587,22.595817],[120.488556,22.595833],[120.48844,22.597115]]]]}},{"type":"Feature","properties":{"n":"中華路-泰安巷-站前巷(麟洛國小2期)","v":"麟洛鄉","w":1.5,"c":1.5,"r":null},"geometry":{"type":"MultiPolygon","coordinates":[[[[120.523654,22.649177],[120.523335,22.648452],[120.522974,22.647864],[120.522241,22.647001],[120.520908,22.645387],[120.520695,22.645157],[120.520246,22.644723],[120.519684,22.644195],[120.519464,22.643937],[120.519221,22.643458],[120.518981,22.642922],[120.518953,22.642752],[120.519008,22.642413],[120.518985,22.642406],[120.518932,22.642748],[120.51896,22.642932],[120.519195,22.643477],[120.519438,22.643944],[120.519658,22.644215],[120.520218,22.644732],[120.520667,22.645173],[120.520962,22.645511],[120.521397,22.64606],[120.521836,22.646575],[120.522389,22.647241],[120.522825,22.647758],[120.522928,22.647863],[120.523138,22.648196],[120.523289,22.64845],[120.523624,22.64918],[120.523649,22.649175],[120.523654,22.649177]]]]}},{"type":"Feature","properties":{"n":"林邊國小通學步道","v":"林邊鄉","w":3.5,"c":3.5,"r":4},"geometry":{"type":"MultiPolygon","coordinates":[[[[120.518145,22.433447],[120.519656,22.433189],[120.519454,22.432161],[120.519389,22.432178],[120.519591,22.433159],[120.518145,22.433405],[120.518145,22.433447]]]]}},{"type":"Feature","properties":{"n":"杉板路","v":"琉球鄉","w":1.5,"c":2,"r":null},"geometry":{"type":"MultiPolygon","coordinates":[[[[120.368929,22.34209],[120.368936,22.342064],[120.366367,22.340075],[120.366185,22.33996],[120.366043,22.339966],[120.365886,22.340014],[120.365835,22.34004],[120.364068,22.341787],[120.364096,22.341813],[120.36567,22.340245],[120.365858,22.340049],[120.366064,22.33999],[120.366167,22.339991],[120.366251,22.340029],[120.368929,22.34209]]]]}},{"type":"Feature","properties":{"n":"上杉路","v":"琉球鄉","w":1.5,"c":2,"r":null},"geometry":{"type":"MultiPolygon","coordinates":[[[[120.36991,22.341075],[120.369905,22.341052],[120.369733,22.341123],[120.36898,22.341641],[120.368957,22.341774],[120.368946,22.341884],[120.368937,22.342106],[120.367179,22.343963],[120.367195,22.343985],[120.368937,22.342161],[120.368978,22.342104],[120.368968,22.342044],[120.368977,22.341848],[120.369006,22.341662],[120.36974,22.341146],[120.36991,22.341075]]]]}},{"type":"Feature","properties":{"n":"中正路","v":"九如鄉","w":1.27,"c":1.27,"r":13},"geometry":{"type":"MultiPolygon","coordinates":[[[[120.501522,22.755719],[120.501522,22.755724],[120.501535,22.755695],[120.500291,22.755804],[120.500323,22.75584],[120.501522,22.755719]]]]}},{"type":"Feature","properties":{"n":"昌榮路","v":"九如鄉","w":3.74,"c":1.57,"r":8},"geometry":{"type":"MultiPolygon","coordinates":[[[[120.501905,22.754597],[120.500315,22.759436],[120.500354,22.759436],[120.50194,22.754586],[120.501906,22.754586],[120.501905,22.754597]]]]}},{"type":"Feature","properties":{"n":"新興路","v":"車城鄉","w":2.5,"c":2.5,"r":5},"geometry":{"type":"MultiPolygon","coordinates":[[[[120.714918,22.072578],[120.714925,22.072578],[120.714931,22.072644],[120.71754,22.072511],[120.720341,22.072355],[120.720348,22.072307],[120.717354,22.072457],[120.716322,22.072527],[120.714918,22.072578]]]]}},{"type":"Feature","properties":{"n":"長興路","v":"長治鄉","w":2.5,"c":1.5,"r":9},"geometry":{"type":"MultiPolygon","coordinates":[[[[120.524843,22.677881],[120.524832,22.677884],[120.524832,22.677873],[120.519234,22.679549],[120.51278,22.681425],[120.51278,22.681437],[120.515851,22.680547],[120.519257,22.679568],[120.52122,22.678972],[120.523314,22.678343],[120.524843,22.677881]]]]}},{"type":"Feature","properties":{"n":"中和路","v":"新園鄉","w":5,"c":5,"r":2},"geometry":{"type":"MultiPolygon","coordinates":[[[[120.45638,22.509092],[120.4564,22.509056],[120.454672,22.508752],[120.455158,22.507744],[120.455145,22.507708],[120.454601,22.508805],[120.45638,22.509092]]]]}},{"type":"Feature","properties":{"n":"永豐路、信義路","v":"里港鄉","w":2,"c":1.5,"r":16},"geometry":{"type":"MultiPolygon","coordinates":[[[[120.499265,22.779272],[120.499245,22.779254],[120.498551,22.779412],[120.497463,22.779556],[120.496529,22.779537],[120.494341,22.779345],[120.494342,22.779127],[120.493026,22.778755],[120.493024,22.778772],[120.494325,22.779152],[120.494322,22.779365],[120.494332,22.779375],[120.496543,22.779565],[120.497471,22.779574],[120.498551,22.779439],[120.499265,22.779272]]]]}},{"type":"Feature","properties":{"n":"恆公路","v":"恆春鎮","w":2.5,"c":2.5,"r":11},"geometry":{"type":"MultiPolygon","coordinates":[[[[120.743869,22.015196],[120.743881,22.015189],[120.743626,22.014679],[120.742633,22.012785],[120.740104,22.00803],[120.740091,22.008038],[120.742025,22.01168],[120.742931,22.013373],[120.74359,22.014639],[120.743869,22.015196]]]]}},{"type":"Feature","properties":{"n":"恆公路","v":"恆春鎮","w":2.5,"c":2.5,"r":3},"geometry":{"type":"MultiPolygon","coordinates":[[[[120.740056,22.007944],[120.740067,22.007932],[120.739827,22.007475],[120.739737,22.007267],[120.73961,22.006762],[120.739552,22.006421],[120.739547,22.006067],[120.739606,22.004994],[120.739712,22.002746],[120.739697,22.002743],[120.739593,22.004987],[120.739535,22.006079],[120.739539,22.006421],[120.739597,22.006767],[120.739725,22.007269],[120.739811,22.007473],[120.740056,22.007944]]]]}},{"type":"Feature","properties":{"n":"恆公路","v":"恆春鎮","w":5,"c":2.5,"r":4},"geometry":{"type":"MultiPolygon","coordinates":[[[[120.740874,21.999499],[120.742339,21.997348],[120.742328,21.997339],[120.740867,21.999492],[120.740874,21.999499]]]]}},{"type":"Feature","properties":{"n":"恆公路","v":"恆春鎮","w":5,"c":2.5,"r":8},"geometry":{"type":"MultiPolygon","coordinates":[[[[120.742467,21.997144],[120.744569,21.994072],[120.744559,21.994065],[120.74246,21.997139],[120.742467,21.997144]]]]}},{"type":"Feature","properties":{"n":"恆公路","v":"恆春鎮","w":5,"c":2.5,"r":21},"geometry":{"type":"MultiPolygon","coordinates":[[[[120.744054,22.015106],[120.740037,22.007424],[120.739948,22.007204],[120.739841,22.006884],[120.73977,22.006456],[120.739766,22.006045],[120.739997,22.001326],[120.740113,22.000798],[120.740239,22.000502],[120.740843,21.999549],[120.740831,21.999544],[120.740232,22.00049],[120.740106,22.000791],[120.739984,22.001321],[120.739753,22.006033],[120.739757,22.006456],[120.739828,22.006888],[120.73993,22.007187],[120.740022,22.007422],[120.744044,22.015113],[120.744054,22.015106]]]]}},{"type":"Feature","properties":{"n":"和平西路","v":"萬丹鄉","w":2.8,"c":1.1,"r":10},"geometry":{"type":"MultiPolygon","coordinates":[[[[120.485955,22.589563],[120.48594,22.589556],[120.485942,22.589554],[120.483659,22.590442],[120.483664,22.590457],[120.485955,22.589563]]]]}},{"type":"Feature","properties":{"n":"和平西路","v":"萬丹鄉","w":4.1,"c":0.95,"r":16},"geometry":{"type":"MultiPolygon","coordinates":[[[[120.485792,22.589482],[120.48574,22.589503],[120.485735,22.589489],[120.484787,22.589858],[120.484782,22.589847],[120.484692,22.589884],[120.484702,22.589906],[120.480495,22.59156],[120.480502,22.591579],[120.485798,22.589494],[120.485792,22.589482]]]]}},{"type":"Feature","properties":{"n":"中正路","v":"車城鄉","w":1.5,"c":1.5,"r":null},"geometry":{"type":"MultiPolygon","coordinates":[[[[120.713825,22.070273],[120.713813,22.068626],[120.713787,22.068655],[120.713796,22.070268],[120.713822,22.070273],[120.713825,22.070273]]]]}},{"type":"Feature","properties":{"n":"中正路","v":"新埤鄉","w":1.5,"c":1.5,"r":3},"geometry":{"type":"MultiPolygon","coordinates":[[[[120.549676,22.470174],[120.549682,22.470175],[120.549677,22.470189],[120.551493,22.470315],[120.551499,22.470301],[120.549676,22.470174]]]]}},{"type":"Feature","properties":{"n":"中正路","v":"新埤鄉","w":1.2,"c":1.2,"r":null},"geometry":{"type":"MultiPolygon","coordinates":[[[[120.549682,22.470164],[120.551525,22.470295],[120.551527,22.47028],[120.549682,22.470155],[120.549682,22.470164]]]]}},{"type":"Feature","properties":{"n":"中正路","v":"新埤鄉","w":4.3,"c":4.3,"r":null},"geometry":{"type":"MultiPolygon","coordinates":[[[[120.549682,22.470213],[120.550391,22.470265],[120.550394,22.470243],[120.549679,22.470196],[120.549682,22.470213]]]]}},{"type":"Feature","properties":{"n":"中正路","v":"新埤鄉","w":1.2,"c":1.2,"r":null},"geometry":{"type":"MultiPolygon","coordinates":[[[[120.549646,22.47019],[120.549646,22.470176],[120.548455,22.470109],[120.547992,22.470089],[120.547989,22.470105],[120.548449,22.470123],[120.549646,22.470189],[120.549646,22.47019]]]]}},{"type":"Feature","properties":{"n":"中正路","v":"新埤鄉","w":1.2,"c":1.2,"r":null},"geometry":{"type":"MultiPolygon","coordinates":[[[[120.549649,22.470158],[120.549646,22.470143],[120.548003,22.470061],[120.548003,22.470078],[120.548471,22.470093],[120.549646,22.470152],[120.549649,22.470158]]]]}},{"type":"Feature","properties":{"n":"中正路","v":"新埤鄉","w":1.2,"c":1.2,"r":null},"geometry":{"type":"MultiPolygon","coordinates":[[[[120.551761,22.470268],[120.551774,22.470268],[120.551773,22.470315],[120.557623,22.47014],[120.557649,22.470069],[120.551761,22.470268]]]]}},{"type":"Feature","properties":{"n":"中正路","v":"新埤鄉","w":1.2,"c":1.2,"r":null},"geometry":{"type":"MultiPolygon","coordinates":[[[[120.551653,22.470142],[120.557498,22.469932],[120.557493,22.469872],[120.551655,22.470113],[120.551653,22.470142]]]]}},{"type":"Feature","properties":{"n":"新華路","v":"新埤鄉","w":1.2,"c":1.2,"r":null},"geometry":{"type":"MultiPolygon","coordinates":[[[[120.552129,22.471154],[120.551702,22.470278],[120.551683,22.470296],[120.552111,22.471169],[120.552129,22.471154]]]]}},{"type":"Feature","properties":{"n":"新華路","v":"新埤鄉","w":1.5,"c":1.5,"r":4},"geometry":{"type":"MultiPolygon","coordinates":[[[[120.551538,22.470282],[120.552001,22.471198],[120.551789,22.473049],[120.551828,22.473038],[120.552026,22.471204],[120.551565,22.470276],[120.551541,22.470286],[120.551538,22.470282]]]]}},{"type":"Feature","properties":{"n":"新華路","v":"新埤鄉","w":1.5,"c":1.5,"r":null},"geometry":{"type":"MultiPolygon","coordinates":[[[[120.552107,22.471473],[120.551988,22.472464],[120.552013,22.472464],[120.552132,22.471485],[120.552106,22.47149],[120.552107,22.471473]]]]}},{"type":"Feature","properties":{"n":"新華路","v":"新埤鄉","w":2.1,"c":2.1,"r":9},"geometry":{"type":"MultiPolygon","coordinates":[[[[120.551988,22.47247],[120.551676,22.475318],[120.551715,22.475307],[120.552013,22.472482],[120.551989,22.472472],[120.551988,22.47247]]]]}},{"type":"Feature","properties":{"n":"新華路","v":"新埤鄉","w":1.2,"c":1.2,"r":null},"geometry":{"type":"MultiPolygon","coordinates":[[[[120.551646,22.470107],[120.551569,22.470071],[120.55116,22.469377],[120.551109,22.469173],[120.551098,22.468731],[120.551078,22.468737],[120.55109,22.469179],[120.551147,22.469389],[120.551556,22.470095],[120.551646,22.470131],[120.55164,22.470107],[120.551646,22.470107]]]]}},{"type":"Feature","properties":{"n":"新華路","v":"新埤鄉","w":1.2,"c":1.2,"r":null},"geometry":{"type":"MultiPolygon","coordinates":[[[[120.550935,22.468928],[120.550939,22.468941],[120.551012,22.468898],[120.550991,22.467482],[120.550858,22.46695],[120.550699,22.466496],[120.550615,22.466472],[120.550609,22.46649],[120.550686,22.466514],[120.550851,22.46698],[120.550978,22.467518],[120.551,22.46888],[120.550935,22.468928]]]]}},{"type":"Feature","properties":{"n":"新華路","v":"新埤鄉","w":1.2,"c":1.2,"r":null},"geometry":{"type":"MultiPolygon","coordinates":[[[[120.549644,22.466763],[120.549644,22.466694],[120.550611,22.466491],[120.550611,22.466476],[120.550601,22.466474],[120.549636,22.466682],[120.549623,22.466694],[120.549628,22.46677],[120.549641,22.466763],[120.549644,22.466763]]]]}},{"type":"Feature","properties":{"n":"新民路","v":"新埤鄉","w":1.2,"c":1.2,"r":null},"geometry":{"type":"MultiPolygon","coordinates":[[[[120.549641,22.46677],[120.549623,22.466777],[120.550872,22.468943],[120.550932,22.468946],[120.550925,22.468934],[120.550879,22.468929],[120.54964,22.466771],[120.549641,22.46677]]]]}},{"type":"Feature","properties":{"n":"新民路","v":"新埤鄉","w":1.2,"c":1.2,"r":null},"geometry":{"type":"MultiPolygon","coordinates":[[[[120.551494,22.470113],[120.549577,22.466817],[120.549557,22.466834],[120.551475,22.470112],[120.551493,22.470113],[120.551494,22.470113]]]]}},{"type":"Feature","properties":{"n":"新華路","v":"新埤鄉","w":1.35,"c":1.35,"r":6},"geometry":{"type":"MultiPolygon","coordinates":[[[[120.551996,22.478882],[120.551999,22.478016],[120.551949,22.477394],[120.551698,22.475673],[120.551718,22.475312],[120.551677,22.475324],[120.551668,22.475683],[120.551921,22.477373],[120.551977,22.478018],[120.551983,22.478889],[120.551996,22.478884],[120.551996,22.478882]]]]}},{"type":"Feature","properties":{"n":"萬興路","v":"新埤鄉","w":2.15,"c":2.15,"r":37},"geometry":{"type":"MultiPolygon","coordinates":[[[[120.55752,22.469936],[120.557522,22.469929],[120.566155,22.469588],[120.566983,22.469907],[120.567285,22.469944],[120.567889,22.469969],[120.567902,22.469886],[120.56733,22.46989],[120.567009,22.469853],[120.566175,22.469529],[120.557506,22.469876],[120.55752,22.469936]]]]}},{"type":"Feature","properties":{"n":"萬興路","v":"新埤鄉","w":2.15,"c":2.15,"r":36},"geometry":{"type":"MultiPolygon","coordinates":[[[[120.557673,22.470058],[120.55768,22.470061],[120.55766,22.470115],[120.566131,22.469748],[120.566972,22.470073],[120.567216,22.470103],[120.567884,22.470123],[120.567885,22.470063],[120.567229,22.470049],[120.566972,22.470019],[120.56615,22.469694],[120.557673,22.470058]]]]}},{"type":"Feature","properties":{"n":"載興路","v":"里港鄉","w":2.4,"c":2.4,"r":null},"geometry":{"type":"MultiPolygon","coordinates":[[[[120.524091,22.776886],[120.524166,22.77692],[120.524443,22.777401],[120.524607,22.777725],[120.524686,22.777905],[120.524854,22.778374],[120.525018,22.778856],[120.525152,22.779113],[120.525422,22.77946],[120.526371,22.780576],[120.526859,22.781158],[120.526885,22.781139],[120.526094,22.780195],[120.525407,22.779385],[120.525287,22.779235],[120.525205,22.77912],[120.525105,22.778958],[120.525044,22.778812],[120.52491,22.778415],[120.524784,22.778072],[120.524659,22.777763],[120.524529,22.777481],[120.524204,22.776871],[120.524121,22.776811],[120.52409,22.776887],[120.524091,22.776886]]]]}},{"type":"Feature","properties":{"n":"過江路","v":"里港鄉","w":2.3,"c":1.4,"r":5},"geometry":{"type":"MultiPolygon","coordinates":[[[[120.494221,22.780612],[120.494216,22.780613],[120.494247,22.780618],[120.494396,22.78],[120.494428,22.779482],[120.495216,22.779598],[120.495268,22.779579],[120.495273,22.779536],[120.495296,22.7795],[120.496355,22.779584],[120.496405,22.779597],[120.496575,22.779607],[120.497335,22.77961],[120.497415,22.779619],[120.497415,22.779581],[120.496489,22.779568],[120.494401,22.779392],[120.494368,22.779992],[120.494221,22.780612]]]]}},{"type":"Feature","properties":{"n":"中和路","v":"里港鄉","w":3.8,"c":3.8,"r":5},"geometry":{"type":"MultiPolygon","coordinates":[[[[120.4929,22.807814],[120.492897,22.807794],[120.49164,22.807719],[120.491723,22.806348],[120.4917,22.806357],[120.491614,22.807738],[120.4929,22.807814]]]]}},{"type":"Feature","properties":{"n":"里中路","v":"里港鄉","w":3.8,"c":3.8,"r":8},"geometry":{"type":"MultiPolygon","coordinates":[[[[120.495741,22.771804],[120.495988,22.771279],[120.496267,22.770623],[120.496835,22.770586],[120.497725,22.770457],[120.497918,22.770448],[120.499244,22.770553],[120.499244,22.770538],[120.497928,22.770431],[120.49773,22.770441],[120.496827,22.770567],[120.496253,22.770604],[120.495721,22.771796],[120.495741,22.771803],[120.495741,22.771804]]]]}},{"type":"Feature","properties":{"n":"建國路","v":"屏東市","w":4,"c":4,"r":2},"geometry":{"type":"MultiPolygon","coordinates":[[[[120.485919,22.665831],[120.485516,22.663649],[120.484569,22.663855],[120.483478,22.664586],[120.483517,22.664628],[120.484575,22.663897],[120.485477,22.663697],[120.485881,22.665842],[120.485913,22.665831],[120.485919,22.665831]]]]}},{"type":"Feature","properties":{"n":"永大路","v":"屏東市","w":4,"c":2.5,"r":3},"geometry":{"type":"MultiPolygon","coordinates":[[[[120.477468,22.659647],[120.477441,22.659654],[120.477605,22.66008],[120.477838,22.660515],[120.477956,22.660669],[120.478089,22.660784],[120.478341,22.66099],[120.478585,22.661121],[120.478848,22.661232],[120.478853,22.661217],[120.47858,22.661098],[120.478349,22.66097],[120.477968,22.660655],[120.477858,22.660495],[120.477627,22.660069],[120.477479,22.659678],[120.477468,22.659647]]]]}},{"type":"Feature","properties":{"n":"大學路960巷","v":"萬丹鄉","w":1,"c":1,"r":1},"geometry":{"type":"MultiPolygon","coordinates":[[[[120.494965,22.590171],[120.494746,22.590039],[120.49473,22.591019],[120.494534,22.591747],[120.494586,22.591771],[120.494794,22.591043],[120.49481,22.590159],[120.494939,22.590231],[120.494965,22.590183],[120.494965,22.590171]]]]}},{"type":"Feature","properties":{"n":"北門路174巷","v":"恆春鎮","w":1.5,"c":1.5,"r":2},"geometry":{"type":"MultiPolygon","coordinates":[[[[120.749091,22.007037],[120.749104,22.007025],[120.74918,22.007097],[120.749668,22.006417],[120.749951,22.005772],[120.750119,22.005031],[120.750146,22.00435],[120.750134,22.004183],[120.750031,22.004171],[120.750069,22.004386],[120.750042,22.005007],[120.749862,22.005772],[120.749566,22.006416],[120.749091,22.007037]]]]}},{"type":"Feature","properties":{"n":"水源街","v":"屏東市","w":3,"c":3,"r":1},"geometry":{"type":"MultiPolygon","coordinates":[[[[120.503037,22.673398],[120.503043,22.67341],[120.503063,22.67341],[120.502051,22.670175],[120.502019,22.670187],[120.503037,22.673398]]]]}},{"type":"Feature","properties":{"n":"民學路","v":"屏東市","w":9,"c":9,"r":2},"geometry":{"type":"MultiPolygon","coordinates":[[[[120.503071,22.67341],[120.506627,22.672398],[120.506561,22.672293],[120.505818,22.672493],[120.50581,22.672584],[120.505365,22.672707],[120.505059,22.672537],[120.504077,22.672804],[120.504063,22.673052],[120.50305,22.673338],[120.503071,22.67341]]]]}},{"type":"Feature","properties":{"n":"林森路","v":"屏東市","w":4.97,"c":4.97,"r":3},"geometry":{"type":"MultiPolygon","coordinates":[[[[120.502061,22.670165],[120.502069,22.670192],[120.503211,22.669871],[120.503349,22.669957],[120.503824,22.66982],[120.503773,22.669674],[120.503139,22.669855],[120.502061,22.670165]]]]}},{"type":"Feature","properties":{"n":"屏東縣枋山鄉楓港國小通學步道及人本環境改善工程","v":"枋山鄉","w":2,"c":1.5,"r":null},"geometry":{"type":"MultiPolygon","coordinates":[[[[120.692033,22.194828],[120.692066,22.194844],[120.6922,22.194606],[120.692239,22.194446],[120.69224,22.194223],[120.691919,22.192029],[120.691878,22.192031],[120.692201,22.194231],[120.692198,22.194438],[120.692159,22.194591],[120.692033,22.194828]]]]}},{"type":"Feature","properties":{"n":"屏東縣枋山鄉楓港國小通學步道及人本環境改善工程","v":"枋山鄉","w":2,"c":1.5,"r":null},"geometry":{"type":"MultiPolygon","coordinates":[[[[120.691864,22.192],[120.691903,22.191992],[120.691776,22.191036],[120.691822,22.19025],[120.691781,22.190245],[120.691735,22.191029],[120.691763,22.191285],[120.691864,22.192]]]]}},{"type":"Feature","properties":{"n":"屏東縣枋山鄉加祿國小通學步道及人本環境改善工程","v":"枋山鄉","w":2.5,"c":1.5,"r":null},"geometry":{"type":"MultiPolygon","coordinates":[[[[120.614227,22.33741],[120.614289,22.337441],[120.614988,22.335484],[120.615364,22.334947],[120.61531,22.334894],[120.614937,22.335433],[120.614227,22.33741]]]]}},{"type":"Feature","properties":{"n":"屏東縣枋山鄉加祿國小通學步道及人本環境改善工程","v":"枋山鄉","w":2.5,"c":1.5,"r":null},"geometry":{"type":"MultiPolygon","coordinates":[[[[120.620403,22.330014],[120.619018,22.33126],[120.618343,22.331858],[120.615393,22.334833],[120.615457,22.334892],[120.618425,22.331907],[120.620437,22.330046],[120.620403,22.330014]]]]}},{"type":"Feature","properties":{"n":"屏東縣枋山鄉加祿國小通學步道及人本環境改善工程","v":"枋山鄉","w":2.15,"c":1.5,"r":null},"geometry":{"type":"MultiPolygon","coordinates":[[[[120.622548,22.327428],[120.617901,22.331373],[120.617927,22.331397],[120.622569,22.327456],[120.622546,22.327432],[120.622548,22.327428]]]]}},{"type":"Feature","properties":{"n":"屏東縣枋山鄉楓港國小通學步道及人本環境改善工程","v":"枋山鄉","w":2.5,"c":1.5,"r":null},"geometry":{"type":"MultiPolygon","coordinates":[[[[120.691754,22.189183],[120.691711,22.189206],[120.69172,22.189737],[120.691618,22.191131],[120.69187,22.192873],[120.691934,22.192863],[120.691864,22.192361],[120.691669,22.191128],[120.691665,22.191027],[120.691674,22.190812],[120.691765,22.189678],[120.691754,22.189183]]]]}},{"type":"Feature","properties":{"n":"朝隆路","v":"東港鎮","w":4,"c":2,"r":5},"geometry":{"type":"MultiPolygon","coordinates":[[[[120.446826,22.468934],[120.445075,22.468355],[120.445064,22.468388],[120.446805,22.46896],[120.446823,22.468934],[120.446826,22.468934]]]]}},{"type":"Feature","properties":{"n":"共和街","v":"東港鎮","w":3.1,"c":3,"r":8},"geometry":{"type":"MultiPolygon","coordinates":[[[[120.453702,22.462415],[120.454178,22.462445],[120.454224,22.4618],[120.453753,22.461772],[120.453748,22.461798],[120.454203,22.461821],[120.454152,22.462411],[120.453705,22.462383],[120.453702,22.462415]]]]}},{"type":"Feature","properties":{"n":"鵬灣大道三段","v":"東港鎮","w":2.2,"c":1.6,"r":null},"geometry":{"type":"MultiPolygon","coordinates":[[[[120.45273,22.453785],[120.452579,22.453244],[120.452512,22.453249],[120.452527,22.453356],[120.452648,22.453792],[120.452908,22.454416],[120.453282,22.455395],[120.453349,22.455378],[120.453291,22.455249],[120.45325,22.455098],[120.452909,22.454266],[120.45273,22.453785]]]]}},{"type":"Feature","properties":{"n":"新學路","v":"東港鎮","w":2,"c":1.4,"r":null},"geometry":{"type":"MultiPolygon","coordinates":[[[[120.455442,22.471733],[120.456223,22.470674],[120.456161,22.470655],[120.455411,22.471709],[120.455442,22.47173],[120.455442,22.471733]]]]}},{"type":"Feature","properties":{"n":"志成路、光復路","v":"潮州鎮","w":2.8,"c":2,"r":null},"geometry":{"type":"MultiPolygon","coordinates":[[[[120.542904,22.534466],[120.542905,22.534412],[120.540886,22.534317],[120.54121,22.533458],[120.541165,22.53344],[120.540834,22.534353],[120.542904,22.534466]]]]}},{"type":"Feature","properties":{"n":"自強路","v":"內埔鄉","w":1.6,"c":1.6,"r":null},"geometry":{"type":"MultiPolygon","coordinates":[[[[120.561246,22.616454],[120.561227,22.61646],[120.564277,22.616289],[120.564297,22.616223],[120.561279,22.616376],[120.561246,22.616454]]]]}},{"type":"Feature","properties":{"n":"廣田路","v":"內埔鄉","w":5,"c":5,"r":4},"geometry":{"type":"MultiPolygon","coordinates":[[[[120.566113,22.615654],[120.566113,22.615612],[120.565283,22.615556],[120.565103,22.615496],[120.564,22.614495],[120.563962,22.614328],[120.563904,22.614328],[120.563948,22.614513],[120.565078,22.615531],[120.565251,22.615592],[120.566113,22.615654]]]]}},{"type":"Feature","properties":{"n":"英義路","v":"潮州鎮","w":2.5,"c":1.5,"r":null},"geometry":{"type":"MultiPolygon","coordinates":[[[[120.53528,22.54285],[120.535564,22.54539],[120.53559,22.545374],[120.535298,22.542842],[120.53528,22.542845],[120.53528,22.54285]]]]}},{"type":"Feature","properties":{"n":"中正路","v":"崁頂鄉","w":8,"c":8,"r":5},"geometry":{"type":"MultiPolygon","coordinates":[[[[120.512398,22.513786],[120.5115,22.51332],[120.511474,22.51336],[120.512377,22.513812],[120.512398,22.513786]]]]}},{"type":"Feature","properties":{"n":"興農路周邊人行道","v":"崁頂鄉","w":7,"c":7,"r":2},"geometry":{"type":"MultiPolygon","coordinates":[[[[120.506664,22.514767],[120.50673,22.514906],[120.506663,22.514932],[120.506673,22.514959],[120.506743,22.51493],[120.506814,22.515079],[120.506786,22.515105],[120.506999,22.515239],[120.50703,22.515201],[120.506889,22.51511],[120.506718,22.514746],[120.506664,22.514767]]]]}},{"type":"Feature","properties":{"n":"興農路周邊人行道","v":"崁頂鄉","w":3.4,"c":3.4,"r":1},"geometry":{"type":"MultiPolygon","coordinates":[[[[120.506527,22.514973],[120.506558,22.514961],[120.506499,22.514839],[120.506471,22.514851],[120.506527,22.514973]]]]}},{"type":"Feature","properties":{"n":"屏東潮州鐵路橋下自行車道","v":"潮州鎮","w":17.64,"c":3,"r":6},"geometry":{"type":"MultiPolygon","coordinates":[[[[120.537474,22.563361],[120.537494,22.563356],[120.537469,22.563102],[120.537419,22.56273],[120.537377,22.562187],[120.537025,22.557974],[120.536676,22.554487],[120.536564,22.55343],[120.536519,22.553036],[120.536496,22.553036],[120.536586,22.553813],[120.537007,22.557981],[120.537148,22.559606],[120.53721,22.560407],[120.537405,22.562756],[120.537475,22.56333],[120.537474,22.563361]]]]}},{"type":"Feature","properties":{"n":"屏東潮州鐵路橋下自行車道","v":"潮州鎮","w":9.2,"c":3,"r":6},"geometry":{"type":"MultiPolygon","coordinates":[[[[120.535721,22.546356],[120.535721,22.546296],[120.535659,22.545705],[120.535281,22.542476],[120.535274,22.542313],[120.535271,22.541659],[120.53526,22.541241],[120.535075,22.539579],[120.535022,22.53919],[120.535009,22.539197],[120.535243,22.541242],[120.535261,22.542479],[120.535309,22.542852],[120.535606,22.545376],[120.535708,22.546353],[120.535721,22.546356]]]]}},{"type":"Feature","properties":{"n":"屏東市鐵路橋下自行車道","v":"屏東市","w":16.64,"c":3,"r":4},"geometry":{"type":"MultiPolygon","coordinates":[[[[120.494645,22.664666],[120.494649,22.664669],[120.510868,22.640025],[120.510814,22.639985],[120.494616,22.664644],[120.494645,22.664666]]]]}},{"type":"Feature","properties":{"n":"屏東竹田鐵路橋下自行車道","v":"竹田鄉","w":15,"c":3.4,"r":1},"geometry":{"type":"MultiPolygon","coordinates":[[[[120.540039,22.588608],[120.540024,22.588609],[120.540087,22.589049],[120.540186,22.590098],[120.540209,22.590098],[120.54011,22.589065],[120.540039,22.588608]]]]}},{"type":"Feature","properties":{"n":"榮吉街","v":"潮州鎮","w":5.1,"c":3.6,"r":4},"geometry":{"type":"MultiPolygon","coordinates":[[[[120.535792,22.552143],[120.535277,22.546853],[120.535275,22.546853],[120.535792,22.552143]]]]}},{"type":"Feature","properties":{"n":"中華三街","v":"內埔鄉","w":3,"c":2,"r":1},"geometry":{"type":"MultiPolygon","coordinates":[[[[120.569801,22.613433],[120.57243,22.61203],[120.572562,22.611953],[120.572549,22.611941],[120.569793,22.613419],[120.569798,22.613429],[120.569801,22.613433]]]]}},{"type":"Feature","properties":{"n":"興安街、興安街20巷、南華路361巷","v":"內埔鄉","w":3.5,"c":3.5,"r":3},"geometry":{"type":"MultiPolygon","coordinates":[[[[120.574729,22.615871],[120.574735,22.615865],[120.574808,22.615089],[120.574622,22.614807],[120.573815,22.615725],[120.574729,22.615871]]]]}},{"type":"Feature","properties":{"n":"中正路1段","v":"東港鎮","w":4,"c":3,"r":4},"geometry":{"type":"MultiPolygon","coordinates":[[[[120.455392,22.471691],[120.454418,22.470971],[120.45357,22.470634],[120.455392,22.471691]]]]}},{"type":"Feature","properties":{"n":"公園路","v":"屏東市","w":3.2,"c":1.5,"r":5},"geometry":{"type":"MultiPolygon","coordinates":[[[[120.493371,22.673568],[120.49338,22.67359],[120.495667,22.672924],[120.495659,22.672919],[120.495579,22.672924],[120.493371,22.673568]]]]}},{"type":"Feature","properties":{"n":"仁愛路","v":"屏東市","w":3.1,"c":1.9,"r":3},"geometry":{"type":"MultiPolygon","coordinates":[[[[120.49337,22.673565],[120.493357,22.673584],[120.493357,22.673606],[120.494576,22.677332],[120.494614,22.67732],[120.49337,22.673565]]]]}},{"type":"Feature","properties":{"n":"學府街","v":"佳冬鄉","w":1.55,"c":1.55,"r":4},"geometry":{"type":"MultiPolygon","coordinates":[[[[120.566006,22.431513],[120.566013,22.431513],[120.566616,22.4298],[120.566006,22.431513]]]]}},{"type":"Feature","properties":{"n":"民學路","v":"屏東市","w":5,"c":5,"r":3},"geometry":{"type":"MultiPolygon","coordinates":[[[[120.506655,22.672393],[120.508031,22.672022],[120.507982,22.671974],[120.506629,22.672338],[120.506657,22.672391],[120.506655,22.672393]]]]}},{"type":"Feature","properties":{"n":"民學路","v":"屏東市","w":5,"c":5,"r":2},"geometry":{"type":"MultiPolygon","coordinates":[[[[120.50806,22.672018],[120.508475,22.67189],[120.508475,22.671859],[120.50795,22.671913],[120.508063,22.672016],[120.50806,22.672018]]]]}},{"type":"Feature","properties":{"n":"潭北巷","v":"泰武鄉","w":2.5,"c":2.5,"r":3},"geometry":{"type":"MultiPolygon","coordinates":[[[[120.632124,22.577934],[120.632431,22.578329],[120.632688,22.578509],[120.633409,22.578487],[120.634142,22.578632],[120.635003,22.578933],[120.635555,22.579161],[120.635915,22.579269],[120.636893,22.579164],[120.636829,22.579092],[120.63607,22.579174],[120.63589,22.579197],[120.635299,22.578993],[120.634695,22.578765],[120.63409,22.57856],[120.633486,22.578451],[120.633049,22.57845],[120.632766,22.578461],[120.632534,22.57833],[120.632188,22.577911],[120.632137,22.577922],[120.632124,22.577934]]]]}},{"type":"Feature","properties":{"n":"自力路","v":"瑪家鄉","w":0,"c":0,"r":2},"geometry":{"type":"MultiPolygon","coordinates":[[[[120.644882,22.705779],[120.644895,22.705768],[120.644921,22.705803],[120.644947,22.705756],[120.64505,22.705648],[120.645076,22.705577],[120.644948,22.70517],[120.644744,22.704561],[120.644744,22.704429],[120.644783,22.704322],[120.644861,22.704286],[120.644912,22.704322],[120.644925,22.704441],[120.644924,22.704645],[120.644975,22.704788],[120.64509,22.705075],[120.645219,22.705314],[120.645385,22.705661],[120.645488,22.705733],[120.645527,22.705721],[120.645424,22.705661],[120.64536,22.705553],[120.645257,22.705326],[120.645193,22.705219],[120.645078,22.704956],[120.644963,22.704669],[120.644963,22.704382],[120.644925,22.704286],[120.644835,22.704262],[120.644745,22.704334],[120.644705,22.704513],[120.644795,22.704835],[120.644961,22.705266],[120.645038,22.705589],[120.644882,22.705779]]]]}},{"type":"Feature","properties":{"n":"瑪卡扎亞街","v":"瑪家鄉","w":0,"c":0,"r":null},"geometry":{"type":"MultiPolygon","coordinates":[[[[120.644944,22.700511],[120.647911,22.703683],[120.647937,22.703683],[120.644944,22.700511]]]]}},{"type":"Feature","properties":{"n":"行政街3-15","v":"三地門鄉","w":1.5,"c":1.5,"r":2},"geometry":{"type":"MultiPolygon","coordinates":[[[[120.652698,22.714709],[120.65332,22.715057],[120.65331,22.715048],[120.652698,22.714709]]]]}},{"type":"Feature","properties":{"n":"中正路二段","v":"三地門鄉","w":1.5,"c":1.5,"r":null},"geometry":{"type":"MultiPolygon","coordinates":[[[[120.652663,22.715303],[120.653419,22.7142],[120.653406,22.714218],[120.652663,22.715303]]]]}},{"type":"Feature","properties":{"n":"瑪家鄉森林公園步道","v":"瑪家鄉","w":1.5,"c":1.5,"r":2},"geometry":{"type":"MultiPolygon","coordinates":[[[[120.644476,22.699996],[120.644719,22.700678],[120.644692,22.701132],[120.644948,22.701514],[120.645938,22.702222],[120.646285,22.702557],[120.646438,22.703083],[120.646682,22.703263],[120.646823,22.703478],[120.647081,22.703514],[120.647337,22.703778],[120.647801,22.703874],[120.64784,22.703839],[120.647363,22.703754],[120.647119,22.703502],[120.646849,22.703454],[120.646746,22.703275],[120.646464,22.703071],[120.646323,22.702581],[120.645784,22.702054],[120.645025,22.701527],[120.644859,22.701299],[120.644717,22.70112],[120.644757,22.700678],[120.64454,22.699996],[120.644501,22.700008],[120.644476,22.699996]]]]}},{"type":"Feature","properties":{"n":"台一線入口","v":"枋山鄉","w":1.5,"c":1.5,"r":2},"geometry":{"type":"MultiPolygon","coordinates":[[[[120.627125,22.324579],[120.627138,22.324579],[120.627177,22.324603],[120.627434,22.324257],[120.62764,22.324114],[120.628142,22.323817],[120.628901,22.323317],[120.629119,22.323258],[120.629171,22.323186],[120.628978,22.323245],[120.62746,22.324198],[120.627125,22.324579]]]]}},{"type":"Feature","properties":{"n":"台一線入口","v":"枋山鄉","w":3,"c":3,"r":2},"geometry":{"type":"MultiPolygon","coordinates":[[[[120.627278,22.322817],[120.627278,22.322811],[120.627265,22.322835],[120.627431,22.323003],[120.62633,22.324231],[120.626349,22.324249],[120.627457,22.322997],[120.627278,22.322817]]]]}},{"type":"Feature","properties":{"n":"台一線入口","v":"枋山鄉","w":2.5,"c":2.5,"r":2},"geometry":{"type":"MultiPolygon","coordinates":[[[[120.628615,22.322026],[120.628635,22.322038],[120.628976,22.321596],[120.629105,22.321471],[120.629067,22.321388],[120.629285,22.321185],[120.629459,22.321209],[120.629806,22.320822],[120.630405,22.320447],[120.63045,22.320381],[120.630418,22.320357],[120.630372,22.320441],[120.630083,22.320637],[120.629787,22.320822],[120.629439,22.321191],[120.629285,22.321161],[120.629028,22.321405],[120.629073,22.321465],[120.628976,22.321555],[120.628615,22.322026]]]]}},{"type":"Feature","properties":{"n":"中山路3巷","v":"滿州鄉","w":1,"c":1,"r":null},"geometry":{"type":"MultiPolygon","coordinates":[[[[120.83719,22.023284],[120.837952,22.023272],[120.837901,22.023272],[120.83719,22.023284]]]]}},{"type":"Feature","properties":{"n":"和平路","v":"滿州鄉","w":2,"c":2,"r":2},"geometry":{"type":"MultiPolygon","coordinates":[[[[120.827307,22.075825],[120.827312,22.075832],[120.827304,22.075854],[120.827599,22.075909],[120.827917,22.075938],[120.828344,22.074651],[120.828324,22.074643],[120.827904,22.075909],[120.827571,22.075883],[120.827307,22.075825]]]]}},{"type":"Feature","properties":{"n":"福林路","v":"滿州鄉","w":1.5,"c":1.5,"r":2},"geometry":{"type":"MultiPolygon","coordinates":[[[[120.831324,22.041547],[120.831569,22.041767],[120.831582,22.041776],[120.831324,22.041547]]]]}},{"type":"Feature","properties":{"n":"育英路","v":"南州鄉","w":2,"c":2,"r":2},"geometry":{"type":"MultiPolygon","coordinates":[[[[120.512121,22.489117],[120.51233,22.489031],[120.512274,22.488718],[120.512166,22.488715],[120.512232,22.488868],[120.512062,22.488935],[120.512057,22.488918],[120.512014,22.488942],[120.512121,22.489107],[120.512116,22.489102],[120.512121,22.489117]]]]}},{"type":"Feature","properties":{"n":"美華路","v":"林邊鄉","w":2.5,"c":2.5,"r":4},"geometry":{"type":"MultiPolygon","coordinates":[[[[120.524216,22.439871],[120.524795,22.439741],[120.52269,22.4351],[120.522459,22.435194],[120.522355,22.435493],[120.52285,22.437251],[120.522798,22.437513],[120.521332,22.437772],[120.52056,22.437865],[120.519918,22.437887],[120.519094,22.438076],[120.517757,22.438466],[120.517846,22.438562],[120.519197,22.438148],[120.520149,22.437947],[120.520959,22.43789],[120.522155,22.437703],[120.522849,22.437609],[120.523039,22.43841],[120.523321,22.438578],[120.523642,22.438687],[120.524075,22.439763],[120.524178,22.43974],[120.523822,22.438759],[120.523745,22.438615],[120.523347,22.438483],[120.523142,22.438386],[120.522939,22.437669],[120.522914,22.43737],[120.522966,22.437215],[120.522483,22.435481],[120.522535,22.43535],[120.522651,22.435279],[120.524654,22.439669],[120.524075,22.439811],[120.524216,22.439871]]]]}},{"type":"Feature","properties":{"n":"和平路","v":"林邊鄉","w":25,"c":2.5,"r":2},"geometry":{"type":"MultiPolygon","coordinates":[[[[120.511548,22.433544],[120.509488,22.432755],[120.509411,22.432713],[120.509606,22.43226],[120.509678,22.431704],[120.509678,22.431675],[120.509269,22.430986],[120.509186,22.431028],[120.509614,22.431746],[120.509541,22.432266],[120.509334,22.432725],[120.511535,22.43358],[120.511548,22.43355],[120.511548,22.433544]]]]}},{"type":"Feature","properties":{"n":"新庄路","v":"九如鄉","w":2,"c":2,"r":2},"geometry":{"type":"MultiPolygon","coordinates":[[[[120.49481,22.722589],[120.494784,22.722601],[120.494784,22.722637],[120.496995,22.723671],[120.498397,22.724309],[120.499697,22.724444],[120.50034,22.724626],[120.501422,22.724593],[120.501693,22.724534],[120.502747,22.724991],[120.502748,22.724872],[120.501655,22.72445],[120.501358,22.724545],[120.500444,22.724542],[120.500006,22.724445],[120.499633,22.724384],[120.498372,22.724213],[120.49481,22.722589]]]]}},{"type":"Feature","properties":{"n":"光明街","v":"屏東市","w":2.4,"c":2.4,"r":2},"geometry":{"type":"MultiPolygon","coordinates":[[[[120.482825,22.665415],[120.482867,22.66541],[120.48283,22.665044],[120.482905,22.664985],[120.482857,22.664965],[120.482814,22.664965],[120.482792,22.664987],[120.482825,22.665415]]]]}},{"type":"Feature","properties":{"n":"新興街3巷","v":"屏東市","w":2,"c":2,"r":2},"geometry":{"type":"MultiPolygon","coordinates":[[[[120.48483,22.643764],[120.484355,22.64347],[120.483699,22.643259],[120.484202,22.642902],[120.484107,22.642585],[120.484861,22.642426],[120.485169,22.64257],[120.485182,22.642535],[120.484873,22.642402],[120.484101,22.642561],[120.483946,22.642501],[120.48405,22.642298],[120.484057,22.642131],[120.483419,22.642296],[120.483117,22.642415],[120.482576,22.642502],[120.482157,22.642603],[120.482119,22.642537],[120.482003,22.642453],[120.481748,22.641855],[120.481723,22.641723],[120.481717,22.641424],[120.481711,22.641347],[120.481145,22.641428],[120.481182,22.641691],[120.481028,22.641733],[120.480629,22.641714],[120.480423,22.641605],[120.480179,22.641617],[120.479966,22.641741],[120.479875,22.641843],[120.479946,22.641867],[120.480036,22.641753],[120.480243,22.64167],[120.480365,22.641659],[120.480494,22.641713],[120.480526,22.641743],[120.480603,22.641743],[120.480989,22.641768],[120.481098,22.641751],[120.481234,22.641704],[120.481202,22.641476],[120.481634,22.641418],[120.481645,22.641812],[120.481722,22.641962],[120.481926,22.642482],[120.482073,22.642555],[120.48215,22.64265],[120.482563,22.642538],[120.483033,22.642462],[120.483162,22.642427],[120.483394,22.64235],[120.483986,22.642184],[120.484005,22.642232],[120.483882,22.642519],[120.484075,22.642585],[120.484164,22.64289],[120.483641,22.64327],[120.484322,22.643482],[120.484817,22.6438],[120.484843,22.643776],[120.48483,22.643764]]]]}},{"type":"Feature","properties":{"n":"永安路","v":"里港鄉","w":2,"c":2,"r":2},"geometry":{"type":"MultiPolygon","coordinates":[[[[120.493021,22.778717],[120.493022,22.778496],[120.493202,22.778419],[120.49346,22.778431],[120.493686,22.778378],[120.493969,22.77829],[120.494208,22.778243],[120.494324,22.778243],[120.494318,22.778189],[120.494137,22.778224],[120.493918,22.778277],[120.493621,22.778366],[120.493447,22.778407],[120.493215,22.778389],[120.493002,22.778478],[120.492989,22.778717],[120.493008,22.778717],[120.493021,22.778717]]]]}},{"type":"Feature","properties":{"n":"大平路","v":"里港鄉","w":150,"c":2,"r":2},"geometry":{"type":"MultiPolygon","coordinates":[[[[120.493222,22.778377],[120.493181,22.777224],[120.493181,22.777254],[120.493222,22.778377]]]]}},{"type":"Feature","properties":{"n":"大平路","v":"里港鄉","w":2,"c":2,"r":2},"geometry":{"type":"MultiPolygon","coordinates":[[[[120.493289,22.77766],[120.493302,22.777672],[120.493295,22.777696],[120.49403,22.777615],[120.494074,22.777752],[120.493823,22.777793],[120.493798,22.777668],[120.493733,22.777686],[120.493771,22.777871],[120.494132,22.777824],[120.49412,22.777675],[120.494365,22.777646],[120.494365,22.777562],[120.49412,22.777609],[120.494094,22.777567],[120.493289,22.77766]]]]}},{"type":"Feature","properties":{"n":"龍門路","v":"竹田鄉","w":2.5,"c":2.5,"r":2},"geometry":{"type":"MultiPolygon","coordinates":[[[[120.52344,22.617405],[120.522353,22.617127],[120.522567,22.616673],[120.522574,22.616566],[120.522208,22.616374],[120.522279,22.616195],[120.522367,22.614994],[120.52411,22.615113],[120.524131,22.616511],[120.52413,22.616726],[120.524195,22.616714],[120.524155,22.615113],[120.522361,22.614964],[120.522253,22.616195],[120.522176,22.616386],[120.522555,22.616572],[120.522554,22.616656],[120.522327,22.617151],[120.523394,22.617423],[120.52344,22.617417],[120.52344,22.617405]]]]}},{"type":"Feature","properties":{"n":"屏鶴公路","v":"車城鄉","w":2,"c":2,"r":2},"geometry":{"type":"MultiPolygon","coordinates":[[[[120.716718,22.099508],[120.716584,22.099412],[120.716547,22.098731],[120.716592,22.098438],[120.716624,22.098349],[120.716663,22.098325],[120.716737,22.099598],[120.716763,22.099592],[120.716682,22.098265],[120.71658,22.098343],[120.716508,22.098695],[120.716552,22.099436],[120.716718,22.09958],[120.716725,22.09952],[120.716718,22.099508]]]]}},{"type":"Feature","properties":{"n":"都魯路路口","v":"滿州鄉","w":2,"c":2,"r":2},"geometry":{"type":"MultiPolygon","coordinates":[[[[120.806136,22.007564],[120.806148,22.008329],[120.806109,22.008795],[120.805698,22.009786],[120.805735,22.010216],[120.805119,22.011566],[120.80531,22.011972],[120.805643,22.0122],[120.805796,22.012773],[120.80568,22.013215],[120.805692,22.013801],[120.805781,22.014231],[120.805614,22.014673],[120.805806,22.015103],[120.80601,22.015342],[120.806203,22.015319],[120.806587,22.015176],[120.807279,22.015535],[120.807291,22.015894],[120.807213,22.016646],[120.806982,22.017339],[120.806853,22.017817],[120.80707,22.018092],[120.807403,22.018236],[120.80753,22.018893],[120.807478,22.019705],[120.807362,22.020064],[120.807233,22.020577],[120.806784,22.021114],[120.806348,22.021652],[120.806219,22.022141],[120.806103,22.0225],[120.805731,22.02275],[120.805795,22.022762],[120.806193,22.022524],[120.806283,22.022058],[120.806527,22.021473],[120.807272,22.020649],[120.807581,22.019407],[120.807594,22.018965],[120.807531,22.018475],[120.807467,22.018176],[120.807314,22.01814],[120.807045,22.018008],[120.806917,22.017805],[120.807264,22.016706],[120.80733,22.015571],[120.807304,22.015452],[120.8066,22.015128],[120.806228,22.015259],[120.806036,22.015283],[120.805857,22.015091],[120.805665,22.014673],[120.80582,22.014255],[120.805718,22.013693],[120.805718,22.013287],[120.805834,22.012785],[120.805694,22.012176],[120.805528,22.012068],[120.805285,22.011841],[120.80517,22.011566],[120.805812,22.010181],[120.805774,22.009762],[120.806186,22.008771],[120.806226,22.007576],[120.806188,22.007564],[120.806136,22.007564]]]]}},{"type":"Feature","properties":{"n":"永南路路口","v":"滿州鄉","w":2,"c":2,"r":2},"geometry":{"type":"MultiPolygon","coordinates":[[[[120.80617,22.001423],[120.807735,22.000074],[120.80771,22.000086],[120.80617,22.001423]]]]}},{"type":"Feature","properties":{"n":"永南路","v":"滿州鄉","w":2,"c":2,"r":2},"geometry":{"type":"MultiPolygon","coordinates":[[[[120.806703,21.99785],[120.80711,21.998175],[120.807182,21.998187],[120.807251,21.998132],[120.807336,21.998051],[120.807405,21.998058],[120.807425,21.998011],[120.807338,21.998001],[120.807166,21.998151],[120.807133,21.998139],[120.806726,21.997819],[120.806718,21.997835],[120.806703,21.99785]]]]}},{"type":"Feature","properties":{"n":"龍山路","v":"獅子鄉","w":1.5,"c":1.5,"r":2},"geometry":{"type":"MultiPolygon","coordinates":[[[[120.70388,22.184177],[120.703887,22.184255],[120.704002,22.184243],[120.704195,22.184154],[120.704542,22.183916],[120.704516,22.183802],[120.704453,22.183599],[120.704575,22.18333],[120.704825,22.183193],[120.704895,22.183642],[120.704985,22.183612],[120.704896,22.183032],[120.704684,22.183163],[120.704414,22.183432],[120.704369,22.1837],[120.704163,22.184064],[120.70388,22.184177]]]]}},{"type":"Feature","properties":{"n":"忠孝路","v":"屏東市","w":2.5,"c":2.5,"r":4},"geometry":{"type":"MultiPolygon","coordinates":[[[[120.487645,22.679456],[120.488314,22.67947],[120.488353,22.679429],[120.488124,22.678699],[120.487358,22.678643],[120.487607,22.679403],[120.487632,22.679415],[120.487378,22.678661],[120.488098,22.678711],[120.488328,22.679417],[120.488302,22.679459],[120.487626,22.679438],[120.487645,22.679456]]]]}},{"type":"Feature","properties":{"n":"香揚路","v":"屏東市","w":3.5,"c":3.5,"r":2},"geometry":{"type":"MultiPolygon","coordinates":[[[[120.507294,22.662247],[120.508082,22.66339],[120.50823,22.663516],[120.508467,22.663672],[120.510698,22.66436],[120.510705,22.66433],[120.508474,22.663654],[120.508108,22.663384],[120.50732,22.662235],[120.507294,22.662247]]]]}},{"type":"Feature","properties":{"n":"勝利路","v":"南州鄉","w":2,"c":2,"r":2},"geometry":{"type":"MultiPolygon","coordinates":[[[[120.512368,22.49015],[120.514798,22.490139],[120.514812,22.489834],[120.512363,22.489839],[120.512368,22.49015]]]]}},{"type":"Feature","properties":{"n":"加祿社區西南側沿海海堤旁道路","v":"枋山鄉","w":2,"c":2,"r":2},"geometry":{"type":"MultiPolygon","coordinates":[[[[120.614774,22.333346],[120.614793,22.333358],[120.61606,22.332567],[120.616041,22.332543],[120.614774,22.333346]]]]}},{"type":"Feature","properties":{"n":"加祿社區西南側","v":"枋山鄉","w":5,"c":5,"r":2},"geometry":{"type":"MultiPolygon","coordinates":[[[[120.616157,22.332459],[120.616189,22.332483],[120.617527,22.331632],[120.617501,22.33159],[120.616157,22.332459]]]]}},{"type":"Feature","properties":{"n":"射寮路","v":"車城鄉","w":1.5,"c":1.5,"r":2},"geometry":{"type":"MultiPolygon","coordinates":[[[[120.711227,22.056732],[120.711252,22.056744],[120.711259,22.05663],[120.711234,22.056421],[120.711215,22.056188],[120.71126,22.056045],[120.711415,22.05546],[120.711383,22.055454],[120.711196,22.056176],[120.711202,22.056362],[120.711227,22.056577],[120.711227,22.056732]]]]}},{"type":"Feature","properties":{"n":"射寮路","v":"車城鄉","w":15,"c":1.5,"r":4},"geometry":{"type":"MultiPolygon","coordinates":[[[[120.704802,22.052315],[120.705849,22.054001],[120.706399,22.054648],[120.707013,22.055342],[120.708306,22.056156],[120.7086,22.056408],[120.709035,22.056564],[120.710726,22.057033],[120.710739,22.056997],[120.709125,22.056552],[120.708613,22.056372],[120.708242,22.056061],[120.707026,22.055306],[120.705926,22.054025],[120.70484,22.052303],[120.704802,22.052315]]]]}},{"type":"Feature","properties":{"n":"射寮路1","v":"車城鄉","w":1.5,"c":1.5,"r":4},"geometry":{"type":"MultiPolygon","coordinates":[[[[120.710507,22.057153],[120.709482,22.056781],[120.708816,22.056607],[120.708489,22.056439],[120.707465,22.05575],[120.706883,22.055366],[120.706071,22.054427],[120.705681,22.05396],[120.704787,22.052483],[120.704735,22.052579],[120.70563,22.053978],[120.706691,22.055235],[120.706832,22.05539],[120.707843,22.056085],[120.708649,22.056588],[120.708944,22.05672],[120.709546,22.056865],[120.710494,22.057213],[120.710507,22.057153]]]]}},{"type":"Feature","properties":{"n":"縱貫公路","v":"屏東市","w":3,"c":3,"r":2},"geometry":{"type":"MultiPolygon","coordinates":[[[[120.449876,22.651317],[120.449954,22.651091],[120.448835,22.65074],[120.44863,22.650644],[120.446714,22.650064],[120.446649,22.650243],[120.446354,22.65011],[120.446341,22.649931],[120.444155,22.649386],[120.443693,22.649157],[120.442497,22.64889],[120.442458,22.649105],[120.443152,22.649215],[120.443165,22.649132],[120.443744,22.649241],[120.444027,22.649386],[120.443675,22.650364],[120.443238,22.650303],[120.443238,22.650362],[120.443765,22.650424],[120.444091,22.649446],[120.44629,22.649979],[120.446302,22.65017],[120.446675,22.650315],[120.44674,22.650148],[120.448617,22.650704],[120.449851,22.651126],[120.449824,22.651281],[120.449876,22.651317]]]]}},{"type":"Feature","properties":{"n":"中山路","v":"屏東市","w":6,"c":6,"r":4},"geometry":{"type":"MultiPolygon","coordinates":[[[[120.484909,22.677107],[120.484932,22.677108],[120.48502,22.675705],[120.484999,22.6757],[120.484914,22.677105],[120.484909,22.677107]]]]}},{"type":"Feature","properties":{"n":"中山路","v":"屏東市","w":3.6,"c":1.6,"r":2},"geometry":{"type":"MultiPolygon","coordinates":[[[[120.484906,22.677129],[120.484911,22.677131],[120.484881,22.677588],[120.484907,22.677588],[120.484932,22.677131],[120.484906,22.677129]]]]}},{"type":"Feature","properties":{"n":"中山路","v":"屏東市","w":6,"c":6,"r":4},"geometry":{"type":"MultiPolygon","coordinates":[[[[120.484971,22.6757],[120.484942,22.6757],[120.484831,22.677584],[120.484852,22.677584],[120.484967,22.675701],[120.484971,22.6757]]]]}},{"type":"Feature","properties":{"n":"中山路","v":"屏東市","w":3,"c":3,"r":12},"geometry":{"type":"MultiPolygon","coordinates":[[[[120.484779,22.679342],[120.484783,22.679346],[120.484172,22.68749],[120.484192,22.68749],[120.484805,22.679345],[120.484779,22.679342]]]]}},{"type":"Feature","properties":{"n":"中山路","v":"屏東市","w":3,"c":3,"r":14},"geometry":{"type":"MultiPolygon","coordinates":[[[[120.484138,22.687492],[120.484141,22.687491],[120.484409,22.683318],[120.484575,22.681662],[120.484661,22.680138],[120.484751,22.679338],[120.48472,22.679335],[120.48463,22.680138],[120.484539,22.68166],[120.484371,22.683325],[120.484114,22.687492],[120.484138,22.687492]]]]}},{"type":"Feature","properties":{"n":"廣東路","v":"屏東市","w":3.9,"c":1.5,"r":3},"geometry":{"type":"MultiPolygon","coordinates":[[[[120.486248,22.687607],[120.489044,22.687771],[120.489164,22.685946],[120.489141,22.685938],[120.489018,22.687749],[120.486248,22.687587],[120.486248,22.687607]]]]}},{"type":"Feature","properties":{"n":"和平西路","v":"萬丹鄉","w":3.5,"c":2.35,"r":1},"geometry":{"type":"MultiPolygon","coordinates":[[[[120.476557,22.593152],[120.480503,22.591586],[120.480492,22.591554],[120.476555,22.593105],[120.476557,22.593152]]]]}},{"type":"Feature","properties":{"n":"和平西路","v":"萬丹鄉","w":2.95,"c":1.8,"r":1},"geometry":{"type":"MultiPolygon","coordinates":[[[[120.483527,22.590477],[120.483037,22.590673],[120.483056,22.590697],[120.483552,22.590501],[120.483526,22.590489],[120.483527,22.590477]]]]}},{"type":"Feature","properties":{"n":"竹田鄉中正路","v":"竹田鄉","w":1.5,"c":1.2,"r":52},"geometry":{"type":"MultiPolygon","coordinates":[[[[120.544936,22.604368],[120.544416,22.586446],[120.544351,22.586386],[120.544936,22.604368]]]]}},{"type":"Feature","properties":{"n":"新華路","v":"新埤鄉","w":1.7,"c":1.7,"r":null},"geometry":{"type":"MultiPolygon","coordinates":[[[[120.551782,22.473081],[120.551583,22.47568],[120.551618,22.476178],[120.551659,22.47618],[120.551636,22.475946],[120.551619,22.475659],[120.551831,22.473086],[120.551782,22.473081]]]]}},{"type":"Feature","properties":{"n":"民眾路","v":"新埤鄉","w":1.8,"c":1.8,"r":null},"geometry":{"type":"MultiPolygon","coordinates":[[[[120.578945,22.468136],[120.578955,22.468177],[120.580338,22.468166],[120.580336,22.468131],[120.578945,22.468136]]]]}},{"type":"Feature","properties":{"n":"民眾路","v":"新埤鄉","w":1.5,"c":1.5,"r":null},"geometry":{"type":"MultiPolygon","coordinates":[[[[120.578949,22.468307],[120.578954,22.468346],[120.583238,22.468316],[120.583238,22.468283],[120.578949,22.468307]]]]}},{"type":"Feature","properties":{"n":"太原路","v":"屏東市","w":3,"c":2,"r":4},"geometry":{"type":"MultiPolygon","coordinates":[[[[120.486149,22.680256],[120.486153,22.680259],[120.486142,22.680283],[120.486634,22.680316],[120.486546,22.681913],[120.486594,22.682131],[120.486561,22.682529],[120.485426,22.682461],[120.485329,22.68227],[120.485375,22.681708],[120.485349,22.681706],[120.485298,22.682272],[120.485403,22.68248],[120.486603,22.682556],[120.48663,22.682109],[120.486584,22.681894],[120.486664,22.680293],[120.486149,22.680256]]]]}},{"type":"Feature","properties":{"n":"同安路","v":"南州鄉","w":2.5,"c":2,"r":3},"geometry":{"type":"MultiPolygon","coordinates":[[[[120.519981,22.473374],[120.52236,22.473106],[120.52247,22.472897],[120.522406,22.472634],[120.521128,22.470486],[120.519877,22.469855],[120.519853,22.469893],[120.5211,22.470508],[120.522356,22.472627],[120.52242,22.472878],[120.522316,22.473063],[120.519976,22.473341],[120.519981,22.473372],[120.519981,22.473374]]]]}},{"type":"Feature","properties":{"n":"台26線佳鵝公路","v":"獅子鄉","w":3,"c":1.5,"r":2},"geometry":{"type":"MultiPolygon","coordinates":[[[[120.702125,22.204498],[120.701904,22.204541],[120.701712,22.204543],[120.701386,22.204459],[120.70116,22.204358],[120.700927,22.204145],[120.700575,22.203751],[120.700533,22.203784],[120.701119,22.204381],[120.701381,22.204498],[120.701699,22.20458],[120.701914,22.204588],[120.702132,22.204545],[120.702122,22.204502],[120.702125,22.204498]]]]}},{"type":"Feature","properties":{"n":"丹路一巷、巴士巷","v":"獅子鄉","w":1.15,"c":0.9,"r":null},"geometry":{"type":"MultiPolygon","coordinates":[[[[120.751079,22.202982],[120.751013,22.203689],[120.751008,22.203868],[120.750928,22.204284],[120.750871,22.204339],[120.750822,22.204348],[120.750658,22.204236],[120.750546,22.203653],[120.750487,22.203621],[120.750421,22.203631],[120.75029,22.203714],[120.749482,22.204628],[120.74938,22.20465],[120.748618,22.204362],[120.748505,22.204266],[120.748369,22.204225],[120.748269,22.20423],[120.748274,22.204263],[120.748354,22.204263],[120.748495,22.204297],[120.748582,22.204383],[120.749372,22.204683],[120.749503,22.204659],[120.75031,22.203745],[120.750421,22.203674],[120.75048,22.20366],[120.750518,22.203688],[120.750607,22.204226],[120.750609,22.204267],[120.750809,22.204384],[120.750891,22.204384],[120.750951,22.204325],[120.751051,22.203873],[120.751065,22.203656],[120.751122,22.202991],[120.751079,22.202984],[120.751079,22.202982]]]]}},{"type":"Feature","properties":{"n":"義仁路","v":"新園鄉","w":1.5,"c":1.5,"r":null},"geometry":{"type":"MultiPolygon","coordinates":[[[[120.437813,22.474979],[120.437485,22.47465],[120.43746,22.474674],[120.437793,22.474991],[120.437808,22.474976],[120.437813,22.474979]]]]}},{"type":"Feature","properties":{"n":"台26線","v":"滿州鄉","w":2,"c":1.8,"r":4},"geometry":{"type":"MultiPolygon","coordinates":[[[[120.842066,21.989564],[120.842105,21.98955],[120.841918,21.989036],[120.841667,21.989074],[120.841303,21.989073],[120.841265,21.98909],[120.841359,21.989422],[120.841495,21.98957],[120.841582,21.989635],[120.841605,21.989614],[120.841515,21.989544],[120.84139,21.989408],[120.841306,21.989119],[120.841667,21.989109],[120.841895,21.989083],[120.842064,21.989566],[120.842066,21.989564]]]]}},{"type":"Feature","properties":{"n":"忠孝路、福安路","v":"車城鄉","w":2.5,"c":2,"r":19},"geometry":{"type":"MultiPolygon","coordinates":[[[[120.713925,22.074693],[120.710428,22.073367],[120.710141,22.073085],[120.71,22.072793],[120.710007,22.072625],[120.710535,22.071425],[120.710493,22.069872],[120.71378,22.07041],[120.713774,22.070332],[120.710519,22.069788],[120.707611,22.069138],[120.707604,22.069234],[120.710378,22.069848],[120.710439,22.071413],[120.709937,22.072571],[120.709904,22.072786],[120.710044,22.073115],[120.710351,22.073432],[120.713874,22.074783],[120.713919,22.074693],[120.713925,22.074693]]]]}},{"type":"Feature","properties":{"n":"四維東路","v":"萬丹鄉","w":1.5,"c":1.5,"r":2},"geometry":{"type":"MultiPolygon","coordinates":[[[[120.488727,22.59577],[120.490923,22.594862],[120.49092,22.59484],[120.488719,22.595751],[120.488727,22.59577]]]]}},{"type":"Feature","properties":{"n":"成功街二段","v":"萬丹鄉","w":1.5,"c":1.5,"r":4},"geometry":{"type":"MultiPolygon","coordinates":[[[[120.490916,22.594826],[120.490878,22.593468],[120.488953,22.593462],[120.488955,22.593489],[120.490847,22.593497],[120.490885,22.594826],[120.490916,22.594826]]]]}},{"type":"Feature","properties":{"n":"成功路","v":"屏東市","w":2,"c":1.5,"r":3},"geometry":{"type":"MultiPolygon","coordinates":[[[[120.487536,22.679486],[120.487259,22.678606],[120.487231,22.678608],[120.487505,22.679483],[120.487534,22.679484],[120.487536,22.679486]]]]}},{"type":"Feature","properties":{"n":"成功路","v":"屏東市","w":2,"c":1.5,"r":3},"geometry":{"type":"MultiPolygon","coordinates":[[[[120.487249,22.678564],[120.486814,22.677179],[120.48678,22.677184],[120.48722,22.678562],[120.487246,22.678562],[120.487249,22.678564]]]]}},{"type":"Feature","properties":{"n":"成功路","v":"屏東市","w":2,"c":1.5,"r":3},"geometry":{"type":"MultiPolygon","coordinates":[[[[120.486793,22.677152],[120.486269,22.675497],[120.486235,22.675509],[120.486767,22.677157],[120.48679,22.677152],[120.486793,22.677152]]]]}},{"type":"Feature","properties":{"n":"田寮巷","v":"屏東市","w":2,"c":1.7,"r":2},"geometry":{"type":"MultiPolygon","coordinates":[[[[120.507444,22.673695],[120.50841,22.673662],[120.509193,22.673643],[120.510508,22.673632],[120.510508,22.673611],[120.509061,22.673625],[120.507421,22.673671],[120.507444,22.673699],[120.507444,22.673695]]]]}},{"type":"Feature","properties":{"n":"瑞光路二段","v":"屏東市","w":1.56,"c":1.21,"r":3},"geometry":{"type":"MultiPolygon","coordinates":[[[[120.510516,22.673599],[120.510571,22.67196],[120.51055,22.67195],[120.510493,22.673601],[120.510519,22.673604],[120.510516,22.673599]]]]}},{"type":"Feature","properties":{"n":"中華一街、中華二街、勝興一街","v":"內埔鄉","w":2,"c":1,"r":2},"geometry":{"type":"MultiPolygon","coordinates":[[[[120.571031,22.61349],[120.571029,22.613483],[120.571249,22.613835],[120.571275,22.613823],[120.571052,22.613476],[120.571949,22.612967],[120.572016,22.613044],[120.571262,22.613847],[120.57128,22.613873],[120.572062,22.613032],[120.571965,22.612919],[120.571013,22.613459],[120.571031,22.61349]]]]}},{"type":"Feature","properties":{"n":"光明路292巷","v":"內埔鄉","w":1,"c":1,"r":1},"geometry":{"type":"MultiPolygon","coordinates":[[[[120.568667,22.617635],[120.567914,22.61715],[120.567778,22.616999],[120.567411,22.615947],[120.567433,22.615395],[120.567408,22.61539],[120.567385,22.615937],[120.56775,22.617001],[120.567891,22.617164],[120.568646,22.617654],[120.568667,22.617635]]]]}},{"type":"Feature","properties":{"n":"民生路","v":"內埔鄉","w":1,"c":1,"r":1},"geometry":{"type":"MultiPolygon","coordinates":[[[[120.568246,22.618102],[120.568243,22.6181],[120.568264,22.618083],[120.567496,22.617452],[120.567314,22.617213],[120.566915,22.615855],[120.566807,22.615737],[120.566601,22.615672],[120.566264,22.615664],[120.566261,22.615681],[120.566596,22.615689],[120.566791,22.615756],[120.566894,22.615874],[120.567289,22.617222],[120.567476,22.617462],[120.568246,22.618102]]]]}},{"type":"Feature","properties":{"n":"北門路","v":"恆春鎮","w":1.5,"c":1.5,"r":2},"geometry":{"type":"MultiPolygon","coordinates":[[[[118.754752,0.000199],[118.75565,0.000199],[118.75565,0.000199],[118.754752,0.000199]]]]}},{"type":"Feature","properties":{"n":"北門路","v":"恆春鎮","w":1.5,"c":1.5,"r":1},"geometry":{"type":"MultiPolygon","coordinates":[[[[120.747716,22.007162],[120.747693,22.007167],[120.747864,22.007731],[120.747882,22.007726],[120.747719,22.007162],[120.747716,22.007162]]]]}},{"type":"Feature","properties":{"n":"南世一路","v":"獅子鄉","w":1.5,"c":1.5,"r":1},"geometry":{"type":"MultiPolygon","coordinates":[[[[120.65035,22.310676],[120.650335,22.310667],[120.649499,22.311262],[120.649509,22.311281],[120.65035,22.310676]]]]}},{"type":"Feature","properties":{"n":"龍泉路","v":"恆春鎮","w":1,"c":1,"r":1},"geometry":{"type":"MultiPolygon","coordinates":[[[[120.730141,21.979107],[120.730121,21.979095],[120.729528,21.979479],[120.729543,21.979493],[120.730141,21.979107]]]]}},{"type":"Feature","properties":{"n":"龍泉路","v":"恆春鎮","w":1,"c":1,"r":1},"geometry":{"type":"MultiPolygon","coordinates":[[[[120.730451,21.979062],[120.730862,21.97879],[120.730864,21.978766],[120.730436,21.979048],[120.730451,21.979067],[120.730451,21.979062]]]]}},{"type":"Feature","properties":{"n":"中山路","v":"屏東市","w":3,"c":2.5,"r":3},"geometry":{"type":"MultiPolygon","coordinates":[[[[120.486436,22.67118],[120.486425,22.670895],[120.486321,22.67042],[120.486286,22.670408],[120.486393,22.670903],[120.486396,22.671178],[120.486436,22.67118]]]]}},{"type":"Feature","properties":{"n":"中山路","v":"屏東市","w":5,"c":4,"r":2},"geometry":{"type":"MultiPolygon","coordinates":[[[[120.486266,22.670207],[120.486271,22.67018],[120.486223,22.66994],[120.486084,22.669834],[120.485995,22.669705],[120.485915,22.669685],[120.485952,22.669774],[120.486033,22.669891],[120.486167,22.669975],[120.486212,22.67022],[120.486247,22.67022],[120.486266,22.670207]]]]}},{"type":"Feature","properties":{"n":"中山路","v":"屏東市","w":3,"c":2.5,"r":2},"geometry":{"type":"MultiPolygon","coordinates":[[[[120.486669,22.670918],[120.486559,22.670415],[120.486533,22.670447],[120.486635,22.670883],[120.486669,22.670918]]]]}},{"type":"Feature","properties":{"n":"中山路","v":"屏東市","w":5,"c":4,"r":2},"geometry":{"type":"MultiPolygon","coordinates":[[[[120.486574,22.670208],[120.486515,22.669904],[120.486558,22.669859],[120.486604,22.669778],[120.486625,22.669711],[120.486636,22.669597],[120.486587,22.669609],[120.486574,22.669632],[120.486563,22.669691],[120.486545,22.669755],[120.48652,22.669805],[120.486464,22.669896],[120.486512,22.670169],[120.486531,22.670191],[120.486574,22.670208]]]]}},{"type":"Feature","properties":{"n":"褒忠路","v":"萬巒鄉","w":1327.8,"c":1.5,"r":1},"geometry":{"type":"MultiPolygon","coordinates":[[[[120.574899,22.571486],[120.576465,22.571218],[120.576133,22.569346],[120.575285,22.569425],[120.575178,22.569326],[120.574545,22.569921],[120.573407,22.570555],[120.573697,22.571635],[120.574899,22.571486]]]]}},{"type":"Feature","properties":{"n":"建設街","v":"鹽埔鄉","w":2.7,"c":2.7,"r":2},"geometry":{"type":"MultiPolygon","coordinates":[[[[120.573565,22.753225],[120.571528,22.753817],[120.573539,22.753249],[120.573565,22.753225]]]]}},{"type":"Feature","properties":{"n":"勝利路","v":"鹽埔鄉","w":1.5,"c":1.5,"r":2},"geometry":{"type":"MultiPolygon","coordinates":[[[[120.577668,22.759117],[120.577656,22.759117],[120.576981,22.760525],[120.577668,22.759117]]]]}},{"type":"Feature","properties":{"n":"勝利路","v":"鹽埔鄉","w":1.5,"c":1.5,"r":1},"geometry":{"type":"MultiPolygon","coordinates":[[[[120.57795,22.759548],[120.577938,22.759548],[120.57786,22.759667],[120.57795,22.759548]]]]}},{"type":"Feature","properties":{"n":"勝利路","v":"鹽埔鄉","w":1.5,"c":1.5,"r":1},"geometry":{"type":"MultiPolygon","coordinates":[[[[120.577873,22.759667],[120.579121,22.76022],[120.577886,22.759667],[120.577873,22.759667]]]]}},{"type":"Feature","properties":{"n":"勝利路","v":"鹽埔鄉","w":1.5,"c":1.5,"r":1},"geometry":{"type":"MultiPolygon","coordinates":[[[[120.579114,22.76022],[120.579121,22.760214],[120.57936,22.759898],[120.579114,22.76022]]]]}},{"type":"Feature","properties":{"n":"民興路","v":"鹽埔鄉","w":1.5,"c":1.5,"r":2},"geometry":{"type":"MultiPolygon","coordinates":[[[[120.578618,22.754009],[120.578618,22.754015],[120.57938,22.753491],[120.578618,22.754009]]]]}},{"type":"Feature","properties":{"n":"民興路","v":"鹽埔鄉","w":1.5,"c":1.5,"r":4},"geometry":{"type":"MultiPolygon","coordinates":[[[[120.579446,22.753416],[120.579472,22.753416],[120.583551,22.750583],[120.579446,22.753416]]]]}},{"type":"Feature","properties":{"n":"光復路","v":"鹽埔鄉","w":1.5,"c":1.5,"r":2},"geometry":{"type":"MultiPolygon","coordinates":[[[[120.576004,22.751774],[120.57603,22.75175],[120.578385,22.748196],[120.576004,22.751774]]]]}},{"type":"Feature","properties":{"n":"建設街","v":"鹽埔鄉","w":1.5,"c":1.5,"r":1},"geometry":{"type":"MultiPolygon","coordinates":[[[[120.575585,22.751868],[120.575591,22.751868],[120.576004,22.751774],[120.575585,22.751868]]]]}},{"type":"Feature","properties":{"n":"建設街","v":"鹽埔鄉","w":1.5,"c":1.5,"r":6},"geometry":{"type":"MultiPolygon","coordinates":[[[[120.575463,22.75188],[120.575411,22.75188],[120.570667,22.75311],[120.575463,22.75188]]]]}},{"type":"Feature","properties":{"n":"民富路","v":"鹽埔鄉","w":2,"c":2,"r":4},"geometry":{"type":"MultiPolygon","coordinates":[[[[120.576659,22.752289],[120.576659,22.752301],[120.579237,22.751663],[120.579225,22.751555],[120.576659,22.752289]]]]}},{"type":"Feature","properties":{"n":"勝利路","v":"鹽埔鄉","w":8,"c":8,"r":1},"geometry":{"type":"MultiPolygon","coordinates":[[[[120.579108,22.760264],[120.579069,22.760264],[120.578616,22.760932],[120.578655,22.760944],[120.579108,22.760264]]]]}},{"type":"Feature","properties":{"n":"勝利路","v":"鹽埔鄉","w":1.5,"c":1.5,"r":6},"geometry":{"type":"MultiPolygon","coordinates":[[[[120.571566,22.753841],[120.573236,22.755279],[120.571541,22.753793],[120.571566,22.753841]]]]}},{"type":"Feature","properties":{"n":"勝利路","v":"鹽埔鄉","w":3,"c":3,"r":1},"geometry":{"type":"MultiPolygon","coordinates":[[[[120.572562,22.754698],[120.573348,22.754455],[120.572575,22.754692],[120.572562,22.754698]]]]}},{"type":"Feature","properties":{"n":"勝利路","v":"鹽埔鄉","w":3,"c":3,"r":1},"geometry":{"type":"MultiPolygon","coordinates":[[[[120.573336,22.754455],[120.573336,22.754449],[120.573144,22.754054],[120.573336,22.754455]]]]}},{"type":"Feature","properties":{"n":"力社路","v":"崁頂鄉","w":1,"c":1,"r":null},"geometry":{"type":"MultiPolygon","coordinates":[[[[120.509602,22.540636],[120.509596,22.540636],[120.509641,22.540642],[120.509451,22.539626],[120.509406,22.539625],[120.509602,22.540636]]]]}},{"type":"Feature","properties":{"n":"仁愛巷","v":"恆春鎮","w":1.5,"c":1,"r":null},"geometry":{"type":"MultiPolygon","coordinates":[[[[120.758226,21.968253],[120.757997,21.968539],[120.75801,21.968551],[120.758234,21.968265],[120.758223,21.968257],[120.758226,21.968253]]]]}},{"type":"Feature","properties":{"n":"福德路","v":"恆春鎮","w":1.5,"c":1.5,"r":4},"geometry":{"type":"MultiPolygon","coordinates":[[[[120.741805,22.003747],[120.741828,22.003761],[120.742077,22.003408],[120.742047,22.003393],[120.741805,22.003747]]]]}},{"type":"Feature","properties":{"n":"茄苳路","v":"恆春鎮","w":1,"c":1,"r":null},"geometry":{"type":"MultiPolygon","coordinates":[[[[120.717921,22.038622],[120.717947,22.038625],[120.71804,22.038211],[120.718048,22.038133],[120.71765,22.036841],[120.71706,22.035913],[120.716543,22.035518],[120.716533,22.03553],[120.717042,22.035928],[120.717247,22.036236],[120.717635,22.036856],[120.718014,22.038132],[120.718014,22.038197],[120.717921,22.038622]]]]}},{"type":"Feature","properties":{"n":"廣勝路","v":"屏東市","w":2.2,"c":1.5,"r":16},"geometry":{"type":"MultiPolygon","coordinates":[[[[120.471438,22.689155],[120.471435,22.689152],[120.471427,22.689181],[120.484085,22.689888],[120.484298,22.689915],[120.484404,22.689951],[120.485867,22.690582],[120.487047,22.691166],[120.487792,22.691484],[120.488713,22.691752],[120.488718,22.691735],[120.488677,22.6917],[120.487808,22.691455],[120.487376,22.691284],[120.486779,22.691005],[120.485913,22.69057],[120.484401,22.689922],[120.4843,22.689895],[120.484123,22.689869],[120.471438,22.689155]]]]}},{"type":"Feature","properties":{"n":"自由路西段","v":"屏東市","w":2,"c":1.5,"r":16},"geometry":{"type":"MultiPolygon","coordinates":[[[[120.485648,22.666341],[120.485607,22.666321],[120.478809,22.667178],[120.478785,22.667203],[120.485648,22.666341]]]]}},{"type":"Feature","properties":{"n":"成功路","v":"屏東市","w":1.5,"c":1,"r":6},"geometry":{"type":"MultiPolygon","coordinates":[[[[120.48631,22.675378],[120.486157,22.674971],[120.485167,22.674596],[120.485165,22.674615],[120.486136,22.674986],[120.486284,22.675385],[120.486305,22.675381],[120.48631,22.675378]]]]}},{"type":"Feature","properties":{"n":"和平路","v":"屏東市","w":3,"c":3,"r":10},"geometry":{"type":"MultiPolygon","coordinates":[[[[120.477646,22.678817],[120.477686,22.678812],[120.477715,22.678753],[120.477877,22.676532],[120.477853,22.676519],[120.477694,22.67876],[120.477646,22.678809],[120.477646,22.678817]]]]}},{"type":"Feature","properties":{"n":"機場北路","v":"屏東市","w":2,"c":2,"r":null},"geometry":{"type":"MultiPolygon","coordinates":[[[[120.475375,22.672276],[120.47538,22.67228],[120.47538,22.672334],[120.477227,22.672411],[120.477471,22.67252],[120.477663,22.672801],[120.477694,22.673094],[120.477603,22.675083],[120.477466,22.67556],[120.477078,22.675941],[120.476092,22.676279],[120.473521,22.676915],[120.472877,22.677104],[120.47267,22.677313],[120.472527,22.677695],[120.472585,22.677683],[120.472728,22.677343],[120.472896,22.677176],[120.473347,22.677016],[120.476105,22.676332],[120.477104,22.675995],[120.477511,22.675578],[120.477661,22.675083],[120.477751,22.673094],[120.477713,22.672755],[120.47747,22.67245],[120.477215,22.672354],[120.475375,22.672276]]]]}},{"type":"Feature","properties":{"n":"萬年溪自立路","v":"屏東市","w":2.4,"c":1.8,"r":27},"geometry":{"type":"MultiPolygon","coordinates":[[[[120.499114,22.676809],[120.498972,22.676362],[120.498828,22.676151],[120.498684,22.676053],[120.498474,22.675962],[120.498311,22.675925],[120.497977,22.675941],[120.497711,22.675959],[120.497611,22.675918],[120.49757,22.675885],[120.497542,22.675842],[120.497277,22.67493],[120.496712,22.673321],[120.496478,22.673019],[120.496268,22.672789],[120.49614,22.672623],[120.495862,22.671915],[120.494927,22.668941],[120.494678,22.668283],[120.49448,22.667948],[120.494275,22.667691],[120.4938,22.667259],[120.492221,22.666071],[120.491823,22.665837],[120.491469,22.665704],[120.491064,22.665673],[120.490426,22.665809],[120.488905,22.666264],[120.487778,22.666547],[120.487225,22.666456],[120.485586,22.665739],[120.483877,22.664969],[120.483498,22.664663],[120.483383,22.66452],[120.482739,22.662839],[120.482065,22.660674],[120.481695,22.6597],[120.481082,22.658389],[120.480693,22.657647],[120.480238,22.656983],[120.479758,22.656378],[120.479444,22.655887],[120.479272,22.65545],[120.479127,22.654727],[120.479052,22.654183],[120.478987,22.654201],[120.479227,22.655498],[120.479399,22.655941],[120.479706,22.656396],[120.480244,22.657066],[120.480641,22.657653],[120.481197,22.658742],[120.481682,22.659795],[120.482045,22.660764],[120.482694,22.662809],[120.482981,22.663587],[120.4833,22.664394],[120.483415,22.664657],[120.483928,22.665041],[120.485862,22.665908],[120.487167,22.666479],[120.487791,22.666595],[120.488957,22.666294],[120.490478,22.665833],[120.491051,22.665727],[120.491456,22.665746],[120.491784,22.665873],[120.492182,22.666089],[120.493357,22.666953],[120.493857,22.667385],[120.494204,22.667666],[120.494467,22.66799],[120.494659,22.668337],[120.494894,22.668995],[120.495843,22.671949],[120.496072,22.672559],[120.496117,22.672654],[120.496162,22.672726],[120.496469,22.673074],[120.496681,22.673349],[120.497178,22.674737],[120.497521,22.675902],[120.497611,22.67598],[120.49774,22.675999],[120.4983,22.675983],[120.498448,22.675995],[120.498628,22.676091],[120.498788,22.676187],[120.498916,22.676367],[120.499063,22.676839],[120.499101,22.676815],[120.499114,22.676809]]]]}},{"type":"Feature","properties":{"n":"萬年溪自由路","v":"屏東市","w":3,"c":3,"r":12},"geometry":{"type":"MultiPolygon","coordinates":[[[[120.483235,22.664828],[120.483227,22.664824],[120.483233,22.664884],[120.483528,22.665166],[120.483965,22.66537],[120.487081,22.666772],[120.487364,22.666839],[120.48786,22.66684],[120.488388,22.666734],[120.489013,22.666575],[120.490869,22.666025],[120.491262,22.666009],[120.491628,22.666082],[120.492142,22.666412],[120.493034,22.66709],[120.493824,22.667725],[120.494195,22.668127],[120.494559,22.669042],[120.495507,22.671954],[120.495769,22.672702],[120.495942,22.672917],[120.496448,22.673492],[120.497103,22.675561],[120.497108,22.675991],[120.497054,22.676708],[120.497112,22.676726],[120.497153,22.676176],[120.497173,22.675788],[120.497174,22.675531],[120.496538,22.673492],[120.496397,22.673307],[120.495987,22.672858],[120.495807,22.672654],[120.495553,22.671918],[120.49463,22.66906],[120.49426,22.668103],[120.493875,22.667696],[120.493073,22.667054],[120.492129,22.66634],[120.491628,22.666028],[120.491275,22.665955],[120.490863,22.66596],[120.490354,22.666119],[120.488472,22.666675],[120.487828,22.666804],[120.487365,22.666785],[120.48703,22.666682],[120.485797,22.666129],[120.483862,22.66528],[120.483524,22.665087],[120.483235,22.664828]]]]}},{"type":"Feature","properties":{"n":"台26省道","v":"車城鄉","w":1.65,"c":1.65,"r":null},"geometry":{"type":"MultiPolygon","coordinates":[[[[120.716064,22.087023],[120.71586,22.08621],[120.715191,22.083466],[120.715163,22.083459],[120.715448,22.084666],[120.715725,22.085768],[120.716025,22.087016],[120.716061,22.087021],[120.716064,22.087023]]]]}},{"type":"Feature","properties":{"n":"台26省道","v":"車城鄉","w":1.65,"c":1.65,"r":2},"geometry":{"type":"MultiPolygon","coordinates":[[[[120.713951,22.074634],[120.714037,22.074041],[120.714014,22.074022],[120.713923,22.074627],[120.713951,22.074631],[120.713951,22.074634]]]]}},{"type":"Feature","properties":{"n":"台26省道","v":"車城鄉","w":1.65,"c":1.65,"r":3},"geometry":{"type":"MultiPolygon","coordinates":[[[[120.714037,22.073998],[120.714063,22.073637],[120.714054,22.073119],[120.714039,22.073105],[120.714045,22.073633],[120.714021,22.073991],[120.714034,22.073998],[120.714037,22.073998]]]]}},{"type":"Feature","properties":{"n":"台26省道","v":"車城鄉","w":1.66,"c":1.65,"r":null},"geometry":{"type":"MultiPolygon","coordinates":[[[[120.717469,22.090273],[120.717476,22.090267],[120.717533,22.090255],[120.716385,22.087643],[120.716333,22.08766],[120.716346,22.087696],[120.717469,22.090273]]]]}},{"type":"Feature","properties":{"n":"里德大橋","v":"滿州鄉","w":2.5,"c":2.5,"r":2},"geometry":{"type":"MultiPolygon","coordinates":[[[[120.837204,22.013683],[120.837196,22.013714],[120.837727,22.013657],[120.837788,22.013839],[120.838107,22.014506],[120.838235,22.014702],[120.838519,22.015111],[120.83887,22.015544],[120.840004,22.016589],[120.840442,22.016943],[120.840872,22.017214],[120.841331,22.01746],[120.841966,22.017681],[120.842317,22.017789],[120.843111,22.01793],[120.843114,22.017907],[120.842993,22.017892],[120.84233,22.017767],[120.841976,22.017667],[120.841864,22.017623],[120.841341,22.017444],[120.841233,22.017379],[120.840906,22.017204],[120.840452,22.016915],[120.84006,22.016599],[120.839241,22.015836],[120.838875,22.015518],[120.838548,22.015087],[120.83844,22.01492],[120.838325,22.014757],[120.838133,22.014461],[120.837831,22.013875],[120.837745,22.013621],[120.837204,22.013683]]]]}},{"type":"Feature","properties":{"n":"華盛街","v":"屏東市","w":3.25,"c":3,"r":5},"geometry":{"type":"MultiPolygon","coordinates":[[[[120.478729,22.665357],[120.478753,22.665352],[120.47875,22.665249],[120.478888,22.662793],[120.478863,22.662789],[120.478727,22.665256],[120.478729,22.665357]]]]}},{"type":"Feature","properties":{"n":"華盛街","v":"屏東市","w":3.25,"c":3,"r":2},"geometry":{"type":"MultiPolygon","coordinates":[[[[120.478692,22.665359],[120.478692,22.665256],[120.478778,22.663871],[120.478747,22.663866],[120.478669,22.665247],[120.478674,22.665354],[120.47869,22.665357],[120.478692,22.665359]]]]}},{"type":"Feature","properties":{"n":"大憲街","v":"萬丹鄉","w":10,"c":10,"r":0},"geometry":{"type":"MultiPolygon","coordinates":[[[[120.487965,22.588005],[120.487818,22.588057],[120.487912,22.58832],[120.487598,22.588436],[120.487679,22.588699],[120.488148,22.588543],[120.487965,22.588005]]]]}},{"type":"Feature","properties":{"n":"師校巷.民教路","v":"屏東市","w":4,"c":3.4,"r":2},"geometry":{"type":"MultiPolygon","coordinates":[[[[120.498554,22.669709],[120.500402,22.669172],[120.500053,22.66806],[120.500027,22.668074],[120.500366,22.66916],[120.498543,22.669687],[120.498554,22.669711],[120.498554,22.669709]]]]}},{"type":"Feature","properties":{"n":"清寧街","v":"屏東市","w":3.5,"c":3.5,"r":3},"geometry":{"type":"MultiPolygon","coordinates":[[[[120.471874,22.659689],[120.471749,22.660028],[120.471801,22.660038],[120.47211,22.659795],[120.472314,22.659849],[120.472287,22.660097],[120.471708,22.660057],[120.471705,22.660081],[120.472323,22.660121],[120.472345,22.659825],[120.472162,22.659743],[120.471874,22.659689]]]]}},{"type":"Feature","properties":{"n":"大武路237巷","v":"屏東市","w":3.5,"c":3.5,"r":4},"geometry":{"type":"MultiPolygon","coordinates":[[[[120.472543,22.659426],[120.472646,22.659539],[120.473073,22.659554],[120.473084,22.65933],[120.47267,22.659309],[120.472564,22.659397],[120.47259,22.659412],[120.472683,22.659333],[120.473056,22.659354],[120.473037,22.65953],[120.472664,22.65952],[120.472569,22.659416],[120.472546,22.659428],[120.472543,22.659426]]]]}},{"type":"Feature","properties":{"n":"大武路237巷","v":"屏東市","w":3.5,"c":3.5,"r":2},"geometry":{"type":"MultiPolygon","coordinates":[[[[120.472195,22.659731],[120.472362,22.659803],[120.472612,22.659562],[120.472515,22.65945],[120.472239,22.659697],[120.472259,22.659712],[120.472507,22.659483],[120.472581,22.659567],[120.472357,22.659779],[120.472215,22.659709],[120.472197,22.659731],[120.472195,22.659731]]]]}},{"type":"Feature","properties":{"n":"恆公路","v":"恆春鎮","w":2.5,"c":2.5,"r":21},"geometry":{"type":"MultiPolygon","coordinates":[[[[120.739794,22.002669],[120.739829,22.001534],[120.739958,22.000775],[120.740087,22.000387],[120.745193,21.992826],[120.747304,21.990917],[120.747644,21.990518],[120.747767,21.990129],[120.747703,21.990105],[120.747606,21.99047],[120.747259,21.990905],[120.745161,21.992784],[120.740029,22.000321],[120.739894,22.000709],[120.739739,22.00145],[120.739744,22.002673],[120.739791,22.002666],[120.739794,22.002669]]]]}},{"type":"Feature","properties":{"n":"博愛路","v":"東港鎮","w":3.1,"c":3,"r":4},"geometry":{"type":"MultiPolygon","coordinates":[[[[120.449209,22.469388],[120.450307,22.470032],[120.451613,22.470553],[120.451796,22.470613],[120.45196,22.470652],[120.451963,22.470638],[120.451809,22.470601],[120.450317,22.470013],[120.449227,22.469372],[120.449211,22.469388],[120.449209,22.469388]]]]}},{"type":"Feature","properties":{"n":"大成路","v":"東港鎮","w":1.5,"c":1.5,"r":null},"geometry":{"type":"MultiPolygon","coordinates":[[[[120.457726,22.461947],[120.456609,22.462292],[120.456619,22.462318],[120.457731,22.461971],[120.457728,22.461945],[120.457726,22.461947]]]]}},{"type":"Feature","properties":{"n":"大成路","v":"東港鎮","w":1.5,"c":1.5,"r":null},"geometry":{"type":"MultiPolygon","coordinates":[[[[120.457718,22.461918],[120.45771,22.461918],[120.457713,22.461902],[120.456596,22.462256],[120.456604,22.462271],[120.457718,22.461918]]]]}},{"type":"Feature","properties":{"n":"田中路","v":"車城鄉","w":6,"c":6,"r":null},"geometry":{"type":"MultiPolygon","coordinates":[[[[120.713778,22.076724],[120.714875,22.077048],[120.714972,22.077108],[120.71492,22.077531],[120.71484,22.07765],[120.714435,22.078044],[120.714079,22.078911],[120.714058,22.079013],[120.714081,22.079061],[120.714102,22.078937],[120.71446,22.078061],[120.714858,22.077674],[120.714943,22.07755],[120.715003,22.077098],[120.714893,22.077029],[120.713783,22.076702],[120.713778,22.076724]]]]}},{"type":"Feature","properties":{"n":"文化路3","v":"潮州鎮","w":7,"c":7,"r":2},"geometry":{"type":"MultiPolygon","coordinates":[[[[120.543074,22.555435],[120.5431,22.555428],[120.54298,22.554943],[120.542957,22.554947],[120.543074,22.555435]]]]}},{"type":"Feature","properties":{"n":"文化路4","v":"潮州鎮","w":7,"c":7,"r":2},"geometry":{"type":"MultiPolygon","coordinates":[[[[120.543046,22.55544],[120.542926,22.55495],[120.542895,22.554954],[120.54302,22.555449],[120.543043,22.55544],[120.543046,22.55544]]]]}},{"type":"Feature","properties":{"n":"振昇路160巷(潮獅兒童公園)","v":"潮州鎮","w":4,"c":2,"r":2},"geometry":{"type":"MultiPolygon","coordinates":[[[[120.542578,22.55832],[120.542487,22.557957],[120.542458,22.557966],[120.54255,22.558322],[120.542575,22.558318],[120.542578,22.55832]]]]}},{"type":"Feature","properties":{"n":"大連路","v":"屏東市","w":3.8,"c":2.8,"r":3},"geometry":{"type":"MultiPolygon","coordinates":[[[[120.499397,22.6802],[120.497815,22.679232],[120.497797,22.679254],[120.499384,22.680219],[120.499397,22.680203],[120.499397,22.6802]]]]}},{"type":"Feature","properties":{"n":"仁愛路","v":"屏東市","w":2.5,"c":1.7,"r":6},"geometry":{"type":"MultiPolygon","coordinates":[[[[120.497184,22.682284],[120.497182,22.682286],[120.497208,22.682265],[120.496697,22.681673],[120.495867,22.680559],[120.495849,22.680571],[120.496677,22.681695],[120.497184,22.682284]]]]}},{"type":"Feature","properties":{"n":"蘇州街","v":"屏東市","w":2.8,"c":2,"r":6},"geometry":{"type":"MultiPolygon","coordinates":[[[[120.488658,22.673875],[120.488243,22.672435],[120.487609,22.672173],[120.487601,22.67219],[120.488231,22.672448],[120.488635,22.673885],[120.488661,22.673875],[120.488658,22.673875]]]]}},{"type":"Feature","properties":{"n":"上海路","v":"屏東市","w":1.5,"c":1.2,"r":6},"geometry":{"type":"MultiPolygon","coordinates":[[[[120.48699,22.673568],[120.486993,22.673565],[120.487013,22.673589],[120.487626,22.672201],[120.487603,22.672189],[120.487598,22.6722],[120.48699,22.673568]]]]}},{"type":"Feature","properties":{"n":"信義路","v":"屏東市","w":2.5,"c":2.1,"r":4},"geometry":{"type":"MultiPolygon","coordinates":[[[[120.487013,22.673589],[120.487673,22.674167],[120.487696,22.67416],[120.487026,22.673568],[120.487011,22.673592],[120.487013,22.673589]]]]}},{"type":"Feature","properties":{"n":"林森路","v":"屏東市","w":1.5,"c":1.5,"r":2},"geometry":{"type":"MultiPolygon","coordinates":[[[[120.488627,22.673886],[120.488622,22.673864],[120.488052,22.674039],[120.487681,22.674141],[120.487696,22.674158],[120.488047,22.674063],[120.488627,22.673886]]]]}},{"type":"Feature","properties":{"n":"仁里路1","v":"南州鄉","w":1.25,"c":1.25,"r":null},"geometry":{"type":"MultiPolygon","coordinates":[[[[120.5115,22.492032],[120.510549,22.490999],[120.510529,22.491011],[120.511505,22.492063],[120.5115,22.492029],[120.5115,22.492032]]]]}},{"type":"Feature","properties":{"n":"仁里路2","v":"南州鄉","w":1.25,"c":1.25,"r":null},"geometry":{"type":"MultiPolygon","coordinates":[[[[120.51152,22.492013],[120.511549,22.492015],[120.51058,22.490968],[120.510562,22.490985],[120.51152,22.492013]]]]}},{"type":"Feature","properties":{"n":"仁里路3","v":"南州鄉","w":1.25,"c":1.25,"r":null},"geometry":{"type":"MultiPolygon","coordinates":[[[[120.510538,22.490965],[120.510535,22.490961],[120.510564,22.490954],[120.510405,22.490769],[120.509875,22.490118],[120.509803,22.490017],[120.50977,22.490017],[120.509852,22.490129],[120.510274,22.490649],[120.510538,22.490965]]]]}},{"type":"Feature","properties":{"n":"仁里路4","v":"南州鄉","w":1.25,"c":1.25,"r":null},"geometry":{"type":"MultiPolygon","coordinates":[[[[120.510525,22.490985],[120.510266,22.490695],[120.510241,22.490697],[120.510515,22.490992],[120.510528,22.490985],[120.510525,22.490985]]]]}},{"type":"Feature","properties":{"n":"仁里路5","v":"南州鄉","w":1.25,"c":1.25,"r":null},"geometry":{"type":"MultiPolygon","coordinates":[[[[120.510248,22.490674],[120.509734,22.490018],[120.509726,22.490035],[120.510225,22.490674],[120.510246,22.490674],[120.510248,22.490674]]]]}},{"type":"Feature","properties":{"n":"人和路","v":"南州鄉","w":1,"c":1,"r":null},"geometry":{"type":"MultiPolygon","coordinates":[[[[120.506239,22.489318],[120.506686,22.489217],[120.506869,22.4892],[120.507738,22.489203],[120.507736,22.489177],[120.506854,22.489177],[120.506681,22.489197],[120.506213,22.489296],[120.506241,22.48932],[120.506239,22.489318]]]]}},{"type":"Feature","properties":{"n":"人和路1","v":"南州鄉","w":1,"c":1,"r":null},"geometry":{"type":"MultiPolygon","coordinates":[[[[120.507757,22.489213],[120.509254,22.489083],[120.50927,22.489064],[120.507757,22.489189],[120.50776,22.48921],[120.507757,22.489213]]]]}},{"type":"Feature","properties":{"n":"人和路2","v":"南州鄉","w":1,"c":1,"r":null},"geometry":{"type":"MultiPolygon","coordinates":[[[[120.509293,22.489087],[120.510455,22.489095],[120.510442,22.489079],[120.509301,22.489068],[120.50929,22.489087],[120.509293,22.489087]]]]}},{"type":"Feature","properties":{"n":"人和路3","v":"南州鄉","w":1,"c":1,"r":null},"geometry":{"type":"MultiPolygon","coordinates":[[[[120.510483,22.489099],[120.511527,22.489098],[120.51152,22.489076],[120.510465,22.489082],[120.510483,22.489102],[120.510483,22.489099]]]]}},{"type":"Feature","properties":{"n":"南興路1","v":"滿州鄉","w":1.8,"c":1.8,"r":2},"geometry":{"type":"MultiPolygon","coordinates":[[[[120.839231,22.021031],[120.840039,22.020437],[120.840018,22.020413],[120.83921,22.021009],[120.839231,22.021028],[120.839231,22.021031]]]]}},{"type":"Feature","properties":{"n":"南興路2","v":"滿州鄉","w":1.8,"c":1.8,"r":2},"geometry":{"type":"MultiPolygon","coordinates":[[[[120.84006,22.020423],[120.840561,22.020068],[120.840889,22.019934],[120.840879,22.019913],[120.840543,22.020056],[120.840053,22.020407],[120.840063,22.020421],[120.84006,22.020423]]]]}},{"type":"Feature","properties":{"n":"中興路1","v":"滿州鄉","w":1.8,"c":1.6,"r":2},"geometry":{"type":"MultiPolygon","coordinates":[[[[120.838476,22.022138],[120.83926,22.021938],[120.839299,22.02195],[120.839289,22.021909],[120.83926,22.021911],[120.838476,22.022116],[120.838476,22.022138]]]]}},{"type":"Feature","properties":{"n":"中興路2","v":"滿州鄉","w":1.8,"c":1.6,"r":2},"geometry":{"type":"MultiPolygon","coordinates":[[[[120.839355,22.02195],[120.84118,22.02183],[120.84118,22.021803],[120.839353,22.021928],[120.839355,22.02195]]]]}},{"type":"Feature","properties":{"n":"華光路","v":"高樹鄉","w":1.8,"c":1.8,"r":7},"geometry":{"type":"MultiPolygon","coordinates":[[[[120.598404,22.825816],[120.598407,22.825835],[120.599435,22.82574],[120.599497,22.825984],[120.600119,22.827328],[120.600135,22.827321],[120.599517,22.825972],[120.599451,22.825716],[120.598404,22.825816]]]]}},{"type":"Feature","properties":{"n":"建興南路42巷","v":"屏東市","w":2,"c":2,"r":8},"geometry":{"type":"MultiPolygon","coordinates":[[[[120.487126,22.659104],[120.486168,22.659294],[120.485821,22.659318],[120.485747,22.659318],[120.485433,22.659207],[120.484919,22.658983],[120.484919,22.659009],[120.48542,22.659224],[120.485744,22.659339],[120.486174,22.659319],[120.48713,22.659121],[120.487127,22.659107],[120.487126,22.659104]]]]}},{"type":"Feature","properties":{"n":"復興路","v":"屏東市","w":2,"c":2,"r":3},"geometry":{"type":"MultiPolygon","coordinates":[[[[120.487261,22.659774],[120.48713,22.659121],[120.487099,22.659129],[120.487238,22.659779],[120.487259,22.659774],[120.487261,22.659774]]]]}},{"type":"Feature","properties":{"n":"復興路","v":"屏東市","w":2,"c":2,"r":4},"geometry":{"type":"MultiPolygon","coordinates":[[[[120.487118,22.659082],[120.486835,22.657731],[120.486812,22.657731],[120.487098,22.659089],[120.487116,22.659084],[120.487118,22.659082]]]]}},{"type":"Feature","properties":{"n":"隆山路","v":"枋寮鄉","w":1.25,"c":1.25,"r":6},"geometry":{"type":"MultiPolygon","coordinates":[[[[120.602677,22.366605],[120.602672,22.366624],[120.603229,22.366952],[120.603468,22.366991],[120.6066,22.366863],[120.607923,22.366976],[120.607928,22.366957],[120.606602,22.366846],[120.60347,22.366965],[120.603234,22.366931],[120.602677,22.366605]]]]}},{"type":"Feature","properties":{"n":"隆山路","v":"枋寮鄉","w":1.25,"c":1.25,"r":6},"geometry":{"type":"MultiPolygon","coordinates":[[[[120.602676,22.366569],[120.603253,22.366902],[120.603461,22.366932],[120.606617,22.366813],[120.607924,22.366928],[120.607924,22.366911],[120.606622,22.366793],[120.603459,22.366912],[120.603269,22.366886],[120.602684,22.36655],[120.602679,22.366569],[120.602676,22.366569]]]]}},{"type":"Feature","properties":{"n":"玉田路.永樂路.仁和路","v":"里港鄉","w":1.7,"c":1.7,"r":null},"geometry":{"type":"MultiPolygon","coordinates":[[[[120.490346,22.776171],[120.490349,22.776195],[120.492404,22.77703],[120.492976,22.777221],[120.49328,22.777236],[120.494422,22.777101],[120.494422,22.777082],[120.493277,22.777217],[120.493228,22.777217],[120.492973,22.777199],[120.492492,22.777038],[120.492397,22.777002],[120.490346,22.776171]]]]}},{"type":"Feature","properties":{"n":"玉田路.永樂路.仁和路","v":"里港鄉","w":1.7,"c":1.7,"r":null},"geometry":{"type":"MultiPolygon","coordinates":[[[[120.490362,22.776145],[120.492454,22.776983],[120.492999,22.777164],[120.493241,22.777181],[120.494419,22.777046],[120.494417,22.77703],[120.493234,22.77716],[120.492999,22.777145],[120.492441,22.776956],[120.490372,22.776123],[120.490359,22.776147],[120.490362,22.776145]]]]}},{"type":"Feature","properties":{"n":"永春路","v":"里港鄉","w":1.7,"c":1.7,"r":null},"geometry":{"type":"MultiPolygon","coordinates":[[[[120.49445,22.777],[120.494456,22.777002],[120.494455,22.777021],[120.495323,22.777268],[120.496275,22.777589],[120.496592,22.777676],[120.497521,22.777865],[120.497725,22.777885],[120.497725,22.777873],[120.497712,22.777866],[120.497526,22.777848],[120.496582,22.777645],[120.496286,22.77757],[120.495385,22.777258],[120.49445,22.777]]]]}},{"type":"Feature","properties":{"n":"永春路","v":"里港鄉","w":1.7,"c":1.7,"r":null},"geometry":{"type":"MultiPolygon","coordinates":[[[[120.494445,22.776974],[120.495388,22.777225],[120.496286,22.777522],[120.496577,22.777609],[120.497532,22.777815],[120.497673,22.777832],[120.497643,22.777813],[120.497529,22.777796],[120.496582,22.777587],[120.49538,22.777196],[120.494448,22.77695],[120.494448,22.776974],[120.494445,22.776974]]]]}},{"type":"Feature","properties":{"n":"義仁路","v":"新園鄉","w":1.35,"c":1.35,"r":null},"geometry":{"type":"MultiPolygon","coordinates":[[[[120.438528,22.488406],[120.438272,22.488137],[120.438023,22.4877],[120.437947,22.48724],[120.438001,22.485077],[120.437937,22.485077],[120.43789,22.487251],[120.437971,22.487718],[120.438214,22.488154],[120.438502,22.488436],[120.438534,22.488401],[120.438528,22.488406]]]]}},{"type":"Feature","properties":{"n":"義仁路","v":"新園鄉","w":1.35,"c":1.35,"r":null},"geometry":{"type":"MultiPolygon","coordinates":[[[[120.438006,22.485052],[120.438036,22.484097],[120.437964,22.484118],[120.437934,22.485052],[120.438006,22.485052]]]]}},{"type":"Feature","properties":{"n":"義仁路","v":"新園鄉","w":1.35,"c":1.35,"r":null},"geometry":{"type":"MultiPolygon","coordinates":[[[[120.438044,22.484076],[120.438127,22.482459],[120.438196,22.480798],[120.438204,22.480516],[120.438206,22.480127],[120.43823,22.479329],[120.438173,22.479329],[120.438137,22.481274],[120.43807,22.482611],[120.437984,22.484083],[120.438041,22.484074],[120.438044,22.484076]]]]}},{"type":"Feature","properties":{"n":"義仁路","v":"新園鄉","w":1.35,"c":1.35,"r":null},"geometry":{"type":"MultiPolygon","coordinates":[[[[120.438233,22.47931],[120.438289,22.478015],[120.437891,22.475939],[120.437916,22.475638],[120.438022,22.475354],[120.437984,22.47535],[120.437864,22.475624],[120.43785,22.475934],[120.438233,22.478007],[120.438176,22.47931],[120.438233,22.479307],[120.438233,22.47931]]]]}},{"type":"Feature","properties":{"n":"恆南路四巷","v":"恆春鎮","w":2.45,"c":2,"r":20},"geometry":{"type":"MultiPolygon","coordinates":[[[[120.750849,22.004276],[120.750849,22.004271],[120.750844,22.004281],[120.750882,22.004305],[120.750955,22.003858],[120.750953,22.003548],[120.7509,22.003153],[120.750813,22.002826],[120.750711,22.002536],[120.750448,22.002123],[120.750095,22.001661],[120.749239,22.000455],[120.748919,22.000079],[120.748709,21.999897],[120.748502,21.999768],[120.748123,21.999581],[120.748095,21.999605],[120.748474,21.99979],[120.748673,21.999919],[120.748886,22.000096],[120.749164,22.000436],[120.749988,22.001575],[120.750409,22.002139],[120.750644,22.002543],[120.75078,22.002842],[120.750853,22.003179],[120.750907,22.003564],[120.750911,22.003846],[120.750849,22.004276]]]]}},{"type":"Feature","properties":{"n":"恆南路四巷2","v":"恆春鎮","w":2.45,"c":2,"r":20},"geometry":{"type":"MultiPolygon","coordinates":[[[[120.750818,22.004275],[120.750873,22.003859],[120.750871,22.003563],[120.750813,22.003137],[120.750734,22.002846],[120.750583,22.002525],[120.750376,22.002157],[120.749673,22.001212],[120.749187,22.000535],[120.748855,22.000112],[120.748632,21.999934],[120.748446,21.999812],[120.748164,21.999673],[120.744605,21.998165],[120.744597,21.998186],[120.748136,21.999692],[120.748387,21.999824],[120.748824,22.000138],[120.749149,22.000554],[120.750036,22.001779],[120.750338,22.002171],[120.750562,22.002573],[120.750693,22.002855],[120.750769,22.003159],[120.75083,22.00357],[120.750829,22.003866],[120.750772,22.004258],[120.750818,22.004273],[120.750818,22.004275]]]]}},{"type":"Feature","properties":{"n":"忠孝街70巷","v":"九如鄉","w":1.8,"c":1.8,"r":null},"geometry":{"type":"MultiPolygon","coordinates":[[[[120.486194,22.728818],[120.486192,22.728842],[120.486261,22.728844],[120.486271,22.729671],[120.486417,22.730465],[120.486435,22.730462],[120.486342,22.729948],[120.486297,22.729666],[120.486282,22.728818],[120.486194,22.728818]]]]}},{"type":"Feature","properties":{"n":"人和路","v":"南州鄉","w":1.5,"c":1.5,"r":3},"geometry":{"type":"MultiPolygon","coordinates":[[[[120.506173,22.489267],[120.50617,22.489264],[120.506188,22.48925],[120.50472,22.487905],[120.504704,22.487917],[120.506173,22.489267]]]]}},{"type":"Feature","properties":{"n":"仁里路","v":"南州鄉","w":2.5,"c":1.55,"r":2},"geometry":{"type":"MultiPolygon","coordinates":[[[[120.510409,22.495217],[120.509905,22.495228],[120.50982,22.495239],[120.509822,22.495268],[120.509917,22.495254],[120.510411,22.495246],[120.510409,22.49522],[120.510409,22.495217]]]]}},{"type":"Feature","properties":{"n":"仁里路","v":"南州鄉","w":2.5,"c":1.55,"r":4},"geometry":{"type":"MultiPolygon","coordinates":[[[[120.510437,22.495213],[120.510442,22.495213],[120.510434,22.495239],[120.511149,22.495212],[120.511306,22.495182],[120.511386,22.495153],[120.51152,22.495094],[120.51159,22.495046],[120.511566,22.495027],[120.511497,22.495075],[120.511371,22.495137],[120.511309,22.495158],[120.511152,22.495189],[120.510437,22.495213]]]]}},{"type":"Feature","properties":{"n":"仁里路","v":"南州鄉","w":2.5,"c":1.55,"r":2},"geometry":{"type":"MultiPolygon","coordinates":[[[[120.511579,22.495008],[120.511577,22.495006],[120.51159,22.495027],[120.51168,22.494954],[120.511755,22.494844],[120.511809,22.494665],[120.511786,22.494665],[120.511727,22.494839],[120.511657,22.494942],[120.511579,22.495008]]]]}},{"type":"Feature","properties":{"n":"仁里路","v":"南州鄉","w":2.5,"c":1.55,"r":10},"geometry":{"type":"MultiPolygon","coordinates":[[[[120.511789,22.494638],[120.511817,22.494638],[120.511797,22.49443],[120.511553,22.492035],[120.51153,22.492035],[120.511727,22.493978],[120.511789,22.494638]]]]}},{"type":"Feature","properties":{"n":"仁里路","v":"南州鄉","w":2.5,"c":1.55,"r":9},"geometry":{"type":"MultiPolygon","coordinates":[[[[120.509819,22.495218],[120.509899,22.495204],[120.511131,22.495157],[120.511298,22.495127],[120.51144,22.495067],[120.511538,22.495005],[120.511615,22.494934],[120.511703,22.49482],[120.511752,22.494669],[120.511722,22.494669],[120.51168,22.494812],[120.511595,22.494922],[120.511525,22.494984],[120.51143,22.495048],[120.511293,22.495107],[120.511129,22.495133],[120.510437,22.495157],[120.509904,22.495182],[120.509817,22.495198],[120.509819,22.495218]]]]}},{"type":"Feature","properties":{"n":"仁里路","v":"南州鄉","w":2.5,"c":1.55,"r":2},"geometry":{"type":"MultiPolygon","coordinates":[[[[120.511753,22.49464],[120.511738,22.494423],[120.511715,22.494428],[120.511729,22.494643],[120.511753,22.494643],[120.511753,22.49464]]]]}},{"type":"Feature","properties":{"n":"仁里路","v":"南州鄉","w":2.5,"c":1.55,"r":2},"geometry":{"type":"MultiPolygon","coordinates":[[[[120.51173,22.494405],[120.511698,22.494035],[120.511665,22.494034],[120.511707,22.49441],[120.511728,22.494407],[120.51173,22.494405]]]]}},{"type":"Feature","properties":{"n":"仁里路","v":"南州鄉","w":2.5,"c":1.55,"r":2},"geometry":{"type":"MultiPolygon","coordinates":[[[[120.511692,22.494011],[120.511664,22.493724],[120.511626,22.493726],[120.511658,22.494013],[120.511689,22.494011],[120.511692,22.494011]]]]}},{"type":"Feature","properties":{"n":"仁里路","v":"南州鄉","w":2.5,"c":1.55,"r":2},"geometry":{"type":"MultiPolygon","coordinates":[[[[120.511657,22.493698],[120.51163,22.493427],[120.511591,22.49343],[120.511623,22.4937],[120.511654,22.493695],[120.511657,22.493698]]]]}},{"type":"Feature","properties":{"n":"仁里路","v":"南州鄉","w":2.5,"c":1.55,"r":2},"geometry":{"type":"MultiPolygon","coordinates":[[[[120.511627,22.493408],[120.511602,22.49311],[120.511561,22.493109],[120.511596,22.493415],[120.511624,22.493408],[120.511627,22.493408]]]]}},{"type":"Feature","properties":{"n":"仁里路","v":"南州鄉","w":2.5,"c":1.55,"r":4},"geometry":{"type":"MultiPolygon","coordinates":[[[[120.5116,22.493083],[120.511528,22.492359],[120.511497,22.492361],[120.511566,22.49309],[120.511602,22.493086],[120.5116,22.493076],[120.5116,22.493083]]]]}},{"type":"Feature","properties":{"n":"仁里路","v":"南州鄉","w":2.5,"c":1.55,"r":2},"geometry":{"type":"MultiPolygon","coordinates":[[[[120.511525,22.49234],[120.511498,22.49206],[120.511467,22.492063],[120.511494,22.492345],[120.511528,22.492342],[120.511525,22.49234]]]]}},{"type":"Feature","properties":{"n":"東寧街140巷","v":"九如鄉","w":1.5,"c":1.5,"r":null},"geometry":{"type":"MultiPolygon","coordinates":[[[[120.493962,22.735762],[120.49301,22.734777],[120.492158,22.733926],[120.492142,22.733943],[120.493066,22.734863],[120.493482,22.735307],[120.493946,22.735779],[120.493959,22.735765],[120.493962,22.735762]]]]}},{"type":"Feature","properties":{"n":"東寧街177巷","v":"九如鄉","w":1.5,"c":1.5,"r":null},"geometry":{"type":"MultiPolygon","coordinates":[[[[120.492086,22.733765],[120.491953,22.733685],[120.491611,22.733319],[120.491345,22.733022],[120.491211,22.732863],[120.490805,22.732019],[120.4908,22.731997],[120.490779,22.732],[120.490787,22.732031],[120.49119,22.732878],[120.491352,22.733086],[120.491927,22.733702],[120.492048,22.733769],[120.492084,22.733765],[120.492086,22.733765]]]]}},{"type":"Feature","properties":{"n":"富仁街","v":"九如鄉","w":1.5,"c":1.5,"r":null},"geometry":{"type":"MultiPolygon","coordinates":[[[[120.495676,22.734543],[120.495709,22.734553],[120.49619,22.733457],[120.496234,22.733424],[120.496295,22.73342],[120.497773,22.733718],[120.498154,22.735191],[120.498182,22.735198],[120.497796,22.733697],[120.496295,22.733398],[120.496223,22.733398],[120.496166,22.733445],[120.495676,22.734543]]]]}},{"type":"Feature","properties":{"n":"東富街","v":"九如鄉","w":1.5,"c":1.5,"r":null},"geometry":{"type":"MultiPolygon","coordinates":[[[[120.494854,22.736294],[120.494813,22.735568],[120.494782,22.73557],[120.494826,22.736297],[120.494856,22.736294],[120.494854,22.736294]]]]}},{"type":"Feature","properties":{"n":"獅子國中前","v":"獅子鄉","w":4,"c":4,"r":null},"geometry":{"type":"MultiPolygon","coordinates":[[[[120.701347,22.204504],[120.701109,22.204396],[120.700804,22.204068],[120.70076,22.204104],[120.701068,22.204413],[120.701342,22.204545],[120.701347,22.204506],[120.701347,22.204504]]]]}},{"type":"Feature","properties":{"n":"新中路","v":"新埤鄉","w":3,"c":2.3,"r":10},"geometry":{"type":"MultiPolygon","coordinates":[[[[120.549348,22.466704],[120.549315,22.466698],[120.549282,22.466937],[120.549205,22.467193],[120.549101,22.467462],[120.548751,22.468285],[120.548064,22.470028],[120.548103,22.47004],[120.548757,22.468399],[120.549243,22.467241],[120.549314,22.466973],[120.549348,22.466704]]]]}},{"type":"Feature","properties":{"n":"新中路","v":"新埤鄉","w":2.2,"c":1.4,"r":6},"geometry":{"type":"MultiPolygon","coordinates":[[[[120.549345,22.466523],[120.549987,22.462659],[120.549955,22.46266],[120.549321,22.466496],[120.549342,22.466522],[120.549345,22.466523]]]]}},{"type":"Feature","properties":{"n":"仕正路(屏24線)","v":"鹽埔鄉","w":1.5,"c":1.5,"r":6},"geometry":{"type":"MultiPolygon","coordinates":[[[[120.540746,22.759307],[120.545451,22.759791],[120.545488,22.759746],[120.540754,22.759254],[120.540746,22.759307]]]]}},{"type":"Feature","properties":{"n":"華光路","v":"高樹鄉","w":1.5,"c":1.5,"r":10},"geometry":{"type":"MultiPolygon","coordinates":[[[[120.59471,22.825644],[120.592822,22.825379],[120.591055,22.826536],[120.591076,22.826555],[120.592832,22.825403],[120.594705,22.825668],[120.59471,22.825644]]]]}},{"type":"Feature","properties":{"n":"信義路","v":"高樹鄉","w":1.2,"c":1.2,"r":null},"geometry":{"type":"MultiPolygon","coordinates":[[[[120.599331,22.823506],[120.5985,22.823939],[120.598271,22.824371],[120.59789,22.825196],[120.59779,22.825834],[120.597814,22.825834],[120.597913,22.825196],[120.598515,22.823955],[120.599346,22.82353],[120.599331,22.823506]]]]}},{"type":"Feature","properties":{"n":"文山路、中興路","v":"內埔鄉","w":3.9,"c":3.9,"r":8},"geometry":{"type":"MultiPolygon","coordinates":[[[[120.570288,22.607825],[120.570254,22.607808],[120.569051,22.608933],[120.567847,22.608793],[120.567813,22.607427],[120.567782,22.607429],[120.567786,22.607442],[120.56782,22.608828],[120.569062,22.608963],[120.570288,22.607825]]]]}},{"type":"Feature","properties":{"n":"勝利路","v":"屏東市","w":6.1,"c":2.6,"r":4},"geometry":{"type":"MultiPolygon","coordinates":[[[[120.487493,22.679487],[120.48749,22.679461],[120.484777,22.679283],[120.484774,22.679311],[120.487493,22.679487]]]]}},{"type":"Feature","properties":{"n":"中山路","v":"屏東市","w":6.3,"c":2.3,"r":2},"geometry":{"type":"MultiPolygon","coordinates":[[[[120.484593,22.679241],[120.484625,22.679226],[120.484649,22.679206],[120.484654,22.679189],[120.484697,22.67854],[120.484692,22.678528],[120.484678,22.67852],[120.484668,22.678506],[120.484644,22.678503],[120.484593,22.679241]]]]}},{"type":"Feature","properties":{"n":"青島街","v":"屏東市","w":2.5,"c":2.5,"r":4},"geometry":{"type":"MultiPolygon","coordinates":[[[[120.484751,22.678451],[120.482975,22.678342],[120.482975,22.678376],[120.484751,22.678482],[120.484751,22.678451]]]]}},{"type":"Feature","properties":{"n":"青島街","v":"屏東市","w":2.5,"c":2.5,"r":4},"geometry":{"type":"MultiPolygon","coordinates":[[[[120.484804,22.678429],[120.484801,22.6784],[120.482979,22.678282],[120.482973,22.678311],[120.484804,22.678429]]]]}},{"type":"Feature","properties":{"n":"中山路","v":"屏東市","w":6.3,"c":2.3,"r":3},"geometry":{"type":"MultiPolygon","coordinates":[[[[120.484675,22.678361],[120.484694,22.678359],[120.484713,22.678322],[120.484747,22.677693],[120.484723,22.677656],[120.484675,22.678361]]]]}},{"type":"Feature","properties":{"n":"勝利路","v":"屏東市","w":3.3,"c":1.95,"r":11},"geometry":{"type":"MultiPolygon","coordinates":[[[[120.477796,22.67891],[120.477798,22.678846],[120.472611,22.678518],[120.472611,22.67856],[120.477796,22.67891]]]]}},{"type":"Feature","properties":{"n":"勝利路","v":"屏東市","w":4,"c":2,"r":5},"geometry":{"type":"MultiPolygon","coordinates":[[[[120.4847,22.67931],[120.484705,22.679276],[120.482911,22.679173],[120.482908,22.679206],[120.4847,22.67931]]]]}},{"type":"Feature","properties":{"n":"重慶路","v":"屏東市","w":1.5,"c":1.5,"r":4},"geometry":{"type":"MultiPolygon","coordinates":[[[[120.482905,22.679173],[120.482941,22.679173],[120.483011,22.678384],[120.482968,22.678384],[120.482905,22.679173]]]]}},{"type":"Feature","properties":{"n":"康定街","v":"屏東市","w":2,"c":2,"r":5},"geometry":{"type":"MultiPolygon","coordinates":[[[[120.484811,22.677618],[120.483014,22.677503],[120.483014,22.677531],[120.484808,22.677657],[120.484811,22.677618]]]]}},{"type":"Feature","properties":{"n":"大連路(圖書館側人行步道)","v":"屏東市","w":2.25,"c":2.25,"r":7},"geometry":{"type":"MultiPolygon","coordinates":[[[[120.499321,22.680062],[120.49936,22.680015],[120.497901,22.679156],[120.497704,22.678552],[120.498336,22.678375],[120.498399,22.678578],[120.498444,22.678566],[120.499114,22.678449],[120.499702,22.679639],[120.499779,22.679604],[120.49914,22.678377],[120.498432,22.678512],[120.498374,22.678297],[120.497627,22.678522],[120.49785,22.679191],[120.499321,22.680062]]]]}},{"type":"Feature","properties":{"n":"九如路二段","v":"九如鄉","w":1.8,"c":1.8,"r":2},"geometry":{"type":"MultiPolygon","coordinates":[[[[120.490011,22.739966],[120.49013,22.740719],[120.490168,22.741084],[120.490232,22.741072],[120.490188,22.740684],[120.490075,22.739961],[120.490011,22.739966]]]]}},{"type":"Feature","properties":{"n":"九如路二段","v":"九如鄉","w":1.8,"c":1.8,"r":6},"geometry":{"type":"MultiPolygon","coordinates":[[[[120.490127,22.736389],[120.490102,22.736323],[120.489599,22.736345],[120.489317,22.734373],[120.489259,22.734373],[120.489534,22.736417],[120.490127,22.736389]]]]}},{"type":"Feature","properties":{"n":"建興路","v":"枋寮鄉","w":1.5,"c":1.5,"r":2},"geometry":{"type":"MultiPolygon","coordinates":[[[[120.599225,22.386233],[120.600612,22.386506],[120.600612,22.386446],[120.599206,22.386174],[120.599225,22.386233]]]]}},{"type":"Feature","properties":{"n":"建興路","v":"枋寮鄉","w":3.3,"c":3.3,"r":2},"geometry":{"type":"MultiPolygon","coordinates":[[[[120.600651,22.386518],[120.602031,22.386862],[120.602422,22.386976],[120.602448,22.386881],[120.602057,22.386796],[120.600664,22.386446],[120.600651,22.386518]]]]}},{"type":"Feature","properties":{"n":"福東路","v":"枋寮鄉","w":2.7,"c":2.7,"r":6},"geometry":{"type":"MultiPolygon","coordinates":[[[[120.598315,22.38294],[120.598791,22.384942],[120.599211,22.38615],[120.599276,22.386138],[120.598855,22.384942],[120.598379,22.382922],[120.598315,22.38294]]]]}},{"type":"Feature","properties":{"n":"福東路","v":"枋寮鄉","w":2.7,"c":2.7,"r":7},"geometry":{"type":"MultiPolygon","coordinates":[[[[120.59925,22.386311],[120.599331,22.386885],[120.599466,22.389126],[120.599543,22.389132],[120.599389,22.386933],[120.599327,22.386324],[120.59925,22.386311]]]]}},{"type":"Feature","properties":{"n":"信天宮","v":"滿州鄉","w":5,"c":5,"r":null},"geometry":{"type":"MultiPolygon","coordinates":[[[[120.827992,22.080429],[120.828402,22.080107],[120.829121,22.079773],[120.829108,22.079653],[120.82839,22.080011],[120.827979,22.080309],[120.827992,22.080429]]]]}},{"type":"Feature","properties":{"n":"重慶路","v":"屏東市","w":2.8,"c":1.8,"r":2},"geometry":{"type":"MultiPolygon","coordinates":[[[[120.483015,22.678259],[120.483069,22.67755],[120.483031,22.677552],[120.482987,22.678259],[120.483015,22.678259]]]]}},{"type":"Feature","properties":{"n":"福田路","v":"高樹鄉","w":1.5,"c":1.5,"r":2},"geometry":{"type":"MultiPolygon","coordinates":[[[[120.594571,22.825679],[120.594507,22.825666],[120.594577,22.825941],[120.594473,22.826335],[120.594077,22.827171],[120.593494,22.828167],[120.593513,22.828179],[120.593533,22.828185],[120.594167,22.827105],[120.594524,22.826365],[120.594628,22.825965],[120.594571,22.825679]]]]}},{"type":"Feature","properties":{"n":"港東國小前步道","v":"崁頂鄉","w":1,"c":1,"r":null},"geometry":{"type":"MultiPolygon","coordinates":[[[[120.481719,22.508351],[120.48308,22.509615],[120.482982,22.509696],[120.482674,22.50959],[120.482504,22.509708],[120.482206,22.509612],[120.48181,22.509541],[120.481347,22.509552],[120.481347,22.509557],[120.48181,22.509546],[120.482208,22.509617],[120.482504,22.509713],[120.482679,22.509594],[120.482982,22.509705],[120.483093,22.509615],[120.481719,22.508351]]]]}},{"type":"Feature","properties":{"n":"萬丹路一段","v":"萬丹鄉","w":1.5,"c":1.5,"r":2},"geometry":{"type":"MultiPolygon","coordinates":[[[[120.488846,22.59563],[120.488865,22.595192],[120.488838,22.595199],[120.488812,22.595638],[120.488846,22.59563]]]]}},{"type":"Feature","properties":{"n":"四維東路","v":"萬丹鄉","w":1.5,"c":1.5,"r":3},"geometry":{"type":"MultiPolygon","coordinates":[[[[120.491242,22.594685],[120.491255,22.594709],[120.49154,22.594608],[120.491717,22.594573],[120.491955,22.594586],[120.492167,22.594655],[120.492183,22.594638],[120.491961,22.594568],[120.491717,22.594556],[120.491548,22.594581],[120.491242,22.594685]]]]}},{"type":"Feature","properties":{"n":"成功街二段","v":"萬丹鄉","w":1.5,"c":1.5,"r":2},"geometry":{"type":"MultiPolygon","coordinates":[[[[120.490971,22.594445],[120.49095,22.593698],[120.490917,22.593707],[120.49095,22.594445],[120.490971,22.594445]]]]}},{"type":"Feature","properties":{"n":"鐵道街","v":"萬丹鄉","w":1.5,"c":1.5,"r":2},"geometry":{"type":"MultiPolygon","coordinates":[[[[120.488872,22.595048],[120.488862,22.595061],[120.489112,22.595537],[120.489133,22.595527],[120.488872,22.595048]]]]}},{"type":"Feature","properties":{"n":"萬丹路一段","v":"萬丹鄉","w":3,"c":1.5,"r":1},"geometry":{"type":"MultiPolygon","coordinates":[[[[120.488874,22.595069],[120.488981,22.593509],[120.488949,22.593504],[120.488842,22.595054],[120.488874,22.595069]]]]}},{"type":"Feature","properties":{"n":"鐵道街","v":"萬丹鄉","w":1.5,"c":1.5,"r":2},"geometry":{"type":"MultiPolygon","coordinates":[[[[120.489054,22.595559],[120.489078,22.595554],[120.488885,22.595185],[120.488863,22.59519],[120.489054,22.595559]]]]}},{"type":"Feature","properties":{"n":"崁頂鄉平和路","v":"崁頂鄉","w":1.5,"c":1.5,"r":2},"geometry":{"type":"MultiPolygon","coordinates":[[[[120.47721,22.505002],[120.479718,22.506791],[120.479732,22.506776],[120.477218,22.504995],[120.47721,22.505002]]]]}},{"type":"Feature","properties":{"n":"中興路","v":"枋寮鄉","w":1.3,"c":1.3,"r":null},"geometry":{"type":"MultiPolygon","coordinates":[[[[120.592823,22.366588],[120.594017,22.367382],[120.59403,22.367359],[120.592842,22.366566],[120.592823,22.366588]]]]}},{"type":"Feature","properties":{"n":"中興路","v":"枋寮鄉","w":1.3,"c":1.3,"r":null},"geometry":{"type":"MultiPolygon","coordinates":[[[[120.592907,22.366433],[120.594128,22.367206],[120.594146,22.367192],[120.592918,22.366418],[120.592907,22.366433]]]]}},{"type":"Feature","properties":{"n":"安樂路","v":"枋寮鄉","w":1.8,"c":1.5,"r":2},"geometry":{"type":"MultiPolygon","coordinates":[[[[120.59483,22.363355],[120.59612,22.362794],[120.596115,22.362774],[120.594798,22.363325],[120.59483,22.363355]]]]}},{"type":"Feature","properties":{"n":"安樂路1","v":"枋寮鄉","w":1.8,"c":1.8,"r":2},"geometry":{"type":"MultiPolygon","coordinates":[[[[120.596253,22.362804],[120.596951,22.36237],[120.596929,22.362341],[120.596235,22.36277],[120.596253,22.362804]]]]}},{"type":"Feature","properties":{"n":"豐連街","v":"屏東市","w":3,"c":3,"r":1},"geometry":{"type":"MultiPolygon","coordinates":[[[[120.510246,22.676956],[120.510249,22.676919],[120.509672,22.676432],[120.509667,22.676479],[120.510246,22.676956]]]]}},{"type":"Feature","properties":{"n":"瑞光路二段","v":"屏東市","w":3,"c":3,"r":1},"geometry":{"type":"MultiPolygon","coordinates":[[[[120.509671,22.676432],[120.509704,22.676455],[120.510447,22.675584],[120.510455,22.675524],[120.509671,22.676432]]]]}},{"type":"Feature","properties":{"n":"瑞光公園","v":"屏東市","w":3,"c":3,"r":1},"geometry":{"type":"MultiPolygon","coordinates":[[[[120.51025,22.676915],[120.510442,22.675597],[120.510418,22.675627],[120.510228,22.676896],[120.51025,22.676915]]]]}},{"type":"Feature","properties":{"n":"瑞光路二段","v":"屏東市","w":12,"c":2.5,"r":2},"geometry":{"type":"MultiPolygon","coordinates":[[[[120.509469,22.676322],[120.510328,22.675367],[120.510309,22.675352],[120.509453,22.676306],[120.509469,22.676322]]]]}},{"type":"Feature","properties":{"n":"瑞光路二段","v":"屏東市","w":12,"c":2.5,"r":3},"geometry":{"type":"MultiPolygon","coordinates":[[[[120.509369,22.676438],[120.509353,22.676423],[120.506519,22.67965],[120.506535,22.679663],[120.509369,22.676438]]]]}},{"type":"Feature","properties":{"n":"瑞光路二段","v":"屏東市","w":12,"c":2.5,"r":3},"geometry":{"type":"MultiPolygon","coordinates":[[[[120.506482,22.67975],[120.506464,22.67973],[120.505563,22.680746],[120.505517,22.68081],[120.505461,22.680916],[120.505426,22.681003],[120.505245,22.681574],[120.505264,22.681579],[120.505446,22.680999],[120.505529,22.680826],[120.505585,22.680749],[120.50561,22.680727],[120.506482,22.67975]]]]}},{"type":"Feature","properties":{"n":"興豐公園-興豐路115巷","v":"屏東市","w":2.5,"c":2.5,"r":2},"geometry":{"type":"MultiPolygon","coordinates":[[[[120.50872,22.681485],[120.508726,22.681477],[120.508648,22.681465],[120.508645,22.68148],[120.507709,22.681438],[120.507873,22.681131],[120.50846,22.680465],[120.508586,22.680465],[120.508602,22.680668],[120.508592,22.680868],[120.508551,22.681066],[120.508498,22.68121],[120.508726,22.681262],[120.508651,22.681457],[120.508731,22.68147],[120.508809,22.681255],[120.508533,22.6812],[120.508573,22.681084],[120.508613,22.680881],[120.508626,22.680646],[120.50861,22.680463],[120.508554,22.680329],[120.507849,22.681121],[120.507674,22.681457],[120.508688,22.681502],[120.50872,22.681485]]]]}},{"type":"Feature","properties":{"n":"華富路","v":"屏東市","w":3,"c":1.5,"r":2},"geometry":{"type":"MultiPolygon","coordinates":[[[[120.504201,22.686532],[120.50421,22.686549],[120.504223,22.686556],[120.506205,22.686992],[120.506256,22.68699],[120.506272,22.686982],[120.504201,22.686532]]]]}},{"type":"Feature","properties":{"n":"華富路","v":"屏東市","w":3,"c":1.5,"r":2},"geometry":{"type":"MultiPolygon","coordinates":[[[[120.504166,22.686654],[120.504161,22.686671],[120.506325,22.687131],[120.506328,22.687111],[120.504166,22.686654]]]]}},{"type":"Feature","properties":{"n":"華富路","v":"屏東市","w":3,"c":1.5,"r":2},"geometry":{"type":"MultiPolygon","coordinates":[[[[120.506522,22.687079],[120.50914,22.687658],[120.509148,22.687636],[120.506529,22.687059],[120.506522,22.687079]]]]}},{"type":"Feature","properties":{"n":"華富路","v":"屏東市","w":3,"c":1.5,"r":2},"geometry":{"type":"MultiPolygon","coordinates":[[[[120.506494,22.687168],[120.50919,22.687748],[120.509195,22.687725],[120.5065,22.687147],[120.506494,22.687168]]]]}},{"type":"Feature","properties":{"n":"華新路","v":"屏東市","w":3,"c":1.5,"r":2},"geometry":{"type":"MultiPolygon","coordinates":[[[[120.503916,22.689409],[120.503908,22.689382],[120.503516,22.689298],[120.50353,22.689322],[120.503916,22.689409]]]]}},{"type":"Feature","properties":{"n":"華新路","v":"屏東市","w":3,"c":1.5,"r":2},"geometry":{"type":"MultiPolygon","coordinates":[[[[120.503978,22.689425],[120.504432,22.689521],[120.50445,22.689507],[120.50397,22.689403],[120.503978,22.689425]]]]}},{"type":"Feature","properties":{"n":"華新路","v":"屏東市","w":3,"c":1.5,"r":2},"geometry":{"type":"MultiPolygon","coordinates":[[[[120.50454,22.689559],[120.505599,22.689787],[120.505621,22.689784],[120.505632,22.689777],[120.504543,22.689544],[120.50454,22.689559]]]]}},{"type":"Feature","properties":{"n":"華新路","v":"屏東市","w":3,"c":1.5,"r":2},"geometry":{"type":"MultiPolygon","coordinates":[[[[120.503529,22.689453],[120.505584,22.689891],[120.505595,22.689908],[120.505603,22.689898],[120.505595,22.689884],[120.505584,22.689876],[120.503554,22.689443],[120.503538,22.689445],[120.503529,22.689453]]]]}},{"type":"Feature","properties":{"n":"華新路","v":"屏東市","w":3,"c":1.5,"r":2},"geometry":{"type":"MultiPolygon","coordinates":[[[[120.505782,22.689849],[120.50623,22.689938],[120.506276,22.68992],[120.506263,22.689906],[120.506228,22.689923],[120.505815,22.689841],[120.505769,22.689829],[120.505764,22.689816],[120.505756,22.689826],[120.505758,22.689839],[120.505782,22.689849]]]]}},{"type":"Feature","properties":{"n":"華新路","v":"屏東市","w":3,"c":1.5,"r":2},"geometry":{"type":"MultiPolygon","coordinates":[[[[120.506451,22.689942],[120.506457,22.689977],[120.506465,22.689992],[120.506478,22.689997],[120.508599,22.690437],[120.508621,22.69042],[120.508599,22.690422],[120.506476,22.689977],[120.506451,22.689942]]]]}},{"type":"Feature","properties":{"n":"華新路","v":"屏東市","w":3,"c":1.5,"r":2},"geometry":{"type":"MultiPolygon","coordinates":[[[[120.505739,22.68994],[120.505758,22.689933],[120.505785,22.689933],[120.508564,22.690557],[120.508583,22.690585],[120.508596,22.690582],[120.508599,22.69057],[120.508593,22.69055],[120.505814,22.689925],[120.505769,22.689918],[120.505734,22.689923],[120.505739,22.68994]]]]}},{"type":"Feature","properties":{"n":"華新路","v":"屏東市","w":3,"c":1.5,"r":2},"geometry":{"type":"MultiPolygon","coordinates":[[[[120.508796,22.690454],[120.508785,22.690466],[120.508796,22.690484],[120.508817,22.690491],[120.509673,22.690662],[120.509686,22.690652],[120.509686,22.690647],[120.508812,22.690476],[120.508796,22.690454]]]]}},{"type":"Feature","properties":{"n":"華新路","v":"屏東市","w":3,"c":1.5,"r":2},"geometry":{"type":"MultiPolygon","coordinates":[[[[120.508761,22.69063],[120.50879,22.690622],[120.509651,22.69081],[120.509654,22.6908],[120.509643,22.690793],[120.508788,22.69061],[120.508772,22.690612],[120.508761,22.69063]]]]}},{"type":"Feature","properties":{"n":"華新路","v":"屏東市","w":3,"c":1.5,"r":2},"geometry":{"type":"MultiPolygon","coordinates":[[[[120.509755,22.690673],[120.509763,22.690688],[120.509774,22.690695],[120.510643,22.690882],[120.510659,22.690874],[120.509779,22.690684],[120.509755,22.690673]]]]}},{"type":"Feature","properties":{"n":"華新路","v":"屏東市","w":3,"c":1.5,"r":1},"geometry":{"type":"MultiPolygon","coordinates":[[[[120.510702,22.690884],[120.51071,22.690899],[120.51072,22.690904],[120.510989,22.690968],[120.510994,22.690953],[120.510702,22.690884]]]]}},{"type":"Feature","properties":{"n":"華新路","v":"屏東市","w":3,"c":1.5,"r":2},"geometry":{"type":"MultiPolygon","coordinates":[[[[120.509723,22.69083],[120.510691,22.691037],[120.510677,22.69102],[120.509731,22.69082],[120.509723,22.69083]]]]}},{"type":"Feature","properties":{"n":"華新路","v":"屏東市","w":3,"c":1.5,"r":1},"geometry":{"type":"MultiPolygon","coordinates":[[[[120.510736,22.691052],[120.510956,22.691099],[120.510962,22.691084],[120.510758,22.69104],[120.510744,22.691045],[120.510736,22.691052]]]]}},{"type":"Feature","properties":{"n":"華貴路","v":"屏東市","w":3,"c":1.5,"r":1},"geometry":{"type":"MultiPolygon","coordinates":[[[[120.505441,22.691043],[120.505723,22.68995],[120.505728,22.689945],[120.505726,22.689927],[120.50571,22.689947],[120.505428,22.691038],[120.505441,22.691043]]]]}},{"type":"Feature","properties":{"n":"華貴路","v":"屏東市","w":3,"c":1.5,"r":1},"geometry":{"type":"MultiPolygon","coordinates":[[[[120.505355,22.691024],[120.505619,22.68996],[120.505619,22.689946],[120.505608,22.689908],[120.5056,22.689916],[120.505605,22.689953],[120.505334,22.69102],[120.505355,22.691024]]]]}},{"type":"Feature","properties":{"n":"華貴路","v":"屏東市","w":3,"c":1.5,"r":2},"geometry":{"type":"MultiPolygon","coordinates":[[[[120.505766,22.689812],[120.50576,22.689784],[120.505827,22.689527],[120.505817,22.689532],[120.505808,22.689544],[120.505747,22.689784],[120.505752,22.689824],[120.505766,22.689812]]]]}},{"type":"Feature","properties":{"n":"華貴路","v":"屏東市","w":3,"c":1.5,"r":2},"geometry":{"type":"MultiPolygon","coordinates":[[[[120.505717,22.68951],[120.50572,22.689527],[120.505642,22.689777],[120.505621,22.689789],[120.505656,22.689784],[120.505733,22.689525],[120.505717,22.68951]]]]}},{"type":"Feature","properties":{"n":"華貴路","v":"屏東市","w":3,"c":1.5,"r":2},"geometry":{"type":"MultiPolygon","coordinates":[[[[120.505852,22.689472],[120.505851,22.689449],[120.506428,22.687181],[120.506433,22.687174],[120.506454,22.687169],[120.506468,22.687159],[120.506484,22.687164],[120.506489,22.687141],[120.506446,22.687144],[120.506414,22.687171],[120.505839,22.689439],[120.505838,22.689464],[120.505852,22.689472]]]]}},{"type":"Feature","properties":{"n":"華貴路","v":"屏東市","w":3,"c":1.5,"r":2},"geometry":{"type":"MultiPolygon","coordinates":[[[[120.505715,22.689471],[120.505734,22.689461],[120.505745,22.689441],[120.506082,22.688146],[120.506076,22.688136],[120.506063,22.688128],[120.506068,22.688141],[120.506065,22.688158],[120.505728,22.689448],[120.505715,22.689471]]]]}},{"type":"Feature","properties":{"n":"華貴路","v":"屏東市","w":3,"c":1.5,"r":2},"geometry":{"type":"MultiPolygon","coordinates":[[[[120.506096,22.688036],[120.506115,22.688021],[120.506341,22.687152],[120.506333,22.687115],[120.506319,22.687182],[120.506102,22.68802],[120.506107,22.68802],[120.506096,22.688036]]]]}},{"type":"Feature","properties":{"n":"華貴路","v":"屏東市","w":3,"c":1.5,"r":1},"geometry":{"type":"MultiPolygon","coordinates":[[[[120.506472,22.686967],[120.506918,22.685239],[120.506899,22.685234],[120.506453,22.686962],[120.506472,22.686967]]]]}},{"type":"Feature","properties":{"n":"華貴路","v":"屏東市","w":3,"c":1.5,"r":1},"geometry":{"type":"MultiPolygon","coordinates":[[[[120.506352,22.686942],[120.506373,22.686947],[120.506834,22.685213],[120.506815,22.685213],[120.506356,22.686939],[120.506352,22.686942]]]]}},{"type":"Feature","properties":{"n":"廣勝路","v":"屏東市","w":2.2,"c":1.5,"r":18},"geometry":{"type":"MultiPolygon","coordinates":[[[[120.4714,22.68899],[120.4714,22.68901],[120.473057,22.689108],[120.474454,22.689173],[120.475332,22.689223],[120.477185,22.689346],[120.478725,22.689431],[120.480296,22.689506],[120.484094,22.689717],[120.484295,22.689744],[120.484431,22.689775],[120.485056,22.690033],[120.487159,22.691053],[120.487537,22.691204],[120.487886,22.691328],[120.488166,22.691436],[120.488488,22.691508],[120.48877,22.691586],[120.48877,22.691562],[120.488177,22.691418],[120.487515,22.691176],[120.487159,22.691034],[120.485045,22.69001],[120.484447,22.689762],[120.484305,22.689726],[120.484039,22.689696],[120.481861,22.689568],[120.479383,22.689443],[120.472703,22.689069],[120.471538,22.688998],[120.4714,22.68899]]]]}},{"type":"Feature","properties":{"n":"機場北路","v":"屏東市","w":3,"c":2,"r":4},"geometry":{"type":"MultiPolygon","coordinates":[[[[120.471381,22.688994],[120.471354,22.688974],[120.471324,22.688937],[120.471271,22.688848],[120.471209,22.688489],[120.471209,22.688335],[120.471237,22.687926],[120.471387,22.687048],[120.471373,22.687045],[120.471221,22.687914],[120.471191,22.68834],[120.471194,22.688496],[120.471256,22.688861],[120.471342,22.68898],[120.471381,22.688994]]]]}},{"type":"Feature","properties":{"n":"崇朝路","v":"屏東市","w":2.2,"c":1.5,"r":9},"geometry":{"type":"MultiPolygon","coordinates":[[[[120.475195,22.687903],[120.475206,22.687888],[120.475252,22.687863],[120.475949,22.6877],[120.47668,22.687578],[120.478397,22.687256],[120.478466,22.687251],[120.479204,22.687276],[120.479188,22.687253],[120.478485,22.687232],[120.478385,22.687241],[120.476765,22.687548],[120.476068,22.687671],[120.475977,22.687683],[120.475261,22.687844],[120.475206,22.687866],[120.475187,22.687878],[120.475177,22.687891],[120.475185,22.687896],[120.475195,22.687903]]]]}},{"type":"Feature","properties":{"n":"崇朝路","v":"屏東市","w":2.2,"c":1.5,"r":6},"geometry":{"type":"MultiPolygon","coordinates":[[[[120.479026,22.68717],[120.478666,22.687156],[120.478352,22.687152],[120.478167,22.687194],[120.476551,22.687504],[120.475923,22.68761],[120.475508,22.687706],[120.475202,22.687753],[120.475159,22.687733],[120.475153,22.687748],[120.475196,22.687767],[120.47525,22.687765],[120.475508,22.687728],[120.475993,22.687614],[120.476776,22.68748],[120.478337,22.687179],[120.478414,22.68717],[120.479002,22.687189],[120.479015,22.687182],[120.479026,22.68717]]]]}},{"type":"Feature","properties":{"n":"崇朝一路","v":"屏東市","w":2.2,"c":1.5,"r":4},"geometry":{"type":"MultiPolygon","coordinates":[[[[120.474994,22.68302],[120.474978,22.683043],[120.475023,22.684246],[120.475018,22.684284],[120.474951,22.68435],[120.474908,22.684385],[120.474837,22.68448],[120.474808,22.684572],[120.474805,22.684594],[120.474866,22.685765],[120.474901,22.686237],[120.475023,22.687161],[120.475132,22.68772],[120.475143,22.687748],[120.475154,22.687728],[120.47514,22.687694],[120.475033,22.687144],[120.474916,22.686231],[120.474883,22.685762],[120.474856,22.685151],[120.474824,22.6846],[120.474856,22.684486],[120.474918,22.684397],[120.474966,22.684365],[120.475033,22.684295],[120.475043,22.684243],[120.474996,22.683046],[120.474994,22.68302]]]]}},{"type":"Feature","properties":{"n":"崇朝一路","v":"屏東市","w":2.2,"c":1.5,"r":4},"geometry":{"type":"MultiPolygon","coordinates":[[[[120.4749,22.683025],[120.474943,22.684149],[120.474901,22.684249],[120.474786,22.684393],[120.474748,22.684452],[120.474729,22.684507],[120.47472,22.684551],[120.474731,22.684934],[120.474762,22.685487],[120.474792,22.68588],[120.474899,22.686953],[120.475061,22.687806],[120.475067,22.687801],[120.475064,22.687784],[120.474921,22.68698],[120.47484,22.686277],[120.474776,22.685543],[120.474744,22.684936],[120.474737,22.684577],[120.47474,22.684538],[120.474751,22.684496],[120.474802,22.684397],[120.474839,22.684362],[120.474925,22.684243],[120.474963,22.684149],[120.474922,22.68305],[120.474911,22.683032],[120.4749,22.683025]]]]}},{"type":"Feature","properties":{"n":"崇朝一路","v":"屏東市","w":2.2,"c":1.5,"r":2},"geometry":{"type":"MultiPolygon","coordinates":[[[[120.475192,22.687913],[120.475173,22.687896],[120.475165,22.687933],[120.475337,22.688918],[120.475341,22.689162],[120.475378,22.689214],[120.475394,22.689212],[120.475357,22.68916],[120.475354,22.688922],[120.475184,22.687933],[120.475192,22.687913]]]]}},{"type":"Feature","properties":{"n":"崇朝一路","v":"屏東市","w":2.2,"c":1.5,"r":2},"geometry":{"type":"MultiPolygon","coordinates":[[[[120.475061,22.687903],[120.475078,22.687924],[120.475086,22.687941],[120.475253,22.688907],[120.475239,22.689144],[120.475159,22.689196],[120.475178,22.689199],[120.475253,22.689149],[120.475267,22.688908],[120.475101,22.687933],[120.475087,22.687905],[120.475061,22.687903]]]]}},{"type":"Feature","properties":{"n":"環保公園","v":"屏東市","w":5,"c":4.5,"r":3},"geometry":{"type":"MultiPolygon","coordinates":[[[[120.479169,22.686962],[120.479338,22.687131],[120.480574,22.687207],[120.480612,22.687173],[120.480599,22.68716],[120.480566,22.687188],[120.479343,22.687108],[120.479182,22.686945],[120.479169,22.686962]]]]}},{"type":"Feature","properties":{"n":"環保公園","v":"屏東市","w":5,"c":3.5,"r":2},"geometry":{"type":"MultiPolygon","coordinates":[[[[120.480612,22.687168],[120.480631,22.687141],[120.48062,22.686576],[120.480607,22.686562],[120.480596,22.686579],[120.480607,22.686586],[120.480615,22.687141],[120.480596,22.687156],[120.480612,22.687168]]]]}},{"type":"Feature","properties":{"n":"環保公園","v":"屏東市","w":5,"c":1.5,"r":2},"geometry":{"type":"MultiPolygon","coordinates":[[[[120.480604,22.686562],[120.480585,22.686549],[120.479649,22.68649],[120.479633,22.68648],[120.479445,22.686299],[120.479435,22.686317],[120.479636,22.686505],[120.480575,22.686568],[120.480591,22.686575],[120.480604,22.686562]]]]}},{"type":"Feature","properties":{"n":"民族路","v":"屏東市","w":3,"c":2.2,"r":14},"geometry":{"type":"MultiPolygon","coordinates":[[[[120.47847,22.671409],[120.478464,22.671426],[120.478493,22.671446],[120.479082,22.671484],[120.480934,22.671003],[120.481461,22.67087],[120.48192,22.670771],[120.486274,22.67024],[120.486295,22.670223],[120.486295,22.670213],[120.486285,22.670203],[120.486247,22.670223],[120.481932,22.670752],[120.481499,22.670845],[120.479084,22.671462],[120.47847,22.671409]]]]}},{"type":"Feature","properties":{"n":"民族路","v":"屏東市","w":3,"c":2.2,"r":18},"geometry":{"type":"MultiPolygon","coordinates":[[[[120.478443,22.671657],[120.478485,22.67164],[120.479,22.671664],[120.479169,22.671659],[120.479324,22.671613],[120.481269,22.671114],[120.48203,22.670951],[120.483887,22.670706],[120.486361,22.670391],[120.486361,22.670379],[120.48635,22.670364],[120.486037,22.670402],[120.484169,22.670649],[120.482026,22.670925],[120.481285,22.671086],[120.479758,22.671484],[120.479168,22.671633],[120.478996,22.671646],[120.478487,22.671617],[120.478425,22.67164],[120.478443,22.671657]]]]}},{"type":"Feature","properties":{"n":"廣東路","v":"屏東市","w":4.5,"c":4,"r":4},"geometry":{"type":"MultiPolygon","coordinates":[[[[120.477255,22.684918],[120.476276,22.683906],[120.47626,22.683923],[120.476268,22.683946],[120.47722,22.684928],[120.477255,22.684918]]]]}},{"type":"Feature","properties":{"n":"自由路","v":"屏東市","w":2.2,"c":2.2,"r":16},"geometry":{"type":"MultiPolygon","coordinates":[[[[120.477896,22.679],[120.477869,22.678997],[120.477801,22.679827],[120.477731,22.680795],[120.479847,22.682966],[120.484367,22.683228],[120.484367,22.683206],[120.479865,22.682936],[120.477767,22.680777],[120.477825,22.679813],[120.477896,22.679]]]]}},{"type":"Feature","properties":{"n":"自由路","v":"屏東市","w":2.2,"c":2.2,"r":28},"geometry":{"type":"MultiPolygon","coordinates":[[[[120.477668,22.678983],[120.477555,22.680856],[120.479778,22.683117],[120.484338,22.683399],[120.48434,22.683375],[120.479789,22.683097],[120.477581,22.680843],[120.477691,22.678983],[120.477668,22.678983]]]]}},{"type":"Feature","properties":{"n":"自由路","v":"屏東市","w":2.2,"c":2.2,"r":10},"geometry":{"type":"MultiPolygon","coordinates":[[[[120.484565,22.683217],[120.484565,22.683234],[120.489337,22.683517],[120.492083,22.682759],[120.492077,22.682737],[120.489331,22.683499],[120.484565,22.683217]]]]}},{"type":"Feature","properties":{"n":"自由路","v":"屏東市","w":2.2,"c":2.2,"r":10},"geometry":{"type":"MultiPolygon","coordinates":[[[[120.484558,22.68342],[120.489336,22.68369],[120.492188,22.682906],[120.492183,22.682888],[120.489334,22.683671],[120.484561,22.683401],[120.484558,22.68342]]]]}},{"type":"Feature","properties":{"n":"中正路","v":"屏東市","w":2.2,"c":1.7,"r":8},"geometry":{"type":"MultiPolygon","coordinates":[[[[120.492319,22.682832],[120.492309,22.682846],[120.495501,22.685905],[120.49551,22.685895],[120.492319,22.682832]]]]}},{"type":"Feature","properties":{"n":"中正路","v":"屏東市","w":2.2,"c":1.7,"r":12},"geometry":{"type":"MultiPolygon","coordinates":[[[[120.492159,22.682918],[120.495366,22.686027],[120.495377,22.68602],[120.492177,22.682913],[120.492159,22.682918]]]]}},{"type":"Feature","properties":{"n":"大連路(千禧公園步道)","v":"屏東市","w":8,"c":1.5,"r":1},"geometry":{"type":"MultiPolygon","coordinates":[[[[120.499343,22.680045],[120.501024,22.681023],[120.501054,22.680998],[120.499367,22.680013],[120.499343,22.680045]]]]}},{"type":"Feature","properties":{"n":"廣東路(千禧公園步道)","v":"屏東市","w":8,"c":5.5,"r":3},"geometry":{"type":"MultiPolygon","coordinates":[[[[120.501058,22.680991],[120.50124,22.680823],[120.501479,22.680571],[120.501621,22.680308],[120.501672,22.680095],[120.501689,22.679919],[120.501665,22.679741],[120.500664,22.676602],[120.50061,22.67657],[120.501634,22.679753],[120.501652,22.679919],[120.501635,22.680107],[120.501589,22.680305],[120.501442,22.680557],[120.501208,22.68081],[120.501029,22.680973],[120.501058,22.680991]]]]}},{"type":"Feature","properties":{"n":"勝利東路(千禧公園、國運中心步道)","v":"屏東市","w":8,"c":5.5,"r":2},"geometry":{"type":"MultiPolygon","coordinates":[[[[120.500596,22.67657],[120.498143,22.677241],[120.498098,22.677328],[120.497856,22.677397],[120.497736,22.677355],[120.497376,22.677466],[120.497347,22.677516],[120.49774,22.677391],[120.497858,22.67744],[120.498124,22.677361],[120.49817,22.677272],[120.500613,22.676607],[120.500596,22.67657]]]]}},{"type":"Feature","properties":{"n":"自由路(國運中心步道)","v":"屏東市","w":5,"c":4,"r":1},"geometry":{"type":"MultiPolygon","coordinates":[[[[120.497625,22.678517],[120.49766,22.678505],[120.497343,22.677522],[120.497319,22.677567],[120.497625,22.678517]]]]}},{"type":"Feature","properties":{"n":"民學公園步道","v":"屏東市","w":3,"c":2,"r":2},"geometry":{"type":"MultiPolygon","coordinates":[[[[120.502936,22.673388],[120.50218,22.673591],[120.502198,22.673598],[120.502912,22.67341],[120.502936,22.673388]]]]}},{"type":"Feature","properties":{"n":"民學","v":"屏東市","w":3,"c":2,"r":1},"geometry":{"type":"MultiPolygon","coordinates":[[[[120.50207,22.673418],[120.50207,22.67343],[120.502882,22.67319],[120.502877,22.67318],[120.50207,22.673418]]]]}},{"type":"Feature","properties":{"n":"民學公園步道","v":"屏東市","w":3,"c":2,"r":1},"geometry":{"type":"MultiPolygon","coordinates":[[[[120.502173,22.673587],[120.502071,22.673434],[120.502071,22.673459],[120.502152,22.67358],[120.502173,22.673587]]]]}},{"type":"Feature","properties":{"n":"民學公園步道","v":"屏東市","w":3,"c":2,"r":1},"geometry":{"type":"MultiPolygon","coordinates":[[[[120.502938,22.673384],[120.502881,22.673194],[120.502871,22.673196],[120.502924,22.673387],[120.502938,22.673384]]]]}},{"type":"Feature","properties":{"n":"扶輪公園步道","v":"屏東市","w":3,"c":2,"r":4},"geometry":{"type":"MultiPolygon","coordinates":[[[[120.50204,22.673627],[120.500033,22.674051],[120.500046,22.674061],[120.502033,22.673639],[120.50204,22.673627]]]]}},{"type":"Feature","properties":{"n":"扶輪公園步道","v":"屏東市","w":3,"c":2,"r":1},"geometry":{"type":"MultiPolygon","coordinates":[[[[120.50003,22.674049],[120.500013,22.673973],[120.5,22.673973],[120.500019,22.674049],[120.50003,22.674049]]]]}},{"type":"Feature","properties":{"n":"扶輪公園步道","v":"屏東市","w":3,"c":2,"r":2},"geometry":{"type":"MultiPolygon","coordinates":[[[[120.500018,22.673973],[120.500024,22.673985],[120.50194,22.67345],[120.501927,22.67344],[120.500018,22.673973]]]]}},{"type":"Feature","properties":{"n":"扶輪公園步道","v":"屏東市","w":3,"c":2,"r":1},"geometry":{"type":"MultiPolygon","coordinates":[[[[120.502049,22.673603],[120.501945,22.673457],[120.501937,22.67346],[120.502039,22.673608],[120.50203,22.673623],[120.502047,22.673623],[120.502049,22.673603]]]]}},{"type":"Feature","properties":{"n":"林森路(屏大校區步道)","v":"屏東市","w":3,"c":2,"r":3},"geometry":{"type":"MultiPolygon","coordinates":[[[[120.503893,22.669592],[120.503887,22.669568],[120.500876,22.670415],[120.500916,22.670424],[120.503839,22.669607],[120.503893,22.669592]]]]}},{"type":"Feature","properties":{"n":"民教路(屏大校區步道)","v":"屏東市","w":3,"c":2,"r":null},"geometry":{"type":"MultiPolygon","coordinates":[[[[120.500874,22.670412],[120.500895,22.670405],[120.500144,22.668076],[120.500128,22.668105],[120.500874,22.670412]]]]}},{"type":"Feature","properties":{"n":"仁愛路(屏東公園步道)","v":"屏東市","w":3,"c":2,"r":2},"geometry":{"type":"MultiPolygon","coordinates":[[[[120.493137,22.673635],[120.494603,22.678082],[120.494616,22.678072],[120.494624,22.678055],[120.494624,22.678033],[120.493187,22.673655],[120.493137,22.673635]]]]}},{"type":"Feature","properties":{"n":"中華路(屏東公園步道)","v":"屏東市","w":1.5,"c":1.5,"r":4},"geometry":{"type":"MultiPolygon","coordinates":[[[[120.490745,22.674341],[120.490692,22.674459],[120.491432,22.676751],[120.491456,22.676766],[120.490711,22.67446],[120.490767,22.674351],[120.490745,22.674341]]]]}},{"type":"Feature","properties":{"n":"青島街","v":"屏東市","w":2.5,"c":1.5,"r":1},"geometry":{"type":"MultiPolygon","coordinates":[[[[120.484925,22.678503],[120.484898,22.678518],[120.485899,22.67857],[120.485901,22.678557],[120.484925,22.678503]]]]}},{"type":"Feature","properties":{"n":"青島街","v":"屏東市","w":2.5,"c":1.5,"r":1},"geometry":{"type":"MultiPolygon","coordinates":[[[[120.484949,22.678409],[120.485909,22.678463],[120.485912,22.678446],[120.484925,22.678391],[120.484949,22.678409]]]]}},{"type":"Feature","properties":{"n":"中山路","v":"屏東市","w":6.3,"c":2.3,"r":2},"geometry":{"type":"MultiPolygon","coordinates":[[[[120.484861,22.679257],[120.484912,22.678522],[120.484896,22.678522],[120.48488,22.678544],[120.484843,22.679232],[120.484861,22.679257]]]]}},{"type":"Feature","properties":{"n":"中山路","v":"屏東市","w":6.3,"c":2.3,"r":4},"geometry":{"type":"MultiPolygon","coordinates":[[[[120.484912,22.678391],[120.484965,22.677666],[120.484936,22.677703],[120.484896,22.678372],[120.484912,22.678391]]]]}},{"type":"Feature","properties":{"n":"光復路(車站前觀賞步道)","v":"屏東市","w":5,"c":4,"r":2},"geometry":{"type":"MultiPolygon","coordinates":[[[[120.486416,22.669661],[120.486402,22.669641],[120.486381,22.669631],[120.486193,22.669663],[120.486182,22.669681],[120.486177,22.669705],[120.486295,22.669683],[120.486416,22.669661]]]]}},{"type":"Feature","properties":{"n":"光復路","v":"屏東市","w":2,"c":1.5,"r":1},"geometry":{"type":"MultiPolygon","coordinates":[[[[120.489333,22.669107],[120.489295,22.669124],[120.488474,22.669236],[120.488429,22.669213],[120.488241,22.669228],[120.488485,22.669253],[120.489306,22.669139],[120.489333,22.669107]]]]}},{"type":"Feature","properties":{"n":"光復路","v":"屏東市","w":5,"c":4,"r":8},"geometry":{"type":"MultiPolygon","coordinates":[[[[120.488473,22.669208],[120.488465,22.669149],[120.485606,22.669539],[120.48555,22.669497],[120.48474,22.669604],[120.484708,22.669628],[120.484703,22.66965],[120.481918,22.670034],[120.481923,22.670073],[120.484751,22.669681],[120.484757,22.669656],[120.484773,22.669636],[120.485548,22.66954],[120.485589,22.669579],[120.487979,22.669253],[120.48828,22.669223],[120.488473,22.669208]]]]}},{"type":"Feature","properties":{"n":"重慶路","v":"屏東市","w":5,"c":2,"r":3},"geometry":{"type":"MultiPolygon","coordinates":[[[[120.484768,22.669508],[120.484811,22.669214],[120.484771,22.668857],[120.484733,22.668862],[120.484771,22.669221],[120.484728,22.669516],[120.484768,22.669508]]]]}},{"type":"Feature","properties":{"n":"重慶路","v":"屏東市","w":5,"c":5,"r":2},"geometry":{"type":"MultiPolygon","coordinates":[[[[120.484583,22.669657],[120.484655,22.669206],[120.484588,22.668877],[120.484556,22.668882],[120.484621,22.669214],[120.484545,22.669664],[120.484583,22.669657]]]]}},{"type":"Feature","properties":{"n":"自由路西段","v":"屏東市","w":2,"c":1.5,"r":6},"geometry":{"type":"MultiPolygon","coordinates":[[[[120.478798,22.666945],[120.478787,22.66696],[120.478838,22.666977],[120.482798,22.666486],[120.482808,22.666444],[120.482784,22.666466],[120.47884,22.66696],[120.478798,22.666945]]]]}},{"type":"Feature","properties":{"n":"自由路西段(勞工公園步道)","v":"屏東市","w":5,"c":3,"r":2},"geometry":{"type":"MultiPolygon","coordinates":[[[[120.483008,22.666424],[120.483052,22.666442],[120.484982,22.666202],[120.485025,22.666173],[120.485036,22.66614],[120.485014,22.666133],[120.485004,22.666155],[120.484977,22.666175],[120.483059,22.666414],[120.483029,22.666399],[120.483008,22.666424]]]]}},{"type":"Feature","properties":{"n":"光明街(勞工公園步道)","v":"屏東市","w":5,"c":3,"r":1},"geometry":{"type":"MultiPolygon","coordinates":[[[[120.483021,22.666395],[120.482863,22.665418],[120.482833,22.665423],[120.48297,22.666403],[120.483002,22.66642],[120.483021,22.666395]]]]}},{"type":"Feature","properties":{"n":"自由路(勞工公園步道)","v":"屏東市","w":4,"c":3,"r":2},"geometry":{"type":"MultiPolygon","coordinates":[[[[120.482914,22.664988],[120.482888,22.665009],[120.483529,22.665407],[120.485002,22.666076],[120.48502,22.666086],[120.485023,22.666125],[120.485047,22.666128],[120.485042,22.666063],[120.483542,22.665376],[120.482914,22.664988]]]]}},{"type":"Feature","properties":{"n":"和平路","v":"屏東市","w":1.5,"c":1.5,"r":16},"geometry":{"type":"MultiPolygon","coordinates":[[[[120.477948,22.678844],[120.477913,22.678784],[120.478422,22.671678],[120.478436,22.671664],[120.478417,22.671641],[120.478398,22.671661],[120.477881,22.678802],[120.477948,22.678844]]]]}},{"type":"Feature","properties":{"n":"和平路","v":"屏東市","w":1.5,"c":1.5,"r":4},"geometry":{"type":"MultiPolygon","coordinates":[[[[120.478197,22.671434],[120.478213,22.671417],[120.478333,22.669762],[120.478311,22.669742],[120.478218,22.671104],[120.478197,22.671434]]]]}},{"type":"Feature","properties":{"n":"和平路","v":"屏東市","w":1.5,"c":1.5,"r":4},"geometry":{"type":"MultiPolygon","coordinates":[[[[120.478464,22.671404],[120.478588,22.669847],[120.478612,22.669825],[120.478569,22.669835],[120.478443,22.671401],[120.478464,22.671404]]]]}},{"type":"Feature","properties":{"n":"和平路","v":"屏東市","w":1.5,"c":1.5,"r":8},"geometry":{"type":"MultiPolygon","coordinates":[[[[120.478317,22.669606],[120.478338,22.669608],[120.478662,22.665442],[120.478646,22.665442],[120.478317,22.669606]]]]}},{"type":"Feature","properties":{"n":"和平路","v":"屏東市","w":1.5,"c":1.5,"r":8},"geometry":{"type":"MultiPolygon","coordinates":[[[[120.478588,22.669653],[120.478876,22.665437],[120.478854,22.665439],[120.478559,22.669651],[120.478588,22.669653]]]]}},{"type":"Feature","properties":{"n":"建國路","v":"屏東市","w":5,"c":3,"r":2},"geometry":{"type":"MultiPolygon","coordinates":[[[[120.472794,22.664932],[120.475925,22.665119],[120.475927,22.665077],[120.4728,22.664895],[120.472794,22.664932]]]]}},{"type":"Feature","properties":{"n":"大武路","v":"屏東市","w":5,"c":3,"r":3},"geometry":{"type":"MultiPolygon","coordinates":[[[[120.472795,22.664892],[120.47283,22.664892],[120.473195,22.659677],[120.473171,22.659677],[120.472795,22.664892]]]]}},{"type":"Feature","properties":{"n":"榮總南路","v":"屏東市","w":5,"c":3,"r":3},"geometry":{"type":"MultiPolygon","coordinates":[[[[120.473098,22.661135],[120.473098,22.66116],[120.476752,22.661429],[120.476755,22.661406],[120.473098,22.661135]]]]}},{"type":"Feature","properties":{"n":"榮總南路","v":"屏東市","w":5,"c":3,"r":1},"geometry":{"type":"MultiPolygon","coordinates":[[[[120.473108,22.660997],[120.476978,22.661279],[120.476981,22.661254],[120.473108,22.660969],[120.473108,22.660997]]]]}},{"type":"Feature","properties":{"n":"榮總東路","v":"屏東市","w":5,"c":3,"r":2},"geometry":{"type":"MultiPolygon","coordinates":[[[[120.47621,22.6614],[120.476177,22.661397],[120.475888,22.665072],[120.475925,22.665072],[120.47621,22.6614]]]]}},{"type":"Feature","properties":{"n":"榮總東路","v":"屏東市","w":5,"c":3,"r":4},"geometry":{"type":"MultiPolygon","coordinates":[[[[120.476097,22.665132],[120.476137,22.665134],[120.476425,22.661412],[120.476393,22.661407],[120.476097,22.665132]]]]}},{"type":"Feature","properties":{"n":"四維北路","v":"萬丹鄉","w":5,"c":5,"r":10},"geometry":{"type":"MultiPolygon","coordinates":[[[[120.488603,22.599321],[120.488599,22.59934],[120.492437,22.597617],[120.492453,22.597583],[120.488603,22.599321]]]]}},{"type":"Feature","properties":{"n":"沿海路","v":"枋寮鄉","w":2,"c":2,"r":6},"geometry":{"type":"MultiPolygon","coordinates":[[[[120.591924,22.365712],[120.591948,22.365729],[120.593089,22.364343],[120.593075,22.364325],[120.591924,22.365712]]]]}},{"type":"Feature","properties":{"n":"南進路","v":"潮州鎮","w":2.1,"c":1.35,"r":1},"geometry":{"type":"MultiPolygon","coordinates":[[[[120.542723,22.549821],[120.542779,22.550247],[120.542814,22.550242],[120.542753,22.549821],[120.542723,22.549821]]]]}},{"type":"Feature","properties":{"n":"中山路","v":"潮州鎮","w":42,"c":7,"r":4},"geometry":{"type":"MultiPolygon","coordinates":[[[[120.542729,22.549824],[120.543145,22.549764],[120.543142,22.549739],[120.542721,22.549791],[120.542729,22.549824]]]]}},{"type":"Feature","properties":{"n":"南進路","v":"潮州鎮","w":7,"c":4.5,"r":3},"geometry":{"type":"MultiPolygon","coordinates":[[[[120.542746,22.549633],[120.542781,22.549635],[120.542821,22.549169],[120.542783,22.549162],[120.542746,22.549633]]]]}},{"type":"Feature","properties":{"n":"南進路","v":"潮州鎮","w":7,"c":5.1,"r":3},"geometry":{"type":"MultiPolygon","coordinates":[[[[120.542647,22.549598],[120.542671,22.549598],[120.542722,22.548902],[120.542698,22.548902],[120.542647,22.549598]]]]}},{"type":"Feature","properties":{"n":"南進路","v":"潮州鎮","w":7,"c":5.5,"r":2},"geometry":{"type":"MultiPolygon","coordinates":[[[[120.542831,22.549077],[120.542855,22.548802],[120.542823,22.548798],[120.542798,22.54907],[120.542831,22.549077]]]]}},{"type":"Feature","properties":{"n":"相埔路","v":"琉球鄉","w":4,"c":2,"r":0},"geometry":{"type":"MultiPolygon","coordinates":[[[[120.375213,22.344946],[120.375151,22.344872],[120.37469,22.345112],[120.374663,22.345207],[120.374685,22.345316],[120.374824,22.34573],[120.374816,22.345824],[120.374663,22.345931],[120.373564,22.346596],[120.373132,22.346695],[120.370382,22.347189],[120.369846,22.347471],[120.369175,22.347814],[120.367995,22.349511],[120.368113,22.34963],[120.3692,22.347963],[120.369833,22.347598],[120.370433,22.34729],[120.370838,22.347206],[120.372273,22.346948],[120.373057,22.346797],[120.373657,22.346638],[120.374459,22.346196],[120.374918,22.345916],[120.374956,22.345809],[120.374773,22.345271],[120.374805,22.345152],[120.375213,22.344946]]]]}},{"type":"Feature","properties":{"n":"民生東路","v":"屏東市","w":2,"c":2,"r":3},"geometry":{"type":"MultiPolygon","coordinates":[[[[120.514541,22.657996],[120.514536,22.657977],[120.51139,22.659737],[120.511326,22.659765],[120.511262,22.659775],[120.51127,22.659794],[120.511337,22.659784],[120.511401,22.65976],[120.514541,22.657996]]]]}},{"type":"Feature","properties":{"n":"行政路","v":"琉球鄉","w":3,"c":3,"r":1},"geometry":{"type":"MultiPolygon","coordinates":[[[[120.382435,22.348963],[120.382778,22.349114],[120.382947,22.348782],[120.382995,22.348452],[120.382872,22.348449],[120.382869,22.348496],[120.38295,22.348501],[120.382902,22.348774],[120.382765,22.349047],[120.382464,22.348933],[120.382435,22.348963]]]]}},{"type":"Feature","properties":{"n":"本漁路21巷","v":"琉球鄉","w":2,"c":2,"r":0},"geometry":{"type":"MultiPolygon","coordinates":[[[[120.384512,22.346151],[120.383944,22.346151],[120.383587,22.346667],[120.383619,22.346687],[120.383955,22.346196],[120.384504,22.346188],[120.384512,22.346151]]]]}},{"type":"Feature","properties":{"n":"中正路","v":"琉球鄉","w":4,"c":3,"r":null},"geometry":{"type":"MultiPolygon","coordinates":[[[[120.358891,22.328174],[120.359363,22.328234],[120.359986,22.32881],[120.360436,22.329276],[120.361123,22.329743],[120.361606,22.33005],[120.362003,22.330189],[120.364084,22.332521],[120.364814,22.333276],[120.365275,22.333772],[120.366423,22.334665],[120.367603,22.335707],[120.367989,22.336084],[120.369137,22.337553],[120.370081,22.338962],[120.370478,22.340053],[120.370618,22.340351],[120.371004,22.340877],[120.371712,22.341453],[120.372485,22.341989],[120.37359,22.34313],[120.373686,22.34306],[120.372774,22.342078],[120.372292,22.341681],[120.371702,22.341274],[120.371111,22.340808],[120.37065,22.340163],[120.370307,22.339299],[120.370103,22.338724],[120.369051,22.337186],[120.368236,22.336173],[120.36726,22.335211],[120.365575,22.333792],[120.36461,22.332839],[120.3638,22.33205],[120.363183,22.33136],[120.362421,22.330487],[120.362078,22.33013],[120.361337,22.329757],[120.360479,22.329117],[120.359648,22.328308],[120.359294,22.32812],[120.358897,22.328075],[120.358891,22.328174]]]]}},{"type":"Feature","properties":{"n":"華平路","v":"屏東市","w":2.5,"c":2,"r":4},"geometry":{"type":"MultiPolygon","coordinates":[[[[120.506448,22.689938],[120.506413,22.689889],[120.507071,22.687356],[120.507119,22.687327],[120.507124,22.687312],[120.507108,22.687309],[120.507055,22.687352],[120.5064,22.689894],[120.506443,22.689961],[120.506448,22.689938]]]]}},{"type":"Feature","properties":{"n":"華平路","v":"屏東市","w":2.5,"c":2,"r":4},"geometry":{"type":"MultiPolygon","coordinates":[[[[120.506279,22.689904],[120.506283,22.689916],[120.506288,22.689918],[120.506315,22.689908],[120.50699,22.687349],[120.506985,22.687285],[120.506966,22.687277],[120.506964,22.687287],[120.506974,22.687342],[120.506306,22.689892],[120.506279,22.689904]]]]}},{"type":"Feature","properties":{"n":"瑞光路三段(瑞光綠帶)","v":"屏東市","w":15,"c":6,"r":1},"geometry":{"type":"MultiPolygon","coordinates":[[[[120.503815,22.68699],[120.503848,22.686993],[120.504073,22.686188],[120.504033,22.686178],[120.503815,22.68699]]]]}},{"type":"Feature","properties":{"n":"瑞光路三段(瑞光綠帶)","v":"屏東市","w":15,"c":6,"r":2},"geometry":{"type":"MultiPolygon","coordinates":[[[[120.504103,22.686065],[120.504401,22.684888],[120.504369,22.684878],[120.504064,22.686057],[120.504103,22.686065]]]]}},{"type":"Feature","properties":{"n":"瑞光路三段(瑞光綠帶)","v":"屏東市","w":15,"c":6,"r":2},"geometry":{"type":"MultiPolygon","coordinates":[[[[120.504412,22.684839],[120.504557,22.684277],[120.50453,22.68427],[120.504385,22.684829],[120.504412,22.684839]]]]}},{"type":"Feature","properties":{"n":"華正路(和平國小通學步道)","v":"屏東市","w":3,"c":2,"r":2},"geometry":{"type":"MultiPolygon","coordinates":[[[[120.500426,22.686257],[120.500407,22.686289],[120.502338,22.686784],[120.502341,22.686742],[120.500426,22.686257]]]]}},{"type":"Feature","properties":{"n":"華正路(和平扶輪公園步道)","v":"屏東市","w":15,"c":10,"r":2},"geometry":{"type":"MultiPolygon","coordinates":[[[[120.502027,22.686489],[120.502054,22.686539],[120.50226,22.686593],[120.502317,22.686564],[120.502027,22.686489]]]]}},{"type":"Feature","properties":{"n":"華正路57巷(和平扶輪公園)","v":"屏東市","w":5,"c":3.5,"r":2},"geometry":{"type":"MultiPolygon","coordinates":[[[[120.502311,22.686561],[120.502461,22.686024],[120.502443,22.685977],[120.502427,22.685992],[120.50244,22.686027],[120.50229,22.686551],[120.502311,22.686561]]]]}},{"type":"Feature","properties":{"n":"華夏路(和平扶輪公園)","v":"屏東市","w":5,"c":3.5,"r":2},"geometry":{"type":"MultiPolygon","coordinates":[[[[120.50203,22.686487],[120.502046,22.686491],[120.502204,22.68595],[120.502231,22.685935],[120.50222,22.685917],[120.502193,22.685935],[120.50203,22.686487]]]]}},{"type":"Feature","properties":{"n":"華夏路(和平扶輪公園)","v":"屏東市","w":5,"c":3.5,"r":2},"geometry":{"type":"MultiPolygon","coordinates":[[[[120.502227,22.685916],[120.502238,22.685933],[120.502257,22.685931],[120.502423,22.685982],[120.502445,22.68597],[120.502251,22.685911],[120.502227,22.685916]]]]}},{"type":"Feature","properties":{"n":"環保局步道3","v":"屏東市","w":5,"c":5,"r":1},"geometry":{"type":"MultiPolygon","coordinates":[[[[120.494779,22.688279],[120.49494,22.688863],[120.494956,22.688875],[120.494964,22.688863],[120.494951,22.688851],[120.494798,22.688272],[120.494779,22.688279]]]]}},{"type":"Feature","properties":{"n":"環保局步道1","v":"屏東市","w":3,"c":3,"r":2},"geometry":{"type":"MultiPolygon","coordinates":[[[[120.494969,22.688864],[120.494964,22.688879],[120.49498,22.688889],[120.495377,22.688777],[120.495388,22.68876],[120.495377,22.68875],[120.495366,22.688763],[120.494986,22.688874],[120.494969,22.688864]]]]}},{"type":"Feature","properties":{"n":"環保局步道2","v":"屏東市","w":5,"c":5,"r":2},"geometry":{"type":"MultiPolygon","coordinates":[[[[120.4952,22.688176],[120.495184,22.688186],[120.495388,22.68873],[120.49538,22.688743],[120.495393,22.68875],[120.495404,22.688733],[120.4952,22.688176]]]]}},{"type":"Feature","properties":{"n":"國稅局屏東分局步道1","v":"屏東市","w":5,"c":3.5,"r":2},"geometry":{"type":"MultiPolygon","coordinates":[[[[120.493991,22.689138],[120.494002,22.689124],[120.494066,22.688601],[120.494147,22.688356],[120.49419,22.68827],[120.494179,22.68826],[120.494125,22.688369],[120.494047,22.688599],[120.493978,22.689124],[120.493991,22.689138]]]]}},{"type":"Feature","properties":{"n":"國稅局屏東分局步道2","v":"屏東市","w":5,"c":3.5,"r":2},"geometry":{"type":"MultiPolygon","coordinates":[[[[120.494002,22.689156],[120.494804,22.688938],[120.494825,22.688901],[120.493991,22.689139],[120.494002,22.689156]]]]}},{"type":"Feature","properties":{"n":"國稅局屏東分局步道3","v":"屏東市","w":5,"c":3.5,"r":2},"geometry":{"type":"MultiPolygon","coordinates":[[[[120.494827,22.688895],[120.494626,22.688153],[120.49461,22.688145],[120.494602,22.68816],[120.494613,22.68817],[120.494811,22.6889],[120.494827,22.688895]]]]}},{"type":"Feature","properties":{"n":"國稅局屏東分局步道4","v":"屏東市","w":5,"c":3.5,"r":2},"geometry":{"type":"MultiPolygon","coordinates":[[[[120.494184,22.688251],[120.494195,22.688269],[120.494573,22.68815],[120.494592,22.688155],[120.494606,22.68814],[120.494581,22.688132],[120.494184,22.688251]]]]}},{"type":"Feature","properties":{"n":"公勇路(台鐵屏東車站人行步道)","v":"屏東市","w":3,"c":2,"r":5},"geometry":{"type":"MultiPolygon","coordinates":[[[[120.481934,22.669209],[120.481935,22.669232],[120.484507,22.668901],[120.488654,22.668404],[120.488651,22.668385],[120.484585,22.668872],[120.481934,22.669209]]]]}},{"type":"Feature","properties":{"n":"桂林街(唐榮國小通學步道)","v":"屏東市","w":2.8,"c":1.8,"r":2},"geometry":{"type":"MultiPolygon","coordinates":[[[[120.485958,22.672314],[120.484295,22.671688],[120.484287,22.671712],[120.485945,22.672326],[120.485958,22.672314]]]]}},{"type":"Feature","properties":{"n":"重慶路(唐榮國小通學步道)","v":"屏東市","w":2.8,"c":1.8,"r":1},"geometry":{"type":"MultiPolygon","coordinates":[[[[120.484296,22.671687],[120.48432,22.671697],[120.484698,22.670865],[120.484674,22.670853],[120.484296,22.671687]]]]}},{"type":"Feature","properties":{"n":"華盛街(崇大新城步道)","v":"屏東市","w":2.5,"c":1.5,"r":2},"geometry":{"type":"MultiPolygon","coordinates":[[[[120.478688,22.663809],[120.478822,22.661569],[120.4788,22.661566],[120.478667,22.663807],[120.478688,22.663809]]]]}},{"type":"Feature","properties":{"n":"榮總南路(崇大新城步道)","v":"屏東市","w":2.5,"c":2,"r":3},"geometry":{"type":"MultiPolygon","coordinates":[[[[120.478795,22.661569],[120.476763,22.661404],[120.476763,22.661428],[120.478793,22.661587],[120.478795,22.661569]]]]}},{"type":"Feature","properties":{"n":"永大公園步道(華盛街側)","v":"屏東市","w":5,"c":3.8,"r":2},"geometry":{"type":"MultiPolygon","coordinates":[[[[120.478829,22.661498],[120.478845,22.661238],[120.478831,22.661238],[120.478812,22.661498],[120.478829,22.661498]]]]}},{"type":"Feature","properties":{"n":"永大公園步道(鄰崇大新城)","v":"屏東市","w":5,"c":3.8,"r":1},"geometry":{"type":"MultiPolygon","coordinates":[[[[120.478807,22.661482],[120.477013,22.66132],[120.477013,22.661347],[120.478804,22.661502],[120.478807,22.661482]]]]}},{"type":"Feature","properties":{"n":"武昌公園步道","v":"屏東市","w":3,"c":3,"r":1},"geometry":{"type":"MultiPolygon","coordinates":[[[[120.475158,22.659443],[120.475327,22.65977],[120.476911,22.659859],[120.477477,22.659659],[120.477466,22.659639],[120.476911,22.659844],[120.47534,22.659748],[120.475174,22.659431],[120.475158,22.659443]]]]}},{"type":"Feature","properties":{"n":"武昌公園步道","v":"屏東市","w":3,"c":3,"r":1},"geometry":{"type":"MultiPolygon","coordinates":[[[[120.476919,22.659869],[120.477107,22.659878],[120.477012,22.661315],[120.477037,22.661315],[120.477137,22.659854],[120.476965,22.659847],[120.476919,22.659869]]]]}},{"type":"Feature","properties":{"n":"武立公園步道","v":"屏東市","w":3,"c":3,"r":2},"geometry":{"type":"MultiPolygon","coordinates":[[[[120.474984,22.659393],[120.474611,22.658697],[120.474195,22.65892],[120.474149,22.659318],[120.474171,22.659318],[120.474214,22.65893],[120.474605,22.658722],[120.474954,22.659378],[120.474871,22.659393],[120.474208,22.659338],[120.474176,22.659323],[120.474155,22.659326],[120.474184,22.659358],[120.474871,22.659412],[120.474949,22.659405],[120.474984,22.659393]]]]}},{"type":"Feature","properties":{"n":"復興公園步道(自立南路側)","v":"屏東市","w":5,"c":5,"r":1},"geometry":{"type":"MultiPolygon","coordinates":[[[[120.480969,22.658006],[120.481843,22.659822],[120.481872,22.659818],[120.480994,22.657998],[120.480969,22.658006]]]]}},{"type":"Feature","properties":{"n":"復興公園步道(自立南路70巷側)","v":"屏東市","w":1.5,"c":1.5,"r":2},"geometry":{"type":"MultiPolygon","coordinates":[[[[120.481863,22.659797],[120.481876,22.659819],[120.48267,22.659678],[120.482729,22.659572],[120.48278,22.659386],[120.482764,22.659386],[120.482721,22.659542],[120.482665,22.659651],[120.481863,22.659797]]]]}},{"type":"Feature","properties":{"n":"復興公園步道3","v":"屏東市","w":5,"c":5,"r":0},"geometry":{"type":"MultiPolygon","coordinates":[[[[120.481066,22.658136],[120.481082,22.658176],[120.483003,22.657616],[120.483432,22.657948],[120.483378,22.658314],[120.483963,22.659176],[120.48399,22.659166],[120.483421,22.658314],[120.48348,22.657933],[120.483013,22.657582],[120.481066,22.658136]]]]}},{"type":"Feature","properties":{"n":"復興公園步道4","v":"屏東市","w":5,"c":5,"r":0},"geometry":{"type":"MultiPolygon","coordinates":[[[[120.481828,22.659703],[120.48185,22.659737],[120.482193,22.659549],[120.482558,22.659549],[120.482783,22.659371],[120.483078,22.659435],[120.483363,22.659311],[120.48362,22.659381],[120.484017,22.659193],[120.483996,22.659178],[120.483609,22.659346],[120.483368,22.659272],[120.483073,22.659391],[120.482767,22.659341],[120.482537,22.659505],[120.482188,22.659509],[120.481828,22.659703]]]]}},{"type":"Feature","properties":{"n":"瑞光南路","v":"屏東市","w":2.5,"c":1.5,"r":22},"geometry":{"type":"MultiPolygon","coordinates":[[[[120.514706,22.657881],[120.514458,22.656096],[120.514307,22.65564],[120.513964,22.655125],[120.505943,22.647616],[120.50354,22.645319],[120.501523,22.643737],[120.499055,22.642093],[120.497394,22.641404],[120.491584,22.639558],[120.488485,22.638609],[120.48773,22.638544],[120.486915,22.638554],[120.48567,22.638435],[120.485675,22.638485],[120.48692,22.638618],[120.487725,22.638608],[120.488508,22.638648],[120.495677,22.64091],[120.497451,22.641482],[120.499007,22.642145],[120.50152,22.643797],[120.503505,22.645381],[120.504983,22.646762],[120.506438,22.648162],[120.510064,22.651552],[120.513914,22.655172],[120.514233,22.655631],[120.514394,22.656126],[120.51466,22.657898],[120.514706,22.657881]]]]}},{"type":"Feature","properties":{"n":"瑞光南路","v":"屏東市","w":2.5,"c":1.5,"r":22},"geometry":{"type":"MultiPolygon","coordinates":[[[[120.514537,22.65797],[120.514296,22.656331],[120.513996,22.655578],[120.513191,22.654628],[120.51038,22.652153],[120.506329,22.648325],[120.503244,22.645384],[120.501027,22.643633],[120.49886,22.642207],[120.489618,22.639102],[120.488352,22.638773],[120.48656,22.638704],[120.485659,22.638635],[120.48567,22.638714],[120.486678,22.638773],[120.48833,22.638833],[120.489676,22.639205],[120.498787,22.642249],[120.500988,22.643687],[120.502576,22.644954],[120.50322,22.645459],[120.509496,22.651412],[120.511061,22.65285],[120.513153,22.654701],[120.513934,22.655602],[120.514256,22.656355],[120.51447,22.657998],[120.514537,22.65797]]]]}},{"type":"Feature","properties":{"n":"縣民公園","v":"屏東市","w":5,"c":5,"r":0},"geometry":{"type":"MultiPolygon","coordinates":[[[[120.498237,22.659043],[120.498281,22.658993],[120.497466,22.658478],[120.495322,22.656814],[120.494539,22.656408],[120.493462,22.656044],[120.489162,22.655492],[120.488615,22.65562],[120.488218,22.655719],[120.488239,22.655799],[120.488625,22.65568],[120.489162,22.655561],[120.491672,22.655888],[120.493443,22.656109],[120.494505,22.656446],[120.495277,22.656862],[120.496296,22.657644],[120.497423,22.658525],[120.498237,22.659043]]]]}},{"type":"Feature","properties":{"n":"縣民公園2","v":"屏東市","w":5,"c":5,"r":0},"geometry":{"type":"MultiPolygon","coordinates":[[[[120.498105,22.659188],[120.49736,22.658688],[120.496072,22.657713],[120.494586,22.65669],[120.493385,22.656314],[120.489106,22.655773],[120.488194,22.65601],[120.488205,22.65605],[120.489101,22.655807],[120.493383,22.656354],[120.494562,22.656727],[120.496079,22.657768],[120.497211,22.658634],[120.498096,22.659223],[120.498105,22.659188]]]]}},{"type":"Feature","properties":{"n":"大同國小通學步道","v":"屏東市","w":5,"c":4,"r":1},"geometry":{"type":"MultiPolygon","coordinates":[[[[120.475993,22.666878],[120.476122,22.665296],[120.476082,22.665288],[120.475954,22.666844],[120.475993,22.666878]]]]}},{"type":"Feature","properties":{"n":"大同國小通學步道","v":"屏東市","w":5,"c":2,"r":0},"geometry":{"type":"MultiPolygon","coordinates":[[[[120.476129,22.665295],[120.476126,22.665325],[120.477288,22.665402],[120.477293,22.665372],[120.476129,22.665295]]]]}},{"type":"Feature","properties":{"n":"極限運動公園步道","v":"屏東市","w":3,"c":3,"r":0},"geometry":{"type":"MultiPolygon","coordinates":[[[[120.483115,22.676836],[120.484804,22.67693],[120.484837,22.676501],[120.48312,22.676398],[120.483096,22.676811],[120.483115,22.676811],[120.483133,22.676422],[120.484815,22.676516],[120.484791,22.67691],[120.483098,22.676818],[120.483115,22.676836]]]]}},{"type":"Feature","properties":{"n":"永新公園步道1","v":"屏東市","w":3,"c":3,"r":0},"geometry":{"type":"MultiPolygon","coordinates":[[[[120.481363,22.676734],[120.483007,22.67682],[120.483023,22.676795],[120.483042,22.67639],[120.48146,22.676303],[120.481352,22.676424],[120.481336,22.676709],[120.481355,22.676709],[120.481371,22.676429],[120.481468,22.67632],[120.483029,22.676409],[120.483005,22.676783],[120.482991,22.676798],[120.481339,22.676714],[120.481363,22.676734]]]]}},{"type":"Feature","properties":{"n":"永新公園步道2","v":"屏東市","w":3,"c":3,"r":0},"geometry":{"type":"MultiPolygon","coordinates":[[[[120.478084,22.676526],[120.481073,22.676716],[120.481156,22.676615],[120.481178,22.676281],[120.478112,22.676085],[120.478083,22.6765],[120.478101,22.676503],[120.478128,22.676107],[120.481161,22.676298],[120.481139,22.6766],[120.48107,22.676691],[120.478084,22.676508],[120.478084,22.676526]]]]}},{"type":"Feature","properties":{"n":"勝利路(得勝新村)","v":"屏東市","w":4,"c":2,"r":2},"geometry":{"type":"MultiPolygon","coordinates":[[[[120.481208,22.679051],[120.482852,22.679145],[120.482849,22.679113],[120.481176,22.679024],[120.481208,22.679051]]]]}},{"type":"Feature","properties":{"n":"重慶路(得勝新村)","v":"屏東市","w":5,"c":2.5,"r":2},"geometry":{"type":"MultiPolygon","coordinates":[[[[120.482845,22.679106],[120.482896,22.678389],[120.482869,22.678374],[120.482818,22.679104],[120.482845,22.679106]]]]}},{"type":"Feature","properties":{"n":"青島街(得勝新村)","v":"屏東市","w":5,"c":2.5,"r":2},"geometry":{"type":"MultiPolygon","coordinates":[[[[120.482857,22.678372],[120.481214,22.678271],[120.481204,22.678298],[120.482861,22.678397],[120.482857,22.678372]]]]}},{"type":"Feature","properties":{"n":"博愛路(得勝新村)","v":"屏東市","w":5,"c":2.5,"r":2},"geometry":{"type":"MultiPolygon","coordinates":[[[[120.481177,22.679015],[120.481174,22.678991],[120.481228,22.678303],[120.481204,22.678303],[120.481147,22.678993],[120.481177,22.679015]]]]}},{"type":"Feature","properties":{"n":"勝利東路(屏東公園步道)","v":"屏東市","w":5,"c":3.5,"r":2},"geometry":{"type":"MultiPolygon","coordinates":[[[[120.492893,22.678275],[120.492938,22.678377],[120.49311,22.678396],[120.493394,22.678382],[120.493907,22.678278],[120.494601,22.678082],[120.494582,22.678055],[120.493893,22.678258],[120.493394,22.678354],[120.493102,22.678369],[120.49296,22.678354],[120.49292,22.678263],[120.492893,22.678275]]]]}},{"type":"Feature","properties":{"n":"四維路","v":"屏東市","w":25,"c":25,"r":4},"geometry":{"type":"MultiPolygon","coordinates":[[[[120.481147,22.665964],[120.482643,22.665775],[120.482611,22.665548],[120.481114,22.665736],[120.481147,22.665964]]]]}},{"type":"Feature","properties":{"n":"南興路","v":"新園鄉","w":2.5,"c":2.5,"r":2},"geometry":{"type":"MultiPolygon","coordinates":[[[[120.458476,22.488337],[120.458529,22.488337],[120.458385,22.487197],[120.458342,22.487207],[120.458476,22.488337]]]]}},{"type":"Feature","properties":{"n":"鹽洲路","v":"新園鄉","w":3.75,"c":2.75,"r":null},"geometry":{"type":"MultiPolygon","coordinates":[[[[120.440222,22.490024],[120.440265,22.490064],[120.442469,22.484735],[120.442436,22.484726],[120.440222,22.490024]]]]}},{"type":"Feature","properties":{"n":"義仁東路","v":"新園鄉","w":1.9,"c":1.9,"r":0},"geometry":{"type":"MultiPolygon","coordinates":[[[[120.439399,22.473828],[120.43941,22.473821],[120.439188,22.473593],[120.439179,22.4736],[120.439399,22.473828]]]]}},{"type":"Feature","properties":{"n":"A-2計畫道路","v":"恆春鎮","w":3.9,"c":3.7,"r":5},"geometry":{"type":"MultiPolygon","coordinates":[[[[120.748699,22.002125],[120.748653,22.002103],[120.747857,22.003465],[120.747905,22.00349],[120.748699,22.002125]]]]}},{"type":"Feature","properties":{"n":"中林路","v":"林邊鄉","w":1.5,"c":1.5,"r":2},"geometry":{"type":"MultiPolygon","coordinates":[[[[120.513925,22.432147],[120.513944,22.432177],[120.515419,22.431379],[120.515443,22.431426],[120.515515,22.431456],[120.51559,22.431446],[120.515674,22.431423],[120.51573,22.431428],[120.515778,22.431505],[120.515802,22.431617],[120.515786,22.431627],[120.513504,22.43279],[120.513539,22.432847],[120.515835,22.431634],[120.515805,22.431495],[120.515751,22.431409],[120.515682,22.431391],[120.515593,22.431416],[120.515521,22.431423],[120.515456,22.431401],[120.51543,22.431344],[120.513925,22.432147]]]]}},{"type":"Feature","properties":{"n":"建功路","v":"新埤鄉","w":1.45,"c":1.45,"r":6},"geometry":{"type":"MultiPolygon","coordinates":[[[[120.564847,22.483881],[120.565426,22.484107],[120.566695,22.484568],[120.566912,22.484682],[120.567569,22.484964],[120.567931,22.485044],[120.5681,22.485066],[120.568232,22.485046],[120.568242,22.485019],[120.568106,22.485044],[120.567931,22.485021],[120.567582,22.48494],[120.566936,22.484659],[120.566713,22.484548],[120.564855,22.483864],[120.564852,22.483866],[120.564847,22.483881]]]]}},{"type":"Feature","properties":{"n":"建功路","v":"新埤鄉","w":1.4,"c":1.4,"r":3},"geometry":{"type":"MultiPolygon","coordinates":[[[[120.564825,22.483954],[120.564822,22.483972],[120.564817,22.483972],[120.565268,22.48414],[120.565281,22.484165],[120.565238,22.484267],[120.565257,22.484274],[120.5653,22.484165],[120.565284,22.484128],[120.564825,22.483954]]]]}},{"type":"Feature","properties":{"n":"建功路","v":"新埤鄉","w":1.5,"c":1.5,"r":4},"geometry":{"type":"MultiPolygon","coordinates":[[[[120.565426,22.484177],[120.565429,22.48418],[120.565415,22.48421],[120.566445,22.484554],[120.567462,22.485015],[120.568073,22.485144],[120.568232,22.485132],[120.568237,22.485097],[120.568076,22.485112],[120.567467,22.484978],[120.566464,22.484524],[120.565426,22.484177]]]]}},{"type":"Feature","properties":{"n":"如意宮廣場","v":"南州鄉","w":30,"c":30,"r":null},"geometry":{"type":"MultiPolygon","coordinates":[[[[120.510021,22.489265],[120.510223,22.489262],[120.51022,22.489111],[120.510021,22.489113],[120.510021,22.489265]]]]}},{"type":"Feature","properties":{"n":"大埔路","v":"南州鄉","w":13.5,"c":7,"r":null},"geometry":{"type":"MultiPolygon","coordinates":[[[[120.514873,22.474135],[120.514975,22.474098],[120.514884,22.473763],[120.514704,22.473719],[120.514865,22.474138],[120.514873,22.474135]]]]}},{"type":"Feature","properties":{"n":"同安路","v":"南州鄉","w":16,"c":16,"r":null},"geometry":{"type":"MultiPolygon","coordinates":[[[[120.522873,22.472319],[120.523115,22.472275],[120.523128,22.472057],[120.522964,22.472082],[120.522956,22.472257],[120.522884,22.472257],[120.522873,22.472317],[120.522873,22.472319]]]]}},{"type":"Feature","properties":{"n":"中山路1巷","v":"滿州鄉","w":2.3,"c":2,"r":null},"geometry":{"type":"MultiPolygon","coordinates":[[[[120.834739,22.017926],[120.834734,22.017911],[120.834436,22.017968],[120.834337,22.017911],[120.834329,22.017931],[120.834431,22.017983],[120.834739,22.017926]]]]}},{"type":"Feature","properties":{"n":"北興街","v":"屏東市","w":3.7,"c":2.7,"r":3},"geometry":{"type":"MultiPolygon","coordinates":[[[[120.495092,22.690034],[120.495103,22.689897],[120.494867,22.689051],[120.494818,22.689031],[120.494848,22.689068],[120.495081,22.689905],[120.495092,22.690034]]]]}},{"type":"Feature","properties":{"n":"北興一街","v":"屏東市","w":3.8,"c":2.7,"r":2},"geometry":{"type":"MultiPolygon","coordinates":[[[[120.49481,22.689034],[120.493858,22.689294],[120.493853,22.689316],[120.494816,22.689056],[120.494834,22.689059],[120.49481,22.689034]]]]}},{"type":"Feature","properties":{"n":"北興一街","v":"屏東市","w":4.3,"c":2.3,"r":2},"geometry":{"type":"MultiPolygon","coordinates":[[[[120.494995,22.688984],[120.494993,22.689001],[120.495019,22.688999],[120.495424,22.688885],[120.495432,22.68887],[120.495416,22.688865],[120.494995,22.688984]]]]}},{"type":"Feature","properties":{"n":"北興街","v":"屏東市","w":5.3,"c":1.5,"r":3},"geometry":{"type":"MultiPolygon","coordinates":[[[[120.494994,22.688999],[120.494983,22.689014],[120.495045,22.689246],[120.495117,22.689229],[120.495174,22.689273],[120.495125,22.689367],[120.495082,22.689382],[120.49509,22.689412],[120.495141,22.689395],[120.495157,22.689481],[120.495115,22.689496],[120.495123,22.689518],[120.495168,22.689506],[120.495235,22.689771],[120.49519,22.689781],[120.495195,22.689808],[120.495241,22.689835],[120.495289,22.68983],[120.495267,22.689771],[120.495187,22.689499],[120.495157,22.689365],[120.495227,22.689221],[120.495107,22.689145],[120.495074,22.689038],[120.494999,22.689001],[120.494994,22.688999]]]]}},{"type":"Feature","properties":{"n":"北興一街","v":"屏東市","w":5,"c":1.5,"r":2},"geometry":{"type":"MultiPolygon","coordinates":[[[[120.495284,22.689808],[120.495493,22.689751],[120.495498,22.689776],[120.49553,22.689766],[120.495522,22.689744],[120.495718,22.689694],[120.495729,22.689672],[120.495726,22.689662],[120.495278,22.689788],[120.495284,22.689808]]]]}},{"type":"Feature","properties":{"n":"北興一街","v":"屏東市","w":5,"c":1.5,"r":2},"geometry":{"type":"MultiPolygon","coordinates":[[[[120.495726,22.689662],[120.495643,22.689432],[120.495656,22.689427],[120.495648,22.689405],[120.495632,22.689414],[120.495608,22.689417],[120.495581,22.689412],[120.495581,22.68938],[120.495592,22.689367],[120.4956,22.689333],[120.495592,22.689286],[120.495573,22.689244],[120.495549,22.689224],[120.495509,22.689216],[120.495418,22.688939],[120.495477,22.688922],[120.495461,22.68888],[120.495436,22.688872],[120.495428,22.688887],[120.495364,22.688905],[120.495477,22.689226],[120.49549,22.689251],[120.495538,22.689263],[120.495557,22.689286],[120.495568,22.68932],[120.49556,22.689358],[120.495536,22.68938],[120.495538,22.689412],[120.495557,22.689444],[120.495592,22.689452],[120.495619,22.689452],[120.495702,22.689664],[120.495726,22.689662]]]]}},{"type":"Feature","properties":{"n":"興豐公園環繞步道2","v":"屏東市","w":1.5,"c":1.5,"r":1},"geometry":{"type":"MultiPolygon","coordinates":[[[[120.508456,22.682066],[120.508483,22.682071],[120.508515,22.682066],[120.508518,22.682059],[120.508491,22.682054],[120.508528,22.681987],[120.508499,22.681972],[120.508461,22.682051],[120.50819,22.68196],[120.508215,22.681895],[120.508459,22.682034],[120.508464,22.682021],[120.50822,22.681883],[120.508257,22.681809],[120.508241,22.681791],[120.508233,22.681794],[120.508193,22.681885],[120.50793,22.681821],[120.507922,22.681833],[120.508193,22.6819],[120.508169,22.681955],[120.507901,22.681878],[120.50789,22.681863],[120.507949,22.681779],[120.508249,22.681784],[120.508333,22.681868],[120.508408,22.681932],[120.508488,22.681982],[120.508496,22.681967],[120.508418,22.68192],[120.508343,22.681858],[120.508252,22.681764],[120.507933,22.681766],[120.507879,22.681848],[120.507877,22.681865],[120.507882,22.68188],[120.507909,22.681895],[120.508456,22.682066]]]]}},{"type":"Feature","properties":{"n":"興豐公園環繞步道3","v":"屏東市","w":1.5,"c":1.5,"r":2},"geometry":{"type":"MultiPolygon","coordinates":[[[[120.508507,22.681901],[120.508526,22.681817],[120.508523,22.681772],[120.508505,22.681745],[120.508494,22.681718],[120.508505,22.681676],[120.508534,22.681641],[120.508553,22.681606],[120.508548,22.681567],[120.508556,22.681547],[120.508534,22.681545],[120.508537,22.681606],[120.508521,22.681639],[120.508491,22.681671],[120.508478,22.681713],[120.508489,22.681757],[120.508507,22.681777],[120.50851,22.681819],[120.508494,22.681901],[120.508507,22.681901]]]]}},{"type":"Feature","properties":{"n":"豐連街125巷","v":"屏東市","w":1.2,"c":1.2,"r":1},"geometry":{"type":"MultiPolygon","coordinates":[[[[120.509328,22.680711],[120.50935,22.680713],[120.509347,22.680513],[120.509285,22.680273],[120.509135,22.680005],[120.509215,22.679953],[120.510288,22.679424],[120.51027,22.679414],[120.51024,22.679411],[120.509213,22.679931],[120.5091,22.68],[120.509266,22.68028],[120.509325,22.680515],[120.509328,22.680711]]]]}},{"type":"Feature","properties":{"n":"台鐵高架下方人行步道","v":"屏東市","w":1.5,"c":1.5,"r":2},"geometry":{"type":"MultiPolygon","coordinates":[[[[120.481562,22.669742],[120.481559,22.66972],[120.481149,22.669779],[120.480703,22.669809],[120.480215,22.669781],[120.479547,22.669715],[120.479043,22.669613],[120.478603,22.669499],[120.478603,22.669522],[120.479024,22.669631],[120.479545,22.669737],[120.480213,22.669806],[120.480701,22.669833],[120.481157,22.669801],[120.481519,22.669749],[120.481562,22.669742]]]]}},{"type":"Feature","properties":{"n":"台鐵高架下方人行步道","v":"屏東市","w":1.5,"c":1.5,"r":2},"geometry":{"type":"MultiPolygon","coordinates":[[[[120.47833,22.669407],[120.475814,22.668711],[120.475811,22.668743],[120.478325,22.669439],[120.47833,22.669407]]]]}},{"type":"Feature","properties":{"n":"台鐵高架下方人行步道","v":"屏東市","w":1.5,"c":1.5,"r":2},"geometry":{"type":"MultiPolygon","coordinates":[[[[120.475646,22.668658],[120.473787,22.668126],[120.473806,22.668161],[120.475646,22.66869],[120.475646,22.668658]]]]}},{"type":"Feature","properties":{"n":"台鐵高架下方人行步道","v":"屏東市","w":1.5,"c":1.5,"r":2},"geometry":{"type":"MultiPolygon","coordinates":[[[[120.473698,22.668104],[120.470171,22.667119],[120.470158,22.667148],[120.473725,22.668138],[120.473698,22.668104]]]]}},{"type":"Feature","properties":{"n":"勝利星村空翔區1","v":"屏東市","w":2,"c":2,"r":6},"geometry":{"type":"MultiPolygon","coordinates":[[[[120.482474,22.680692],[120.483684,22.680764],[120.483738,22.680121],[120.483373,22.680086],[120.482528,22.680049],[120.482504,22.680051],[120.482461,22.680682],[120.48248,22.680682],[120.48252,22.680066],[120.483386,22.680103],[120.483711,22.680135],[120.483665,22.680744],[120.48249,22.680677],[120.482474,22.680692]]]]}},{"type":"Feature","properties":{"n":"勝利星村空翔區2","v":"屏東市","w":2,"c":2,"r":6},"geometry":{"type":"MultiPolygon","coordinates":[[[[120.482507,22.67994],[120.482537,22.679965],[120.483733,22.680032],[120.483784,22.679391],[120.483762,22.679351],[120.482553,22.679267],[120.482507,22.679933],[120.482529,22.679933],[120.482571,22.67929],[120.483741,22.679366],[120.483765,22.679391],[120.483714,22.680005],[120.482537,22.679943],[120.482507,22.67994]]]]}},{"type":"Feature","properties":{"n":"勝利星村空翔區3","v":"屏東市","w":2,"c":2,"r":6},"geometry":{"type":"MultiPolygon","coordinates":[[[[120.483821,22.680054],[120.484564,22.680089],[120.484613,22.679468],[120.484554,22.679403],[120.484513,22.679396],[120.483883,22.679359],[120.483851,22.679379],[120.483819,22.68003],[120.48384,22.68003],[120.48387,22.679389],[120.483886,22.679379],[120.48454,22.679416],[120.484594,22.679473],[120.484548,22.680067],[120.483821,22.680035],[120.483821,22.680054]]]]}},{"type":"Feature","properties":{"n":"勝利星村空翔區4","v":"屏東市","w":2,"c":2,"r":4},"geometry":{"type":"MultiPolygon","coordinates":[[[[120.484523,22.68078],[120.484558,22.680179],[120.484499,22.680161],[120.48382,22.680122],[120.483801,22.680132],[120.483758,22.680738],[120.48378,22.680738],[120.483823,22.680147],[120.483836,22.680137],[120.484488,22.680179],[120.484536,22.680196],[120.484501,22.680778],[120.484523,22.68078]]]]}},{"type":"Feature","properties":{"n":"蘭州街特色公園步道","v":"屏東市","w":1.5,"c":1.5,"r":2},"geometry":{"type":"MultiPolygon","coordinates":[[[[120.484822,22.679641],[120.484825,22.679664],[120.485793,22.679713],[120.485782,22.68004],[120.485675,22.680032],[120.485447,22.679886],[120.48545,22.679775],[120.485358,22.679763],[120.48513,22.679753],[120.48513,22.679847],[120.485066,22.679904],[120.484924,22.679963],[120.4848,22.680005],[120.484792,22.680111],[120.484921,22.680109],[120.484948,22.680035],[120.485197,22.679894],[120.485332,22.679904],[120.485466,22.679995],[120.485632,22.680149],[120.485793,22.680151],[120.485817,22.679698],[120.484822,22.679641]]]]}},{"type":"Feature","properties":{"n":"勝利路","v":"鹽埔鄉","w":2,"c":2,"r":1},"geometry":{"type":"MultiPolygon","coordinates":[[[[120.577295,22.760581],[120.577298,22.760578],[120.577306,22.760586],[120.577899,22.759804],[120.57903,22.760301],[120.579044,22.760286],[120.577899,22.759779],[120.577295,22.760581]]]]}},{"type":"Feature","properties":{"n":"琉球共融公園","v":"琉球鄉","w":1.5,"c":1.5,"r":0},"geometry":{"type":"MultiPolygon","coordinates":[[[[120.385666,22.347666],[120.386154,22.347785],[120.386449,22.346912],[120.385966,22.346797],[120.385612,22.347661],[120.385655,22.347656],[120.385982,22.346847],[120.386406,22.346941],[120.386122,22.34774],[120.385676,22.347636],[120.385666,22.347666]]]]}},{"type":"Feature","properties":{"n":"三民路","v":"九如鄉","w":1.5,"c":1.5,"r":0},"geometry":{"type":"MultiPolygon","coordinates":[[[[120.490764,22.74871],[120.491,22.74875],[120.490678,22.748235],[120.490764,22.74871]]]]}},{"type":"Feature","properties":{"n":"三民路","v":"九如鄉","w":1.5,"c":1.5,"r":0},"geometry":{"type":"MultiPolygon","coordinates":[[[[120.482452,22.749143],[120.48245,22.74917],[120.484159,22.748938],[120.485881,22.749],[120.489011,22.748908],[120.489008,22.748876],[120.48589,22.748965],[120.484158,22.748906],[120.482452,22.749143]]]]}},{"type":"Feature","properties":{"n":"長興路","v":"長治鄉","w":1.5,"c":1.5,"r":1},"geometry":{"type":"MultiPolygon","coordinates":[[[[120.523643,22.676768],[120.523648,22.676785],[120.525882,22.67633],[120.525938,22.676344],[120.526177,22.676827],[120.526322,22.677463],[120.526282,22.67749],[120.525094,22.677728],[120.524841,22.67781],[120.52485,22.677827],[120.525107,22.67774],[120.526301,22.677503],[120.526341,22.677461],[120.526191,22.676815],[120.525949,22.676322],[120.525882,22.67631],[120.523643,22.676768]]]]}},{"type":"Feature","properties":{"n":"中路","v":"九如鄉","w":1.5,"c":1.5,"r":3},"geometry":{"type":"MultiPolygon","coordinates":[[[[120.48316,22.732788],[120.483142,22.731536],[120.483099,22.731519],[120.482157,22.731952],[120.481428,22.732303],[120.479979,22.732813],[120.479995,22.732882],[120.480612,22.732689],[120.481438,22.732392],[120.483042,22.73163],[120.48308,22.731655],[120.483069,22.732803],[120.48316,22.732788]]]]}},{"type":"Feature","properties":{"n":"公園路","v":"屏東市","w":1.5,"c":1.5,"r":1},"geometry":{"type":"MultiPolygon","coordinates":[[[[120.494594,22.673073],[120.49553,22.672805],[120.495565,22.672771],[120.495567,22.672739],[120.494583,22.673036],[120.494594,22.673073]]]]}},{"type":"Feature","properties":{"n":"和平路","v":"屏東市","w":4.85,"c":2.5,"r":3},"geometry":{"type":"MultiPolygon","coordinates":[[[[120.4788,22.673465],[120.478309,22.673415],[120.478218,22.674541],[120.478733,22.674576],[120.478725,22.674536],[120.478253,22.674507],[120.478355,22.673489],[120.478787,22.673522],[120.4788,22.673465]]]]}},{"type":"Feature","properties":{"n":"溫泉路","v":"車城鄉","w":1.5,"c":1.5,"r":0},"geometry":{"type":"MultiPolygon","coordinates":[[[[120.735359,22.084078],[120.735353,22.084095],[120.73608,22.084177],[120.73704,22.084304],[120.737046,22.084289],[120.736206,22.084175],[120.735359,22.084078]]]]}},{"type":"Feature","properties":{"n":"恆南路","v":"恆春鎮","w":2,"c":2,"r":2},"geometry":{"type":"MultiPolygon","coordinates":[[[[120.746421,21.993444],[120.746684,21.992782],[120.746662,21.992777],[120.746394,21.993431],[120.746421,21.993444]]]]}},{"type":"Feature","properties":{"n":"埔興路","v":"內埔鄉","w":2.3,"c":2.3,"r":4},"geometry":{"type":"MultiPolygon","coordinates":[[[[120.56782,22.607427],[120.569005,22.607432],[120.569783,22.607586],[120.570293,22.607823],[120.570325,22.607799],[120.569815,22.607566],[120.569005,22.607397],[120.56782,22.607392],[120.56782,22.607427]]]]}},{"type":"Feature","properties":{"n":"埔興路","v":"內埔鄉","w":2.3,"c":1.5,"r":2},"geometry":{"type":"MultiPolygon","coordinates":[[[[120.564864,22.608722],[120.566672,22.60786],[120.567031,22.607643],[120.567648,22.607454],[120.567638,22.60741],[120.567005,22.607618],[120.566656,22.607816],[120.564843,22.608692],[120.564864,22.608722]]]]}},{"type":"Feature","properties":{"n":"文忠路文山路","v":"內埔鄉","w":1.5,"c":1.5,"r":2},"geometry":{"type":"MultiPolygon","coordinates":[[[[120.570668,22.608799],[120.56989,22.608373],[120.570373,22.607937],[120.570486,22.607952],[120.571087,22.608343],[120.571103,22.608323],[120.570507,22.607942],[120.570373,22.607922],[120.569858,22.608383],[120.570706,22.608843],[120.571119,22.608353],[120.571092,22.608343],[120.57069,22.608819],[120.570668,22.608799]]]]}},{"type":"Feature","properties":{"n":"文化二路","v":"佳冬鄉","w":1.5,"c":1.5,"r":10},"geometry":{"type":"MultiPolygon","coordinates":[[[[120.554101,22.420131],[120.556089,22.42131],[120.556422,22.421399],[120.563573,22.422405],[120.563562,22.422385],[120.556415,22.421372],[120.55611,22.421282],[120.554115,22.42011],[120.554101,22.420131]]]]}},{"type":"Feature","properties":{"n":"大同國小通學步道","v":"屏東市","w":1.5,"c":1.5,"r":3},"geometry":{"type":"MultiPolygon","coordinates":[[[[120.475993,22.666883],[120.477165,22.666959],[120.477285,22.665385],[120.477267,22.665383],[120.477151,22.666942],[120.475993,22.666865],[120.475993,22.666883]]]]}},{"type":"Feature","properties":{"n":"林森路","v":"屏東市","w":1.2,"c":1.2,"r":null},"geometry":{"type":"MultiPolygon","coordinates":[[[[120.503896,22.669593],[120.504188,22.669506],[120.504244,22.669494],[120.504577,22.669382],[120.504593,22.669358],[120.504236,22.669479],[120.504188,22.669489],[120.50389,22.669575],[120.503896,22.669593]]]]}},{"type":"Feature","properties":{"n":"新興路132巷","v":"春日鄉","w":1.5,"c":1.2,"r":4},"geometry":{"type":"MultiPolygon","coordinates":[[[[120.743996,22.00589],[120.747649,22.007835],[120.747708,22.00778],[120.744044,22.005836],[120.743996,22.00589]]]]}},{"type":"Feature","properties":{"n":"屏東縣萬巒鄉道路交通網絡改善工程","v":"萬巒鄉","w":2,"c":2,"r":24},"geometry":{"type":"MultiPolygon","coordinates":[[[[120.564331,22.578552],[120.564384,22.578492],[120.564384,22.578512],[120.564738,22.575867],[120.565843,22.572033],[120.566133,22.571746],[120.56608,22.571706],[120.565811,22.571993],[120.564706,22.575768],[120.564331,22.578552]]]]}},{"type":"Feature","properties":{"n":"(112)屏東縣東港鎮光復路二段鋪面改善工程","v":"東港鎮","w":13.7,"c":2.4,"r":10},"geometry":{"type":"MultiPolygon","coordinates":[[[[120.45308,22.467235],[120.453101,22.467225],[120.452796,22.466224],[120.452425,22.465485],[120.451819,22.465208],[120.451567,22.465193],[120.451406,22.465138],[120.451396,22.465168],[120.451567,22.465208],[120.451776,22.465233],[120.452393,22.4655],[120.452737,22.466169],[120.45308,22.467235]]]]}},{"type":"Feature","properties":{"n":"清水南路","v":"潮州鎮","w":3,"c":2.5,"r":4},"geometry":{"type":"MultiPolygon","coordinates":[[[[120.54027,22.548721],[120.540362,22.548716],[120.539761,22.546809],[120.539718,22.546849],[120.539729,22.546844],[120.54027,22.548721]]]]}},{"type":"Feature","properties":{"n":"船頭路","v":"東港鎮","w":2,"c":1.5,"r":5},"geometry":{"type":"MultiPolygon","coordinates":[[[[120.460761,22.463238],[120.458336,22.463962],[120.460777,22.463258],[120.460761,22.463238]]]]}},{"type":"Feature","properties":{"n":"三和路","v":"瑪家鄉","w":1.5,"c":1.5,"r":24},"geometry":{"type":"MultiPolygon","coordinates":[[[[120.610435,22.703801],[120.605756,22.701315],[120.596254,22.693267],[120.596227,22.693296],[120.605693,22.701326],[120.610417,22.703821],[120.610435,22.703801]]]]}},{"type":"Feature","properties":{"n":"自由路","v":"林邊鄉","w":2,"c":2,"r":2},"geometry":{"type":"MultiPolygon","coordinates":[[[[120.509294,22.430961],[120.51012,22.430584],[120.510102,22.430559],[120.509283,22.430939],[120.509294,22.430961]]]]}},{"type":"Feature","properties":{"n":"建國路","v":"屏東市","w":3,"c":3,"r":4},"geometry":{"type":"MultiPolygon","coordinates":[[[[120.485464,22.663587],[120.487834,22.663113],[120.487826,22.663069],[120.485454,22.663548],[120.485457,22.66355],[120.485464,22.663587]]]]}},{"type":"Feature","properties":{"n":"建國路","v":"屏東市","w":3,"c":3,"r":4},"geometry":{"type":"MultiPolygon","coordinates":[[[[120.485577,22.663727],[120.48788,22.663268],[120.487869,22.663218],[120.485572,22.6637],[120.485577,22.663727]]]]}},{"type":"Feature","properties":{"n":"南華路-內埔國中案","v":"內埔鄉","w":3,"c":3,"r":4},"geometry":{"type":"MultiPolygon","coordinates":[[[[120.572309,22.609758],[120.573408,22.611652],[120.573419,22.611652],[120.573433,22.611635],[120.572354,22.60977],[120.572309,22.609758]]]]}},{"type":"Feature","properties":{"n":"埔興路","v":"內埔鄉","w":2.5,"c":2.5,"r":2},"geometry":{"type":"MultiPolygon","coordinates":[[[[120.567806,22.607229],[120.567849,22.607278],[120.569169,22.607308],[120.570038,22.607521],[120.570301,22.607665],[120.570419,22.607665],[120.57058,22.607536],[120.570462,22.607486],[120.570258,22.607521],[120.570081,22.607457],[120.569206,22.607249],[120.56801,22.607224],[120.567913,22.60716],[120.567919,22.607085],[120.567822,22.607085],[120.567806,22.607229]]]]}},{"type":"Feature","properties":{"n":"和興路","v":"內埔鄉","w":2.5,"c":2.5,"r":2},"geometry":{"type":"MultiPolygon","coordinates":[[[[120.56793,22.604582],[120.567951,22.604835],[120.567822,22.607083],[120.567919,22.607088],[120.568026,22.604835],[120.567978,22.604582],[120.56793,22.604582]]]]}},{"type":"Feature","properties":{"n":"文山路","v":"內埔鄉","w":2.5,"c":2.5,"r":2},"geometry":{"type":"MultiPolygon","coordinates":[[[[120.570483,22.607484],[120.57058,22.607538],[120.572092,22.606142],[120.572092,22.606087],[120.572065,22.606057],[120.570542,22.607479],[120.570483,22.607484]]]]}},{"type":"Feature","properties":{"n":"學文路","v":"內埔鄉","w":2.5,"c":2.5,"r":2},"geometry":{"type":"MultiPolygon","coordinates":[[[[120.572071,22.606058],[120.570365,22.604924],[120.570335,22.604964],[120.572033,22.606088],[120.572071,22.606058]]]]}},{"type":"Feature","properties":{"n":"學文路-文山路口2","v":"內埔鄉","w":2.5,"c":2.5,"r":null},"geometry":{"type":"MultiPolygon","coordinates":[[[[120.572347,22.606014],[120.572318,22.606038],[120.572315,22.606063],[120.572326,22.606093],[120.572473,22.606207],[120.572495,22.606189],[120.572358,22.60608],[120.572344,22.606051],[120.572342,22.606026],[120.572347,22.606014]]]]}},{"type":"Feature","properties":{"n":"學文路-文山路口1","v":"內埔鄉","w":2.5,"c":2.5,"r":0},"geometry":{"type":"MultiPolygon","coordinates":[[[[120.572122,22.606298],[120.572221,22.606214],[120.572264,22.606207],[120.572285,22.606207],[120.572387,22.606276],[120.572403,22.606259],[120.572302,22.606192],[120.572256,22.606182],[120.572234,22.606182],[120.572205,22.606194],[120.572103,22.606286],[120.572122,22.606298]]]]}},{"type":"Feature","properties":{"n":"學文路-文山路口3","v":"內埔鄉","w":2.5,"c":2.5,"r":null},"geometry":{"type":"MultiPolygon","coordinates":[[[[120.572076,22.605912],[120.572226,22.606004],[120.572253,22.605991],[120.572323,22.605924],[120.57231,22.605912],[120.572232,22.605974],[120.572216,22.605971],[120.572095,22.605895],[120.572076,22.605912]]]]}},{"type":"Feature","properties":{"n":"埔興路-文化路口1","v":"內埔鄉","w":2.5,"c":2.5,"r":2},"geometry":{"type":"MultiPolygon","coordinates":[[[[120.570278,22.60801],[120.570379,22.607923],[120.570508,22.607946],[120.570594,22.608],[120.570629,22.607985],[120.570543,22.607926],[120.570473,22.607894],[120.57043,22.607881],[120.570369,22.607884],[120.570283,22.607965],[120.570278,22.60801]]]]}},{"type":"Feature","properties":{"n":"埔興路-文化路口2","v":"內埔鄉","w":2.5,"c":2.5,"r":null},"geometry":{"type":"MultiPolygon","coordinates":[[[[120.570677,22.607899],[120.570562,22.607822],[120.570557,22.607809],[120.570557,22.607753],[120.570691,22.607619],[120.570675,22.607604],[120.57054,22.607728],[120.570524,22.607753],[120.570519,22.607802],[120.57053,22.607827],[120.570658,22.607918],[120.570677,22.607899]]]]}},{"type":"Feature","properties":{"n":"埔興路-中興路口1","v":"內埔鄉","w":2.5,"c":2.5,"r":null},"geometry":{"type":"MultiPolygon","coordinates":[[[[120.567437,22.607374],[120.567662,22.607309],[120.5677,22.60721],[120.567716,22.607086],[120.567668,22.607082],[120.567668,22.6072],[120.567625,22.607275],[120.567426,22.607339],[120.567437,22.607374]]]]}},{"type":"Feature","properties":{"n":"埔興路-中興路口2","v":"內埔鄉","w":2.5,"c":2.5,"r":3},"geometry":{"type":"MultiPolygon","coordinates":[[[[120.567437,22.607468],[120.567464,22.607512],[120.567603,22.607473],[120.567625,22.607473],[120.567652,22.607502],[120.567657,22.607621],[120.567695,22.607626],[120.567684,22.607443],[120.567636,22.607408],[120.567437,22.607468]]]]}},{"type":"Feature","properties":{"n":"埔興路-中興路口3","v":"內埔鄉","w":2.5,"c":2.5,"r":2},"geometry":{"type":"MultiPolygon","coordinates":[[[[120.567814,22.607514],[120.567817,22.607457],[120.567851,22.607417],[120.567978,22.607412],[120.567983,22.6074],[120.567983,22.607382],[120.567811,22.607385],[120.567782,22.607407],[120.567776,22.607459],[120.56779,22.607494],[120.56779,22.607514],[120.567814,22.607514]]]]}},{"type":"Feature","properties":{"n":"中興文山路","v":"內埔鄉","w":15,"c":15,"r":0},"geometry":{"type":"MultiPolygon","coordinates":[[[[120.567823,22.608831],[120.567828,22.609606],[120.567876,22.609725],[120.567919,22.609765],[120.567973,22.60979],[120.568045,22.609799],[120.568099,22.60979],[120.568179,22.609757],[120.569065,22.608963],[120.56903,22.60896],[120.568166,22.609738],[120.568083,22.609765],[120.568045,22.609772],[120.567978,22.609765],[120.567933,22.609742],[120.567901,22.609713],[120.56786,22.609606],[120.56785,22.608836],[120.567823,22.608831]]]]}},{"type":"Feature","properties":{"n":"中興路-文山路口1","v":"內埔鄉","w":2.5,"c":2.5,"r":null},"geometry":{"type":"MultiPolygon","coordinates":[[[[120.568013,22.61028],[120.568032,22.610272],[120.568002,22.610218],[120.568021,22.610144],[120.568053,22.610077],[120.568238,22.609903],[120.568225,22.609879],[120.568035,22.610059],[120.567992,22.610136],[120.567984,22.610223],[120.568013,22.61028]]]]}},{"type":"Feature","properties":{"n":"中興路-文山路口2","v":"內埔鄉","w":2.5,"c":2.5,"r":2},"geometry":{"type":"MultiPolygon","coordinates":[[[[120.567828,22.609616],[120.567847,22.609861],[120.568027,22.609906],[120.56819,22.609755],[120.568118,22.609785],[120.568045,22.609802],[120.567968,22.609792],[120.567927,22.60977],[120.567871,22.60972],[120.567828,22.609616]]]]}},{"type":"Feature","properties":{"n":"文化路-內埔國中案","v":"內埔鄉","w":6.5,"c":3.5,"r":4},"geometry":{"type":"MultiPolygon","coordinates":[[[[120.569372,22.611379],[120.572221,22.609859],[120.572435,22.609977],[120.572301,22.60976],[120.569351,22.611339],[120.569372,22.611379]]]]}},{"type":"Feature","properties":{"n":"勝光路-內埔國中案","v":"內埔鄉","w":2.5,"c":2.5,"r":2},"geometry":{"type":"MultiPolygon","coordinates":[[[[120.572569,22.611953],[120.573385,22.611602],[120.573363,22.611572],[120.572548,22.611934],[120.572569,22.611953]]]]}},{"type":"Feature","properties":{"n":"文化路-南華路口1-內埔國中案","v":"內埔鄉","w":2.5,"c":2.5,"r":null},"geometry":{"type":"MultiPolygon","coordinates":[[[[120.572206,22.609688],[120.572228,22.609688],[120.572263,22.60967],[120.572268,22.609628],[120.572244,22.609581],[120.572206,22.609566],[120.572241,22.609636],[120.572236,22.609665],[120.572204,22.609688],[120.572206,22.609688]]]]}},{"type":"Feature","properties":{"n":"文化路-南華路口2-內埔國中案","v":"內埔鄉","w":2.5,"c":2.5,"r":null},"geometry":{"type":"MultiPolygon","coordinates":[[[[120.572456,22.609554],[120.57241,22.609569],[120.57237,22.609559],[120.572338,22.609507],[120.572335,22.609544],[120.572365,22.609581],[120.572424,22.609591],[120.57245,22.609576],[120.572456,22.609554]]]]}},{"type":"Feature","properties":{"n":"文化路-南華路口3-內埔國中案","v":"內埔鄉","w":2.5,"c":2.5,"r":null},"geometry":{"type":"MultiPolygon","coordinates":[[[[120.572485,22.60968],[120.572461,22.60968],[120.572442,22.60969],[120.572426,22.609717],[120.57244,22.60974],[120.57245,22.609712],[120.572491,22.609685],[120.572485,22.60968]]]]}},{"type":"Feature","properties":{"n":"原勝路-崇文國小案1","v":"內埔鄉","w":6,"c":3,"r":4},"geometry":{"type":"MultiPolygon","coordinates":[[[[120.60011,22.667424],[120.599917,22.666335],[120.599923,22.666315],[120.59996,22.66631],[120.599949,22.666275],[120.59989,22.66628],[120.599874,22.666305],[120.599869,22.66633],[120.600057,22.667409],[120.600089,22.667429],[120.60011,22.667424]]]]}},{"type":"Feature","properties":{"n":"原勝路4巷-崇文國小案","v":"內埔鄉","w":2.5,"c":2.5,"r":1},"geometry":{"type":"MultiPolygon","coordinates":[[[[120.59996,22.66631],[120.600416,22.666251],[120.600405,22.666218],[120.599955,22.666278],[120.59996,22.66631]]]]}},{"type":"Feature","properties":{"n":"原勝路-崇文國小案2","v":"內埔鄉","w":2.5,"c":2.5,"r":2},"geometry":{"type":"MultiPolygon","coordinates":[[[[120.599904,22.666246],[120.59992,22.666243],[120.599888,22.666206],[120.599689,22.665082],[120.59966,22.665087],[120.599856,22.666211],[120.599877,22.666241],[120.599904,22.666246]]]]}},{"type":"Feature","properties":{"n":"仁智路-內埔國小案","v":"內埔鄉","w":2.5,"c":2.5,"r":2},"geometry":{"type":"MultiPolygon","coordinates":[[[[120.566116,22.61105],[120.566132,22.61107],[120.566185,22.611057],[120.566883,22.610735],[120.566872,22.610708],[120.566116,22.61105]]]]}},{"type":"Feature","properties":{"n":"勝光路-中興公園","v":"內埔鄉","w":2.5,"c":2.5,"r":0},"geometry":{"type":"MultiPolygon","coordinates":[[[[120.573429,22.611646],[120.573399,22.611649],[120.573233,22.612037],[120.573203,22.612057],[120.573139,22.61206],[120.572629,22.611928],[120.572592,22.611943],[120.573214,22.612117],[120.573244,22.612102],[120.573429,22.611646]]]]}},{"type":"Feature","properties":{"n":"南華路-勝光路口1-內埔國中案","v":"內埔鄉","w":2.5,"c":2.5,"r":null},"geometry":{"type":"MultiPolygon","coordinates":[[[[120.57349,22.611852],[120.573498,22.611837],[120.57352,22.611827],[120.573552,22.611832],[120.573573,22.611844],[120.57359,22.611866],[120.573579,22.611824],[120.573547,22.61181],[120.573509,22.611807],[120.57349,22.611822],[120.573474,22.611852],[120.573477,22.611881],[120.57349,22.611852]]]]}},{"type":"Feature","properties":{"n":"南華路-勝光路口2-內埔國中案","v":"內埔鄉","w":2.5,"c":2.5,"r":0},"geometry":{"type":"MultiPolygon","coordinates":[[[[120.573418,22.611347],[120.57345,22.611411],[120.57348,22.611455],[120.573504,22.611463],[120.573517,22.61146],[120.573557,22.611349],[120.573536,22.611361],[120.573504,22.611369],[120.573455,22.611361],[120.573418,22.611347]]]]}},{"type":"Feature","properties":{"n":"原勝路-崇文國小案3","v":"內埔鄉","w":2.5,"c":2.5,"r":4},"geometry":{"type":"MultiPolygon","coordinates":[[[[120.599626,22.664887],[120.599648,22.664882],[120.599428,22.663627],[120.599406,22.663632],[120.599626,22.664887]]]]}},{"type":"Feature","properties":{"n":"原勝路-崇文國小案4","v":"內埔鄉","w":2.5,"c":2.5,"r":null},"geometry":{"type":"MultiPolygon","coordinates":[[[[120.599658,22.665085],[120.599683,22.665082],[120.599648,22.664887],[120.599626,22.664892],[120.599658,22.665085]]]]}}]}