{"type":"FeatureCollection","features":[{"type":"Feature","properties":{"n":"龍泉路","v":"礁溪鄉","w":3,"c":1.5,"r":2},"geometry":{"type":"MultiPolygon","coordinates":[[[[121.741547,24.787095],[121.741516,24.787138],[121.741511,24.78716],[121.741523,24.787188],[121.741547,24.787201],[121.743228,24.785295],[121.743215,24.78527],[121.743196,24.78526],[121.743173,24.78526],[121.743152,24.785271],[121.741547,24.787095]]]]}},{"type":"Feature","properties":{"n":"龍泉路","v":"礁溪鄉","w":3,"c":1.7,"r":2},"geometry":{"type":"MultiPolygon","coordinates":[[[[121.741369,24.786944],[121.741379,24.786953],[121.7414,24.786958],[121.741414,24.786955],[121.741431,24.786944],[121.743119,24.785022],[121.743079,24.784992],[121.741369,24.786944]]]]}},{"type":"Feature","properties":{"n":"育龍路","v":"礁溪鄉","w":2.79,"c":0.89,"r":2},"geometry":{"type":"MultiPolygon","coordinates":[[[[121.746804,24.781998],[121.746794,24.781984],[121.746778,24.781942],[121.746826,24.781589],[121.746812,24.78146],[121.746784,24.781345],[121.746702,24.781177],[121.746436,24.780777],[121.74571,24.779947],[121.745703,24.779955],[121.745703,24.779969],[121.74636,24.780725],[121.746509,24.780911],[121.7466,24.781045],[121.746715,24.781255],[121.746758,24.781352],[121.746782,24.781426],[121.746799,24.781539],[121.746797,24.781656],[121.746756,24.781937],[121.74676,24.781977],[121.746775,24.781994],[121.746794,24.782004],[121.746804,24.781998]]]]}},{"type":"Feature","properties":{"n":"育龍路","v":"礁溪鄉","w":2.79,"c":0.89,"r":2},"geometry":{"type":"MultiPolygon","coordinates":[[[[121.74661,24.781463],[121.746621,24.781513],[121.746629,24.781614],[121.746618,24.781716],[121.746577,24.781966],[121.746563,24.781989],[121.746547,24.782003],[121.746528,24.782012],[121.746489,24.782019],[121.746543,24.782025],[121.746579,24.782007],[121.746586,24.781999],[121.746606,24.781934],[121.746638,24.781741],[121.746652,24.781597],[121.746646,24.781516],[121.746615,24.781401],[121.746567,24.781288],[121.74649,24.781141],[121.746445,24.78107],[121.746391,24.780994],[121.746257,24.780824],[121.745644,24.780118],[121.745629,24.780111],[121.745615,24.780115],[121.746303,24.780918],[121.746476,24.78116],[121.746583,24.781374],[121.74661,24.781463]]]]}},{"type":"Feature","properties":{"n":"育龍路","v":"礁溪鄉","w":2.79,"c":0.89,"r":2},"geometry":{"type":"MultiPolygon","coordinates":[[[[121.745688,24.779909],[121.743588,24.777489],[121.743574,24.777442],[121.743577,24.777421],[121.743555,24.777429],[121.74355,24.777441],[121.74355,24.777455],[121.743566,24.7775],[121.745657,24.779915],[121.745671,24.779916],[121.745687,24.779909],[121.745688,24.779909]]]]}},{"type":"Feature","properties":{"n":"育龍路","v":"礁溪鄉","w":2.79,"c":0.89,"r":2},"geometry":{"type":"MultiPolygon","coordinates":[[[[121.744696,24.779032],[121.744675,24.779036],[121.745457,24.779938],[121.745463,24.779935],[121.74547,24.779926],[121.74547,24.779915],[121.744711,24.779037],[121.744699,24.779033],[121.744696,24.779032]]]]}},{"type":"Feature","properties":{"n":"育龍路","v":"礁溪鄉","w":2.79,"c":0.89,"r":2},"geometry":{"type":"MultiPolygon","coordinates":[[[[121.743375,24.777504],[121.743349,24.77751],[121.743708,24.77792],[121.743715,24.777916],[121.74372,24.777908],[121.743719,24.777897],[121.74338,24.777506],[121.743375,24.777504]]]]}},{"type":"Feature","properties":{"n":"育龍路","v":"礁溪鄉","w":2.79,"c":0.89,"r":2},"geometry":{"type":"MultiPolygon","coordinates":[[[[121.74374,24.777953],[121.744538,24.778874],[121.744543,24.77887],[121.744549,24.77886],[121.744546,24.778849],[121.743764,24.777949],[121.743753,24.777947],[121.743742,24.777951],[121.74374,24.777953]]]]}},{"type":"Feature","properties":{"n":"中山路五段","v":"礁溪鄉","w":5.19,"c":2.59,"r":2},"geometry":{"type":"MultiPolygon","coordinates":[[[[121.759006,24.776937],[121.758946,24.776823],[121.758919,24.776748],[121.758576,24.775506],[121.75853,24.775517],[121.758919,24.776828],[121.758935,24.77687],[121.758973,24.776935],[121.758983,24.776943],[121.758993,24.776943],[121.759006,24.776937]]]]}},{"type":"Feature","properties":{"n":"中山路五段","v":"礁溪鄉","w":5.19,"c":2.59,"r":2},"geometry":{"type":"MultiPolygon","coordinates":[[[[121.758524,24.7764],[121.758796,24.777387],[121.758812,24.777372],[121.758814,24.777351],[121.758451,24.776066],[121.758433,24.775947],[121.758337,24.775627],[121.758305,24.775636],[121.758493,24.776291],[121.758524,24.7764]]]]}},{"type":"Feature","properties":{"n":"中山路五段","v":"礁溪鄉","w":5.19,"c":2.59,"r":2},"geometry":{"type":"MultiPolygon","coordinates":[[[[121.759076,24.778313],[121.759357,24.779235],[121.75937,24.779224],[121.759376,24.779208],[121.758847,24.777473],[121.758835,24.777461],[121.758812,24.777458],[121.759055,24.778258],[121.759076,24.778313]]]]}},{"type":"Feature","properties":{"n":"中山路五段","v":"礁溪鄉","w":5.19,"c":2.59,"r":2},"geometry":{"type":"MultiPolygon","coordinates":[[[[121.759532,24.779817],[121.759989,24.781305],[121.759993,24.781304],[121.760005,24.781297],[121.760011,24.781284],[121.759403,24.779294],[121.759397,24.779285],[121.759366,24.779276],[121.759532,24.779817]]]]}},{"type":"Feature","properties":{"n":"中山路五段","v":"礁溪鄉","w":5.19,"c":2.59,"r":2},"geometry":{"type":"MultiPolygon","coordinates":[[[[121.760002,24.781351],[121.760467,24.782868],[121.76049,24.782861],[121.760039,24.781365],[121.760026,24.78135],[121.760009,24.781349],[121.760002,24.781351]]]]}},{"type":"Feature","properties":{"n":"中山路五段","v":"礁溪鄉","w":5.19,"c":2.59,"r":2},"geometry":{"type":"MultiPolygon","coordinates":[[[[121.760877,24.783224],[121.76059,24.782259],[121.759771,24.779601],[121.759657,24.779203],[121.759642,24.779095],[121.759626,24.778909],[121.759642,24.778678],[121.759667,24.778551],[121.759703,24.778411],[121.759686,24.778409],[121.759669,24.778448],[121.759645,24.778533],[121.759609,24.778723],[121.759606,24.778845],[121.759615,24.779014],[121.759624,24.779138],[121.75964,24.779226],[121.759703,24.779456],[121.760015,24.780482],[121.760484,24.781997],[121.76084,24.783195],[121.760852,24.78322],[121.760867,24.783224],[121.760877,24.783224]]]]}},{"type":"Feature","properties":{"n":"中山路五段","v":"礁溪鄉","w":5.19,"c":2.59,"r":2},"geometry":{"type":"MultiPolygon","coordinates":[[[[121.760574,24.783227],[121.760669,24.783553],[121.76068,24.783543],[121.760684,24.783525],[121.760507,24.782919],[121.76048,24.782925],[121.760555,24.783177],[121.760574,24.783227]]]]}},{"type":"Feature","properties":{"n":"礁溪路一段","v":"礁溪鄉","w":2.59,"c":2.59,"r":2},"geometry":{"type":"MultiPolygon","coordinates":[[[[121.760887,24.783257],[121.760868,24.783267],[121.760865,24.783281],[121.761433,24.785268],[121.761442,24.785282],[121.761522,24.785309],[121.761531,24.785308],[121.761516,24.785278],[121.761459,24.785264],[121.760887,24.783257]]]]}},{"type":"Feature","properties":{"n":"礁溪路一段","v":"礁溪鄉","w":2.59,"c":2.59,"r":2},"geometry":{"type":"MultiPolygon","coordinates":[[[[121.760766,24.7839],[121.761024,24.78479],[121.761045,24.784782],[121.761047,24.784771],[121.760802,24.783917],[121.760783,24.783904],[121.760766,24.7839]]]]}},{"type":"Feature","properties":{"n":"礁溪路一段","v":"礁溪鄉","w":2.59,"c":2.59,"r":2},"geometry":{"type":"MultiPolygon","coordinates":[[[[121.761038,24.784839],[121.761127,24.785133],[121.761266,24.785763],[121.761313,24.786032],[121.761323,24.786026],[121.761335,24.786007],[121.761303,24.785824],[121.76121,24.785394],[121.761144,24.785107],[121.761075,24.784865],[121.761067,24.784845],[121.761052,24.784839],[121.761038,24.784839]]]]}},{"type":"Feature","properties":{"n":"礁溪路一段","v":"礁溪鄉","w":2.59,"c":2.59,"r":2},"geometry":{"type":"MultiPolygon","coordinates":[[[[121.761442,24.78684],[121.76146,24.786838],[121.761465,24.786833],[121.761379,24.786268],[121.761367,24.786247],[121.761349,24.786248],[121.761353,24.786277],[121.761442,24.78684]]]]}},{"type":"Feature","properties":{"n":"礁溪路一段","v":"礁溪鄉","w":2.59,"c":2.59,"r":2},"geometry":{"type":"MultiPolygon","coordinates":[[[[121.761659,24.786351],[121.76157,24.785781],[121.761527,24.785581],[121.761513,24.785588],[121.761507,24.785598],[121.761537,24.785741],[121.761585,24.786028],[121.761702,24.786793],[121.761721,24.786802],[121.761731,24.786801],[121.761659,24.786351]]]]}},{"type":"Feature","properties":{"n":"礁溪路一段","v":"礁溪鄉","w":2.59,"c":2.59,"r":2},"geometry":{"type":"MultiPolygon","coordinates":[[[[121.761455,24.786889],[121.761555,24.788001],[121.761579,24.787994],[121.761581,24.787979],[121.761476,24.786904],[121.761464,24.786892],[121.761455,24.786889]]]]}},{"type":"Feature","properties":{"n":"礁溪路一段","v":"礁溪鄉","w":2.59,"c":2.59,"r":2},"geometry":{"type":"MultiPolygon","coordinates":[[[[121.761572,24.788182],[121.761595,24.788163],[121.761588,24.78806],[121.761575,24.788049],[121.761559,24.788045],[121.761572,24.788182]]]]}},{"type":"Feature","properties":{"n":"礁溪路一段","v":"礁溪鄉","w":2.59,"c":2.59,"r":2},"geometry":{"type":"MultiPolygon","coordinates":[[[[121.761602,24.788391],[121.761763,24.789931],[121.761785,24.790065],[121.761808,24.790162],[121.761824,24.79015],[121.761827,24.790132],[121.7618,24.789984],[121.761776,24.78982],[121.761624,24.788412],[121.761619,24.7884],[121.761608,24.788391],[121.761602,24.788391]]]]}},{"type":"Feature","properties":{"n":"礁溪路一段","v":"礁溪鄉","w":2.59,"c":2.59,"r":2},"geometry":{"type":"MultiPolygon","coordinates":[[[[121.762183,24.790478],[121.762086,24.790063],[121.762061,24.789911],[121.762043,24.789764],[121.762018,24.789787],[121.762039,24.789962],[121.762062,24.790079],[121.762152,24.790459],[121.762163,24.790473],[121.762182,24.790478],[121.762183,24.790478]]]]}},{"type":"Feature","properties":{"n":"開蘭路","v":"礁溪鄉","w":1.5,"c":0.89,"r":2},"geometry":{"type":"MultiPolygon","coordinates":[[[[121.761556,24.78837],[121.76155,24.788354],[121.761533,24.788351],[121.76081,24.788523],[121.760198,24.788664],[121.757807,24.789193],[121.757334,24.789304],[121.757332,24.789319],[121.758145,24.789134],[121.759745,24.78878],[121.761546,24.788365],[121.761556,24.78837]]]]}},{"type":"Feature","properties":{"n":"開蘭路","v":"礁溪鄉","w":1.5,"c":0.89,"r":2},"geometry":{"type":"MultiPolygon","coordinates":[[[[121.761581,24.788223],[121.761105,24.788329],[121.761106,24.788338],[121.76111,24.788344],[121.761574,24.788236],[121.761579,24.788231],[121.761581,24.788223]]]]}},{"type":"Feature","properties":{"n":"開蘭路","v":"礁溪鄉","w":1.5,"c":0.89,"r":2},"geometry":{"type":"MultiPolygon","coordinates":[[[[121.760966,24.788361],[121.759146,24.788772],[121.75915,24.788783],[121.759158,24.788785],[121.760428,24.788503],[121.760963,24.788378],[121.760967,24.788366],[121.760966,24.788361]]]]}},{"type":"Feature","properties":{"n":"開蘭路","v":"礁溪鄉","w":1.5,"c":0.89,"r":2},"geometry":{"type":"MultiPolygon","coordinates":[[[[121.759042,24.788814],[121.759054,24.788808],[121.759068,24.788789],[121.758476,24.788922],[121.758487,24.788934],[121.758512,24.788929],[121.759042,24.788814]]]]}},{"type":"Feature","properties":{"n":"開蘭路","v":"礁溪鄉","w":1.5,"c":0.89,"r":2},"geometry":{"type":"MultiPolygon","coordinates":[[[[121.75828,24.788965],[121.757336,24.789177],[121.757341,24.789191],[121.757347,24.78919],[121.758279,24.78898],[121.758287,24.788973],[121.758282,24.788965],[121.75828,24.788965]]]]}},{"type":"Feature","properties":{"n":"開蘭路","v":"礁溪鄉","w":1.5,"c":0.89,"r":2},"geometry":{"type":"MultiPolygon","coordinates":[[[[121.756484,24.789396],[121.755357,24.789682],[121.754272,24.789951],[121.753813,24.790059],[121.75382,24.79007],[121.753831,24.79007],[121.754905,24.789813],[121.757002,24.78928],[121.75722,24.789225],[121.757225,24.789217],[121.757223,24.789208],[121.756586,24.78937],[121.756484,24.789396]]]]}},{"type":"Feature","properties":{"n":"開蘭路","v":"礁溪鄉","w":1.5,"c":0.89,"r":2},"geometry":{"type":"MultiPolygon","coordinates":[[[[121.756508,24.78953],[121.757261,24.789338],[121.757257,24.789328],[121.757247,24.789326],[121.754829,24.789942],[121.753865,24.790172],[121.753853,24.79018],[121.753849,24.790189],[121.754148,24.79012],[121.755542,24.789775],[121.756508,24.78953]]]]}},{"type":"Feature","properties":{"n":"開蘭路","v":"礁溪鄉","w":1.5,"c":0.89,"r":2},"geometry":{"type":"MultiPolygon","coordinates":[[[[121.753725,24.790079],[121.74883,24.791227],[121.748808,24.791217],[121.748781,24.791212],[121.748772,24.791215],[121.748784,24.791225],[121.748829,24.791239],[121.749153,24.791168],[121.753717,24.790096],[121.753725,24.790082],[121.753725,24.790079]]]]}},{"type":"Feature","properties":{"n":"開蘭路","v":"礁溪鄉","w":1.5,"c":0.89,"r":2},"geometry":{"type":"MultiPolygon","coordinates":[[[[121.750078,24.791073],[121.752008,24.790623],[121.752296,24.790564],[121.752593,24.790486],[121.753763,24.790211],[121.753748,24.790202],[121.750143,24.791044],[121.75006,24.791056],[121.749285,24.791236],[121.748855,24.791341],[121.748844,24.791351],[121.748843,24.791362],[121.748896,24.791349],[121.750078,24.791073]]]]}},{"type":"Feature","properties":{"n":"育龍路","v":"礁溪鄉","w":2.79,"c":0.89,"r":2},"geometry":{"type":"MultiPolygon","coordinates":[[[[121.74432,24.784062],[121.744302,24.784044],[121.743722,24.784513],[121.743469,24.784723],[121.743481,24.784736],[121.744098,24.784241],[121.74432,24.784062]]]]}},{"type":"Feature","properties":{"n":"育龍路","v":"礁溪鄉","w":2.79,"c":0.89,"r":2},"geometry":{"type":"MultiPolygon","coordinates":[[[[121.744334,24.784021],[121.74435,24.784038],[121.745079,24.783454],[121.74508,24.783409],[121.744334,24.784021]]]]}},{"type":"Feature","properties":{"n":"育龍路","v":"礁溪鄉","w":2.79,"c":0.89,"r":2},"geometry":{"type":"MultiPolygon","coordinates":[[[[121.743295,24.785169],[121.743298,24.785175],[121.743308,24.785167],[121.743318,24.785121],[121.744574,24.784125],[121.74568,24.783236],[121.745651,24.78323],[121.744228,24.78437],[121.743307,24.785116],[121.743301,24.785143],[121.743295,24.785169]]]]}},{"type":"Feature","properties":{"n":"育龍路","v":"礁溪鄉","w":2.79,"c":0.89,"r":2},"geometry":{"type":"MultiPolygon","coordinates":[[[[121.745205,24.783352],[121.746497,24.782304],[121.74652,24.782271],[121.746528,24.782251],[121.746531,24.782207],[121.746501,24.782203],[121.746496,24.782247],[121.746484,24.782277],[121.745517,24.783066],[121.74518,24.783351],[121.745205,24.783352]]]]}},{"type":"Feature","properties":{"n":"育龍路","v":"礁溪鄉","w":2.79,"c":0.89,"r":2},"geometry":{"type":"MultiPolygon","coordinates":[[[[121.746925,24.782257],[121.746879,24.782258],[121.746856,24.782264],[121.746817,24.782286],[121.745709,24.783182],[121.745718,24.783195],[121.74624,24.782782],[121.746733,24.782379],[121.746809,24.782321],[121.746838,24.782325],[121.746882,24.782315],[121.746914,24.782285],[121.746924,24.782259],[121.746925,24.782257]]]]}},{"type":"Feature","properties":{"n":"礁溪路一段","v":"礁溪鄉","w":2.59,"c":2.59,"r":2},"geometry":{"type":"MultiPolygon","coordinates":[[[[121.761752,24.787237],[121.761846,24.788196],[121.761872,24.788192],[121.761754,24.786975],[121.76173,24.787],[121.761745,24.787158],[121.761752,24.787237]]]]}},{"type":"Feature","properties":{"n":"礁溪路一段","v":"礁溪鄉","w":2.59,"c":2.59,"r":2},"geometry":{"type":"MultiPolygon","coordinates":[[[[121.76186,24.788329],[121.761971,24.78938],[121.762,24.789618],[121.762008,24.789627],[121.762027,24.789625],[121.761886,24.788326],[121.76186,24.788329]]]]}},{"type":"Feature","properties":{"n":"開蘭橋(頭城國中)_L2","v":"頭城鎮","w":3.09,"c":2.2,"r":2},"geometry":{"type":"MultiPolygon","coordinates":[[[[121.821495,24.86406],[121.821949,24.863844],[121.822169,24.863724],[121.82261,24.86346],[121.822585,24.863416],[121.822537,24.863458],[121.822426,24.863533],[121.822173,24.863687],[121.821734,24.863918],[121.821596,24.863985],[121.821487,24.86403],[121.821483,24.864041],[121.821495,24.86406]]]]}},{"type":"Feature","properties":{"n":"開蘭橋(頭城國中)_L3","v":"頭城鎮","w":3.09,"c":2.2,"r":2},"geometry":{"type":"MultiPolygon","coordinates":[[[[121.822677,24.863338],[121.824503,24.862061],[121.825704,24.861155],[121.82569,24.861139],[121.825679,24.861139],[121.824548,24.861999],[121.822665,24.863316],[121.822664,24.863322],[121.822677,24.863338]]]]}},{"type":"Feature","properties":{"n":"開蘭路_R1","v":"頭城鎮","w":5,"c":2.5,"r":2},"geometry":{"type":"MultiPolygon","coordinates":[[[[121.8286,24.864992],[121.828603,24.864975],[121.828584,24.864943],[121.827994,24.864132],[121.827718,24.863745],[121.826754,24.862423],[121.826744,24.862429],[121.827124,24.86295],[121.827722,24.863785],[121.82798,24.864132],[121.828262,24.864532],[121.8286,24.864994],[121.8286,24.864992]]]]}},{"type":"Feature","properties":{"n":"開蘭路_R2","v":"頭城鎮","w":5,"c":2.5,"r":2},"geometry":{"type":"MultiPolygon","coordinates":[[[[121.826688,24.86236],[121.826702,24.862351],[121.826698,24.862343],[121.8259,24.86129],[121.825766,24.861121],[121.825722,24.86114],[121.82577,24.861149],[121.826081,24.861554],[121.826119,24.86161],[121.826593,24.862225],[121.826688,24.86236]]]]}},{"type":"Feature","properties":{"n":"開蘭路_R3","v":"頭城鎮","w":5,"c":2.5,"r":2},"geometry":{"type":"MultiPolygon","coordinates":[[[[121.825662,24.861007],[121.825673,24.860995],[121.825403,24.860649],[121.825153,24.860331],[121.825145,24.860324],[121.825131,24.86033],[121.825383,24.860645],[121.825662,24.861007]]]]}},{"type":"Feature","properties":{"n":"開蘭路_L3","v":"頭城鎮","w":5,"c":2.5,"r":2},"geometry":{"type":"MultiPolygon","coordinates":[[[[121.825906,24.861119],[121.825244,24.860268],[121.825237,24.860272],[121.825236,24.860288],[121.825891,24.861127],[121.825906,24.861119]]]]}},{"type":"Feature","properties":{"n":"開蘭路_L2","v":"頭城鎮","w":5,"c":2.5,"r":2},"geometry":{"type":"MultiPolygon","coordinates":[[[[121.826211,24.861513],[121.825998,24.861238],[121.825984,24.861247],[121.826731,24.86223],[121.826767,24.862252],[121.826776,24.862245],[121.826753,24.862228],[121.826747,24.862231],[121.826349,24.861698],[121.826211,24.861513]]]]}},{"type":"Feature","properties":{"n":"開蘭路_L1","v":"頭城鎮","w":5,"c":2.5,"r":2},"geometry":{"type":"MultiPolygon","coordinates":[[[[121.827839,24.863722],[121.827252,24.862912],[121.826898,24.862438],[121.826859,24.862362],[121.82684,24.862371],[121.826848,24.862401],[121.826971,24.862564],[121.827827,24.863741],[121.828147,24.864184],[121.828215,24.864284],[121.828304,24.8644],[121.828317,24.864407],[121.828329,24.864403],[121.828006,24.863955],[121.827839,24.863722]]]]}},{"type":"Feature","properties":{"n":"新興路_R4","v":"頭城鎮","w":4,"c":2,"r":2},"geometry":{"type":"MultiPolygon","coordinates":[[[[121.818862,24.853192],[121.819024,24.853438],[121.819074,24.853523],[121.819118,24.853602],[121.819217,24.853806],[121.819222,24.853804],[121.819229,24.85379],[121.81909,24.853515],[121.819036,24.853423],[121.818885,24.85319],[121.818862,24.853192]]]]}},{"type":"Feature","properties":{"n":"新興路_R3","v":"頭城鎮","w":4,"c":2,"r":2},"geometry":{"type":"MultiPolygon","coordinates":[[[[121.819271,24.853959],[121.819306,24.854071],[121.819397,24.854622],[121.819433,24.85522],[121.819424,24.85523],[121.819448,24.85523],[121.819457,24.855218],[121.819456,24.855176],[121.819403,24.854473],[121.819386,24.854345],[121.819345,24.854149],[121.819295,24.853973],[121.81929,24.853965],[121.819282,24.853966],[121.819271,24.853959]]]]}},{"type":"Feature","properties":{"n":"新興路_L2","v":"頭城鎮","w":4,"c":2,"r":2},"geometry":{"type":"MultiPolygon","coordinates":[[[[121.819543,24.854573],[121.819543,24.854554],[121.819533,24.85457],[121.81958,24.855363],[121.819596,24.855513],[121.819628,24.855674],[121.819665,24.855807],[121.819688,24.855867],[121.819697,24.855873],[121.819708,24.855872],[121.819646,24.855674],[121.819602,24.85546],[121.819561,24.854831],[121.819543,24.854573]]]]}},{"type":"Feature","properties":{"n":"新興路_R2","v":"頭城鎮","w":4,"c":2,"r":2},"geometry":{"type":"MultiPolygon","coordinates":[[[[121.819449,24.855375],[121.819465,24.855536],[121.819482,24.855624],[121.819517,24.85577],[121.819575,24.855941],[121.819588,24.855934],[121.81959,24.855928],[121.81953,24.855748],[121.819505,24.855641],[121.819461,24.855383],[121.819449,24.855375]]]]}},{"type":"Feature","properties":{"n":"吉祥路_L8","v":"頭城鎮","w":3.2,"c":0.69,"r":2},"geometry":{"type":"MultiPolygon","coordinates":[[[[121.822309,24.855763],[121.822296,24.855743],[121.822288,24.85574],[121.822219,24.855775],[121.821729,24.85609],[121.821728,24.856127],[121.821738,24.856142],[121.821746,24.856099],[121.822174,24.855822],[121.822309,24.855763]]]]}},{"type":"Feature","properties":{"n":"吉祥路_L7","v":"頭城鎮","w":3.2,"c":0.69,"r":2},"geometry":{"type":"MultiPolygon","coordinates":[[[[121.821595,24.856194],[121.821574,24.856188],[121.821279,24.856382],[121.821284,24.856398],[121.821595,24.856194]]]]}},{"type":"Feature","properties":{"n":"吉祥路_L6","v":"頭城鎮","w":3.2,"c":0.69,"r":2},"geometry":{"type":"MultiPolygon","coordinates":[[[[121.819794,24.85753],[121.820445,24.857028],[121.820723,24.856821],[121.821089,24.856538],[121.821079,24.856528],[121.819331,24.857861],[121.819319,24.85787],[121.819307,24.857889],[121.819297,24.857918],[121.819309,24.857898],[121.819751,24.857562],[121.819794,24.85753]]]]}},{"type":"Feature","properties":{"n":"吉祥路_L5","v":"頭城鎮","w":3.2,"c":0.69,"r":2},"geometry":{"type":"MultiPolygon","coordinates":[[[[121.819148,24.85802],[121.819129,24.858019],[121.819118,24.858023],[121.818881,24.858214],[121.818667,24.858388],[121.818223,24.858767],[121.817632,24.859318],[121.817361,24.859585],[121.816558,24.860405],[121.816419,24.860535],[121.816253,24.860661],[121.816136,24.860737],[121.815966,24.860831],[121.815941,24.860877],[121.815945,24.860898],[121.815964,24.860851],[121.816206,24.860713],[121.816312,24.860641],[121.816443,24.860538],[121.816517,24.860471],[121.816824,24.860162],[121.816857,24.860121],[121.817233,24.859738],[121.817775,24.859197],[121.818239,24.858775],[121.818522,24.858534],[121.819067,24.858087],[121.819148,24.85802]]]]}},{"type":"Feature","properties":{"n":"青雲路三段(轉運站)_R1","v":"頭城鎮","w":1.2,"c":1.2,"r":2},"geometry":{"type":"MultiPolygon","coordinates":[[[[121.825682,24.858345],[121.825694,24.858301],[121.825649,24.858306],[121.825464,24.858022],[121.825489,24.858007],[121.825445,24.857943],[121.825372,24.857984],[121.825419,24.858048],[121.82545,24.858032],[121.825635,24.858325],[121.825682,24.858345]]]]}},{"type":"Feature","properties":{"n":"吉祥路_R3","v":"頭城鎮","w":3.2,"c":0.69,"r":2},"geometry":{"type":"MultiPolygon","coordinates":[[[[121.817622,24.85915],[121.817512,24.859265],[121.817363,24.859404],[121.816805,24.859971],[121.816835,24.859969],[121.817614,24.859187],[121.817942,24.858878],[121.818557,24.858342],[121.818567,24.858331],[121.818567,24.858314],[121.818036,24.858772],[121.817782,24.859003],[121.817622,24.85915]]]]}},{"type":"Feature","properties":{"n":"青雲路三段(麥當勞)_L1","v":"頭城鎮","w":2,"c":2,"r":2},"geometry":{"type":"MultiPolygon","coordinates":[[[[121.826803,24.859596],[121.826524,24.85916],[121.826495,24.859174],[121.826779,24.859609],[121.826803,24.859596]]]]}},{"type":"Feature","properties":{"n":"和平街_L2","v":"頭城鎮","w":8,"c":8,"r":2},"geometry":{"type":"MultiPolygon","coordinates":[[[[121.82493,24.858761],[121.824473,24.858031],[121.82439,24.858087],[121.824857,24.8588],[121.82493,24.858761]]]]}},{"type":"Feature","properties":{"n":"和平街_L3","v":"頭城鎮","w":8,"c":8,"r":2},"geometry":{"type":"MultiPolygon","coordinates":[[[[121.824544,24.857847],[121.824618,24.857815],[121.824463,24.857435],[121.824266,24.857101],[121.824202,24.857128],[121.82439,24.857462],[121.824544,24.857847]]]]}},{"type":"Feature","properties":{"n":"和平街_L4","v":"頭城鎮","w":8,"c":8,"r":2},"geometry":{"type":"MultiPolygon","coordinates":[[[[121.824101,24.857024],[121.824162,24.856978],[121.82392,24.85671],[121.823787,24.856517],[121.82369,24.856318],[121.823458,24.855883],[121.823419,24.855901],[121.823306,24.855928],[121.823332,24.855969],[121.823425,24.855947],[121.82361,24.856278],[121.823758,24.856596],[121.823865,24.85675],[121.824101,24.857024]]]]}},{"type":"Feature","properties":{"n":"吉祥路_L4","v":"頭城鎮","w":3.2,"c":0.69,"r":2},"geometry":{"type":"MultiPolygon","coordinates":[[[[121.815787,24.86093],[121.815775,24.860919],[121.81555,24.860997],[121.81524,24.861089],[121.814822,24.861179],[121.81482,24.861186],[121.81512,24.86113],[121.815163,24.861127],[121.815476,24.861038],[121.815787,24.86093]]]]}},{"type":"Feature","properties":{"n":"吉祥路_L3","v":"頭城鎮","w":3.2,"c":0.69,"r":2},"geometry":{"type":"MultiPolygon","coordinates":[[[[121.813827,24.86126],[121.814333,24.861246],[121.814332,24.861234],[121.813837,24.861242],[121.813826,24.861246],[121.813827,24.86126]]]]}},{"type":"Feature","properties":{"n":"吉祥路_R1","v":"頭城鎮","w":3.2,"c":0.69,"r":2},"geometry":{"type":"MultiPolygon","coordinates":[[[[121.810574,24.862332],[121.809837,24.862892],[121.80948,24.863183],[121.809265,24.863348],[121.809279,24.863356],[121.809435,24.86324],[121.811797,24.861414],[121.8119,24.861338],[121.812059,24.86125],[121.812149,24.861215],[121.812262,24.861182],[121.812412,24.861161],[121.812549,24.861155],[121.813643,24.86114],[121.813664,24.861131],[121.813676,24.861117],[121.813675,24.861111],[121.813647,24.861122],[121.812435,24.861143],[121.812326,24.861154],[121.812242,24.86117],[121.812164,24.861191],[121.812084,24.861221],[121.812026,24.861243],[121.811931,24.861297],[121.811741,24.861429],[121.810656,24.86227],[121.810574,24.862332]]]]}},{"type":"Feature","properties":{"n":"吉祥路_L1","v":"頭城鎮","w":3.2,"c":0.69,"r":2},"geometry":{"type":"MultiPolygon","coordinates":[[[[121.809358,24.863462],[121.810116,24.862869],[121.810681,24.862437],[121.810665,24.862422],[121.809355,24.863437],[121.809358,24.863462]]]]}},{"type":"Feature","properties":{"n":"吉祥路_L2","v":"頭城鎮","w":3.2,"c":0.69,"r":2},"geometry":{"type":"MultiPolygon","coordinates":[[[[121.810721,24.862397],[121.810941,24.862236],[121.811929,24.861467],[121.811997,24.86142],[121.812082,24.861375],[121.812153,24.861344],[121.812219,24.861323],[121.812346,24.861293],[121.812521,24.861278],[121.81312,24.861275],[121.81311,24.861254],[121.812556,24.861258],[121.812393,24.861269],[121.812295,24.861284],[121.812234,24.861299],[121.812141,24.861326],[121.812087,24.86135],[121.812033,24.861377],[121.811905,24.861465],[121.810723,24.862382],[121.81072,24.862391],[121.810721,24.862397]]]]}},{"type":"Feature","properties":{"n":"吉祥路_R2","v":"頭城鎮","w":3.2,"c":0.69,"r":2},"geometry":{"type":"MultiPolygon","coordinates":[[[[121.814771,24.861062],[121.814477,24.8611],[121.814336,24.861109],[121.813723,24.861122],[121.813701,24.861115],[121.813718,24.861137],[121.814311,24.861129],[121.814465,24.861121],[121.814573,24.861109],[121.814836,24.861069],[121.815046,24.861026],[121.81534,24.86095],[121.815683,24.860843],[121.81592,24.860738],[121.81614,24.860608],[121.816326,24.860469],[121.816481,24.860326],[121.816768,24.860037],[121.816775,24.860024],[121.816777,24.860002],[121.81643,24.860353],[121.816185,24.860554],[121.816091,24.860618],[121.815931,24.860711],[121.815723,24.860808],[121.815234,24.860961],[121.814771,24.861062]]]]}},{"type":"Feature","properties":{"n":"文雅路_R1","v":"頭城鎮","w":3.59,"c":3.59,"r":2},"geometry":{"type":"MultiPolygon","coordinates":[[[[121.81996,24.860881],[121.82027,24.860633],[121.820511,24.860459],[121.820487,24.860432],[121.820222,24.860623],[121.819913,24.860865],[121.819804,24.860959],[121.819835,24.860991],[121.81996,24.860881]]]]}},{"type":"Feature","properties":{"n":"大武路(B)_L2","v":"頭城鎮","w":6.8,"c":2.59,"r":2},"geometry":{"type":"MultiPolygon","coordinates":[[[[121.830131,24.861766],[121.831192,24.861837],[121.831197,24.861792],[121.83021,24.861725],[121.830169,24.861732],[121.830137,24.861756],[121.830131,24.861766]]]]}},{"type":"Feature","properties":{"n":"大武路(B)_R2","v":"頭城鎮","w":6.8,"c":2.59,"r":2},"geometry":{"type":"MultiPolygon","coordinates":[[[[121.831147,24.861448],[121.830791,24.861492],[121.830101,24.861446],[121.830111,24.861463],[121.830133,24.861482],[121.830176,24.861496],[121.830792,24.861537],[121.831205,24.861492],[121.831197,24.861445],[121.831147,24.861448]]]]}},{"type":"Feature","properties":{"n":"大武路(B)_R1","v":"頭城鎮","w":6.8,"c":2.59,"r":2},"geometry":{"type":"MultiPolygon","coordinates":[[[[121.828662,24.861354],[121.827892,24.861307],[121.827903,24.861322],[121.827918,24.861333],[121.827978,24.861352],[121.82969,24.861464],[121.829725,24.861458],[121.829745,24.861445],[121.829757,24.86143],[121.828662,24.861354]]]]}},{"type":"Feature","properties":{"n":"大武路(B)_L1","v":"頭城鎮","w":6.8,"c":2.59,"r":2},"geometry":{"type":"MultiPolygon","coordinates":[[[[121.829755,24.861748],[121.829764,24.861749],[121.829759,24.861735],[121.829735,24.861706],[121.829712,24.861694],[121.829686,24.86169],[121.828299,24.861598],[121.82824,24.861608],[121.828218,24.861619],[121.82818,24.861651],[121.829755,24.861748]]]]}},{"type":"Feature","properties":{"n":"大武路(A)_L1","v":"頭城鎮","w":2.7,"c":2.7,"r":2},"geometry":{"type":"MultiPolygon","coordinates":[[[[121.831515,24.861932],[121.83151,24.861986],[121.832874,24.861475],[121.832852,24.86143],[121.832797,24.86141],[121.831515,24.861932]]]]}},{"type":"Feature","properties":{"n":"大武路(A)_L2","v":"頭城鎮","w":2.7,"c":2.7,"r":2},"geometry":{"type":"MultiPolygon","coordinates":[[[[121.83362,24.861164],[121.833727,24.861117],[121.833694,24.861045],[121.833009,24.861324],[121.832988,24.861375],[121.83301,24.861428],[121.83362,24.861164]]]]}},{"type":"Feature","properties":{"n":"港口路(B)_R1","v":"頭城鎮","w":1.39,"c":1.39,"r":2},"geometry":{"type":"MultiPolygon","coordinates":[[[[121.834232,24.862289],[121.834292,24.862268],[121.833727,24.861117],[121.83362,24.861164],[121.834202,24.862233],[121.834232,24.862289]]],[[[121.834292,24.862268],[121.834292,24.862268],[121.834293,24.862268],[121.834292,24.862268]]]]}},{"type":"Feature","properties":{"n":"港墘路(L)_R2","v":"頭城鎮","w":4.8,"c":2.79,"r":2},"geometry":{"type":"MultiPolygon","coordinates":[[[[121.834232,24.862289],[121.834202,24.862233],[121.832684,24.862862],[121.832556,24.862946],[121.832477,24.863022],[121.832427,24.863114],[121.832393,24.863214],[121.832382,24.863319],[121.832382,24.863405],[121.832419,24.863539],[121.833107,24.865028],[121.833166,24.865012],[121.832475,24.863519],[121.83245,24.863459],[121.832432,24.863377],[121.832429,24.863294],[121.832443,24.863212],[121.832471,24.863133],[121.832515,24.863059],[121.832571,24.862994],[121.83264,24.862939],[121.832717,24.862895],[121.833062,24.862755],[121.834232,24.862289]]]]}},{"type":"Feature","properties":{"n":"港墘路(L)_R1","v":"頭城鎮","w":4.8,"c":2.79,"r":2},"geometry":{"type":"MultiPolygon","coordinates":[[[[121.833479,24.865784],[121.834911,24.86888],[121.834904,24.868985],[121.835055,24.869268],[121.835088,24.869347],[121.835074,24.869398],[121.835083,24.869492],[121.835266,24.869811],[121.835475,24.870269],[121.835422,24.87029],[121.835429,24.870317],[121.835452,24.870367],[121.834691,24.870658],[121.834708,24.870696],[121.835202,24.870515],[121.83554,24.870377],[121.835569,24.87036],[121.835591,24.870333],[121.835602,24.870302],[121.8356,24.870269],[121.833197,24.865079],[121.833143,24.865099],[121.833479,24.865784]]]]}},{"type":"Feature","properties":{"n":"烏石港路(市場)_L1","v":"頭城鎮","w":9.5,"c":4,"r":2},"geometry":{"type":"MultiPolygon","coordinates":[[[[121.83854,24.86941],[121.838529,24.86939],[121.837805,24.869671],[121.837723,24.869679],[121.83518,24.870657],[121.835197,24.870699],[121.835249,24.870722],[121.835951,24.870433],[121.836521,24.870185],[121.837789,24.86971],[121.837842,24.869684],[121.83854,24.86941]]]]}},{"type":"Feature","properties":{"n":"烏石港路(市場)_R3","v":"頭城鎮","w":9.5,"c":4,"r":2},"geometry":{"type":"MultiPolygon","coordinates":[[[[121.838187,24.869341],[121.838175,24.869316],[121.837531,24.869556],[121.83754,24.869578],[121.837551,24.869583],[121.838187,24.869341]]]]}},{"type":"Feature","properties":{"n":"烏石港路(市場)_R2","v":"頭城鎮","w":9.5,"c":4,"r":2},"geometry":{"type":"MultiPolygon","coordinates":[[[[121.836931,24.869775],[121.836054,24.870122],[121.83556,24.86978],[121.835474,24.869596],[121.835462,24.869602],[121.83546,24.869616],[121.835707,24.87015],[121.835735,24.870191],[121.835777,24.870227],[121.835835,24.870245],[121.835855,24.870243],[121.836954,24.86982],[121.836931,24.869775]]]]}},{"type":"Feature","properties":{"n":"港墘路(L)_L1","v":"頭城鎮","w":4.8,"c":2.79,"r":2},"geometry":{"type":"MultiPolygon","coordinates":[[[[121.835415,24.8695],[121.835452,24.869486],[121.834637,24.867696],[121.834797,24.867637],[121.834406,24.866781],[121.834394,24.866749],[121.834223,24.866809],[121.833652,24.865549],[121.833808,24.865487],[121.833375,24.864542],[121.833205,24.864604],[121.83266,24.863407],[121.832841,24.863058],[121.833871,24.862673],[121.833848,24.862626],[121.832807,24.863029],[121.832608,24.863408],[121.83319,24.864664],[121.833257,24.864637],[121.833653,24.865504],[121.833593,24.865532],[121.834207,24.866859],[121.83429,24.866828],[121.834669,24.86764],[121.834562,24.867674],[121.835415,24.8695]]]]}},{"type":"Feature","properties":{"n":"新興路(公所)_R1","v":"頭城鎮","w":2.5,"c":2.5,"r":1},"geometry":{"type":"MultiPolygon","coordinates":[[[[121.821947,24.855152],[121.821596,24.854557],[121.821511,24.854604],[121.821388,24.854408],[121.82132,24.854435],[121.821487,24.854693],[121.821548,24.854658],[121.821602,24.854734],[121.821552,24.854763],[121.821509,24.8548],[121.821473,24.854844],[121.821445,24.854892],[121.821428,24.854944],[121.821421,24.854998],[121.821423,24.855052],[121.821437,24.855105],[121.82146,24.855155],[121.821492,24.855201],[121.821523,24.855231],[121.821583,24.855263],[121.821617,24.855271],[121.821686,24.855272],[121.821783,24.855246],[121.821866,24.855208],[121.821941,24.855157],[121.821947,24.855152]]]]}},{"type":"Feature","properties":{"n":"新興路_R1","v":"頭城鎮","w":4,"c":2,"r":2},"geometry":{"type":"MultiPolygon","coordinates":[[[[121.820259,24.856987],[121.82026,24.856976],[121.819913,24.856487],[121.819743,24.856235],[121.819697,24.856157],[121.819613,24.855983],[121.819605,24.855977],[121.819586,24.855978],[121.819668,24.85614],[121.819806,24.856368],[121.820245,24.856988],[121.820259,24.856987]]]]}},{"type":"Feature","properties":{"n":"吉祥路_R4","v":"頭城鎮","w":3.2,"c":0.69,"r":2},"geometry":{"type":"MultiPolygon","coordinates":[[[[121.819745,24.857387],[121.819042,24.857926],[121.818593,24.858288],[121.81861,24.858297],[121.819113,24.857895],[121.820252,24.857023],[121.820259,24.856987],[121.820245,24.856988],[121.820237,24.857012],[121.820064,24.857143],[121.819745,24.857387]]]]}},{"type":"Feature","properties":{"n":"吉祥路_R5","v":"頭城鎮","w":3.2,"c":0.69,"r":2},"geometry":{"type":"MultiPolygon","coordinates":[[[[121.821037,24.856401],[121.820555,24.856767],[121.820375,24.856899],[121.820369,24.856913],[121.820382,24.856917],[121.820398,24.856912],[121.821043,24.856421],[121.821265,24.85626],[121.822197,24.855661],[121.822217,24.855634],[121.821266,24.856238],[121.821133,24.856329],[121.821037,24.856401]]]]}},{"type":"Feature","properties":{"n":"新興路_L1","v":"頭城鎮","w":4,"c":2,"r":2},"geometry":{"type":"MultiPolygon","coordinates":[[[[121.820375,24.856899],[121.82037,24.856898],[121.820263,24.856759],[121.819931,24.856294],[121.819834,24.856143],[121.819767,24.856013],[121.819723,24.855912],[121.819714,24.855916],[121.81971,24.855927],[121.819787,24.856087],[121.819862,24.856217],[121.819945,24.856345],[121.820249,24.856769],[121.820369,24.856913],[121.820375,24.856899]]]]}},{"type":"Feature","properties":{"n":"新興路(鐵路)_L1","v":"頭城鎮","w":3.5,"c":2.29,"r":2},"geometry":{"type":"MultiPolygon","coordinates":[[[[121.820303,24.852937],[121.819071,24.853242],[121.819063,24.853249],[121.819062,24.853259],[121.819065,24.853265],[121.819128,24.853245],[121.820309,24.852955],[121.820352,24.852941],[121.820346,24.852925],[121.820303,24.852937]]]]}},{"type":"Feature","properties":{"n":"新興路_L3","v":"頭城鎮","w":4,"c":2,"r":2},"geometry":{"type":"MultiPolygon","coordinates":[[[[121.819539,24.854502],[121.819497,24.854221],[121.819446,24.854032],[121.819381,24.853835],[121.819284,24.853602],[121.819232,24.853501],[121.819083,24.853258],[121.819065,24.853266],[121.819161,24.853415],[121.81924,24.853555],[121.819293,24.85366],[121.819309,24.853718],[121.819368,24.853842],[121.819433,24.854044],[121.819476,24.854217],[121.819504,24.854376],[121.81952,24.854502],[121.819539,24.854502]]]]}},{"type":"Feature","properties":{"n":"忠孝一路","v":"礁溪鄉","w":1.5,"c":0.89,"r":2},"geometry":{"type":"MultiPolygon","coordinates":[[[[121.775385,24.83357],[121.775357,24.833587],[121.775312,24.833583],[121.774375,24.833131],[121.774363,24.833087],[121.774355,24.833096],[121.774373,24.833158],[121.775296,24.833601],[121.775317,24.833607],[121.775349,24.833603],[121.775368,24.833593],[121.775381,24.833577],[121.775385,24.83357]]]]}},{"type":"Feature","properties":{"n":"忠孝一路","v":"礁溪鄉","w":1.5,"c":0.89,"r":2},"geometry":{"type":"MultiPolygon","coordinates":[[[[121.776002,24.833937],[121.776018,24.833933],[121.776024,24.833918],[121.776005,24.833919],[121.77549,24.833668],[121.775458,24.833636],[121.775459,24.833598],[121.775444,24.833628],[121.775445,24.833648],[121.775456,24.83367],[121.775476,24.833687],[121.775726,24.833812],[121.775998,24.833936],[121.776002,24.833937]]]]}},{"type":"Feature","properties":{"n":"公園路70巷39弄","v":"礁溪鄉","w":7,"c":1.5,"r":2},"geometry":{"type":"MultiPolygon","coordinates":[[[[121.775487,24.83332],[121.77549,24.83334],[121.775358,24.83357],[121.775333,24.833574],[121.775328,24.833585],[121.775357,24.833587],[121.775385,24.83357],[121.775515,24.833349],[121.775521,24.833333],[121.775515,24.833312],[121.775503,24.833297],[121.775487,24.83332]]]]}},{"type":"Feature","properties":{"n":"公園北路","v":"礁溪鄉","w":3.2,"c":2,"r":2},"geometry":{"type":"MultiPolygon","coordinates":[[[[121.777953,24.832885],[121.777937,24.832872],[121.777776,24.833038],[121.777485,24.833352],[121.777439,24.833369],[121.777354,24.833384],[121.77727,24.833389],[121.777199,24.833401],[121.777201,24.833409],[121.777416,24.833384],[121.777494,24.833357],[121.777564,24.833294],[121.777753,24.833086],[121.777953,24.832885]]]]}},{"type":"Feature","properties":{"n":"公園北路","v":"礁溪鄉","w":3.2,"c":2,"r":2},"geometry":{"type":"MultiPolygon","coordinates":[[[[121.777986,24.832845],[121.77869,24.832103],[121.778749,24.832048],[121.778729,24.832044],[121.778711,24.83205],[121.777974,24.832836],[121.777986,24.832845]]]]}},{"type":"Feature","properties":{"n":"公園路","v":"礁溪鄉","w":5,"c":1.5,"r":2},"geometry":{"type":"MultiPolygon","coordinates":[[[[121.775891,24.831148],[121.775869,24.831105],[121.77587,24.831069],[121.775958,24.830928],[121.776014,24.830919],[121.776101,24.830778],[121.776142,24.830667],[121.776164,24.830639],[121.776191,24.830576],[121.776236,24.830396],[121.776304,24.830092],[121.776379,24.829959],[121.776673,24.829485],[121.776666,24.82948],[121.776529,24.82966],[121.77626,24.829975],[121.776202,24.830093],[121.776191,24.830128],[121.776181,24.830391],[121.776168,24.830462],[121.776125,24.830561],[121.775942,24.830897],[121.775941,24.830906],[121.775849,24.831056],[121.775841,24.831086],[121.77585,24.831115],[121.775867,24.831133],[121.775891,24.831148]]]]}},{"type":"Feature","properties":{"n":"溫泉路","v":"礁溪鄉","w":8,"c":2,"r":2},"geometry":{"type":"MultiPolygon","coordinates":[[[[121.773409,24.828591],[121.772236,24.829853],[121.772108,24.829984],[121.772091,24.829991],[121.772075,24.829987],[121.771846,24.829664],[121.771822,24.829674],[121.772083,24.830028],[121.772106,24.830028],[121.772143,24.830004],[121.773237,24.828829],[121.773404,24.828647],[121.773414,24.828624],[121.773411,24.828597],[121.773409,24.828591]]]]}},{"type":"Feature","properties":{"n":"仁愛路","v":"礁溪鄉","w":4,"c":1,"r":2},"geometry":{"type":"MultiPolygon","coordinates":[[[[121.770625,24.827898],[121.770635,24.827873],[121.770629,24.827853],[121.77047,24.827672],[121.770421,24.827674],[121.770625,24.827898]]]]}},{"type":"Feature","properties":{"n":"仁愛路","v":"礁溪鄉","w":4,"c":1,"r":2},"geometry":{"type":"MultiPolygon","coordinates":[[[[121.77055,24.827585],[121.770734,24.827799],[121.770766,24.827796],[121.770599,24.827608],[121.770576,24.82757],[121.770552,24.827578],[121.77055,24.827585]]],[[[121.77055,24.827585],[121.77055,24.827585],[121.77055,24.827584],[121.77055,24.827585]]]]}},{"type":"Feature","properties":{"n":"礁溪路五段","v":"礁溪鄉","w":5.5,"c":3,"r":2},"geometry":{"type":"MultiPolygon","coordinates":[[[[121.773409,24.828591],[121.773146,24.828433],[121.773112,24.828448],[121.773373,24.828629],[121.773409,24.828591]]]]}},{"type":"Feature","properties":{"n":"溫泉路","v":"礁溪鄉","w":8,"c":2,"r":2},"geometry":{"type":"MultiPolygon","coordinates":[[[[121.773519,24.828431],[121.773561,24.828456],[121.773589,24.828451],[121.774003,24.827999],[121.774004,24.827959],[121.773997,24.827952],[121.773983,24.827952],[121.773983,24.827986],[121.773582,24.828423],[121.773519,24.828431]]]]}},{"type":"Feature","properties":{"n":"溫泉路","v":"礁溪鄉","w":8,"c":2,"r":2},"geometry":{"type":"MultiPolygon","coordinates":[[[[121.774187,24.828105],[121.77416,24.828085],[121.774118,24.828085],[121.773755,24.828472],[121.77375,24.82849],[121.77376,24.828539],[121.773785,24.828551],[121.773772,24.828498],[121.774137,24.828107],[121.774187,24.828105]]]]}},{"type":"Feature","properties":{"n":"德陽路","v":"礁溪鄉","w":4,"c":2,"r":2},"geometry":{"type":"MultiPolygon","coordinates":[[[[121.772701,24.827822],[121.772713,24.827858],[121.773154,24.82745],[121.773298,24.827324],[121.773273,24.827324],[121.772701,24.827822]]]]}},{"type":"Feature","properties":{"n":"德陽路","v":"礁溪鄉","w":4,"c":2,"r":2},"geometry":{"type":"MultiPolygon","coordinates":[[[[121.773751,24.826926],[121.773729,24.826915],[121.773383,24.827225],[121.773383,24.827251],[121.773751,24.826926]]]]}},{"type":"Feature","properties":{"n":"德陽路","v":"礁溪鄉","w":4,"c":2,"r":2},"geometry":{"type":"MultiPolygon","coordinates":[[[[121.772601,24.827753],[121.772626,24.827754],[121.773186,24.82725],[121.773186,24.827225],[121.772601,24.827753]]]]}},{"type":"Feature","properties":{"n":"礁溪路四段(礁溪國小)","v":"礁溪鄉","w":7,"c":2.5,"r":2},"geometry":{"type":"MultiPolygon","coordinates":[[[[121.769766,24.821963],[121.769335,24.820798],[121.769291,24.82081],[121.769466,24.821252],[121.769462,24.82131],[121.769582,24.821626],[121.769611,24.821651],[121.769731,24.821971],[121.769764,24.821961],[121.769766,24.821963]]]]}},{"type":"Feature","properties":{"n":"育才路","v":"礁溪鄉","w":5,"c":2.5,"r":2},"geometry":{"type":"MultiPolygon","coordinates":[[[[121.769816,24.821527],[121.769846,24.821519],[121.769859,24.8215],[121.769854,24.821479],[121.770051,24.821438],[121.770048,24.821416],[121.769836,24.821463],[121.769808,24.82151],[121.769816,24.821527]]]]}},{"type":"Feature","properties":{"n":"中山路一段","v":"礁溪鄉","w":7,"c":1,"r":2},"geometry":{"type":"MultiPolygon","coordinates":[[[[121.768297,24.816823],[121.768117,24.816177],[121.768097,24.816138],[121.767918,24.815633],[121.76791,24.815639],[121.76791,24.815647],[121.76817,24.816442],[121.76836,24.817117],[121.768453,24.817249],[121.768576,24.817401],[121.769063,24.817961],[121.769075,24.817965],[121.769131,24.817961],[121.769107,24.817955],[121.769055,24.817908],[121.768892,24.817741],[121.768726,24.817557],[121.768485,24.817281],[121.768392,24.817133],[121.768297,24.816823]]]]}},{"type":"Feature","properties":{"n":"中山路一段","v":"礁溪鄉","w":7,"c":1,"r":2},"geometry":{"type":"MultiPolygon","coordinates":[[[[121.768415,24.817416],[121.768447,24.817504],[121.768475,24.817512],[121.768983,24.81806],[121.768988,24.818044],[121.768415,24.817416]]]]}},{"type":"Feature","properties":{"n":"中山路一段","v":"礁溪鄉","w":7,"c":1,"r":2},"geometry":{"type":"MultiPolygon","coordinates":[[[[121.769435,24.81856],[121.769079,24.818147],[121.769066,24.818159],[121.770061,24.819301],[121.770076,24.819293],[121.769683,24.818844],[121.769435,24.81856]]]]}},{"type":"Feature","properties":{"n":"中山路一段","v":"礁溪鄉","w":7,"c":1,"r":2},"geometry":{"type":"MultiPolygon","coordinates":[[[[121.769173,24.818021],[121.769162,24.818043],[121.769161,24.818076],[121.77016,24.819216],[121.770175,24.819216],[121.769534,24.818472],[121.769383,24.818305],[121.76918,24.81807],[121.769182,24.818028],[121.769173,24.818021],[121.769173,24.818021]]]]}},{"type":"Feature","properties":{"n":"中山路一段","v":"礁溪鄉","w":7,"c":1,"r":2},"geometry":{"type":"MultiPolygon","coordinates":[[[[121.77024,24.819293],[121.77023,24.8193],[121.77041,24.819509],[121.770583,24.819769],[121.770666,24.819958],[121.770786,24.820313],[121.770804,24.820328],[121.770818,24.820329],[121.770851,24.820321],[121.770794,24.8203],[121.770678,24.819928],[121.770604,24.819774],[121.770568,24.819709],[121.77046,24.819547],[121.770288,24.819345],[121.77024,24.819293]]]]}},{"type":"Feature","properties":{"n":"中山路一段","v":"礁溪鄉","w":7,"c":1,"r":2},"geometry":{"type":"MultiPolygon","coordinates":[[[[121.770851,24.82039],[121.770813,24.820403],[121.77081,24.820423],[121.771211,24.822006],[121.77145,24.822889],[121.771538,24.823116],[121.771609,24.82327],[121.771827,24.823788],[121.771861,24.823791],[121.771641,24.82331],[121.771484,24.822914],[121.771389,24.822596],[121.771351,24.822419],[121.771262,24.822119],[121.771142,24.821619],[121.771081,24.821385],[121.770964,24.820989],[121.770833,24.820433],[121.770851,24.82039]]]]}},{"type":"Feature","properties":{"n":"中山路一段","v":"礁溪鄉","w":7,"c":1,"r":2},"geometry":{"type":"MultiPolygon","coordinates":[[[[121.771107,24.822114],[121.771258,24.822658],[121.771263,24.822656],[121.771062,24.821886],[121.771047,24.821886],[121.771107,24.822114]]]]}},{"type":"Feature","properties":{"n":"中山路一段","v":"礁溪鄉","w":7,"c":1,"r":2},"geometry":{"type":"MultiPolygon","coordinates":[[[[121.771598,24.823597],[121.771712,24.823846],[121.771723,24.823829],[121.771582,24.82352],[121.771366,24.823007],[121.77128,24.822704],[121.771269,24.822694],[121.771262,24.822696],[121.771336,24.822972],[121.771464,24.823267],[121.771468,24.823307],[121.771569,24.823552],[121.771598,24.823597]]]]}},{"type":"Feature","properties":{"n":"中山路二段","v":"礁溪鄉","w":7,"c":1,"r":2},"geometry":{"type":"MultiPolygon","coordinates":[[[[121.772011,24.824472],[121.772019,24.824462],[121.771938,24.824284],[121.771836,24.824087],[121.771797,24.823999],[121.771784,24.823996],[121.771986,24.824421],[121.772011,24.824472]]],[[[121.772019,24.824462],[121.772021,24.824467],[121.772023,24.824459],[121.772019,24.824462]]]]}},{"type":"Feature","properties":{"n":"中山路二段","v":"礁溪鄉","w":7,"c":1,"r":2},"geometry":{"type":"MultiPolygon","coordinates":[[[[121.772049,24.82425],[121.772064,24.824266],[121.772152,24.824448],[121.772352,24.824795],[121.772494,24.825066],[121.772514,24.825093],[121.772549,24.825112],[121.77225,24.824574],[121.771915,24.823937],[121.771918,24.823977],[121.772049,24.82425]]]]}},{"type":"Feature","properties":{"n":"中山路二段","v":"礁溪鄉","w":7,"c":1,"r":2},"geometry":{"type":"MultiPolygon","coordinates":[[[[121.772067,24.824577],[121.77231,24.825031],[121.772389,24.825201],[121.772392,24.825215],[121.772409,24.825194],[121.772361,24.825095],[121.772081,24.824571],[121.772067,24.824577]]]]}},{"type":"Feature","properties":{"n":"中山路二段","v":"礁溪鄉","w":7,"c":1,"r":2},"geometry":{"type":"MultiPolygon","coordinates":[[[[121.772915,24.82598],[121.772918,24.825961],[121.772846,24.825869],[121.772639,24.825564],[121.772519,24.825374],[121.772455,24.825262],[121.772439,24.825256],[121.772637,24.825586],[121.772785,24.825806],[121.772895,24.825945],[121.772915,24.82598]]]]}},{"type":"Feature","properties":{"n":"中山路二段","v":"礁溪鄉","w":7,"c":1,"r":2},"geometry":{"type":"MultiPolygon","coordinates":[[[[121.773146,24.826043],[121.773014,24.825877],[121.77284,24.825632],[121.772669,24.825362],[121.772583,24.825215],[121.772576,24.825226],[121.772745,24.825512],[121.772807,24.825609],[121.772903,24.825751],[121.773134,24.826051],[121.773146,24.826043]]]]}},{"type":"Feature","properties":{"n":"中山路二段","v":"礁溪鄉","w":7,"c":1,"r":2},"geometry":{"type":"MultiPolygon","coordinates":[[[[121.773158,24.826084],[121.773357,24.826308],[121.77338,24.826307],[121.773346,24.82628],[121.773169,24.826073],[121.773158,24.826084]]]]}},{"type":"Feature","properties":{"n":"礁溪路四段","v":"礁溪鄉","w":2,"c":1.5,"r":2},"geometry":{"type":"MultiPolygon","coordinates":[[[[121.77059,24.823523],[121.770554,24.823538],[121.77066,24.823808],[121.770723,24.823837],[121.770763,24.823837],[121.770743,24.823768],[121.770712,24.823764],[121.770665,24.82371],[121.77059,24.823523]]]]}},{"type":"Feature","properties":{"n":"公園路70巷","v":"礁溪鄉","w":2.5,"c":2.5,"r":2},"geometry":{"type":"MultiPolygon","coordinates":[[[[121.776801,24.833517],[121.776795,24.833496],[121.776783,24.833484],[121.776554,24.833313],[121.77654,24.833331],[121.776757,24.833487],[121.776768,24.833498],[121.776775,24.833519],[121.776801,24.833517]]]]}},{"type":"Feature","properties":{"n":"公園北路","v":"礁溪鄉","w":3.2,"c":2,"r":2},"geometry":{"type":"MultiPolygon","coordinates":[[[[121.776002,24.833942],[121.776206,24.834048],[121.776238,24.834051],[121.776258,24.834044],[121.776274,24.834032],[121.77641,24.833885],[121.776631,24.833668],[121.776789,24.83355],[121.776798,24.833536],[121.776801,24.833517],[121.776775,24.833519],[121.776772,24.833533],[121.776759,24.833552],[121.776549,24.833715],[121.77626,24.834021],[121.776208,24.834031],[121.776031,24.833926],[121.776002,24.833942]]]]}},{"type":"Feature","properties":{"n":"公園路70巷39弄","v":"礁溪鄉","w":7,"c":1.5,"r":2},"geometry":{"type":"MultiPolygon","coordinates":[[[[121.775533,24.833225],[121.775526,24.833243],[121.775564,24.833241],[121.77559,24.833226],[121.775825,24.832927],[121.775833,24.832904],[121.775808,24.832906],[121.775808,24.832913],[121.775782,24.832949],[121.775658,24.833095],[121.775569,24.833216],[121.775537,24.833225],[121.775533,24.833225]]]]}},{"type":"Feature","properties":{"n":"公園路70巷39弄","v":"礁溪鄉","w":7,"c":1.5,"r":2},"geometry":{"type":"MultiPolygon","coordinates":[[[[121.775461,24.833594],[121.775458,24.833636],[121.775469,24.833647],[121.775476,24.83362],[121.775569,24.833455],[121.775668,24.833293],[121.775831,24.833075],[121.77589,24.833007],[121.775922,24.832995],[121.77592,24.832964],[121.775891,24.832974],[121.775876,24.832988],[121.775654,24.83327],[121.775585,24.83338],[121.775461,24.833594]]]]}},{"type":"Feature","properties":{"n":"公園路70巷","v":"礁溪鄉","w":2.5,"c":2.5,"r":2},"geometry":{"type":"MultiPolygon","coordinates":[[[[121.775922,24.832995],[121.775944,24.832996],[121.775966,24.833004],[121.77654,24.833331],[121.776554,24.833313],[121.775963,24.832974],[121.775944,24.832966],[121.77592,24.832964],[121.775922,24.832995]]]]}},{"type":"Feature","properties":{"n":"公園北路","v":"礁溪鄉","w":3.2,"c":2,"r":2},"geometry":{"type":"MultiPolygon","coordinates":[[[[121.776401,24.83416],[121.776418,24.834142],[121.776376,24.834106],[121.776372,24.83409],[121.776376,24.834074],[121.77665,24.833775],[121.77694,24.833565],[121.777112,24.833448],[121.777163,24.833426],[121.777158,24.833415],[121.777095,24.833439],[121.777021,24.833478],[121.776811,24.833628],[121.776639,24.833761],[121.776472,24.83393],[121.776358,24.83406],[121.776346,24.834086],[121.776346,24.834105],[121.776354,24.834122],[121.776368,24.834137],[121.776401,24.83416]]]]}},{"type":"Feature","properties":{"n":"礁溪路六段","v":"礁溪鄉","w":3,"c":1.79,"r":2},"geometry":{"type":"MultiPolygon","coordinates":[[[[121.77795,24.831072],[121.778619,24.831928],[121.77862,24.831946],[121.778647,24.831949],[121.778651,24.831932],[121.778645,24.831912],[121.777974,24.831056],[121.77795,24.831072]]]]}},{"type":"Feature","properties":{"n":"公園北路","v":"礁溪鄉","w":3.2,"c":2,"r":2},"geometry":{"type":"MultiPolygon","coordinates":[[[[121.77862,24.831946],[121.778608,24.831969],[121.777983,24.832644],[121.777917,24.832656],[121.777946,24.832674],[121.77797,24.83268],[121.777997,24.832673],[121.778012,24.832662],[121.778619,24.832007],[121.778647,24.831949],[121.77862,24.831946]]]]}},{"type":"Feature","properties":{"n":"公園路","v":"礁溪鄉","w":5,"c":1.5,"r":2},"geometry":{"type":"MultiPolygon","coordinates":[[[[121.774825,24.832257],[121.774808,24.832264],[121.774797,24.832276],[121.774766,24.832333],[121.774756,24.832357],[121.774732,24.832534],[121.774624,24.83275],[121.774566,24.832819],[121.774585,24.832838],[121.774644,24.832775],[121.774727,24.832624],[121.774762,24.832549],[121.774777,24.832488],[121.774791,24.832364],[121.77483,24.832292],[121.774836,24.832289],[121.774825,24.832257]]]]}},{"type":"Feature","properties":{"n":"公園路70巷","v":"礁溪鄉","w":2.5,"c":2.5,"r":2},"geometry":{"type":"MultiPolygon","coordinates":[[[[121.775833,24.832904],[121.775822,24.832879],[121.775637,24.832717],[121.77543,24.83255],[121.775326,24.83248],[121.775189,24.832402],[121.775053,24.832338],[121.774873,24.832261],[121.77484,24.832255],[121.774825,24.832257],[121.774836,24.832289],[121.774856,24.832279],[121.77508,24.832375],[121.775218,24.832444],[121.775336,24.832513],[121.775511,24.832641],[121.775635,24.832743],[121.775781,24.832868],[121.775801,24.83289],[121.775808,24.832906],[121.775833,24.832904]]]]}},{"type":"Feature","properties":{"n":"公園路","v":"礁溪鄉","w":5,"c":1.5,"r":2},"geometry":{"type":"MultiPolygon","coordinates":[[[[121.774895,24.832157],[121.774891,24.832147],[121.774893,24.832133],[121.774935,24.832061],[121.774994,24.831982],[121.775037,24.831936],[121.775125,24.83186],[121.77511,24.831847],[121.774991,24.831958],[121.774909,24.83207],[121.774874,24.832137],[121.774875,24.832162],[121.774895,24.832157]]]]}},{"type":"Feature","properties":{"n":"公園路70巷","v":"礁溪鄉","w":2.5,"c":2.5,"r":2},"geometry":{"type":"MultiPolygon","coordinates":[[[[121.774909,24.832196],[121.7752,24.832325],[121.775257,24.832355],[121.775323,24.832392],[121.77555,24.832542],[121.77558,24.832547],[121.775601,24.832542],[121.775594,24.832522],[121.775576,24.832525],[121.775552,24.832518],[121.775373,24.832394],[121.775209,24.832303],[121.774919,24.832175],[121.774895,24.832157],[121.774875,24.832162],[121.774887,24.832181],[121.774908,24.832196],[121.774909,24.832196]]]]}},{"type":"Feature","properties":{"n":"公園路","v":"礁溪鄉","w":5,"c":1.5,"r":2},"geometry":{"type":"MultiPolygon","coordinates":[[[[121.775801,24.831168],[121.775775,24.831173],[121.775751,24.83119],[121.775488,24.831496],[121.775503,24.831508],[121.775772,24.831194],[121.775795,24.831186],[121.775802,24.831187],[121.775801,24.831168]]]]}},{"type":"Feature","properties":{"n":"公園路18巷","v":"礁溪鄉","w":3,"c":3,"r":2},"geometry":{"type":"MultiPolygon","coordinates":[[[[121.775601,24.832542],[121.775617,24.832532],[121.775629,24.832517],[121.77583,24.832144],[121.775885,24.832065],[121.776056,24.831864],[121.776219,24.831687],[121.776239,24.831651],[121.776252,24.831611],[121.776258,24.83157],[121.776255,24.831526],[121.776235,24.831471],[121.776209,24.831438],[121.776157,24.831395],[121.775834,24.831179],[121.775805,24.831168],[121.775801,24.831168],[121.775802,24.831187],[121.775815,24.831189],[121.775886,24.831233],[121.776174,24.831422],[121.776199,24.831445],[121.776219,24.831472],[121.776234,24.831502],[121.776242,24.831534],[121.776245,24.831567],[121.776241,24.831599],[121.776232,24.831631],[121.776202,24.83168],[121.77587,24.832058],[121.775798,24.832168],[121.775696,24.832374],[121.77564,24.832473],[121.775615,24.83251],[121.775594,24.832522],[121.775601,24.832542]]]]}},{"type":"Feature","properties":{"n":"公園路","v":"礁溪鄉","w":5,"c":1.5,"r":2},"geometry":{"type":"MultiPolygon","coordinates":[[[[121.774716,24.83205],[121.774735,24.832056],[121.774756,24.832056],[121.774773,24.83205],[121.774791,24.832037],[121.774893,24.831897],[121.774953,24.831829],[121.775095,24.831718],[121.775254,24.831572],[121.775405,24.831414],[121.775692,24.831079],[121.775715,24.831045],[121.775714,24.831028],[121.775687,24.83104],[121.775684,24.831056],[121.775677,24.831067],[121.775329,24.83147],[121.775193,24.831607],[121.774938,24.831821],[121.77489,24.83187],[121.774828,24.831947],[121.774773,24.832034],[121.774741,24.832038],[121.774723,24.832036],[121.774716,24.83205]]]]}},{"type":"Feature","properties":{"n":"公園路","v":"礁溪鄉","w":5,"c":1.5,"r":2},"geometry":{"type":"MultiPolygon","coordinates":[[[[121.776077,24.830334],[121.776089,24.830146],[121.776099,24.830087],[121.776119,24.83002],[121.776135,24.829986],[121.77613,24.829968],[121.776101,24.829981],[121.776101,24.830018],[121.776078,24.83011],[121.776072,24.830157],[121.77608,24.830159],[121.776067,24.830333],[121.77606,24.830332],[121.776051,24.830412],[121.776015,24.830496],[121.775866,24.830769],[121.7758,24.830875],[121.775788,24.830916],[121.775814,24.830903],[121.775828,24.830888],[121.775835,24.830866],[121.776021,24.830523],[121.776064,24.830437],[121.776076,24.830365],[121.776077,24.830334]]]]}},{"type":"Feature","properties":{"n":"公園路","v":"礁溪鄉","w":5,"c":1.5,"r":2},"geometry":{"type":"MultiPolygon","coordinates":[[[[121.776199,24.82986],[121.776233,24.829846],[121.776358,24.829694],[121.776341,24.829684],[121.776223,24.829823],[121.776201,24.829835],[121.776199,24.82986]]]]}},{"type":"Feature","properties":{"n":"健康路","v":"礁溪鄉","w":8,"c":2.7,"r":2},"geometry":{"type":"MultiPolygon","coordinates":[[[[121.775734,24.83091],[121.775757,24.830917],[121.775788,24.830916],[121.7758,24.830875],[121.775784,24.83088],[121.775234,24.830685],[121.774848,24.830527],[121.774836,24.830517],[121.774796,24.830539],[121.774802,24.830555],[121.775152,24.830703],[121.77572,24.830905],[121.775734,24.83091]]]]}},{"type":"Feature","properties":{"n":"健康路","v":"礁溪鄉","w":8,"c":2.7,"r":2},"geometry":{"type":"MultiPolygon","coordinates":[[[[121.775714,24.831028],[121.775705,24.831007],[121.775689,24.830992],[121.775114,24.830786],[121.774787,24.830654],[121.774752,24.830643],[121.774724,24.830638],[121.774715,24.830641],[121.774726,24.830662],[121.774748,24.830661],[121.775225,24.83085],[121.775661,24.831008],[121.775678,24.83102],[121.775687,24.83104],[121.775714,24.831028]]]]}},{"type":"Feature","properties":{"n":"健康二街","v":"礁溪鄉","w":6,"c":2.09,"r":2},"geometry":{"type":"MultiPolygon","coordinates":[[[[121.774231,24.831038],[121.774268,24.831051],[121.774292,24.831051],[121.774323,24.831039],[121.774339,24.831023],[121.774584,24.83064],[121.774594,24.830608],[121.774589,24.830585],[121.774539,24.830602],[121.774552,24.830629],[121.774315,24.830997],[121.774298,24.831011],[121.774276,24.831018],[121.774243,24.83101],[121.774231,24.831038]]]]}},{"type":"Feature","properties":{"n":"健康路","v":"礁溪鄉","w":8,"c":2.7,"r":2},"geometry":{"type":"MultiPolygon","coordinates":[[[[121.774589,24.830585],[121.774578,24.830566],[121.774559,24.830551],[121.774228,24.830386],[121.774056,24.830295],[121.773748,24.830116],[121.77372,24.830105],[121.773692,24.830104],[121.77369,24.830136],[121.774176,24.830408],[121.774501,24.83057],[121.774539,24.830602],[121.774589,24.830585]]]]}},{"type":"Feature","properties":{"n":"健康路","v":"礁溪鄉","w":8,"c":2.7,"r":2},"geometry":{"type":"MultiPolygon","coordinates":[[[[121.773786,24.830019],[121.773821,24.83005],[121.774164,24.830243],[121.774465,24.830402],[121.774622,24.830478],[121.774651,24.830483],[121.774672,24.83048],[121.774691,24.830469],[121.774705,24.830454],[121.77469,24.830446],[121.774678,24.830448],[121.774643,24.830435],[121.774414,24.830322],[121.774032,24.830119],[121.773837,24.830009],[121.773835,24.829999],[121.773786,24.830019]]]]}},{"type":"Feature","properties":{"n":"健康一街","v":"礁溪鄉","w":4,"c":2,"r":2},"geometry":{"type":"MultiPolygon","coordinates":[[[[121.773671,24.829931],[121.773703,24.829919],[121.773858,24.829754],[121.773904,24.829716],[121.773982,24.829665],[121.774068,24.829627],[121.77416,24.829603],[121.774211,24.829597],[121.774339,24.829597],[121.775347,24.829682],[121.775648,24.829726],[121.775873,24.829778],[121.776178,24.829861],[121.776199,24.82986],[121.776201,24.829835],[121.776183,24.829834],[121.775979,24.829774],[121.775721,24.82971],[121.775604,24.829687],[121.775421,24.82966],[121.775042,24.829622],[121.774278,24.829564],[121.774163,24.829572],[121.774049,24.8296],[121.773953,24.829644],[121.773841,24.829722],[121.773692,24.829884],[121.773675,24.829895],[121.773661,24.829897],[121.773671,24.829931]]]]}},{"type":"Feature","properties":{"n":"健康路","v":"礁溪鄉","w":8,"c":2.7,"r":2},"geometry":{"type":"MultiPolygon","coordinates":[[[[121.772923,24.829412],[121.772933,24.829444],[121.772949,24.829461],[121.773223,24.82967],[121.773599,24.829918],[121.773629,24.82993],[121.773671,24.829931],[121.773661,24.829897],[121.773642,24.829892],[121.77339,24.82973],[121.772985,24.829432],[121.772974,24.82942],[121.772968,24.829402],[121.772923,24.829412]]]]}},{"type":"Feature","properties":{"n":"健康一街","v":"礁溪鄉","w":4,"c":2,"r":2},"geometry":{"type":"MultiPolygon","coordinates":[[[[121.773575,24.830034],[121.773523,24.830036],[121.773526,24.83005],[121.773523,24.830062],[121.772855,24.830782],[121.772826,24.830803],[121.772781,24.830809],[121.772801,24.830829],[121.772814,24.830837],[121.772835,24.830837],[121.772875,24.830809],[121.77355,24.830083],[121.773561,24.830069],[121.773574,24.830038],[121.773575,24.830034]]]]}},{"type":"Feature","properties":{"n":"溫泉路","v":"礁溪鄉","w":8,"c":2,"r":2},"geometry":{"type":"MultiPolygon","coordinates":[[[[121.772816,24.829515],[121.772791,24.829524],[121.772774,24.829535],[121.772227,24.830124],[121.772212,24.830153],[121.772211,24.830174],[121.772219,24.830195],[121.772239,24.830222],[121.772234,24.830178],[121.772242,24.830159],[121.77279,24.829571],[121.772803,24.829562],[121.77282,24.829557],[121.772816,24.829515]]]]}},{"type":"Feature","properties":{"n":"健康路","v":"礁溪鄉","w":8,"c":2.7,"r":2},"geometry":{"type":"MultiPolygon","coordinates":[[[[121.773575,24.830034],[121.773573,24.830022],[121.773562,24.830007],[121.773374,24.829888],[121.773232,24.82979],[121.772885,24.829531],[121.772846,24.829515],[121.772816,24.829515],[121.77282,24.829557],[121.772842,24.829559],[121.772856,24.829566],[121.773223,24.82984],[121.773416,24.829966],[121.773511,24.830023],[121.773523,24.830036],[121.773575,24.830034]]]]}},{"type":"Feature","properties":{"n":"公園路70巷","v":"礁溪鄉","w":2.5,"c":2.5,"r":2},"geometry":{"type":"MultiPolygon","coordinates":[[[[121.77408,24.831639],[121.774097,24.831665],[121.774714,24.832049],[121.774722,24.832035],[121.774139,24.831671],[121.774117,24.831647],[121.774111,24.831627],[121.77408,24.831639]]]]}},{"type":"Feature","properties":{"n":"健康二街","v":"礁溪鄉","w":6,"c":2.09,"r":2},"geometry":{"type":"MultiPolygon","coordinates":[[[[121.774715,24.830641],[121.774693,24.830654],[121.774671,24.830682],[121.774087,24.831591],[121.774079,24.831611],[121.77408,24.831639],[121.774111,24.831627],[121.774113,24.831608],[121.774715,24.830672],[121.774726,24.830662],[121.774715,24.830641]]]]}},{"type":"Feature","properties":{"n":"健康二街","v":"礁溪鄉","w":6,"c":2.09,"r":2},"geometry":{"type":"MultiPolygon","coordinates":[[[[121.773744,24.831499],[121.77373,24.831539],[121.773878,24.831581],[121.773914,24.831596],[121.773941,24.831595],[121.773977,24.831579],[121.773991,24.831565],[121.774228,24.831195],[121.774235,24.83117],[121.774232,24.831152],[121.774187,24.831161],[121.774197,24.83118],[121.773973,24.831525],[121.773949,24.831509],[121.77392,24.831506],[121.773893,24.831516],[121.773873,24.831535],[121.773744,24.831499]]]]}},{"type":"Feature","properties":{"n":"健康一街","v":"礁溪鄉","w":4,"c":2,"r":2},"geometry":{"type":"MultiPolygon","coordinates":[[[[121.775119,24.829772],[121.775112,24.829761],[121.775101,24.829756],[121.775055,24.829745],[121.774618,24.82971],[121.774295,24.829686],[121.774236,24.829686],[121.774157,24.829696],[121.774082,24.829718],[121.774012,24.829752],[121.773963,24.829788],[121.773904,24.829846],[121.773787,24.829974],[121.77378,24.829985],[121.773779,24.830003],[121.773786,24.830019],[121.773835,24.829999],[121.773831,24.829977],[121.773849,24.82995],[121.774012,24.829792],[121.774054,24.829762],[121.774095,24.829742],[121.774139,24.829728],[121.77424,24.82972],[121.774382,24.829723],[121.77507,24.829775],[121.775087,24.829791],[121.775119,24.829772]]]]}},{"type":"Feature","properties":{"n":"健康二街","v":"礁溪鄉","w":6,"c":2.09,"r":2},"geometry":{"type":"MultiPolygon","coordinates":[[[[121.774693,24.830444],[121.774706,24.830451],[121.774716,24.830437],[121.775115,24.829822],[121.775125,24.829794],[121.775119,24.829772],[121.775087,24.829791],[121.775092,24.82981],[121.775086,24.829829],[121.774693,24.830444]]]]}},{"type":"Feature","properties":{"n":"健康一街","v":"礁溪鄉","w":4,"c":2,"r":2},"geometry":{"type":"MultiPolygon","coordinates":[[[[121.773263,24.830561],[121.773241,24.830567],[121.773215,24.830585],[121.772942,24.830876],[121.772917,24.830916],[121.772913,24.830935],[121.772939,24.83096],[121.772955,24.830948],[121.772951,24.830933],[121.772955,24.830915],[121.772966,24.830897],[121.773234,24.83061],[121.773258,24.830587],[121.77327,24.830581],[121.773263,24.830561]]]]}},{"type":"Feature","properties":{"n":"宜蘭縣262","v":"礁溪鄉","w":6,"c":1.5,"r":2},"geometry":{"type":"MultiPolygon","coordinates":[[[[121.774232,24.831152],[121.774216,24.831131],[121.774199,24.831123],[121.773895,24.83102],[121.773808,24.830979],[121.773721,24.830917],[121.773342,24.830582],[121.773302,24.830561],[121.773263,24.830561],[121.77327,24.830581],[121.77329,24.830581],[121.773307,24.830589],[121.773639,24.830886],[121.773723,24.830955],[121.773802,24.831012],[121.773864,24.83104],[121.774162,24.831144],[121.774187,24.831161],[121.774232,24.831152]]]]}},{"type":"Feature","properties":{"n":"宜蘭縣262","v":"礁溪鄉","w":6,"c":1.5,"r":2},"geometry":{"type":"MultiPolygon","coordinates":[[[[121.773366,24.83046],[121.773383,24.830489],[121.773768,24.830833],[121.773841,24.830891],[121.773943,24.830939],[121.774229,24.831038],[121.77424,24.831009],[121.773904,24.830891],[121.773839,24.830849],[121.773426,24.830489],[121.773409,24.830468],[121.773402,24.830448],[121.773366,24.83046]]]]}},{"type":"Feature","properties":{"n":"健康一街","v":"礁溪鄉","w":4,"c":2,"r":2},"geometry":{"type":"MultiPolygon","coordinates":[[[[121.773692,24.830104],[121.773661,24.830113],[121.773643,24.830125],[121.77338,24.830407],[121.773365,24.830436],[121.773366,24.83046],[121.773402,24.830448],[121.773401,24.830433],[121.773667,24.830145],[121.77369,24.830136],[121.773692,24.830104]]]]}},{"type":"Feature","properties":{"n":"健康二街","v":"礁溪鄉","w":6,"c":2.09,"r":2},"geometry":{"type":"MultiPolygon","coordinates":[[[[121.774836,24.830517],[121.774832,24.830502],[121.774836,24.83049],[121.77527,24.829816],[121.775283,24.829804],[121.77526,24.829779],[121.77524,24.829801],[121.774805,24.830476],[121.774794,24.830503],[121.774796,24.830539],[121.774836,24.830517]]]]}},{"type":"Feature","properties":{"n":"健康一街","v":"礁溪鄉","w":4,"c":2,"r":2},"geometry":{"type":"MultiPolygon","coordinates":[[[[121.776101,24.829981],[121.776125,24.829963],[121.776105,24.829935],[121.775865,24.829869],[121.775661,24.829821],[121.775419,24.829781],[121.775293,24.829769],[121.77526,24.829779],[121.775283,24.829804],[121.775288,24.8298],[121.77534,24.8298],[121.77561,24.829842],[121.775825,24.829889],[121.776072,24.829957],[121.776091,24.829968],[121.7761,24.829982],[121.776101,24.829981]]]]}},{"type":"Feature","properties":{"n":"溫泉路","v":"礁溪鄉","w":8,"c":2,"r":2},"geometry":{"type":"MultiPolygon","coordinates":[[[[121.77356,24.828694],[121.773538,24.828708],[121.77353,24.828723],[121.772942,24.829355],[121.772927,24.829378],[121.772923,24.829412],[121.772968,24.829402],[121.772973,24.829376],[121.773544,24.828756],[121.773576,24.828732],[121.77356,24.828694]]]]}},{"type":"Feature","properties":{"n":"礁溪路五段","v":"礁溪鄉","w":5.5,"c":3,"r":2},"geometry":{"type":"MultiPolygon","coordinates":[[[[121.776599,24.829381],[121.776614,24.829365],[121.776576,24.829336],[121.776383,24.82923],[121.776208,24.829162],[121.775965,24.829105],[121.775463,24.829051],[121.775038,24.829019],[121.774708,24.828986],[121.774318,24.828913],[121.773976,24.828816],[121.773678,24.828702],[121.773613,24.828689],[121.77356,24.828694],[121.773576,24.828732],[121.773613,24.82872],[121.773633,24.828718],[121.773673,24.828724],[121.77394,24.828836],[121.774173,24.828903],[121.774417,24.82896],[121.774662,24.829008],[121.774823,24.829029],[121.775624,24.82909],[121.775907,24.829124],[121.776191,24.829173],[121.776363,24.829239],[121.776547,24.829337],[121.776599,24.829381]]]]}},{"type":"Feature","properties":{"n":"溫泉路","v":"礁溪鄉","w":8,"c":2,"r":2},"geometry":{"type":"MultiPolygon","coordinates":[[[[121.775094,24.827232],[121.774703,24.827511],[121.774705,24.827536],[121.774738,24.827536],[121.774739,24.827514],[121.775111,24.82725],[121.775094,24.827232]]]]}},{"type":"Feature","properties":{"n":"中山路二段","v":"礁溪鄉","w":7,"c":1,"r":2},"geometry":{"type":"MultiPolygon","coordinates":[[[[121.774705,24.827536],[121.774707,24.82756],[121.775409,24.828184],[121.775559,24.828308],[121.775696,24.828407],[121.776404,24.828953],[121.776412,24.828942],[121.775915,24.828554],[121.775655,24.828363],[121.775475,24.828218],[121.775436,24.828176],[121.775125,24.827912],[121.774738,24.827564],[121.774738,24.827536],[121.774705,24.827536]]]]}},{"type":"Feature","properties":{"n":"溫泉路","v":"礁溪鄉","w":8,"c":2,"r":2},"geometry":{"type":"MultiPolygon","coordinates":[[[[121.774566,24.827414],[121.774596,24.827417],[121.774726,24.827328],[121.775175,24.827],[121.775161,24.826984],[121.775088,24.827044],[121.774582,24.827389],[121.774564,24.827389],[121.774566,24.827414]]]]}},{"type":"Feature","properties":{"n":"中山路二段","v":"礁溪鄉","w":7,"c":1,"r":2},"geometry":{"type":"MultiPolygon","coordinates":[[[[121.773495,24.826444],[121.773503,24.826467],[121.773659,24.82663],[121.773911,24.826872],[121.774538,24.827411],[121.774566,24.827414],[121.774564,24.827389],[121.774533,24.827387],[121.774318,24.827198],[121.774146,24.827054],[121.773957,24.826884],[121.773801,24.826741],[121.773513,24.826452],[121.773495,24.826444]]]]}},{"type":"Feature","properties":{"n":"中山路二段","v":"礁溪鄉","w":7,"c":1,"r":2},"geometry":{"type":"MultiPolygon","coordinates":[[[[121.776114,24.828906],[121.776113,24.828869],[121.775786,24.828618],[121.775455,24.828378],[121.775434,24.828391],[121.775872,24.828732],[121.77588,24.828723],[121.776043,24.828852],[121.776048,24.828847],[121.776067,24.828853],[121.77606,24.828884],[121.776114,24.828906]]]]}},{"type":"Feature","properties":{"n":"礁溪路五段","v":"礁溪鄉","w":5.5,"c":3,"r":1},"geometry":{"type":"MultiPolygon","coordinates":[[[[121.775681,24.828886],[121.775924,24.828911],[121.776068,24.828938],[121.77611,24.828921],[121.776114,24.828906],[121.77606,24.828884],[121.776057,24.828903],[121.776023,24.828887],[121.7759,24.828866],[121.775017,24.828803],[121.775013,24.828832],[121.775681,24.828886],[121.775681,24.828886]]]]}},{"type":"Feature","properties":{"n":"仁愛路","v":"礁溪鄉","w":4,"c":1,"r":2},"geometry":{"type":"MultiPolygon","coordinates":[[[[121.770807,24.827834],[121.770797,24.827852],[121.7708,24.827874],[121.770862,24.827946],[121.771107,24.828218],[121.771558,24.828693],[121.771577,24.828694],[121.771577,24.828671],[121.77133,24.828414],[121.771141,24.828207],[121.770807,24.827834]]]]}},{"type":"Feature","properties":{"n":"中山路二段","v":"礁溪鄉","w":7,"c":1,"r":2},"geometry":{"type":"MultiPolygon","coordinates":[[[[121.773656,24.826806],[121.773648,24.826773],[121.773413,24.826544],[121.77325,24.826371],[121.773067,24.826137],[121.772962,24.826012],[121.772953,24.826008],[121.772941,24.82601],[121.773248,24.82639],[121.773396,24.826557],[121.773613,24.826772],[121.773623,24.826786],[121.773627,24.826808],[121.773656,24.826806]]]]}},{"type":"Feature","properties":{"n":"德陽路","v":"礁溪鄉","w":4,"c":2,"r":2},"geometry":{"type":"MultiPolygon","coordinates":[[[[121.773271,24.827149],[121.773299,24.827149],[121.773636,24.826845],[121.77365,24.826828],[121.773656,24.826806],[121.773627,24.826808],[121.77362,24.826828],[121.773271,24.827149]]]]}},{"type":"Feature","properties":{"n":"育才路","v":"礁溪鄉","w":5,"c":2.5,"r":2},"geometry":{"type":"MultiPolygon","coordinates":[[[[121.770088,24.821427],[121.770856,24.821246],[121.770873,24.821256],[121.770895,24.821224],[121.770893,24.821219],[121.770085,24.821407],[121.770089,24.82143],[121.770088,24.821427]]]]}},{"type":"Feature","properties":{"n":"中山路一段","v":"礁溪鄉","w":7,"c":1,"r":2},"geometry":{"type":"MultiPolygon","coordinates":[[[[121.770873,24.821256],[121.770888,24.821264],[121.771024,24.821799],[121.770996,24.821837],[121.771041,24.821813],[121.771036,24.821778],[121.770895,24.821224],[121.770873,24.821256]]]]}},{"type":"Feature","properties":{"n":"中山路一段","v":"礁溪鄉","w":7,"c":1,"r":2},"geometry":{"type":"MultiPolygon","coordinates":[[[[121.770825,24.821012],[121.770838,24.820987],[121.770798,24.820834],[121.770658,24.820318],[121.770548,24.819957],[121.770467,24.819788],[121.770396,24.819687],[121.770272,24.819525],[121.770119,24.819346],[121.770105,24.819353],[121.770228,24.819496],[121.770439,24.819776],[121.770516,24.819924],[121.770567,24.820062],[121.770629,24.820261],[121.770735,24.820661],[121.770816,24.820982],[121.7708,24.821004],[121.770825,24.821012]]]]}},{"type":"Feature","properties":{"n":"礁溪路四段(礁溪國小)","v":"礁溪鄉","w":7,"c":2.5,"r":2},"geometry":{"type":"MultiPolygon","coordinates":[[[[121.769742,24.821283],[121.769759,24.821291],[121.769763,24.82127],[121.769759,24.82127],[121.769678,24.821063],[121.769573,24.820816],[121.769536,24.820712],[121.769516,24.820718],[121.76972,24.821272],[121.769742,24.821283]]]]}},{"type":"Feature","properties":{"n":"公園北路","v":"礁溪鄉","w":3.2,"c":2,"r":2},"geometry":{"type":"MultiPolygon","coordinates":[[[[121.776902,24.833457],[121.776946,24.833444],[121.777136,24.833314],[121.777226,24.833261],[121.777323,24.833244],[121.777419,24.833216],[121.777498,24.83316],[121.777712,24.832937],[121.777884,24.832779],[121.777894,24.832758],[121.777896,24.832736],[121.777884,24.832705],[121.777373,24.832325],[121.777351,24.832315],[121.777327,24.832311],[121.777303,24.832316],[121.777283,24.832327],[121.777086,24.832551],[121.777011,24.832655],[121.776861,24.832977],[121.776729,24.833169],[121.776667,24.833244],[121.776655,24.833273],[121.776666,24.833274],[121.776673,24.833256],[121.776815,24.833073],[121.776879,24.832975],[121.776933,24.832873],[121.777028,24.832663],[121.777129,24.832527],[121.777277,24.832359],[121.777303,24.832341],[121.777336,24.832338],[121.777366,24.83235],[121.777854,24.832708],[121.77787,24.832733],[121.777868,24.832755],[121.777855,24.832774],[121.777682,24.832931],[121.777483,24.833142],[121.777417,24.833188],[121.777258,24.83323],[121.77719,24.833258],[121.777088,24.83332],[121.777002,24.833379],[121.776948,24.833426],[121.776919,24.833442],[121.776902,24.833443],[121.776902,24.833457]]]]}},{"type":"Feature","properties":{"n":"公園路70巷","v":"礁溪鄉","w":2.5,"c":2.5,"r":2},"geometry":{"type":"MultiPolygon","coordinates":[[[[121.776655,24.833273],[121.77666,24.833298],[121.776679,24.83332],[121.776857,24.833444],[121.776901,24.833457],[121.776902,24.833442],[121.776859,24.833433],[121.776683,24.83331],[121.776669,24.833293],[121.776666,24.833274],[121.776655,24.833273]]]]}},{"type":"Feature","properties":{"n":"德陽路","v":"礁溪鄉","w":4,"c":1,"r":2},"geometry":{"type":"MultiPolygon","coordinates":[[[[121.770065,24.828878],[121.770033,24.82889],[121.769811,24.828873],[121.769805,24.828878],[121.769806,24.828887],[121.770011,24.828902],[121.770049,24.828901],[121.770065,24.828889],[121.770065,24.828878]]]]}},{"type":"Feature","properties":{"n":"德陽路","v":"礁溪鄉","w":4,"c":1,"r":2},"geometry":{"type":"MultiPolygon","coordinates":[[[[121.770346,24.829037],[121.770095,24.829017],[121.769639,24.828998],[121.769342,24.828995],[121.769329,24.829014],[121.769532,24.829018],[121.769746,24.829015],[121.770048,24.829035],[121.770337,24.829061],[121.770346,24.829037]]]]}},{"type":"Feature","properties":{"n":"德陽路","v":"礁溪鄉","w":4,"c":1,"r":2},"geometry":{"type":"MultiPolygon","coordinates":[[[[121.771235,24.829109],[121.770386,24.829041],[121.77038,24.829065],[121.771101,24.829122],[121.771311,24.829147],[121.77136,24.829161],[121.77138,24.829125],[121.771235,24.829109]]]]}},{"type":"Feature","properties":{"n":"德陽路","v":"礁溪鄉","w":4,"c":1,"r":2},"geometry":{"type":"MultiPolygon","coordinates":[[[[121.770127,24.82888],[121.770109,24.828879],[121.770108,24.828894],[121.770115,24.828909],[121.770128,24.828915],[121.770429,24.828935],[121.771278,24.829006],[121.77129,24.829002],[121.77129,24.828987],[121.771281,24.82899],[121.770583,24.828925],[121.770184,24.828897],[121.770135,24.828889],[121.770127,24.82888]]]]}},{"type":"Feature","properties":{"n":"仁愛路","v":"礁溪鄉","w":4,"c":1,"r":2},"geometry":{"type":"MultiPolygon","coordinates":[[[[121.770372,24.827609],[121.770379,24.827615],[121.77039,24.827596],[121.77039,24.827583],[121.770358,24.827532],[121.770011,24.827138],[121.770002,24.827145],[121.770027,24.827167],[121.770362,24.827553],[121.770369,24.827565],[121.770374,24.827594],[121.770372,24.827609]]]]}},{"type":"Feature","properties":{"n":"仁愛路","v":"礁溪鄉","w":4,"c":1,"r":2},"geometry":{"type":"MultiPolygon","coordinates":[[[[121.770518,24.827531],[121.770498,24.827513],[121.769977,24.826923],[121.769962,24.826928],[121.770503,24.827535],[121.770518,24.827531]]]]}},{"type":"Feature","properties":{"n":"德陽路","v":"礁溪鄉","w":4,"c":2,"r":2},"geometry":{"type":"MultiPolygon","coordinates":[[[[121.771947,24.828537],[121.771623,24.828834],[121.771543,24.828923],[121.771565,24.828941],[121.771962,24.828554],[121.771947,24.828537]]]]}},{"type":"Feature","properties":{"n":"德陽路","v":"礁溪鄉","w":4,"c":2,"r":2},"geometry":{"type":"MultiPolygon","coordinates":[[[[121.772576,24.827997],[121.772526,24.827998],[121.772054,24.828442],[121.772059,24.828479],[121.772063,24.828459],[121.772278,24.828263],[121.772459,24.828092],[121.772545,24.828019],[121.772576,24.827997]]]]}},{"type":"Feature","properties":{"n":"仁愛路","v":"礁溪鄉","w":4,"c":1,"r":2},"geometry":{"type":"MultiPolygon","coordinates":[[[[121.77148,24.828806],[121.77148,24.828776],[121.770999,24.828269],[121.770701,24.827927],[121.770677,24.827914],[121.770669,24.827915],[121.770646,24.827933],[121.77066,24.827941],[121.770685,24.827943],[121.771156,24.828468],[121.771455,24.828775],[121.771461,24.828805],[121.77148,24.828806]]]]}},{"type":"Feature","properties":{"n":"德陽路","v":"礁溪鄉","w":4,"c":2,"r":2},"geometry":{"type":"MultiPolygon","coordinates":[[[[121.77129,24.829002],[121.771324,24.828991],[121.771337,24.82898],[121.771481,24.828822],[121.77148,24.828806],[121.771461,24.828805],[121.771465,24.82882],[121.771359,24.828934],[121.771313,24.828977],[121.77129,24.828987],[121.77129,24.829002]]]]}},{"type":"Feature","properties":{"n":"德陽路","v":"礁溪鄉","w":4,"c":2,"r":2},"geometry":{"type":"MultiPolygon","coordinates":[[[[121.771577,24.828694],[121.771607,24.828695],[121.772437,24.827927],[121.772437,24.827913],[121.772411,24.827908],[121.772409,24.82793],[121.772134,24.828171],[121.771671,24.828599],[121.771584,24.828672],[121.771577,24.828671],[121.771577,24.828694]]]]}},{"type":"Feature","properties":{"n":"中山路二段","v":"礁溪鄉","w":7,"c":1,"r":2},"geometry":{"type":"MultiPolygon","coordinates":[[[[121.773808,24.826915],[121.773792,24.826905],[121.773772,24.8269],[121.773752,24.826902],[121.773728,24.826915],[121.773773,24.826938],[121.773812,24.826946],[121.774425,24.827481],[121.774426,24.82751],[121.774447,24.827507],[121.774448,24.827482],[121.774277,24.827332],[121.773808,24.826915]]]]}},{"type":"Feature","properties":{"n":"溫泉路","v":"礁溪鄉","w":8,"c":2,"r":2},"geometry":{"type":"MultiPolygon","coordinates":[[[[121.774039,24.82789],[121.774054,24.827903],[121.774094,24.827904],[121.774107,24.827897],[121.774447,24.827543],[121.774447,24.827507],[121.774426,24.82751],[121.774427,24.827527],[121.774088,24.827884],[121.774045,24.827885],[121.774039,24.82789]]]]}},{"type":"Feature","properties":{"n":"溫泉路","v":"礁溪鄉","w":8,"c":2,"r":2},"geometry":{"type":"MultiPolygon","coordinates":[[[[121.774237,24.82805],[121.774235,24.828004],[121.774569,24.827653],[121.774595,24.827652],[121.774592,24.827636],[121.77455,24.827635],[121.774207,24.827998],[121.774212,24.82803],[121.774237,24.82805]]]]}},{"type":"Feature","properties":{"n":"中山路二段","v":"礁溪鄉","w":7,"c":1,"r":2},"geometry":{"type":"MultiPolygon","coordinates":[[[[121.774595,24.827652],[121.774618,24.827651],[121.775336,24.828283],[121.775334,24.828323],[121.775361,24.828282],[121.774626,24.827636],[121.774592,24.827636],[121.774595,24.827652]]]]}},{"type":"Feature","properties":{"n":"育才路","v":"礁溪鄉","w":5,"c":2.5,"r":2},"geometry":{"type":"MultiPolygon","coordinates":[[[[121.769759,24.821291],[121.769763,24.821293],[121.770032,24.821232],[121.770028,24.821213],[121.769902,24.821245],[121.769763,24.82127],[121.769759,24.821291]]]]}},{"type":"Feature","properties":{"n":"育才路","v":"礁溪鄉","w":5,"c":2.5,"r":2},"geometry":{"type":"MultiPolygon","coordinates":[[[[121.770061,24.821226],[121.770793,24.82106],[121.770825,24.821012],[121.7708,24.821004],[121.770777,24.821037],[121.770058,24.821205],[121.770061,24.821226]]]]}},{"type":"Feature","properties":{"n":"舊街路","v":"五結鄉","w":0,"c":3,"r":0},"geometry":{"type":"MultiPolygon","coordinates":[[[[121.768974,24.706364],[121.769296,24.706723],[121.770067,24.707615],[121.77008,24.707605],[121.769274,24.706673],[121.768985,24.706352],[121.768974,24.706364]]]]}},{"type":"Feature","properties":{"n":"中正路三段","v":"五結鄉","w":0,"c":3,"r":0},"geometry":{"type":"MultiPolygon","coordinates":[[[[121.772827,24.710735],[121.772325,24.709296],[121.771631,24.707271],[121.771532,24.706961],[121.771149,24.705814],[121.77113,24.705766],[121.771117,24.705768],[121.771439,24.706732],[121.771649,24.707387],[121.771924,24.708195],[121.772278,24.70923],[121.772739,24.710546],[121.772809,24.710727],[121.772827,24.710735]]]]}},{"type":"Feature","properties":{"n":"中正路二段","v":"五結鄉","w":0,"c":3,"r":0},"geometry":{"type":"MultiPolygon","coordinates":[[[[121.771116,24.705735],[121.771042,24.705499],[121.770405,24.703603],[121.769526,24.701026],[121.768844,24.698922],[121.768839,24.698961],[121.76901,24.6995],[121.769242,24.700222],[121.769751,24.701775],[121.770392,24.703644],[121.770603,24.704281],[121.770981,24.705389],[121.771096,24.705742],[121.771116,24.705735]]]]}},{"type":"Feature","properties":{"n":"中正路三段","v":"五結鄉","w":0,"c":3,"r":0},"geometry":{"type":"MultiPolygon","coordinates":[[[[121.772846,24.710759],[121.772867,24.710754],[121.772504,24.709672],[121.772276,24.709023],[121.77152,24.706824],[121.771162,24.705764],[121.771139,24.705771],[121.771187,24.705885],[121.772361,24.709355],[121.772723,24.710406],[121.772846,24.710759]]]]}},{"type":"Feature","properties":{"n":"中正路二段","v":"五結鄉","w":0,"c":3,"r":0},"geometry":{"type":"MultiPolygon","coordinates":[[[[121.77113,24.705736],[121.771153,24.705729],[121.770705,24.704353],[121.7702,24.702891],[121.769694,24.701396],[121.769454,24.700678],[121.76887,24.698895],[121.768852,24.698899],[121.769374,24.700514],[121.770035,24.702481],[121.770685,24.704386],[121.770954,24.705197],[121.771018,24.705405],[121.77113,24.705736]]]]}},{"type":"Feature","properties":{"n":"下清路北側(宜30線)","v":"五結鄉","w":0,"c":2,"r":0},"geometry":{"type":"MultiPolygon","coordinates":[[[[121.833113,24.649302],[121.831932,24.64895],[121.831236,24.648752],[121.83076,24.648797],[121.830249,24.648716],[121.830099,24.648758],[121.829884,24.648831],[121.829662,24.648827],[121.82826,24.648267],[121.828254,24.648291],[121.829656,24.648856],[121.829904,24.64886],[121.83025,24.648744],[121.830747,24.648825],[121.831243,24.64878],[121.833102,24.649326],[121.833113,24.649302]]]]}},{"type":"Feature","properties":{"n":"下清路南側(宜30線)","v":"五結鄉","w":0,"c":2,"r":0},"geometry":{"type":"MultiPolygon","coordinates":[[[[121.833113,24.649272],[121.833126,24.649248],[121.831241,24.648691],[121.830758,24.64873],[121.830241,24.648655],[121.829895,24.648776],[121.82968,24.648771],[121.828291,24.648212],[121.828278,24.648236],[121.829673,24.648795],[121.829896,24.6488],[121.830254,24.648679],[121.830764,24.64876],[121.831248,24.648715],[121.832688,24.649149],[121.833113,24.649272]]]]}},{"type":"Feature","properties":{"n":"成功路(東側)","v":"五結鄉","w":0,"c":2,"r":0},"geometry":{"type":"MultiPolygon","coordinates":[[[[121.832671,24.649159],[121.832684,24.649161],[121.832909,24.648407],[121.833184,24.647718],[121.833514,24.646956],[121.833825,24.646212],[121.833987,24.645814],[121.833976,24.645808],[121.833492,24.646987],[121.833343,24.647315],[121.833183,24.647698],[121.832902,24.648398],[121.832763,24.648829],[121.832686,24.649097],[121.832671,24.649159]]]]}},{"type":"Feature","properties":{"n":"成功路(西側)","v":"五結鄉","w":0,"c":2,"r":0},"geometry":{"type":"MultiPolygon","coordinates":[[[[121.832658,24.649152],[121.832765,24.648766],[121.832888,24.648398],[121.833163,24.647708],[121.833449,24.647055],[121.833724,24.646394],[121.833963,24.645805],[121.83395,24.6458],[121.833788,24.646198],[121.833716,24.646387],[121.833395,24.647151],[121.83315,24.647708],[121.832875,24.6484],[121.832757,24.648759],[121.832642,24.649149],[121.832658,24.649152]]]]}},{"type":"Feature","properties":{"n":"頂寮路(東側)","v":"五結鄉","w":0,"c":2,"r":0},"geometry":{"type":"MultiPolygon","coordinates":[[[[121.83126,24.648689],[121.831268,24.648693],[121.831397,24.648363],[121.831533,24.647997],[121.831792,24.647262],[121.831983,24.646812],[121.83226,24.646091],[121.832393,24.645713],[121.832519,24.645396],[121.832508,24.645396],[121.832385,24.645711],[121.832249,24.646094],[121.831974,24.646807],[121.831781,24.64726],[121.83152,24.647997],[121.831386,24.648358],[121.831255,24.648693],[121.83126,24.648689]]]]}},{"type":"Feature","properties":{"n":"頂寮路(西側)","v":"五結鄉","w":0,"c":2,"r":0},"geometry":{"type":"MultiPolygon","coordinates":[[[[121.83124,24.648692],[121.831373,24.648357],[121.831507,24.647996],[121.831771,24.647242],[121.831843,24.647086],[121.831961,24.646808],[121.832236,24.64609],[121.832372,24.645705],[121.832498,24.645391],[121.832485,24.645391],[121.832364,24.6457],[121.832226,24.646083],[121.831951,24.646804],[121.831763,24.647237],[121.831496,24.647988],[121.831363,24.64835],[121.831226,24.648692],[121.83124,24.648692]]]]}},{"type":"Feature","properties":{"n":"成功路2巷(北側)","v":"五結鄉","w":0,"c":2,"r":0},"geometry":{"type":"MultiPolygon","coordinates":[[[[121.83441,24.645967],[121.833975,24.645812],[121.832501,24.645395],[121.831524,24.64509],[121.831524,24.645099],[121.832569,24.645425],[121.833957,24.645819],[121.834407,24.645979],[121.83441,24.645967]]]]}},{"type":"Feature","properties":{"n":"利成路二段(台2戊)","v":"五結鄉","w":0,"c":1.6,"r":0},"geometry":{"type":"MultiPolygon","coordinates":[[[[121.821167,24.668218],[121.821183,24.668223],[121.821491,24.668113],[121.821631,24.668003],[121.822005,24.667521],[121.822261,24.667139],[121.822491,24.666708],[121.8228,24.666073],[121.822787,24.666066],[121.822452,24.666759],[121.822261,24.667116],[121.822025,24.667475],[121.821636,24.667976],[121.821483,24.668104],[121.821167,24.668218]]]]}},{"type":"Feature","properties":{"n":"利成路二段","v":"五結鄉","w":0,"c":1.6,"r":0},"geometry":{"type":"MultiPolygon","coordinates":[[[[121.821139,24.668218],[121.821478,24.668097],[121.821636,24.66796],[121.822036,24.667437],[121.822209,24.667173],[121.822271,24.667068],[121.822496,24.666639],[121.822777,24.666059],[121.822761,24.666052],[121.822464,24.66667],[121.822206,24.667149],[121.821968,24.667506],[121.821623,24.66795],[121.821467,24.668087],[121.821133,24.668211],[121.821139,24.668218]]]]}},{"type":"Feature","properties":{"n":"中正路一段(東)","v":"五結鄉","w":0,"c":3,"r":2},"geometry":{"type":"MultiPolygon","coordinates":[[[[121.769798,24.692918],[121.769812,24.692918],[121.770279,24.690282],[121.770261,24.69028],[121.769798,24.692918]]]]}},{"type":"Feature","properties":{"n":"中正路一段(西)","v":"五結鄉","w":0,"c":3,"r":2},"geometry":{"type":"MultiPolygon","coordinates":[[[[121.769785,24.692917],[121.770243,24.690278],[121.770222,24.690278],[121.769764,24.69292],[121.769785,24.692917]]]]}},{"type":"Feature","properties":{"n":"中正路二段(東)","v":"五結鄉","w":0,"c":3,"r":2},"geometry":{"type":"MultiPolygon","coordinates":[[[[121.769078,24.69737],[121.769117,24.697369],[121.769861,24.692958],[121.769822,24.692959],[121.769078,24.69737]]]]}},{"type":"Feature","properties":{"n":"中正路二段(西)","v":"五結鄉","w":0,"c":3,"r":2},"geometry":{"type":"MultiPolygon","coordinates":[[[[121.768825,24.698828],[121.769757,24.692947],[121.769691,24.692947],[121.76876,24.698828],[121.768825,24.698828]]]]}},{"type":"Feature","properties":{"n":"中正路一段","v":"五結鄉","w":0,"c":5,"r":0},"geometry":{"type":"MultiPolygon","coordinates":[[[[121.77026,24.69025],[121.770312,24.69025],[121.770645,24.688101],[121.770611,24.688112],[121.770611,24.688117],[121.77026,24.69025]]]]}},{"type":"Feature","properties":{"n":"中正北路","v":"五結鄉","w":0,"c":5,"r":0},"geometry":{"type":"MultiPolygon","coordinates":[[[[121.770976,24.685922],[121.770856,24.686705],[121.770889,24.686752],[121.771028,24.685928],[121.770976,24.685922]]]]}},{"type":"Feature","properties":{"n":"光榮北路","v":"五結鄉","w":2,"c":1,"r":8},"geometry":{"type":"MultiPolygon","coordinates":[[[[121.774467,24.687125],[121.77241,24.687518],[121.771222,24.687668],[121.770909,24.687806],[121.770623,24.688101],[121.770649,24.688124],[121.770922,24.687848],[121.771235,24.687703],[121.772398,24.687566],[121.77448,24.687161],[121.774467,24.687125]]]]}},{"type":"Feature","properties":{"n":"光榮北路","v":"五結鄉","w":4,"c":2,"r":4},"geometry":{"type":"MultiPolygon","coordinates":[[[[121.774439,24.686887],[121.774433,24.686845],[121.772363,24.68722],[121.771423,24.687362],[121.771318,24.687333],[121.771081,24.687077],[121.770915,24.686696],[121.77087,24.686714],[121.771042,24.687113],[121.771292,24.687381],[121.77141,24.687416],[121.772448,24.687255],[121.774439,24.686887]]]]}},{"type":"Feature","properties":{"n":"光榮北路","v":"五結鄉","w":2,"c":1,"r":10},"geometry":{"type":"MultiPolygon","coordinates":[[[[121.775131,24.686758],[121.776156,24.686496],[121.77645,24.686416],[121.777082,24.68615],[121.777414,24.686005],[121.777648,24.685813],[121.77792,24.685388],[121.777849,24.682336],[121.777758,24.682349],[121.777829,24.685346],[121.777596,24.685777],[121.777388,24.685922],[121.776423,24.686345],[121.775118,24.686686],[121.775131,24.686758]]]]}},{"type":"Feature","properties":{"n":"光榮北路","v":"五結鄉","w":2,"c":1,"r":10},"geometry":{"type":"MultiPolygon","coordinates":[[[[121.775205,24.68702],[121.775218,24.687104],[121.776784,24.686665],[121.77728,24.686436],[121.777788,24.686182],[121.77797,24.686026],[121.778138,24.685715],[121.778104,24.682395],[121.777987,24.682371],[121.778047,24.685739],[121.777917,24.685967],[121.777761,24.686111],[121.777579,24.686207],[121.776797,24.68657],[121.775205,24.68702]]]]}},{"type":"Feature","properties":{"n":"光榮北路","v":"五結鄉","w":0,"c":3,"r":0},"geometry":{"type":"MultiPolygon","coordinates":[[[[121.77775,24.682312],[121.777867,24.682335],[121.777859,24.681829],[121.777843,24.681814],[121.777854,24.682314],[121.777752,24.682297],[121.77775,24.682312]]]]}},{"type":"Feature","properties":{"n":"光榮北路","v":"五結鄉","w":0,"c":3,"r":0},"geometry":{"type":"MultiPolygon","coordinates":[[[[121.777882,24.682339],[121.777897,24.682343],[121.777884,24.681868],[121.777871,24.681868],[121.777882,24.682339]]]]}},{"type":"Feature","properties":{"n":"復興路","v":"五結鄉","w":0,"c":1.6,"r":2},"geometry":{"type":"MultiPolygon","coordinates":[[[[121.77415,24.704614],[121.774476,24.70444],[121.774476,24.704424],[121.774155,24.704597],[121.77415,24.704614]]]]}},{"type":"Feature","properties":{"n":"學進路","v":"五結鄉","w":0,"c":1.6,"r":2},"geometry":{"type":"MultiPolygon","coordinates":[[[[121.774137,24.704607],[121.773676,24.704824],[121.773198,24.705042],[121.772401,24.705421],[121.771583,24.70563],[121.771137,24.70575],[121.771142,24.705762],[121.772388,24.70544],[121.773671,24.704846],[121.774135,24.704626],[121.774137,24.704607]]]]}},{"type":"Feature","properties":{"n":"學進路","v":"五結鄉","w":0,"c":1.6,"r":4},"geometry":{"type":"MultiPolygon","coordinates":[[[[121.771124,24.705751],[121.770328,24.705951],[121.770085,24.706017],[121.769813,24.706104],[121.769236,24.706105],[121.769094,24.706084],[121.76886,24.706233],[121.768902,24.706283],[121.768912,24.706274],[121.768881,24.706233],[121.7691,24.706101],[121.76923,24.706121],[121.769814,24.706121],[121.770127,24.706024],[121.770594,24.705899],[121.771127,24.705765],[121.771124,24.705751]]]]}},{"type":"Feature","properties":{"n":"復興路","v":"五結鄉","w":0,"c":1.45,"r":0},"geometry":{"type":"MultiPolygon","coordinates":[[[[121.77773,24.703223],[121.777503,24.70326],[121.776644,24.703384],[121.776093,24.70353],[121.775788,24.703675],[121.774704,24.704309],[121.774714,24.704323],[121.775772,24.703701],[121.77609,24.703549],[121.776646,24.703403],[121.777738,24.70324],[121.77773,24.703223]]]]}},{"type":"Feature","properties":{"n":"冬山路一段","v":"冬山鄉","w":2,"c":2,"r":50},"geometry":{"type":"MultiPolygon","coordinates":[[[[121.791688,24.633258],[121.791683,24.633249],[121.790111,24.633876],[121.788802,24.634334],[121.788234,24.634717],[121.787881,24.635008],[121.787587,24.635327],[121.787443,24.63566],[121.787145,24.636713],[121.787013,24.638499],[121.786858,24.639849],[121.786884,24.639843],[121.787029,24.638432],[121.787154,24.636714],[121.787452,24.635665],[121.787599,24.635334],[121.787892,24.635015],[121.788235,24.634734],[121.788805,24.634346],[121.790104,24.633893],[121.791686,24.633259],[121.791688,24.633258]]]]}},{"type":"Feature","properties":{"n":"東城路","v":"冬山鄉","w":1.75,"c":1.75,"r":4},"geometry":{"type":"MultiPolygon","coordinates":[[[[121.805031,24.628595],[121.805034,24.628628],[121.80505,24.628623],[121.804452,24.627097],[121.803647,24.625088],[121.803169,24.62392],[121.803159,24.623925],[121.803624,24.625068],[121.805031,24.628595]]]]}},{"type":"Feature","properties":{"n":"振興路","v":"冬山鄉","w":1.75,"c":1.75,"r":6},"geometry":{"type":"MultiPolygon","coordinates":[[[[121.807305,24.626392],[121.808232,24.628355],[121.80824,24.628345],[121.806902,24.625512],[121.806887,24.625524],[121.807302,24.626394],[121.807305,24.626392]]]]}},{"type":"Feature","properties":{"n":"冬山路","v":"冬山鄉","w":8,"c":1.5,"r":20},"geometry":{"type":"MultiPolygon","coordinates":[[[[121.792273,24.634312],[121.792807,24.634058],[121.793856,24.633288],[121.794855,24.63254],[121.79585,24.631756],[121.795804,24.631773],[121.794823,24.632538],[121.79385,24.633267],[121.792792,24.634041],[121.792255,24.634293],[121.792273,24.634312]]]]}},{"type":"Feature","properties":{"n":"冬山路一段","v":"冬山鄉","w":2,"c":2,"r":50},"geometry":{"type":"MultiPolygon","coordinates":[[[[121.791666,24.633246],[121.791658,24.633236],[121.790104,24.633858],[121.788793,24.634317],[121.788119,24.634788],[121.787864,24.635],[121.787576,24.635321],[121.787424,24.635666],[121.787127,24.636714],[121.786992,24.63849],[121.786839,24.639854],[121.786849,24.639854],[121.786993,24.638576],[121.787135,24.636721],[121.787427,24.635685],[121.787581,24.635333],[121.787869,24.635005],[121.788132,24.634788],[121.788793,24.634329],[121.790094,24.633875],[121.791666,24.633246]]]]}},{"type":"Feature","properties":{"n":"東城路","v":"冬山鄉","w":1.75,"c":1.75,"r":4},"geometry":{"type":"MultiPolygon","coordinates":[[[[121.805052,24.62862],[121.805063,24.628613],[121.803193,24.623893],[121.803177,24.623907],[121.80505,24.62862],[121.805052,24.62862]]]]}},{"type":"Feature","properties":{"n":"振興路","v":"冬山鄉","w":1.75,"c":1.75,"r":6},"geometry":{"type":"MultiPolygon","coordinates":[[[[121.808242,24.628343],[121.80825,24.628338],[121.80691,24.625517],[121.806899,24.625524],[121.807853,24.627526],[121.808242,24.628343]]]]}},{"type":"Feature","properties":{"n":"清溝路","v":"冬山鄉","w":4,"c":2,"r":10},"geometry":{"type":"MultiPolygon","coordinates":[[[[121.760873,24.655877],[121.760803,24.665814],[121.760829,24.665814],[121.760979,24.664762],[121.760899,24.655876],[121.760873,24.655877]]]]}},{"type":"Feature","properties":{"n":"安中路人行道","v":"冬山鄉","w":0,"c":1.2,"r":4},"geometry":{"type":"MultiPolygon","coordinates":[[[[121.790088,24.633862],[121.790109,24.633852],[121.788878,24.630894],[121.788857,24.630902],[121.790088,24.633862]]]]}},{"type":"Feature","properties":{"n":"照安路","v":"冬山鄉","w":4,"c":2.25,"r":3},"geometry":{"type":"MultiPolygon","coordinates":[[[[121.793586,24.632451],[121.793675,24.632434],[121.793222,24.631003],[121.793477,24.630094],[121.793346,24.630023],[121.793099,24.631004],[121.793586,24.632451]]]]}},{"type":"Feature","properties":{"n":"義成路三段","v":"冬山鄉","w":0,"c":1.5,"r":5},"geometry":{"type":"MultiPolygon","coordinates":[[[[121.767173,24.664623],[121.767174,24.664647],[121.76784,24.666817],[121.767906,24.666828],[121.767173,24.664623]]]]}},{"type":"Feature","properties":{"n":"冬山路五段","v":"冬山鄉","w":4,"c":3,"r":50},"geometry":{"type":"MultiPolygon","coordinates":[[[[121.766195,24.669008],[121.766266,24.669151],[121.768272,24.668052],[121.770384,24.667157],[121.771533,24.667008],[121.772841,24.667145],[121.773993,24.667449],[121.775696,24.66799],[121.775799,24.667798],[121.774123,24.667305],[121.773102,24.667024],[121.771611,24.66684],[121.770435,24.666966],[121.768219,24.667885],[121.766195,24.669008]]]]}},{"type":"Feature","properties":{"n":"中華路","v":"冬山鄉","w":3,"c":2.5,"r":6},"geometry":{"type":"MultiPolygon","coordinates":[[[[121.793149,24.634975],[121.793096,24.634904],[121.791929,24.63626],[121.791955,24.636343],[121.793149,24.634975]]]]}},{"type":"Feature","properties":{"n":"香南路","v":"冬山鄉","w":3.5,"c":3,"r":4},"geometry":{"type":"MultiPolygon","coordinates":[[[[121.791225,24.631544],[121.791209,24.631551],[121.791371,24.632307],[121.791711,24.63322],[121.791727,24.633218],[121.791389,24.632302],[121.791225,24.631544]]]]}},{"type":"Feature","properties":{"n":"冬山路一段","v":"冬山鄉","w":3.7,"c":3.3,"r":4},"geometry":{"type":"MultiPolygon","coordinates":[[[[121.791377,24.632306],[121.791722,24.633223],[121.793658,24.632518],[121.793638,24.632452],[121.793592,24.632453],[121.793605,24.632506],[121.791761,24.633155],[121.791409,24.632285],[121.791377,24.632306]]]]}},{"type":"Feature","properties":{"n":"永興路2段","v":"冬山鄉","w":1.5,"c":2,"r":4},"geometry":{"type":"MultiPolygon","coordinates":[[[[121.763271,24.655092],[121.763264,24.655063],[121.762349,24.655056],[121.762322,24.654925],[121.762346,24.654566],[121.762326,24.654429],[121.763887,24.654313],[121.763873,24.654278],[121.762282,24.654387],[121.762308,24.654507],[121.762293,24.654919],[121.762332,24.655092],[121.763271,24.655092]]]]}},{"type":"Feature","properties":{"n":"成興路","v":"冬山鄉","w":1.5,"c":1.5,"r":4},"geometry":{"type":"MultiPolygon","coordinates":[[[[121.793047,24.634847],[121.793048,24.634833],[121.7931,24.634808],[121.792523,24.634417],[121.792523,24.634381],[121.792496,24.634274],[121.792925,24.633997],[121.792899,24.633961],[121.792237,24.634311],[121.793047,24.634847]]]]}},{"type":"Feature","properties":{"n":"永安路","v":"冬山鄉","w":1.5,"c":1.5,"r":2},"geometry":{"type":"MultiPolygon","coordinates":[[[[121.765081,24.662777],[121.765076,24.662714],[121.763181,24.662723],[121.763174,24.662808],[121.765081,24.662777]]]]}},{"type":"Feature","properties":{"n":"溫泉路","v":"員山鄉","w":1.85,"c":1.85,"r":2},"geometry":{"type":"MultiPolygon","coordinates":[[[[121.714262,24.749846],[121.714628,24.749835],[121.715036,24.749797],[121.715036,24.749778],[121.714615,24.749818],[121.714262,24.749827],[121.714262,24.749846]]]]}},{"type":"Feature","properties":{"n":"站前路","v":"羅東鎮","w":4,"c":3.8,"r":2},"geometry":{"type":"MultiPolygon","coordinates":[[[[121.774322,24.680374],[121.774342,24.680374],[121.774193,24.679386],[121.77409,24.678792],[121.773967,24.67799],[121.77393,24.676191],[121.773905,24.67557],[121.773914,24.674946],[121.773893,24.674939],[121.773887,24.675561],[121.773912,24.67628],[121.773934,24.677273],[121.773944,24.678002],[121.77403,24.67852],[121.774126,24.679128],[121.774322,24.680374]]]]}},{"type":"Feature","properties":{"n":"中華路","v":"羅東鎮","w":4.25,"c":2.45,"r":2},"geometry":{"type":"MultiPolygon","coordinates":[[[[121.76855,24.682804],[121.768573,24.682797],[121.768073,24.68135],[121.767924,24.68094],[121.767665,24.680105],[121.767639,24.680112],[121.7679,24.680949],[121.768044,24.681362],[121.76855,24.682804]]]]}},{"type":"Feature","properties":{"n":"站東路","v":"羅東鎮","w":5,"c":4,"r":6},"geometry":{"type":"MultiPolygon","coordinates":[[[[121.774998,24.680891],[121.775039,24.680389],[121.775078,24.679834],[121.775131,24.67922],[121.775172,24.678611],[121.775228,24.677925],[121.775216,24.67684],[121.775074,24.676254],[121.774827,24.675627],[121.77479,24.675194],[121.774764,24.67519],[121.774801,24.675634],[121.775055,24.676253],[121.775198,24.676857],[121.775204,24.677929],[121.775108,24.679224],[121.775054,24.679852],[121.775018,24.680404],[121.77498,24.680887],[121.774998,24.680891]]]]}},{"type":"Feature","properties":{"n":"站前路","v":"羅東鎮","w":4,"c":3.8,"r":6},"geometry":{"type":"MultiPolygon","coordinates":[[[[121.774073,24.679117],[121.773894,24.677995],[121.773869,24.676504],[121.77384,24.675587],[121.773849,24.674935],[121.773815,24.674914],[121.773806,24.675597],[121.773824,24.676025],[121.773852,24.677121],[121.773865,24.678009],[121.774042,24.679112],[121.77427,24.680338],[121.774288,24.68035],[121.774073,24.679117]]]]}},{"type":"Feature","properties":{"n":"公正路","v":"羅東鎮","w":2,"c":1.82,"r":4},"geometry":{"type":"MultiPolygon","coordinates":[[[[121.768738,24.678962],[121.768748,24.678981],[121.769604,24.678757],[121.770781,24.678424],[121.772008,24.678086],[121.772016,24.678062],[121.770781,24.678398],[121.769599,24.678736],[121.768738,24.678962]]]]}},{"type":"Feature","properties":{"n":"倉前路","v":"羅東鎮","w":3.8,"c":3.5,"r":4},"geometry":{"type":"MultiPolygon","coordinates":[[[[121.768163,24.681341],[121.768158,24.681365],[121.7694,24.681024],[121.771574,24.680476],[121.771582,24.680447],[121.769397,24.681003],[121.768163,24.681341]]]]}},{"type":"Feature","properties":{"n":"公正路","v":"羅東鎮","w":2,"c":1.82,"r":4},"geometry":{"type":"MultiPolygon","coordinates":[[[[121.763813,24.679921],[121.763696,24.680027],[121.761328,24.680469],[121.760873,24.680481],[121.760881,24.680505],[121.761325,24.680488],[121.762445,24.680284],[121.763704,24.680049],[121.763826,24.679933],[121.763813,24.679921]]]]}},{"type":"Feature","properties":{"n":"倉前路","v":"羅東鎮","w":3.8,"c":3.8,"r":2},"geometry":{"type":"MultiPolygon","coordinates":[[[[121.768155,24.68131],[121.769392,24.680967],[121.771574,24.680413],[121.771577,24.680385],[121.770219,24.680726],[121.769381,24.680948],[121.768147,24.681288],[121.768155,24.68131]]]]}},{"type":"Feature","properties":{"n":"敬業路","v":"羅東鎮","w":1.2,"c":1.2,"r":4},"geometry":{"type":"MultiPolygon","coordinates":[[[[121.759291,24.673337],[121.759151,24.673923],[121.759224,24.675129],[121.759331,24.67563],[121.759436,24.675617],[121.759289,24.675128],[121.759217,24.673934],[121.75937,24.673324],[121.759291,24.673325],[121.759305,24.673349],[121.759291,24.673337]]]]}},{"type":"Feature","properties":{"n":"光榮路","v":"羅東鎮","w":3.5,"c":3.5,"r":8},"geometry":{"type":"MultiPolygon","coordinates":[[[[121.777703,24.674519],[121.777781,24.674495],[121.777673,24.66979],[121.777703,24.674519]]]]}},{"type":"Feature","properties":{"n":"公正路","v":"羅東鎮","w":3,"c":1.5,"r":8},"geometry":{"type":"MultiPolygon","coordinates":[[[[121.762438,24.68025],[121.762435,24.680279],[121.761325,24.680466],[121.760884,24.680485],[121.760884,24.680506],[121.761318,24.680485],[121.762438,24.68029],[121.762482,24.680259],[121.762472,24.680211],[121.762454,24.680259],[121.762438,24.680274],[121.762438,24.68025]]]]}},{"type":"Feature","properties":{"n":"純精路一段","v":"羅東鎮","w":8,"c":6.4,"r":40},"geometry":{"type":"MultiPolygon","coordinates":[[[[121.76627,24.669148],[121.766197,24.669023],[121.76569,24.669378],[121.765351,24.669636],[121.764883,24.67005],[121.76463,24.670303],[121.764416,24.670522],[121.764182,24.670809],[121.764027,24.671133],[121.763912,24.671468],[121.763848,24.671791],[121.763773,24.672316],[121.763749,24.672615],[121.763985,24.67271],[121.763995,24.672303],[121.764096,24.671658],[121.764198,24.671251],[121.764392,24.670868],[121.765093,24.670112],[121.76547,24.669788],[121.766263,24.669151],[121.766257,24.669145],[121.76627,24.669148]]]]}},{"type":"Feature","properties":{"n":"倉前路","v":"羅東鎮","w":4,"c":3,"r":null},"geometry":{"type":"MultiPolygon","coordinates":[[[[121.771631,24.680475],[121.772407,24.680282],[121.77291,24.680183],[121.773217,24.680164],[121.773439,24.680205],[121.773695,24.680263],[121.773642,24.68015],[121.773465,24.680097],[121.773203,24.680062],[121.772876,24.680082],[121.772517,24.680162],[121.771656,24.680363],[121.771631,24.680475]]]]}},{"type":"Feature","properties":{"n":"純精路三段","v":"羅東鎮","w":8,"c":3,"r":14},"geometry":{"type":"MultiPolygon","coordinates":[[[[121.764006,24.680426],[121.764001,24.680438],[121.763998,24.680436],[121.764079,24.680517],[121.764253,24.681094],[121.764455,24.68169],[121.76466,24.682196],[121.764954,24.682801],[121.76568,24.68407],[121.76671,24.685353],[121.766734,24.685345],[121.765698,24.684056],[121.765585,24.68387],[121.765432,24.683589],[121.764974,24.682796],[121.764718,24.682284],[121.764508,24.681769],[121.764268,24.681075],[121.764132,24.680591],[121.764095,24.68049],[121.764006,24.680426]]]]}},{"type":"Feature","properties":{"n":"興東路人行道","v":"羅東鎮","w":2.6,"c":1.4,"r":14},"geometry":{"type":"MultiPolygon","coordinates":[[[[121.769337,24.681127],[121.76934,24.681149],[121.769806,24.682472],[121.770338,24.683927],[121.770657,24.684868],[121.770911,24.685723],[121.770988,24.685529],[121.770815,24.684934],[121.770481,24.68383],[121.76951,24.681083],[121.769337,24.681127]]]]}},{"type":"Feature","properties":{"n":"光榮路","v":"羅東鎮","w":8,"c":6,"r":2},"geometry":{"type":"MultiPolygon","coordinates":[[[[121.77759,24.676742],[121.77759,24.67774],[121.777649,24.677739],[121.777656,24.676736],[121.77759,24.676742]]]]}},{"type":"Feature","properties":{"n":"公正路","v":"羅東鎮","w":4,"c":2,"r":5},"geometry":{"type":"MultiPolygon","coordinates":[[[[121.755573,24.679233],[121.754932,24.679573],[121.751748,24.68139],[121.751118,24.681728],[121.748327,24.682893],[121.748341,24.68291],[121.751141,24.681747],[121.752298,24.681108],[121.755573,24.679262],[121.755573,24.679233]]]]}},{"type":"Feature","properties":{"n":"復興路","v":"員山鄉","w":4,"c":2,"r":4},"geometry":{"type":"MultiPolygon","coordinates":[[[[121.722818,24.744889],[121.722791,24.744818],[121.722765,24.744722],[121.721464,24.745995],[121.716929,24.748787],[121.717008,24.749002],[121.721538,24.746138],[121.722818,24.744889]]]]}},{"type":"Feature","properties":{"n":"忠孝路","v":"蘇澳鎮","w":4,"c":1.8,"r":23},"geometry":{"type":"MultiPolygon","coordinates":[[[[121.829475,24.61978],[121.834739,24.615822],[121.835388,24.615137],[121.829343,24.619626],[121.829475,24.61978]]]]}},{"type":"Feature","properties":{"n":"信義路","v":"蘇澳鎮","w":4,"c":1.8,"r":39},"geometry":{"type":"MultiPolygon","coordinates":[[[[121.840687,24.621153],[121.838889,24.619052],[121.836904,24.617355],[121.836261,24.616798],[121.835182,24.615633],[121.834292,24.614647],[121.834183,24.614755],[121.834307,24.614933],[121.83603,24.616751],[121.838369,24.618757],[121.840607,24.621249],[121.840687,24.621153]]]]}},{"type":"Feature","properties":{"n":"冬山路","v":"冬山鄉","w":2.5,"c":2.5,"r":3},"geometry":{"type":"MultiPolygon","coordinates":[[[[121.793978,24.633231],[121.793879,24.633317],[121.793948,24.633517],[121.793959,24.633496],[121.793916,24.633317],[121.793994,24.633252],[121.793978,24.633231]]]]}},{"type":"Feature","properties":{"n":"冬山路","v":"冬山鄉","w":25,"c":2.5,"r":3},"geometry":{"type":"MultiPolygon","coordinates":[[[[121.793882,24.633308],[121.79395,24.633517],[121.793965,24.633498],[121.793914,24.633313],[121.794003,24.633244],[121.793985,24.63323],[121.793882,24.633308]]]]}},{"type":"Feature","properties":{"n":"公園路","v":"宜蘭市","w":3,"c":2,"r":8},"geometry":{"type":"MultiPolygon","coordinates":[[[[121.750238,24.738126],[121.750212,24.738126],[121.756852,24.741843],[121.756982,24.741771],[121.750316,24.738054],[121.750238,24.738126]]]]}},{"type":"Feature","properties":{"n":"冬山路","v":"冬山鄉","w":3,"c":2,"r":null},"geometry":{"type":"MultiPolygon","coordinates":[[[[121.79232,24.634366],[121.792494,24.634276],[121.792924,24.633997],[121.792916,24.633983],[121.795855,24.631751],[121.795805,24.631772],[121.7929,24.633961],[121.792241,24.634311],[121.79232,24.634366]]]]}},{"type":"Feature","properties":{"n":"冬山路","v":"冬山鄉","w":3,"c":2,"r":null},"geometry":{"type":"MultiPolygon","coordinates":[[[[121.78728,24.636125],[121.787354,24.636182],[121.788407,24.6353],[121.790729,24.634605],[121.792221,24.63437],[121.792182,24.63428],[121.790852,24.634503],[121.788381,24.63521],[121.78728,24.636125]]]]}},{"type":"Feature","properties":{"n":"香南路","v":"冬山鄉","w":3,"c":2,"r":null},"geometry":{"type":"MultiPolygon","coordinates":[[[[121.791666,24.633255],[121.791742,24.633251],[121.791729,24.633247],[121.791729,24.633236],[121.791387,24.632293],[121.79122,24.631532],[121.791189,24.630554],[121.791297,24.629814],[121.791763,24.628708],[121.791712,24.628618],[121.79121,24.629849],[121.79114,24.63052],[121.791146,24.631544],[121.791312,24.632271],[121.791666,24.633255]]]]}},{"type":"Feature","properties":{"n":"公園路","v":"宜蘭市","w":3.5,"c":2,"r":8},"geometry":{"type":"MultiPolygon","coordinates":[[[[121.7517,24.735745],[121.751636,24.735816],[121.757783,24.739219],[121.757882,24.739105],[121.7517,24.735745]]]]}},{"type":"Feature","properties":{"n":"凱旋路","v":"宜蘭市","w":5,"c":1.5,"r":null},"geometry":{"type":"MultiPolygon","coordinates":[[[[121.758352,24.737749],[121.758378,24.737817],[121.758428,24.73784],[121.758428,24.737817],[121.75997,24.733328],[121.759969,24.733145],[121.758352,24.737749]]]]}},{"type":"Feature","properties":{"n":"宜科路","v":"宜蘭市","w":6,"c":4,"r":null},"geometry":{"type":"MultiPolygon","coordinates":[[[[121.761445,24.737409],[121.761679,24.7371],[121.755493,24.733832],[121.754372,24.733838],[121.749311,24.731134],[121.749071,24.731476],[121.754383,24.734121],[121.755252,24.734004],[121.761445,24.737409]]]]}},{"type":"Feature","properties":{"n":"傳藝路","v":"羅東鎮","w":3,"c":2,"r":null},"geometry":{"type":"MultiPolygon","coordinates":[[[[121.775208,24.677756],[121.775221,24.67781],[121.780378,24.677801],[121.780371,24.677724],[121.775208,24.677756]]]]}},{"type":"Feature","properties":{"n":"興東路","v":"羅東鎮","w":4,"c":4,"r":3},"geometry":{"type":"MultiPolygon","coordinates":[[[[121.768829,24.678918],[121.76791,24.676079],[121.767782,24.676057],[121.768744,24.678942],[121.768829,24.678918]]]]}},{"type":"Feature","properties":{"n":"興東路","v":"羅東鎮","w":4,"c":4,"r":3},"geometry":{"type":"MultiPolygon","coordinates":[[[[121.768754,24.678783],[121.767381,24.674241],[121.767306,24.674242],[121.768728,24.678882],[121.768754,24.678783]]]]}},{"type":"Feature","properties":{"n":"成功街","v":"羅東鎮","w":5,"c":3.5,"r":null},"geometry":{"type":"MultiPolygon","coordinates":[[[[121.762631,24.672274],[121.762752,24.671853],[121.762495,24.67066],[121.762128,24.669888],[121.761625,24.669412],[121.761255,24.669255],[121.761199,24.669346],[121.761622,24.669526],[121.76206,24.669945],[121.762426,24.670683],[121.762682,24.671887],[121.762585,24.672251],[121.762631,24.672274]]]]}},{"type":"Feature","properties":{"n":"永清路暨永光路","v":"冬山鄉","w":4,"c":2.5,"r":null},"geometry":{"type":"MultiPolygon","coordinates":[[[[121.765304,24.664622],[121.763219,24.664627],[121.763195,24.662746],[121.76311,24.662758],[121.763131,24.66468],[121.765319,24.664706],[121.765304,24.664622]]]]}},{"type":"Feature","properties":{"n":"永清路暨永光路","v":"冬山鄉","w":4,"c":2.5,"r":null},"geometry":{"type":"MultiPolygon","coordinates":[[[[121.765316,24.664711],[121.765292,24.66462],[121.763226,24.664631],[121.763189,24.662743],[121.763115,24.662743],[121.763125,24.664677],[121.765316,24.664711]]]]}},{"type":"Feature","properties":{"n":"和平路","v":"蘇澳鎮","w":3,"c":3,"r":null},"geometry":{"type":"MultiPolygon","coordinates":[[[[121.84356,24.615591],[121.843515,24.615588],[121.841757,24.617031],[121.841833,24.617189],[121.84361,24.615698],[121.84356,24.615591]]]]}},{"type":"Feature","properties":{"n":"和平路","v":"蘇澳鎮","w":4,"c":2.5,"r":null},"geometry":{"type":"MultiPolygon","coordinates":[[[[121.841747,24.61721],[121.841672,24.61712],[121.83652,24.620788],[121.834381,24.620892],[121.830852,24.621661],[121.830927,24.621774],[121.834332,24.62096],[121.836496,24.620925],[121.841747,24.61721]]]]}},{"type":"Feature","properties":{"n":"祥禮路","v":"蘇澳鎮","w":4,"c":2.5,"r":null},"geometry":{"type":"MultiPolygon","coordinates":[[[[121.833197,24.616747],[121.830714,24.613894],[121.830565,24.613985],[121.83305,24.616889],[121.833197,24.616747]]]]}},{"type":"Feature","properties":{"n":"永春路","v":"蘇澳鎮","w":2.5,"c":2.5,"r":null},"geometry":{"type":"MultiPolygon","coordinates":[[[[121.846302,24.579425],[121.846248,24.579461],[121.846174,24.579462],[121.846176,24.58135],[121.84626,24.581396],[121.846302,24.579425]]]]}},{"type":"Feature","properties":{"n":"永春路","v":"蘇澳鎮","w":2,"c":2,"r":null},"geometry":{"type":"MultiPolygon","coordinates":[[[[121.846189,24.581391],[121.846144,24.581369],[121.846235,24.582858],[121.846322,24.5828],[121.846189,24.581391]]]]}},{"type":"Feature","properties":{"n":"光榮路","v":"羅東鎮","w":5,"c":5,"r":null},"geometry":{"type":"MultiPolygon","coordinates":[[[[121.777635,24.678057],[121.777656,24.681437],[121.777695,24.681437],[121.777674,24.678063],[121.777635,24.678057]]]]}},{"type":"Feature","properties":{"n":"大同路","v":"蘇澳鎮","w":3.5,"c":1.5,"r":4},"geometry":{"type":"MultiPolygon","coordinates":[[[[121.834276,24.618229],[121.834268,24.618225],[121.83426,24.61823],[121.834289,24.619045],[121.834259,24.619663],[121.834288,24.619665],[121.834312,24.619042],[121.834276,24.618229]]]]}},{"type":"Feature","properties":{"n":"大同路5巷","v":"蘇澳鎮","w":3.5,"c":1.5,"r":4},"geometry":{"type":"MultiPolygon","coordinates":[[[[121.834253,24.619668],[121.834253,24.619635],[121.834253,24.61964],[121.83218,24.619501],[121.832177,24.619532],[121.834253,24.619668]]]]}},{"type":"Feature","properties":{"n":"新馬6巷","v":"蘇澳鎮","w":1.5,"c":1.5,"r":0},"geometry":{"type":"MultiPolygon","coordinates":[[[[121.832172,24.619507],[121.832197,24.619501],[121.832014,24.617904],[121.831985,24.617909],[121.832172,24.619507]]]]}},{"type":"Feature","properties":{"n":"南香路及照安路28巷","v":"冬山鄉","w":2.5,"c":2.5,"r":5},"geometry":{"type":"MultiPolygon","coordinates":[[[[121.791227,24.63156],[121.791838,24.631504],[121.79186,24.631484],[121.791937,24.630758],[121.792474,24.630809],[121.79315,24.63078],[121.79316,24.630751],[121.792476,24.63079],[121.791927,24.630734],[121.791916,24.63077],[121.791838,24.631475],[121.791819,24.631492],[121.791221,24.631543],[121.791227,24.63156]]]]}},{"type":"Feature","properties":{"n":"愛國路","v":"羅東鎮","w":1.5,"c":1.5,"r":null},"geometry":{"type":"MultiPolygon","coordinates":[[[[121.767086,24.684334],[121.767151,24.68431],[121.766113,24.681222],[121.766022,24.681282],[121.767086,24.684346],[121.767086,24.684334]]]]}},{"type":"Feature","properties":{"n":"中山路二段","v":"宜蘭市","w":1.2,"c":1.2,"r":4},"geometry":{"type":"MultiPolygon","coordinates":[[[[121.752513,24.75328],[121.752409,24.753568],[121.752395,24.75359],[121.752112,24.754344],[121.752089,24.754365],[121.752065,24.754374],[121.75203,24.754372],[121.752002,24.754357],[121.751998,24.754361],[121.752019,24.754374],[121.752045,24.754379],[121.752085,24.754376],[121.752119,24.754357],[121.752526,24.753284],[121.752513,24.75328]]]]}},{"type":"Feature","properties":{"n":"中山路二段","v":"宜蘭市","w":1.25,"c":1.25,"r":3},"geometry":{"type":"MultiPolygon","coordinates":[[[[121.752641,24.752946],[121.752523,24.753254],[121.752535,24.753258],[121.752651,24.752953],[121.752648,24.752948],[121.752641,24.752946]]]]}},{"type":"Feature","properties":{"n":"中山路二段","v":"宜蘭市","w":2.28,"c":0.73,"r":2},"geometry":{"type":"MultiPolygon","coordinates":[[[[121.752486,24.753767],[121.752475,24.753764],[121.752288,24.754251],[121.752407,24.754285],[121.75237,24.754106],[121.752464,24.753857],[121.752453,24.753854],[121.752472,24.753803],[121.752486,24.753767]]]]}},{"type":"Feature","properties":{"n":"中山路二段","v":"宜蘭市","w":6.46,"c":2.23,"r":1},"geometry":{"type":"MultiPolygon","coordinates":[[[[121.752644,24.753491],[121.752616,24.753498],[121.752582,24.753496],[121.752574,24.7535],[121.752489,24.753727],[121.75255,24.753746],[121.752629,24.753536],[121.752644,24.753491]]]]}},{"type":"Feature","properties":{"n":"中山路二段","v":"宜蘭市","w":1.12,"c":1.12,"r":2},"geometry":{"type":"MultiPolygon","coordinates":[[[[121.752732,24.753115],[121.752719,24.753117],[121.752602,24.753433],[121.752611,24.753438],[121.752732,24.753115]]]]}},{"type":"Feature","properties":{"n":"中山路二段","v":"宜蘭市","w":1.22,"c":1.22,"r":1},"geometry":{"type":"MultiPolygon","coordinates":[[[[121.752815,24.7529],[121.752802,24.752901],[121.752745,24.753051],[121.752756,24.753055],[121.752814,24.752902],[121.752815,24.7529]]]]}},{"type":"Feature","properties":{"n":"校舍路","v":"宜蘭市","w":2.66,"c":0.62,"r":4},"geometry":{"type":"MultiPolygon","coordinates":[[[[121.763815,24.751877],[121.763821,24.751885],[121.763856,24.751902],[121.763867,24.75192],[121.764222,24.752017],[121.764603,24.75213],[121.764633,24.752124],[121.764646,24.752107],[121.764623,24.752109],[121.764508,24.75208],[121.763815,24.751877]]]]}},{"type":"Feature","properties":{"n":"校舍路","v":"宜蘭市","w":3.2,"c":0.74,"r":2},"geometry":{"type":"MultiPolygon","coordinates":[[[[121.763636,24.751851],[121.763752,24.751887],[121.763768,24.751888],[121.763789,24.751866],[121.763645,24.751825],[121.763641,24.751837],[121.763636,24.751851]]]]}},{"type":"Feature","properties":{"n":"力行街","v":"宜蘭市","w":2.6,"c":1.15,"r":0},"geometry":{"type":"MultiPolygon","coordinates":[[[[121.757078,24.762961],[121.757095,24.762979],[121.75866,24.762485],[121.758647,24.762458],[121.758645,24.762464],[121.75757,24.762805],[121.757078,24.762961]]]]}},{"type":"Feature","properties":{"n":"力行街","v":"宜蘭市","w":2.51,"c":1.1,"r":0},"geometry":{"type":"MultiPolygon","coordinates":[[[[121.756879,24.763016],[121.756914,24.763034],[121.756924,24.763033],[121.757049,24.762994],[121.75705,24.762969],[121.75693,24.763007],[121.756879,24.763016]]]]}},{"type":"Feature","properties":{"n":"力行巷","v":"宜蘭市","w":2.53,"c":1.08,"r":2},"geometry":{"type":"MultiPolygon","coordinates":[[[[121.756458,24.761901],[121.756873,24.763006],[121.756879,24.763016],[121.75693,24.763007],[121.756893,24.76299],[121.756641,24.762325],[121.756649,24.762322],[121.756564,24.762099],[121.756504,24.761955],[121.756499,24.761918],[121.756509,24.761878],[121.756458,24.761901]]]]}},{"type":"Feature","properties":{"n":"新興路","v":"宜蘭市","w":2.5,"c":2.5,"r":2},"geometry":{"type":"MultiPolygon","coordinates":[[[[121.757,24.761721],[121.756984,24.761702],[121.756483,24.761861],[121.756475,24.761867],[121.756458,24.761901],[121.756509,24.761878],[121.756572,24.761857],[121.757,24.761721]]]]}},{"type":"Feature","properties":{"n":"東園路","v":"宜蘭市","w":2.42,"c":2.42,"r":1},"geometry":{"type":"MultiPolygon","coordinates":[[[[121.757492,24.761563],[121.757485,24.761541],[121.757124,24.761631],[121.757115,24.761637],[121.757104,24.761658],[121.757492,24.761563]]]]}},{"type":"Feature","properties":{"n":"樹人路","v":"宜蘭市","w":5.25,"c":3.54,"r":1},"geometry":{"type":"MultiPolygon","coordinates":[[[[121.75847,24.761983],[121.758493,24.762048],[121.758498,24.762047],[121.758647,24.762458],[121.75866,24.762485],[121.75869,24.762427],[121.758534,24.761991],[121.7585,24.762002],[121.758498,24.761996],[121.75847,24.761983]]]]}},{"type":"Feature","properties":{"n":"樹人路","v":"宜蘭市","w":5.46,"c":3.42,"r":1},"geometry":{"type":"MultiPolygon","coordinates":[[[[121.758113,24.761387],[121.758268,24.76142],[121.758402,24.761791],[121.758421,24.761785],[121.758437,24.761829],[121.758471,24.761818],[121.758304,24.761358],[121.758262,24.761349],[121.758247,24.761354],[121.758113,24.761387]]]]}},{"type":"Feature","properties":{"n":"環河路","v":"宜蘭市","w":1.72,"c":0.81,"r":2},"geometry":{"type":"MultiPolygon","coordinates":[[[[121.758424,24.763535],[121.758434,24.763546],[121.758988,24.763228],[121.758982,24.763216],[121.758749,24.763347],[121.758424,24.763535]]]]}},{"type":"Feature","properties":{"n":"環河路","v":"宜蘭市","w":1.72,"c":0.82,"r":2},"geometry":{"type":"MultiPolygon","coordinates":[[[[121.757866,24.763815],[121.757873,24.763823],[121.757886,24.763823],[121.758014,24.763769],[121.7582,24.763678],[121.758381,24.763577],[121.758382,24.763563],[121.758379,24.76356],[121.758195,24.763663],[121.758006,24.763756],[121.757866,24.763815],[121.757866,24.763815]]]]}},{"type":"Feature","properties":{"n":"環河路","v":"宜蘭市","w":1.7,"c":0.68,"r":2},"geometry":{"type":"MultiPolygon","coordinates":[[[[121.757383,24.763968],[121.757388,24.763976],[121.7574,24.763979],[121.757554,24.763939],[121.757752,24.763874],[121.757764,24.763864],[121.757769,24.763852],[121.757578,24.763915],[121.757383,24.763968]]]]}},{"type":"Feature","properties":{"n":"舊城北路","v":"宜蘭市","w":3.48,"c":1.84,"r":2},"geometry":{"type":"MultiPolygon","coordinates":[[[[121.750188,24.759797],[121.75021,24.759814],[121.750199,24.759825],[121.75042,24.760015],[121.750501,24.760077],[121.750692,24.760205],[121.750894,24.76032],[121.750934,24.760296],[121.750738,24.76019],[121.750589,24.760095],[121.750395,24.759948],[121.750301,24.759864],[121.750227,24.759787],[121.750188,24.759797]]]]}},{"type":"Feature","properties":{"n":"新民路","v":"宜蘭市","w":4.17,"c":1.02,"r":2},"geometry":{"type":"MultiPolygon","coordinates":[[[[121.75383,24.757643],[121.753819,24.757613],[121.753796,24.75761],[121.753555,24.757674],[121.753525,24.757688],[121.753515,24.757697],[121.753509,24.757724],[121.753656,24.757687],[121.75383,24.757643]]]]}},{"type":"Feature","properties":{"n":"新民路","v":"宜蘭市","w":3.67,"c":1.89,"r":2},"geometry":{"type":"MultiPolygon","coordinates":[[[[121.754253,24.757539],[121.754243,24.757512],[121.754231,24.757509],[121.753946,24.757575],[121.753932,24.757579],[121.753929,24.757584],[121.753936,24.757615],[121.754253,24.757539]]]]}},{"type":"Feature","properties":{"n":"中山路","v":"宜蘭市","w":1.1,"c":1.1,"r":2},"geometry":{"type":"MultiPolygon","coordinates":[[[[121.752995,24.752415],[121.752984,24.752417],[121.752933,24.75255],[121.752942,24.752557],[121.752995,24.752415]]]]}},{"type":"Feature","properties":{"n":"中山路","v":"宜蘭市","w":1.12,"c":0.86,"r":2},"geometry":{"type":"MultiPolygon","coordinates":[[[[121.753084,24.752181],[121.753074,24.752177],[121.753011,24.752345],[121.753013,24.752352],[121.753019,24.752354],[121.753082,24.752188],[121.753084,24.752181]]]]}},{"type":"Feature","properties":{"n":"中山路","v":"宜蘭市","w":0.92,"c":0.15,"r":1},"geometry":{"type":"MultiPolygon","coordinates":[[[[121.75326,24.75171],[121.753249,24.751712],[121.753102,24.752102],[121.753105,24.752108],[121.75311,24.75211],[121.753239,24.751766],[121.75326,24.75171]]]]}},{"type":"Feature","properties":{"n":"中山路","v":"宜蘭市","w":2.51,"c":0.28,"r":1},"geometry":{"type":"MultiPolygon","coordinates":[[[[121.75336,24.751487],[121.753335,24.751485],[121.753278,24.751637],[121.753297,24.751656],[121.75336,24.751487]]]]}},{"type":"Feature","properties":{"n":"中山路","v":"宜蘭市","w":1.17,"c":1.17,"r":1},"geometry":{"type":"MultiPolygon","coordinates":[[[[121.75343,24.751234],[121.753393,24.75133],[121.753404,24.751334],[121.753441,24.751237],[121.75343,24.751234]]]]}},{"type":"Feature","properties":{"n":"民族路","v":"宜蘭市","w":2.47,"c":1.34,"r":2},"geometry":{"type":"MultiPolygon","coordinates":[[[[121.746587,24.751417],[121.746941,24.7516],[121.746969,24.751588],[121.7466,24.751399],[121.746587,24.751417]]]]}},{"type":"Feature","properties":{"n":"民族路","v":"宜蘭市","w":2.96,"c":1.16,"r":2},"geometry":{"type":"MultiPolygon","coordinates":[[[[121.746151,24.751195],[121.746383,24.751313],[121.746398,24.751291],[121.746165,24.751171],[121.746151,24.751195]]]]}},{"type":"Feature","properties":{"n":"民族路","v":"宜蘭市","w":3.61,"c":1.2,"r":13},"geometry":{"type":"MultiPolygon","coordinates":[[[[121.744506,24.750314],[121.744491,24.750342],[121.745908,24.751071],[121.745914,24.751061],[121.745907,24.751032],[121.744506,24.750314]]]]}},{"type":"Feature","properties":{"n":"民族路","v":"宜蘭市","w":2.72,"c":1.28,"r":1},"geometry":{"type":"MultiPolygon","coordinates":[[[[121.7441,24.750091],[121.744097,24.750093],[121.744107,24.750146],[121.744406,24.7503],[121.74442,24.750277],[121.744165,24.750154],[121.744143,24.750096],[121.744126,24.750101],[121.74412,24.750086],[121.7441,24.750091]]]]}},{"type":"Feature","properties":{"n":"復興路二段","v":"宜蘭市","w":1.88,"c":0.79,"r":13},"geometry":{"type":"MultiPolygon","coordinates":[[[[121.747866,24.749092],[121.747858,24.749062],[121.747834,24.749051],[121.74412,24.750086],[121.744126,24.750101],[121.744543,24.74998],[121.745783,24.749637],[121.745786,24.749644],[121.746114,24.749548],[121.747822,24.74907],[121.747866,24.749092]]]]}},{"type":"Feature","properties":{"n":"復興路二段","v":"宜蘭市","w":1.88,"c":0.5,"r":2},"geometry":{"type":"MultiPolygon","coordinates":[[[[121.747963,24.749062],[121.747982,24.749027],[121.748512,24.748875],[121.748528,24.748873],[121.748571,24.748886],[121.748575,24.74888],[121.748561,24.74886],[121.748545,24.74885],[121.747956,24.749016],[121.747963,24.749062]]]]}},{"type":"Feature","properties":{"n":"復興路二段","v":"宜蘭市","w":1.71,"c":0.52,"r":2},"geometry":{"type":"MultiPolygon","coordinates":[[[[121.74864,24.748878],[121.748635,24.748862],[121.748646,24.748837],[121.748907,24.748765],[121.748903,24.74875],[121.748644,24.748823],[121.748619,24.748859],[121.748624,24.748882],[121.74864,24.748878]]]]}},{"type":"Feature","properties":{"n":"復興路二段","v":"宜蘭市","w":1.99,"c":0.25,"r":2},"geometry":{"type":"MultiPolygon","coordinates":[[[[121.749277,24.748663],[121.74927,24.748646],[121.748987,24.748726],[121.748978,24.748736],[121.748991,24.748771],[121.74902,24.748729],[121.749136,24.748702],[121.749277,24.748663]]]]}},{"type":"Feature","properties":{"n":"復興路二段","v":"宜蘭市","w":2.44,"c":1.16,"r":2},"geometry":{"type":"MultiPolygon","coordinates":[[[[121.749445,24.748615],[121.749443,24.748596],[121.749317,24.748629],[121.749321,24.748653],[121.74937,24.748636],[121.749445,24.748615]]]]}},{"type":"Feature","properties":{"n":"復興路二段","v":"宜蘭市","w":1.62,"c":0.33,"r":2},"geometry":{"type":"MultiPolygon","coordinates":[[[[121.74951,24.748597],[121.749701,24.748537],[121.749795,24.748513],[121.749798,24.748518],[121.749897,24.748491],[121.749941,24.74851],[121.749923,24.748482],[121.749903,24.748475],[121.749881,24.748474],[121.749503,24.748579],[121.74951,24.748597]]]]}},{"type":"Feature","properties":{"n":"復興路二段","v":"宜蘭市","w":1.83,"c":0.41,"r":2},"geometry":{"type":"MultiPolygon","coordinates":[[[[121.749463,24.748466],[121.749469,24.748484],[121.749855,24.748376],[121.749879,24.748336],[121.749873,24.74832],[121.749849,24.74836],[121.749718,24.748398],[121.749463,24.748466]]]]}},{"type":"Feature","properties":{"n":"復興路二段","v":"宜蘭市","w":1.97,"c":0.5,"r":2},"geometry":{"type":"MultiPolygon","coordinates":[[[[121.749072,24.748576],[121.749078,24.748594],[121.749414,24.7485],[121.749412,24.748482],[121.749309,24.748512],[121.749072,24.748576]]]]}},{"type":"Feature","properties":{"n":"復興路二段","v":"宜蘭市","w":1.89,"c":0.56,"r":2},"geometry":{"type":"MultiPolygon","coordinates":[[[[121.748929,24.74858],[121.748944,24.748629],[121.74895,24.748631],[121.749046,24.748603],[121.749047,24.748598],[121.749042,24.748587],[121.748975,24.748604],[121.748929,24.74858]]]]}},{"type":"Feature","properties":{"n":"復興路二段","v":"宜蘭市","w":1.9,"c":0.46,"r":2},"geometry":{"type":"MultiPolygon","coordinates":[[[[121.748716,24.748677],[121.748724,24.748693],[121.748862,24.748653],[121.748868,24.748646],[121.748854,24.748605],[121.748831,24.748645],[121.748788,24.748657],[121.748716,24.748677]]]]}},{"type":"Feature","properties":{"n":"復興路二段","v":"宜蘭市","w":2.66,"c":0.63,"r":2},"geometry":{"type":"MultiPolygon","coordinates":[[[[121.748312,24.748801],[121.748318,24.748806],[121.748334,24.748803],[121.74866,24.748711],[121.748659,24.748695],[121.748514,24.748734],[121.748475,24.748738],[121.748308,24.748785],[121.748312,24.748801]]]]}},{"type":"Feature","properties":{"n":"復興路二段","v":"宜蘭市","w":1.94,"c":0.57,"r":2},"geometry":{"type":"MultiPolygon","coordinates":[[[[121.748255,24.748809],[121.748097,24.748851],[121.748098,24.748855],[121.748051,24.748869],[121.74805,24.748866],[121.747946,24.748894],[121.747902,24.748872],[121.747887,24.748881],[121.747947,24.74891],[121.747956,24.74891],[121.74826,24.748824],[121.748255,24.748809]]]]}},{"type":"Feature","properties":{"n":"復興路二段","v":"宜蘭市","w":5.21,"c":1.35,"r":2},"geometry":{"type":"MultiPolygon","coordinates":[[[[121.746939,24.749151],[121.746951,24.749184],[121.746958,24.749188],[121.747797,24.748952],[121.747807,24.748944],[121.747811,24.748931],[121.747806,24.748898],[121.74698,24.74913],[121.746983,24.749139],[121.746939,24.749151]]]]}},{"type":"Feature","properties":{"n":"復興路二段","v":"宜蘭市","w":5.48,"c":1.75,"r":2},"geometry":{"type":"MultiPolygon","coordinates":[[[[121.745859,24.749436],[121.745875,24.749486],[121.746745,24.749246],[121.746787,24.749234],[121.74679,24.749228],[121.74678,24.749195],[121.746735,24.749207],[121.746733,24.749199],[121.745898,24.749427],[121.745859,24.749436]]]]}},{"type":"Feature","properties":{"n":"復興路二段","v":"宜蘭市","w":3.49,"c":2.01,"r":2},"geometry":{"type":"MultiPolygon","coordinates":[[[[121.744661,24.749772],[121.744672,24.749789],[121.7447,24.749797],[121.745758,24.749501],[121.745783,24.749459],[121.745042,24.749669],[121.744661,24.749772]]]]}},{"type":"Feature","properties":{"n":"復興路二段","v":"宜蘭市","w":3.66,"c":2,"r":2},"geometry":{"type":"MultiPolygon","coordinates":[[[[121.743863,24.749982],[121.743848,24.750012],[121.743899,24.750019],[121.744585,24.74983],[121.744604,24.749809],[121.744603,24.74979],[121.743895,24.749985],[121.743863,24.749982]]]]}},{"type":"Feature","properties":{"n":"復興路三段","v":"宜蘭市","w":2.06,"c":0.17,"r":2},"geometry":{"type":"MultiPolygon","coordinates":[[[[121.739134,24.751365],[121.739023,24.751395],[121.73902,24.751388],[121.738691,24.751479],[121.738381,24.751541],[121.738333,24.751533],[121.738324,24.751549],[121.738378,24.751558],[121.738435,24.75155],[121.73872,24.751491],[121.739136,24.751374],[121.739134,24.751365]]]]}},{"type":"Feature","properties":{"n":"復興路三段","v":"宜蘭市","w":2.27,"c":0.28,"r":2},"geometry":{"type":"MultiPolygon","coordinates":[[[[121.739431,24.751276],[121.739192,24.751342],[121.739198,24.751362],[121.739437,24.751295],[121.739431,24.751276]]]]}},{"type":"Feature","properties":{"n":"復興路三段","v":"宜蘭市","w":2.21,"c":0.97,"r":3},"geometry":{"type":"MultiPolygon","coordinates":[[[[121.739739,24.751188],[121.739493,24.751259],[121.739499,24.751278],[121.739742,24.751207],[121.739739,24.751188]]]]}},{"type":"Feature","properties":{"n":"復興路三段","v":"宜蘭市","w":2.02,"c":0.87,"r":6},"geometry":{"type":"MultiPolygon","coordinates":[[[[121.739798,24.75117],[121.739805,24.75119],[121.740645,24.75095],[121.740637,24.750915],[121.740631,24.750904],[121.74061,24.750943],[121.739843,24.751158],[121.739798,24.75117]]]]}},{"type":"Feature","properties":{"n":"復興路三段","v":"宜蘭市","w":1.71,"c":1.71,"r":2},"geometry":{"type":"MultiPolygon","coordinates":[[[[121.740851,24.750847],[121.74083,24.750857],[121.740809,24.750888],[121.740756,24.750903],[121.740712,24.750882],[121.740728,24.750924],[121.740731,24.750925],[121.740841,24.750894],[121.740845,24.750889],[121.740851,24.750847]]]]}},{"type":"Feature","properties":{"n":"復興路三段","v":"宜蘭市","w":1.83,"c":0.69,"r":7},"geometry":{"type":"MultiPolygon","coordinates":[[[[121.741346,24.750712],[121.741337,24.750705],[121.741313,24.750745],[121.740884,24.750867],[121.740897,24.75088],[121.741346,24.750754],[121.741354,24.750734],[121.741346,24.750712]]]]}},{"type":"Feature","properties":{"n":"復興路三段","v":"宜蘭市","w":1.87,"c":0.68,"r":2},"geometry":{"type":"MultiPolygon","coordinates":[[[[121.742125,24.750516],[121.741462,24.750704],[121.741467,24.750718],[121.741473,24.75072],[121.741782,24.75063],[121.742131,24.750535],[121.742125,24.750516]]]]}},{"type":"Feature","properties":{"n":"復興路三段","v":"宜蘭市","w":1.84,"c":0.75,"r":2},"geometry":{"type":"MultiPolygon","coordinates":[[[[121.742204,24.750494],[121.742214,24.750507],[121.742319,24.75048],[121.743613,24.750117],[121.743623,24.750106],[121.743626,24.750095],[121.743629,24.750058],[121.743609,24.750101],[121.742304,24.750467],[121.742204,24.750494]]]]}},{"type":"Feature","properties":{"n":"復興路三段","v":"宜蘭市","w":1.49,"c":0.3,"r":2},"geometry":{"type":"MultiPolygon","coordinates":[[[[121.73939,24.751424],[121.73938,24.751416],[121.738913,24.751546],[121.738872,24.751558],[121.738864,24.751565],[121.738639,24.751624],[121.738628,24.751699],[121.738651,24.751681],[121.738658,24.751629],[121.738867,24.751577],[121.739048,24.751523],[121.739392,24.75143],[121.73939,24.751424]]]]}},{"type":"Feature","properties":{"n":"復興路三段","v":"宜蘭市","w":1.87,"c":0.37,"r":2},"geometry":{"type":"MultiPolygon","coordinates":[[[[121.739844,24.751303],[121.739838,24.751288],[121.739431,24.751401],[121.739437,24.751415],[121.739708,24.751341],[121.739844,24.751303]]]]}},{"type":"Feature","properties":{"n":"復興路三段","v":"宜蘭市","w":1.37,"c":1.37,"r":2},"geometry":{"type":"MultiPolygon","coordinates":[[[[121.740117,24.751209],[121.739892,24.751272],[121.739898,24.751286],[121.740129,24.751215],[121.740117,24.751209]]]]}},{"type":"Feature","properties":{"n":"復興路三段","v":"宜蘭市","w":1.91,"c":0.23,"r":2},"geometry":{"type":"MultiPolygon","coordinates":[[[[121.740701,24.751097],[121.740686,24.75105],[121.740476,24.751106],[121.740258,24.75117],[121.740258,24.751173],[121.740263,24.751182],[121.740658,24.751073],[121.740701,24.751097]]]]}},{"type":"Feature","properties":{"n":"復興路三段","v":"宜蘭市","w":5.53,"c":1.41,"r":2},"geometry":{"type":"MultiPolygon","coordinates":[[[[121.740858,24.751006],[121.740848,24.751001],[121.740761,24.751028],[121.740759,24.751047],[121.740794,24.751041],[121.740803,24.751077],[121.740817,24.751086],[121.740829,24.751082],[121.740826,24.75107],[121.740833,24.751067],[121.740831,24.751059],[121.740888,24.751043],[121.740876,24.751014],[121.740866,24.751007],[121.740858,24.751006]]]]}},{"type":"Feature","properties":{"n":"復興路三段","v":"宜蘭市","w":5.69,"c":4.25,"r":2},"geometry":{"type":"MultiPolygon","coordinates":[[[[121.74092,24.751033],[121.741835,24.750775],[121.741816,24.750729],[121.740919,24.75098],[121.740914,24.751002],[121.74092,24.751033]]]]}},{"type":"Feature","properties":{"n":"復興路三段","v":"宜蘭市","w":5.55,"c":4.11,"r":2},"geometry":{"type":"MultiPolygon","coordinates":[[[[121.74313,24.750415],[121.743118,24.750371],[121.74311,24.750367],[121.741968,24.750686],[121.741962,24.750701],[121.741974,24.750744],[121.741956,24.75075],[121.741958,24.750761],[121.741943,24.750766],[121.741938,24.750778],[121.74194,24.750782],[121.742018,24.75076],[121.742007,24.750729],[121.742848,24.750492],[121.74313,24.750415]]]]}},{"type":"Feature","properties":{"n":"復興路三段","v":"宜蘭市","w":5.73,"c":3.98,"r":2},"geometry":{"type":"MultiPolygon","coordinates":[[[[121.743188,24.750399],[121.743682,24.750259],[121.743673,24.750229],[121.743662,24.750217],[121.743645,24.750215],[121.743172,24.750349],[121.743183,24.750383],[121.743188,24.750399]]]]}},{"type":"Feature","properties":{"n":"民權新路","v":"宜蘭市","w":3.54,"c":2.23,"r":1},"geometry":{"type":"MultiPolygon","coordinates":[[[[121.742577,24.75282],[121.742587,24.75285],[121.744096,24.752439],[121.744311,24.752375],[121.74433,24.752345],[121.744291,24.75235],[121.742809,24.752756],[121.742577,24.75282]]]]}},{"type":"Feature","properties":{"n":"民權新路","v":"宜蘭市","w":3.49,"c":2.03,"r":3},"geometry":{"type":"MultiPolygon","coordinates":[[[[121.741849,24.753053],[121.742055,24.752995],[121.742049,24.752981],[121.742296,24.752915],[121.742299,24.75293],[121.742482,24.75288],[121.742474,24.752848],[121.741795,24.75303],[121.741849,24.753053]]]]}},{"type":"Feature","properties":{"n":"宜中路","v":"宜蘭市","w":3.61,"c":1.64,"r":2},"geometry":{"type":"MultiPolygon","coordinates":[[[[121.743642,24.750271],[121.743981,24.751356],[121.743993,24.751383],[121.744291,24.75235],[121.74433,24.752345],[121.743827,24.750727],[121.74374,24.750466],[121.743682,24.750259],[121.743642,24.750271]]]]}},{"type":"Feature","properties":{"n":"宜中路","v":"宜蘭市","w":3.65,"c":1.48,"r":1},"geometry":{"type":"MultiPolygon","coordinates":[[[[121.743326,24.748609],[121.743278,24.748621],[121.743672,24.749901],[121.743706,24.74994],[121.743848,24.750012],[121.743863,24.749982],[121.743724,24.749912],[121.743705,24.74989],[121.743316,24.748625],[121.743326,24.748609]]]]}},{"type":"Feature","properties":{"n":"嵐峰路一段","v":"宜蘭市","w":2.9,"c":1.5,"r":2},"geometry":{"type":"MultiPolygon","coordinates":[[[[121.753578,24.742667],[121.753748,24.742704],[121.753793,24.742721],[121.753914,24.742743],[121.753918,24.742718],[121.753908,24.742711],[121.753595,24.742642],[121.753578,24.742667]]]]}},{"type":"Feature","properties":{"n":"嵐峰路一段","v":"宜蘭市","w":3.17,"c":3.17,"r":2},"geometry":{"type":"MultiPolygon","coordinates":[[[[121.753455,24.742641],[121.753549,24.742661],[121.753547,24.742631],[121.753471,24.742615],[121.753455,24.742641]]]]}},{"type":"Feature","properties":{"n":"嵐峰路一段","v":"宜蘭市","w":2.91,"c":1.61,"r":2},"geometry":{"type":"MultiPolygon","coordinates":[[[[121.753118,24.742569],[121.753122,24.742566],[121.753425,24.742635],[121.753425,24.742612],[121.75342,24.742604],[121.75317,24.742547],[121.753144,24.742545],[121.753138,24.742554],[121.753118,24.742569]]]]}},{"type":"Feature","properties":{"n":"嵐峰路一段","v":"宜蘭市","w":1.86,"c":1.86,"r":2},"geometry":{"type":"MultiPolygon","coordinates":[[[[121.752527,24.742501],[121.752778,24.742531],[121.752777,24.742537],[121.752802,24.742582],[121.75282,24.74256],[121.752798,24.742518],[121.752791,24.742514],[121.752538,24.742483],[121.752527,24.742501]]]]}},{"type":"Feature","properties":{"n":"嵐峰路一段","v":"宜蘭市","w":2.28,"c":2.28,"r":2},"geometry":{"type":"MultiPolygon","coordinates":[[[[121.752052,24.742439],[121.752504,24.7425],[121.7525,24.742479],[121.752063,24.742422],[121.752052,24.742439]]]]}},{"type":"Feature","properties":{"n":"嵐峰路一段","v":"宜蘭市","w":2.35,"c":2.35,"r":2},"geometry":{"type":"MultiPolygon","coordinates":[[[[121.751609,24.742378],[121.75161,24.742385],[121.75184,24.742411],[121.751989,24.742433],[121.75199,24.74241],[121.751612,24.742365],[121.751609,24.742378]]]]}},{"type":"Feature","properties":{"n":"嵐峰路一段","v":"宜蘭市","w":1.51,"c":1.51,"r":2},"geometry":{"type":"MultiPolygon","coordinates":[[[[121.751212,24.742331],[121.751515,24.742366],[121.751507,24.74235],[121.751214,24.742318],[121.751212,24.742331]]]]}},{"type":"Feature","properties":{"n":"嵐峰路一段","v":"宜蘭市","w":1.74,"c":1.09,"r":2},"geometry":{"type":"MultiPolygon","coordinates":[[[[121.750571,24.742267],[121.751154,24.742328],[121.751149,24.742311],[121.750582,24.742253],[121.750571,24.742267]]]]}},{"type":"Feature","properties":{"n":"嵐峰路一段","v":"宜蘭市","w":1.63,"c":0.98,"r":2},"geometry":{"type":"MultiPolygon","coordinates":[[[[121.74953,24.742152],[121.750511,24.742259],[121.750508,24.742243],[121.749538,24.74214],[121.74953,24.742152]]]]}},{"type":"Feature","properties":{"n":"嵐峰路一段","v":"宜蘭市","w":2.22,"c":2.22,"r":2},"geometry":{"type":"MultiPolygon","coordinates":[[[[121.749018,24.742098],[121.749465,24.742146],[121.749445,24.742125],[121.749046,24.742079],[121.749033,24.742079],[121.749024,24.742086],[121.749018,24.742098]]]]}},{"type":"Feature","properties":{"n":"嵐峰路一段","v":"宜蘭市","w":3.05,"c":1.63,"r":2},"geometry":{"type":"MultiPolygon","coordinates":[[[[121.748224,24.742013],[121.748967,24.742093],[121.748971,24.742069],[121.748689,24.742035],[121.748228,24.741991],[121.748224,24.742013]]]]}},{"type":"Feature","properties":{"n":"嵐峰路一段","v":"宜蘭市","w":2.18,"c":0.76,"r":2},"geometry":{"type":"MultiPolygon","coordinates":[[[[121.747992,24.742011],[121.748132,24.742003],[121.748191,24.742009],[121.748184,24.741991],[121.748173,24.741986],[121.748018,24.741989],[121.748,24.741999],[121.747992,24.742011]]]]}},{"type":"Feature","properties":{"n":"嵐峰路一段","v":"宜蘭市","w":2.64,"c":1.34,"r":2},"geometry":{"type":"MultiPolygon","coordinates":[[[[121.747118,24.7421],[121.747174,24.74209],[121.747195,24.742059],[121.747976,24.742012],[121.74797,24.742],[121.747951,24.741991],[121.747666,24.742007],[121.747145,24.742046],[121.747107,24.742058],[121.747104,24.742068],[121.747109,24.742082],[121.747118,24.7421]]]]}},{"type":"Feature","properties":{"n":"嵐峰路一段","v":"宜蘭市","w":1.61,"c":0.68,"r":2},"geometry":{"type":"MultiPolygon","coordinates":[[[[121.747486,24.741903],[121.747466,24.741934],[121.747039,24.741961],[121.747051,24.741982],[121.747284,24.741964],[121.747321,24.741957],[121.747482,24.741947],[121.747498,24.741923],[121.747486,24.741903]]]]}},{"type":"Feature","properties":{"n":"嵐峰路一段","v":"宜蘭市","w":1.5,"c":0.63,"r":2},"geometry":{"type":"MultiPolygon","coordinates":[[[[121.747576,24.741907],[121.747586,24.741931],[121.747609,24.741939],[121.747989,24.741916],[121.748058,24.741911],[121.748071,24.741895],[121.74807,24.741872],[121.748044,24.741899],[121.74761,24.741925],[121.747576,24.741907]]]]}},{"type":"Feature","properties":{"n":"嵐峰路一段","v":"宜蘭市","w":1.45,"c":0.61,"r":2},"geometry":{"type":"MultiPolygon","coordinates":[[[[121.748149,24.741872],[121.748151,24.741898],[121.748165,24.74191],[121.748519,24.741948],[121.74854,24.741932],[121.748543,24.741912],[121.748512,24.741934],[121.748176,24.741898],[121.748149,24.741872]]]]}},{"type":"Feature","properties":{"n":"嵐峰路一段","v":"宜蘭市","w":1.37,"c":0.56,"r":2},"geometry":{"type":"MultiPolygon","coordinates":[[[[121.748621,24.741921],[121.74862,24.74194],[121.74864,24.741961],[121.749016,24.742004],[121.749039,24.741993],[121.749043,24.741966],[121.749012,24.741988],[121.748646,24.741949],[121.748621,24.741921]]]]}},{"type":"Feature","properties":{"n":"嵐峰路一段","v":"宜蘭市","w":2.69,"c":1,"r":2},"geometry":{"type":"MultiPolygon","coordinates":[[[[121.74945,24.742016],[121.749414,24.742031],[121.749146,24.742002],[121.749121,24.741974],[121.749118,24.742003],[121.749136,24.742023],[121.749407,24.742057],[121.749436,24.742045],[121.74945,24.742016]]]]}},{"type":"Feature","properties":{"n":"嵐峰路一段","v":"宜蘭市","w":3.39,"c":2.06,"r":2},"geometry":{"type":"MultiPolygon","coordinates":[[[[121.749673,24.742028],[121.749656,24.742052],[121.749681,24.742088],[121.750785,24.742211],[121.750817,24.742214],[121.750828,24.742211],[121.750834,24.742203],[121.750834,24.742184],[121.74969,24.742061],[121.749673,24.742028]]]]}},{"type":"Feature","properties":{"n":"嵐峰路一段","v":"宜蘭市","w":2.9,"c":1.58,"r":3},"geometry":{"type":"MultiPolygon","coordinates":[[[[121.751572,24.742237],[121.751568,24.742269],[121.751586,24.742293],[121.752245,24.742367],[121.752911,24.742454],[121.752936,24.742439],[121.752942,24.742414],[121.752909,24.742433],[121.751596,24.742266],[121.751572,24.742237]]]]}},{"type":"Feature","properties":{"n":"嵐峰路一段","v":"宜蘭市","w":2.81,"c":1.48,"r":2},"geometry":{"type":"MultiPolygon","coordinates":[[[[121.750907,24.742192],[121.750917,24.742216],[121.750966,24.742227],[121.751462,24.742278],[121.75149,24.742262],[121.751494,24.742229],[121.751462,24.742252],[121.750907,24.742192]]]]}},{"type":"Feature","properties":{"n":"嵐峰路一段","v":"宜蘭市","w":3,"c":3,"r":2},"geometry":{"type":"MultiPolygon","coordinates":[[[[121.754131,24.742786],[121.754136,24.742764],[121.754124,24.742756],[121.753988,24.742727],[121.753975,24.742735],[121.753973,24.742753],[121.754077,24.742775],[121.754131,24.742786]]]]}},{"type":"Feature","properties":{"n":"嵐峰路一段","v":"宜蘭市","w":3.1,"c":1.78,"r":2},"geometry":{"type":"MultiPolygon","coordinates":[[[[121.754543,24.742856],[121.754549,24.742836],[121.754541,24.742829],[121.754333,24.742792],[121.754192,24.742771],[121.754187,24.742773],[121.754179,24.742795],[121.754295,24.742815],[121.754543,24.742856]]]]}},{"type":"Feature","properties":{"n":"嵐峰路一段","v":"宜蘭市","w":2.76,"c":1.38,"r":2},"geometry":{"type":"MultiPolygon","coordinates":[[[[121.754582,24.742861],[121.754926,24.74292],[121.75493,24.742901],[121.754929,24.742896],[121.754586,24.742837],[121.754582,24.742861]]]]}},{"type":"Feature","properties":{"n":"嵐峰路一段","v":"宜蘭市","w":2.8,"c":1.45,"r":2},"geometry":{"type":"MultiPolygon","coordinates":[[[[121.754996,24.742937],[121.755263,24.743034],[121.755271,24.74301],[121.755047,24.742927],[121.755019,24.742919],[121.755008,24.742918],[121.755002,24.742924],[121.754996,24.742937]]]]}},{"type":"Feature","properties":{"n":"嵐峰路一段","v":"宜蘭市","w":2.95,"c":2.95,"r":2},"geometry":{"type":"MultiPolygon","coordinates":[[[[121.755312,24.74305],[121.755486,24.743112],[121.755492,24.743089],[121.755331,24.743029],[121.755318,24.743036],[121.755312,24.74305]]]]}},{"type":"Feature","properties":{"n":"嵐峰路一段","v":"宜蘭市","w":2.7,"c":1.33,"r":2},"geometry":{"type":"MultiPolygon","coordinates":[[[[121.755786,24.743226],[121.755792,24.743206],[121.755777,24.743193],[121.755547,24.743105],[121.755537,24.743109],[121.755527,24.743125],[121.755622,24.743161],[121.755786,24.743226]]]]}},{"type":"Feature","properties":{"n":"嵐峰路一段","v":"宜蘭市","w":2.88,"c":1.29,"r":2},"geometry":{"type":"MultiPolygon","coordinates":[[[[121.755867,24.743252],[121.755963,24.743286],[121.75612,24.743354],[121.756144,24.743404],[121.756165,24.743345],[121.756019,24.743282],[121.755889,24.743232],[121.755879,24.743232],[121.755874,24.743239],[121.755867,24.743252]]]]}},{"type":"Feature","properties":{"n":"嵐峰路一段","v":"宜蘭市","w":3.23,"c":1.73,"r":2},"geometry":{"type":"MultiPolygon","coordinates":[[[[121.755529,24.742934],[121.755519,24.742955],[121.755525,24.742963],[121.755984,24.743128],[121.756108,24.743177],[121.756114,24.743175],[121.756119,24.743154],[121.755948,24.743083],[121.755622,24.742969],[121.755529,24.742934]]]]}},{"type":"Feature","properties":{"n":"嵐峰路一段","v":"宜蘭市","w":3.28,"c":1.92,"r":2},"geometry":{"type":"MultiPolygon","coordinates":[[[[121.75519,24.742812],[121.755187,24.742821],[121.755176,24.742815],[121.755172,24.742828],[121.755177,24.742838],[121.755192,24.742845],[121.755438,24.742932],[121.755453,24.74293],[121.755459,24.742909],[121.755338,24.742866],[121.75519,24.742812]]]]}},{"type":"Feature","properties":{"n":"嵐峰路一段","v":"宜蘭市","w":3.06,"c":1.78,"r":2},"geometry":{"type":"MultiPolygon","coordinates":[[[[121.75317,24.742354],[121.753144,24.742359],[121.753175,24.742419],[121.753456,24.742483],[121.754225,24.742647],[121.755006,24.742777],[121.755059,24.742791],[121.755071,24.742778],[121.75506,24.742775],[121.755064,24.742769],[121.755021,24.742751],[121.75421,24.742616],[121.75319,24.742396],[121.75317,24.742354]]]]}},{"type":"Feature","properties":{"n":"文化路","v":"宜蘭市","w":4.65,"c":1.52,"r":1},"geometry":{"type":"MultiPolygon","coordinates":[[[[121.747709,24.748588],[121.747655,24.748566],[121.747764,24.748912],[121.747806,24.748898],[121.747801,24.748877],[121.747709,24.748588]]]]}},{"type":"Feature","properties":{"n":"文化路","v":"宜蘭市","w":4.42,"c":1.57,"r":2},"geometry":{"type":"MultiPolygon","coordinates":[[[[121.747625,24.748328],[121.747596,24.748378],[121.747644,24.748529],[121.747698,24.748554],[121.747625,24.748328]]]]}},{"type":"Feature","properties":{"n":"文化路","v":"宜蘭市","w":4.28,"c":1,"r":2},"geometry":{"type":"MultiPolygon","coordinates":[[[[121.74757,24.748157],[121.74753,24.748169],[121.747584,24.748339],[121.747612,24.748288],[121.74757,24.748157]]]]}},{"type":"Feature","properties":{"n":"文化路","v":"宜蘭市","w":3.86,"c":1,"r":2},"geometry":{"type":"MultiPolygon","coordinates":[[[[121.747532,24.748044],[121.747483,24.748016],[121.747516,24.748118],[121.747552,24.748107],[121.747532,24.748044]]]]}},{"type":"Feature","properties":{"n":"文化路","v":"宜蘭市","w":3.27,"c":1.45,"r":2},"geometry":{"type":"MultiPolygon","coordinates":[[[[121.74745,24.747785],[121.74743,24.747829],[121.747482,24.747992],[121.747524,24.748018],[121.74745,24.747785]]]]}},{"type":"Feature","properties":{"n":"文化路","v":"宜蘭市","w":3.94,"c":1.5,"r":1},"geometry":{"type":"MultiPolygon","coordinates":[[[[121.747441,24.747755],[121.74736,24.747503],[121.747324,24.747515],[121.747418,24.74781],[121.747441,24.747755]]]]}},{"type":"Feature","properties":{"n":"文化中心前道路","v":"宜蘭市","w":4.05,"c":4.05,"r":0},"geometry":{"type":"MultiPolygon","coordinates":[[[[121.745841,24.749373],[121.745859,24.749436],[121.745898,24.749427],[121.74588,24.749364],[121.745841,24.749373]]]]}},{"type":"Feature","properties":{"n":"文化中心前道路","v":"宜蘭市","w":3.66,"c":3.04,"r":0},"geometry":{"type":"MultiPolygon","coordinates":[[[[121.745458,24.748032],[121.745479,24.748103],[121.745514,24.748095],[121.745492,24.748021],[121.745458,24.748032]]]]}},{"type":"Feature","properties":{"n":"文化中心前道路","v":"宜蘭市","w":3.75,"c":1.75,"r":0},"geometry":{"type":"MultiPolygon","coordinates":[[[[121.745363,24.748119],[121.745404,24.748268],[121.745388,24.748272],[121.745409,24.748345],[121.745425,24.748341],[121.745659,24.74916],[121.74564,24.749164],[121.745673,24.749274],[121.745691,24.74927],[121.745744,24.749458],[121.745734,24.749474],[121.745783,24.749459],[121.745384,24.748059],[121.745348,24.748066],[121.745351,24.748078],[121.745335,24.748081],[121.745347,24.748122],[121.745363,24.748119]]]]}},{"type":"Feature","properties":{"n":"農權路二段","v":"宜蘭市","w":0.93,"c":0.93,"r":2},"geometry":{"type":"MultiPolygon","coordinates":[[[[121.749282,24.746949],[121.749273,24.746944],[121.748992,24.747018],[121.748509,24.747154],[121.748505,24.747164],[121.749034,24.747014],[121.749282,24.746949]]]]}},{"type":"Feature","properties":{"n":"農權路二段","v":"宜蘭市","w":4.01,"c":1.62,"r":6},"geometry":{"type":"MultiPolygon","coordinates":[[[[121.748116,24.747167],[121.749143,24.746893],[121.749236,24.746863],[121.749216,24.746838],[121.749133,24.746864],[121.748312,24.747083],[121.748315,24.747096],[121.748113,24.747156],[121.748112,24.747148],[121.747739,24.747251],[121.74745,24.747313],[121.747387,24.74733],[121.747387,24.747326],[121.747295,24.747323],[121.747295,24.747355],[121.746499,24.747575],[121.746502,24.747584],[121.745965,24.74773],[121.745963,24.747727],[121.745943,24.747725],[121.745944,24.747721],[121.745897,24.747736],[121.745831,24.747743],[121.74551,24.747726],[121.74544,24.747729],[121.745437,24.747851],[121.745427,24.747849],[121.745445,24.747899],[121.747842,24.747246],[121.748116,24.747167]]]]}},{"type":"Feature","properties":{"n":"農權路二段","v":"宜蘭市","w":3.6,"c":1.75,"r":5},"geometry":{"type":"MultiPolygon","coordinates":[[[[121.746385,24.747774],[121.746337,24.747749],[121.745481,24.747984],[121.745456,24.748024],[121.745458,24.748032],[121.745873,24.747916],[121.745887,24.747912],[121.745884,24.747903],[121.745944,24.747886],[121.745946,24.747891],[121.746385,24.747774]]]]}},{"type":"Feature","properties":{"n":"農權路二段","v":"宜蘭市","w":4.19,"c":2.39,"r":4},"geometry":{"type":"MultiPolygon","coordinates":[[[[121.747339,24.747475],[121.746454,24.747718],[121.746457,24.747755],[121.747317,24.747518],[121.74736,24.747503],[121.747351,24.747486],[121.747339,24.747475]]]]}},{"type":"Feature","properties":{"n":"農權路二段","v":"宜蘭市","w":4.19,"c":2.34,"r":2},"geometry":{"type":"MultiPolygon","coordinates":[[[[121.747446,24.747446],[121.747456,24.747482],[121.74763,24.747437],[121.747866,24.747368],[121.747853,24.747336],[121.747446,24.747446]]]]}},{"type":"Feature","properties":{"n":"農權路二段","v":"宜蘭市","w":5.76,"c":1.55,"r":2},"geometry":{"type":"MultiPolygon","coordinates":[[[[121.748211,24.747291],[121.748196,24.747243],[121.747917,24.747319],[121.747931,24.74737],[121.748211,24.747291]]]]}},{"type":"Feature","properties":{"n":"農權路二段","v":"宜蘭市","w":3.64,"c":1.84,"r":2},"geometry":{"type":"MultiPolygon","coordinates":[[[[121.748452,24.747207],[121.748438,24.747178],[121.748252,24.747227],[121.748261,24.74726],[121.748266,24.747258],[121.748452,24.747207]]]]}},{"type":"Feature","properties":{"n":"農權路二段","v":"宜蘭市","w":3.66,"c":3.66,"r":3},"geometry":{"type":"MultiPolygon","coordinates":[[[[121.744871,24.748186],[121.745261,24.748078],[121.745299,24.748069],[121.745305,24.748089],[121.745351,24.748078],[121.745348,24.748066],[121.745384,24.748059],[121.745381,24.748046],[121.745338,24.748024],[121.744887,24.748146],[121.744872,24.748162],[121.744869,24.748177],[121.744871,24.748186]]]]}},{"type":"Feature","properties":{"n":"農權路二段","v":"宜蘭市","w":3.83,"c":1.54,"r":2},"geometry":{"type":"MultiPolygon","coordinates":[[[[121.744156,24.748382],[121.744819,24.748201],[121.744814,24.748187],[121.744807,24.748181],[121.744785,24.748175],[121.744174,24.748343],[121.744162,24.748352],[121.744156,24.748368],[121.744156,24.748382]]]]}},{"type":"Feature","properties":{"n":"農權路二段","v":"宜蘭市","w":3.81,"c":2.83,"r":2},"geometry":{"type":"MultiPolygon","coordinates":[[[[121.744099,24.748398],[121.744086,24.748379],[121.744063,24.748373],[121.74379,24.748446],[121.743302,24.748581],[121.743278,24.748621],[121.743664,24.748517],[121.744099,24.748398]]]]}},{"type":"Feature","properties":{"n":"中華路","v":"宜蘭市","w":3.52,"c":1.6,"r":0},"geometry":{"type":"MultiPolygon","coordinates":[[[[121.754217,24.745785],[121.754807,24.744218],[121.754763,24.744204],[121.754769,24.744216],[121.754666,24.744487],[121.754676,24.74449],[121.754534,24.74487],[121.754525,24.744867],[121.754187,24.745766],[121.754178,24.745772],[121.754217,24.745785]]]]}},{"type":"Feature","properties":{"n":"女中路","v":"宜蘭市","w":3.21,"c":1.55,"r":1},"geometry":{"type":"MultiPolygon","coordinates":[[[[121.754026,24.745724],[121.754026,24.745755],[121.754182,24.745804],[121.754217,24.745785],[121.754178,24.745773],[121.754026,24.745724]]]]}},{"type":"Feature","properties":{"n":"女中路","v":"宜蘭市","w":3.22,"c":0.88,"r":3},"geometry":{"type":"MultiPolygon","coordinates":[[[[121.753415,24.745532],[121.753405,24.74556],[121.753967,24.745737],[121.753987,24.745713],[121.753415,24.745532]]]]}},{"type":"Feature","properties":{"n":"健康路","v":"宜蘭市","w":3.73,"c":2.6,"r":3},"geometry":{"type":"MultiPolygon","coordinates":[[[[121.752389,24.745209],[121.752435,24.745222],[121.752425,24.745203],[121.752802,24.744177],[121.752997,24.743664],[121.753036,24.743652],[121.752986,24.743637],[121.752966,24.743643],[121.752784,24.744121],[121.75239,24.745188],[121.752389,24.745209]]]]}},{"type":"Feature","properties":{"n":"女中路","v":"宜蘭市","w":3.24,"c":1.17,"r":2},"geometry":{"type":"MultiPolygon","coordinates":[[[[121.752394,24.745231],[121.752425,24.74525],[121.753315,24.745531],[121.753326,24.745504],[121.752389,24.745209],[121.752394,24.745231]]]]}},{"type":"Feature","properties":{"n":"自強路","v":"宜蘭市","w":4.09,"c":1.7,"r":0},"geometry":{"type":"MultiPolygon","coordinates":[[[[121.753037,24.743619],[121.752986,24.743637],[121.754807,24.744218],[121.754801,24.744189],[121.754784,24.744176],[121.754518,24.744092],[121.754272,24.744005],[121.753037,24.743619]]]]}},{"type":"Feature","properties":{"n":"女中路一段","v":"宜蘭市","w":1.79,"c":0.8,"r":2},"geometry":{"type":"MultiPolygon","coordinates":[[[[121.760404,24.747568],[121.760407,24.747552],[121.758574,24.747265],[121.758312,24.747217],[121.757993,24.747139],[121.757292,24.746919],[121.757267,24.746929],[121.757906,24.747131],[121.758217,24.747213],[121.758372,24.747246],[121.758555,24.747279],[121.760084,24.747518],[121.760404,24.747568]]]]}},{"type":"Feature","properties":{"n":"女中路一段","v":"宜蘭市","w":1.83,"c":0.82,"r":2},"geometry":{"type":"MultiPolygon","coordinates":[[[[121.767356,24.749021],[121.766362,24.748698],[121.766355,24.748713],[121.767351,24.749036],[121.767356,24.749021]]]]}},{"type":"Feature","properties":{"n":"女中路一段","v":"宜蘭市","w":1.79,"c":0.8,"r":2},"geometry":{"type":"MultiPolygon","coordinates":[[[[121.767473,24.74908],[121.76781,24.749208],[121.767829,24.749198],[121.767479,24.749065],[121.767473,24.74908]]]]}},{"type":"Feature","properties":{"n":"陽明路","v":"宜蘭市","w":5.69,"c":1.75,"r":2},"geometry":{"type":"MultiPolygon","coordinates":[[[[121.760996,24.748058],[121.76079,24.748644],[121.7608,24.748647],[121.760859,24.748616],[121.76105,24.748072],[121.760996,24.748058]]]]}},{"type":"Feature","properties":{"n":"陽明路","v":"宜蘭市","w":5.69,"c":1.75,"r":2},"geometry":{"type":"MultiPolygon","coordinates":[[[[121.761067,24.748026],[121.76119,24.747675],[121.761134,24.747666],[121.761013,24.748012],[121.761067,24.748026]]]]}},{"type":"Feature","properties":{"n":"陽明路","v":"宜蘭市","w":5.67,"c":1.75,"r":2},"geometry":{"type":"MultiPolygon","coordinates":[[[[121.761777,24.744985],[121.761777,24.744324],[121.761795,24.744255],[121.761825,24.744179],[121.761869,24.74411],[121.761925,24.744045],[121.761993,24.744],[121.76211,24.743937],[121.761962,24.743957],[121.761886,24.744008],[121.761823,24.744081],[121.761773,24.744157],[121.761741,24.74424],[121.76172,24.744318],[121.761721,24.744973],[121.761777,24.744985]]]]}},{"type":"Feature","properties":{"n":"陽明路","v":"宜蘭市","w":5.69,"c":1.75,"r":2},"geometry":{"type":"MultiPolygon","coordinates":[[[[121.761531,24.744934],[121.761531,24.744816],[121.761504,24.744527],[121.761472,24.744406],[121.761437,24.744313],[121.761368,24.7442],[121.761285,24.744133],[121.761158,24.74405],[121.761034,24.744053],[121.761175,24.744128],[121.761251,24.744174],[121.761323,24.744233],[121.761385,24.744335],[121.761418,24.74442],[121.761448,24.744535],[121.761475,24.744819],[121.761475,24.744923],[121.761531,24.744934]]]]}},{"type":"Feature","properties":{"n":"女中路一段","v":"宜蘭市","w":1.79,"c":0.8,"r":1},"geometry":{"type":"MultiPolygon","coordinates":[[[[121.762973,24.747976],[121.764414,24.748343],[121.764401,24.748322],[121.762893,24.747939],[121.761444,24.747714],[121.761438,24.74773],[121.762889,24.747954],[121.762973,24.747976]]]]}},{"type":"Feature","properties":{"n":"女中路一段","v":"宜蘭市","w":1.79,"c":0.8,"r":1},"geometry":{"type":"MultiPolygon","coordinates":[[[[121.760485,24.747564],[121.760482,24.74758],[121.761129,24.747681],[121.761134,24.747666],[121.760485,24.747564]]]]}},{"type":"Feature","properties":{"n":"女中路一段","v":"宜蘭市","w":1.6,"c":0.58,"r":1},"geometry":{"type":"MultiPolygon","coordinates":[[[[121.761176,24.747517],[121.761179,24.747502],[121.758605,24.7471],[121.758347,24.747052],[121.758019,24.74697],[121.757355,24.746762],[121.757364,24.74678],[121.757987,24.746976],[121.758191,24.747031],[121.758327,24.747063],[121.758532,24.747103],[121.758948,24.747168],[121.761176,24.747517]]]]}},{"type":"Feature","properties":{"n":"女中路一段","v":"宜蘭市","w":1.79,"c":0.8,"r":1},"geometry":{"type":"MultiPolygon","coordinates":[[[[121.763953,24.748031],[121.762933,24.747773],[121.761486,24.747548],[121.761483,24.747564],[121.76293,24.747789],[121.763948,24.748047],[121.763953,24.748031]]]]}},{"type":"Feature","properties":{"n":"女中路一段","v":"宜蘭市","w":1.79,"c":0.8,"r":2},"geometry":{"type":"MultiPolygon","coordinates":[[[[121.764074,24.748079],[121.764465,24.748179],[121.76447,24.748163],[121.764079,24.748064],[121.764074,24.748079]]]]}},{"type":"Feature","properties":{"n":"女中路一段","v":"宜蘭市","w":1.8,"c":0.81,"r":3},"geometry":{"type":"MultiPolygon","coordinates":[[[[121.766178,24.748836],[121.766169,24.748815],[121.765453,24.748583],[121.764569,24.748364],[121.764546,24.748376],[121.765448,24.748598],[121.766178,24.748836]]]]}},{"type":"Feature","properties":{"n":"女中路一段","v":"宜蘭市","w":1.79,"c":0.8,"r":5},"geometry":{"type":"MultiPolygon","coordinates":[[[[121.766261,24.748665],[121.765508,24.74842],[121.764616,24.7482],[121.764612,24.748216],[121.765503,24.748436],[121.766256,24.74868],[121.766261,24.748665]]]]}},{"type":"Feature","properties":{"n":"女中路一段","v":"宜蘭市","w":1.79,"c":0.8,"r":2},"geometry":{"type":"MultiPolygon","coordinates":[[[[121.766938,24.749082],[121.766943,24.749067],[121.766335,24.748869],[121.76631,24.748878],[121.766938,24.749082]]]]}},{"type":"Feature","properties":{"n":"女中路一段","v":"宜蘭市","w":1.79,"c":0.8,"r":2},"geometry":{"type":"MultiPolygon","coordinates":[[[[121.767328,24.749192],[121.767321,24.749207],[121.767822,24.749396],[121.767806,24.749373],[121.767328,24.749192]]]]}},{"type":"Feature","properties":{"n":"陽明路","v":"宜蘭市","w":5.69,"c":1.75,"r":2},"geometry":{"type":"MultiPolygon","coordinates":[[[[121.761721,24.74503],[121.761722,24.745703],[121.761642,24.746267],[121.761699,24.746279],[121.761779,24.745706],[121.761777,24.745042],[121.761721,24.74503]]]]}},{"type":"Feature","properties":{"n":"陽明路","v":"宜蘭市","w":5.71,"c":1.75,"r":2},"geometry":{"type":"MultiPolygon","coordinates":[[[[121.761474,24.74498],[121.761476,24.74572],[121.761393,24.746218],[121.761448,24.746229],[121.761532,24.745724],[121.761532,24.744991],[121.761474,24.74498]]]]}},{"type":"Feature","properties":{"n":"陽明路","v":"宜蘭市","w":5.73,"c":1.75,"r":2},"geometry":{"type":"MultiPolygon","coordinates":[[[[121.761634,24.746333],[121.761427,24.747556],[121.761483,24.747564],[121.76169,24.746342],[121.761634,24.746333]]]]}},{"type":"Feature","properties":{"n":"陽明路","v":"宜蘭市","w":5.65,"c":1.75,"r":2},"geometry":{"type":"MultiPolygon","coordinates":[[[[121.761382,24.74628],[121.761176,24.747517],[121.761231,24.747525],[121.761437,24.746291],[121.761382,24.74628]]]]}},{"type":"Feature","properties":{"n":"陽明路","v":"宜蘭市","w":5.69,"c":1.75,"r":2},"geometry":{"type":"MultiPolygon","coordinates":[[[[121.761083,24.748722],[121.761444,24.747714],[121.761387,24.747705],[121.761042,24.748671],[121.761065,24.748716],[121.761083,24.748722]]]]}},{"type":"Feature","properties":{"n":"陽明路","v":"宜蘭市","w":5.69,"c":1.75,"r":2},"geometry":{"type":"MultiPolygon","coordinates":[[[[121.760415,24.750591],[121.761046,24.748825],[121.76103,24.74882],[121.760979,24.748848],[121.760372,24.750544],[121.760394,24.750585],[121.760415,24.750591]]]]}},{"type":"Feature","properties":{"n":"陽明路","v":"宜蘭市","w":5.71,"c":2.76,"r":1},"geometry":{"type":"MultiPolygon","coordinates":[[[[121.760267,24.750838],[121.760321,24.750854],[121.760393,24.750652],[121.760377,24.750647],[121.760328,24.750668],[121.760267,24.750838]]]]}},{"type":"Feature","properties":{"n":"陽明路","v":"宜蘭市","w":5.67,"c":1.75,"r":1},"geometry":{"type":"MultiPolygon","coordinates":[[[[121.760042,24.750773],[121.760095,24.750788],[121.76079,24.748813],[121.760771,24.748759],[121.760752,24.748753],[121.760042,24.750773]]]]}},{"type":"Feature","properties":{"n":"校舍路","v":"宜蘭市","w":1.9,"c":1,"r":2},"geometry":{"type":"MultiPolygon","coordinates":[[[[121.757179,24.750219],[121.757178,24.750201],[121.756917,24.750228],[121.756918,24.750244],[121.757179,24.750219]]]]}},{"type":"Feature","properties":{"n":"校舍路","v":"宜蘭市","w":2.01,"c":1,"r":1},"geometry":{"type":"MultiPolygon","coordinates":[[[[121.757798,24.75031],[121.757788,24.750286],[121.757479,24.750199],[121.757439,24.750193],[121.75736,24.750189],[121.757206,24.750198],[121.757207,24.750217],[121.757347,24.750207],[121.757436,24.75021],[121.757524,24.750228],[121.757652,24.750264],[121.757798,24.75031]]]]}},{"type":"Feature","properties":{"n":"校舍路","v":"宜蘭市","w":2.29,"c":1.46,"r":2},"geometry":{"type":"MultiPolygon","coordinates":[[[[121.758572,24.750536],[121.758571,24.750523],[121.758565,24.750514],[121.758237,24.750417],[121.758215,24.750417],[121.758202,24.750431],[121.758481,24.750507],[121.758572,24.750536]]]]}},{"type":"Feature","properties":{"n":"校舍路","v":"宜蘭市","w":2.21,"c":1.36,"r":2},"geometry":{"type":"MultiPolygon","coordinates":[[[[121.758842,24.750613],[121.758848,24.750594],[121.758659,24.750539],[121.758641,24.750546],[121.758638,24.750555],[121.758842,24.750613]]]]}},{"type":"Feature","properties":{"n":"校舍路","v":"宜蘭市","w":2.16,"c":1.24,"r":2},"geometry":{"type":"MultiPolygon","coordinates":[[[[121.759086,24.750685],[121.759093,24.750667],[121.758923,24.750616],[121.758917,24.750635],[121.759086,24.750685]]]]}},{"type":"Feature","properties":{"n":"校舍路","v":"宜蘭市","w":2.08,"c":1.12,"r":2},"geometry":{"type":"MultiPolygon","coordinates":[[[[121.759282,24.750742],[121.75929,24.750725],[121.759161,24.750687],[121.759154,24.750705],[121.759282,24.750742]]]]}},{"type":"Feature","properties":{"n":"校舍路","v":"宜蘭市","w":2.5,"c":1.46,"r":2},"geometry":{"type":"MultiPolygon","coordinates":[[[[121.759584,24.750829],[121.759628,24.750842],[121.759638,24.750849],[121.759797,24.750895],[121.759797,24.750884],[121.759785,24.750869],[121.759605,24.750815],[121.759587,24.750821],[121.759584,24.750829]]]]}},{"type":"Feature","properties":{"n":"校舍路","v":"宜蘭市","w":2.02,"c":1.23,"r":2},"geometry":{"type":"MultiPolygon","coordinates":[[[[121.759946,24.75093],[121.759939,24.750935],[121.760347,24.751051],[121.760345,24.751058],[121.760508,24.751101],[121.760764,24.751181],[121.760758,24.751159],[121.760751,24.751154],[121.759977,24.750927],[121.759954,24.750927],[121.759946,24.75093]]]]}},{"type":"Feature","properties":{"n":"校舍路","v":"宜蘭市","w":2.9,"c":1.86,"r":2},"geometry":{"type":"MultiPolygon","coordinates":[[[[121.762115,24.75159],[121.762113,24.751575],[121.762106,24.751563],[121.761727,24.751449],[121.761245,24.751289],[121.76092,24.751206],[121.760892,24.751209],[121.760871,24.751226],[121.761016,24.751255],[121.761637,24.751439],[121.761928,24.751531],[121.762115,24.75159]]]]}},{"type":"Feature","properties":{"n":"校舍路","v":"宜蘭市","w":1.99,"c":1.12,"r":2},"geometry":{"type":"MultiPolygon","coordinates":[[[[121.76246,24.751686],[121.762457,24.751673],[121.762444,24.751662],[121.762246,24.751604],[121.762228,24.751604],[121.762214,24.751614],[121.76246,24.751686]]]]}},{"type":"Feature","properties":{"n":"校舍路","v":"宜蘭市","w":1.2,"c":0.43,"r":2},"geometry":{"type":"MultiPolygon","coordinates":[[[[121.762726,24.751554],[121.762736,24.751538],[121.76269,24.751556],[121.762007,24.751355],[121.761977,24.751308],[121.761973,24.751322],[121.761999,24.751364],[121.76269,24.751567],[121.762726,24.751554]]]]}},{"type":"Feature","properties":{"n":"校舍路","v":"宜蘭市","w":1.85,"c":1.03,"r":2},"geometry":{"type":"MultiPolygon","coordinates":[[[[121.760267,24.750838],[121.760279,24.750864],[121.760615,24.75096],[121.760786,24.751015],[121.7617,24.751282],[121.761779,24.751302],[121.761807,24.751296],[121.760651,24.750956],[121.760601,24.750937],[121.760321,24.750854],[121.760267,24.750838]]]]}},{"type":"Feature","properties":{"n":"校舍路","v":"宜蘭市","w":2.04,"c":1.21,"r":2},"geometry":{"type":"MultiPolygon","coordinates":[[[[121.760095,24.750788],[121.759591,24.750645],[121.758911,24.750442],[121.758905,24.75046],[121.760062,24.7508],[121.760095,24.750788]]]]}},{"type":"Feature","properties":{"n":"校舍路","v":"宜蘭市","w":2.48,"c":1.4,"r":2},"geometry":{"type":"MultiPolygon","coordinates":[[[[121.757604,24.750049],[121.757597,24.750069],[121.757607,24.75008],[121.757751,24.750124],[121.758519,24.750349],[121.758538,24.750342],[121.758543,24.750332],[121.757855,24.750129],[121.757604,24.750049]]]]}},{"type":"Feature","properties":{"n":"校舍路","v":"宜蘭市","w":3,"c":3,"r":3},"geometry":{"type":"MultiPolygon","coordinates":[[[[121.757518,24.750032],[121.75745,24.750022],[121.757362,24.750016],[121.757123,24.750036],[121.756899,24.750048],[121.756903,24.750073],[121.756917,24.750081],[121.757196,24.750053],[121.757381,24.750041],[121.757505,24.750053],[121.757516,24.750049],[121.757518,24.75004],[121.757518,24.750032]]]]}},{"type":"Feature","properties":{"n":"校舍路","v":"宜蘭市","w":2.01,"c":1.05,"r":2},"geometry":{"type":"MultiPolygon","coordinates":[[[[121.756612,24.750272],[121.756612,24.750254],[121.756527,24.75026],[121.756529,24.750278],[121.756612,24.750272]]]]}},{"type":"Feature","properties":{"n":"校舍路","v":"宜蘭市","w":2.08,"c":2.08,"r":2},"geometry":{"type":"MultiPolygon","coordinates":[[[[121.756429,24.750268],[121.756042,24.750298],[121.75604,24.750309],[121.756044,24.750319],[121.756431,24.750286],[121.756429,24.750268]]]]}},{"type":"Feature","properties":{"n":"校舍路","v":"宜蘭市","w":2.07,"c":2.07,"r":2},"geometry":{"type":"MultiPolygon","coordinates":[[[[121.756472,24.750098],[121.756465,24.750102],[121.756465,24.750112],[121.756493,24.750116],[121.75659,24.750102],[121.756592,24.750086],[121.756472,24.750098]]]]}},{"type":"Feature","properties":{"n":"校舍路","v":"宜蘭市","w":1.72,"c":1.72,"r":2},"geometry":{"type":"MultiPolygon","coordinates":[[[[121.756016,24.750137],[121.756008,24.750152],[121.756348,24.750126],[121.756354,24.750122],[121.756354,24.750109],[121.756326,24.750111],[121.756016,24.750137]]]]}},{"type":"Feature","properties":{"n":"東港路","v":"宜蘭市","w":1.37,"c":1.37,"r":2},"geometry":{"type":"MultiPolygon","coordinates":[[[[121.766754,24.751712],[121.766753,24.751725],[121.766941,24.751688],[121.766939,24.751675],[121.766754,24.751712]]]]}},{"type":"Feature","properties":{"n":"東港路","v":"宜蘭市","w":1.29,"c":1.29,"r":2},"geometry":{"type":"MultiPolygon","coordinates":[[[[121.76507,24.75223],[121.765078,24.752239],[121.765238,24.752129],[121.765358,24.752065],[121.765458,24.752019],[121.765647,24.75195],[121.766429,24.751789],[121.766715,24.751736],[121.76671,24.751725],[121.766703,24.751723],[121.766557,24.751751],[121.765933,24.751877],[121.765568,24.751965],[121.765418,24.752022],[121.765231,24.752117],[121.76507,24.75223]]]]}},{"type":"Feature","properties":{"n":"東港路","v":"宜蘭市","w":1.29,"c":1.29,"r":2},"geometry":{"type":"MultiPolygon","coordinates":[[[[121.767653,24.751543],[121.767649,24.75153],[121.767013,24.751661],[121.767017,24.75167],[121.767594,24.751555],[121.767653,24.751543]]]]}},{"type":"Feature","properties":{"n":"東港路","v":"宜蘭市","w":1.48,"c":1.48,"r":2},"geometry":{"type":"MultiPolygon","coordinates":[[[[121.767827,24.751507],[121.768291,24.751411],[121.768285,24.751399],[121.767823,24.751494],[121.767827,24.751507]]]]}},{"type":"Feature","properties":{"n":"東港路","v":"宜蘭市","w":1.42,"c":1.42,"r":2},"geometry":{"type":"MultiPolygon","coordinates":[[[[121.769658,24.75112],[121.769658,24.751111],[121.769651,24.751106],[121.768414,24.751373],[121.768421,24.751384],[121.768744,24.75131],[121.768825,24.751296],[121.769607,24.75113],[121.769658,24.75112]]]]}},{"type":"Feature","properties":{"n":"東港路","v":"宜蘭市","w":1.4,"c":1.4,"r":2},"geometry":{"type":"MultiPolygon","coordinates":[[[[121.770557,24.750931],[121.770555,24.75092],[121.770417,24.750946],[121.769749,24.751086],[121.769719,24.751093],[121.769718,24.7511],[121.769722,24.751109],[121.769753,24.751104],[121.769752,24.751099],[121.770546,24.750932],[121.770557,24.750931]]]]}},{"type":"Feature","properties":{"n":"東港路","v":"宜蘭市","w":1.3,"c":1.3,"r":1},"geometry":{"type":"MultiPolygon","coordinates":[[[[121.770993,24.750825],[121.77068,24.750891],[121.77068,24.750904],[121.771342,24.750762],[121.771342,24.750753],[121.771173,24.750788],[121.770993,24.750825]]]]}},{"type":"Feature","properties":{"n":"東港路","v":"宜蘭市","w":1.26,"c":1.26,"r":2},"geometry":{"type":"MultiPolygon","coordinates":[[[[121.76959,24.750927],[121.769498,24.750948],[121.76952,24.750956],[121.7712,24.7506],[121.771208,24.750586],[121.769724,24.7509],[121.76959,24.750927]]]]}},{"type":"Feature","properties":{"n":"東港路","v":"宜蘭市","w":1.39,"c":1.39,"r":2},"geometry":{"type":"MultiPolygon","coordinates":[[[[121.768873,24.751082],[121.768876,24.751089],[121.768887,24.751089],[121.769072,24.751052],[121.769365,24.75099],[121.76937,24.750975],[121.768925,24.75107],[121.768873,24.751082]]]]}},{"type":"Feature","properties":{"n":"東港路","v":"宜蘭市","w":1.27,"c":1.27,"r":2},"geometry":{"type":"MultiPolygon","coordinates":[[[[121.768828,24.751097],[121.768386,24.751184],[121.767789,24.751312],[121.767788,24.751318],[121.768565,24.751159],[121.768628,24.751149],[121.768825,24.751106],[121.76883,24.751101],[121.768828,24.751097]]]]}},{"type":"Feature","properties":{"n":"東港路","v":"宜蘭市","w":1.15,"c":1.15,"r":2},"geometry":{"type":"MultiPolygon","coordinates":[[[[121.766903,24.751492],[121.766906,24.751499],[121.766911,24.7515],[121.766932,24.751497],[121.767701,24.751339],[121.767699,24.751328],[121.767474,24.751379],[121.767421,24.751389],[121.76742,24.751385],[121.767014,24.751469],[121.766903,24.751492]]]]}},{"type":"Feature","properties":{"n":"東港路","v":"宜蘭市","w":1.41,"c":1.41,"r":2},"geometry":{"type":"MultiPolygon","coordinates":[[[[121.766772,24.751516],[121.766053,24.75166],[121.766055,24.751672],[121.766775,24.751528],[121.766772,24.751516]]]]}},{"type":"Feature","properties":{"n":"東港路","v":"宜蘭市","w":1.13,"c":1.13,"r":2},"geometry":{"type":"MultiPolygon","coordinates":[[[[121.765992,24.751675],[121.764899,24.751894],[121.764902,24.751907],[121.76547,24.751788],[121.765472,24.751794],[121.765995,24.751686],[121.765992,24.751675]]]]}},{"type":"Feature","properties":{"n":"林森路","v":"宜蘭市","w":3.25,"c":3.25,"r":2},"geometry":{"type":"MultiPolygon","coordinates":[[[[121.758175,24.750931],[121.758207,24.750919],[121.758201,24.750903],[121.75821,24.750838],[121.758039,24.750416],[121.758058,24.750392],[121.758113,24.750408],[121.75812,24.750383],[121.758105,24.750376],[121.758056,24.750366],[121.758043,24.750368],[121.758003,24.750408],[121.758175,24.750836],[121.758176,24.750879],[121.758175,24.750931]]]]}},{"type":"Feature","properties":{"n":"林森路","v":"宜蘭市","w":3.52,"c":3.52,"r":3},"geometry":{"type":"MultiPolygon","coordinates":[[[[121.758497,24.751733],[121.75853,24.751721],[121.758325,24.751208],[121.758293,24.751218],[121.758497,24.751733]]]]}},{"type":"Feature","properties":{"n":"林森路","v":"宜蘭市","w":2.5,"c":2.5,"r":2},"geometry":{"type":"MultiPolygon","coordinates":[[[[121.758815,24.752603],[121.759013,24.753121],[121.759046,24.753137],[121.75883,24.752575],[121.758815,24.752603]]]]}},{"type":"Feature","properties":{"n":"林森路","v":"宜蘭市","w":2.92,"c":2.92,"r":3},"geometry":{"type":"MultiPolygon","coordinates":[[[[121.759635,24.754625],[121.75937,24.753974],[121.759096,24.753269],[121.759081,24.753295],[121.759427,24.754184],[121.759593,24.7546],[121.759609,24.754617],[121.759624,24.754624],[121.759635,24.754625]]]]}},{"type":"Feature","properties":{"n":"林森路","v":"宜蘭市","w":2.5,"c":2.5,"r":2},"geometry":{"type":"MultiPolygon","coordinates":[[[[121.759724,24.755268],[121.759923,24.75578],[121.759925,24.755804],[121.759951,24.755793],[121.759952,24.755778],[121.759753,24.755275],[121.759734,24.755268],[121.759724,24.755268]]]]}},{"type":"Feature","properties":{"n":"林森路","v":"宜蘭市","w":2.5,"c":2.5,"r":2},"geometry":{"type":"MultiPolygon","coordinates":[[[[121.759708,24.755225],[121.759719,24.755215],[121.759724,24.755198],[121.759632,24.754953],[121.759621,24.754946],[121.759602,24.754943],[121.759708,24.755225]]]]}},{"type":"Feature","properties":{"n":"林森路","v":"宜蘭市","w":3.05,"c":3.05,"r":2},"geometry":{"type":"MultiPolygon","coordinates":[[[[121.75959,24.75491],[121.759601,24.754901],[121.759605,24.754885],[121.759419,24.75439],[121.759363,24.754275],[121.759337,24.754265],[121.759323,24.754265],[121.759389,24.754402],[121.75959,24.75491]]]]}},{"type":"Feature","properties":{"n":"林森路","v":"宜蘭市","w":1.97,"c":1.97,"r":1},"geometry":{"type":"MultiPolygon","coordinates":[[[[121.757857,24.750444],[121.757875,24.750437],[121.757833,24.750325],[121.757813,24.750297],[121.757788,24.750286],[121.757814,24.750333],[121.757835,24.750388],[121.757857,24.750444]]]]}},{"type":"Feature","properties":{"n":"林森路","v":"宜蘭市","w":2.3,"c":2.3,"r":1},"geometry":{"type":"MultiPolygon","coordinates":[[[[121.757966,24.750715],[121.757981,24.750703],[121.757893,24.750482],[121.757872,24.750488],[121.757937,24.750657],[121.757947,24.750653],[121.757966,24.750715]]]]}},{"type":"Feature","properties":{"n":"林森路","v":"宜蘭市","w":2.46,"c":2.46,"r":2},"geometry":{"type":"MultiPolygon","coordinates":[[[[121.75811,24.751095],[121.758121,24.751082],[121.758122,24.751067],[121.757995,24.750738],[121.757988,24.750734],[121.757974,24.75074],[121.758024,24.75088],[121.7581,24.751063],[121.75811,24.751095]]]]}},{"type":"Feature","properties":{"n":"林森路","v":"宜蘭市","w":2.5,"c":2.5,"r":2},"geometry":{"type":"MultiPolygon","coordinates":[[[[121.758368,24.751687],[121.758202,24.751258],[121.758191,24.751247],[121.758171,24.751246],[121.758353,24.751716],[121.758363,24.751707],[121.758367,24.751695],[121.758368,24.751687]]]]}},{"type":"Feature","properties":{"n":"林森路","v":"宜蘭市","w":2.51,"c":2.51,"r":2},"geometry":{"type":"MultiPolygon","coordinates":[[[[121.75919,24.7538],[121.759199,24.753791],[121.759204,24.75377],[121.758855,24.752876],[121.75884,24.752865],[121.758824,24.752866],[121.759064,24.753479],[121.75919,24.7538]]]]}},{"type":"Feature","properties":{"n":"林森路","v":"宜蘭市","w":2.5,"c":2.5,"r":2},"geometry":{"type":"MultiPolygon","coordinates":[[[[121.758665,24.752402],[121.758653,24.752395],[121.758637,24.752397],[121.758804,24.752815],[121.758815,24.752808],[121.758818,24.752785],[121.758665,24.752402]]]]}},{"type":"Feature","properties":{"n":"林森路","v":"宜蘭市","w":2.5,"c":2.5,"r":2},"geometry":{"type":"MultiPolygon","coordinates":[[[[121.758613,24.752264],[121.75857,24.752152],[121.758513,24.752048],[121.758404,24.751776],[121.758395,24.751771],[121.758375,24.751771],[121.758491,24.752057],[121.758547,24.75216],[121.758598,24.752293],[121.75861,24.752283],[121.758613,24.752271],[121.758613,24.752264]]]]}},{"type":"Feature","properties":{"n":"林森路","v":"宜蘭市","w":2.65,"c":2.65,"r":1},"geometry":{"type":"MultiPolygon","coordinates":[[[[121.759647,24.754676],[121.759636,24.754691],[121.759633,24.754705],[121.759781,24.755093],[121.759893,24.755376],[121.759935,24.755409],[121.759647,24.754676]]]]}},{"type":"Feature","properties":{"n":"林森路","v":"宜蘭市","w":2.48,"c":2.48,"r":2},"geometry":{"type":"MultiPolygon","coordinates":[[[[121.76015,24.756037],[121.760161,24.756029],[121.760126,24.755942],[121.76014,24.755938],[121.760004,24.7556],[121.759997,24.755641],[121.760137,24.756],[121.76015,24.756037]]]]}},{"type":"Feature","properties":{"n":"環市東路二段","v":"宜蘭市","w":2.28,"c":1.46,"r":2},"geometry":{"type":"MultiPolygon","coordinates":[[[[121.771521,24.74079],[121.771514,24.741201],[121.771532,24.741193],[121.771537,24.741179],[121.771544,24.740786],[121.771521,24.74079]]]]}},{"type":"Feature","properties":{"n":"環市東路二段","v":"宜蘭市","w":2.36,"c":1.52,"r":2},"geometry":{"type":"MultiPolygon","coordinates":[[[[121.771826,24.74585],[121.771858,24.74402],[121.771854,24.74402],[121.771854,24.743881],[121.771867,24.743554],[121.771849,24.743566],[121.771845,24.743577],[121.771803,24.745826],[121.771814,24.745846],[121.771826,24.74585]]]]}},{"type":"Feature","properties":{"n":"環市東路二段","v":"宜蘭市","w":2.28,"c":1.35,"r":2},"geometry":{"type":"MultiPolygon","coordinates":[[[[121.771784,24.74811],[121.771825,24.745883],[121.771814,24.745886],[121.771806,24.745896],[121.771802,24.74594],[121.771762,24.74808],[121.771776,24.748105],[121.771784,24.74811]]]]}},{"type":"Feature","properties":{"n":"環市東路二段","v":"宜蘭市","w":2.15,"c":1.36,"r":2},"geometry":{"type":"MultiPolygon","coordinates":[[[[121.771748,24.750099],[121.771785,24.74814],[121.771767,24.74815],[121.771761,24.748181],[121.771728,24.750062],[121.771729,24.750088],[121.771742,24.750098],[121.771748,24.750099]]]]}},{"type":"Feature","properties":{"n":"環市東路二段","v":"宜蘭市","w":2.15,"c":1.25,"r":2},"geometry":{"type":"MultiPolygon","coordinates":[[[[121.771703,24.752669],[121.771739,24.750673],[121.771718,24.750683],[121.771714,24.750809],[121.771682,24.752649],[121.771696,24.752666],[121.771703,24.752669]]]]}},{"type":"Feature","properties":{"n":"環市東路二段","v":"宜蘭市","w":2.26,"c":1.51,"r":2},"geometry":{"type":"MultiPolygon","coordinates":[[[[121.771631,24.756685],[121.771701,24.75275],[121.77168,24.752767],[121.771678,24.752805],[121.771618,24.756122],[121.771611,24.756675],[121.771616,24.756684],[121.771632,24.756693],[121.771631,24.756685]]]]}},{"type":"Feature","properties":{"n":"環市東路二段","v":"宜蘭市","w":2.27,"c":1.45,"r":2},"geometry":{"type":"MultiPolygon","coordinates":[[[[121.771271,24.754642],[121.771236,24.756608],[121.771249,24.756606],[121.771258,24.756599],[121.771259,24.756574],[121.77129,24.754944],[121.771293,24.754664],[121.771285,24.754649],[121.771271,24.754642]]]]}},{"type":"Feature","properties":{"n":"環市東路二段","v":"宜蘭市","w":2.4,"c":1.63,"r":2},"geometry":{"type":"MultiPolygon","coordinates":[[[[121.771342,24.750762],[121.771274,24.754567],[121.77129,24.754561],[121.771296,24.754546],[121.771317,24.753503],[121.771363,24.75081],[121.771362,24.750759],[121.771353,24.750752],[121.771342,24.750753],[121.771342,24.750762]]]]}},{"type":"Feature","properties":{"n":"環市東路二段","v":"宜蘭市","w":2.19,"c":1.41,"r":2},"geometry":{"type":"MultiPolygon","coordinates":[[[[121.771355,24.750129],[121.771347,24.750555],[121.771367,24.750552],[121.771376,24.750146],[121.77136,24.75013],[121.771355,24.750129]]]]}},{"type":"Feature","properties":{"n":"環市東路二段","v":"宜蘭市","w":2.25,"c":1.4,"r":2},"geometry":{"type":"MultiPolygon","coordinates":[[[[121.77139,24.748113],[121.771354,24.750101],[121.771372,24.750093],[121.771378,24.750068],[121.771412,24.748144],[121.771411,24.748132],[121.771401,24.748119],[121.77139,24.748113]]]]}},{"type":"Feature","properties":{"n":"環市東路二段","v":"宜蘭市","w":2.36,"c":1.58,"r":2},"geometry":{"type":"MultiPolygon","coordinates":[[[[121.77143,24.745907],[121.77139,24.748086],[121.771407,24.748074],[121.771414,24.748055],[121.771451,24.745972],[121.771451,24.745926],[121.771444,24.745914],[121.77143,24.745907]]]]}},{"type":"Feature","properties":{"n":"環市東路二段","v":"宜蘭市","w":2.28,"c":1.47,"r":2},"geometry":{"type":"MultiPolygon","coordinates":[[[[121.771476,24.743351],[121.771431,24.745871],[121.771448,24.745864],[121.771455,24.745848],[121.771498,24.743385],[121.771495,24.743366],[121.771486,24.743355],[121.771476,24.743351]]]]}},{"type":"Feature","properties":{"n":"環市東路二段","v":"宜蘭市","w":2.26,"c":1.39,"r":2},"geometry":{"type":"MultiPolygon","coordinates":[[[[121.771909,24.741222],[121.771919,24.740683],[121.771897,24.740681],[121.771846,24.743436],[121.77185,24.743461],[121.771868,24.743472],[121.771904,24.741558],[121.771909,24.741222]]]]}},{"type":"Feature","properties":{"n":"環市東路二段","v":"宜蘭市","w":2.25,"c":1.42,"r":2},"geometry":{"type":"MultiPolygon","coordinates":[[[[121.771514,24.741233],[121.771481,24.743066],[121.771489,24.743069],[121.771481,24.743082],[121.771478,24.743266],[121.771492,24.743256],[121.7715,24.743244],[121.771536,24.741259],[121.771535,24.741247],[121.771529,24.741241],[121.771514,24.741233]]]]}},{"type":"Feature","properties":{"n":"環市東路二段","v":"宜蘭市","w":1.6,"c":1.6,"r":2},"geometry":{"type":"MultiPolygon","coordinates":[[[[121.771573,24.756821],[121.77156,24.75683],[121.771557,24.756866],[121.771513,24.759212],[121.77153,24.759195],[121.771571,24.756912],[121.771573,24.756821]]]]}},{"type":"Feature","properties":{"n":"環市東路二段","v":"宜蘭市","w":1.64,"c":1.64,"r":2},"geometry":{"type":"MultiPolygon","coordinates":[[[[121.771245,24.759336],[121.771263,24.759328],[121.771277,24.758576],[121.771303,24.756832],[121.7713,24.756822],[121.771288,24.756817],[121.771247,24.759231],[121.771245,24.759336]]]]}},{"type":"Feature","properties":{"n":"宜興路一段","v":"宜蘭市","w":8.89,"c":2.79,"r":1},"geometry":{"type":"MultiPolygon","coordinates":[[[[121.757526,24.754449],[121.757611,24.754452],[121.757712,24.754466],[121.757789,24.754503],[121.757828,24.754555],[121.758024,24.755056],[121.758036,24.755116],[121.758025,24.755171],[121.757984,24.755211],[121.757933,24.755249],[121.757841,24.755302],[121.757868,24.755375],[121.757904,24.755355],[121.758071,24.755301],[121.758203,24.755252],[121.758077,24.754933],[121.75807,24.754936],[121.758,24.754757],[121.757984,24.754762],[121.757946,24.754664],[121.757919,24.754673],[121.757875,24.754561],[121.757902,24.754552],[121.757862,24.754449],[121.757878,24.754444],[121.757837,24.754344],[121.757791,24.754359],[121.757754,24.754265],[121.75749,24.754351],[121.757526,24.754449]]]]}},{"type":"Feature","properties":{"n":"宜興路一段","v":"宜蘭市","w":4.96,"c":3.3,"r":2},"geometry":{"type":"MultiPolygon","coordinates":[[[[121.755792,24.750481],[121.755835,24.750592],[121.755842,24.750592],[121.755874,24.750581],[121.755876,24.750563],[121.755843,24.750479],[121.755792,24.750481]]]]}},{"type":"Feature","properties":{"n":"宜興路一段","v":"宜蘭市","w":4.88,"c":3.32,"r":1},"geometry":{"type":"MultiPolygon","coordinates":[[[[121.755741,24.750346],[121.755782,24.750453],[121.755826,24.750434],[121.755788,24.750336],[121.755748,24.750344],[121.755741,24.750346]]]]}},{"type":"Feature","properties":{"n":"宜興路一段","v":"宜蘭市","w":5.05,"c":3.69,"r":2},"geometry":{"type":"MultiPolygon","coordinates":[[[[121.756095,24.751267],[121.756107,24.751268],[121.756127,24.751259],[121.756137,24.751236],[121.755912,24.750657],[121.755895,24.750647],[121.755878,24.750649],[121.75586,24.750656],[121.755978,24.750961],[121.756095,24.751267]]]]}},{"type":"Feature","properties":{"n":"宜興路一段","v":"宜蘭市","w":4.67,"c":3.75,"r":2},"geometry":{"type":"MultiPolygon","coordinates":[[[[121.756181,24.751483],[121.756209,24.751471],[121.756216,24.751454],[121.756177,24.751338],[121.756156,24.751329],[121.756124,24.751335],[121.756181,24.751483]]]]}},{"type":"Feature","properties":{"n":"宜興路一段","v":"宜蘭市","w":3.38,"c":1.67,"r":2},"geometry":{"type":"MultiPolygon","coordinates":[[[[121.756299,24.751794],[121.756313,24.751789],[121.756324,24.751774],[121.756251,24.751559],[121.756234,24.751552],[121.756209,24.751558],[121.756299,24.751794]]]]}},{"type":"Feature","properties":{"n":"宜興路一段","v":"宜蘭市","w":2.3,"c":1.13,"r":2},"geometry":{"type":"MultiPolygon","coordinates":[[[[121.756377,24.75211],[121.756395,24.752106],[121.75641,24.752097],[121.75642,24.752081],[121.75642,24.75206],[121.756361,24.751884],[121.756352,24.751876],[121.756335,24.751882],[121.756333,24.751885],[121.756402,24.752063],[121.756377,24.75211]]]]}},{"type":"Feature","properties":{"n":"宜興路一段","v":"宜蘭市","w":3.46,"c":2.5,"r":2},"geometry":{"type":"MultiPolygon","coordinates":[[[[121.756523,24.752438],[121.75663,24.752715],[121.756664,24.75271],[121.756483,24.752229],[121.75647,24.752214],[121.756449,24.752201],[121.756408,24.752196],[121.75646,24.752223],[121.756469,24.752245],[121.756456,24.752259],[121.756523,24.752438]]]]}},{"type":"Feature","properties":{"n":"宜興路一段","v":"宜蘭市","w":3.46,"c":2.23,"r":2},"geometry":{"type":"MultiPolygon","coordinates":[[[[121.757075,24.753862],[121.757107,24.753852],[121.756681,24.752753],[121.756649,24.752763],[121.757005,24.753678],[121.757075,24.753862]]]]}},{"type":"Feature","properties":{"n":"宜興路一段","v":"宜蘭市","w":4.32,"c":3.03,"r":2},"geometry":{"type":"MultiPolygon","coordinates":[[[[121.757231,24.754293],[121.757273,24.754282],[121.757133,24.75392],[121.757091,24.753936],[121.757166,24.754122],[121.757231,24.754293]]]]}},{"type":"Feature","properties":{"n":"宜興路一段","v":"宜蘭市","w":2.68,"c":1.32,"r":1},"geometry":{"type":"MultiPolygon","coordinates":[[[[121.757397,24.754647],[121.757424,24.754654],[121.757306,24.754358],[121.757293,24.754354],[121.757279,24.754361],[121.75735,24.754529],[121.757397,24.754647]]]]}},{"type":"Feature","properties":{"n":"宜興路一段","v":"宜蘭市","w":1.5,"c":1.5,"r":2},"geometry":{"type":"MultiPolygon","coordinates":[[[[121.758018,24.756187],[121.757834,24.755708],[121.7578,24.755602],[121.757786,24.755606],[121.75782,24.755712],[121.758004,24.756191],[121.758018,24.756187]]]]}},{"type":"Feature","properties":{"n":"宜興路一段","v":"宜蘭市","w":1.5,"c":1.5,"r":2},"geometry":{"type":"MultiPolygon","coordinates":[[[[121.758692,24.757925],[121.758186,24.756618],[121.758094,24.756364],[121.75808,24.756368],[121.758172,24.756623],[121.758678,24.75793],[121.758692,24.757925]]]]}},{"type":"Feature","properties":{"n":"宜興路二段","v":"宜蘭市","w":5.4,"c":4.07,"r":2},"geometry":{"type":"MultiPolygon","coordinates":[[[[121.758911,24.758527],[121.759074,24.758945],[121.7591,24.759025],[121.759121,24.759076],[121.759132,24.759072],[121.759152,24.759054],[121.759157,24.759039],[121.759156,24.759023],[121.758973,24.758549],[121.758966,24.758539],[121.758948,24.758525],[121.758919,24.758524],[121.758911,24.758527]]]]}},{"type":"Feature","properties":{"n":"宜興路二段","v":"宜蘭市","w":5.03,"c":3.58,"r":2},"geometry":{"type":"MultiPolygon","coordinates":[[[[121.759444,24.759907],[121.759471,24.759895],[121.759477,24.759888],[121.759481,24.75987],[121.759478,24.759858],[121.759197,24.759131],[121.759189,24.759121],[121.759171,24.75911],[121.759136,24.759113],[121.759374,24.75973],[121.759444,24.759907]]]]}},{"type":"Feature","properties":{"n":"宜興路二段","v":"宜蘭市","w":5.01,"c":3.59,"r":2},"geometry":{"type":"MultiPolygon","coordinates":[[[[121.759423,24.759039],[121.759396,24.759054],[121.759391,24.759062],[121.759387,24.759079],[121.75939,24.759094],[121.759679,24.759837],[121.7597,24.759857],[121.759718,24.75986],[121.759736,24.759856],[121.75966,24.759647],[121.759524,24.7593],[121.759518,24.759301],[121.759435,24.759071],[121.759423,24.759039]]]]}},{"type":"Feature","properties":{"n":"宜興路二段","v":"宜蘭市","w":5.03,"c":5.03,"r":2},"geometry":{"type":"MultiPolygon","coordinates":[[[[121.759205,24.758478],[121.759189,24.758481],[121.759179,24.75849],[121.759171,24.758508],[121.75917,24.75852],[121.759347,24.75898],[121.759357,24.758992],[121.759371,24.758997],[121.759403,24.758988],[121.759205,24.758478]]]]}},{"type":"Feature","properties":{"n":"宜興路二段","v":"宜蘭市","w":4.59,"c":3.27,"r":2},"geometry":{"type":"MultiPolygon","coordinates":[[[[121.759095,24.758173],[121.759064,24.758184],[121.759056,24.758192],[121.759053,24.758217],[121.759124,24.758402],[121.759147,24.758422],[121.759184,24.758423],[121.759116,24.758256],[121.75909,24.758181],[121.759095,24.758173]]]]}},{"type":"Feature","properties":{"n":"宜興路一段","v":"宜蘭市","w":4.98,"c":4.98,"r":3},"geometry":{"type":"MultiPolygon","coordinates":[[[[121.758775,24.757377],[121.758754,24.757409],[121.75875,24.757432],[121.758753,24.757447],[121.758917,24.757873],[121.758936,24.757894],[121.758969,24.757906],[121.758945,24.757809],[121.758798,24.757425],[121.758775,24.757377]]]]}},{"type":"Feature","properties":{"n":"宜興路一段","v":"宜蘭市","w":7.71,"c":6.25,"r":3},"geometry":{"type":"MultiPolygon","coordinates":[[[[121.758398,24.756574],[121.758375,24.756581],[121.758447,24.756786],[121.758539,24.757026],[121.758684,24.757316],[121.758711,24.757347],[121.758727,24.757348],[121.758763,24.757333],[121.7587,24.757173],[121.758683,24.757179],[121.758436,24.756561],[121.758398,24.756574]]]]}},{"type":"Feature","properties":{"n":"宜興路一段","v":"宜蘭市","w":3.02,"c":1.36,"r":0},"geometry":{"type":"MultiPolygon","coordinates":[[[[121.757904,24.755355],[121.757868,24.755375],[121.758375,24.756581],[121.75839,24.756576],[121.758038,24.755684],[121.758001,24.755606],[121.757904,24.755355]]]]}},{"type":"Feature","properties":{"n":"宜興路一段","v":"宜蘭市","w":2.4,"c":0.44,"r":2},"geometry":{"type":"MultiPolygon","coordinates":[[[[121.757488,24.754347],[121.757385,24.75407],[121.757376,24.754073],[121.757369,24.754064],[121.757281,24.753835],[121.757268,24.753835],[121.7575,24.754434],[121.757508,24.754444],[121.757526,24.754449],[121.757488,24.754347]]]]}},{"type":"Feature","properties":{"n":"宜興路一段","v":"宜蘭市","w":3,"c":1.9,"r":2},"geometry":{"type":"MultiPolygon","coordinates":[[[[121.757211,24.753709],[121.757246,24.753795],[121.757278,24.75379],[121.757163,24.753509],[121.757136,24.75352],[121.757211,24.753709]]]]}},{"type":"Feature","properties":{"n":"宜興路一段","v":"宜蘭市","w":2.35,"c":2.35,"r":2},"geometry":{"type":"MultiPolygon","coordinates":[[[[121.75665,24.752117],[121.756641,24.752121],[121.756638,24.752131],[121.756693,24.752297],[121.757124,24.753408],[121.757147,24.753402],[121.756715,24.752294],[121.75671,24.752295],[121.756685,24.752229],[121.756689,24.752228],[121.756682,24.752208],[121.75665,24.752117]]]]}},{"type":"Feature","properties":{"n":"宜興路一段","v":"宜蘭市","w":5.34,"c":4.09,"r":1},"geometry":{"type":"MultiPolygon","coordinates":[[[[121.756042,24.750298],[121.756026,24.750304],[121.756006,24.750323],[121.756001,24.750342],[121.756364,24.751281],[121.7564,24.751392],[121.756639,24.752047],[121.756678,24.752039],[121.756412,24.751273],[121.756409,24.751264],[121.756396,24.751268],[121.756352,24.751134],[121.756358,24.751133],[121.756277,24.750908],[121.756241,24.750828],[121.756131,24.750506],[121.756103,24.750512],[121.756061,24.750394],[121.756068,24.750392],[121.75604,24.750309],[121.756042,24.750298]]]]}},{"type":"Feature","properties":{"n":"宜興路一段","v":"宜蘭市","w":2.59,"c":1.51,"r":2},"geometry":{"type":"MultiPolygon","coordinates":[[[[121.755828,24.749871],[121.755681,24.749556],[121.755659,24.749564],[121.755657,24.749573],[121.755936,24.750129],[121.755962,24.750141],[121.756008,24.750152],[121.756016,24.750137],[121.755971,24.750107],[121.755949,24.750054],[121.755953,24.750053],[121.75591,24.749966],[121.755905,24.749962],[121.75589,24.749967],[121.755854,24.749893],[121.75584,24.749897],[121.755828,24.749871]]]]}},{"type":"Feature","properties":{"n":"宜興路一段","v":"宜蘭市","w":2.56,"c":2.56,"r":2},"geometry":{"type":"MultiPolygon","coordinates":[[[[121.755588,24.749292],[121.755584,24.749284],[121.755543,24.749298],[121.755542,24.749303],[121.755607,24.749434],[121.755633,24.749429],[121.755568,24.749299],[121.755588,24.749292]]]]}},{"type":"Feature","properties":{"n":"宜興路一段","v":"宜蘭市","w":3.96,"c":2.9,"r":2},"geometry":{"type":"MultiPolygon","coordinates":[[[[121.754979,24.748097],[121.754944,24.748039],[121.754909,24.748047],[121.754903,24.748067],[121.755458,24.749183],[121.755487,24.749213],[121.755515,24.749221],[121.755534,24.749218],[121.755227,24.748612],[121.755222,24.748614],[121.75513,24.748439],[121.755009,24.748177],[121.754999,24.748137],[121.754982,24.748124],[121.754977,24.748109],[121.754979,24.748097]]]]}},{"type":"Feature","properties":{"n":"宜興路一段","v":"宜蘭市","w":5.53,"c":4.17,"r":1},"geometry":{"type":"MultiPolygon","coordinates":[[[[121.755104,24.749008],[121.755195,24.749185],[121.755228,24.749265],[121.755235,24.749262],[121.755412,24.749621],[121.755488,24.749761],[121.755484,24.749762],[121.75552,24.749838],[121.755524,24.749835],[121.755649,24.750093],[121.755682,24.750056],[121.755677,24.750032],[121.755406,24.749487],[121.755276,24.749245],[121.755248,24.749228],[121.755139,24.749006],[121.755123,24.749003],[121.755104,24.749008]]]]}},{"type":"Feature","properties":{"n":"宜興路一段","v":"宜蘭市","w":4.71,"c":3.51,"r":2},"geometry":{"type":"MultiPolygon","coordinates":[[[[121.754603,24.748145],[121.754672,24.748137],[121.754736,24.748267],[121.754733,24.748269],[121.754753,24.748306],[121.754764,24.748301],[121.754861,24.748498],[121.754866,24.748496],[121.75489,24.748544],[121.754896,24.748592],[121.755078,24.748955],[121.755109,24.748946],[121.755115,24.748941],[121.755115,24.748925],[121.75474,24.748173],[121.754713,24.748135],[121.75469,24.748123],[121.754654,24.748116],[121.754635,24.748118],[121.754611,24.748129],[121.754603,24.748139],[121.754603,24.748145]]]]}},{"type":"Feature","properties":{"n":"復興路一段","v":"宜蘭市","w":1.67,"c":1.02,"r":2},"geometry":{"type":"MultiPolygon","coordinates":[[[[121.755342,24.750161],[121.755336,24.750175],[121.755579,24.750254],[121.755581,24.750249],[121.755682,24.750282],[121.75572,24.750306],[121.755748,24.750344],[121.755761,24.750341],[121.75576,24.750334],[121.755731,24.7503],[121.755701,24.750278],[121.755342,24.750161]]]]}},{"type":"Feature","properties":{"n":"復興路一段","v":"宜蘭市","w":1.63,"c":0.98,"r":2},"geometry":{"type":"MultiPolygon","coordinates":[[[[121.754773,24.749974],[121.754765,24.749988],[121.755279,24.750157],[121.755287,24.750142],[121.755008,24.750052],[121.754773,24.749974]]]]}},{"type":"Feature","properties":{"n":"復興路一段","v":"宜蘭市","w":1.54,"c":0.81,"r":2},"geometry":{"type":"MultiPolygon","coordinates":[[[[121.754039,24.749741],[121.754013,24.749745],[121.753994,24.749764],[121.754005,24.749772],[121.75404,24.749756],[121.75434,24.749851],[121.754569,24.749929],[121.754574,24.749912],[121.754204,24.749793],[121.754039,24.749741]]]]}},{"type":"Feature","properties":{"n":"復興路一段","v":"宜蘭市","w":1.91,"c":1.17,"r":2},"geometry":{"type":"MultiPolygon","coordinates":[[[[121.754061,24.749578],[121.754059,24.749608],[121.754069,24.749632],[121.754082,24.749645],[121.754642,24.749821],[121.755576,24.750126],[121.75561,24.750129],[121.755649,24.750093],[121.755643,24.750077],[121.755598,24.750114],[121.754684,24.749823],[121.754686,24.749818],[121.75456,24.749776],[121.754471,24.749747],[121.754468,24.749754],[121.75442,24.749738],[121.754422,24.749734],[121.754093,24.749632],[121.754061,24.749578]]]]}},{"type":"Feature","properties":{"n":"復興路一段","v":"宜蘭市","w":1.99,"c":1.2,"r":2},"geometry":{"type":"MultiPolygon","coordinates":[[[[121.75349,24.749437],[121.753499,24.749456],[121.753873,24.749577],[121.753887,24.749576],[121.753908,24.74956],[121.753885,24.749559],[121.75349,24.749437]]]]}},{"type":"Feature","properties":{"n":"復興路一段","v":"宜蘭市","w":2.33,"c":1.3,"r":2},"geometry":{"type":"MultiPolygon","coordinates":[[[[121.753657,24.749617],[121.753643,24.749631],[121.753829,24.749689],[121.75387,24.749716],[121.753865,24.749696],[121.753853,24.749679],[121.753836,24.749665],[121.753797,24.749653],[121.753657,24.749617]]]]}},{"type":"Feature","properties":{"n":"復興路一段","v":"宜蘭市","w":1.69,"c":1.01,"r":2},"geometry":{"type":"MultiPolygon","coordinates":[[[[121.752944,24.749441],[121.752989,24.749421],[121.753481,24.749575],[121.753538,24.749595],[121.753551,24.749649],[121.75357,24.749644],[121.753547,24.749596],[121.753538,24.749592],[121.753545,24.749579],[121.75296,24.749396],[121.752944,24.749441]]]]}},{"type":"Feature","properties":{"n":"復興路一段","v":"宜蘭市","w":2.29,"c":1.61,"r":2},"geometry":{"type":"MultiPolygon","coordinates":[[[[121.753018,24.749252],[121.753005,24.749288],[121.753015,24.749302],[121.753419,24.749434],[121.753434,24.749433],[121.75344,24.749428],[121.753442,24.749419],[121.753438,24.749417],[121.753041,24.749293],[121.753018,24.749252]]]]}},{"type":"Feature","properties":{"n":"復興路一段","v":"宜蘭市","w":1.72,"c":0.93,"r":2},"geometry":{"type":"MultiPolygon","coordinates":[[[[121.752556,24.749141],[121.75256,24.749157],[121.752627,24.749181],[121.75285,24.749252],[121.752874,24.749245],[121.752768,24.74921],[121.752556,24.749141]]]]}},{"type":"Feature","properties":{"n":"復興路一段","v":"宜蘭市","w":2.34,"c":1.52,"r":2},"geometry":{"type":"MultiPolygon","coordinates":[[[[121.752329,24.749209],[121.752848,24.749382],[121.752843,24.749361],[121.752636,24.74929],[121.752334,24.749197],[121.752329,24.749209]]]]}},{"type":"Feature","properties":{"n":"復興路一段","v":"宜蘭市","w":1.71,"c":0.93,"r":2},"geometry":{"type":"MultiPolygon","coordinates":[[[[121.752023,24.748967],[121.752031,24.748988],[121.75205,24.748996],[121.752209,24.749049],[121.752485,24.749134],[121.752502,24.749123],[121.752066,24.748985],[121.752051,24.748973],[121.752023,24.748967]]]]}},{"type":"Feature","properties":{"n":"復興路一段","v":"宜蘭市","w":1.87,"c":1.87,"r":2},"geometry":{"type":"MultiPolygon","coordinates":[[[[121.752,24.749125],[121.752014,24.749108],[121.752182,24.749165],[121.752185,24.749158],[121.752274,24.749191],[121.752278,24.749177],[121.752251,24.749161],[121.752022,24.749092],[121.752006,24.749087],[121.751995,24.749096],[121.751995,24.749103],[121.752,24.749125]]]]}},{"type":"Feature","properties":{"n":"復興路一段","v":"宜蘭市","w":2.04,"c":1.22,"r":2},"geometry":{"type":"MultiPolygon","coordinates":[[[[121.751014,24.748829],[121.751057,24.748811],[121.751852,24.749063],[121.751861,24.749042],[121.751113,24.74881],[121.751041,24.748789],[121.751028,24.748797],[121.751014,24.748829]]]]}},{"type":"Feature","properties":{"n":"復興路一段","v":"宜蘭市","w":2.53,"c":1.58,"r":2},"geometry":{"type":"MultiPolygon","coordinates":[[[[121.751077,24.748671],[121.751069,24.748695],[121.75183,24.748926],[121.751848,24.748877],[121.751808,24.748865],[121.751796,24.748897],[121.751123,24.748686],[121.751077,24.748671]]]]}},{"type":"Feature","properties":{"n":"復興路一段","v":"宜蘭市","w":1.75,"c":1.75,"r":2},"geometry":{"type":"MultiPolygon","coordinates":[[[[121.750708,24.748559],[121.750703,24.748574],[121.750949,24.748648],[121.750954,24.748632],[121.750877,24.74861],[121.750708,24.748559]]]]}},{"type":"Feature","properties":{"n":"復興路一段","v":"宜蘭市","w":1.42,"c":0.64,"r":2},"geometry":{"type":"MultiPolygon","coordinates":[[[[121.750365,24.748452],[121.750359,24.748465],[121.75063,24.748545],[121.750642,24.748542],[121.750646,24.748531],[121.750598,24.748521],[121.750557,24.748508],[121.750555,24.748512],[121.750508,24.748497],[121.750365,24.748452]]]]}},{"type":"Feature","properties":{"n":"復興路一段","v":"宜蘭市","w":1.76,"c":1.76,"r":2},"geometry":{"type":"MultiPolygon","coordinates":[[[[121.749997,24.748318],[121.749993,24.748336],[121.750027,24.748363],[121.750305,24.748448],[121.750311,24.748433],[121.750036,24.748349],[121.749997,24.748318]]]]}},{"type":"Feature","properties":{"n":"復興路一段","v":"宜蘭市","w":1.67,"c":0.86,"r":4},"geometry":{"type":"MultiPolygon","coordinates":[[[[121.750133,24.748502],[121.750119,24.748497],[121.750107,24.74851],[121.750878,24.748754],[121.750902,24.74879],[121.750908,24.74877],[121.750889,24.748741],[121.750871,24.748735],[121.750133,24.748502]]]]}},{"type":"Feature","properties":{"n":"光復路","v":"宜蘭市","w":2.32,"c":1.26,"r":2},"geometry":{"type":"MultiPolygon","coordinates":[[[[121.753446,24.755763],[121.753481,24.755714],[121.75459,24.755477],[121.754648,24.755498],[121.754652,24.755493],[121.754648,24.755479],[121.754578,24.755458],[121.753477,24.755693],[121.753461,24.755701],[121.753443,24.75572],[121.75344,24.755739],[121.753446,24.755763]]]]}},{"type":"Feature","properties":{"n":"光復路","v":"宜蘭市","w":1.15,"c":1.15,"r":3},"geometry":{"type":"MultiPolygon","coordinates":[[[[121.752734,24.755849],[121.75271,24.755879],[121.752717,24.75591],[121.752745,24.75587],[121.75294,24.755829],[121.752937,24.75582],[121.752957,24.755814],[121.753282,24.755742],[121.753347,24.75578],[121.753354,24.755773],[121.753351,24.755755],[121.7533,24.755728],[121.752734,24.755849]]]]}},{"type":"Feature","properties":{"n":"光復路","v":"宜蘭市","w":2.33,"c":2.33,"r":1},"geometry":{"type":"MultiPolygon","coordinates":[[[[121.752357,24.755928],[121.752367,24.755949],[121.752614,24.755896],[121.752659,24.75592],[121.752682,24.755908],[121.752615,24.755873],[121.752585,24.755881],[121.752357,24.755928]]]]}},{"type":"Feature","properties":{"n":"光復路","v":"宜蘭市","w":2.34,"c":2.34,"r":1},"geometry":{"type":"MultiPolygon","coordinates":[[[[121.752573,24.755738],[121.752372,24.75578],[121.752374,24.755786],[121.752327,24.755796],[121.752329,24.755811],[121.752578,24.755759],[121.752573,24.755738]]]]}},{"type":"Feature","properties":{"n":"光復路","v":"宜蘭市","w":2.35,"c":2.35,"r":3},"geometry":{"type":"MultiPolygon","coordinates":[[[[121.753289,24.755556],[121.753262,24.755591],[121.752698,24.755711],[121.752705,24.755731],[121.7533,24.755605],[121.753304,24.755597],[121.753294,24.755555],[121.753289,24.755556]]]]}},{"type":"Feature","properties":{"n":"光復路","v":"宜蘭市","w":2.28,"c":1.22,"r":5},"geometry":{"type":"MultiPolygon","coordinates":[[[[121.754577,24.75529],[121.754542,24.755323],[121.753437,24.755551],[121.753379,24.755521],[121.753397,24.755583],[121.754589,24.755331],[121.754577,24.75529]]]]}},{"type":"Feature","properties":{"n":"光復路","v":"宜蘭市","w":2.2,"c":1.24,"r":2},"geometry":{"type":"MultiPolygon","coordinates":[[[[121.755912,24.755011],[121.75564,24.75507],[121.755643,24.755086],[121.755648,24.755088],[121.755853,24.755045],[121.755917,24.755028],[121.755912,24.755011]]]]}},{"type":"Feature","properties":{"n":"光復路","v":"宜蘭市","w":2.34,"c":1.41,"r":1},"geometry":{"type":"MultiPolygon","coordinates":[[[[121.756562,24.755054],[121.755746,24.755227],[121.755749,24.755248],[121.756568,24.755074],[121.756562,24.755054]]]]}},{"type":"Feature","properties":{"n":"光復路","v":"宜蘭市","w":2.31,"c":1.33,"r":2},"geometry":{"type":"MultiPolygon","coordinates":[[[[121.756505,24.754906],[121.756531,24.754861],[121.756524,24.754837],[121.756496,24.754886],[121.755967,24.754998],[121.755976,24.755019],[121.756505,24.754906]]]]}},{"type":"Feature","properties":{"n":"光復路","v":"宜蘭市","w":2.5,"c":2.5,"r":1},"geometry":{"type":"MultiPolygon","coordinates":[[[[121.757397,24.754647],[121.757371,24.754699],[121.756677,24.754842],[121.756691,24.754865],[121.757387,24.754718],[121.757424,24.754654],[121.757397,24.754647]]]]}},{"type":"Feature","properties":{"n":"光復路","v":"宜蘭市","w":2.26,"c":1.26,"r":2},"geometry":{"type":"MultiPolygon","coordinates":[[[[121.757446,24.754864],[121.756754,24.755011],[121.756713,24.755065],[121.75672,24.755078],[121.756753,24.755033],[121.757452,24.754883],[121.757512,24.754909],[121.757526,24.754904],[121.757506,24.754888],[121.757446,24.754864]]]]}},{"type":"Feature","properties":{"n":"舊城東路","v":"宜蘭市","w":2.06,"c":1.12,"r":2},"geometry":{"type":"MultiPolygon","coordinates":[[[[121.755433,24.755276],[121.755448,24.755293],[121.755494,24.755318],[121.755675,24.755837],[121.755649,24.755888],[121.755659,24.755892],[121.755698,24.755834],[121.755509,24.755305],[121.755456,24.755276],[121.755433,24.755276]]]]}},{"type":"Feature","properties":{"n":"舊城東路","v":"宜蘭市","w":2.04,"c":1.05,"r":2},"geometry":{"type":"MultiPolygon","coordinates":[[[[121.755735,24.755235],[121.755697,24.755294],[121.755876,24.755802],[121.755929,24.755831],[121.755947,24.755816],[121.755895,24.755788],[121.755887,24.755773],[121.755719,24.755295],[121.755746,24.755252],[121.755743,24.755247],[121.755735,24.755235]]]]}},{"type":"Feature","properties":{"n":"舊城東路","v":"宜蘭市","w":2.29,"c":2.29,"r":2},"geometry":{"type":"MultiPolygon","coordinates":[[[[121.755963,24.756606],[121.755975,24.756602],[121.755909,24.75643],[121.755754,24.755986],[121.755684,24.755951],[121.755673,24.755963],[121.755722,24.755988],[121.755732,24.756024],[121.75574,24.756022],[121.755929,24.756551],[121.755943,24.756547],[121.755963,24.756606]]]]}},{"type":"Feature","properties":{"n":"舊城東路","v":"宜蘭市","w":3.44,"c":3.44,"r":2},"geometry":{"type":"MultiPolygon","coordinates":[[[[121.755967,24.756656],[121.756059,24.756917],[121.75603,24.756969],[121.756033,24.756978],[121.756044,24.756974],[121.756087,24.756908],[121.756035,24.756746],[121.755997,24.756649],[121.755967,24.756656]]]]}},{"type":"Feature","properties":{"n":"舊城東路","v":"宜蘭市","w":2.06,"c":1.24,"r":2},"geometry":{"type":"MultiPolygon","coordinates":[[[[121.756303,24.756893],[121.75627,24.756873],[121.755949,24.755952],[121.75598,24.755903],[121.755963,24.755899],[121.755954,24.755903],[121.755926,24.75595],[121.756255,24.756885],[121.756287,24.756905],[121.756303,24.756893]]]]}},{"type":"Feature","properties":{"n":"舊城東路","v":"宜蘭市","w":1.47,"c":0.46,"r":2},"geometry":{"type":"MultiPolygon","coordinates":[[[[121.756075,24.757074],[121.756122,24.757093],[121.756262,24.757509],[121.756302,24.757609],[121.756326,24.7576],[121.756288,24.757503],[121.756279,24.757505],[121.756261,24.75745],[121.756258,24.757452],[121.756136,24.757086],[121.756073,24.757056],[121.756071,24.757061],[121.756075,24.757074]]]]}},{"type":"Feature","properties":{"n":"舊城東路","v":"宜蘭市","w":2.32,"c":1.28,"r":2},"geometry":{"type":"MultiPolygon","coordinates":[[[[121.75663,24.757885],[121.756335,24.757032],[121.756356,24.756991],[121.75633,24.756986],[121.756309,24.757027],[121.756609,24.757891],[121.75663,24.757885]]]]}},{"type":"Feature","properties":{"n":"舊城東路","v":"宜蘭市","w":2.09,"c":1.04,"r":2},"geometry":{"type":"MultiPolygon","coordinates":[[[[121.756646,24.757933],[121.756625,24.757939],[121.756729,24.758232],[121.756745,24.758227],[121.756649,24.757941],[121.756646,24.757933]]]]}},{"type":"Feature","properties":{"n":"舊城東路","v":"宜蘭市","w":1.5,"c":0.51,"r":2},"geometry":{"type":"MultiPolygon","coordinates":[[[[121.756376,24.757765],[121.756358,24.757769],[121.756548,24.758315],[121.756526,24.75835],[121.75651,24.758355],[121.756513,24.758366],[121.756529,24.758363],[121.756561,24.758311],[121.756376,24.757765]]]]}},{"type":"Feature","properties":{"n":"中山路三段","v":"宜蘭市","w":1,"c":1,"r":2},"geometry":{"type":"MultiPolygon","coordinates":[[[[121.753246,24.760608],[121.753248,24.760614],[121.753252,24.760613],[121.753266,24.760649],[121.753262,24.76065],[121.753415,24.761053],[121.753426,24.761049],[121.753259,24.760601],[121.753246,24.760608]]]]}},{"type":"Feature","properties":{"n":"中山路三段","v":"宜蘭市","w":1.41,"c":1.41,"r":2},"geometry":{"type":"MultiPolygon","coordinates":[[[[121.754023,24.762625],[121.754011,24.762629],[121.754324,24.763466],[121.754445,24.763782],[121.754459,24.763777],[121.754224,24.763158],[121.754023,24.762625]]]]}},{"type":"Feature","properties":{"n":"中山路三段","v":"宜蘭市","w":1.39,"c":1.39,"r":2},"geometry":{"type":"MultiPolygon","coordinates":[[[[121.753849,24.762334],[121.753912,24.762497],[121.753957,24.762487],[121.753971,24.762525],[121.753984,24.762521],[121.753927,24.762368],[121.753876,24.762341],[121.753849,24.762334]]]]}},{"type":"Feature","properties":{"n":"中山路三段","v":"宜蘭市","w":1.36,"c":1.36,"r":2},"geometry":{"type":"MultiPolygon","coordinates":[[[[121.753474,24.761207],[121.753774,24.762003],[121.75373,24.762017],[121.753814,24.762241],[121.753836,24.762215],[121.753852,24.76217],[121.753486,24.761206],[121.753474,24.761207]]]]}},{"type":"Feature","properties":{"n":"中山路三段","v":"宜蘭市","w":1.35,"c":1.35,"r":2},"geometry":{"type":"MultiPolygon","coordinates":[[[[121.753658,24.761277],[121.753647,24.761281],[121.753953,24.762097],[121.754081,24.762428],[121.754092,24.762425],[121.753658,24.761278],[121.753658,24.761277]]]]}},{"type":"Feature","properties":{"n":"中山路三段","v":"宜蘭市","w":1.22,"c":1.22,"r":2},"geometry":{"type":"MultiPolygon","coordinates":[[[[121.753385,24.760557],[121.753372,24.76056],[121.75364,24.761266],[121.753654,24.761265],[121.753442,24.760705],[121.753385,24.760557]]]]}},{"type":"Feature","properties":{"n":"中山路三段","v":"宜蘭市","w":2.07,"c":0.86,"r":5},"geometry":{"type":"MultiPolygon","coordinates":[[[[121.753088,24.759011],[121.753048,24.759018],[121.753017,24.759052],[121.753312,24.76039],[121.753372,24.760413],[121.753364,24.76039],[121.753328,24.760377],[121.753323,24.760358],[121.753142,24.759539],[121.753147,24.759538],[121.753139,24.759489],[121.753129,24.759491],[121.753094,24.759301],[121.75309,24.7593],[121.753039,24.759052],[121.753067,24.759021],[121.753089,24.759019],[121.753088,24.759011]]]]}},{"type":"Feature","properties":{"n":"中山路三段","v":"宜蘭市","w":2.4,"c":1.17,"r":2},"geometry":{"type":"MultiPolygon","coordinates":[[[[121.752845,24.759044],[121.752847,24.759052],[121.752896,24.759082],[121.752998,24.759575],[121.753093,24.759991],[121.753115,24.760117],[121.753182,24.760408],[121.753193,24.760406],[121.753199,24.760437],[121.753216,24.760434],[121.752915,24.759074],[121.752843,24.75903],[121.752845,24.759044]]]]}},{"type":"Feature","properties":{"n":"中山路三段","v":"宜蘭市","w":2.2,"c":0.79,"r":2},"geometry":{"type":"MultiPolygon","coordinates":[[[[121.752791,24.757907],[121.752771,24.757907],[121.752981,24.75889],[121.753017,24.758913],[121.753042,24.75891],[121.752998,24.758882],[121.752958,24.758649],[121.752948,24.758651],[121.75294,24.758594],[121.752881,24.75834],[121.752857,24.758198],[121.752853,24.758199],[121.75284,24.75813],[121.752835,24.758131],[121.752819,24.758057],[121.752824,24.758056],[121.752791,24.757907]]]]}},{"type":"Feature","properties":{"n":"中山路三段","v":"宜蘭市","w":2.3,"c":1.2,"r":2},"geometry":{"type":"MultiPolygon","coordinates":[[[[121.752585,24.757889],[121.752628,24.757915],[121.752644,24.757934],[121.752832,24.758816],[121.75284,24.758815],[121.752857,24.758931],[121.752835,24.758933],[121.752825,24.75895],[121.752883,24.758938],[121.752668,24.757936],[121.752658,24.757915],[121.752618,24.757885],[121.752585,24.757889]]]]}},{"type":"Feature","properties":{"n":"中山路三段","v":"宜蘭市","w":1.48,"c":0.56,"r":2},"geometry":{"type":"MultiPolygon","coordinates":[[[[121.752296,24.756669],[121.752297,24.756683],[121.752326,24.756693],[121.75235,24.756713],[121.752394,24.756881],[121.752525,24.757449],[121.752603,24.757741],[121.752566,24.757791],[121.752584,24.757786],[121.752601,24.757775],[121.752611,24.757757],[121.752614,24.757729],[121.752433,24.756981],[121.752365,24.756714],[121.752359,24.756706],[121.752296,24.756669]]]]}},{"type":"Feature","properties":{"n":"中山路三段","v":"宜蘭市","w":1.89,"c":0.87,"r":2},"geometry":{"type":"MultiPolygon","coordinates":[[[[121.752523,24.756631],[121.752501,24.756636],[121.752482,24.756689],[121.752596,24.757196],[121.752673,24.757512],[121.752726,24.75772],[121.7528,24.757758],[121.752797,24.757747],[121.752738,24.757717],[121.752736,24.757704],[121.752742,24.757703],[121.75273,24.757645],[121.752693,24.757513],[121.752647,24.757305],[121.752639,24.757306],[121.75252,24.756778],[121.752495,24.756687],[121.752508,24.756651],[121.752523,24.756631]]]]}},{"type":"Feature","properties":{"n":"中山路三段","v":"宜蘭市","w":1.55,"c":0.46,"r":2},"geometry":{"type":"MultiPolygon","coordinates":[[[[121.752357,24.755928],[121.752339,24.755942],[121.752325,24.755967],[121.752319,24.755993],[121.752321,24.756013],[121.752444,24.75652],[121.752457,24.756515],[121.75233,24.755997],[121.752367,24.755949],[121.752357,24.755928]]]]}},{"type":"Feature","properties":{"n":"中山路三段","v":"宜蘭市","w":1.26,"c":0.31,"r":2},"geometry":{"type":"MultiPolygon","coordinates":[[[[121.752004,24.755273],[121.752313,24.756551],[121.752325,24.756547],[121.752016,24.75527],[121.752004,24.755273]]]]}},{"type":"Feature","properties":{"n":"中山路三段","v":"宜蘭市","w":1.4,"c":0.43,"r":2},"geometry":{"type":"MultiPolygon","coordinates":[[[[121.752132,24.755226],[121.752262,24.755768],[121.752271,24.755781],[121.752311,24.755808],[121.752329,24.755811],[121.752327,24.755796],[121.752292,24.755783],[121.752269,24.755761],[121.75226,24.755726],[121.752265,24.755724],[121.752255,24.755678],[121.75214,24.755213],[121.752132,24.755226]]]]}},{"type":"Feature","properties":{"n":"中山路三段","v":"宜蘭市","w":3.51,"c":2.2,"r":1},"geometry":{"type":"MultiPolygon","coordinates":[[[[121.751737,24.754754],[121.751736,24.754758],[121.75181,24.754873],[121.75184,24.754904],[121.751951,24.755092],[121.751949,24.755124],[121.751935,24.755131],[121.751949,24.755153],[121.751968,24.75512],[121.751913,24.754912],[121.751737,24.754754]]]]}},{"type":"Feature","properties":{"n":"中山路三段","v":"宜蘭市","w":1.29,"c":1.29,"r":2},"geometry":{"type":"MultiPolygon","coordinates":[[[[121.75218,24.754581],[121.75216,24.754599],[121.75205,24.754889],[121.752093,24.755066],[121.752103,24.755079],[121.752162,24.755107],[121.752182,24.755102],[121.752186,24.755061],[121.752104,24.755068],[121.752092,24.755025],[121.752078,24.754938],[121.752059,24.754887],[121.752174,24.7546],[121.75218,24.754581]]]]}},{"type":"Feature","properties":{"n":"中山路三段","v":"宜蘭市","w":1.34,"c":1.34,"r":2},"geometry":{"type":"MultiPolygon","coordinates":[[[[121.754585,24.763728],[121.754581,24.763708],[121.754574,24.76371],[121.754404,24.763245],[121.754267,24.762893],[121.75417,24.762629],[121.754158,24.762635],[121.754574,24.763732],[121.754585,24.763728]]]]}},{"type":"Feature","properties":{"n":"泰山路","v":"宜蘭市","w":3.89,"c":3.89,"r":3},"geometry":{"type":"MultiPolygon","coordinates":[[[[121.742609,24.753524],[121.74248,24.753404],[121.742467,24.753379],[121.742217,24.753205],[121.742197,24.753161],[121.74221,24.75307],[121.742237,24.75304],[121.742171,24.753059],[121.742144,24.753185],[121.742198,24.753211],[121.742201,24.753218],[121.742478,24.753445],[121.742571,24.753531],[121.742587,24.753531],[121.742609,24.753524]]]]}},{"type":"Feature","properties":{"n":"泰山路","v":"宜蘭市","w":2.26,"c":2.26,"r":2},"geometry":{"type":"MultiPolygon","coordinates":[[[[121.743036,24.753869],[121.74304,24.753863],[121.743134,24.753905],[121.743136,24.7539],[121.743257,24.753951],[121.743256,24.753958],[121.743341,24.753984],[121.743347,24.753966],[121.74326,24.75394],[121.743239,24.753927],[121.743139,24.753889],[121.743137,24.753892],[121.742974,24.753812],[121.742858,24.753745],[121.742748,24.753666],[121.742664,24.753554],[121.742644,24.75354],[121.742596,24.753551],[121.742598,24.753557],[121.742685,24.753639],[121.742787,24.753719],[121.742954,24.753826],[121.743009,24.753856],[121.743036,24.753869]]]]}},{"type":"Feature","properties":{"n":"泰山路","v":"宜蘭市","w":2.85,"c":2.07,"r":5},"geometry":{"type":"MultiPolygon","coordinates":[[[[121.743629,24.754051],[121.743512,24.754032],[121.743514,24.754016],[121.743386,24.753977],[121.743379,24.754001],[121.743461,24.754027],[121.743464,24.754032],[121.743508,24.754048],[121.743664,24.754079],[121.743965,24.754111],[121.743964,24.754115],[121.744035,24.754124],[121.744117,24.754125],[121.744119,24.754111],[121.744038,24.754109],[121.743967,24.754099],[121.743894,24.754084],[121.743707,24.754068],[121.743707,24.754065],[121.743629,24.754051]]]]}},{"type":"Feature","properties":{"n":"泰山路","v":"宜蘭市","w":2.11,"c":1.25,"r":4},"geometry":{"type":"MultiPolygon","coordinates":[[[[121.744158,24.754112],[121.744164,24.754129],[121.744833,24.754166],[121.744849,24.754147],[121.744651,24.754133],[121.744248,24.754116],[121.744158,24.754112]]]]}},{"type":"Feature","properties":{"n":"泰山路","v":"宜蘭市","w":2.14,"c":0.77,"r":3},"geometry":{"type":"MultiPolygon","coordinates":[[[[121.746727,24.754245],[121.745145,24.754163],[121.745022,24.754158],[121.745022,24.754164],[121.745038,24.754174],[121.746716,24.754263],[121.746728,24.754255],[121.746727,24.754246],[121.746727,24.754245]]]]}},{"type":"Feature","properties":{"n":"泰山路","v":"宜蘭市","w":2.07,"c":2.07,"r":3},"geometry":{"type":"MultiPolygon","coordinates":[[[[121.747488,24.754332],[121.747489,24.754312],[121.747474,24.754282],[121.747473,24.754314],[121.747268,24.754273],[121.74689,24.754252],[121.746888,24.754261],[121.746895,24.754271],[121.747275,24.754293],[121.747452,24.754329],[121.747461,24.754324],[121.747488,24.754332]]]]}},{"type":"Feature","properties":{"n":"泰山路","v":"宜蘭市","w":2,"c":1.16,"r":2},"geometry":{"type":"MultiPolygon","coordinates":[[[[121.748055,24.754569],[121.747926,24.754491],[121.747759,24.754408],[121.747712,24.754388],[121.74758,24.754345],[121.747547,24.754324],[121.747535,24.754333],[121.747541,24.754345],[121.747583,24.754366],[121.747755,24.754425],[121.747905,24.754502],[121.748031,24.754581],[121.748045,24.754578],[121.748055,24.754569]]]]}},{"type":"Feature","properties":{"n":"泰山路","v":"宜蘭市","w":1.8,"c":1.8,"r":1},"geometry":{"type":"MultiPolygon","coordinates":[[[[121.745513,24.754361],[121.745514,24.754344],[121.744749,24.754304],[121.744737,24.75431],[121.744733,24.754319],[121.745481,24.754359],[121.745513,24.754361]]]]}},{"type":"Feature","properties":{"n":"泰山路","v":"宜蘭市","w":2.01,"c":2.01,"r":3},"geometry":{"type":"MultiPolygon","coordinates":[[[[121.743355,24.754157],[121.743339,24.754173],[121.743466,24.754208],[121.7437,24.754242],[121.744161,24.75429],[121.744524,24.754311],[121.744526,24.754292],[121.744159,24.754272],[121.743841,24.754239],[121.743492,24.754193],[121.743363,24.754159],[121.743355,24.754157]]]]}},{"type":"Feature","properties":{"n":"神農路一段","v":"宜蘭市","w":3.14,"c":1.01,"r":2},"geometry":{"type":"MultiPolygon","coordinates":[[[[121.749047,24.746466],[121.749153,24.746683],[121.749227,24.746825],[121.749216,24.746838],[121.749236,24.746863],[121.749257,24.74683],[121.749212,24.746734],[121.749043,24.746389],[121.749017,24.746373],[121.749002,24.746375],[121.749047,24.746466]]]]}},{"type":"Feature","properties":{"n":"神農路一段","v":"宜蘭市","w":6.13,"c":3.15,"r":3},"geometry":{"type":"MultiPolygon","coordinates":[[[[121.748549,24.745379],[121.748354,24.744978],[121.748327,24.744933],[121.74829,24.744894],[121.748238,24.744899],[121.74825,24.744905],[121.748469,24.745353],[121.748537,24.745504],[121.748558,24.745534],[121.748711,24.745846],[121.748713,24.745888],[121.748804,24.746015],[121.748858,24.746063],[121.748904,24.746164],[121.748909,24.746193],[121.748905,24.746206],[121.748924,24.746185],[121.74893,24.746156],[121.74861,24.745504],[121.748549,24.745379]]]]}},{"type":"Feature","properties":{"n":"女中路三段","v":"宜蘭市","w":6.59,"c":2.44,"r":5},"geometry":{"type":"MultiPolygon","coordinates":[[[[121.742536,24.745569],[121.742543,24.745595],[121.742571,24.745622],[121.743825,24.745273],[121.743814,24.745249],[121.743804,24.745241],[121.743789,24.745233],[121.743756,24.745228],[121.742725,24.745518],[121.742536,24.745569]]]]}},{"type":"Feature","properties":{"n":"女中路三段","v":"宜蘭市","w":7.92,"c":6.59,"r":4},"geometry":{"type":"MultiPolygon","coordinates":[[[[121.74389,24.745256],[121.744261,24.745151],[121.74435,24.745118],[121.744549,24.745066],[121.744875,24.74505],[121.744875,24.745055],[121.746492,24.744975],[121.746692,24.744984],[121.746786,24.744972],[121.747352,24.744942],[121.747351,24.744925],[121.747578,24.744914],[121.747579,24.744932],[121.74829,24.744894],[121.748202,24.744827],[121.748189,24.744822],[121.747154,24.744873],[121.74676,24.74488],[121.746226,24.744918],[121.744554,24.745007],[121.743917,24.745182],[121.743898,24.745199],[121.743888,24.745216],[121.743887,24.745239],[121.74389,24.745256]]]]}},{"type":"Feature","properties":{"n":"舊城南路","v":"宜蘭市","w":3.79,"c":3.79,"r":3},"geometry":{"type":"MultiPolygon","coordinates":[[[[121.750197,24.75558],[121.750536,24.755354],[121.750548,24.755337],[121.750631,24.755284],[121.750686,24.755239],[121.750786,24.755172],[121.750945,24.755103],[121.750888,24.755094],[121.750774,24.755153],[121.750323,24.755451],[121.750197,24.75558]]]]}},{"type":"Feature","properties":{"n":"舊城南路","v":"宜蘭市","w":3.54,"c":2.24,"r":2},"geometry":{"type":"MultiPolygon","coordinates":[[[[121.75122,24.754929],[121.751031,24.755014],[121.751014,24.755068],[121.751052,24.755063],[121.751061,24.755036],[121.751311,24.754924],[121.751296,24.754895],[121.75122,24.754929]]]]}},{"type":"Feature","properties":{"n":"舊城南路","v":"宜蘭市","w":2.17,"c":2.17,"r":3},"geometry":{"type":"MultiPolygon","coordinates":[[[[121.749437,24.755706],[121.749463,24.755727],[121.750024,24.755375],[121.750018,24.755368],[121.75016,24.755279],[121.750176,24.755222],[121.749945,24.755373],[121.74991,24.755365],[121.74987,24.755395],[121.749856,24.755457],[121.749464,24.755703],[121.749437,24.755706]]]]}},{"type":"Feature","properties":{"n":"民權路二段","v":"宜蘭市","w":4.96,"c":3.3,"r":8},"geometry":{"type":"MultiPolygon","coordinates":[[[[121.749765,24.753811],[121.749777,24.753766],[121.749981,24.753676],[121.75029,24.753553],[121.75118,24.753245],[121.751385,24.753193],[121.751429,24.753214],[121.751394,24.753145],[121.751161,24.753204],[121.750136,24.753557],[121.749761,24.753724],[121.749746,24.753744],[121.749744,24.753761],[121.749765,24.753811]]]]}},{"type":"Feature","properties":{"n":"民權路二段","v":"宜蘭市","w":4.96,"c":2.94,"r":1},"geometry":{"type":"MultiPolygon","coordinates":[[[[121.74825,24.754666],[121.749042,24.754091],[121.749643,24.753826],[121.749691,24.753838],[121.749657,24.753795],[121.749635,24.753787],[121.749612,24.75379],[121.749014,24.754054],[121.748208,24.75464],[121.74825,24.754666]]]]}},{"type":"Feature","properties":{"n":"崇聖街","v":"宜蘭市","w":5.86,"c":3.39,"r":2},"geometry":{"type":"MultiPolygon","coordinates":[[[[121.750418,24.755118],[121.75043,24.755086],[121.750429,24.755061],[121.750256,24.754776],[121.750208,24.754801],[121.750382,24.755096],[121.750401,24.755087],[121.750418,24.755118]]]]}},{"type":"Feature","properties":{"n":"泰山路","v":"宜蘭市","w":2.09,"c":2.09,"r":2},"geometry":{"type":"MultiPolygon","coordinates":[[[[121.748975,24.755346],[121.748962,24.755321],[121.748937,24.755324],[121.748907,24.755311],[121.748249,24.754709],[121.74825,24.754666],[121.748208,24.75464],[121.748199,24.754671],[121.748208,24.754695],[121.748309,24.754789],[121.748924,24.755353],[121.748948,24.755356],[121.74897,24.755349],[121.748975,24.755346]]]]}},{"type":"Feature","properties":{"n":"泰山路","v":"宜蘭市","w":4.34,"c":2.43,"r":2},"geometry":{"type":"MultiPolygon","coordinates":[[[[121.749167,24.755314],[121.749135,24.755338],[121.749156,24.755368],[121.749182,24.755372],[121.749383,24.755701],[121.749394,24.755713],[121.749421,24.755727],[121.749463,24.755727],[121.749437,24.755706],[121.749191,24.755307],[121.749167,24.755314]]]]}},{"type":"Feature","properties":{"n":"舊城南路","v":"宜蘭市","w":3.49,"c":2.18,"r":2},"geometry":{"type":"MultiPolygon","coordinates":[[[[121.751444,24.754829],[121.751459,24.754858],[121.751557,24.754815],[121.751639,24.754791],[121.751737,24.754754],[121.751715,24.754734],[121.751529,24.754792],[121.751478,24.754814],[121.751444,24.754829]]]]}},{"type":"Feature","properties":{"n":"神農路二段","v":"宜蘭市","w":4.98,"c":3.33,"r":7},"geometry":{"type":"MultiPolygon","coordinates":[[[[121.751429,24.753214],[121.751816,24.754363],[121.751843,24.754465],[121.751854,24.754462],[121.751881,24.754418],[121.75188,24.7544],[121.75147,24.753183],[121.751437,24.753159],[121.751394,24.753145],[121.751429,24.753214]]]]}},{"type":"Feature","properties":{"n":"舊城南路","v":"宜蘭市","w":1.98,"c":0.75,"r":2},"geometry":{"type":"MultiPolygon","coordinates":[[[[121.754677,24.754887],[121.754666,24.754895],[121.754884,24.755032],[121.754895,24.755017],[121.754692,24.75489],[121.754677,24.754887]]]]}},{"type":"Feature","properties":{"n":"舊城南路","v":"宜蘭市","w":2.1,"c":1.39,"r":2},"geometry":{"type":"MultiPolygon","coordinates":[[[[121.753907,24.754545],[121.754007,24.754558],[121.754038,24.754569],[121.754314,24.754685],[121.75439,24.754728],[121.754381,24.754706],[121.754369,24.754696],[121.754213,24.754622],[121.754025,24.754542],[121.753935,24.754529],[121.75391,24.754537],[121.753907,24.754545]]]]}},{"type":"Feature","properties":{"n":"舊城南路","v":"宜蘭市","w":2.14,"c":1.25,"r":2},"geometry":{"type":"MultiPolygon","coordinates":[[[[121.753143,24.754442],[121.753867,24.754538],[121.753862,24.754525],[121.753852,24.754518],[121.753146,24.754423],[121.753143,24.754442]]]]}},{"type":"Feature","properties":{"n":"舊城南路","v":"宜蘭市","w":1.74,"c":1.14,"r":2},"geometry":{"type":"MultiPolygon","coordinates":[[[[121.752563,24.754476],[121.752566,24.754494],[121.752965,24.754435],[121.752966,24.75444],[121.75301,24.75447],[121.753013,24.754458],[121.753009,24.754445],[121.752972,24.754419],[121.752563,24.754476]]]]}},{"type":"Feature","properties":{"n":"舊城南路","v":"宜蘭市","w":2,"c":2,"r":1},"geometry":{"type":"MultiPolygon","coordinates":[[[[121.752447,24.754541],[121.752438,24.754523],[121.752401,24.754508],[121.752201,24.75457],[121.75218,24.754581],[121.752174,24.7546],[121.752406,24.754525],[121.752443,24.754543],[121.752447,24.754541]]]]}},{"type":"Feature","properties":{"n":"舊城南路","v":"宜蘭市","w":2.32,"c":0.93,"r":3},"geometry":{"type":"MultiPolygon","coordinates":[[[[121.755098,24.754886],[121.755092,24.754901],[121.755094,24.75491],[121.755181,24.754962],[121.755216,24.754979],[121.755553,24.755054],[121.755558,24.755036],[121.755221,24.754961],[121.755151,24.754916],[121.755146,24.754919],[121.755119,24.754899],[121.755098,24.754886]]]]}},{"type":"Feature","properties":{"n":"舊城南路","v":"宜蘭市","w":2.58,"c":2.58,"r":2},"geometry":{"type":"MultiPolygon","coordinates":[[[[121.754937,24.754786],[121.754916,24.7548],[121.75502,24.754868],[121.755038,24.754867],[121.75505,24.754856],[121.754937,24.754786]]]]}},{"type":"Feature","properties":{"n":"舊城南路","v":"宜蘭市","w":6.09,"c":4.03,"r":3},"geometry":{"type":"MultiPolygon","coordinates":[[[[121.75443,24.754498],[121.754568,24.754578],[121.754875,24.754773],[121.754931,24.754743],[121.754546,24.754502],[121.754514,24.754511],[121.754399,24.754459],[121.754413,24.754482],[121.75443,24.754498]]]]}},{"type":"Feature","properties":{"n":"舊城南路","v":"宜蘭市","w":9.18,"c":4.48,"r":2},"geometry":{"type":"MultiPolygon","coordinates":[[[[121.753319,24.754205],[121.753318,24.754218],[121.753327,24.754239],[121.753347,24.754256],[121.75337,24.754265],[121.754075,24.754357],[121.754203,24.754398],[121.754226,24.754395],[121.754253,24.754372],[121.75425,24.754332],[121.754073,24.754281],[121.753457,24.754189],[121.753317,24.754179],[121.753319,24.754205]]]]}},{"type":"Feature","properties":{"n":"舊城南路","v":"宜蘭市","w":4.42,"c":3.55,"r":3},"geometry":{"type":"MultiPolygon","coordinates":[[[[121.752845,24.754244],[121.753022,24.754221],[121.753153,24.754236],[121.753184,24.754224],[121.753196,24.754211],[121.753206,24.754189],[121.752946,24.754186],[121.75284,24.754198],[121.752845,24.754244]]]]}},{"type":"Feature","properties":{"n":"舊城南路","v":"宜蘭市","w":3.49,"c":1.95,"r":3},"geometry":{"type":"MultiPolygon","coordinates":[[[[121.75277,24.754255],[121.752765,24.754222],[121.752407,24.754285],[121.752288,24.754251],[121.75228,24.754282],[121.752283,24.754299],[121.752294,24.754314],[121.752315,24.754328],[121.752332,24.75433],[121.752668,24.75427],[121.75277,24.754255]]]]}},{"type":"Feature","properties":{"n":"崇聖街","v":"宜蘭市","w":4.01,"c":2.65,"r":0},"geometry":{"type":"MultiPolygon","coordinates":[[[[121.754146,24.754128],[121.754196,24.754155],[121.753739,24.752735],[121.753705,24.752757],[121.754043,24.753808],[121.754053,24.753805],[121.754061,24.753829],[121.754051,24.753832],[121.754146,24.754128]]]]}},{"type":"Feature","properties":{"n":"崇聖街","v":"宜蘭市","w":2.71,"c":0.37,"r":6},"geometry":{"type":"MultiPolygon","coordinates":[[[[121.75442,24.754467],[121.754193,24.753775],[121.754192,24.753708],[121.754093,24.753403],[121.754031,24.753235],[121.753883,24.75278],[121.753881,24.752742],[121.753844,24.752733],[121.754008,24.753244],[121.754097,24.753494],[121.754173,24.753785],[121.754387,24.754437],[121.754399,24.754459],[121.75442,24.754467]]]]}},{"type":"Feature","properties":{"n":"民權路一段","v":"宜蘭市","w":3.84,"c":3.84,"r":1},"geometry":{"type":"MultiPolygon","coordinates":[[[[121.753647,24.752592],[121.753597,24.752602],[121.753593,24.752609],[121.7536,24.752637],[121.753655,24.752627],[121.753647,24.752592]]]]}},{"type":"Feature","properties":{"n":"民權路一段","v":"宜蘭市","w":3.79,"c":3.79,"r":1},"geometry":{"type":"MultiPolygon","coordinates":[[[[121.753001,24.75275],[121.753541,24.752648],[121.753534,24.752619],[121.753527,24.752615],[121.753218,24.752675],[121.75321,24.752698],[121.753165,24.752684],[121.753055,24.752704],[121.75302,24.752668],[121.753047,24.752589],[121.75292,24.752618],[121.752907,24.752654],[121.752999,24.752749],[121.753001,24.75275]]]]}},{"type":"Feature","properties":{"n":"民權路一段","v":"宜蘭市","w":4.03,"c":2.9,"r":2},"geometry":{"type":"MultiPolygon","coordinates":[[[[121.753739,24.752735],[121.753701,24.752713],[121.753137,24.752819],[121.753146,24.752855],[121.753694,24.752751],[121.753705,24.752757],[121.753739,24.752735]]]]}},{"type":"Feature","properties":{"n":"民權路一段","v":"宜蘭市","w":3.6,"c":2.68,"r":4},"geometry":{"type":"MultiPolygon","coordinates":[[[[121.754781,24.752543],[121.754776,24.752523],[121.754758,24.752515],[121.753861,24.752681],[121.753844,24.752733],[121.753881,24.752742],[121.753889,24.75271],[121.754708,24.752556],[121.754781,24.752543]]]]}},{"type":"Feature","properties":{"n":"民權路一段","v":"宜蘭市","w":3.52,"c":2.41,"r":3},"geometry":{"type":"MultiPolygon","coordinates":[[[[121.755534,24.752425],[121.755546,24.752388],[121.755521,24.752372],[121.754847,24.752498],[121.754844,24.752512],[121.754848,24.752531],[121.754977,24.752508],[121.754983,24.752526],[121.755286,24.75244],[121.75529,24.752453],[121.755302,24.752446],[121.75551,24.752407],[121.75553,24.752416],[121.755534,24.752425]]]]}},{"type":"Feature","properties":{"n":"和睦路","v":"宜蘭市","w":4.86,"c":3.67,"r":2},"geometry":{"type":"MultiPolygon","coordinates":[[[[121.756567,24.754572],[121.756525,24.75459],[121.756567,24.754707],[121.756614,24.754688],[121.756567,24.754572]]]]}},{"type":"Feature","properties":{"n":"和睦路","v":"宜蘭市","w":5.5,"c":4.86,"r":2},"geometry":{"type":"MultiPolygon","coordinates":[[[[121.756624,24.754713],[121.756573,24.754725],[121.756614,24.754831],[121.756672,24.754869],[121.756691,24.754865],[121.756677,24.754842],[121.756624,24.754713]]]]}},{"type":"Feature","properties":{"n":"和睦路","v":"宜蘭市","w":3.4,"c":2.31,"r":2},"geometry":{"type":"MultiPolygon","coordinates":[[[[121.756368,24.754169],[121.756447,24.754368],[121.756501,24.754521],[121.756539,24.754504],[121.756402,24.754158],[121.756368,24.754169]]]]}},{"type":"Feature","properties":{"n":"和睦路","v":"宜蘭市","w":4.96,"c":4.13,"r":2},"geometry":{"type":"MultiPolygon","coordinates":[[[[121.755915,24.753006],[121.756027,24.753319],[121.756096,24.753485],[121.756176,24.753697],[121.756341,24.754096],[121.756383,24.754085],[121.756333,24.75396],[121.756299,24.753904],[121.756269,24.753834],[121.756288,24.753827],[121.756202,24.753613],[121.756189,24.753595],[121.756147,24.753498],[121.756105,24.753434],[121.756087,24.753388],[121.756075,24.753334],[121.756075,24.753304],[121.755961,24.75299],[121.755915,24.753006]]]]}},{"type":"Feature","properties":{"n":"和睦路","v":"宜蘭市","w":3.77,"c":3.77,"r":3},"geometry":{"type":"MultiPolygon","coordinates":[[[[121.756289,24.754337],[121.756377,24.754561],[121.75641,24.754552],[121.756323,24.754327],[121.756289,24.754337]]]]}},{"type":"Feature","properties":{"n":"和睦路","v":"宜蘭市","w":3.5,"c":2.66,"r":2},"geometry":{"type":"MultiPolygon","coordinates":[[[[121.755641,24.7527],[121.755665,24.752663],[121.755594,24.752484],[121.755554,24.752476],[121.755641,24.7527]]]]}},{"type":"Feature","properties":{"n":"和睦路","v":"宜蘭市","w":3.7,"c":1.94,"r":2},"geometry":{"type":"MultiPolygon","coordinates":[[[[121.756051,24.753732],[121.756072,24.753691],[121.755701,24.752751],[121.755661,24.752751],[121.756051,24.753732]]]]}},{"type":"Feature","properties":{"n":"和睦路","v":"宜蘭市","w":3.65,"c":1.76,"r":2},"geometry":{"type":"MultiPolygon","coordinates":[[[[121.756293,24.754248],[121.756165,24.753927],[121.756123,24.753915],[121.756262,24.754268],[121.756293,24.754248]]]]}},{"type":"Feature","properties":{"n":"泰山路","v":"宜蘭市","w":1.97,"c":1.97,"r":5},"geometry":{"type":"MultiPolygon","coordinates":[[[[121.743141,24.754223],[121.743177,24.75413],[121.74316,24.754083],[121.74291,24.753967],[121.742764,24.753888],[121.742645,24.753797],[121.742206,24.753423],[121.741975,24.753288],[121.741957,24.753282],[121.741923,24.753284],[121.742072,24.753362],[121.742102,24.753385],[121.742204,24.753444],[121.742283,24.753512],[121.742338,24.753549],[121.742557,24.753734],[121.742547,24.753745],[121.74276,24.753908],[121.743136,24.75409],[121.743141,24.75411],[121.743095,24.7542],[121.7431,24.754207],[121.743141,24.754223]]]]}},{"type":"Feature","properties":{"n":"泰山路100巷","v":"宜蘭市","w":3.75,"c":2.03,"r":2},"geometry":{"type":"MultiPolygon","coordinates":[[[[121.741202,24.754437],[121.741235,24.754448],[121.741562,24.7539],[121.741694,24.753694],[121.741646,24.753688],[121.741217,24.75441],[121.741202,24.754437]]]]}},{"type":"Feature","properties":{"n":"泰山路","v":"宜蘭市","w":3.82,"c":2.03,"r":2},"geometry":{"type":"MultiPolygon","coordinates":[[[[121.745631,24.754385],[121.746053,24.754408],[121.74604,24.754386],[121.746014,24.754371],[121.745526,24.754345],[121.745525,24.754379],[121.745578,24.754382],[121.745631,24.754385]]]]}},{"type":"Feature","properties":{"n":"泰山路","v":"宜蘭市","w":4.92,"c":2.2,"r":2},"geometry":{"type":"MultiPolygon","coordinates":[[[[121.747005,24.754423],[121.746151,24.754379],[121.746122,24.754422],[121.747001,24.754467],[121.747005,24.754423]]]]}},{"type":"Feature","properties":{"n":"泰山路","v":"宜蘭市","w":2.01,"c":0.76,"r":1},"geometry":{"type":"MultiPolygon","coordinates":[[[[121.747944,24.7547],[121.747739,24.754585],[121.747458,24.754476],[121.747213,24.754432],[121.747164,24.754429],[121.747162,24.754446],[121.747211,24.754449],[121.747453,24.754493],[121.747731,24.754603],[121.74795,24.754724],[121.747951,24.754712],[121.747944,24.754701],[121.747944,24.7547]]]]}},{"type":"Feature","properties":{"n":"民權路二段","v":"宜蘭市","w":3.97,"c":0.86,"r":3},"geometry":{"type":"MultiPolygon","coordinates":[[[[121.74721,24.756527],[121.747643,24.756338],[121.747626,24.756308],[121.74757,24.75632],[121.747246,24.756479],[121.74721,24.756524],[121.74721,24.756527]]]]}},{"type":"Feature","properties":{"n":"民權綠廊","v":"宜蘭市","w":1.7,"c":0.2,"r":0},"geometry":{"type":"MultiPolygon","coordinates":[[[[121.747058,24.758077],[121.747112,24.75808],[121.747134,24.757775],[121.747107,24.757773],[121.747122,24.757587],[121.747226,24.756528],[121.747232,24.756518],[121.74721,24.756527],[121.7472,24.756621],[121.747204,24.756621],[121.747196,24.756696],[121.747193,24.756696],[121.747142,24.757215],[121.747148,24.757215],[121.747142,24.757285],[121.747135,24.757285],[121.74712,24.757442],[121.747125,24.757443],[121.747118,24.757515],[121.747113,24.757514],[121.747084,24.757808],[121.747092,24.757808],[121.747087,24.757857],[121.747079,24.757856],[121.747065,24.758],[121.747072,24.758],[121.747071,24.758018],[121.747064,24.758017],[121.747058,24.758077]]]]}},{"type":"Feature","properties":{"n":"三清路","v":"宜蘭市","w":3.49,"c":0.87,"r":5},"geometry":{"type":"MultiPolygon","coordinates":[[[[121.746062,24.755576],[121.746061,24.755609],[121.74749,24.756168],[121.747526,24.756151],[121.747492,24.756134],[121.746146,24.755608],[121.746062,24.755576]]]]}},{"type":"Feature","properties":{"n":"民權路二段","v":"宜蘭市","w":3.75,"c":2.58,"r":2},"geometry":{"type":"MultiPolygon","coordinates":[[[[121.747754,24.755334],[121.747791,24.755338],[121.747982,24.754753],[121.747983,24.754729],[121.747973,24.754716],[121.747961,24.754708],[121.747942,24.754765],[121.747754,24.755334]]]]}},{"type":"Feature","properties":{"n":"民權路二段","v":"宜蘭市","w":3.81,"c":2.75,"r":1},"geometry":{"type":"MultiPolygon","coordinates":[[[[121.747492,24.756134],[121.747526,24.756151],[121.74776,24.755436],[121.747726,24.755417],[121.747577,24.755873],[121.747492,24.756134]]]]}},{"type":"Feature","properties":{"n":"文昌路","v":"宜蘭市","w":5.13,"c":1.33,"r":2},"geometry":{"type":"MultiPolygon","coordinates":[[[[121.747055,24.758101],[121.747091,24.758133],[121.747784,24.758168],[121.747786,24.758127],[121.747436,24.758104],[121.747435,24.758115],[121.747395,24.758115],[121.7473,24.758109],[121.747301,24.758095],[121.747058,24.758077],[121.747055,24.758101]]]]}},{"type":"Feature","properties":{"n":"陽明路","v":"羅東鎮","w":1.5,"c":1.5,"r":null},"geometry":{"type":"MultiPolygon","coordinates":[[[[121.776437,24.679217],[121.776437,24.679206],[121.776542,24.679193],[121.776535,24.678058],[121.776417,24.678047],[121.776437,24.679217]]]]}},{"type":"Feature","properties":{"n":"東宜三路","v":"羅東鎮","w":1.5,"c":1.5,"r":2},"geometry":{"type":"MultiPolygon","coordinates":[[[[121.776489,24.679232],[121.776489,24.679226],[121.777835,24.679225],[121.777835,24.679142],[121.776482,24.679137],[121.776489,24.679232]]]]}},{"type":"Feature","properties":{"n":"梅林路","v":"冬山鄉","w":1.5,"c":1.5,"r":10},"geometry":{"type":"MultiPolygon","coordinates":[[[[121.726681,24.651601],[121.726671,24.651595],[121.726671,24.651617],[121.726731,24.651623],[121.727518,24.651154],[121.729284,24.651112],[121.729632,24.651153],[121.73212,24.651069],[121.736198,24.650796],[121.736206,24.650775],[121.732114,24.651049],[121.729603,24.651133],[121.729284,24.651094],[121.727502,24.651136],[121.726723,24.651608],[121.726681,24.651601]]]]}},{"type":"Feature","properties":{"n":"蘇港路","v":"蘇澳鎮","w":2.5,"c":2.5,"r":2},"geometry":{"type":"MultiPolygon","coordinates":[[[[121.8353,24.59687],[121.835583,24.59651],[121.83594,24.596362],[121.836986,24.596158],[121.836986,24.596113],[121.83691,24.596135],[121.835932,24.596329],[121.835575,24.596482],[121.835285,24.596853],[121.8353,24.59687]]]]}},{"type":"Feature","properties":{"n":"育才路","v":"蘇澳鎮","w":3.5,"c":3.5,"r":4},"geometry":{"type":"MultiPolygon","coordinates":[[[[121.837004,24.596106],[121.837008,24.596001],[121.836207,24.594526],[121.836191,24.594538],[121.836974,24.595996],[121.83693,24.596008],[121.836954,24.596125],[121.837004,24.596108],[121.837004,24.596106]]]]}},{"type":"Feature","properties":{"n":"志成路","v":"蘇澳鎮","w":4.2,"c":2.1,"r":6},"geometry":{"type":"MultiPolygon","coordinates":[[[[121.836178,24.594536],[121.83492,24.595071],[121.834462,24.595346],[121.833245,24.595804],[121.833144,24.595977],[121.833109,24.596156],[121.83312,24.596333],[121.833916,24.598079],[121.833931,24.59807],[121.833144,24.596321],[121.83313,24.596158],[121.833168,24.595986],[121.833256,24.595823],[121.834473,24.595367],[121.834933,24.59509],[121.836189,24.594565],[121.836173,24.594543],[121.836178,24.594536]]]]}},{"type":"Feature","properties":{"n":"慈愛路","v":"冬山鄉","w":4,"c":2.5,"r":24},"geometry":{"type":"MultiPolygon","coordinates":[[[[121.795979,24.636744],[121.796,24.63676],[121.805051,24.628717],[121.805045,24.628684],[121.795979,24.636744]]]]}},{"type":"Feature","properties":{"n":"蘇花公路","v":"南澳鄉","w":2.5,"c":2.5,"r":null},"geometry":{"type":"MultiPolygon","coordinates":[[[[121.805941,24.467141],[121.80592,24.467113],[121.804717,24.466314],[121.804588,24.466207],[121.804143,24.46604],[121.804057,24.465986],[121.803477,24.465545],[121.802114,24.465064],[121.800648,24.46463],[121.800603,24.464604],[121.79979,24.464374],[121.798571,24.464013],[121.797991,24.463873],[121.797547,24.463744],[121.794605,24.462851],[121.793308,24.462464],[121.790555,24.461705],[121.790548,24.461714],[121.792503,24.462253],[121.794694,24.462889],[121.7959,24.46326],[121.797395,24.463706],[121.797983,24.463878],[121.798744,24.464069],[121.799785,24.464382],[121.80059,24.464609],[121.80064,24.464635],[121.802282,24.465133],[121.803501,24.465573],[121.804125,24.466055],[121.80458,24.466219],[121.804704,24.466322],[121.805941,24.467141]]]]}},{"type":"Feature","properties":{"n":"大通路","v":"南澳鄉","w":1.5,"c":0.9,"r":null},"geometry":{"type":"MultiPolygon","coordinates":[[[[121.800186,24.465652],[121.80018,24.465637],[121.800197,24.465637],[121.798834,24.465213],[121.798829,24.465232],[121.800186,24.465652]]]]}},{"type":"Feature","properties":{"n":"宜科一路","v":"宜蘭市","w":4,"c":2.5,"r":9},"geometry":{"type":"MultiPolygon","coordinates":[[[[121.74968,24.742016],[121.750206,24.738162],[121.75019,24.738007],[121.751449,24.736043],[121.751639,24.735841],[121.751618,24.735827],[121.751433,24.736022],[121.750155,24.738003],[121.750146,24.738177],[121.749653,24.742044],[121.74968,24.742016]]]]}},{"type":"Feature","properties":{"n":"宜科一路","v":"宜蘭市","w":4,"c":2.5,"r":9},"geometry":{"type":"MultiPolygon","coordinates":[[[[121.749505,24.742013],[121.749993,24.73819],[121.75012,24.737989],[121.751411,24.73601],[121.751653,24.735746],[121.751635,24.735729],[121.751398,24.735988],[121.749957,24.738188],[121.749473,24.742015],[121.749505,24.742013]]]]}},{"type":"Feature","properties":{"n":"縣政北路","v":"宜蘭市","w":5,"c":1.8,"r":20},"geometry":{"type":"MultiPolygon","coordinates":[[[[121.763482,24.731574],[121.762899,24.731565],[121.762621,24.73153],[121.762616,24.731545],[121.762904,24.731581],[121.763482,24.731586],[121.763482,24.731574]]]]}},{"type":"Feature","properties":{"n":"縣政北路","v":"宜蘭市","w":5,"c":1.8,"r":2},"geometry":{"type":"MultiPolygon","coordinates":[[[[121.764377,24.731838],[121.763866,24.731614],[121.763674,24.731574],[121.763517,24.73157],[121.763518,24.731591],[121.763674,24.731593],[121.763845,24.73163],[121.764366,24.73185],[121.764377,24.731838]]]]}},{"type":"Feature","properties":{"n":"縣政北路","v":"宜蘭市","w":5,"c":1.8,"r":5},"geometry":{"type":"MultiPolygon","coordinates":[[[[121.764391,24.731817],[121.764395,24.731801],[121.763875,24.73157],[121.763676,24.731528],[121.762918,24.731529],[121.762348,24.731433],[121.761787,24.731261],[121.760955,24.730873],[121.7603,24.730492],[121.759615,24.729994],[121.759252,24.729669],[121.759096,24.72949],[121.758906,24.729152],[121.758855,24.729002],[121.758817,24.728787],[121.758805,24.728543],[121.758862,24.728198],[121.758944,24.727966],[121.759512,24.727126],[121.759502,24.727105],[121.759268,24.727431],[121.758935,24.727943],[121.758846,24.728199],[121.758793,24.728534],[121.758805,24.728763],[121.758847,24.729004],[121.758898,24.729164],[121.759088,24.729505],[121.759241,24.729682],[121.759638,24.730038],[121.760292,24.730508],[121.760959,24.730896],[121.761785,24.731278],[121.762339,24.731449],[121.762912,24.731542],[121.763667,24.731546],[121.763866,24.731584],[121.764391,24.731817]]]]}},{"type":"Feature","properties":{"n":"宜興路三段","v":"宜蘭市","w":4.5,"c":3,"r":8},"geometry":{"type":"MultiPolygon","coordinates":[[[[121.758242,24.771527],[121.758253,24.771528],[121.758324,24.771509],[121.758298,24.77148],[121.759609,24.769284],[121.760097,24.768287],[121.760944,24.766973],[121.760965,24.766983],[121.76102,24.76691],[121.760945,24.766937],[121.760093,24.768262],[121.759591,24.769288],[121.758242,24.771527]]]]}},{"type":"Feature","properties":{"n":"培英路","v":"羅東鎮","w":3.5,"c":2.5,"r":4},"geometry":{"type":"MultiPolygon","coordinates":[[[[121.760091,24.678047],[121.760103,24.678065],[121.761041,24.677624],[121.762025,24.6774],[121.762017,24.677381],[121.761032,24.677605],[121.760091,24.678047]]]]}},{"type":"Feature","properties":{"n":"文小四、阿里史步道","v":"蘇澳鎮","w":2400,"c":2,"r":null},"geometry":{"type":"MultiPolygon","coordinates":[[[[121.847499,24.598762],[121.847643,24.598905],[121.847918,24.598951],[121.848034,24.598759],[121.848556,24.598625],[121.8485,24.598064],[121.848852,24.59799],[121.848903,24.597834],[121.848446,24.597885],[121.848542,24.598505],[121.848021,24.598652],[121.847865,24.598844],[121.847499,24.598762]]]]}},{"type":"Feature","properties":{"n":"進士路","v":"宜蘭市","w":3,"c":2,"r":9},"geometry":{"type":"MultiPolygon","coordinates":[[[[121.740394,24.735846],[121.737603,24.734093],[121.737022,24.733618],[121.736197,24.73264],[121.736124,24.732704],[121.736224,24.732697],[121.737009,24.733627],[121.737594,24.734107],[121.74033,24.735829],[121.740328,24.735893],[121.740394,24.735846]]]]}},{"type":"Feature","properties":{"n":"忠孝路","v":"羅東鎮","w":3,"c":2,"r":6},"geometry":{"type":"MultiPolygon","coordinates":[[[[121.765961,24.67963],[121.765985,24.679556],[121.765956,24.679561],[121.765499,24.678151],[121.765522,24.678138],[121.765463,24.678094],[121.765961,24.67963]]]]}},{"type":"Feature","properties":{"n":"民生路","v":"羅東鎮","w":3,"c":2,"r":6},"geometry":{"type":"MultiPolygon","coordinates":[[[[121.765464,24.6781],[121.765533,24.678138],[121.765522,24.678105],[121.766767,24.677793],[121.766838,24.677823],[121.766811,24.677757],[121.765464,24.6781]]]]}},{"type":"Feature","properties":{"n":"純精路","v":"羅東鎮","w":4,"c":3,"r":14},"geometry":{"type":"MultiPolygon","coordinates":[[[[121.76414,24.680021],[121.763644,24.677909],[121.763733,24.675341],[121.763808,24.674863],[121.763805,24.674409],[121.763704,24.674899],[121.763655,24.67552],[121.763552,24.677874],[121.764009,24.679866],[121.764062,24.680069],[121.76414,24.680021]]]]}},{"type":"Feature","properties":{"n":"中山路","v":"蘇澳鎮","w":2.4,"c":2.4,"r":12},"geometry":{"type":"MultiPolygon","coordinates":[[[[121.837145,24.59653],[121.837461,24.596533],[121.839793,24.596377],[121.84127,24.596108],[121.842902,24.595659],[121.846794,24.595898],[121.847259,24.595938],[121.848757,24.596042],[121.848757,24.596023],[121.846786,24.595879],[121.842907,24.595643],[121.841262,24.596091],[121.83978,24.596358],[121.837469,24.596511],[121.83715,24.596508],[121.837145,24.59653]]]]}},{"type":"Feature","properties":{"n":"中山路","v":"蘇澳鎮","w":2.75,"c":2.4,"r":6},"geometry":{"type":"MultiPolygon","coordinates":[[[[121.848636,24.59606],[121.845834,24.595866],[121.845113,24.595824],[121.843762,24.595734],[121.842912,24.595696],[121.841272,24.59614],[121.8398,24.596406],[121.837453,24.596562],[121.837466,24.596586],[121.839745,24.59643],[121.841269,24.596164],[121.842907,24.59572],[121.845176,24.595848],[121.846814,24.595951],[121.848636,24.596079],[121.848628,24.596067],[121.848636,24.59606]]]]}},{"type":"Feature","properties":{"n":"公園路","v":"宜蘭市","w":2.5,"c":1.5,"r":5},"geometry":{"type":"MultiPolygon","coordinates":[[[[121.757863,24.739159],[121.759213,24.740077],[121.759242,24.740058],[121.757876,24.739136],[121.757863,24.739159]]]]}},{"type":"Feature","properties":{"n":"公園路","v":"頭城鎮","w":2,"c":1.5,"r":4},"geometry":{"type":"MultiPolygon","coordinates":[[[[121.822583,24.863397],[121.8226,24.863387],[121.819257,24.857956],[121.819241,24.857966],[121.822583,24.863397]]]]}},{"type":"Feature","properties":{"n":"公園路","v":"頭城鎮","w":2,"c":1.5,"r":4},"geometry":{"type":"MultiPolygon","coordinates":[[[[121.822558,24.863416],[121.819219,24.857983],[121.819201,24.857995],[121.822541,24.863441],[121.822558,24.863416]]]]}},{"type":"Feature","properties":{"n":"文雅路","v":"頭城鎮","w":2,"c":1.5,"r":3},"geometry":{"type":"MultiPolygon","coordinates":[[[[121.81759,24.863246],[121.817592,24.863262],[121.817983,24.862976],[121.819898,24.861135],[121.820804,24.860406],[121.820796,24.860387],[121.819895,24.861121],[121.817978,24.86296],[121.81759,24.863246]]]]}},{"type":"Feature","properties":{"n":"文雅路","v":"頭城鎮","w":2,"c":1.5,"r":2},"geometry":{"type":"MultiPolygon","coordinates":[[[[121.817576,24.863231],[121.817967,24.862945],[121.819874,24.861117],[121.819858,24.86111],[121.817959,24.862935],[121.81757,24.863219],[121.817576,24.863231]]]]}},{"type":"Feature","properties":{"n":"中正北路-東側","v":"羅東鎮","w":2,"c":2,"r":2},"geometry":{"type":"MultiPolygon","coordinates":[[[[121.771038,24.685546],[121.771055,24.685548],[121.771276,24.684177],[121.771439,24.682561],[121.771415,24.682559],[121.771262,24.684173],[121.771038,24.685546]]]]}},{"type":"Feature","properties":{"n":"中正北路-西側","v":"羅東鎮","w":2,"c":2,"r":14},"geometry":{"type":"MultiPolygon","coordinates":[[[[121.770836,24.686702],[121.771221,24.684262],[121.771344,24.683021],[121.771402,24.682072],[121.771583,24.680489],[121.771562,24.680491],[121.771387,24.682014],[121.77133,24.682993],[121.771198,24.684272],[121.770812,24.6867],[121.770836,24.686702]]]]}},{"type":"Feature","properties":{"n":"安中路","v":"冬山鄉","w":2,"c":2,"r":5},"geometry":{"type":"MultiPolygon","coordinates":[[[[121.788881,24.630896],[121.78732,24.628998],[121.78731,24.629015],[121.788866,24.630903],[121.788881,24.630896]]]]}},{"type":"Feature","properties":{"n":"黎明三路","v":"宜蘭市","w":5,"c":3,"r":3},"geometry":{"type":"MultiPolygon","coordinates":[[[[121.767784,24.750767],[121.7678,24.750767],[121.767908,24.749414],[121.767819,24.749374],[121.767832,24.749393],[121.767895,24.749419],[121.767783,24.750767],[121.767784,24.750767]]]]}},{"type":"Feature","properties":{"n":"成興路","v":"冬山鄉","w":2.25,"c":1.65,"r":26},"geometry":{"type":"MultiPolygon","coordinates":[[[[121.814685,24.643943],[121.814682,24.643959],[121.815133,24.644095],[121.81573,24.644226],[121.817034,24.644692],[121.817259,24.644745],[121.818,24.644937],[121.81801,24.644918],[121.817008,24.644661],[121.815719,24.644202],[121.815159,24.644083],[121.814994,24.644034],[121.814685,24.643943]]]]}},{"type":"Feature","properties":{"n":"中正路","v":"冬山鄉","w":1.85,"c":1.2,"r":12},"geometry":{"type":"MultiPolygon","coordinates":[[[[121.79023,24.63476],[121.790147,24.634784],[121.79023,24.635111],[121.791857,24.63627],[121.791904,24.63621],[121.790298,24.635063],[121.790238,24.634805],[121.79023,24.63476]]]]}},{"type":"Feature","properties":{"n":"成興路","v":"冬山鄉","w":2.25,"c":1.7,"r":67},"geometry":{"type":"MultiPolygon","coordinates":[[[[121.795949,24.63677],[121.795953,24.636785],[121.798872,24.638549],[121.801404,24.640124],[121.801967,24.640413],[121.802498,24.640578],[121.804952,24.641227],[121.80615,24.641645],[121.807126,24.641908],[121.80941,24.642541],[121.812093,24.643261],[121.8146,24.643952],[121.814652,24.643922],[121.814024,24.643711],[121.8121,24.643197],[121.807519,24.641958],[121.806165,24.641607],[121.805405,24.641325],[121.804816,24.641131],[121.803173,24.640716],[121.80208,24.640411],[121.801352,24.640045],[121.798958,24.63854],[121.795965,24.636753],[121.795949,24.63677]]]]}},{"type":"Feature","properties":{"n":"文興路二段","v":"五結鄉","w":4.5,"c":2.5,"r":null},"geometry":{"type":"MultiPolygon","coordinates":[[[[121.786722,24.69326],[121.786709,24.693308],[121.790637,24.693203],[121.79063,24.693162],[121.786722,24.69326]]]]}},{"type":"Feature","properties":{"n":"文興路二段","v":"五結鄉","w":4.5,"c":2.5,"r":null},"geometry":{"type":"MultiPolygon","coordinates":[[[[121.786709,24.693534],[121.786715,24.693572],[121.790641,24.693458],[121.790646,24.693422],[121.786709,24.693534]]]]}},{"type":"Feature","properties":{"n":"文興路二段","v":"五結鄉","w":4.5,"c":2.5,"r":null},"geometry":{"type":"MultiPolygon","coordinates":[[[[121.780622,24.693383],[121.780642,24.693442],[121.781596,24.693485],[121.786668,24.693333],[121.786667,24.693291],[121.781609,24.693443],[121.780622,24.693383]]]]}},{"type":"Feature","properties":{"n":"文興路二段","v":"五結鄉","w":4.5,"c":2.5,"r":null},"geometry":{"type":"MultiPolygon","coordinates":[[[[121.78063,24.693663],[121.781297,24.693708],[121.78663,24.693566],[121.786636,24.69353],[121.781297,24.693666],[121.780636,24.693616],[121.78063,24.693663]]]]}},{"type":"Feature","properties":{"n":"傳藝路","v":"羅東鎮","w":3,"c":2,"r":4},"geometry":{"type":"MultiPolygon","coordinates":[[[[121.77521,24.678079],[121.78002,24.678036],[121.780019,24.67797],[121.775229,24.678037],[121.77521,24.678079]]]]}},{"type":"Feature","properties":{"n":"欣榮路","v":"羅東鎮","w":2.5,"c":1.5,"r":null},"geometry":{"type":"MultiPolygon","coordinates":[[[[121.779698,24.678075],[121.779587,24.678081],[121.779691,24.681192],[121.779142,24.681207],[121.779071,24.680234],[121.779012,24.680234],[121.779051,24.681285],[121.77979,24.681275],[121.779698,24.678075]]]]}},{"type":"Feature","properties":{"n":"光榮路","v":"羅東鎮","w":8,"c":6,"r":3},"geometry":{"type":"MultiPolygon","coordinates":[[[[121.777583,24.676599],[121.777668,24.676593],[121.777623,24.674688],[121.777545,24.674694],[121.777589,24.676587],[121.777583,24.676599]]]]}},{"type":"Feature","properties":{"n":"宜東二路","v":"羅東鎮","w":2.5,"c":1.5,"r":2},"geometry":{"type":"MultiPolygon","coordinates":[[[[121.776595,24.676753],[121.777578,24.676748],[121.777581,24.67672],[121.776601,24.676727],[121.776595,24.676753]]]]}},{"type":"Feature","properties":{"n":"陽明路","v":"羅東鎮","w":120,"c":2,"r":2},"geometry":{"type":"MultiPolygon","coordinates":[[[[121.77659,24.676732],[121.776551,24.67672],[121.776557,24.677747],[121.776603,24.677753],[121.77659,24.676732]]]]}},{"type":"Feature","properties":{"n":"二結聯絡道新闢工程（都內段）","v":"五結鄉","w":3,"c":3,"r":4},"geometry":{"type":"MultiPolygon","coordinates":[[[[121.780564,24.693654],[121.780567,24.693589],[121.76978,24.693442],[121.769768,24.693526],[121.780564,24.693654]]]]}},{"type":"Feature","properties":{"n":"宜蘭橋","v":"宜蘭市","w":2.5,"c":2.5,"r":2},"geometry":{"type":"MultiPolygon","coordinates":[[[[121.755596,24.766908],[121.755621,24.7669],[121.754763,24.764579],[121.754734,24.764584],[121.755596,24.766908]]]]}},{"type":"Feature","properties":{"n":"二結聯絡道新闢工程（都內段）","v":"五結鄉","w":3,"c":3,"r":4},"geometry":{"type":"MultiPolygon","coordinates":[[[[121.769805,24.693282],[121.78056,24.693436],[121.780557,24.693383],[121.769815,24.693241],[121.769805,24.693282]]]]}},{"type":"Feature","properties":{"n":"宜蘭橋","v":"宜蘭市","w":2.5,"c":2.5,"r":2},"geometry":{"type":"MultiPolygon","coordinates":[[[[121.755732,24.766856],[121.75575,24.766853],[121.754929,24.764569],[121.754897,24.764584],[121.755732,24.766856]]]]}},{"type":"Feature","properties":{"n":"中山路三段","v":"宜蘭市","w":1.5,"c":1.5,"r":null},"geometry":{"type":"MultiPolygon","coordinates":[[[[121.754767,24.764558],[121.754791,24.76456],[121.754562,24.763842],[121.754543,24.763847],[121.754767,24.764558]]]]}},{"type":"Feature","properties":{"n":"中山路三段","v":"宜蘭市","w":1.5,"c":1.5,"r":3},"geometry":{"type":"MultiPolygon","coordinates":[[[[121.754859,24.764553],[121.75488,24.764553],[121.754635,24.763816],[121.754622,24.76382],[121.754859,24.764553]]]]}},{"type":"Feature","properties":{"n":"復興路","v":"員山鄉","w":3,"c":3,"r":null},"geometry":{"type":"MultiPolygon","coordinates":[[[[121.722726,24.744814],[121.721484,24.74611],[121.721484,24.746104],[121.721458,24.74614],[121.722726,24.744814]]]]}},{"type":"Feature","properties":{"n":"員山路一段100巷內","v":"員山鄉","w":3,"c":3,"r":null},"geometry":{"type":"MultiPolygon","coordinates":[[[[121.72977,24.74799],[121.729135,24.746823],[121.729135,24.746835],[121.72977,24.74799]]]]}},{"type":"Feature","properties":{"n":"中正路一段2巷(細1-1道路)","v":"五結鄉","w":2,"c":2,"r":8},"geometry":{"type":"MultiPolygon","coordinates":[[[[121.771079,24.686063],[121.771092,24.686117],[121.77166,24.686007],[121.77391,24.686264],[121.773923,24.68621],[121.771647,24.685959],[121.771079,24.686063]]]]}},{"type":"Feature","properties":{"n":"中正路一段2巷某弄(細2-1道路)","v":"五結鄉","w":2,"c":2,"r":4},"geometry":{"type":"MultiPolygon","coordinates":[[[[121.772709,24.687114],[121.772751,24.687109],[121.77259,24.686131],[121.772546,24.686136],[121.772709,24.687114]]]]}},{"type":"Feature","properties":{"n":"中正路一段2巷115弄(細2-2道路)","v":"五結鄉","w":2,"c":2,"r":4},"geometry":{"type":"MultiPolygon","coordinates":[[[[121.773495,24.686992],[121.773529,24.686987],[121.773399,24.686216],[121.773362,24.686221],[121.773495,24.686992]]]]}},{"type":"Feature","properties":{"n":"公正路","v":"羅東鎮","w":3,"c":1.5,"r":8},"geometry":{"type":"MultiPolygon","coordinates":[[[[121.76401,24.680414],[121.76402,24.680402],[121.76381,24.680281],[121.761455,24.680694],[121.76146,24.680711],[121.763808,24.680298],[121.76401,24.680414]]]]}},{"type":"Feature","properties":{"n":"公正路","v":"羅東鎮","w":3,"c":1.5,"r":4},"geometry":{"type":"MultiPolygon","coordinates":[[[[121.761405,24.68072],[121.761405,24.680708],[121.76037,24.680742],[121.760365,24.680761],[121.761405,24.68072]]]]}},{"type":"Feature","properties":{"n":"公正路","v":"羅東鎮","w":3,"c":1.5,"r":8},"geometry":{"type":"MultiPolygon","coordinates":[[[[121.760261,24.680742],[121.760266,24.680726],[121.759388,24.680668],[121.758454,24.680579],[121.758446,24.680591],[121.759207,24.680671],[121.760261,24.680742]]]]}},{"type":"Feature","properties":{"n":"公正路","v":"羅東鎮","w":3,"c":1.5,"r":2},"geometry":{"type":"MultiPolygon","coordinates":[[[[121.758348,24.680594],[121.758348,24.680575],[121.757507,24.680202],[121.756515,24.679581],[121.755584,24.679232],[121.755566,24.679249],[121.755637,24.679268],[121.756502,24.679596],[121.757494,24.680214],[121.758348,24.680594]]]]}},{"type":"Feature","properties":{"n":"公正路","v":"羅東鎮","w":3,"c":1.5,"r":4},"geometry":{"type":"MultiPolygon","coordinates":[[[[121.760781,24.680494],[121.760781,24.680477],[121.759482,24.680464],[121.758653,24.680371],[121.758645,24.680385],[121.759492,24.680476],[121.760781,24.680494]]]]}},{"type":"Feature","properties":{"n":"公正路","v":"羅東鎮","w":3,"c":1.5,"r":2},"geometry":{"type":"MultiPolygon","coordinates":[[[[121.75848,24.680381],[121.758485,24.680371],[121.75843,24.680377],[121.758092,24.680216],[121.758084,24.680185],[121.758079,24.680221],[121.758428,24.680389],[121.75848,24.680381]]]]}},{"type":"Feature","properties":{"n":"公正路","v":"羅東鎮","w":3,"c":1.5,"r":2},"geometry":{"type":"MultiPolygon","coordinates":[[[[121.757951,24.680164],[121.757966,24.680157],[121.757581,24.679994],[121.757573,24.680011],[121.757951,24.680164]]]]}},{"type":"Feature","properties":{"n":"公正路","v":"羅東鎮","w":3,"c":1.5,"r":2},"geometry":{"type":"MultiPolygon","coordinates":[[[[121.75746,24.679938],[121.757481,24.679936],[121.757221,24.679746],[121.757211,24.679765],[121.75746,24.679938]]]]}},{"type":"Feature","properties":{"n":"公正路","v":"羅東鎮","w":3,"c":1.5,"r":2},"geometry":{"type":"MultiPolygon","coordinates":[[[[121.757077,24.679687],[121.757119,24.679687],[121.757171,24.67966],[121.757163,24.679651],[121.757132,24.679672],[121.757085,24.67968],[121.756833,24.679521],[121.756838,24.679464],[121.75682,24.679459],[121.756818,24.679531],[121.757077,24.679687]]]]}},{"type":"Feature","properties":{"n":"公正路","v":"羅東鎮","w":3,"c":1.5,"r":2},"geometry":{"type":"MultiPolygon","coordinates":[[[[121.756723,24.679466],[121.756736,24.679459],[121.756424,24.679312],[121.756414,24.679334],[121.756723,24.679466]]]]}},{"type":"Feature","properties":{"n":"公正路","v":"羅東鎮","w":3,"c":1.5,"r":2},"geometry":{"type":"MultiPolygon","coordinates":[[[[121.756298,24.679282],[121.756309,24.679272],[121.755947,24.679107],[121.755937,24.679128],[121.756298,24.679282]]]]}},{"type":"Feature","properties":{"n":"公正路","v":"羅東鎮","w":3,"c":3,"r":2},"geometry":{"type":"MultiPolygon","coordinates":[[[[121.755869,24.679102],[121.755879,24.679095],[121.755507,24.678944],[121.755478,24.67892],[121.755491,24.678951],[121.755869,24.679102]]]]}},{"type":"Feature","properties":{"n":"公正路","v":"羅東鎮","w":4,"c":2,"r":5},"geometry":{"type":"MultiPolygon","coordinates":[[[[121.748257,24.682776],[121.750995,24.681607],[121.751986,24.681064],[121.754857,24.679466],[121.754849,24.679457],[121.750985,24.681595],[121.748255,24.682757],[121.748257,24.682776]]]]}},{"type":"Feature","properties":{"n":"純精路三段","v":"羅東鎮","w":4,"c":3,"r":6},"geometry":{"type":"MultiPolygon","coordinates":[[[[121.764383,24.680262],[121.764644,24.681246],[121.764734,24.681532],[121.764997,24.682157],[121.765394,24.682903],[121.765957,24.683886],[121.766597,24.684695],[121.767145,24.68533],[121.767163,24.68532],[121.766641,24.684719],[121.765972,24.683879],[121.765367,24.682817],[121.76497,24.682059],[121.76475,24.68152],[121.764395,24.680235],[121.764383,24.680262]]]]}},{"type":"Feature","properties":{"n":"羅榮路","v":"羅東鎮","w":3,"c":1.5,"r":2},"geometry":{"type":"MultiPolygon","coordinates":[[[[121.777902,24.676571],[121.779627,24.676556],[121.779627,24.676514],[121.777908,24.676535],[121.777902,24.676571]]]]}},{"type":"Feature","properties":{"n":"東榮路一段","v":"羅東鎮","w":3,"c":1.5,"r":2},"geometry":{"type":"MultiPolygon","coordinates":[[[[121.779614,24.676538],[121.779679,24.675415],[121.779325,24.674247],[121.779267,24.674277],[121.779646,24.675427],[121.779581,24.676538],[121.779614,24.676538]]]]}},{"type":"Feature","properties":{"n":"海山西路","v":"蘇澳鎮","w":3,"c":3,"r":12},"geometry":{"type":"MultiPolygon","coordinates":[[[[121.826822,24.616751],[121.826841,24.616763],[121.826857,24.616703],[121.828664,24.615365],[121.830674,24.613902],[121.832297,24.612699],[121.833046,24.61226],[121.833573,24.612042],[121.834029,24.611939],[121.834457,24.611879],[121.837577,24.61185],[121.837601,24.611886],[121.837616,24.611881],[121.837588,24.611838],[121.834446,24.611862],[121.834009,24.611924],[121.833559,24.612022],[121.833045,24.61224],[121.832296,24.61268],[121.826837,24.616696],[121.826822,24.616751]]]]}},{"type":"Feature","properties":{"n":"海山西路","v":"蘇澳鎮","w":3,"c":1.5,"r":12},"geometry":{"type":"MultiPolygon","coordinates":[[[[121.826702,24.616565],[121.826757,24.616571],[121.8308,24.613609],[121.832269,24.612518],[121.832613,24.61229],[121.832964,24.612101],[121.83341,24.611922],[121.833856,24.611805],[121.83438,24.611716],[121.835914,24.611693],[121.83757,24.611684],[121.837589,24.611665],[121.835282,24.611678],[121.83438,24.611702],[121.833856,24.611788],[121.833496,24.611881],[121.832961,24.612085],[121.832589,24.612283],[121.832069,24.612646],[121.830158,24.614054],[121.828257,24.615438],[121.826749,24.616555],[121.826702,24.616565]]]]}},{"type":"Feature","properties":{"n":"星義路","v":"三星鄉","w":2.85,"c":1.95,"r":2},"geometry":{"type":"MultiPolygon","coordinates":[[[[121.65267,24.667529],[121.652665,24.66755],[121.653824,24.66765],[121.653831,24.667629],[121.65267,24.667529]]]]}},{"type":"Feature","properties":{"n":"三星國中東側","v":"三星鄉","w":3.8,"c":1.4,"r":1},"geometry":{"type":"MultiPolygon","coordinates":[[[[121.654676,24.667665],[121.654639,24.667677],[121.654845,24.667932],[121.654763,24.668747],[121.654804,24.668754],[121.654892,24.66792],[121.654676,24.667665]]]]}},{"type":"Feature","properties":{"n":"三星國中北側","v":"三星鄉","w":2.7,"c":2,"r":1},"geometry":{"type":"MultiPolygon","coordinates":[[[[121.65476,24.668748],[121.654765,24.668717],[121.653774,24.668533],[121.653769,24.668564],[121.65476,24.668748]]]]}},{"type":"Feature","properties":{"n":"中山路二段11巷","v":"三星鄉","w":5.2,"c":1.6,"r":1},"geometry":{"type":"MultiPolygon","coordinates":[[[[121.652106,24.666918],[121.652114,24.666894],[121.651316,24.666885],[121.651309,24.666923],[121.652106,24.666918]]]]}},{"type":"Feature","properties":{"n":"星義路","v":"三星鄉","w":8.57,"c":1.75,"r":1},"geometry":{"type":"MultiPolygon","coordinates":[[[[121.650077,24.667349],[121.650089,24.667263],[121.649796,24.667233],[121.649784,24.667305],[121.650077,24.667349]]]]}},{"type":"Feature","properties":{"n":"三星國中西側","v":"三星鄉","w":2.5,"c":1.5,"r":0},"geometry":{"type":"MultiPolygon","coordinates":[[[[121.652506,24.667959],[121.652503,24.66798],[121.652673,24.667996],[121.652676,24.667526],[121.652658,24.667526],[121.652655,24.667963],[121.652506,24.667959]]]]}},{"type":"Feature","properties":{"n":"星中路","v":"三星鄉","w":1,"c":1,"r":1},"geometry":{"type":"MultiPolygon","coordinates":[[[[121.65239,24.668268],[121.651948,24.668203],[121.651948,24.668217],[121.65239,24.668285],[121.65239,24.668268]]]]}},{"type":"Feature","properties":{"n":"中央路二段(壯圍鄉代表會前)","v":"壯圍鄉","w":3.5,"c":2.5,"r":2},"geometry":{"type":"MultiPolygon","coordinates":[[[[121.785938,24.746373],[121.785969,24.746382],[121.786245,24.746983],[121.786232,24.747021],[121.78624,24.747026],[121.786258,24.746976],[121.785982,24.74637],[121.785943,24.746359],[121.785938,24.746373]]]]}},{"type":"Feature","properties":{"n":"中央路二段(壯圍衛生所前)","v":"壯圍鄉","w":3.5,"c":2.5,"r":2},"geometry":{"type":"MultiPolygon","coordinates":[[[[121.786249,24.746761],[121.78636,24.746992],[121.78641,24.74697],[121.786306,24.746744],[121.786249,24.746761]]]]}},{"type":"Feature","properties":{"n":"壯五路(壯圍鄉公所前)","v":"壯圍鄉","w":3,"c":1,"r":3},"geometry":{"type":"MultiPolygon","coordinates":[[[[121.785443,24.746569],[121.785926,24.746375],[121.78592,24.74637],[121.785438,24.746559],[121.785443,24.746569]]]]}},{"type":"Feature","properties":{"n":"壯志路(壯圍鄉代表會旁)","v":"壯圍鄉","w":4,"c":2,"r":2},"geometry":{"type":"MultiPolygon","coordinates":[[[[121.786045,24.74712],[121.786241,24.747028],[121.786233,24.747019],[121.78604,24.747106],[121.786045,24.74712]]]]}},{"type":"Feature","properties":{"n":"壯五路(壯圍國小前)","v":"壯圍鄉","w":5,"c":5,"r":2},"geometry":{"type":"MultiPolygon","coordinates":[[[[121.789865,24.744551],[121.790334,24.744336],[121.790397,24.744345],[121.79046,24.744326],[121.790457,24.744311],[121.790397,24.744328],[121.790329,24.744319],[121.789857,24.744534],[121.789865,24.744551]]]]}},{"type":"Feature","properties":{"n":"富祥路(壯圍國中校門東側綠籬旁)","v":"壯圍鄉","w":1.1,"c":1.1,"r":0},"geometry":{"type":"MultiPolygon","coordinates":[[[[121.788799,24.748747],[121.789315,24.748742],[121.789314,24.748725],[121.788799,24.748728],[121.788799,24.748747]]]]}},{"type":"Feature","properties":{"n":"南香路","v":"冬山鄉","w":3.05,"c":3.05,"r":6},"geometry":{"type":"MultiPolygon","coordinates":[[[[121.791218,24.631543],[121.791223,24.631565],[121.791832,24.631506],[121.791861,24.631487],[121.791939,24.630763],[121.792478,24.630814],[121.793149,24.630777],[121.793165,24.630751],[121.792481,24.63079],[121.791928,24.630734],[121.791915,24.630765],[121.791835,24.631472],[121.791818,24.631494],[121.791218,24.631543]]]]}},{"type":"Feature","properties":{"n":"中山路二段","v":"三星鄉","w":1.5,"c":1.5,"r":5},"geometry":{"type":"MultiPolygon","coordinates":[[[[121.652546,24.668404],[121.652544,24.66844],[121.653482,24.668635],[121.65349,24.668604],[121.652546,24.668404]]]]}},{"type":"Feature","properties":{"n":"星中路500巷","v":"三星鄉","w":2.3,"c":1.5,"r":2},"geometry":{"type":"MultiPolygon","coordinates":[[[[121.653617,24.668629],[121.653215,24.670369],[121.652952,24.67033],[121.652954,24.670367],[121.653236,24.670408],[121.653695,24.668643],[121.653617,24.668629]]]]}},{"type":"Feature","properties":{"n":"星中路","v":"三星鄉","w":1.5,"c":1.5,"r":2},"geometry":{"type":"MultiPolygon","coordinates":[[[[121.653616,24.66862],[121.653616,24.668654],[121.654828,24.668881],[121.654833,24.668856],[121.653616,24.66862]]]]}},{"type":"Feature","properties":{"n":"清溝路","v":"冬山鄉","w":3,"c":1.5,"r":14},"geometry":{"type":"MultiPolygon","coordinates":[[[[121.760923,24.655679],[121.760853,24.652184],[121.760837,24.652184],[121.760907,24.655699],[121.760923,24.655679]]]]}},{"type":"Feature","properties":{"n":"永安路","v":"冬山鄉","w":3.5,"c":2,"r":42},"geometry":{"type":"MultiPolygon","coordinates":[[[[121.766654,24.662788],[121.767807,24.662749],[121.76836,24.662678],[121.769092,24.662744],[121.774658,24.662717],[121.774972,24.662851],[121.775036,24.662717],[121.774733,24.662603],[121.76903,24.662632],[121.768387,24.662546],[121.768151,24.662568],[121.767665,24.662651],[121.766603,24.662668],[121.766654,24.662788]]]]}},{"type":"Feature","properties":{"n":"永安路","v":"冬山鄉","w":3.5,"c":2,"r":30},"geometry":{"type":"MultiPolygon","coordinates":[[[[121.766526,24.662815],[121.766445,24.662669],[121.76504,24.662683],[121.76254,24.662698],[121.762224,24.662727],[121.761639,24.662698],[121.761456,24.662586],[121.760432,24.662586],[121.760432,24.662649],[121.761435,24.662654],[121.761644,24.662786],[121.761757,24.662805],[121.762299,24.662825],[121.762578,24.662786],[121.765984,24.662781],[121.766118,24.66281],[121.766526,24.662815]]]]}},{"type":"Feature","properties":{"n":"員山路一段（台七線）","v":"員山鄉","w":4,"c":4,"r":2},"geometry":{"type":"MultiPolygon","coordinates":[[[[121.725797,24.744843],[121.731966,24.748244],[121.732063,24.748146],[121.725797,24.744843]]]]}},{"type":"Feature","properties":{"n":"員山路一段（台七線）","v":"員山鄉","w":4,"c":2,"r":2},"geometry":{"type":"MultiPolygon","coordinates":[[[[121.723686,24.743374],[121.725735,24.744826],[121.725767,24.744806],[121.723686,24.743374]]]]}},{"type":"Feature","properties":{"n":"金山東路（宜16線）","v":"員山鄉","w":1.2,"c":5,"r":null},"geometry":{"type":"MultiPolygon","coordinates":[[[[121.728956,24.746291],[121.729487,24.74557],[121.729449,24.74555],[121.728956,24.746291]]]]}},{"type":"Feature","properties":{"n":"區界西路","v":"蘇澳鎮","w":1.7,"c":1.7,"r":1},"geometry":{"type":"MultiPolygon","coordinates":[[[[121.821371,24.646382],[121.821363,24.646397],[121.821752,24.646558],[121.821763,24.646543],[121.821371,24.646382]]]]}},{"type":"Feature","properties":{"n":"區界西路","v":"蘇澳鎮","w":1.7,"c":1.7,"r":3},"geometry":{"type":"MultiPolygon","coordinates":[[[[121.821422,24.646263],[121.8218,24.646423],[121.821814,24.646404],[121.821433,24.646245],[121.821422,24.646263]]]]}},{"type":"Feature","properties":{"n":"區界西路","v":"蘇澳鎮","w":2,"c":2,"r":1},"geometry":{"type":"MultiPolygon","coordinates":[[[[121.82421,24.647129],[121.82421,24.647146],[121.82484,24.647293],[121.825028,24.64731],[121.825205,24.647334],[121.825744,24.647373],[121.825747,24.647359],[121.825479,24.647334],[121.825211,24.64732],[121.825039,24.647295],[121.824814,24.647271],[121.824599,24.647224],[121.82421,24.647129]]]]}},{"type":"Feature","properties":{"n":"區界西路","v":"蘇澳鎮","w":2,"c":2,"r":4},"geometry":{"type":"MultiPolygon","coordinates":[[[[121.82422,24.647025],[121.824853,24.647159],[121.825089,24.647181],[121.82551,24.647196],[121.825655,24.647215],[121.825762,24.647242],[121.825775,24.647218],[121.82559,24.647191],[121.82551,24.647184],[121.825338,24.647172],[121.825075,24.647164],[121.824807,24.647135],[121.824228,24.647011],[121.82422,24.647025]]]]}},{"type":"Feature","properties":{"n":"區界西路","v":"蘇澳鎮","w":1.7,"c":1.7,"r":0},"geometry":{"type":"MultiPolygon","coordinates":[[[[121.826312,24.647536],[121.826312,24.647561],[121.827264,24.647922],[121.828135,24.648282],[121.828125,24.648251],[121.827205,24.647873],[121.826548,24.647629],[121.826312,24.647536]]]]}},{"type":"Feature","properties":{"n":"區界西路","v":"蘇澳鎮","w":1.7,"c":1.7,"r":0},"geometry":{"type":"MultiPolygon","coordinates":[[[[121.826371,24.64744],[121.827769,24.647962],[121.82816,24.648127],[121.828195,24.648113],[121.827672,24.647898],[121.827144,24.647698],[121.826379,24.64742],[121.826379,24.647428],[121.826371,24.64744]]]]}},{"type":"Feature","properties":{"n":"頂興路","v":"蘇澳鎮","w":1,"c":0.9,"r":0},"geometry":{"type":"MultiPolygon","coordinates":[[[[121.833812,24.641748],[121.834209,24.641865],[121.834212,24.64185],[121.833818,24.641736],[121.833812,24.641746],[121.833812,24.641748]]]]}},{"type":"Feature","properties":{"n":"頂興路","v":"蘇澳鎮","w":1.7,"c":1.7,"r":0},"geometry":{"type":"MultiPolygon","coordinates":[[[[121.834354,24.642399],[121.83437,24.642396],[121.83422,24.64185],[121.834212,24.641865],[121.834354,24.642401],[121.834354,24.642399]]]]}},{"type":"Feature","properties":{"n":"頂寮路20巷","v":"蘇澳鎮","w":0.9,"c":0.9,"r":0},"geometry":{"type":"MultiPolygon","coordinates":[[[[121.832741,24.644779],[121.832741,24.644789],[121.834012,24.645152],[121.834012,24.645142],[121.832741,24.644779]]]]}},{"type":"Feature","properties":{"n":"頂寮路18巷","v":"蘇澳鎮","w":0.9,"c":0.9,"r":1},"geometry":{"type":"MultiPolygon","coordinates":[[[[121.833975,24.644724],[121.833972,24.644731],[121.834278,24.644821],[121.834286,24.644812],[121.833975,24.644724]]]]}},{"type":"Feature","properties":{"n":"頂寮路16巷","v":"蘇澳鎮","w":0.9,"c":0.9,"r":3},"geometry":{"type":"MultiPolygon","coordinates":[[[[121.832996,24.644036],[121.832993,24.644051],[121.834436,24.644463],[121.834442,24.644451],[121.832996,24.644036]]]]}},{"type":"Feature","properties":{"n":"頂寮路16巷","v":"蘇澳鎮","w":0.9,"c":0.9,"r":6},"geometry":{"type":"MultiPolygon","coordinates":[[[[121.833036,24.643961],[121.834466,24.644385],[121.834471,24.644373],[121.833044,24.643946],[121.833039,24.643961],[121.833036,24.643961]]]]}},{"type":"Feature","properties":{"n":"頂寮路14巷","v":"蘇澳鎮","w":0.9,"c":0.9,"r":10},"geometry":{"type":"MultiPolygon","coordinates":[[[[121.833144,24.643683],[121.834563,24.644093],[121.834565,24.644081],[121.833149,24.643673],[121.833144,24.643681],[121.833144,24.643683]]]]}},{"type":"Feature","properties":{"n":"五濱路一段","v":"蘇澳鎮","w":4.5,"c":4.5,"r":10},"geometry":{"type":"MultiPolygon","coordinates":[[[[121.834335,24.645819],[121.834402,24.645785],[121.834605,24.645309],[121.834997,24.644307],[121.835051,24.644095],[121.835075,24.643934],[121.835075,24.643615],[121.835021,24.643283],[121.834892,24.642793],[121.834474,24.641389],[121.834418,24.641374],[121.834729,24.642347],[121.834997,24.643298],[121.835037,24.64372],[121.835029,24.643988],[121.83497,24.644285],[121.834729,24.644922],[121.834335,24.645819]]]]}},{"type":"Feature","properties":{"n":"五濱路一段","v":"蘇澳鎮","w":4.5,"c":4.5,"r":1},"geometry":{"type":"MultiPolygon","coordinates":[[[[121.83464,24.645868],[121.834643,24.645873],[121.834681,24.645883],[121.835193,24.644654],[121.835324,24.644203],[121.83537,24.643737],[121.835348,24.643489],[121.834764,24.641309],[121.834721,24.641321],[121.835289,24.643439],[121.835314,24.643622],[121.835322,24.643742],[121.835273,24.644193],[121.835169,24.644556],[121.835104,24.644736],[121.83464,24.645868]]]]}},{"type":"Feature","properties":{"n":"頂平路","v":"蘇澳鎮","w":1.8,"c":1.8,"r":2},"geometry":{"type":"MultiPolygon","coordinates":[[[[121.834721,24.641311],[121.834754,24.641303],[121.83478,24.641257],[121.83573,24.641045],[121.835797,24.641074],[121.83581,24.641062],[121.835725,24.641028],[121.834762,24.641247],[121.834719,24.641311],[121.834721,24.641311]]]]}},{"type":"Feature","properties":{"n":"頂平路","v":"蘇澳鎮","w":1.8,"c":1.8,"r":0},"geometry":{"type":"MultiPolygon","coordinates":[[[[121.834687,24.641121],[121.83473,24.641133],[121.835674,24.640924],[121.835717,24.640882],[121.835693,24.640875],[121.835658,24.640911],[121.834735,24.641114],[121.834703,24.641106],[121.834687,24.641119],[121.834687,24.641121]]]]}},{"type":"Feature","properties":{"n":"頂清路","v":"蘇澳鎮","w":2.3,"c":2.3,"r":0},"geometry":{"type":"MultiPolygon","coordinates":[[[[121.835796,24.641081],[121.835874,24.641405],[121.836228,24.642683],[121.836268,24.642751],[121.836357,24.642866],[121.836464,24.642966],[121.836561,24.643027],[121.836652,24.643066],[121.838073,24.643492],[121.838122,24.643524],[121.838135,24.643495],[121.8381,24.643473],[121.837727,24.643368],[121.836689,24.643049],[121.836582,24.643005],[121.836443,24.6429],[121.836335,24.642785],[121.83625,24.642644],[121.836081,24.642017],[121.835815,24.641069],[121.835796,24.641081]]]]}},{"type":"Feature","properties":{"n":"頂清路","v":"蘇澳鎮","w":2.3,"c":2.3,"r":2},"geometry":{"type":"MultiPolygon","coordinates":[[[[121.835941,24.641062],[121.836357,24.642571],[121.836432,24.642707],[121.836614,24.642871],[121.836789,24.642953],[121.838151,24.643368],[121.838157,24.643351],[121.836799,24.642934],[121.836638,24.642854],[121.836464,24.642698],[121.836386,24.642561],[121.835976,24.641054],[121.835941,24.641059],[121.835941,24.641062]]]]}},{"type":"Feature","properties":{"n":"利工一路一段","v":"蘇澳鎮","w":2.5,"c":2.5,"r":0},"geometry":{"type":"MultiPolygon","coordinates":[[[[121.838169,24.643372],[121.838242,24.643345],[121.838277,24.643309],[121.838692,24.642187],[121.838773,24.641997],[121.838845,24.641856],[121.838945,24.641695],[121.838993,24.641627],[121.839215,24.641371],[121.839409,24.641195],[121.839647,24.641027],[121.839886,24.640893],[121.840117,24.640717],[121.840291,24.640534],[121.840396,24.640391],[121.841171,24.638708],[121.841468,24.638038],[121.841664,24.637536],[121.842287,24.635639],[121.842375,24.63538],[121.842405,24.635244],[121.842397,24.635202],[121.842354,24.635161],[121.842324,24.635166],[121.842375,24.635246],[121.84237,24.635302],[121.842198,24.635773],[121.841672,24.637355],[121.841265,24.638411],[121.841058,24.638811],[121.840543,24.639937],[121.840312,24.640415],[121.840125,24.640659],[121.839999,24.640734],[121.83976,24.64089],[121.839508,24.641044],[121.839258,24.641229],[121.838864,24.641678],[121.838641,24.6421],[121.838282,24.643085],[121.838172,24.643365],[121.838169,24.643372]]]]}},{"type":"Feature","properties":{"n":"利工一路一段","v":"蘇澳鎮","w":2.5,"c":2.5,"r":0},"geometry":{"type":"MultiPolygon","coordinates":[[[[121.83869,24.643414],[121.838728,24.643424],[121.838857,24.643117],[121.838999,24.64271],[121.839256,24.642137],[121.839425,24.641876],[121.839562,24.641681],[121.839774,24.641493],[121.840069,24.641325],[121.84034,24.641125],[121.840549,24.640935],[121.840777,24.640669],[121.84101,24.640213],[121.841209,24.639753],[121.841643,24.638814],[121.842003,24.637992],[121.842335,24.637046],[121.842936,24.635228],[121.842901,24.635223],[121.842311,24.637],[121.842107,24.637597],[121.841928,24.638046],[121.841571,24.638882],[121.841145,24.639796],[121.84101,24.640113],[121.840839,24.640467],[121.840756,24.64062],[121.840632,24.640779],[121.840557,24.640867],[121.840308,24.641103],[121.840225,24.641164],[121.839986,24.641315],[121.839734,24.641466],[121.839624,24.641557],[121.839495,24.641676],[121.839366,24.641837],[121.839294,24.641937],[121.839197,24.6421],[121.839149,24.642208],[121.83905,24.642461],[121.83869,24.643414]]]]}},{"type":"Feature","properties":{"n":"利工三路","v":"蘇澳鎮","w":1.4,"c":1.4,"r":0},"geometry":{"type":"MultiPolygon","coordinates":[[[[121.840965,24.640311],[121.840957,24.640326],[121.842765,24.640867],[121.842741,24.64084],[121.841078,24.640345],[121.841011,24.640314],[121.840965,24.640311]]]]}},{"type":"Feature","properties":{"n":"利工三路","v":"蘇澳鎮","w":1.4,"c":1.4,"r":0},"geometry":{"type":"MultiPolygon","coordinates":[[[[121.841022,24.640211],[121.841051,24.64024],[121.842695,24.64073],[121.842682,24.640708],[121.841022,24.640209],[121.841022,24.640211]]]]}},{"type":"Feature","properties":{"n":"利工三路","v":"蘇澳鎮","w":1.4,"c":1.4,"r":0},"geometry":{"type":"MultiPolygon","coordinates":[[[[121.84161,24.644005],[121.841642,24.643976],[121.842774,24.640935],[121.842763,24.640874],[121.841583,24.643995],[121.84161,24.644005]]]]}},{"type":"Feature","properties":{"n":"頂平路","v":"蘇澳鎮","w":2.5,"c":2.5,"r":0},"geometry":{"type":"MultiPolygon","coordinates":[[[[121.835693,24.640873],[121.835722,24.640883],[121.837101,24.637336],[121.837305,24.636719],[121.83742,24.636253],[121.837621,24.635359],[121.837787,24.634695],[121.837782,24.634671],[121.837755,24.634666],[121.837463,24.635851],[121.837318,24.63647],[121.83712,24.637112],[121.83683,24.637906],[121.836457,24.63885],[121.836095,24.639793],[121.83569,24.640873],[121.835693,24.640873]]]]}},{"type":"Feature","properties":{"n":"頂平路","v":"蘇澳鎮","w":2.5,"c":2.5,"r":0},"geometry":{"type":"MultiPolygon","coordinates":[[[[121.835969,24.641057],[121.835963,24.64073],[121.836044,24.640457],[121.836341,24.639682],[121.83658,24.639077],[121.836814,24.638441],[121.837031,24.63788],[121.837248,24.637302],[121.837436,24.636773],[121.837546,24.636364],[121.837929,24.634703],[121.8379,24.634694],[121.837691,24.635586],[121.83753,24.636305],[121.83743,24.636688],[121.837278,24.637129],[121.836612,24.638889],[121.836046,24.640359],[121.835947,24.640662],[121.835928,24.640789],[121.835931,24.640957],[121.835939,24.641059],[121.835969,24.641057]]]]}},{"type":"Feature","properties":{"n":"頂安路","v":"蘇澳鎮","w":2.5,"c":2.5,"r":0},"geometry":{"type":"MultiPolygon","coordinates":[[[[121.834153,24.635961],[121.834151,24.63601],[121.83635,24.636454],[121.841629,24.637487],[121.841637,24.637463],[121.841594,24.637434],[121.840094,24.637134],[121.836817,24.636495],[121.834296,24.63601],[121.834153,24.635961]]]]}},{"type":"Feature","properties":{"n":"頂安路","v":"蘇澳鎮","w":2.5,"c":2.5,"r":0},"geometry":{"type":"MultiPolygon","coordinates":[[[[121.834184,24.635848],[121.83427,24.635887],[121.837269,24.636472],[121.841676,24.63734],[121.841686,24.637306],[121.838704,24.636726],[121.836877,24.63636],[121.834181,24.635846],[121.834184,24.635848]]]]}},{"type":"Feature","properties":{"n":"頂安路","v":"蘇澳鎮","w":2.5,"c":2.5,"r":0},"geometry":{"type":"MultiPolygon","coordinates":[[[[121.834139,24.636004],[121.834149,24.635946],[121.834047,24.635882],[121.833994,24.635819],[121.833919,24.635687],[121.833892,24.635565],[121.834074,24.63421],[121.834037,24.63421],[121.833838,24.635599],[121.833849,24.635658],[121.833876,24.635726],[121.833924,24.635824],[121.834031,24.635926],[121.834133,24.636004],[121.834139,24.636004]]]]}},{"type":"Feature","properties":{"n":"頂安路","v":"蘇澳鎮","w":2.5,"c":2.5,"r":0},"geometry":{"type":"MultiPolygon","coordinates":[[[[121.834181,24.635848],[121.834262,24.635858],[121.834139,24.635736],[121.83408,24.635614],[121.834063,24.635546],[121.834251,24.634229],[121.834208,24.634219],[121.834058,24.6352],[121.834021,24.635556],[121.834042,24.635658],[121.834085,24.635751],[121.834181,24.635848]]]]}},{"type":"Feature","properties":{"n":"頂強路","v":"蘇澳鎮","w":2.5,"c":2.5,"r":0},"geometry":{"type":"MultiPolygon","coordinates":[[[[121.832132,24.634018],[121.832145,24.634057],[121.832585,24.63403],[121.832781,24.634047],[121.834066,24.634186],[121.842295,24.635174],[121.842308,24.635162],[121.842357,24.635152],[121.838671,24.634708],[121.837196,24.634523],[121.835533,24.634328],[121.83402,24.634143],[121.832583,24.633977],[121.832132,24.634018]]]]}},{"type":"Feature","properties":{"n":"頂強路","v":"蘇澳鎮","w":2.5,"c":2.5,"r":0},"geometry":{"type":"MultiPolygon","coordinates":[[[[121.832089,24.633825],[121.832494,24.633805],[121.832896,24.633822],[121.834283,24.633988],[121.838319,24.634483],[121.839996,24.634683],[121.842412,24.634981],[121.84242,24.634959],[121.840197,24.634683],[121.837625,24.634378],[121.836756,24.634264],[121.83553,24.63412],[121.833719,24.633893],[121.832899,24.633803],[121.832504,24.633783],[121.832086,24.633803],[121.832089,24.633825]]]]}},{"type":"Feature","properties":{"n":"蘇濱路三段","v":"蘇澳鎮","w":2.6,"c":2.6,"r":0},"geometry":{"type":"MultiPolygon","coordinates":[[[[121.832125,24.634025],[121.832088,24.634066],[121.832246,24.63462],[121.832525,24.635244],[121.832839,24.635868],[121.833404,24.636953],[121.833603,24.637465],[121.833839,24.638165],[121.834008,24.63884],[121.834129,24.639225],[121.834359,24.640061],[121.834657,24.641098],[121.834687,24.641119],[121.834697,24.641112],[121.834316,24.639762],[121.834019,24.638733],[121.833818,24.637916],[121.833439,24.636904],[121.832798,24.635683],[121.832428,24.634929],[121.832125,24.634025]]]]}},{"type":"Feature","properties":{"n":"蘇濱路三段","v":"蘇澳鎮","w":2.5,"c":2.5,"r":0},"geometry":{"type":"MultiPolygon","coordinates":[[[[121.83439,24.641218],[121.833806,24.639122],[121.833543,24.638103],[121.833409,24.637678],[121.833167,24.637113],[121.8325,24.635879],[121.832119,24.635104],[121.8321,24.635106],[121.832229,24.635348],[121.832475,24.635867],[121.832773,24.636435],[121.833146,24.637118],[121.833403,24.63773],[121.833529,24.638159],[121.833768,24.639102],[121.834377,24.641223],[121.83439,24.641218]]]]}},{"type":"Feature","properties":{"n":"蘇濱路三段","v":"蘇澳鎮","w":2.5,"c":2.5,"r":0},"geometry":{"type":"MultiPolygon","coordinates":[[[[121.832044,24.633821],[121.832087,24.633826],[121.832028,24.633497],[121.831951,24.632931],[121.831916,24.632926],[121.831985,24.633492],[121.832044,24.633821]]]]}},{"type":"Feature","properties":{"n":"蘇濱路三段","v":"蘇澳鎮","w":2.5,"c":2.5,"r":0},"geometry":{"type":"MultiPolygon","coordinates":[[[[121.831693,24.633855],[121.831725,24.63385],[121.831736,24.633809],[121.831682,24.633506],[121.831647,24.63315],[121.831637,24.632911],[121.831602,24.632911],[121.831642,24.633465],[121.83169,24.633857],[121.831693,24.633855]]]]}},{"type":"Feature","properties":{"n":"龍祥一路","v":"蘇澳鎮","w":2,"c":2,"r":3},"geometry":{"type":"MultiPolygon","coordinates":[[[[121.830956,24.634163],[121.83094,24.634202],[121.831144,24.636336],[121.831165,24.636333],[121.830956,24.634161],[121.830956,24.634163]]]]}},{"type":"Feature","properties":{"n":"龍祥一路","v":"蘇澳鎮","w":2,"c":2,"r":3},"geometry":{"type":"MultiPolygon","coordinates":[[[[121.830824,24.634138],[121.830901,24.634879],[121.831021,24.636263],[121.831045,24.636224],[121.83095,24.63504],[121.830875,24.634185],[121.830845,24.634143],[121.830824,24.634138]]]]}},{"type":"Feature","properties":{"n":"德興八路","v":"蘇澳鎮","w":1.7,"c":1.7,"r":0},"geometry":{"type":"MultiPolygon","coordinates":[[[[121.828486,24.63662],[121.828508,24.636635],[121.828599,24.636581],[121.829624,24.636498],[121.831174,24.636381],[121.831168,24.636357],[121.830654,24.636391],[121.829774,24.636459],[121.82861,24.636557],[121.828588,24.636562],[121.828486,24.636615],[121.828486,24.63662]]]]}},{"type":"Feature","properties":{"n":"德興八路","v":"蘇澳鎮","w":1.7,"c":1.7,"r":0},"geometry":{"type":"MultiPolygon","coordinates":[[[[121.828486,24.636461],[121.828529,24.636485],[121.830969,24.63629],[121.831018,24.636261],[121.83101,24.636239],[121.830959,24.636273],[121.828533,24.636468],[121.828496,24.636449],[121.828488,24.636461],[121.828486,24.636461]]]]}},{"type":"Feature","properties":{"n":"德興七路","v":"蘇澳鎮","w":2,"c":2,"r":0},"geometry":{"type":"MultiPolygon","coordinates":[[[[121.82839,24.635194],[121.828396,24.635204],[121.828433,24.635175],[121.830552,24.635002],[121.83086,24.63498],[121.830906,24.634999],[121.830906,24.634975],[121.830855,24.63496],[121.829731,24.635048],[121.828722,24.635134],[121.828424,24.635161],[121.828389,24.635192],[121.82839,24.635194]]]]}},{"type":"Feature","properties":{"n":"德興七路","v":"蘇澳鎮","w":2,"c":2,"r":0},"geometry":{"type":"MultiPolygon","coordinates":[[[[121.828364,24.635069],[121.82841,24.635098],[121.829029,24.635059],[121.830852,24.634909],[121.830898,24.63488],[121.830893,24.63486],[121.830844,24.63489],[121.829516,24.634999],[121.828411,24.635079],[121.828379,24.635057],[121.828363,24.635067],[121.828364,24.635069]]]]}},{"type":"Feature","properties":{"n":"龍祥二路","v":"蘇澳鎮","w":2,"c":2,"r":0},"geometry":{"type":"MultiPolygon","coordinates":[[[[121.828385,24.635194],[121.828352,24.635264],[121.828458,24.636425],[121.828485,24.636457],[121.828493,24.636449],[121.828474,24.63642],[121.828369,24.63526],[121.828398,24.635211],[121.828385,24.635194]]]]}},{"type":"Feature","properties":{"n":"龍祥二路","v":"蘇澳鎮","w":2,"c":2,"r":0},"geometry":{"type":"MultiPolygon","coordinates":[[[[121.828359,24.63507],[121.828373,24.635056],[121.82834,24.635019],[121.828206,24.6336],[121.828249,24.633544],[121.828244,24.633539],[121.828193,24.633593],[121.828324,24.635025],[121.828356,24.635069],[121.828359,24.63507]]]]}},{"type":"Feature","properties":{"n":"龍祥二路","v":"蘇澳鎮","w":2,"c":2,"r":0},"geometry":{"type":"MultiPolygon","coordinates":[[[[121.828068,24.633567],[121.828382,24.636655],[121.828414,24.636655],[121.828309,24.635737],[121.828261,24.635069],[121.828122,24.633597],[121.828068,24.633567]]]]}},{"type":"Feature","properties":{"n":"德興一路","v":"蘇澳鎮","w":2,"c":2,"r":0},"geometry":{"type":"MultiPolygon","coordinates":[[[[121.818407,24.62416],[121.819863,24.624253],[121.820452,24.624301],[121.820556,24.624333],[121.820661,24.624379],[121.820749,24.624442],[121.821283,24.625027],[121.821573,24.625354],[121.821899,24.625708],[121.823402,24.627403],[121.823908,24.627948],[121.824345,24.628443],[121.824905,24.629065],[121.825489,24.629731],[121.826428,24.63077],[121.8268,24.631198],[121.827227,24.631655],[121.827728,24.632211],[121.827828,24.632335],[121.827932,24.632505],[121.827989,24.632676],[121.828024,24.633096],[121.828029,24.633216],[121.827995,24.633245],[121.828019,24.633265],[121.828056,24.633211],[121.828011,24.632648],[121.827948,24.632464],[121.827894,24.632372],[121.827795,24.632247],[121.826427,24.630721],[121.825783,24.630011],[121.824128,24.628153],[121.823042,24.626953],[121.821567,24.625308],[121.821209,24.624902],[121.820762,24.624413],[121.820654,24.624345],[121.820526,24.624294],[121.820418,24.624262],[121.820011,24.624241],[121.818453,24.62413],[121.818405,24.624159],[121.818407,24.62416]]]]}},{"type":"Feature","properties":{"n":"德興一路","v":"蘇澳鎮","w":2,"c":2,"r":0},"geometry":{"type":"MultiPolygon","coordinates":[[[[121.818418,24.624034],[121.820326,24.62416],[121.820465,24.624175],[121.820637,24.624229],[121.820792,24.624312],[121.820862,24.624365],[121.820973,24.624475],[121.821387,24.624953],[121.8234,24.627199],[121.823598,24.627427],[121.827514,24.631781],[121.82805,24.632415],[121.828125,24.632678],[121.828182,24.633252],[121.828193,24.633291],[121.828214,24.633326],[121.828236,24.633308],[121.828209,24.633279],[121.828147,24.632672],[121.828077,24.632409],[121.827751,24.632012],[121.825818,24.629846],[121.825475,24.629479],[121.824508,24.628405],[121.823024,24.626734],[121.822525,24.626185],[121.822127,24.625732],[121.82163,24.625185],[121.820847,24.624298],[121.820799,24.624278],[121.820643,24.624195],[121.820555,24.624164],[121.820471,24.624147],[121.819978,24.624108],[121.819077,24.624048],[121.818423,24.624015],[121.818417,24.624034],[121.818418,24.624034]]]]}},{"type":"Feature","properties":{"n":"德興二路","v":"蘇澳鎮","w":1.9,"c":1.9,"r":0},"geometry":{"type":"MultiPolygon","coordinates":[[[[121.818304,24.625338],[121.8183,24.62534],[121.818332,24.625349],[121.818367,24.625335],[121.819107,24.625392],[121.820106,24.625461],[121.82106,24.625513],[121.821592,24.625554],[121.821793,24.625619],[121.821803,24.625605],[121.821592,24.625537],[121.818349,24.625313],[121.818304,24.625338]]]]}},{"type":"Feature","properties":{"n":"德興二路","v":"蘇澳鎮","w":1.9,"c":1.9,"r":0},"geometry":{"type":"MultiPolygon","coordinates":[[[[121.81832,24.62522],[121.818368,24.625244],[121.821354,24.62545],[121.821493,24.625455],[121.821525,24.625441],[121.821546,24.625419],[121.821568,24.62539],[121.821573,24.625365],[121.821565,24.625355],[121.821546,24.625394],[121.821522,24.625429],[121.821487,24.625441],[121.818378,24.625224],[121.81834,24.625207],[121.818319,24.625217],[121.81832,24.62522]]]]}},{"type":"Feature","properties":{"n":"龍祥八路","v":"蘇澳鎮","w":1.9,"c":1.9,"r":0},"geometry":{"type":"MultiPolygon","coordinates":[[[[121.818401,24.624168],[121.818366,24.624219],[121.818292,24.625182],[121.818316,24.625213],[121.818335,24.625206],[121.818311,24.625177],[121.818387,24.624223],[121.81843,24.624169],[121.8184,24.624169],[121.818401,24.624168]]]]}},{"type":"Feature","properties":{"n":"龍祥八路","v":"蘇澳鎮","w":1.9,"c":1.9,"r":0},"geometry":{"type":"MultiPolygon","coordinates":[[[[121.818329,24.62535],[121.8183,24.625338],[121.818278,24.62538],[121.818259,24.625483],[121.818196,24.626216],[121.81819,24.626331],[121.818204,24.626372],[121.818223,24.626394],[121.818239,24.626374],[121.818215,24.626326],[121.81829,24.625462],[121.818304,24.625388],[121.818329,24.62535]]]]}},{"type":"Feature","properties":{"n":"德興三路","v":"蘇澳鎮","w":1.9,"c":1.9,"r":0},"geometry":{"type":"MultiPolygon","coordinates":[[[[121.818225,24.6264],[121.818268,24.626425],[121.821379,24.626643],[121.822604,24.626724],[121.822655,24.626702],[121.822695,24.626671],[121.822711,24.626629],[121.822698,24.626615],[121.822674,24.626666],[121.822641,24.626688],[121.822596,24.626707],[121.820656,24.626569],[121.820109,24.626534],[121.819187,24.626464],[121.818288,24.626409],[121.818245,24.62638],[121.818229,24.626397],[121.818225,24.6264]]]]}},{"type":"Feature","properties":{"n":"龍祥五路","v":"蘇澳鎮","w":1.9,"c":1.9,"r":0},"geometry":{"type":"MultiPolygon","coordinates":[[[[121.823312,24.627319],[121.823286,24.627319],[121.823224,24.627358],[121.823197,24.627405],[121.823021,24.629585],[121.823039,24.629641],[121.823053,24.629631],[121.823037,24.629582],[121.823216,24.627405],[121.82324,24.627369],[121.823312,24.627322],[121.823312,24.627319]]]]}},{"type":"Feature","properties":{"n":"龍祥五路","v":"蘇澳鎮","w":1.9,"c":1.9,"r":0},"geometry":{"type":"MultiPolygon","coordinates":[[[[121.823051,24.629763],[121.822997,24.629812],[121.822939,24.63045],[121.822899,24.630947],[121.822907,24.630974],[121.822942,24.631005],[121.822955,24.630993],[121.822917,24.630945],[121.823018,24.629825],[121.823063,24.629779],[121.82305,24.629764],[121.823051,24.629763]]]]}},{"type":"Feature","properties":{"n":"龍祥五路","v":"蘇澳鎮","w":1.9,"c":1.9,"r":0},"geometry":{"type":"MultiPolygon","coordinates":[[[[121.822793,24.632509],[121.822808,24.632499],[121.822787,24.632453],[121.822892,24.631177],[121.822927,24.631138],[121.822914,24.631128],[121.822876,24.631172],[121.822772,24.632458],[121.822793,24.632509]]]]}},{"type":"Feature","properties":{"n":"自強路","v":"蘇澳鎮","w":2.1,"c":2.1,"r":0},"geometry":{"type":"MultiPolygon","coordinates":[[[[121.822793,24.632513],[121.822865,24.632562],[121.82534,24.632733],[121.825699,24.632773],[121.826748,24.633017],[121.827453,24.63319],[121.827949,24.633302],[121.828016,24.633268],[121.827995,24.633251],[121.827944,24.63328],[121.825835,24.632779],[121.825539,24.632723],[121.824752,24.632661],[121.82287,24.632539],[121.822811,24.632503],[121.822795,24.63251],[121.822793,24.632513]]]]}},{"type":"Feature","properties":{"n":"自強路","v":"蘇澳鎮","w":2.1,"c":2.1,"r":0},"geometry":{"type":"MultiPolygon","coordinates":[[[[121.825727,24.63292],[121.825721,24.63292],[121.82571,24.632935],[121.828044,24.633481],[121.828049,24.633457],[121.825727,24.63292]]]]}},{"type":"Feature","properties":{"n":"自強路","v":"蘇澳鎮","w":2.1,"c":2.1,"r":0},"geometry":{"type":"MultiPolygon","coordinates":[[[[121.828244,24.633534],[121.82825,24.633538],[121.828314,24.633524],[121.830799,24.634094],[121.830823,24.634135],[121.830852,24.63414],[121.830812,24.634091],[121.830796,24.634079],[121.828338,24.63351],[121.828249,24.633532],[121.828244,24.633534]]]]}},{"type":"Feature","properties":{"n":"自強路","v":"蘇澳鎮","w":2.1,"c":2.1,"r":0},"geometry":{"type":"MultiPolygon","coordinates":[[[[121.82822,24.633331],[121.828255,24.63336],[121.830169,24.633817],[121.830467,24.633885],[121.830901,24.633953],[121.830942,24.633946],[121.831323,24.633936],[121.831688,24.633901],[121.831725,24.633853],[121.83169,24.633858],[121.831664,24.633882],[121.831331,24.633914],[121.830937,24.633919],[121.830897,24.633928],[121.830443,24.633854],[121.830021,24.63376],[121.829459,24.63362],[121.828269,24.633349],[121.828239,24.633317],[121.828223,24.633329],[121.82822,24.633331]]]]}},{"type":"Feature","properties":{"n":"自強路","v":"蘇澳鎮","w":2.1,"c":2.1,"r":0},"geometry":{"type":"MultiPolygon","coordinates":[[[[121.830956,24.634161],[121.830962,24.634186],[121.831021,24.634122],[121.83174,24.634071],[121.831777,24.6341],[121.831801,24.634096],[121.831756,24.634057],[121.831694,24.634052],[121.83101,24.634103],[121.830956,24.634161]]]]}},{"type":"Feature","properties":{"n":"德興五路","v":"蘇澳鎮","w":1.6,"c":1.6,"r":0},"geometry":{"type":"MultiPolygon","coordinates":[[[[121.82306,24.629775],[121.823062,24.629778],[121.823132,24.629761],[121.824479,24.629868],[121.825474,24.629929],[121.825566,24.629943],[121.825692,24.629985],[121.825745,24.630016],[121.825708,24.629977],[121.825592,24.629929],[121.825488,24.629907],[121.824372,24.629834],[121.823132,24.629744],[121.823049,24.629763],[121.82306,24.629775]]]]}},{"type":"Feature","properties":{"n":"德興五路","v":"蘇澳鎮","w":1.6,"c":1.6,"r":0},"geometry":{"type":"MultiPolygon","coordinates":[[[[121.823043,24.629644],[121.823083,24.629669],[121.824108,24.629751],[121.824674,24.629783],[121.825398,24.629834],[121.825452,24.629802],[121.825479,24.62978],[121.825492,24.629746],[121.825473,24.629724],[121.825452,24.629778],[121.82539,24.629814],[121.824159,24.629734],[121.823093,24.629649],[121.823055,24.629637],[121.823044,24.629644],[121.823043,24.629644]]]]}},{"type":"Feature","properties":{"n":"德興六路","v":"蘇澳鎮","w":1.7,"c":1.7,"r":0},"geometry":{"type":"MultiPolygon","coordinates":[[[[121.827008,24.631429],[121.826895,24.631383],[121.826802,24.631368],[121.82652,24.63134],[121.82582,24.631299],[121.824589,24.631215],[121.823877,24.631159],[121.822998,24.631101],[121.822957,24.631108],[121.822917,24.631127],[121.822928,24.631137],[121.822982,24.631118],[121.823561,24.631152],[121.826842,24.631387],[121.827022,24.631443],[121.827011,24.631434],[121.827008,24.631429]]]]}},{"type":"Feature","properties":{"n":"德興六路","v":"蘇澳鎮","w":1.7,"c":1.7,"r":0},"geometry":{"type":"MultiPolygon","coordinates":[[[[121.822941,24.631003],[121.822981,24.63103],[121.824233,24.631125],[121.826668,24.631289],[121.826719,24.631291],[121.826757,24.631267],[121.826776,24.631245],[121.826794,24.631201],[121.826784,24.631186],[121.826762,24.631235],[121.82673,24.631267],[121.826714,24.631274],[121.823921,24.631088],[121.823039,24.631022],[121.822988,24.631015],[121.822953,24.630996],[121.822943,24.631003],[121.822941,24.631003]]]]}},{"type":"Feature","properties":{"n":"蘇濱路二段","v":"蘇澳鎮","w":3,"c":3,"r":0},"geometry":{"type":"MultiPolygon","coordinates":[[[[121.832086,24.630026],[121.83209,24.630032],[121.832176,24.630042],[121.832305,24.628745],[121.832648,24.627984],[121.832874,24.627613],[121.833517,24.626979],[121.833421,24.62696],[121.832784,24.627578],[121.832537,24.627949],[121.832344,24.628407],[121.832215,24.628788],[121.832086,24.630026]]]]}},{"type":"Feature","properties":{"n":"蘇濱路二段","v":"蘇澳鎮","w":3,"c":3,"r":0},"geometry":{"type":"MultiPolygon","coordinates":[[[[121.83182,24.630007],[121.831831,24.629997],[121.831884,24.629441],[121.83196,24.628827],[121.832013,24.628573],[121.831938,24.628554],[121.831745,24.629997],[121.83182,24.630007]]]]}},{"type":"Feature","properties":{"n":"蘇濱路二段","v":"蘇澳鎮","w":2.5,"c":2.5,"r":0},"geometry":{"type":"MultiPolygon","coordinates":[[[[121.833513,24.626901],[121.833518,24.626928],[121.833577,24.626936],[121.836109,24.625046],[121.836012,24.625036],[121.833513,24.626901]]]]}},{"type":"Feature","properties":{"n":"蘇濱路二段","v":"蘇澳鎮","w":2.5,"c":2.5,"r":0},"geometry":{"type":"MultiPolygon","coordinates":[[[[121.832413,24.627665],[121.832679,24.627323],[121.832966,24.627028],[121.833151,24.626872],[121.83413,24.62615],[121.834435,24.625907],[121.834427,24.625872],[121.834411,24.625877],[121.834409,24.625907],[121.833615,24.626509],[121.833266,24.62676],[121.832982,24.626975],[121.832662,24.627301],[121.83241,24.62764],[121.832413,24.627665]]]]}},{"type":"Feature","properties":{"n":"中山路二段","v":"蘇澳鎮","w":2.1,"c":2.1,"r":4},"geometry":{"type":"MultiPolygon","coordinates":[[[[121.811813,24.615559],[121.812373,24.615388],[121.813567,24.615042],[121.813744,24.615],[121.814114,24.614925],[121.814538,24.614876],[121.814964,24.614859],[121.815139,24.614871],[121.815874,24.614942],[121.816863,24.615083],[121.817923,24.615215],[121.818816,24.615342],[121.819688,24.615452],[121.820694,24.615588],[121.820881,24.615595],[121.821104,24.615578],[121.821325,24.61554],[121.821648,24.615461],[121.821643,24.615447],[121.821275,24.615532],[121.821101,24.615564],[121.82087,24.615578],[121.820511,24.615552],[121.820178,24.6155],[121.819666,24.61543],[121.818815,24.615322],[121.817692,24.615169],[121.81656,24.615022],[121.815892,24.614925],[121.814993,24.614842],[121.814556,24.614859],[121.81413,24.614903],[121.813674,24.614993],[121.813092,24.615154],[121.811807,24.615542],[121.811813,24.615559]]]]}},{"type":"Feature","properties":{"n":"中山路二段","v":"蘇澳鎮","w":2.7,"c":2.7,"r":4},"geometry":{"type":"MultiPolygon","coordinates":[[[[121.812034,24.615242],[121.812042,24.615254],[121.813365,24.614871],[121.813654,24.614805],[121.814024,24.61473],[121.814424,24.614666],[121.81477,24.614645],[121.815081,24.614652],[121.815355,24.614666],[121.815921,24.614727],[121.816358,24.614796],[121.816771,24.614849],[121.817125,24.614888],[121.817211,24.614925],[121.817297,24.614932],[121.817817,24.61501],[121.819483,24.61522],[121.819885,24.615276],[121.820118,24.615315],[121.82051,24.615364],[121.820775,24.615388],[121.821079,24.615376],[121.821583,24.615261],[121.821575,24.615247],[121.821339,24.615305],[121.821052,24.615357],[121.820899,24.615369],[121.820738,24.615369],[121.820274,24.615313],[121.81963,24.61522],[121.81783,24.614979],[121.817235,24.614903],[121.81713,24.614866],[121.816889,24.614844],[121.815752,24.614686],[121.815508,24.614659],[121.815121,24.614627],[121.814722,24.61463],[121.814365,24.614652],[121.813955,24.614713],[121.813415,24.614835],[121.812651,24.615059],[121.812034,24.615242]]]]}},{"type":"Feature","properties":{"n":"志成路","v":"蘇澳鎮","w":1.6,"c":1.6,"r":20},"geometry":{"type":"MultiPolygon","coordinates":[[[[121.836475,24.594561],[121.836478,24.594565],[121.836735,24.594551],[121.836829,24.59457],[121.83868,24.594575],[121.838715,24.594597],[121.838739,24.594587],[121.838699,24.594558],[121.836827,24.594551],[121.836727,24.594534],[121.836494,24.594544],[121.836475,24.594561]]]]}},{"type":"Feature","properties":{"n":"志成路","v":"蘇澳鎮","w":1.6,"c":1.6,"r":0},"geometry":{"type":"MultiPolygon","coordinates":[[[[121.838852,24.594564],[121.838874,24.594574],[121.838895,24.594562],[121.839566,24.594562],[121.842044,24.593527],[121.842092,24.593527],[121.842103,24.593506],[121.842058,24.593506],[121.841776,24.59362],[121.840016,24.594359],[121.839566,24.59454],[121.838882,24.59454],[121.838852,24.594564]]]]}},{"type":"Feature","properties":{"n":"志成路","v":"蘇澳鎮","w":1.6,"c":1.6,"r":0},"geometry":{"type":"MultiPolygon","coordinates":[[[[121.842149,24.593503],[121.842524,24.593337],[121.842554,24.593337],[121.842562,24.593323],[121.842519,24.59332],[121.842141,24.593481],[121.842149,24.593503]]]]}},{"type":"Feature","properties":{"n":"志成路","v":"蘇澳鎮","w":1.6,"c":1.6,"r":0},"geometry":{"type":"MultiPolygon","coordinates":[[[[121.836331,24.594406],[121.836358,24.594415],[121.83783,24.59442],[121.837855,24.594406],[121.837838,24.594398],[121.837822,24.594411],[121.836366,24.594406],[121.836347,24.594396],[121.836331,24.594406]]]]}},{"type":"Feature","properties":{"n":"志成路","v":"蘇澳鎮","w":1.6,"c":1.6,"r":0},"geometry":{"type":"MultiPolygon","coordinates":[[[[121.838007,24.594408],[121.838037,24.594425],[121.839145,24.594433],[121.839142,24.59442],[121.838045,24.594413],[121.838024,24.594403],[121.838007,24.594408]]]]}},{"type":"Feature","properties":{"n":"志成路","v":"蘇澳鎮","w":1.6,"c":1.6,"r":0},"geometry":{"type":"MultiPolygon","coordinates":[[[[121.839247,24.594433],[121.839247,24.594452],[121.839547,24.59445],[121.840352,24.594128],[121.841685,24.593557],[121.841738,24.593498],[121.84172,24.593494],[121.841666,24.59355],[121.840738,24.593947],[121.839552,24.594433],[121.839247,24.594433]]]]}},{"type":"Feature","properties":{"n":"志成路","v":"蘇澳鎮","w":1.6,"c":1.6,"r":0},"geometry":{"type":"MultiPolygon","coordinates":[[[[121.841848,24.593442],[121.841878,24.593442],[121.842514,24.593196],[121.842548,24.593164],[121.842532,24.593162],[121.842503,24.593189],[121.841889,24.593428],[121.841859,24.593433],[121.841848,24.593442]]]]}},{"type":"Feature","properties":{"n":"蘇港路","v":"蘇澳鎮","w":2.5,"c":2.5,"r":0},"geometry":{"type":"MultiPolygon","coordinates":[[[[121.836988,24.596151],[121.836996,24.596172],[121.838994,24.595829],[121.838989,24.595807],[121.836988,24.596151]]]]}},{"type":"Feature","properties":{"n":"蘇港路","v":"蘇澳鎮","w":2.5,"c":2.5,"r":0},"geometry":{"type":"MultiPolygon","coordinates":[[[[121.837084,24.59588],[121.837117,24.595894],[121.83787,24.59577],[121.8379,24.595746],[121.837881,24.595741],[121.837857,24.595758],[121.837122,24.595885],[121.837095,24.595873],[121.837084,24.59588]]]]}},{"type":"Feature","properties":{"n":"蘇港路","v":"蘇澳鎮","w":2.5,"c":2.5,"r":0},"geometry":{"type":"MultiPolygon","coordinates":[[[[121.83797,24.595734],[121.837972,24.595748],[121.838275,24.595697],[121.838273,24.595677],[121.83797,24.595734]]]]}},{"type":"Feature","properties":{"n":"蘇港路","v":"蘇澳鎮","w":2.5,"c":2.5,"r":0},"geometry":{"type":"MultiPolygon","coordinates":[[[[121.83834,24.595668],[121.838342,24.595685],[121.838903,24.595582],[121.8389,24.595568],[121.83834,24.595668]]]]}},{"type":"Feature","properties":{"n":"蘇港路","v":"蘇澳鎮","w":2.5,"c":2.5,"r":0},"geometry":{"type":"MultiPolygon","coordinates":[[[[121.838998,24.595831],[121.839003,24.595833],[121.839998,24.595648],[121.841533,24.595138],[121.841873,24.595053],[121.842509,24.59496],[121.843711,24.594802],[121.843708,24.594777],[121.842675,24.594907],[121.841871,24.595026],[121.841546,24.595102],[121.840444,24.595463],[121.839985,24.595629],[121.838993,24.595802],[121.838998,24.595831]]]]}},{"type":"Feature","properties":{"n":"蘇港路","v":"蘇澳鎮","w":2.5,"c":2.5,"r":0},"geometry":{"type":"MultiPolygon","coordinates":[[[[121.838996,24.595574],[121.839787,24.59543],[121.840691,24.595135],[121.841367,24.594909],[121.841571,24.594852],[121.841954,24.594772],[121.842882,24.59464],[121.843687,24.594548],[121.843687,24.594518],[121.843161,24.594589],[121.842832,24.594623],[121.841944,24.594752],[121.841372,24.594884],[121.839776,24.595406],[121.838993,24.59555],[121.838996,24.595574]]]]}},{"type":"Feature","properties":{"n":"蘇港路","v":"蘇澳鎮","w":2.5,"c":2.5,"r":0},"geometry":{"type":"MultiPolygon","coordinates":[[[[121.843865,24.59476],[121.843865,24.594772],[121.845552,24.594477],[121.846502,24.594336],[121.847247,24.594268],[121.847647,24.594243],[121.847647,24.594226],[121.847137,24.594258],[121.846499,24.594324],[121.845571,24.594458],[121.84445,24.594658],[121.843865,24.59476]]]]}},{"type":"Feature","properties":{"n":"蘇港路","v":"蘇澳鎮","w":2.5,"c":2.5,"r":0},"geometry":{"type":"MultiPolygon","coordinates":[[[[121.843691,24.594545],[121.843914,24.594518],[121.845673,24.594216],[121.845936,24.594179],[121.846357,24.594101],[121.847071,24.594028],[121.847366,24.594009],[121.847376,24.594006],[121.847376,24.593984],[121.846333,24.594079],[121.845941,24.59416],[121.843691,24.594518],[121.843691,24.594545]]]]}},{"type":"Feature","properties":{"n":"蘇港路","v":"蘇澳鎮","w":2.5,"c":2.5,"r":0},"geometry":{"type":"MultiPolygon","coordinates":[[[[121.84787,24.594238],[121.847889,24.594245],[121.847923,24.594228],[121.848243,24.594221],[121.849222,24.594216],[121.850335,24.594243],[121.85144,24.594291],[121.852177,24.594316],[121.853223,24.59434],[121.853253,24.594365],[121.85328,24.594357],[121.853242,24.594323],[121.853194,24.594313],[121.852419,24.594301],[121.851582,24.594274],[121.85086,24.59424],[121.849997,24.594211],[121.849243,24.594201],[121.849206,24.594194],[121.848733,24.594192],[121.847913,24.594213],[121.84787,24.594238]]]]}},{"type":"Feature","properties":{"n":"蘇港路","v":"蘇澳鎮","w":2.5,"c":2.5,"r":0},"geometry":{"type":"MultiPolygon","coordinates":[[[[121.847489,24.594008],[121.847921,24.593978],[121.848981,24.593966],[121.850019,24.593986],[121.850056,24.593981],[121.85159,24.594042],[121.852277,24.594052],[121.852816,24.594071],[121.852848,24.594052],[121.852838,24.594039],[121.852808,24.594061],[121.852304,24.594042],[121.850952,24.594005],[121.850043,24.593966],[121.850005,24.593971],[121.848983,24.593952],[121.848173,24.593959],[121.847481,24.593993],[121.847489,24.594008]]]]}},{"type":"Feature","properties":{"n":"中正路","v":"蘇澳鎮","w":3.17,"c":3.17,"r":0},"geometry":{"type":"MultiPolygon","coordinates":[[[[121.853441,24.594349],[121.853422,24.596056],[121.853446,24.596056],[121.85347,24.594349],[121.853441,24.594349]]]]}},{"type":"Feature","properties":{"n":"蘇港路","v":"蘇澳鎮","w":3,"c":3,"r":0},"geometry":{"type":"MultiPolygon","coordinates":[[[[121.853444,24.594347],[121.855241,24.594405],[121.855404,24.594451],[121.855525,24.594493],[121.855732,24.594617],[121.855898,24.594742],[121.856051,24.594956],[121.856115,24.595081],[121.856179,24.595344],[121.856193,24.595607],[121.85619,24.596115],[121.856171,24.596137],[121.856179,24.596159],[121.856217,24.59612],[121.856217,24.595537],[121.856188,24.595247],[121.856075,24.594942],[121.856013,24.594839],[121.855911,24.59472],[121.85574,24.594586],[121.855555,24.594483],[121.855412,24.594425],[121.855241,24.594381],[121.855058,24.594361],[121.854069,24.594342],[121.853446,24.594317],[121.853444,24.594347]]]]}},{"type":"Feature","properties":{"n":"蘇港路","v":"蘇澳鎮","w":3,"c":3,"r":0},"geometry":{"type":"MultiPolygon","coordinates":[[[[121.85347,24.594116],[121.854403,24.594141],[121.855205,24.594172],[121.855302,24.59419],[121.855479,24.594241],[121.855707,24.594321],[121.855844,24.594402],[121.855986,24.594509],[121.856141,24.59467],[121.856227,24.594775],[121.856291,24.594892],[121.856375,24.595072],[121.856439,24.595333],[121.856463,24.595546],[121.856506,24.595546],[121.856479,24.595302],[121.856442,24.595116],[121.856345,24.594892],[121.856211,24.594682],[121.856104,24.594541],[121.855793,24.594309],[121.855514,24.594199],[121.855224,24.594126],[121.85487,24.594107],[121.853454,24.594085],[121.85347,24.594116]]]]}},{"type":"Feature","properties":{"n":"蘇東北路","v":"蘇澳鎮","w":3.5,"c":3.5,"r":0},"geometry":{"type":"MultiPolygon","coordinates":[[[[121.856498,24.598258],[121.856517,24.598258],[121.856522,24.598167],[121.856503,24.59815],[121.856506,24.596989],[121.856525,24.596945],[121.856503,24.596933],[121.856482,24.596987],[121.856487,24.597762],[121.856485,24.598165],[121.856501,24.598182],[121.856498,24.598258]]]]}},{"type":"Feature","properties":{"n":"蘇東北路","v":"蘇澳鎮","w":3.5,"c":3.5,"r":5},"geometry":{"type":"MultiPolygon","coordinates":[[[[121.85616,24.596316],[121.856141,24.596331],[121.856179,24.596399],[121.856163,24.59815],[121.856136,24.598167],[121.856144,24.598182],[121.856179,24.598162],[121.8562,24.597343],[121.856195,24.596858],[121.856203,24.596394],[121.85616,24.596316]]]]}},{"type":"Feature","properties":{"n":"蘇東北路","v":"蘇澳鎮","w":1.8,"c":1.8,"r":0},"geometry":{"type":"MultiPolygon","coordinates":[[[[121.855766,24.598177],[121.856125,24.598189],[121.856141,24.598182],[121.856136,24.598172],[121.85612,24.59818],[121.855766,24.598167],[121.855766,24.598177]]]]}},{"type":"Feature","properties":{"n":"白米橋","v":"蘇澳鎮","w":1.6,"c":1.6,"r":0},"geometry":{"type":"MultiPolygon","coordinates":[[[[121.853406,24.596239],[121.854082,24.596261],[121.854085,24.596242],[121.853406,24.596225],[121.853406,24.596239]]]]}},{"type":"Feature","properties":{"n":"白米橋","v":"蘇澳鎮","w":1.6,"c":1.6,"r":0},"geometry":{"type":"MultiPolygon","coordinates":[[[[121.853423,24.596074],[121.85409,24.596098],[121.85409,24.596083],[121.85342,24.596061],[121.853423,24.596074]]]]}},{"type":"Feature","properties":{"n":"蘇南路","v":"蘇澳鎮","w":2.6,"c":2.6,"r":0},"geometry":{"type":"MultiPolygon","coordinates":[[[[121.851525,24.595513],[121.851509,24.595526],[121.85152,24.595535],[121.851549,24.595523],[121.852241,24.595543],[121.852284,24.59556],[121.852295,24.595547],[121.852244,24.59553],[121.851525,24.595513]]]]}},{"type":"Feature","properties":{"n":"蘇南路","v":"蘇澳鎮","w":1,"c":1,"r":null},"geometry":{"type":"MultiPolygon","coordinates":[[[[121.848432,24.595304],[121.848435,24.595321],[121.849299,24.59536],[121.849304,24.595343],[121.848432,24.595304]]]]}},{"type":"Feature","properties":{"n":"泉興路","v":"蘇澳鎮","w":1.2,"c":1.2,"r":null},"geometry":{"type":"MultiPolygon","coordinates":[[[[121.848698,24.596647],[121.848682,24.596637],[121.848626,24.596666],[121.848556,24.59672],[121.848508,24.596805],[121.848414,24.596993],[121.848355,24.59713],[121.84835,24.597205],[121.848371,24.597252],[121.848427,24.597308],[121.848481,24.597344],[121.848519,24.597349],[121.848521,24.597335],[121.848486,24.597332],[121.848438,24.597298],[121.848382,24.597242],[121.848371,24.597203],[121.848382,24.597122],[121.848454,24.596959],[121.84857,24.596742],[121.848626,24.596686],[121.848698,24.596647]]]]}},{"type":"Feature","properties":{"n":"中原路","v":"蘇澳鎮","w":3.2,"c":3.2,"r":null},"geometry":{"type":"MultiPolygon","coordinates":[[[[121.849612,24.597934],[121.849599,24.598214],[121.849625,24.598212],[121.849642,24.597936],[121.849612,24.597934]]]]}},{"type":"Feature","properties":{"n":"中原路","v":"蘇澳鎮","w":3.5,"c":3.5,"r":null},"geometry":{"type":"MultiPolygon","coordinates":[[[[121.849695,24.598212],[121.849722,24.598214],[121.849735,24.597934],[121.849714,24.597934],[121.849714,24.597939],[121.849695,24.598212]]]]}},{"type":"Feature","properties":{"n":"隘丁嶺橋","v":"蘇澳鎮","w":1.8,"c":1.8,"r":0},"geometry":{"type":"MultiPolygon","coordinates":[[[[121.837593,24.611665],[121.837625,24.611631],[121.837588,24.609893],[121.837567,24.609898],[121.837599,24.611629],[121.837567,24.611664],[121.837593,24.611665]]]]}},{"type":"Feature","properties":{"n":"隘丁嶺橋","v":"蘇澳鎮","w":1.8,"c":1.8,"r":0},"geometry":{"type":"MultiPolygon","coordinates":[[[[121.837789,24.609837],[121.837816,24.611631],[121.837827,24.611655],[121.837851,24.611648],[121.837838,24.611626],[121.837822,24.609832],[121.837789,24.609837]]]]}},{"type":"Feature","properties":{"n":"聖愛路","v":"蘇澳鎮","w":1.8,"c":1.8,"r":0},"geometry":{"type":"MultiPolygon","coordinates":[[[[121.837586,24.609703],[121.837597,24.608781],[121.837581,24.608217],[121.837521,24.607954],[121.837454,24.607749],[121.837044,24.606574],[121.836821,24.605859],[121.836803,24.605703],[121.836816,24.605564],[121.836929,24.605291],[121.836907,24.605286],[121.836797,24.60555],[121.836781,24.605694],[121.836789,24.60585],[121.837039,24.606625],[121.837503,24.607978],[121.837556,24.608244],[121.837562,24.609715],[121.837586,24.609703]]]]}},{"type":"Feature","properties":{"n":"聖愛路","v":"蘇澳鎮","w":1.8,"c":1.8,"r":0},"geometry":{"type":"MultiPolygon","coordinates":[[[[121.837089,24.605332],[121.837008,24.605505],[121.836973,24.605749],[121.836989,24.605827],[121.837126,24.606266],[121.837545,24.607463],[121.837719,24.608034],[121.837743,24.608214],[121.837762,24.608682],[121.83777,24.609694],[121.837805,24.609687],[121.837789,24.608458],[121.837765,24.60807],[121.837596,24.607495],[121.837443,24.607041],[121.837196,24.606368],[121.837019,24.605822],[121.837014,24.605761],[121.837046,24.60551],[121.83711,24.605349],[121.837089,24.605332]]]]}},{"type":"Feature","properties":{"n":"聖愛路","v":"蘇澳鎮","w":1.8,"c":1.8,"r":0},"geometry":{"type":"MultiPolygon","coordinates":[[[[121.837129,24.605232],[121.837156,24.605242],[121.837315,24.60491],[121.837365,24.604771],[121.837376,24.604622],[121.837376,24.603739],[121.837451,24.603449],[121.837577,24.602913],[121.837644,24.602496],[121.837644,24.602432],[121.837628,24.602323],[121.837556,24.601913],[121.837449,24.601574],[121.837387,24.601423],[121.836912,24.600591],[121.836521,24.599937],[121.836124,24.59923],[121.835901,24.598852],[121.835273,24.598386],[121.835169,24.598213],[121.835139,24.598011],[121.835147,24.597879],[121.835228,24.597601],[121.835295,24.597482],[121.835273,24.597467],[121.835206,24.597584],[121.835123,24.597869],[121.83511,24.598016],[121.835139,24.598216],[121.835241,24.598377],[121.835501,24.598589],[121.835863,24.598855],[121.836067,24.599186],[121.8364,24.599779],[121.836883,24.600613],[121.837046,24.600886],[121.837336,24.601406],[121.837395,24.601532],[121.837529,24.601981],[121.83761,24.602427],[121.83761,24.602503],[121.837534,24.602949],[121.837347,24.603725],[121.837339,24.604042],[121.837336,24.604676],[121.837323,24.604756],[121.837282,24.604898],[121.837129,24.605232]]]]}},{"type":"Feature","properties":{"n":"聖愛路","v":"蘇澳鎮","w":1.8,"c":1.8,"r":1},"geometry":{"type":"MultiPolygon","coordinates":[[[[121.836946,24.60518],[121.836978,24.605192],[121.837166,24.604772],[121.837179,24.60436],[121.83719,24.603748],[121.837361,24.603016],[121.837447,24.602524],[121.837439,24.602375],[121.837375,24.601973],[121.837262,24.60158],[121.836994,24.601083],[121.835902,24.599258],[121.83569,24.598932],[121.835151,24.598539],[121.835031,24.598378],[121.834974,24.598278],[121.834923,24.59801],[121.834956,24.59779],[121.835033,24.597561],[121.835106,24.597432],[121.835084,24.597422],[121.835033,24.597522],[121.834945,24.597746],[121.834897,24.597995],[121.83495,24.598288],[121.835127,24.598554],[121.83568,24.598946],[121.836128,24.599685],[121.837023,24.601183],[121.837233,24.60159],[121.837337,24.601978],[121.837412,24.602504],[121.837332,24.603004],[121.837155,24.603746],[121.83715,24.604219],[121.837133,24.60477],[121.836951,24.605165],[121.836946,24.60518]]]]}},{"type":"Feature","properties":{"n":"聖賢路","v":"蘇澳鎮","w":3.5,"c":3.5,"r":0},"geometry":{"type":"MultiPolygon","coordinates":[[[[121.833984,24.597834],[121.833981,24.597839],[121.834008,24.597842],[121.834303,24.597586],[121.834287,24.597566],[121.833984,24.597834]]]]}},{"type":"Feature","properties":{"n":"中山路二段","v":"蘇澳鎮","w":1.7,"c":1.7,"r":0},"geometry":{"type":"MultiPolygon","coordinates":[[[[121.834899,24.597403],[121.834725,24.597706],[121.834534,24.598113],[121.834427,24.598513],[121.834389,24.59881],[121.834381,24.598981],[121.834416,24.599274],[121.834462,24.599523],[121.834757,24.600647],[121.834853,24.601052],[121.834886,24.601254],[121.834886,24.601683],[121.834829,24.6021],[121.834676,24.602561],[121.834526,24.602922],[121.834551,24.602936],[121.834739,24.602492],[121.834852,24.602116],[121.834919,24.601692],[121.834921,24.601246],[121.834814,24.600729],[121.83449,24.599514],[121.834409,24.598985],[121.83446,24.5985],[121.834562,24.598129],[121.834747,24.597722],[121.834924,24.597417],[121.834899,24.597403]]]]}},{"type":"Feature","properties":{"n":"中山路二段","v":"蘇澳鎮","w":1.7,"c":1.7,"r":0},"geometry":{"type":"MultiPolygon","coordinates":[[[[121.834524,24.5976],[121.834508,24.59758],[121.83428,24.598056],[121.834111,24.598656],[121.834103,24.598817],[121.834111,24.599085],[121.834138,24.599302],[121.834473,24.60057],[121.834573,24.601012],[121.834616,24.601353],[121.834616,24.601682],[121.834594,24.601902],[121.8345,24.60227],[121.834283,24.602816],[121.834296,24.602831],[121.834495,24.602348],[121.834562,24.602158],[121.834621,24.601904],[121.834645,24.601675],[121.834645,24.60137],[121.834618,24.601104],[121.834575,24.600848],[121.834366,24.600039],[121.834162,24.599285],[121.83413,24.599019],[121.834135,24.598678],[121.834213,24.59838],[121.834342,24.597968],[121.834524,24.5976]]]]}},{"type":"Feature","properties":{"n":"中山路二段","v":"蘇澳鎮","w":1.7,"c":1.7,"r":0},"geometry":{"type":"MultiPolygon","coordinates":[[[[121.833553,24.603755],[121.833564,24.603775],[121.833857,24.603665],[121.834047,24.603545],[121.834157,24.603443],[121.834347,24.603245],[121.834546,24.602943],[121.834524,24.602928],[121.834304,24.603258],[121.834117,24.603445],[121.834012,24.603531],[121.833819,24.60365],[121.833553,24.603755]]]]}},{"type":"Feature","properties":{"n":"中山路二段","v":"蘇澳鎮","w":1.7,"c":1.7,"r":0},"geometry":{"type":"MultiPolygon","coordinates":[[[[121.832676,24.603753],[121.833505,24.603531],[121.833663,24.60347],[121.833755,24.603428],[121.834004,24.603238],[121.83398,24.603221],[121.833749,24.603399],[121.833489,24.603516],[121.832668,24.603731],[121.832676,24.603753]]]]}},{"type":"Feature","properties":{"n":"中山路二段","v":"蘇澳鎮","w":1.7,"c":1.7,"r":0},"geometry":{"type":"MultiPolygon","coordinates":[[[[121.826973,24.608344],[121.826989,24.608352],[121.827064,24.608213],[121.827595,24.607493],[121.827987,24.607125],[121.828719,24.606474],[121.830087,24.605235],[121.830546,24.60483],[121.830819,24.60463],[121.83112,24.604464],[121.831686,24.604284],[121.832791,24.603977],[121.832791,24.603962],[121.831675,24.604269],[121.83112,24.604447],[121.830833,24.604596],[121.830524,24.604816],[121.829205,24.606008],[121.828682,24.606462],[121.828081,24.607005],[121.827579,24.607474],[121.827327,24.607827],[121.827064,24.608171],[121.826973,24.608344]]]]}},{"type":"Feature","properties":{"n":"中山路二段","v":"蘇澳鎮","w":1.7,"c":1.7,"r":0},"geometry":{"type":"MultiPolygon","coordinates":[[[[121.832667,24.603756],[121.832656,24.603732],[121.832367,24.603827],[121.831422,24.604086],[121.830894,24.604273],[121.83051,24.604495],[121.829749,24.605168],[121.829172,24.605703],[121.828536,24.606271],[121.82804,24.60669],[121.827431,24.607244],[121.826948,24.607861],[121.826973,24.60787],[121.8273,24.607436],[121.827437,24.607275],[121.82789,24.606854],[121.828845,24.606034],[121.829534,24.605405],[121.829848,24.6051],[121.830535,24.604512],[121.830958,24.604276],[121.831401,24.60411],[121.831884,24.603976],[121.832667,24.603756]]]]}},{"type":"Feature","properties":{"n":"中山路二段","v":"蘇澳鎮","w":26,"c":1.2,"r":0},"geometry":{"type":"MultiPolygon","coordinates":[[[[121.825698,24.611616],[121.825723,24.611626],[121.825898,24.611185],[121.825882,24.611158],[121.826956,24.60846],[121.826926,24.608451],[121.826626,24.609224],[121.826159,24.610392],[121.825846,24.61116],[121.825862,24.611182],[121.825698,24.611616]]]]}},{"type":"Feature","properties":{"n":"中山路二段","v":"蘇澳鎮","w":1.7,"c":1.7,"r":0},"geometry":{"type":"MultiPolygon","coordinates":[[[[121.82552,24.61135],[121.826352,24.609282],[121.826802,24.608175],[121.826878,24.60801],[121.826861,24.607971],[121.826674,24.608385],[121.82611,24.609756],[121.825494,24.611336],[121.82552,24.61135]]]]}},{"type":"Feature","properties":{"n":"馬賽路","v":"蘇澳鎮","w":2,"c":2,"r":0},"geometry":{"type":"MultiPolygon","coordinates":[[[[121.826065,24.616243],[121.826384,24.616655],[121.826373,24.616731],[121.826387,24.616738],[121.826395,24.616645],[121.826092,24.616248],[121.826076,24.616246],[121.826065,24.616243]]]]}},{"type":"Feature","properties":{"n":"馬賽路","v":"蘇澳鎮","w":2,"c":2,"r":0},"geometry":{"type":"MultiPolygon","coordinates":[[[[121.826701,24.616563],[121.826725,24.616555],[121.82666,24.616521],[121.82644,24.61625],[121.826419,24.616263],[121.826652,24.616541],[121.826701,24.616563]]]]}},{"type":"Feature","properties":{"n":"馬賽路","v":"蘇澳鎮","w":2.1,"c":2.1,"r":0},"geometry":{"type":"MultiPolygon","coordinates":[[[[121.826599,24.617001],[121.826596,24.617016],[121.826706,24.61704],[121.827087,24.617443],[121.8271,24.617433],[121.826722,24.617028],[121.826599,24.617001]]]]}},{"type":"Feature","properties":{"n":"馬賽路","v":"蘇澳鎮","w":1.6,"c":1.6,"r":1},"geometry":{"type":"MultiPolygon","coordinates":[[[[121.82682,24.61676],[121.826841,24.616816],[121.828166,24.618369],[121.82818,24.618362],[121.827528,24.617584],[121.826852,24.616799],[121.826844,24.61677],[121.82682,24.61676]]]]}},{"type":"Feature","properties":{"n":"馬賽路","v":"蘇澳鎮","w":2,"c":2,"r":0},"geometry":{"type":"MultiPolygon","coordinates":[[[[121.827166,24.617531],[121.827925,24.618397],[121.827939,24.618389],[121.82719,24.617519],[121.827166,24.617531]]]]}},{"type":"Feature","properties":{"n":"馬賽路","v":"蘇澳鎮","w":1.8,"c":1.8,"r":0},"geometry":{"type":"MultiPolygon","coordinates":[[[[121.82821,24.618399],[121.828607,24.618853],[121.82865,24.618867],[121.82866,24.618848],[121.828623,24.618843],[121.828226,24.618389],[121.82821,24.618399]]]]}},{"type":"Feature","properties":{"n":"馬賽路","v":"蘇澳鎮","w":1.8,"c":1.8,"r":0},"geometry":{"type":"MultiPolygon","coordinates":[[[[121.827952,24.618453],[121.827958,24.61848],[121.828004,24.618489],[121.829063,24.619767],[121.829074,24.619794],[121.829095,24.619794],[121.829089,24.619765],[121.828006,24.618467],[121.827952,24.618453]]]]}},{"type":"Feature","properties":{"n":"馬賽路","v":"蘇澳鎮","w":1.8,"c":1.8,"r":0},"geometry":{"type":"MultiPolygon","coordinates":[[[[121.829323,24.619657],[121.829347,24.61964],[121.829299,24.619635],[121.828811,24.619062],[121.828814,24.619006],[121.82879,24.619004],[121.82879,24.619067],[121.829297,24.619655],[121.829323,24.619657]]]]}},{"type":"Feature","properties":{"n":"祥和路","v":"蘇澳鎮","w":2,"c":2,"r":0},"geometry":{"type":"MultiPolygon","coordinates":[[[[121.828791,24.618994],[121.828812,24.618999],[121.828826,24.618972],[121.829847,24.618258],[121.831639,24.616951],[121.832857,24.616032],[121.834498,24.614866],[121.834464,24.614829],[121.833828,24.615278],[121.832465,24.616263],[121.83092,24.617419],[121.828804,24.618965],[121.828791,24.618994]]]]}},{"type":"Feature","properties":{"n":"祥和路","v":"蘇澳鎮","w":2,"c":2,"r":0},"geometry":{"type":"MultiPolygon","coordinates":[[[[121.828655,24.618865],[121.828704,24.618865],[121.831313,24.616931],[121.832679,24.615926],[121.833711,24.615178],[121.834213,24.614822],[121.834189,24.614802],[121.828692,24.618842],[121.828665,24.618852],[121.828655,24.618865]]]]}},{"type":"Feature","properties":{"n":"祥義路","v":"蘇澳鎮","w":2,"c":2,"r":0},"geometry":{"type":"MultiPolygon","coordinates":[[[[121.828692,24.615362],[121.82867,24.615379],[121.831205,24.618237],[121.831224,24.61823],[121.830535,24.617462],[121.82969,24.616496],[121.828692,24.615362]]]]}},{"type":"Feature","properties":{"n":"祥義路","v":"蘇澳鎮","w":2,"c":2,"r":2},"geometry":{"type":"MultiPolygon","coordinates":[[[[121.828784,24.615291],[121.829755,24.616413],[121.831316,24.618156],[121.831332,24.618144],[121.830691,24.617427],[121.829476,24.616049],[121.828802,24.615276],[121.828784,24.615291]]]]}},{"type":"Feature","properties":{"n":"忠孝路","v":"蘇澳鎮","w":2.1,"c":2.1,"r":6},"geometry":{"type":"MultiPolygon","coordinates":[[[[121.835664,24.614956],[121.835699,24.614953],[121.836624,24.614258],[121.836901,24.613997],[121.837174,24.613649],[121.837397,24.613251],[121.837555,24.612817],[121.837622,24.612399],[121.837636,24.611887],[121.837603,24.611897],[121.837595,24.612406],[121.837523,24.612806],[121.837362,24.613245],[121.837155,24.613618],[121.836876,24.613977],[121.836606,24.614228],[121.835694,24.614933],[121.835667,24.614942],[121.835664,24.614956]]]]}},{"type":"Feature","properties":{"n":"忠孝路","v":"蘇澳鎮","w":2.1,"c":2.1,"r":5},"geometry":{"type":"MultiPolygon","coordinates":[[[[121.835699,24.615167],[121.835707,24.615189],[121.836308,24.614743],[121.836737,24.614412],[121.836863,24.614307],[121.83722,24.613934],[121.837432,24.613621],[121.837604,24.6133],[121.837684,24.613083],[121.83773,24.6129],[121.837805,24.612634],[121.837832,24.612361],[121.837842,24.611861],[121.837813,24.611863],[121.837802,24.612361],[121.837773,24.612646],[121.837679,24.613009],[121.837601,24.613224],[121.837427,24.61357],[121.837311,24.613753],[121.837164,24.613948],[121.836997,24.614136],[121.836737,24.614387],[121.83634,24.614685],[121.835699,24.615167]]]]}},{"type":"Feature","properties":{"n":"馬賽路","v":"蘇澳鎮","w":1.8,"c":1.8,"r":0},"geometry":{"type":"MultiPolygon","coordinates":[[[[121.829434,24.619763],[121.829434,24.619816],[121.830101,24.620621],[121.831129,24.621813],[121.831182,24.621803],[121.829442,24.61975],[121.829434,24.619763]]]]}},{"type":"Feature","properties":{"n":"馬賽路","v":"蘇澳鎮","w":1.8,"c":1.8,"r":0},"geometry":{"type":"MultiPolygon","coordinates":[[[[121.830935,24.62198],[121.830951,24.621941],[121.830616,24.621539],[121.830087,24.620922],[121.829835,24.620617],[121.829245,24.619929],[121.829221,24.619927],[121.829224,24.619942],[121.829242,24.619944],[121.830929,24.621934],[121.830921,24.62197],[121.830935,24.62198]]]]}},{"type":"Feature","properties":{"n":"馬賽路","v":"蘇澳鎮","w":1.8,"c":1.8,"r":0},"geometry":{"type":"MultiPolygon","coordinates":[[[[121.834405,24.625883],[121.834421,24.625873],[121.834301,24.625725],[121.833753,24.62511],[121.833745,24.625137],[121.834405,24.625883]]]]}},{"type":"Feature","properties":{"n":"馬賽路","v":"蘇澳鎮","w":1.8,"c":1.8,"r":0},"geometry":{"type":"MultiPolygon","coordinates":[[[[121.834622,24.625759],[121.834636,24.625744],[121.833896,24.624918],[121.833896,24.624905],[121.833877,24.624893],[121.833877,24.624918],[121.834622,24.625759]]]]}},{"type":"Feature","properties":{"n":"馬賽路","v":"蘇澳鎮","w":1.8,"c":1.8,"r":0},"geometry":{"type":"MultiPolygon","coordinates":[[[[121.833807,24.624815],[121.833804,24.624798],[121.833794,24.624801],[121.833534,24.624489],[121.833509,24.624506],[121.833778,24.624815],[121.833807,24.624815]]]]}},{"type":"Feature","properties":{"n":"馬賽路","v":"蘇澳鎮","w":1.8,"c":1.8,"r":0},"geometry":{"type":"MultiPolygon","coordinates":[[[[121.83367,24.625047],[121.833678,24.625025],[121.83337,24.624662],[121.833343,24.624662],[121.833673,24.625052],[121.83367,24.625047]]]]}},{"type":"Feature","properties":{"n":"馬賽路","v":"蘇澳鎮","w":2,"c":2,"r":0},"geometry":{"type":"MultiPolygon","coordinates":[[[[121.833418,24.624414],[121.83345,24.624395],[121.832479,24.623317],[121.832473,24.623336],[121.833418,24.624414]]]]}},{"type":"Feature","properties":{"n":"馬賽路","v":"蘇澳鎮","w":2,"c":2,"r":0},"geometry":{"type":"MultiPolygon","coordinates":[[[[121.833194,24.624542],[121.833218,24.624542],[121.833207,24.624489],[121.832215,24.623367],[121.832164,24.623374],[121.83218,24.623399],[121.83221,24.623396],[121.833189,24.624501],[121.833194,24.624542]]]]}},{"type":"Feature","properties":{"n":"馬賽路","v":"蘇澳鎮","w":1.8,"c":1.8,"r":0},"geometry":{"type":"MultiPolygon","coordinates":[[[[121.831272,24.621918],[121.831259,24.62195],[121.832433,24.623267],[121.832476,24.623264],[121.832476,24.623247],[121.832447,24.62325],[121.83128,24.62195],[121.831272,24.621918]]]]}},{"type":"Feature","properties":{"n":"馬賽路","v":"蘇澳鎮","w":1.8,"c":1.8,"r":0},"geometry":{"type":"MultiPolygon","coordinates":[[[[121.831061,24.622082],[121.832153,24.623309],[121.83215,24.623328],[121.832166,24.623333],[121.832171,24.623309],[121.831935,24.623031],[121.831082,24.622087],[121.831061,24.622082]]]]}},{"type":"Feature","properties":{"n":"海山東路","v":"蘇澳鎮","w":1.6,"c":1.6,"r":0},"geometry":{"type":"MultiPolygon","coordinates":[[[[121.837813,24.611861],[121.839261,24.611837],[121.839862,24.611854],[121.840114,24.611893],[121.840272,24.61193],[121.840503,24.611995],[121.840707,24.612056],[121.840836,24.612112],[121.841182,24.612281],[121.841332,24.612364],[121.841514,24.6125],[121.84175,24.612693],[121.842008,24.612942],[121.842179,24.613124],[121.842185,24.613163],[121.842217,24.613168],[121.842217,24.613129],[121.842123,24.613015],[121.841745,24.612639],[121.841439,24.612395],[121.841326,24.612327],[121.841123,24.612215],[121.840854,24.612083],[121.8405,24.611954],[121.840149,24.611869],[121.839967,24.611839],[121.839709,24.61181],[121.837845,24.611822],[121.837813,24.611861]]]]}},{"type":"Feature","properties":{"n":"海山東路","v":"蘇澳鎮","w":1.6,"c":1.6,"r":0},"geometry":{"type":"MultiPolygon","coordinates":[[[[121.837834,24.611664],[121.839706,24.611654],[121.840339,24.611756],[121.840533,24.6118],[121.840838,24.611908],[121.841214,24.612078],[121.841461,24.612244],[121.841788,24.612483],[121.842067,24.612756],[121.842276,24.612976],[121.842367,24.613088],[121.842405,24.613059],[121.84219,24.612815],[121.841852,24.612493],[121.841359,24.612122],[121.841171,24.61201],[121.840849,24.611869],[121.840447,24.611737],[121.839996,24.611659],[121.839685,24.611615],[121.838483,24.611625],[121.837883,24.611634],[121.837834,24.611664]]]]}},{"type":"Feature","properties":{"n":"海山東路","v":"蘇澳鎮","w":1.6,"c":1.6,"r":0},"geometry":{"type":"MultiPolygon","coordinates":[[[[121.842269,24.613262],[121.842279,24.613294],[121.842344,24.613311],[121.844039,24.615208],[121.844036,24.615233],[121.844052,24.615237],[121.844063,24.615206],[121.843052,24.614084],[121.842344,24.613277],[121.842269,24.613262]]]]}},{"type":"Feature","properties":{"n":"海山東路","v":"蘇澳鎮","w":1.6,"c":1.6,"r":0},"geometry":{"type":"MultiPolygon","coordinates":[[[[121.842372,24.613092],[121.846015,24.617175],[121.846063,24.617182],[121.846063,24.617163],[121.846025,24.617158],[121.842408,24.613067],[121.842372,24.613092]]]]}},{"type":"Feature","properties":{"n":"海山東路","v":"蘇澳鎮","w":1.6,"c":1.6,"r":0},"geometry":{"type":"MultiPolygon","coordinates":[[[[121.844144,24.615344],[121.844146,24.615365],[121.844181,24.615367],[121.845866,24.61728],[121.845866,24.617304],[121.84589,24.617309],[121.845892,24.617277],[121.845182,24.616465],[121.844184,24.615349],[121.844144,24.615344]]]]}},{"type":"Feature","properties":{"n":"城東路","v":"蘇澳鎮","w":1.7,"c":1.7,"r":0},"geometry":{"type":"MultiPolygon","coordinates":[[[[121.837676,24.613192],[121.837652,24.6132],[121.838483,24.613448],[121.838928,24.613961],[121.839789,24.614926],[121.839784,24.614965],[121.839808,24.614968],[121.839811,24.614924],[121.839146,24.614173],[121.838569,24.613505],[121.838491,24.613431],[121.837676,24.613192]]]]}},{"type":"Feature","properties":{"n":"城東路","v":"蘇澳鎮","w":1.7,"c":1.7,"r":0},"geometry":{"type":"MultiPolygon","coordinates":[[[[121.837693,24.613058],[121.837709,24.61308],[121.838642,24.61337],[121.838669,24.613458],[121.839251,24.614107],[121.839911,24.614858],[121.839951,24.614863],[121.839951,24.614843],[121.839919,24.614838],[121.839262,24.614082],[121.838691,24.613458],[121.838658,24.613358],[121.837693,24.613056],[121.837693,24.613058]]]]}},{"type":"Feature","properties":{"n":"城東路","v":"蘇澳鎮","w":1.7,"c":1.7,"r":0},"geometry":{"type":"MultiPolygon","coordinates":[[[[121.839915,24.615079],[121.839917,24.615096],[121.839974,24.615105],[121.841626,24.616985],[121.841623,24.61701],[121.841637,24.617015],[121.841642,24.616985],[121.839971,24.615086],[121.839915,24.615079]]]]}},{"type":"Feature","properties":{"n":"城東路","v":"蘇澳鎮","w":1.7,"c":1.7,"r":0},"geometry":{"type":"MultiPolygon","coordinates":[[[[121.840053,24.614982],[121.840048,24.615018],[121.840656,24.615699],[121.841737,24.616923],[121.841786,24.616923],[121.841786,24.616906],[121.84174,24.616906],[121.840072,24.615021],[121.840072,24.614991],[121.840053,24.614982]]]]}},{"type":"Feature","properties":{"n":"城東路","v":"蘇澳鎮","w":1.7,"c":1.7,"r":0},"geometry":{"type":"MultiPolygon","coordinates":[[[[121.841713,24.617144],[121.841728,24.617167],[121.841769,24.617167],[121.843409,24.618992],[121.84343,24.618987],[121.841783,24.617144],[121.841713,24.617144]]]]}},{"type":"Feature","properties":{"n":"城東路","v":"蘇澳鎮","w":1.7,"c":1.7,"r":0},"geometry":{"type":"MultiPolygon","coordinates":[[[[121.841893,24.617036],[121.841885,24.617083],[121.842505,24.617773],[121.843583,24.619007],[121.843613,24.619016],[121.843618,24.618999],[121.843588,24.61899],[121.843124,24.618451],[121.841907,24.617083],[121.841912,24.617044],[121.841893,24.617036]]]]}},{"type":"Feature","properties":{"n":"隘丁路","v":"蘇澳鎮","w":1.7,"c":1.7,"r":0},"geometry":{"type":"MultiPolygon","coordinates":[[[[121.836941,24.617315],[121.836952,24.617332],[121.836973,24.617291],[121.838695,24.615981],[121.83987,24.615096],[121.839913,24.615096],[121.83991,24.615082],[121.839867,24.615082],[121.838848,24.615845],[121.836957,24.617276],[121.836941,24.617315]]]]}},{"type":"Feature","properties":{"n":"隘丁路","v":"蘇澳鎮","w":1.7,"c":1.7,"r":0},"geometry":{"type":"MultiPolygon","coordinates":[[[[121.836804,24.61721],[121.836826,24.617208],[121.837445,24.61673],[121.838328,24.616093],[121.839092,24.615533],[121.839811,24.614994],[121.839806,24.614964],[121.839782,24.614967],[121.839782,24.614999],[121.83682,24.617181],[121.836787,24.617195],[121.836804,24.61721]]]]}},{"type":"Feature","properties":{"n":"隘丁路","v":"蘇澳鎮","w":1.7,"c":1.7,"r":0},"geometry":{"type":"MultiPolygon","coordinates":[[[[121.840054,24.614982],[121.840072,24.614989],[121.84007,24.61496],[121.842267,24.613299],[121.842264,24.613263],[121.841988,24.613492],[121.841212,24.61407],[121.840054,24.614948],[121.840054,24.614982]]]]}},{"type":"Feature","properties":{"n":"隘丁路","v":"蘇澳鎮","w":1.7,"c":1.7,"r":0},"geometry":{"type":"MultiPolygon","coordinates":[[[[121.84221,24.613173],[121.842186,24.613173],[121.842167,24.61321],[121.839981,24.614836],[121.839962,24.614838],[121.83996,24.614862],[121.839976,24.614858],[121.84041,24.614538],[121.842202,24.613202],[121.84221,24.613173]]]]}},{"type":"Feature","properties":{"n":"蘇濱路二段","v":"蘇澳鎮","w":2.5,"c":2.5,"r":0},"geometry":{"type":"MultiPolygon","coordinates":[[[[121.834631,24.625774],[121.835656,24.625003],[121.835648,24.624991],[121.834621,24.625764],[121.834631,24.625774]]]]}},{"type":"Feature","properties":{"n":"蘇濱路二段","v":"蘇澳鎮","w":2.5,"c":2.5,"r":0},"geometry":{"type":"MultiPolygon","coordinates":[[[[121.836075,24.624975],[121.836129,24.62498],[121.837658,24.623829],[121.837636,24.623809],[121.836075,24.624975]]]]}},{"type":"Feature","properties":{"n":"蘇濱路二段","v":"蘇澳鎮","w":2.5,"c":2.5,"r":0},"geometry":{"type":"MultiPolygon","coordinates":[[[[121.835697,24.624973],[121.837531,24.623593],[121.83751,24.623578],[121.835681,24.624958],[121.835697,24.624973]]]]}},{"type":"Feature","properties":{"n":"蘇濱路二段","v":"蘇澳鎮","w":2.5,"c":2.5,"r":0},"geometry":{"type":"MultiPolygon","coordinates":[[[[121.838098,24.623487],[121.838098,24.623531],[121.839836,24.622219],[121.83982,24.622185],[121.838098,24.623487]]]]}},{"type":"Feature","properties":{"n":"蘇濱路二段","v":"蘇澳鎮","w":2.5,"c":2.5,"r":0},"geometry":{"type":"MultiPolygon","coordinates":[[[[121.837673,24.623492],[121.839793,24.621899],[121.839766,24.621875],[121.837626,24.623492],[121.837673,24.623492]]]]}},{"type":"Feature","properties":{"n":"蘇濱路二段","v":"蘇澳鎮","w":2.5,"c":2.5,"r":0},"geometry":{"type":"MultiPolygon","coordinates":[[[[121.839898,24.622123],[121.839912,24.622184],[121.843984,24.619132],[121.843906,24.619127],[121.841827,24.620682],[121.839898,24.622123]]]]}},{"type":"Feature","properties":{"n":"蘇濱路二段","v":"蘇澳鎮","w":2.5,"c":2.5,"r":0},"geometry":{"type":"MultiPolygon","coordinates":[[[[121.839837,24.621872],[121.843465,24.619149],[121.84346,24.61909],[121.83983,24.621833],[121.839837,24.621872]]]]}},{"type":"Feature","properties":{"n":"蘇濱路一段","v":"蘇澳鎮","w":2.5,"c":2.5,"r":0},"geometry":{"type":"MultiPolygon","coordinates":[[[[121.853679,24.611341],[121.851249,24.613381],[121.851133,24.613468],[121.849286,24.615019],[121.848144,24.615935],[121.847468,24.616458],[121.846371,24.617271],[121.844006,24.619078],[121.844081,24.619078],[121.848126,24.616041],[121.850418,24.614145],[121.852598,24.612313],[121.853711,24.61139],[121.853679,24.611341]]]]}},{"type":"Feature","properties":{"n":"蘇濱路一段","v":"蘇澳鎮","w":2.5,"c":2.5,"r":0},"geometry":{"type":"MultiPolygon","coordinates":[[[[121.84361,24.619024],[121.843632,24.619029],[121.844686,24.618236],[121.84543,24.617688],[121.847098,24.616431],[121.847753,24.615948],[121.848926,24.615007],[121.852762,24.611795],[121.853511,24.611147],[121.853474,24.611108],[121.847883,24.615736],[121.845488,24.617552],[121.843636,24.618999],[121.843625,24.618999],[121.84361,24.619024]]]]}},{"type":"Feature","properties":{"n":"蘇濱路一 段","v":"蘇澳鎮","w":1.8,"c":0,"r":0},"geometry":{"type":"MultiPolygon","coordinates":[[[[121.853714,24.611311],[121.853734,24.61133],[121.854732,24.610483],[121.855138,24.610115],[121.855356,24.609855],[121.855617,24.609489],[121.855749,24.609211],[121.855865,24.608694],[121.855918,24.608255],[121.855897,24.608255],[121.855873,24.608455],[121.855745,24.609138],[121.8556,24.609469],[121.855428,24.609723],[121.855241,24.60996],[121.854958,24.610237],[121.854095,24.610989],[121.853714,24.611311]]]]}},{"type":"Feature","properties":{"n":"蘇濱路一段","v":"蘇澳鎮","w":1.8,"c":1.8,"r":0},"geometry":{"type":"MultiPolygon","coordinates":[[[[121.853528,24.611149],[121.854006,24.61075],[121.854473,24.610346],[121.85467,24.610161],[121.854831,24.609981],[121.855026,24.60972],[121.855139,24.60952],[121.855247,24.609257],[121.855322,24.608945],[121.855386,24.608637],[121.855421,24.608383],[121.855386,24.608381],[121.855236,24.6091],[121.855133,24.609372],[121.855007,24.609618],[121.854825,24.609861],[121.854631,24.610096],[121.853987,24.61069],[121.853485,24.611103],[121.853528,24.611149]]]]}},{"type":"Feature","properties":{"n":"頂寮路14巷","v":"蘇澳鎮","w":0.9,"c":0.9,"r":2},"geometry":{"type":"MultiPolygon","coordinates":[[[[121.833175,24.643606],[121.834575,24.644015],[121.83458,24.644001],[121.833169,24.643591],[121.833164,24.643603],[121.833175,24.643606]]]]}},{"type":"Feature","properties":{"n":"頂寮路12巷","v":"蘇澳鎮","w":0.9,"c":0.9,"r":5},"geometry":{"type":"MultiPolygon","coordinates":[[[[121.833269,24.643297],[121.834583,24.643685],[121.834589,24.643675],[121.834581,24.643663],[121.833312,24.643295],[121.833269,24.643297]]]]}},{"type":"Feature","properties":{"n":"頂寮路12巷","v":"蘇澳鎮","w":0.9,"c":0.9,"r":2},"geometry":{"type":"MultiPolygon","coordinates":[[[[121.834325,24.643531],[121.834564,24.643597],[121.834567,24.64358],[121.834331,24.643514],[121.834325,24.643531]]]]}},{"type":"Feature","properties":{"n":"頂寮路6巷","v":"蘇澳鎮","w":0.9,"c":0.9,"r":0},"geometry":{"type":"MultiPolygon","coordinates":[[[[121.834118,24.64232],[121.83411,24.642317],[121.834107,24.642332],[121.83426,24.642374],[121.83426,24.642357],[121.834118,24.64232]]]]}},{"type":"Feature","properties":{"n":"頂寮路6巷","v":"蘇澳鎮","w":0.9,"c":0.9,"r":1},"geometry":{"type":"MultiPolygon","coordinates":[[[[121.833684,24.642125],[121.834217,24.642271],[121.834223,24.642257],[121.833684,24.64211],[121.833689,24.642113],[121.833684,24.642125]]]]}},{"type":"Feature","properties":{"n":"頂寮路8巷","v":"蘇澳鎮","w":0.9,"c":0.9,"r":1},"geometry":{"type":"MultiPolygon","coordinates":[[[[121.833525,24.642548],[121.833523,24.64256],[121.834368,24.642806],[121.834376,24.642794],[121.833525,24.642548]]]]}},{"type":"Feature","properties":{"n":"頂寮路8巷","v":"蘇澳鎮","w":0.9,"c":0.9,"r":1},"geometry":{"type":"MultiPolygon","coordinates":[[[[121.83354,24.642484],[121.834332,24.642718],[121.834345,24.642708],[121.833549,24.642474],[121.83354,24.642484]]]]}},{"type":"Feature","properties":{"n":"頂寮路10巷","v":"蘇澳鎮","w":0.9,"c":0.9,"r":4},"geometry":{"type":"MultiPolygon","coordinates":[[[[121.833386,24.642921],[121.833386,24.64294],[121.834494,24.643269],[121.834486,24.64324],[121.833386,24.642921]]]]}},{"type":"Feature","properties":{"n":"頂寮路10巷","v":"蘇澳鎮","w":0.9,"c":0.9,"r":4},"geometry":{"type":"MultiPolygon","coordinates":[[[[121.833418,24.642862],[121.834451,24.64316],[121.834464,24.643152],[121.833424,24.64285],[121.833418,24.642862]]]]}},{"type":"Feature","properties":{"n":"泉興巷","v":"蘇澳鎮","w":1.2,"c":1.2,"r":null},"geometry":{"type":"MultiPolygon","coordinates":[[[[121.848833,24.596561],[121.848956,24.596024],[121.848938,24.596022],[121.84882,24.596556],[121.848833,24.596561]]]]}},{"type":"Feature","properties":{"n":"新興巷","v":"蘇澳鎮","w":1,"c":1,"r":null},"geometry":{"type":"MultiPolygon","coordinates":[[[[121.848948,24.595861],[121.848871,24.595702],[121.848522,24.595459],[121.848514,24.595473],[121.84864,24.595566],[121.848855,24.595712],[121.84893,24.595861],[121.848948,24.595861]]]]}},{"type":"Feature","properties":{"n":"龍潭路","v":"礁溪鄉","w":5.6,"c":3,"r":2},"geometry":{"type":"MultiPolygon","coordinates":[[[[121.760682,24.783593],[121.757589,24.784351],[121.757584,24.78436],[121.757589,24.78437],[121.760687,24.78362],[121.760682,24.783593]]]]}},{"type":"Feature","properties":{"n":"龍潭路","v":"礁溪鄉","w":5.6,"c":3,"r":2},"geometry":{"type":"MultiPolygon","coordinates":[[[[121.757136,24.784336],[121.757136,24.784346],[121.757576,24.78437],[121.757576,24.784356],[121.757136,24.784336]]]]}},{"type":"Feature","properties":{"n":"福山街福山橫巷","v":"三星鄉","w":2.5,"c":1.5,"r":8},"geometry":{"type":"MultiPolygon","coordinates":[[[[121.620531,24.66173],[121.619654,24.661715],[121.618814,24.661708],[121.618763,24.66172],[121.618736,24.661747],[121.618712,24.661818],[121.618468,24.662428],[121.618452,24.662545],[121.61837,24.662706],[121.618212,24.663098],[121.618071,24.663496],[121.617809,24.664175],[121.617654,24.664545],[121.617542,24.664762],[121.617442,24.664918],[121.61741,24.664991],[121.617214,24.665235],[121.617008,24.665435],[121.616782,24.665625],[121.616513,24.665816],[121.616417,24.665901],[121.616438,24.665918],[121.616873,24.665591],[121.617109,24.665391],[121.617337,24.66514],[121.617607,24.664702],[121.61769,24.664529],[121.617941,24.663916],[121.618144,24.663387],[121.61837,24.662752],[121.618429,24.662652],[121.618479,24.662537],[121.618484,24.662437],[121.618762,24.661782],[121.618807,24.661729],[121.620517,24.661759],[121.620531,24.66173]]]]}},{"type":"Feature","properties":{"n":"福山街福山橫巷","v":"三星鄉","w":2.5,"c":1.5,"r":6},"geometry":{"type":"MultiPolygon","coordinates":[[[[121.618575,24.661696],[121.618577,24.66171],[121.618612,24.661783],[121.618357,24.662435],[121.618268,24.662535],[121.618143,24.662893],[121.618143,24.662962],[121.617871,24.663709],[121.617524,24.664557],[121.61736,24.66484],[121.617077,24.665202],[121.616729,24.665514],[121.616501,24.66567],[121.616262,24.66574],[121.616281,24.665762],[121.616499,24.665695],[121.616705,24.665568],[121.617075,24.665243],[121.617121,24.665209],[121.617274,24.665017],[121.617472,24.66473],[121.617587,24.664496],[121.617863,24.663815],[121.618178,24.662968],[121.618168,24.662909],[121.618296,24.662556],[121.618345,24.662487],[121.618382,24.662451],[121.618447,24.662273],[121.618578,24.661942],[121.618634,24.661781],[121.618624,24.661718],[121.618575,24.661696]]]]}},{"type":"Feature","properties":{"n":"龍潭路","v":"礁溪鄉","w":5.6,"c":3,"r":2},"geometry":{"type":"MultiPolygon","coordinates":[[[[121.760679,24.783839],[121.757568,24.78458],[121.757552,24.784599],[121.760685,24.783859],[121.760679,24.783839]]]]}},{"type":"Feature","properties":{"n":"龍潭路","v":"礁溪鄉","w":5.6,"c":3,"r":2},"geometry":{"type":"MultiPolygon","coordinates":[[[[121.757536,24.784585],[121.756989,24.784526],[121.756967,24.784541],[121.757536,24.784604],[121.757536,24.784585]]]]}},{"type":"Feature","properties":{"n":"龍潭路","v":"礁溪鄉","w":5.6,"c":3,"r":2},"geometry":{"type":"MultiPolygon","coordinates":[[[[121.756254,24.783981],[121.756248,24.783995],[121.756903,24.784258],[121.756908,24.784239],[121.756254,24.783981]]]]}},{"type":"Feature","properties":{"n":"龍潭路","v":"礁溪鄉","w":5,"c":5,"r":2},"geometry":{"type":"MultiPolygon","coordinates":[[[[121.756897,24.784599],[121.756956,24.784541],[121.756951,24.784526],[121.756887,24.784585],[121.756897,24.784599]]]]}},{"type":"Feature","properties":{"n":"龍潭路","v":"礁溪鄉","w":5,"c":5,"r":2},"geometry":{"type":"MultiPolygon","coordinates":[[[[121.756897,24.784599],[121.756956,24.784541],[121.756951,24.784526],[121.756887,24.784585],[121.756897,24.784599]]]]}},{"type":"Feature","properties":{"n":"龍潭路","v":"礁溪鄉","w":5.6,"c":3,"r":2},"geometry":{"type":"MultiPolygon","coordinates":[[[[121.756954,24.784268],[121.756943,24.78427],[121.757074,24.784317],[121.757077,24.784312],[121.756954,24.784268]]]]}},{"type":"Feature","properties":{"n":"德陽路","v":"礁溪鄉","w":2,"c":2,"r":0},"geometry":{"type":"MultiPolygon","coordinates":[[[[121.769402,24.82887],[121.769391,24.828884],[121.769777,24.828884],[121.769793,24.82887],[121.769402,24.82887]]]]}},{"type":"Feature","properties":{"n":"德陽路","v":"礁溪鄉","w":2,"c":2,"r":0},"geometry":{"type":"MultiPolygon","coordinates":[[[[121.768683,24.82887],[121.768677,24.828879],[121.769283,24.828875],[121.769294,24.828865],[121.768683,24.82887]]]]}},{"type":"Feature","properties":{"n":"德陽路","v":"礁溪鄉","w":2,"c":2,"r":0},"geometry":{"type":"MultiPolygon","coordinates":[[[[121.76787,24.828872],[121.767873,24.828882],[121.768551,24.828879],[121.768551,24.82887],[121.76787,24.828872]]]]}},{"type":"Feature","properties":{"n":"德陽路","v":"礁溪鄉","w":2,"c":2,"r":0},"geometry":{"type":"MultiPolygon","coordinates":[[[[121.767629,24.828809],[121.767626,24.828816],[121.767859,24.828877],[121.767865,24.82887],[121.767629,24.828809]]]]}},{"type":"Feature","properties":{"n":"德陽路","v":"礁溪鄉","w":2,"c":2,"r":0},"geometry":{"type":"MultiPolygon","coordinates":[[[[121.767438,24.828711],[121.766845,24.828276],[121.76684,24.828285],[121.767435,24.828724],[121.767438,24.828711]]]]}},{"type":"Feature","properties":{"n":"太平路","v":"蘇澳鎮","w":4.4,"c":2.2,"r":0},"geometry":{"type":"MultiPolygon","coordinates":[[[[121.851508,24.595989],[121.851508,24.595975],[121.851475,24.595938],[121.851502,24.59557],[121.851518,24.595543],[121.851505,24.595531],[121.851489,24.59556],[121.851459,24.595938],[121.851508,24.595989]]]]}},{"type":"Feature","properties":{"n":"太平路","v":"蘇澳鎮","w":5,"c":3,"r":0},"geometry":{"type":"MultiPolygon","coordinates":[[[[121.85136,24.595548],[121.851333,24.595914],[121.85132,24.595928],[121.851328,24.595933],[121.851352,24.595909],[121.851381,24.595541],[121.85136,24.595548]]]]}},{"type":"Feature","properties":{"n":"江夏路","v":"蘇澳鎮","w":2.3,"c":2.3,"r":0},"geometry":{"type":"MultiPolygon","coordinates":[[[[121.8649,24.583408],[121.864922,24.58341],[121.86493,24.583201],[121.864908,24.583198],[121.8649,24.583408]]]]}},{"type":"Feature","properties":{"n":"江夏路","v":"蘇澳鎮","w":2,"c":2,"r":0},"geometry":{"type":"MultiPolygon","coordinates":[[[[121.86494,24.583074],[121.864954,24.583074],[121.864959,24.582976],[121.865034,24.582581],[121.865015,24.582576],[121.864943,24.582979],[121.86494,24.583074]]]]}},{"type":"Feature","properties":{"n":"江夏路","v":"蘇澳鎮","w":2,"c":2,"r":0},"geometry":{"type":"MultiPolygon","coordinates":[[[[121.865037,24.582496],[121.865053,24.582498],[121.865096,24.582169],[121.865074,24.582166],[121.865037,24.582496]]]]}},{"type":"Feature","properties":{"n":"南寧路","v":"蘇澳鎮","w":3.65,"c":3.65,"r":0},"geometry":{"type":"MultiPolygon","coordinates":[[[[121.865351,24.582106],[121.865353,24.582084],[121.86526,24.58205],[121.865345,24.581325],[121.865324,24.581323],[121.86523,24.582062],[121.865351,24.582106]]]]}},{"type":"Feature","properties":{"n":"江夏路","v":"蘇澳鎮","w":5.2,"c":3.5,"r":0},"geometry":{"type":"MultiPolygon","coordinates":[[[[121.864784,24.583537],[121.864821,24.583498],[121.864845,24.583025],[121.864821,24.583006],[121.864813,24.58302],[121.864824,24.58303],[121.864797,24.583496],[121.864773,24.583523],[121.864784,24.583537]]]]}},{"type":"Feature","properties":{"n":"江夏路","v":"蘇澳鎮","w":2,"c":0,"r":0},"geometry":{"type":"MultiPolygon","coordinates":[[[[121.864902,24.582564],[121.864872,24.582562],[121.864824,24.582959],[121.864851,24.582962],[121.864902,24.582564]]]]}},{"type":"Feature","properties":{"n":"江夏路","v":"蘇澳鎮","w":2,"c":2,"r":0},"geometry":{"type":"MultiPolygon","coordinates":[[[[121.864904,24.582481],[121.864953,24.582145],[121.864931,24.582142],[121.864883,24.582476],[121.864904,24.582481]]]]}},{"type":"Feature","properties":{"n":"大通路","v":"蘇澳鎮","w":2.6,"c":2.6,"r":0},"geometry":{"type":"MultiPolygon","coordinates":[[[[121.8077,24.462265],[121.807698,24.462243],[121.806968,24.462306],[121.806638,24.462355],[121.806287,24.462438],[121.804999,24.462797],[121.804581,24.462885],[121.803658,24.463041],[121.802797,24.463168],[121.802714,24.463154],[121.801531,24.463373],[121.801539,24.463395],[121.802698,24.463181],[121.802789,24.46319],[121.803629,24.463068],[121.804567,24.462912],[121.805018,24.462817],[121.806306,24.462458],[121.806512,24.462409],[121.806681,24.462375],[121.806952,24.462331],[121.807234,24.462302],[121.8077,24.462265]]]]}},{"type":"Feature","properties":{"n":"蘇花路三段","v":"南澳鄉","w":2.7,"c":1.7,"r":4},"geometry":{"type":"MultiPolygon","coordinates":[[[[121.83357,24.521109],[121.834072,24.521396],[121.834072,24.521401],[121.834118,24.521355],[121.833643,24.521111],[121.833372,24.520874],[121.83357,24.521109]]]]}},{"type":"Feature","properties":{"n":"凱旋路","v":"宜蘭市","w":4,"c":2,"r":3},"geometry":{"type":"MultiPolygon","coordinates":[[[[121.758642,24.73893],[121.758672,24.738894],[121.758159,24.738585],[121.758288,24.738214],[121.758221,24.738207],[121.758098,24.738565],[121.758114,24.738633],[121.758642,24.73893]]]]}},{"type":"Feature","properties":{"n":"安平路","v":"羅東鎮","w":1.8,"c":1.8,"r":1},"geometry":{"type":"MultiPolygon","coordinates":[[[[121.773085,24.677353],[121.773261,24.677499],[121.77316,24.677147],[121.772885,24.67751],[121.773085,24.677353]]]]}},{"type":"Feature","properties":{"n":"中正東路(以北側)","v":"五結鄉","w":2.5,"c":2.5,"r":null},"geometry":{"type":"MultiPolygon","coordinates":[[[[121.769029,24.698849],[121.769511,24.698812],[121.769573,24.698815],[121.769849,24.698798],[121.770059,24.698778],[121.771129,24.698727],[121.772363,24.698652],[121.772843,24.698617],[121.772971,24.698598],[121.772845,24.69861],[121.772199,24.698652],[121.770557,24.698742],[121.769031,24.698837],[121.769029,24.698849]]]]}},{"type":"Feature","properties":{"n":"蘇花路二段","v":"蘇澳鎮","w":2.8,"c":2.8,"r":60},"geometry":{"type":"MultiPolygon","coordinates":[[[[121.790622,24.461568],[121.790992,24.461619],[121.792355,24.462025],[121.792966,24.462198],[121.793331,24.462362],[121.793441,24.46243],[121.794463,24.462716],[121.795675,24.463079],[121.79667,24.463365],[121.798486,24.4639],[121.799565,24.464227],[121.800125,24.464388],[121.80057,24.464508],[121.800965,24.464625],[121.801879,24.464881],[121.802303,24.465008],[121.802708,24.465123],[121.803309,24.465389],[121.803604,24.46555],[121.804135,24.465872],[121.804497,24.466151],[121.804886,24.466375],[121.805176,24.466588],[121.8059,24.467047],[121.805959,24.467091],[121.805975,24.467078],[121.805629,24.466846],[121.805178,24.466558],[121.804926,24.466363],[121.804516,24.466124],[121.804191,24.465882],[121.803454,24.465426],[121.802778,24.465128],[121.802464,24.465028],[121.801474,24.46474],[121.799962,24.46431],[121.798462,24.463866],[121.796282,24.463233],[121.794562,24.462718],[121.79346,24.462401],[121.793355,24.462347],[121.792982,24.462179],[121.790992,24.4616],[121.790625,24.461549],[121.790622,24.461568]]]]}},{"type":"Feature","properties":{"n":"大通路","v":"蘇澳鎮","w":1.7,"c":1.7,"r":0},"geometry":{"type":"MultiPolygon","coordinates":[[[[121.800568,24.464473],[121.800675,24.464141],[121.800654,24.464139],[121.800549,24.464469],[121.800568,24.464473]]]]}},{"type":"Feature","properties":{"n":"大通路","v":"蘇澳鎮","w":1,"c":1,"r":0},"geometry":{"type":"MultiPolygon","coordinates":[[[[121.800672,24.464505],[121.800694,24.46451],[121.800796,24.464185],[121.800769,24.464173],[121.800672,24.464505]]]]}},{"type":"Feature","properties":{"n":"圓環(台鐵南澳站)","v":"蘇澳鎮","w":3,"c":3,"r":0},"geometry":{"type":"MultiPolygon","coordinates":[[[[121.800694,24.464078],[121.800742,24.463902],[121.800678,24.463822],[121.80067,24.463792],[121.80068,24.463682],[121.800643,24.463648],[121.800611,24.463653],[121.800654,24.46369],[121.800646,24.4638],[121.800654,24.463831],[121.800675,24.463868],[121.800718,24.463905],[121.800675,24.464068],[121.800694,24.464078]]]]}},{"type":"Feature","properties":{"n":"圓環(台鐵南澳站)","v":"蘇澳鎮","w":4.7,"c":4.7,"r":0},"geometry":{"type":"MultiPolygon","coordinates":[[[[121.800793,24.464112],[121.800812,24.464115],[121.800876,24.463936],[121.800914,24.463931],[121.800954,24.463912],[121.801005,24.463875],[121.801032,24.463831],[121.801045,24.463783],[121.801037,24.463721],[121.801029,24.463697],[121.800981,24.463636],[121.801,24.463592],[121.800978,24.463597],[121.800965,24.463634],[121.801013,24.463704],[121.801026,24.463765],[121.801016,24.463819],[121.800994,24.463861],[121.800943,24.4639],[121.800852,24.463931],[121.800793,24.464112]]]]}},{"type":"Feature","properties":{"n":"南強橋","v":"蘇澳鎮","w":1,"c":1,"r":0},"geometry":{"type":"MultiPolygon","coordinates":[[[[121.801659,24.463485],[121.8024,24.463353],[121.8024,24.463324],[121.801654,24.46346],[121.801659,24.46346],[121.801659,24.463485]]]]}},{"type":"Feature","properties":{"n":"新馬路","v":"蘇澳鎮","w":1.8,"c":1.8,"r":0},"geometry":{"type":"MultiPolygon","coordinates":[[[[121.832126,24.617901],[121.832128,24.617916],[121.832879,24.617967],[121.833158,24.618023],[121.834191,24.618216],[121.834207,24.61823],[121.834234,24.618228],[121.834212,24.618209],[121.832871,24.61795],[121.832126,24.617901]]]]}},{"type":"Feature","properties":{"n":"新馬路","v":"蘇澳鎮","w":1.8,"c":1.8,"r":4},"geometry":{"type":"MultiPolygon","coordinates":[[[[121.832256,24.617699],[121.832296,24.617792],[121.832527,24.617802],[121.832953,24.617853],[121.833401,24.617929],[121.833801,24.618007],[121.834219,24.61808],[121.834219,24.61806],[121.83346,24.617914],[121.83295,24.617824],[121.832551,24.61778],[121.832317,24.61777],[121.83228,24.617687],[121.832256,24.617699]]]]}},{"type":"Feature","properties":{"n":"隘丁路","v":"蘇澳鎮","w":1.7,"c":1.7,"r":7},"geometry":{"type":"MultiPolygon","coordinates":[[[[121.834369,24.618285],[121.834375,24.618299],[121.83442,24.618285],[121.834825,24.618331],[121.835034,24.618329],[121.835233,24.618312],[121.835316,24.618297],[121.835453,24.618263],[121.835584,24.618224],[121.835836,24.618112],[121.836003,24.618004],[121.836081,24.617963],[121.836306,24.617782],[121.836735,24.617463],[121.836722,24.617448],[121.836024,24.617973],[121.835842,24.618075],[121.835665,24.618168],[121.835536,24.618219],[121.83527,24.618285],[121.835147,24.618302],[121.834983,24.618312],[121.834675,24.618302],[121.834412,24.61827],[121.834369,24.618285]]]]}},{"type":"Feature","properties":{"n":"隘丁路","v":"蘇澳鎮","w":1.7,"c":1.7,"r":2},"geometry":{"type":"MultiPolygon","coordinates":[[[[121.834372,24.618126],[121.834603,24.618175],[121.834804,24.618202],[121.835018,24.618202],[121.835155,24.618194],[121.835268,24.618173],[121.835405,24.618136],[121.835606,24.618068],[121.835718,24.618024],[121.836064,24.617814],[121.836233,24.617675],[121.836622,24.617375],[121.836625,24.617326],[121.836604,24.617329],[121.836601,24.61737],[121.836056,24.617799],[121.835735,24.617992],[121.835625,24.618046],[121.835523,24.618077],[121.835399,24.618124],[121.83515,24.618177],[121.835002,24.618185],[121.834812,24.618185],[121.834511,24.618143],[121.834375,24.618109],[121.834372,24.618126]]]]}},{"type":"Feature","properties":{"n":"大同路","v":"蘇澳鎮","w":3.3,"c":3.3,"r":0},"geometry":{"type":"MultiPolygon","coordinates":[[[[121.83443,24.621087],[121.834454,24.621974],[121.834454,24.622113],[121.834478,24.622111],[121.834451,24.621087],[121.83443,24.621087]]]]}},{"type":"Feature","properties":{"n":"文中路","v":"蘇澳鎮","w":4,"c":4,"r":1},"geometry":{"type":"MultiPolygon","coordinates":[[[[121.835983,24.622696],[121.835929,24.621058],[121.835886,24.621058],[121.835945,24.622696],[121.835983,24.622696]]]]}},{"type":"Feature","properties":{"n":"林森路","v":"蘇澳鎮","w":1.8,"c":1.8,"r":0},"geometry":{"type":"MultiPolygon","coordinates":[[[[121.851764,24.596722],[121.851774,24.596727],[121.851868,24.596574],[121.851855,24.596566],[121.851836,24.596605],[121.851764,24.596722]]]]}},{"type":"Feature","properties":{"n":"林森路","v":"蘇澳鎮","w":1.8,"c":1.8,"r":0},"geometry":{"type":"MultiPolygon","coordinates":[[[[121.851836,24.596761],[121.851911,24.596647],[121.851935,24.596593],[121.851925,24.596588],[121.851898,24.596644],[121.851828,24.596756],[121.851836,24.596761]]]]}},{"type":"Feature","properties":{"n":"冷泉路","v":"蘇澳鎮","w":1.2,"c":1.2,"r":null},"geometry":{"type":"MultiPolygon","coordinates":[[[[121.851104,24.596117],[121.851085,24.596117],[121.851082,24.596398],[121.851166,24.596481],[121.851246,24.596483],[121.851267,24.596488],[121.851445,24.596566],[121.851455,24.596554],[121.85127,24.596476],[121.851176,24.596464],[121.851099,24.596396],[121.851104,24.596117]]]]}},{"type":"Feature","properties":{"n":"過港巷","v":"蘇澳鎮","w":2.13,"c":2.13,"r":0},"geometry":{"type":"MultiPolygon","coordinates":[[[[121.851455,24.59663],[121.851254,24.596537],[121.851131,24.596535],[121.851066,24.596483],[121.85104,24.596486],[121.851045,24.596496],[121.851069,24.596498],[121.851123,24.596542],[121.851246,24.596547],[121.85145,24.596639],[121.851455,24.59663]]]]}},{"type":"Feature","properties":{"n":"冷泉路","v":"蘇澳鎮","w":3.6,"c":3.6,"r":0},"geometry":{"type":"MultiPolygon","coordinates":[[[[121.850857,24.597147],[121.850873,24.597147],[121.850964,24.596661],[121.850986,24.596583],[121.85101,24.59653],[121.851037,24.596503],[121.851034,24.596491],[121.850999,24.596513],[121.850962,24.596581],[121.850927,24.596732],[121.850857,24.597147]]]]}},{"type":"Feature","properties":{"n":"光復橋","v":"蘇澳鎮","w":1.4,"c":1.4,"r":0},"geometry":{"type":"MultiPolygon","coordinates":[[[[121.852348,24.597103],[121.852469,24.597103],[121.852472,24.597091],[121.852351,24.597088],[121.852348,24.597103]]]]}},{"type":"Feature","properties":{"n":"光復橋","v":"蘇澳鎮","w":1.4,"c":1.4,"r":0},"geometry":{"type":"MultiPolygon","coordinates":[[[[121.852351,24.597039],[121.852351,24.597049],[121.85248,24.597047],[121.852483,24.597037],[121.852351,24.597039]]]]}},{"type":"Feature","properties":{"n":"中正東路(以南側)","v":"五結鄉","w":3,"c":3,"r":null},"geometry":{"type":"MultiPolygon","coordinates":[[[[121.774836,24.697625],[121.774823,24.697629],[121.774737,24.697778],[121.774464,24.69801],[121.774273,24.698122],[121.774072,24.698209],[121.773181,24.698307],[121.772795,24.698448],[121.772613,24.698492],[121.769062,24.69868],[121.769059,24.698694],[121.771679,24.698558],[121.77261,24.698504],[121.772806,24.698463],[121.773203,24.698317],[121.774075,24.698219],[121.774265,24.698136],[121.774426,24.698044],[121.774536,24.697968],[121.774742,24.697778],[121.774836,24.697625]]]]}},{"type":"Feature","properties":{"n":"中興文創10米道路(以西側)","v":"五結鄉","w":3,"c":3,"r":null},"geometry":{"type":"MultiPolygon","coordinates":[[[[121.774841,24.697616],[121.774932,24.697443],[121.77497,24.69735],[121.774994,24.697082],[121.774975,24.696612],[121.774986,24.697107],[121.774962,24.697353],[121.774836,24.697613],[121.774841,24.697616]]]]}},{"type":"Feature","properties":{"n":"中興文創25米園道(以北側)","v":"五結鄉","w":4,"c":4,"r":null},"geometry":{"type":"MultiPolygon","coordinates":[[[[121.769633,24.694988],[121.77136,24.695207],[121.771365,24.6952],[121.76963,24.694976],[121.769633,24.694988]]]]}},{"type":"Feature","properties":{"n":"中興文創25米園道(以南側)","v":"五結鄉","w":4,"c":4,"r":null},"geometry":{"type":"MultiPolygon","coordinates":[[[[121.769635,24.694929],[121.771424,24.695154],[121.769641,24.694925],[121.769635,24.694929]]]]}},{"type":"Feature","properties":{"n":"中興文創東西向30米園道(以西側)","v":"五結鄉","w":4,"c":4,"r":null},"geometry":{"type":"MultiPolygon","coordinates":[[[[121.771373,24.695216],[121.771636,24.69854],[121.771389,24.695226],[121.771373,24.695216]]]]}},{"type":"Feature","properties":{"n":"中興文創東西向30米園道(以東側)","v":"五結鄉","w":4,"c":4,"r":null},"geometry":{"type":"MultiPolygon","coordinates":[[[[121.77169,24.698521],[121.771634,24.697622],[121.771454,24.695168],[121.771443,24.695168],[121.77169,24.698521]]]]}},{"type":"Feature","properties":{"n":"深洲一路","v":"員山鄉","w":0,"c":3,"r":0},"geometry":{"type":"MultiPolygon","coordinates":[[[[121.719154,24.715399],[121.719159,24.715404],[121.719599,24.715462],[121.719154,24.715399]]]]}},{"type":"Feature","properties":{"n":"中原路","v":"蘇澳鎮","w":2.8,"c":2.8,"r":1},"geometry":{"type":"MultiPolygon","coordinates":[[[[121.849351,24.599612],[121.849413,24.599583],[121.849456,24.599546],[121.849491,24.599498],[121.849499,24.599454],[121.849528,24.599039],[121.849488,24.598971],[121.849515,24.59852],[121.849493,24.598517],[121.849464,24.598986],[121.849504,24.599051],[121.849466,24.599461],[121.849461,24.599485],[121.849437,24.599524],[121.849405,24.599554],[121.849343,24.599598],[121.849351,24.599612]]]]}},{"type":"Feature","properties":{"n":"中興四巷","v":"蘇澳鎮","w":2.8,"c":2.8,"r":1},"geometry":{"type":"MultiPolygon","coordinates":[[[[121.82788,24.63408],[121.828081,24.634094],[121.828113,24.634077],[121.828113,24.634065],[121.828084,24.634082],[121.827882,24.634067],[121.827861,24.634045],[121.82785,24.634048],[121.827856,24.63406],[121.827877,24.634075],[121.82788,24.63408]]]]}},{"type":"Feature","properties":{"n":"中興四巷","v":"蘇澳鎮","w":2.4,"c":2.4,"r":0},"geometry":{"type":"MultiPolygon","coordinates":[[[[121.825576,24.633999],[121.825587,24.634009],[121.825613,24.633999],[121.826077,24.634028],[121.82608,24.634019],[121.825603,24.633989],[121.825576,24.633999]]]]}},{"type":"Feature","properties":{"n":"中興四巷","v":"蘇澳鎮","w":1.6,"c":1.6,"r":0},"geometry":{"type":"MultiPolygon","coordinates":[[[[121.825587,24.633899],[121.825621,24.633921],[121.825828,24.633936],[121.825857,24.633909],[121.825847,24.633904],[121.825823,24.633923],[121.825624,24.633911],[121.825603,24.633894],[121.825587,24.633899]]]]}},{"type":"Feature","properties":{"n":"中興四巷","v":"蘇澳鎮","w":2,"c":2,"r":0},"geometry":{"type":"MultiPolygon","coordinates":[[[[121.826008,24.63395],[121.826297,24.633972],[121.8263,24.633958],[121.82601,24.633938],[121.826008,24.63395]]]]}},{"type":"Feature","properties":{"n":"中興四巷","v":"蘇澳鎮","w":1.6,"c":1.6,"r":0},"geometry":{"type":"MultiPolygon","coordinates":[[[[121.826351,24.634041],[121.826348,24.63405],[121.826579,24.634067],[121.826582,24.634055],[121.826351,24.634041]]]]}},{"type":"Feature","properties":{"n":"中興四巷","v":"蘇澳鎮","w":1.2,"c":1.2,"r":1},"geometry":{"type":"MultiPolygon","coordinates":[[[[121.826184,24.634026],[121.826072,24.634021],[121.826345,24.634041],[121.826184,24.634026]]]]}},{"type":"Feature","properties":{"n":"龍祥三路","v":"蘇澳鎮","w":2.8,"c":2.8,"r":0},"geometry":{"type":"MultiPolygon","coordinates":[[[[121.825584,24.633628],[121.825562,24.63386],[121.82557,24.633884],[121.825581,24.633897],[121.825592,24.633892],[121.825581,24.633877],[121.825578,24.63386],[121.825597,24.633631],[121.825584,24.633628]]]]}},{"type":"Feature","properties":{"n":"龍祥三路","v":"蘇澳鎮","w":2.6,"c":2.6,"r":0},"geometry":{"type":"MultiPolygon","coordinates":[[[[121.825574,24.634006],[121.825555,24.634021],[121.825536,24.634238],[121.825552,24.63426],[121.825566,24.634255],[121.82555,24.634233],[121.825569,24.634028],[121.825579,24.634018],[121.825574,24.634006]]]]}},{"type":"Feature","properties":{"n":"維揚路","v":"羅東鎮","w":1.8,"c":1.8,"r":20},"geometry":{"type":"MultiPolygon","coordinates":[[[[121.762662,24.672486],[121.763596,24.672693],[121.763604,24.672656],[121.7627,24.672408],[121.762662,24.672486]]]]}},{"type":"Feature","properties":{"n":"頂寮路","v":"蘇澳鎮","w":2,"c":2,"r":0},"geometry":{"type":"MultiPolygon","coordinates":[[[[121.83439,24.64135],[121.834176,24.641391],[121.834106,24.64142],[121.833996,24.641484],[121.833913,24.641547],[121.833832,24.641645],[121.833792,24.641713],[121.833663,24.642098],[121.833535,24.642454],[121.832537,24.645294],[121.832556,24.645299],[121.833814,24.64171],[121.833894,24.641596],[121.833991,24.641506],[121.834066,24.641459],[121.834149,24.641418],[121.834221,24.641396],[121.834382,24.641364],[121.83439,24.64135]]]]}},{"type":"Feature","properties":{"n":"頂寮路","v":"蘇澳鎮","w":2,"c":2,"r":0},"geometry":{"type":"MultiPolygon","coordinates":[[[[121.832451,24.645267],[121.833685,24.641732],[121.833701,24.641697],[121.833782,24.64158],[121.833862,24.641483],[121.833846,24.641429],[121.833822,24.641439],[121.833835,24.641485],[121.833731,24.641615],[121.833685,24.641678],[121.833672,24.641707],[121.832433,24.645261],[121.832451,24.645267]]]]}},{"type":"Feature","properties":{"n":"頂興路","v":"蘇澳鎮","w":0.9,"c":0.9,"r":0},"geometry":{"type":"MultiPolygon","coordinates":[[[[121.834247,24.642356],[121.834459,24.643156],[121.834569,24.643602],[121.834604,24.643794],[121.834587,24.644011],[121.834464,24.644389],[121.834156,24.645125],[121.833893,24.64573],[121.833914,24.645735],[121.834161,24.645169],[121.834459,24.644457],[121.834545,24.644236],[121.834609,24.644016],[121.834625,24.643797],[121.834585,24.643577],[121.834274,24.642358],[121.834247,24.642356]]]]}},{"type":"Feature","properties":{"n":"頂寮路20巷","v":"蘇澳鎮","w":0.6,"c":0.9,"r":2},"geometry":{"type":"MultiPolygon","coordinates":[[[[121.832759,24.644705],[121.834156,24.645114],[121.834159,24.645105],[121.832761,24.644695],[121.832759,24.644705]]]]}},{"type":"Feature","properties":{"n":"頂寮路18巷","v":"蘇澳鎮","w":0.9,"c":0.9,"r":3},"geometry":{"type":"MultiPolygon","coordinates":[[[[121.832897,24.644334],[121.834311,24.644753],[121.834316,24.644738],[121.8329,24.644322],[121.832897,24.644334]]]]}},{"type":"Feature","properties":{"n":"星中路","v":"三星鄉","w":3,"c":3,"r":2},"geometry":{"type":"MultiPolygon","coordinates":[[[[121.65016,24.66786],[121.650157,24.667869],[121.651946,24.668216],[121.651943,24.668196],[121.651879,24.668045],[121.651812,24.668003],[121.651715,24.66784],[121.651646,24.667835],[121.651195,24.667916],[121.651211,24.667816],[121.651139,24.667804],[121.651168,24.667611],[121.651149,24.667609],[121.65112,24.667804],[121.651093,24.667804],[121.651072,24.667938],[121.650562,24.667865],[121.650441,24.667601],[121.650197,24.667704],[121.65016,24.66786]]]]}},{"type":"Feature","properties":{"n":"星中路","v":"三星鄉","w":2.5,"c":2.5,"r":2},"geometry":{"type":"MultiPolygon","coordinates":[[[[121.652504,24.667982],[121.652517,24.668313],[121.653687,24.66854],[121.653689,24.668515],[121.652579,24.668303],[121.652568,24.667989],[121.652504,24.667982]]]]}},{"type":"Feature","properties":{"n":"大洲原路暨上將路二段","v":"三星鄉","w":5,"c":2.8,"r":4},"geometry":{"type":"MultiPolygon","coordinates":[[[[121.728024,24.69344],[121.728048,24.693423],[121.728708,24.692807],[121.728719,24.692736],[121.728322,24.692193],[121.727826,24.691769],[121.727804,24.691793],[121.7283,24.692207],[121.728681,24.692739],[121.728676,24.692797],[121.728008,24.693421],[121.728024,24.69344]]]]}},{"type":"Feature","properties":{"n":"上將路二段","v":"三星鄉","w":2.5,"c":2.5,"r":2},"geometry":{"type":"MultiPolygon","coordinates":[[[[121.727769,24.691735],[121.727517,24.691523],[121.727501,24.691537],[121.727759,24.691747],[121.727769,24.691735]]]]}},{"type":"Feature","properties":{"n":"上將路二段526巷","v":"三星鄉","w":2.5,"c":2.5,"r":4},"geometry":{"type":"MultiPolygon","coordinates":[[[[121.727948,24.691937],[121.727776,24.692081],[121.72761,24.691934],[121.72735,24.691964],[121.727055,24.691983],[121.726827,24.691976],[121.726824,24.69199],[121.727057,24.692],[121.727296,24.691983],[121.727591,24.691951],[121.727784,24.692115],[121.72794,24.691978],[121.72827,24.692222],[121.72861,24.692719],[121.727892,24.693089],[121.727969,24.69317],[121.728168,24.693041],[121.728288,24.693133],[121.728388,24.693053],[121.728337,24.692936],[121.728643,24.692809],[121.728659,24.692736],[121.728307,24.692222],[121.727948,24.691937]]]]}},{"type":"Feature","properties":{"n":"大洲一路","v":"三星鄉","w":2.5,"c":2.5,"r":2},"geometry":{"type":"MultiPolygon","coordinates":[[[[121.726829,24.692117],[121.726921,24.692453],[121.727157,24.69287],[121.727261,24.693029],[121.727591,24.693431],[121.727605,24.693411],[121.727293,24.693029],[121.727194,24.692875],[121.727116,24.692743],[121.727186,24.692695],[121.727022,24.692451],[121.726961,24.692431],[121.726853,24.692098],[121.726829,24.692117]]]]}},{"type":"Feature","properties":{"n":"上將路二段","v":"三星鄉","w":2.5,"c":2.5,"r":2},"geometry":{"type":"MultiPolygon","coordinates":[[[[121.728889,24.692709],[121.728908,24.6927],[121.7285,24.692151],[121.728195,24.691871],[121.727618,24.691413],[121.727602,24.691427],[121.728162,24.691873],[121.728482,24.692168],[121.728889,24.692709]]]]}},{"type":"Feature","properties":{"n":"中山路一段","v":"宜蘭市","w":3,"c":1.5,"r":3},"geometry":{"type":"MultiPolygon","coordinates":[[[[121.759323,24.7401],[121.759261,24.740158],[121.757148,24.741822],[121.757161,24.741861],[121.757164,24.741834],[121.75935,24.740131],[121.759323,24.7401]]]]}},{"type":"Feature","properties":{"n":"公園北路","v":"宜蘭市","w":3,"c":1.5,"r":16},"geometry":{"type":"MultiPolygon","coordinates":[[[[121.757158,24.741866],[121.757201,24.741902],[121.759511,24.742165],[121.759543,24.742158],[121.759546,24.742138],[121.757201,24.741878],[121.757166,24.741841],[121.757158,24.741866]]]]}},{"type":"Feature","properties":{"n":"凱旋路","v":"宜蘭市","w":1.5,"c":1.5,"r":7},"geometry":{"type":"MultiPolygon","coordinates":[[[[121.762875,24.724294],[121.76291,24.724382],[121.762915,24.72443],[121.762848,24.724501],[121.762875,24.724516],[121.76284,24.724576],[121.762826,24.724579],[121.762746,24.725446],[121.762722,24.725563],[121.76255,24.726153],[121.762534,24.726394],[121.762491,24.726657],[121.762389,24.726896],[121.762419,24.726925],[121.762518,24.726657],[121.762564,24.726401],[121.762577,24.726163],[121.762759,24.725563],[121.762735,24.725558],[121.762754,24.725446],[121.762773,24.725471],[121.762848,24.724581],[121.76288,24.724516],[121.762944,24.724428],[121.762936,24.724362],[121.762915,24.724294],[121.762875,24.724294]]]]}},{"type":"Feature","properties":{"n":"礁溪路六段","v":"礁溪鄉","w":3,"c":2,"r":2},"geometry":{"type":"MultiPolygon","coordinates":[[[[121.777918,24.830968],[121.777701,24.830688],[121.77769,24.830698],[121.777907,24.830978],[121.777918,24.830968]]]]}},{"type":"Feature","properties":{"n":"礁溪路六段","v":"礁溪鄉","w":2,"c":2,"r":2},"geometry":{"type":"MultiPolygon","coordinates":[[[[121.776668,24.829476],[121.776733,24.829488],[121.777567,24.830518],[121.777585,24.830508],[121.776738,24.829468],[121.776668,24.829476]]]]}},{"type":"Feature","properties":{"n":"大忠路","v":"礁溪鄉","w":4,"c":2,"r":2},"geometry":{"type":"MultiPolygon","coordinates":[[[[121.763034,24.82562],[121.76231,24.824899],[121.762154,24.8247],[121.762122,24.824724],[121.762401,24.825055],[121.763018,24.825649],[121.763034,24.82562]]]]}},{"type":"Feature","properties":{"n":"大忠路","v":"礁溪鄉","w":4,"c":2,"r":2},"geometry":{"type":"MultiPolygon","coordinates":[[[[121.763034,24.82562],[121.76231,24.824899],[121.762154,24.8247],[121.762122,24.824724],[121.762401,24.825055],[121.763018,24.825649],[121.763034,24.82562]]]]}},{"type":"Feature","properties":{"n":"大忠路","v":"礁溪鄉","w":4,"c":2,"r":2},"geometry":{"type":"MultiPolygon","coordinates":[[[[121.762117,24.824651],[121.761151,24.8234],[121.760116,24.822655],[121.7601,24.822679],[121.76113,24.823443],[121.762101,24.824675],[121.762117,24.824651]]]]}},{"type":"Feature","properties":{"n":"大忠路","v":"礁溪鄉","w":4,"c":2,"r":2},"geometry":{"type":"MultiPolygon","coordinates":[[[[121.759934,24.82254],[121.75992,24.822555],[121.760036,24.822635],[121.760054,24.822616],[121.759934,24.82254]]]]}},{"type":"Feature","properties":{"n":"五峰路","v":"礁溪鄉","w":8,"c":3,"r":2},"geometry":{"type":"MultiPolygon","coordinates":[[[[121.763032,24.826837],[121.762986,24.826832],[121.762857,24.827163],[121.762482,24.827134],[121.762095,24.827144],[121.76143,24.827144],[121.760733,24.827134],[121.760711,24.827192],[121.762259,24.827197],[121.762621,24.827234],[121.762809,24.827244],[121.762922,24.8272],[121.762975,24.827066],[121.763032,24.826837]]]]}},{"type":"Feature","properties":{"n":"五峰路","v":"礁溪鄉","w":1.5,"c":1.5,"r":2},"geometry":{"type":"MultiPolygon","coordinates":[[[[121.760572,24.827222],[121.760572,24.827183],[121.76018,24.827241],[121.759617,24.827217],[121.75922,24.827129],[121.758791,24.826978],[121.758201,24.827076],[121.757563,24.82745],[121.756817,24.827932],[121.756838,24.827962],[121.75775,24.827377],[121.758196,24.827119],[121.758571,24.827032],[121.758786,24.827017],[121.75929,24.827178],[121.759633,24.827246],[121.760186,24.827275],[121.760572,24.827222]]]]}},{"type":"Feature","properties":{"n":"縣政西路","v":"宜蘭市","w":4.8,"c":2.5,"r":2},"geometry":{"type":"MultiPolygon","coordinates":[[[[121.760163,24.73059],[121.759852,24.730342],[121.759192,24.729801],[121.759176,24.729813],[121.760155,24.730607],[121.760163,24.73059]]]]}},{"type":"Feature","properties":{"n":"縣政西路","v":"宜蘭市","w":7,"c":2.5,"r":2},"geometry":{"type":"MultiPolygon","coordinates":[[[[121.760713,24.730931],[121.760705,24.730873],[121.760683,24.730839],[121.760624,24.730815],[121.7606,24.730851],[121.760235,24.73062],[121.760219,24.730634],[121.760702,24.730944],[121.760713,24.730931]]]]}},{"type":"Feature","properties":{"n":"縣政西路","v":"宜蘭市","w":7,"c":2.5,"r":2},"geometry":{"type":"MultiPolygon","coordinates":[[[[121.759084,24.72972],[121.759098,24.729707],[121.759103,24.729688],[121.758816,24.729262],[121.758454,24.729186],[121.758406,24.729215],[121.758773,24.729271],[121.758816,24.729296],[121.759084,24.72972]]]]}},{"type":"Feature","properties":{"n":"溪洲路","v":"員山鄉","w":4.25,"c":2.75,"r":0},"geometry":{"type":"MultiPolygon","coordinates":[[[[121.73298,24.710666],[121.732996,24.710636],[121.729901,24.709433],[121.729885,24.709457],[121.73298,24.710666]]]]}},{"type":"Feature","properties":{"n":"溪洲路","v":"員山鄉","w":4.25,"c":2.75,"r":null},"geometry":{"type":"MultiPolygon","coordinates":[[[[121.729684,24.709396],[121.729676,24.709372],[121.727795,24.708772],[121.727779,24.708794],[121.729684,24.709396]]]]}},{"type":"Feature","properties":{"n":"泰山路(舊城南路-民權路二段)","v":"宜蘭市","w":2.1,"c":2.1,"r":6},"geometry":{"type":"MultiPolygon","coordinates":[[[[121.748713,24.755406],[121.748731,24.755391],[121.748155,24.75485],[121.748125,24.754831],[121.748077,24.75485],[121.748069,24.754875],[121.748125,24.754865],[121.74871,24.755406],[121.748713,24.755406]]]]}},{"type":"Feature","properties":{"n":"泰山路","v":"宜蘭市","w":1.5,"c":1.5,"r":2},"geometry":{"type":"MultiPolygon","coordinates":[[[[121.741704,24.753216],[121.741715,24.753199],[121.741122,24.752916],[121.741117,24.752938],[121.741699,24.753216],[121.741704,24.753216]]]]}},{"type":"Feature","properties":{"n":"泰山路","v":"宜蘭市","w":1.5,"c":1.5,"r":2},"geometry":{"type":"MultiPolygon","coordinates":[[[[121.741106,24.752748],[121.741101,24.752748],[121.741104,24.752769],[121.7413,24.752843],[121.741316,24.75283],[121.741106,24.752748]]]]}},{"type":"Feature","properties":{"n":"維揚路","v":"羅東鎮","w":2,"c":2,"r":3},"geometry":{"type":"MultiPolygon","coordinates":[[[[121.761682,24.67221],[121.761663,24.672222],[121.762578,24.672407],[121.76257,24.672385],[121.761682,24.67221]]]]}},{"type":"Feature","properties":{"n":"維揚路70巷","v":"羅東鎮","w":2,"c":2,"r":3},"geometry":{"type":"MultiPolygon","coordinates":[[[[121.761606,24.672205],[121.761276,24.672122],[121.761251,24.672134],[121.761606,24.672217],[121.761606,24.672205]]]]}},{"type":"Feature","properties":{"n":"維揚路","v":"羅東鎮","w":15,"c":2,"r":3},"geometry":{"type":"MultiPolygon","coordinates":[[[[121.760029,24.67193],[121.761205,24.672136],[121.761205,24.672102],[121.760625,24.671985],[121.760046,24.671907],[121.760029,24.67193]]]]}},{"type":"Feature","properties":{"n":"清潭路","v":"羅東鎮","w":2.5,"c":2.5,"r":12},"geometry":{"type":"MultiPolygon","coordinates":[[[[121.772516,24.673848],[121.77273,24.673736],[121.773186,24.673029],[121.773422,24.672922],[121.773535,24.67205],[121.7728,24.671884],[121.771899,24.672025],[121.771303,24.67224],[121.771706,24.672903],[121.771749,24.673429],[121.772215,24.67358],[121.772419,24.673824],[121.772446,24.673805],[121.772221,24.673551],[121.77177,24.67341],[121.771738,24.672908],[121.771357,24.672264],[121.771861,24.672064],[121.772789,24.671908],[121.773519,24.672079],[121.773369,24.672917],[121.773154,24.673],[121.772682,24.673746],[121.7725,24.673819],[121.772516,24.673848]]]]}},{"type":"Feature","properties":{"n":"文化街","v":"羅東鎮","w":1.5,"c":1.5,"r":4},"geometry":{"type":"MultiPolygon","coordinates":[[[[121.769623,24.67081],[121.769065,24.670488],[121.769043,24.670508],[121.769636,24.670839],[121.769623,24.67081]]]]}},{"type":"Feature","properties":{"n":"興東南路","v":"羅東鎮","w":2.3,"c":2.3,"r":4},"geometry":{"type":"MultiPolygon","coordinates":[[[[121.767856,24.671723],[121.767879,24.67173],[121.768332,24.670967],[121.769064,24.670507],[121.769056,24.67049],[121.768315,24.670948],[121.767856,24.671723]]]]}},{"type":"Feature","properties":{"n":"中山路二段","v":"宜蘭市","w":1.27,"c":1.27,"r":2},"geometry":{"type":"MultiPolygon","coordinates":[[[[121.752701,24.752788],[121.753023,24.751954],[121.753004,24.75195],[121.752683,24.752783],[121.752701,24.752788]]]]}},{"type":"Feature","properties":{"n":"中山路二段","v":"宜蘭市","w":1.27,"c":1.27,"r":2},"geometry":{"type":"MultiPolygon","coordinates":[[[[121.753025,24.751897],[121.753044,24.751904],[121.753306,24.751203],[121.753298,24.751171],[121.753025,24.751897]]]]}},{"type":"Feature","properties":{"n":"中山路二段","v":"宜蘭市","w":3,"c":3,"r":6},"geometry":{"type":"MultiPolygon","coordinates":[[[[121.75389,24.749571],[121.753914,24.749576],[121.754526,24.747946],[121.754526,24.747922],[121.754507,24.74791],[121.75389,24.749571]]]]}},{"type":"Feature","properties":{"n":"光復路","v":"宜蘭市","w":2,"c":2,"r":4},"geometry":{"type":"MultiPolygon","coordinates":[[[[121.754755,24.755489],[121.754771,24.755486],[121.754785,24.755426],[121.755434,24.755292],[121.755412,24.755277],[121.754779,24.755418],[121.754755,24.755489]]]]}},{"type":"Feature","properties":{"n":"宜興路一段","v":"宜蘭市","w":1.5,"c":1.5,"r":2},"geometry":{"type":"MultiPolygon","coordinates":[[[[121.757729,24.755494],[121.757737,24.755448],[121.757528,24.754919],[121.757517,24.754919],[121.757729,24.755494]]]]}},{"type":"Feature","properties":{"n":"延平路","v":"宜蘭市","w":4,"c":4,"r":2},"geometry":{"type":"MultiPolygon","coordinates":[[[[121.764625,24.755246],[121.766154,24.755546],[121.766178,24.755528],[121.766178,24.755511],[121.764636,24.755231],[121.764625,24.755246]]]]}},{"type":"Feature","properties":{"n":"舊城西路","v":"宜蘭市","w":1.5,"c":1.5,"r":3},"geometry":{"type":"MultiPolygon","coordinates":[[[[121.750397,24.759787],[121.750531,24.759901],[121.750678,24.760013],[121.750861,24.760123],[121.75103,24.760211],[121.751309,24.76031],[121.751408,24.76034],[121.751419,24.760323],[121.751402,24.760259],[121.751335,24.760306],[121.751113,24.760228],[121.750987,24.760174],[121.75081,24.760077],[121.750614,24.75995],[121.75041,24.759782],[121.750397,24.759787]]]]}},{"type":"Feature","properties":{"n":"中山路","v":"三星鄉","w":2,"c":2,"r":4},"geometry":{"type":"MultiPolygon","coordinates":[[[[121.652391,24.668281],[121.652407,24.668284],[121.652372,24.667506],[121.652353,24.667506],[121.652391,24.668281]]]]}},{"type":"Feature","properties":{"n":"中山路","v":"三星鄉","w":2,"c":2,"r":4},"geometry":{"type":"MultiPolygon","coordinates":[[[[121.652334,24.667409],[121.652364,24.667409],[121.652329,24.666992],[121.652302,24.666997],[121.652334,24.667409]]]]}},{"type":"Feature","properties":{"n":"福山街","v":"三星鄉","w":3,"c":2,"r":4},"geometry":{"type":"MultiPolygon","coordinates":[[[[121.618356,24.661598],[121.619126,24.661605],[121.619123,24.661586],[121.618799,24.661583],[121.618801,24.661478],[121.61863,24.661486],[121.618627,24.661542],[121.618359,24.661542],[121.618356,24.661598]]]]}},{"type":"Feature","properties":{"n":"縣政十一街","v":"宜蘭市","w":2.5,"c":2.5,"r":0},"geometry":{"type":"MultiPolygon","coordinates":[[[[121.761705,24.731384],[121.76168,24.731374],[121.761347,24.732027],[121.761364,24.732056],[121.761401,24.732198],[121.760693,24.73346],[121.760731,24.73349],[121.761442,24.732193],[121.76138,24.732035],[121.761705,24.731384]]]]}},{"type":"Feature","properties":{"n":"縣政一街","v":"宜蘭市","w":2,"c":2,"r":0},"geometry":{"type":"MultiPolygon","coordinates":[[[[121.764762,24.728559],[121.76561,24.728101],[121.765599,24.728082],[121.764751,24.72854],[121.764762,24.728559]]]]}},{"type":"Feature","properties":{"n":"縣政南路","v":"宜蘭市","w":2,"c":2,"r":0},"geometry":{"type":"MultiPolygon","coordinates":[[[[121.765614,24.72922],[121.765624,24.7292],[121.765058,24.728901],[121.764809,24.728679],[121.764758,24.728581],[121.764745,24.728581],[121.764782,24.728684],[121.765032,24.728918],[121.765257,24.729057],[121.765614,24.72922]]]]}},{"type":"Feature","properties":{"n":"信義路","v":"羅東鎮","w":5.5,"c":2.5,"r":0},"geometry":{"type":"MultiPolygon","coordinates":[[[[121.771648,24.68193],[121.771648,24.681947],[121.772523,24.681811],[121.772638,24.681757],[121.772788,24.68156],[121.772949,24.680181],[121.772919,24.680173],[121.772772,24.681543],[121.772641,24.681731],[121.77249,24.681792],[121.771648,24.68193]]]]}},{"type":"Feature","properties":{"n":"信義路","v":"羅東鎮","w":5.5,"c":2.5,"r":0},"geometry":{"type":"MultiPolygon","coordinates":[[[[121.771621,24.682045],[121.772426,24.681918],[121.772622,24.681869],[121.772804,24.681748],[121.772895,24.681538],[121.773005,24.680378],[121.773035,24.680173],[121.773003,24.680178],[121.772863,24.681558],[121.772775,24.681743],[121.772606,24.681855],[121.771621,24.68203],[121.771621,24.682045]]]]}},{"type":"Feature","properties":{"n":"大埤路","v":"冬山鄉","w":2.5,"c":1.5,"r":0},"geometry":{"type":"MultiPolygon","coordinates":[[[[121.731071,24.651088],[121.731093,24.651087],[121.731044,24.6463],[121.731012,24.6463],[121.731071,24.651088]]]]}},{"type":"Feature","properties":{"n":"大埤路","v":"冬山鄉","w":2.5,"c":1.5,"r":0},"geometry":{"type":"MultiPolygon","coordinates":[[[[121.731203,24.65108],[121.73116,24.648293],[121.731116,24.646312],[121.731089,24.646312],[121.731172,24.651083],[121.731203,24.65108]]]]}},{"type":"Feature","properties":{"n":"五結路二段207巷(南北)","v":"五結鄉","w":1.5,"c":1.5,"r":1},"geometry":{"type":"MultiPolygon","coordinates":[[[[121.806808,24.687341],[121.806867,24.687341],[121.806165,24.684183],[121.806116,24.684197],[121.806808,24.687341]]]]}},{"type":"Feature","properties":{"n":"五結路二段207巷(東西)","v":"五結鄉","w":1.5,"c":1.5,"r":2},"geometry":{"type":"MultiPolygon","coordinates":[[[[121.803558,24.688043],[121.808957,24.687052],[121.808951,24.687025],[121.803555,24.688029],[121.803558,24.688043]]]]}},{"type":"Feature","properties":{"n":"香中路","v":"冬山鄉","w":1.75,"c":1.75,"r":3},"geometry":{"type":"MultiPolygon","coordinates":[[[[121.807313,24.625292],[121.804586,24.627067],[121.804559,24.627145],[121.804596,24.62708],[121.807321,24.625302],[121.807313,24.625292]]]]}},{"type":"Feature","properties":{"n":"香中路","v":"冬山鄉","w":1.75,"c":1.75,"r":2},"geometry":{"type":"MultiPolygon","coordinates":[[[[121.804566,24.626925],[121.806996,24.625355],[121.806988,24.625345],[121.804558,24.626915],[121.804491,24.62691],[121.804523,24.626934],[121.804566,24.626925]]]]}},{"type":"Feature","properties":{"n":"香南路","v":"冬山鄉","w":2,"c":2,"r":2},"geometry":{"type":"MultiPolygon","coordinates":[[[[121.799324,24.630293],[121.798557,24.629698],[121.79845,24.629718],[121.798578,24.629732],[121.799281,24.630274],[121.799265,24.630342],[121.799324,24.630298],[121.799324,24.630293]]]]}},{"type":"Feature","properties":{"n":"香南路","v":"冬山鄉","w":2,"c":2,"r":2},"geometry":{"type":"MultiPolygon","coordinates":[[[[121.798635,24.629579],[121.799386,24.630178],[121.799453,24.630181],[121.799388,24.630161],[121.79868,24.629596],[121.798621,24.629523],[121.798635,24.629579]]]]}},{"type":"Feature","properties":{"n":"香中路","v":"冬山鄉","w":2,"c":2,"r":2},"geometry":{"type":"MultiPolygon","coordinates":[[[[121.79936,24.630404],[121.79777,24.631096],[121.797773,24.631106],[121.799371,24.630414],[121.79936,24.630404]]]]}},{"type":"Feature","properties":{"n":"香中路","v":"冬山鄉","w":1.5,"c":1.5,"r":4},"geometry":{"type":"MultiPolygon","coordinates":[[[[121.799474,24.630326],[121.799492,24.630392],[121.799551,24.630299],[121.804395,24.627191],[121.804443,24.627198],[121.804395,24.627173],[121.799474,24.630326]]]]}},{"type":"Feature","properties":{"n":"香中路","v":"冬山鄉","w":2,"c":2,"r":2},"geometry":{"type":"MultiPolygon","coordinates":[[[[121.799448,24.630183],[121.80438,24.627041],[121.804402,24.626999],[121.804362,24.627041],[121.799462,24.630161],[121.799395,24.63018],[121.799448,24.630183]]]]}},{"type":"Feature","properties":{"n":"冬山路三段","v":"冬山鄉","w":3,"c":3,"r":2},"geometry":{"type":"MultiPolygon","coordinates":[[[[121.772853,24.666707],[121.772954,24.666651],[121.773102,24.666395],[121.7734,24.665834],[121.773368,24.665729],[121.773349,24.665734],[121.773378,24.665837],[121.772936,24.666643],[121.772842,24.666699],[121.772853,24.666707]]]]}},{"type":"Feature","properties":{"n":"冬山路三段","v":"冬山鄉","w":3,"c":3,"r":2},"geometry":{"type":"MultiPolygon","coordinates":[[[[121.77374,24.665872],[121.773354,24.666601],[121.773533,24.666986],[121.773549,24.666976],[121.773375,24.666603],[121.773759,24.665879],[121.77374,24.665872]]]]}},{"type":"Feature","properties":{"n":"冬山路三段","v":"冬山鄉","w":1.8,"c":1.8,"r":4},"geometry":{"type":"MultiPolygon","coordinates":[[[[121.774968,24.662873],[121.774941,24.662863],[121.773504,24.665618],[121.773418,24.665652],[121.773423,24.665676],[121.773531,24.665632],[121.774968,24.662873]]]]}},{"type":"Feature","properties":{"n":"冬山路三段","v":"冬山鄉","w":1.8,"c":1.8,"r":4},"geometry":{"type":"MultiPolygon","coordinates":[[[[121.775424,24.662626],[121.773794,24.665758],[121.773815,24.665797],[121.773828,24.665785],[121.773812,24.665758],[121.775446,24.662635],[121.775424,24.662626]]]]}},{"type":"Feature","properties":{"n":"冬山路三段","v":"冬山鄉","w":1.6,"c":1.6,"r":0},"geometry":{"type":"MultiPolygon","coordinates":[[[[121.77259,24.667936],[121.772604,24.66795],[121.772832,24.667524],[121.773046,24.667385],[121.773296,24.667334],[121.77329,24.667314],[121.773044,24.667368],[121.772816,24.667514],[121.77259,24.667936]]]]}},{"type":"Feature","properties":{"n":"冬山路三段","v":"冬山鄉","w":1.6,"c":1.6,"r":null},"geometry":{"type":"MultiPolygon","coordinates":[[[[121.772405,24.667841],[121.772424,24.667848],[121.772649,24.667404],[121.77258,24.667212],[121.772507,24.667144],[121.772491,24.667161],[121.772574,24.667227],[121.772631,24.667402],[121.772405,24.667841]]]]}},{"type":"Feature","properties":{"n":"富農路二段","v":"冬山鄉","w":2,"c":2,"r":null},"geometry":{"type":"MultiPolygon","coordinates":[[[[121.798276,24.662912],[121.797944,24.66162],[121.797986,24.660684],[121.797906,24.661625],[121.798276,24.662912]]]]}},{"type":"Feature","properties":{"n":"富農路二段","v":"冬山鄉","w":2,"c":2,"r":null},"geometry":{"type":"MultiPolygon","coordinates":[[[[121.797897,24.660644],[121.797905,24.660644],[121.797969,24.660275],[121.797991,24.659815],[121.797985,24.659807],[121.797897,24.660644]]]]}},{"type":"Feature","properties":{"n":"富農路二段","v":"冬山鄉","w":2,"c":2,"r":0},"geometry":{"type":"MultiPolygon","coordinates":[[[[121.797986,24.659801],[121.797996,24.659801],[121.797878,24.659658],[121.797868,24.659662],[121.797986,24.659801]]]]}},{"type":"Feature","properties":{"n":"富農路二段","v":"冬山鄉","w":2,"c":2,"r":null},"geometry":{"type":"MultiPolygon","coordinates":[[[[121.79798,24.659491],[121.797996,24.659489],[121.797961,24.659218],[121.797951,24.659231],[121.79798,24.659491]]]]}},{"type":"Feature","properties":{"n":"富農路二段","v":"冬山鄉","w":2,"c":2,"r":null},"geometry":{"type":"MultiPolygon","coordinates":[[[[121.798,24.660621],[121.798123,24.660121],[121.798086,24.659567],[121.798078,24.659558],[121.798104,24.660118],[121.798,24.660621]]]]}},{"type":"Feature","properties":{"n":"富農路二段","v":"冬山鄉","w":2,"c":2,"r":0},"geometry":{"type":"MultiPolygon","coordinates":[[[[121.798083,24.659458],[121.798091,24.659458],[121.798102,24.659263],[121.798088,24.659263],[121.798083,24.659458]]]]}},{"type":"Feature","properties":{"n":"富農路二段","v":"冬山鄉","w":2,"c":2,"r":null},"geometry":{"type":"MultiPolygon","coordinates":[[[[121.798077,24.662515],[121.797809,24.661632],[121.7979,24.66073],[121.797889,24.66072],[121.797782,24.661637],[121.798055,24.662519],[121.798077,24.662515]]]]}},{"type":"Feature","properties":{"n":"三星路五段","v":"三星鄉","w":2,"c":2,"r":2},"geometry":{"type":"MultiPolygon","coordinates":[[[[121.650387,24.665895],[121.650376,24.665929],[121.651272,24.666043],[121.651291,24.666073],[121.65135,24.666082],[121.65131,24.666012],[121.650387,24.665895]]]]}},{"type":"Feature","properties":{"n":"雙義路","v":"三星鄉","w":2.5,"c":1.5,"r":2},"geometry":{"type":"MultiPolygon","coordinates":[[[[121.649794,24.667234],[121.64984,24.667237],[121.649902,24.666652],[121.649953,24.666635],[121.650068,24.666649],[121.650079,24.666613],[121.649934,24.666605],[121.649864,24.666637],[121.649794,24.667234]]]]}},{"type":"Feature","properties":{"n":"三星路五段82巷","v":"三星鄉","w":2,"c":2,"r":3},"geometry":{"type":"MultiPolygon","coordinates":[[[[121.651159,24.667299],[121.651199,24.667301],[121.65136,24.666126],[121.651347,24.666082],[121.651296,24.666082],[121.651307,24.66617],[121.651159,24.667299]]]]}},{"type":"Feature","properties":{"n":"星義路","v":"三星鄉","w":2,"c":1.5,"r":0},"geometry":{"type":"MultiPolygon","coordinates":[[[[121.650097,24.66733],[121.650371,24.667367],[121.65087,24.667328],[121.65114,24.66733],[121.651183,24.667328],[121.651194,24.667323],[121.651194,24.667308],[121.651154,24.667304],[121.650862,24.667304],[121.650371,24.667345],[121.6501,24.667308],[121.650097,24.66733]]]]}},{"type":"Feature","properties":{"n":"中山路二段","v":"三星鄉","w":1.5,"c":1.5,"r":0},"geometry":{"type":"MultiPolygon","coordinates":[[[[121.652373,24.668329],[121.652443,24.668595],[121.652709,24.669714],[121.652741,24.669975],[121.652738,24.669999],[121.652746,24.670026],[121.652768,24.669997],[121.652733,24.669704],[121.652398,24.668334],[121.652373,24.668329]]]]}},{"type":"Feature","properties":{"n":"中山路二段","v":"三星鄉","w":1.5,"c":1.5,"r":0},"geometry":{"type":"MultiPolygon","coordinates":[[[[121.652536,24.668449],[121.652603,24.668705],[121.652801,24.669595],[121.652909,24.67015],[121.652935,24.670197],[121.652842,24.669685],[121.652579,24.668464],[121.652536,24.668449]]]]}},{"type":"Feature","properties":{"n":"健富路一段","v":"三星鄉","w":1.5,"c":1.5,"r":0},"geometry":{"type":"MultiPolygon","coordinates":[[[[121.688899,24.679978],[121.688923,24.679978],[121.688933,24.67914],[121.688912,24.679125],[121.688907,24.679132],[121.688899,24.679978]]]]}}]}