{"type":"FeatureCollection","features":[{"type":"Feature","properties":{"n":"建國路","v":"崙背鄉","w":5.5,"c":2.7,"r":2},"geometry":{"type":"MultiPolygon","coordinates":[[[[120.354998,23.760904],[120.355036,23.760892],[120.354634,23.760251],[120.354478,23.759927],[120.354448,23.759954],[120.354609,23.760281],[120.354998,23.760904]]]]}},{"type":"Feature","properties":{"n":"正義路","v":"崙背鄉","w":5.1,"c":3.4,"r":1},"geometry":{"type":"MultiPolygon","coordinates":[[[[120.355001,23.760907],[120.354982,23.760882],[120.354789,23.760946],[120.354081,23.760708],[120.353904,23.760511],[120.353743,23.760227],[120.353697,23.760249],[120.353861,23.760524],[120.354046,23.760727],[120.354802,23.760978],[120.355001,23.760907]]]]}},{"type":"Feature","properties":{"n":"建國路","v":"崙背鄉","w":7,"c":5.9,"r":0},"geometry":{"type":"MultiPolygon","coordinates":[[[[120.354443,23.759944],[120.354478,23.75992],[120.354328,23.759625],[120.354296,23.759645],[120.354443,23.759944]]]]}},{"type":"Feature","properties":{"n":"建國路","v":"崙背鄉","w":6.2,"c":3.9,"r":0},"geometry":{"type":"MultiPolygon","coordinates":[[[[120.354018,23.759024],[120.35401,23.759024],[120.354287,23.759623],[120.354313,23.759613],[120.354038,23.759015],[120.354018,23.759024]]]]}},{"type":"Feature","properties":{"n":"信義路","v":"崙背鄉","w":5,"c":3.5,"r":0},"geometry":{"type":"MultiPolygon","coordinates":[[[[120.354032,23.759013],[120.354021,23.758987],[120.353174,23.759275],[120.353187,23.759294],[120.354032,23.759013]]]]}},{"type":"Feature","properties":{"n":"南光路","v":"崙背鄉","w":4.1,"c":1.9,"r":0},"geometry":{"type":"MultiPolygon","coordinates":[[[[120.353494,23.759891],[120.353529,23.759881],[120.353342,23.759486],[120.353229,23.75929],[120.353189,23.759302],[120.353302,23.759491],[120.353494,23.759891]]]]}},{"type":"Feature","properties":{"n":"南光路","v":"崙背鄉","w":3.5,"c":3.5,"r":0},"geometry":{"type":"MultiPolygon","coordinates":[[[[120.353531,23.759884],[120.354288,23.759623],[120.35427,23.759596],[120.353522,23.759856],[120.353531,23.759884]]]]}},{"type":"Feature","properties":{"n":"南光路","v":"崙背鄉","w":4.9,"c":3.3,"r":0},"geometry":{"type":"MultiPolygon","coordinates":[[[[120.353542,23.759912],[120.35351,23.759917],[120.353689,23.760224],[120.353714,23.7602],[120.353542,23.759912]]]]}},{"type":"Feature","properties":{"n":"崙背國中東側","v":"崙背鄉","w":3.5,"c":2.4,"r":0},"geometry":{"type":"MultiPolygon","coordinates":[[[[120.350102,23.75767],[120.350155,23.757645],[120.348954,23.75522],[120.348879,23.755244],[120.350102,23.75767]]]]}},{"type":"Feature","properties":{"n":"雲16","v":"崙背鄉","w":3.5,"c":0.9,"r":0},"geometry":{"type":"MultiPolygon","coordinates":[[[[120.348955,23.755197],[120.348933,23.755159],[120.348724,23.755188],[120.34578,23.756077],[120.345814,23.756119],[120.348719,23.755239],[120.348966,23.755198],[120.348955,23.755197]]]]}},{"type":"Feature","properties":{"n":"大同路","v":"崙背鄉","w":3.4,"c":2,"r":0},"geometry":{"type":"MultiPolygon","coordinates":[[[[120.348359,23.758391],[120.348316,23.758337],[120.346854,23.756996],[120.345896,23.756107],[120.345826,23.756127],[120.347664,23.757848],[120.348318,23.758422],[120.348359,23.758391]]]]}},{"type":"Feature","properties":{"n":"大成路","v":"崙背鄉","w":3.6,"c":2.5,"r":0},"geometry":{"type":"MultiPolygon","coordinates":[[[[120.350096,23.757663],[120.350068,23.757603],[120.34833,23.75833],[120.348375,23.758381],[120.350096,23.757663]]]]}},{"type":"Feature","properties":{"n":"大同路","v":"崙背鄉","w":3.6,"c":2.2,"r":4},"geometry":{"type":"MultiPolygon","coordinates":[[[[120.348438,23.75861],[120.346563,23.756912],[120.346502,23.756948],[120.348398,23.758646],[120.348438,23.75861]]]]}},{"type":"Feature","properties":{"n":"大同路150巷","v":"崙背鄉","w":6,"c":4.6,"r":2},"geometry":{"type":"MultiPolygon","coordinates":[[[[120.347206,23.759127],[120.348015,23.75887],[120.348195,23.758778],[120.348385,23.758643],[120.348354,23.758616],[120.348177,23.758747],[120.347992,23.758842],[120.347196,23.759091],[120.347206,23.759127]]]]}},{"type":"Feature","properties":{"n":"民族路","v":"大埤鄉","w":3.6,"c":2.2,"r":2},"geometry":{"type":"MultiPolygon","coordinates":[[[[120.433337,23.643602],[120.433297,23.64358],[120.432256,23.645091],[120.432339,23.645069],[120.433337,23.643602]]]]}},{"type":"Feature","properties":{"n":"民權路67巷","v":"大埤鄉","w":2.1,"c":2.1,"r":2},"geometry":{"type":"MultiPolygon","coordinates":[[[[120.431005,23.643701],[120.431029,23.643812],[120.430777,23.644919],[120.430825,23.644919],[120.43108,23.643894],[120.431088,23.643847],[120.431053,23.643695],[120.431005,23.643701]]]]}},{"type":"Feature","properties":{"n":"民權路","v":"大埤鄉","w":1.7,"c":1.7,"r":0},"geometry":{"type":"MultiPolygon","coordinates":[[[[120.430817,23.640558],[120.430744,23.639399],[120.4307,23.639399],[120.430773,23.640558],[120.430817,23.640558]]]]}},{"type":"Feature","properties":{"n":"中正路","v":"大埤鄉","w":4.3,"c":1.5,"r":0},"geometry":{"type":"MultiPolygon","coordinates":[[[[120.423254,23.643818],[120.423319,23.643651],[120.421817,23.643143],[120.421739,23.643298],[120.423254,23.643818]]]]}},{"type":"Feature","properties":{"n":"中興路","v":"二崙鄉","w":4.9,"c":3,"r":0},"geometry":{"type":"MultiPolygon","coordinates":[[[[120.412255,23.773054],[120.412225,23.773091],[120.412266,23.773105],[120.412515,23.772801],[120.41248,23.772786],[120.412255,23.773054]]]]}},{"type":"Feature","properties":{"n":"中興路","v":"二崙鄉","w":2.7,"c":1.4,"r":2},"geometry":{"type":"MultiPolygon","coordinates":[[[[120.412493,23.77276],[120.412541,23.772782],[120.412748,23.772421],[120.412702,23.772404],[120.412501,23.772755],[120.412493,23.77276]]]]}},{"type":"Feature","properties":{"n":"中興路","v":"二崙鄉","w":3.7,"c":2.6,"r":7},"geometry":{"type":"MultiPolygon","coordinates":[[[[120.41271,23.772384],[120.412766,23.772384],[120.413053,23.771695],[120.413252,23.771137],[120.413209,23.771115],[120.413005,23.771687],[120.412863,23.771992],[120.412699,23.772384],[120.41271,23.772384]]]]}},{"type":"Feature","properties":{"n":"中興路","v":"二崙鄉","w":4.2,"c":1.8,"r":2},"geometry":{"type":"MultiPolygon","coordinates":[[[[120.413436,23.770379],[120.413405,23.770365],[120.412946,23.77167],[120.412982,23.771679],[120.413436,23.770379]]]]}},{"type":"Feature","properties":{"n":"中興路","v":"二崙鄉","w":3.2,"c":3.2,"r":0},"geometry":{"type":"MultiPolygon","coordinates":[[[[120.412972,23.7717],[120.412932,23.77169],[120.412795,23.772009],[120.412829,23.772021],[120.412972,23.7717]]]]}},{"type":"Feature","properties":{"n":"中正路","v":"二崙鄉","w":2.5,"c":2.5,"r":0},"geometry":{"type":"MultiPolygon","coordinates":[[[[120.405897,23.775471],[120.405937,23.775461],[120.407098,23.774236],[120.407013,23.774175],[120.405851,23.775478],[120.405897,23.775471]]]]}},{"type":"Feature","properties":{"n":"中正路","v":"褒忠鄉","w":1.55,"c":1.55,"r":0},"geometry":{"type":"MultiPolygon","coordinates":[[[[120.311504,23.694538],[120.311748,23.694577],[120.312524,23.694847],[120.3128,23.694935],[120.312814,23.694898],[120.311761,23.694546],[120.311511,23.694502],[120.311504,23.694538]]]]}},{"type":"Feature","properties":{"n":"中正路","v":"褒忠鄉","w":1.6,"c":1.6,"r":0},"geometry":{"type":"MultiPolygon","coordinates":[[[[120.311415,23.694522],[120.311436,23.694466],[120.310672,23.69439],[120.310664,23.694444],[120.311415,23.694522]]]]}},{"type":"Feature","properties":{"n":"中正路","v":"褒忠鄉","w":1.55,"c":1.55,"r":0},"geometry":{"type":"MultiPolygon","coordinates":[[[[120.308786,23.693909],[120.308759,23.693941],[120.309328,23.694239],[120.309674,23.694325],[120.310076,23.69441],[120.310511,23.694477],[120.310521,23.694438],[120.310076,23.694359],[120.309446,23.694219],[120.30925,23.694153],[120.308786,23.693909]]]]}},{"type":"Feature","properties":{"n":"中正路","v":"褒忠鄉","w":1.6,"c":1.6,"r":0},"geometry":{"type":"MultiPolygon","coordinates":[[[[120.308677,23.69395],[120.308708,23.693919],[120.307668,23.693334],[120.30764,23.693363],[120.308677,23.69395]]]]}},{"type":"Feature","properties":{"n":"中正路","v":"褒忠鄉","w":1.55,"c":1.55,"r":0},"geometry":{"type":"MultiPolygon","coordinates":[[[[120.307618,23.693347],[120.307642,23.693318],[120.306971,23.692939],[120.306947,23.692974],[120.307618,23.693347]]]]}},{"type":"Feature","properties":{"n":"中正路","v":"褒忠鄉","w":1.5,"c":1.5,"r":0},"geometry":{"type":"MultiPolygon","coordinates":[[[[120.308639,23.69396],[120.307219,23.693175],[120.307152,23.69316],[120.306833,23.693125],[120.306833,23.693162],[120.307163,23.693202],[120.308619,23.694005],[120.308639,23.69396]]]]}},{"type":"Feature","properties":{"n":"中正路","v":"褒忠鄉","w":1.55,"c":1.55,"r":0},"geometry":{"type":"MultiPolygon","coordinates":[[[[120.308659,23.693964],[120.30864,23.694007],[120.309183,23.694281],[120.309471,23.694373],[120.31016,23.694523],[120.310186,23.694483],[120.309494,23.694337],[120.309212,23.694246],[120.308659,23.693964]]]]}},{"type":"Feature","properties":{"n":"中正路","v":"褒忠鄉","w":1.6,"c":1.6,"r":0},"geometry":{"type":"MultiPolygon","coordinates":[[[[120.310212,23.694492],[120.310187,23.694538],[120.311423,23.694668],[120.311822,23.694749],[120.312338,23.694918],[120.312354,23.694868],[120.311856,23.694703],[120.311431,23.69461],[120.310212,23.694492]]]]}},{"type":"Feature","properties":{"n":"中正路","v":"褒忠鄉","w":1.6,"c":1.6,"r":0},"geometry":{"type":"MultiPolygon","coordinates":[[[[120.313014,23.695101],[120.312377,23.694876],[120.312362,23.694924],[120.31304,23.695154],[120.313014,23.695101]]]]}},{"type":"Feature","properties":{"n":"民權路","v":"台西鄉","w":4.9,"c":1,"r":6},"geometry":{"type":"MultiPolygon","coordinates":[[[[120.199687,23.700399],[120.199629,23.700359],[120.19985,23.702163],[120.199914,23.702148],[120.199687,23.700399]]]]}},{"type":"Feature","properties":{"n":"中山路","v":"台西鄉","w":1.81,"c":1.81,"r":4},"geometry":{"type":"MultiPolygon","coordinates":[[[[120.190856,23.700874],[120.190859,23.700916],[120.192305,23.700848],[120.192305,23.700807],[120.190856,23.700874]]]]}},{"type":"Feature","properties":{"n":"中正路一段","v":"口湖鄉","w":4,"c":2.9,"r":1},"geometry":{"type":"MultiPolygon","coordinates":[[[[120.185162,23.582282],[120.185192,23.582309],[120.185698,23.581839],[120.185672,23.581807],[120.185162,23.582282]]]]}},{"type":"Feature","properties":{"n":"中正路一段","v":"口湖鄉","w":3.9,"c":0.2,"r":0},"geometry":{"type":"MultiPolygon","coordinates":[[[[120.183423,23.583917],[120.184023,23.58334],[120.183984,23.583323],[120.183392,23.583898],[120.183423,23.583917]]]]}},{"type":"Feature","properties":{"n":"成功路","v":"口湖鄉","w":3.45,"c":1.8,"r":0},"geometry":{"type":"MultiPolygon","coordinates":[[[[120.18109,23.585217],[120.180901,23.585185],[120.18127,23.586188],[120.181421,23.586172],[120.181408,23.586131],[120.181302,23.586145],[120.180957,23.585226],[120.181108,23.585253],[120.18109,23.585217]]]]}},{"type":"Feature","properties":{"n":"水林路","v":"水林鄉","w":2.75,"c":1.75,"r":2},"geometry":{"type":"MultiPolygon","coordinates":[[[[120.246633,23.572409],[120.246627,23.572445],[120.248093,23.572244],[120.248085,23.572208],[120.246723,23.5724],[120.246633,23.572409]]]]}},{"type":"Feature","properties":{"n":"文化路","v":"水林鄉","w":2,"c":1.5,"r":1},"geometry":{"type":"MultiPolygon","coordinates":[[[[120.24568,23.572512],[120.246113,23.574769],[120.246248,23.575131],[120.246284,23.575115],[120.246146,23.574768],[120.245712,23.572507],[120.24568,23.572512]]]]}},{"type":"Feature","properties":{"n":"文化路","v":"水林鄉","w":2,"c":1.1,"r":0},"geometry":{"type":"MultiPolygon","coordinates":[[[[120.246227,23.575131],[120.246087,23.574774],[120.245941,23.573966],[120.245913,23.573971],[120.246058,23.574782],[120.246204,23.575145],[120.246227,23.575131]]]]}},{"type":"Feature","properties":{"n":"中庄路","v":"水林鄉","w":2.9,"c":2.5,"r":0},"geometry":{"type":"MultiPolygon","coordinates":[[[[120.246283,23.575118],[120.246675,23.574989],[120.246655,23.574958],[120.246276,23.575085],[120.246283,23.575118]]]]}},{"type":"Feature","properties":{"n":"水林路","v":"水林鄉","w":4.4,"c":3.4,"r":2},"geometry":{"type":"MultiPolygon","coordinates":[[[[120.245675,23.572478],[120.24568,23.572512],[120.246601,23.572445],[120.246604,23.572409],[120.246098,23.572454],[120.245675,23.572478]]]]}},{"type":"Feature","properties":{"n":"大學路一段","v":"斗六市","w":8.2,"c":3.7,"r":2},"geometry":{"type":"MultiPolygon","coordinates":[[[[120.556846,23.710746],[120.556964,23.710781],[120.556792,23.709739],[120.556669,23.70972],[120.556846,23.710746]]]]}},{"type":"Feature","properties":{"n":"大學路一段","v":"斗六市","w":8.4,"c":4,"r":3},"geometry":{"type":"MultiPolygon","coordinates":[[[[120.556642,23.709638],[120.556665,23.709655],[120.556704,23.709669],[120.556354,23.708158],[120.556273,23.708173],[120.556642,23.709638]]]]}},{"type":"Feature","properties":{"n":"大學路一段","v":"斗六市","w":8.2,"c":4.4,"r":3},"geometry":{"type":"MultiPolygon","coordinates":[[[[120.555668,23.706533],[120.556231,23.708115],[120.556354,23.7081],[120.55578,23.706416],[120.555727,23.706425],[120.555668,23.706533]]]]}},{"type":"Feature","properties":{"n":"大學路一段","v":"斗六市","w":8.3,"c":3.3,"r":2},"geometry":{"type":"MultiPolygon","coordinates":[[[[120.55578,23.70813],[120.555893,23.70814],[120.55533,23.706479],[120.555196,23.706489],[120.55578,23.70813]]]]}},{"type":"Feature","properties":{"n":"大學路一段","v":"斗六市","w":4.7,"c":3.4,"r":3},"geometry":{"type":"MultiPolygon","coordinates":[[[[120.55593,23.708262],[120.555861,23.70822],[120.556089,23.708995],[120.556108,23.708915],[120.55593,23.708262]]]]}},{"type":"Feature","properties":{"n":"大學路一段","v":"斗六市","w":8.4,"c":3.7,"r":2},"geometry":{"type":"MultiPolygon","coordinates":[[[[120.556439,23.710583],[120.556501,23.710603],[120.556297,23.709633],[120.556233,23.709618],[120.556439,23.710583]]]]}},{"type":"Feature","properties":{"n":"大學路二段","v":"斗六市","w":5.4,"c":2.4,"r":0},"geometry":{"type":"MultiPolygon","coordinates":[[[[120.548604,23.700291],[120.550141,23.700837],[120.550857,23.701121],[120.550878,23.701082],[120.550148,23.700795],[120.548618,23.700259],[120.548604,23.700291]]]]}},{"type":"Feature","properties":{"n":"大學路二段","v":"斗六市","w":4.9,"c":1.9,"r":1},"geometry":{"type":"MultiPolygon","coordinates":[[[[120.538086,23.697041],[120.540289,23.697506],[120.540275,23.697476],[120.538155,23.697028],[120.538111,23.697026],[120.538086,23.697041]]]]}},{"type":"Feature","properties":{"n":"大學路二段","v":"斗六市","w":5.6,"c":2.6,"r":3},"geometry":{"type":"MultiPolygon","coordinates":[[[[120.541073,23.697683],[120.54101,23.697691],[120.542022,23.697908],[120.542033,23.697886],[120.541073,23.697683]]]]}},{"type":"Feature","properties":{"n":"大學路三段","v":"斗六市","w":5.6,"c":3,"r":2},"geometry":{"type":"MultiPolygon","coordinates":[[[[120.537858,23.696643],[120.537863,23.69662],[120.53443,23.696046],[120.534417,23.69611],[120.537756,23.696651],[120.537858,23.696643]]]]}},{"type":"Feature","properties":{"n":"大學路三段","v":"斗六市","w":5,"c":2.47,"r":4},"geometry":{"type":"MultiPolygon","coordinates":[[[[120.533828,23.696009],[120.533844,23.695952],[120.529903,23.695285],[120.529924,23.695328],[120.529986,23.695371],[120.533828,23.696009]]]]}},{"type":"Feature","properties":{"n":"大學路三段","v":"斗六市","w":5.1,"c":2.9,"r":1},"geometry":{"type":"MultiPolygon","coordinates":[[[[120.529772,23.69528],[120.527814,23.694961],[120.527828,23.694992],[120.527861,23.695011],[120.529686,23.695316],[120.529746,23.695319],[120.529771,23.695298],[120.529772,23.69528]]]]}},{"type":"Feature","properties":{"n":"大學路三段","v":"斗六市","w":5.1,"c":2.2,"r":1},"geometry":{"type":"MultiPolygon","coordinates":[[[[120.527664,23.694916],[120.52548,23.694552],[120.525489,23.694584],[120.525516,23.694599],[120.527614,23.694954],[120.527649,23.694942],[120.527664,23.694916]]]]}},{"type":"Feature","properties":{"n":"大學路三段","v":"斗六市","w":4.7,"c":1.9,"r":2},"geometry":{"type":"MultiPolygon","coordinates":[[[[120.52539,23.6945],[120.523943,23.694263],[120.523677,23.69424],[120.523375,23.694264],[120.523132,23.694322],[120.522887,23.694425],[120.522608,23.694605],[120.522417,23.694796],[120.521451,23.696129],[120.521497,23.696118],[120.522435,23.694852],[120.522629,23.694642],[120.522908,23.694464],[120.523145,23.694363],[120.52339,23.694305],[120.523683,23.694282],[120.523946,23.694306],[120.525286,23.694532],[120.525338,23.694534],[120.525371,23.694526],[120.52539,23.6945]]]]}},{"type":"Feature","properties":{"n":"大學路三段","v":"斗六市","w":7.1,"c":4.8,"r":0},"geometry":{"type":"MultiPolygon","coordinates":[[[[120.525343,23.695489],[120.525488,23.69489],[120.524051,23.694643],[120.523823,23.694608],[120.523627,23.694599],[120.523453,23.694618],[120.523277,23.694653],[120.5231,23.694721],[120.522865,23.69487],[120.522684,23.695055],[120.521926,23.696087],[120.521843,23.696228],[120.521832,23.696312],[120.521957,23.696112],[120.522715,23.69508],[120.522887,23.694907],[120.523114,23.694764],[120.523295,23.694692],[120.523476,23.694656],[120.523638,23.694642],[120.523831,23.694648],[120.525425,23.69492],[120.525296,23.69548],[120.525343,23.695489]]]]}},{"type":"Feature","properties":{"n":"大學路三段","v":"斗六市","w":5.1,"c":2.8,"r":2},"geometry":{"type":"MultiPolygon","coordinates":[[[[120.527663,23.695273],[120.525607,23.694896],[120.525593,23.694942],[120.527682,23.695314],[120.527675,23.695291],[120.527663,23.695273]]]]}},{"type":"Feature","properties":{"n":"大學路三段","v":"斗六市","w":4.9,"c":2.4,"r":2},"geometry":{"type":"MultiPolygon","coordinates":[[[[120.531447,23.695912],[120.52789,23.695296],[120.527863,23.695317],[120.527844,23.695339],[120.531473,23.695969],[120.531447,23.695912]]]]}},{"type":"Feature","properties":{"n":"大學路三段","v":"斗六市","w":4.93,"c":2.47,"r":6},"geometry":{"type":"MultiPolygon","coordinates":[[[[120.534706,23.696491],[120.531827,23.695998],[120.53175,23.696022],[120.534695,23.696523],[120.534706,23.696491]]]]}},{"type":"Feature","properties":{"n":"大學路三段","v":"斗六市","w":4.9,"c":2.4,"r":2},"geometry":{"type":"MultiPolygon","coordinates":[[[[120.537892,23.697031],[120.534801,23.696503],[120.534797,23.696534],[120.537893,23.697065],[120.537892,23.697031]]]]}},{"type":"Feature","properties":{"n":"明德北路一段","v":"斗六市","w":3.2,"c":0.9,"r":3},"geometry":{"type":"MultiPolygon","coordinates":[[[[120.548171,23.718511],[120.548166,23.718428],[120.547227,23.71857],[120.546381,23.718649],[120.545705,23.718658],[120.544575,23.718614],[120.543191,23.718458],[120.54282,23.718424],[120.542708,23.718414],[120.542678,23.718443],[120.542692,23.718463],[120.543244,23.718522],[120.543929,23.718612],[120.544525,23.718676],[120.545146,23.718706],[120.545857,23.718719],[120.546472,23.718716],[120.547003,23.718662],[120.54804,23.718512],[120.548171,23.718511]]]]}},{"type":"Feature","properties":{"n":"明德北路一段","v":"斗六市","w":3.2,"c":1.2,"r":2},"geometry":{"type":"MultiPolygon","coordinates":[[[[120.548228,23.718466],[120.549143,23.718235],[120.549111,23.718211],[120.548309,23.718395],[120.548236,23.718417],[120.548228,23.718466]]]]}},{"type":"Feature","properties":{"n":"明德北路一段","v":"斗六市","w":3,"c":0.9,"r":2},"geometry":{"type":"MultiPolygon","coordinates":[[[[120.55,23.717932],[120.550957,23.717544],[120.550949,23.717537],[120.550885,23.717539],[120.550469,23.717718],[120.550016,23.7179],[120.55,23.717932]]]]}},{"type":"Feature","properties":{"n":"明德北路一段","v":"斗六市","w":2.8,"c":1.4,"r":0},"geometry":{"type":"MultiPolygon","coordinates":[[[[120.553128,23.716482],[120.553124,23.716501],[120.553178,23.716505],[120.553839,23.716124],[120.55453,23.715683],[120.554451,23.715683],[120.553821,23.716086],[120.553492,23.716267],[120.553128,23.716482]]]]}},{"type":"Feature","properties":{"n":"明德北路一段","v":"斗六市","w":2.8,"c":1.5,"r":1},"geometry":{"type":"MultiPolygon","coordinates":[[[[120.553853,23.715639],[120.553766,23.715635],[120.553381,23.715886],[120.552539,23.716329],[120.552526,23.716394],[120.5534,23.715926],[120.553853,23.715639]]]]}},{"type":"Feature","properties":{"n":"明德北路一段","v":"斗六市","w":5.3,"c":3.1,"r":3},"geometry":{"type":"MultiPolygon","coordinates":[[[[120.55108,23.717058],[120.55108,23.717073],[120.551123,23.717093],[120.552268,23.716545],[120.552282,23.716528],[120.552287,23.716511],[120.552276,23.716501],[120.552236,23.716503],[120.55108,23.717058]]]]}},{"type":"Feature","properties":{"n":"明德北路一段","v":"斗六市","w":3.1,"c":1,"r":2},"geometry":{"type":"MultiPolygon","coordinates":[[[[120.550645,23.717348],[120.55097,23.71719],[120.550994,23.717122],[120.550621,23.717306],[120.550645,23.717348]]]]}},{"type":"Feature","properties":{"n":"明德北路一段","v":"斗六市","w":3.1,"c":1.1,"r":2},"geometry":{"type":"MultiPolygon","coordinates":[[[[120.549509,23.717792],[120.550035,23.717603],[120.55059,23.717357],[120.550571,23.717323],[120.550158,23.71751],[120.549482,23.71776],[120.549509,23.717792]]]]}},{"type":"Feature","properties":{"n":"明德北路一段","v":"斗六市","w":8,"c":5.8,"r":4},"geometry":{"type":"MultiPolygon","coordinates":[[[[120.549435,23.717808],[120.54943,23.717759],[120.548268,23.718076],[120.548314,23.718115],[120.548735,23.718014],[120.549435,23.717808]]]]}},{"type":"Feature","properties":{"n":"明德北路一段","v":"斗六市","w":4.4,"c":1.3,"r":2},"geometry":{"type":"MultiPolygon","coordinates":[[[[120.543923,23.718281],[120.544553,23.71834],[120.544588,23.718308],[120.543917,23.718241],[120.543923,23.718281]]]]}},{"type":"Feature","properties":{"n":"明德北路一段","v":"斗六市","w":3.3,"c":1.2,"r":3},"geometry":{"type":"MultiPolygon","coordinates":[[[[120.543856,23.718275],[120.543867,23.718236],[120.5427,23.718101],[120.542703,23.71814],[120.542732,23.718167],[120.543856,23.718275]]]]}},{"type":"Feature","properties":{"n":"明德北路二段","v":"斗六市","w":8,"c":8,"r":2},"geometry":{"type":"MultiPolygon","coordinates":[[[[120.533552,23.714101],[120.53359,23.714062],[120.53359,23.714052],[120.533568,23.714032],[120.53326,23.713779],[120.533244,23.713774],[120.533228,23.713777],[120.533201,23.713809],[120.533552,23.714101]]]]}},{"type":"Feature","properties":{"n":"明德北路二段","v":"斗六市","w":5,"c":2.1,"r":0},"geometry":{"type":"MultiPolygon","coordinates":[[[[120.535407,23.715403],[120.535431,23.715371],[120.53472,23.714905],[120.534677,23.714932],[120.535407,23.715403]]]]}},{"type":"Feature","properties":{"n":"明德北路二段","v":"斗六市","w":8,"c":2.3,"r":4},"geometry":{"type":"MultiPolygon","coordinates":[[[[120.538748,23.717539],[120.538221,23.717277],[120.537867,23.717085],[120.537155,23.71662],[120.53567,23.715667],[120.535635,23.715667],[120.535597,23.715711],[120.537822,23.717163],[120.538363,23.717442],[120.538697,23.717603],[120.538748,23.717539]]]]}},{"type":"Feature","properties":{"n":"明德北路二段","v":"斗六市","w":5.9,"c":5.9,"r":2},"geometry":{"type":"MultiPolygon","coordinates":[[[[120.540888,23.718119],[120.539935,23.717829],[120.539115,23.717538],[120.539069,23.717528],[120.539038,23.717538],[120.53902,23.717557],[120.539907,23.717879],[120.540525,23.718062],[120.540798,23.718148],[120.540888,23.718119]]]]}},{"type":"Feature","properties":{"n":"明德北路二段","v":"斗六市","w":3.5,"c":1.2,"r":3},"geometry":{"type":"MultiPolygon","coordinates":[[[[120.542499,23.718446],[120.542485,23.718412],[120.542469,23.718393],[120.541987,23.718326],[120.541712,23.718283],[120.540988,23.718136],[120.540895,23.718166],[120.541653,23.718314],[120.542213,23.718403],[120.542499,23.718446]]]]}},{"type":"Feature","properties":{"n":"明德北路二段","v":"斗六市","w":3.1,"c":1,"r":3},"geometry":{"type":"MultiPolygon","coordinates":[[[[120.542489,23.718116],[120.542538,23.718079],[120.54176,23.717958],[120.541706,23.717993],[120.542489,23.718116]]]]}},{"type":"Feature","properties":{"n":"明德北路二段","v":"斗六市","w":8,"c":2.2,"r":3},"geometry":{"type":"MultiPolygon","coordinates":[[[[120.539232,23.717207],[120.539238,23.717261],[120.53948,23.717378],[120.539999,23.717558],[120.540374,23.717683],[120.540938,23.717835],[120.541405,23.717936],[120.541415,23.717898],[120.540938,23.717786],[120.54038,23.717633],[120.539499,23.717334],[120.539232,23.717207]]]]}},{"type":"Feature","properties":{"n":"明德北路二段","v":"斗六市","w":3.2,"c":1,"r":3},"geometry":{"type":"MultiPolygon","coordinates":[[[[120.539048,23.71719],[120.539077,23.717153],[120.538346,23.716792],[120.538319,23.716828],[120.539048,23.71719]]]]}},{"type":"Feature","properties":{"n":"明德北路二段","v":"斗六市","w":2.1,"c":2.1,"r":2},"geometry":{"type":"MultiPolygon","coordinates":[[[[120.536735,23.715831],[120.538224,23.716776],[120.538248,23.716744],[120.536762,23.715802],[120.536735,23.715831]]]]}},{"type":"Feature","properties":{"n":"明德北路二段","v":"斗六市","w":4.4,"c":2.2,"r":3},"geometry":{"type":"MultiPolygon","coordinates":[[[[120.536148,23.715457],[120.536177,23.715419],[120.535941,23.71526],[120.535912,23.715302],[120.536148,23.715457]]]]}},{"type":"Feature","properties":{"n":"明德北路二段","v":"斗六市","w":3.1,"c":1,"r":4},"geometry":{"type":"MultiPolygon","coordinates":[[[[120.535866,23.715274],[120.535899,23.71523],[120.534959,23.714601],[120.534923,23.714658],[120.535866,23.715274]]]]}},{"type":"Feature","properties":{"n":"明德北路二段","v":"斗六市","w":3.1,"c":1,"r":4},"geometry":{"type":"MultiPolygon","coordinates":[[[[120.533472,23.713565],[120.534322,23.714289],[120.534853,23.714628],[120.534892,23.714588],[120.534358,23.714246],[120.533495,23.713527],[120.533476,23.713544],[120.533472,23.713565]]]]}},{"type":"Feature","properties":{"n":"明德北路三段","v":"斗六市","w":8,"c":5.4,"r":3},"geometry":{"type":"MultiPolygon","coordinates":[[[[120.533339,23.713397],[120.533094,23.713111],[120.533051,23.713149],[120.53326,23.713387],[120.533339,23.713397]]]]}},{"type":"Feature","properties":{"n":"明德北路三段","v":"斗六市","w":8,"c":5.5,"r":0},"geometry":{"type":"MultiPolygon","coordinates":[[[[120.533007,23.713115],[120.53305,23.713084],[120.532645,23.712556],[120.532599,23.712592],[120.533007,23.713115]]]]}},{"type":"Feature","properties":{"n":"明德北路三段","v":"斗六市","w":7.9,"c":5.5,"r":2},"geometry":{"type":"MultiPolygon","coordinates":[[[[120.531663,23.711214],[120.532094,23.711882],[120.532257,23.71212],[120.53253,23.712491],[120.532586,23.712461],[120.532163,23.711875],[120.531674,23.711118],[120.531661,23.711172],[120.531663,23.711214]]]]}},{"type":"Feature","properties":{"n":"明德北路三段","v":"斗六市","w":5.8,"c":2.5,"r":0},"geometry":{"type":"MultiPolygon","coordinates":[[[[120.531421,23.710664],[120.531095,23.710091],[120.53108,23.710135],[120.531065,23.710204],[120.531306,23.710636],[120.531397,23.710673],[120.531421,23.710664]]]]}},{"type":"Feature","properties":{"n":"明德北路三段","v":"斗六市","w":8.2,"c":3.7,"r":1},"geometry":{"type":"MultiPolygon","coordinates":[[[[120.531051,23.70998],[120.530705,23.709312],[120.53068,23.709318],[120.530655,23.709348],[120.53063,23.7094],[120.530904,23.709919],[120.530971,23.70998],[120.531011,23.709986],[120.531051,23.70998]]]]}},{"type":"Feature","properties":{"n":"明德北路三段","v":"斗六市","w":8.2,"c":5.4,"r":2},"geometry":{"type":"MultiPolygon","coordinates":[[[[120.530274,23.708704],[120.530331,23.708677],[120.529746,23.707159],[120.529703,23.707186],[120.530274,23.708704]]]]}},{"type":"Feature","properties":{"n":"明德北路三段","v":"斗六市","w":3.2,"c":1.2,"r":3},"geometry":{"type":"MultiPolygon","coordinates":[[[[120.529415,23.70556],[120.529465,23.706121],[120.529521,23.70644],[120.529663,23.707004],[120.529681,23.707026],[120.529721,23.707035],[120.529582,23.706431],[120.529529,23.706127],[120.529465,23.705528],[120.529415,23.70556]]]]}},{"type":"Feature","properties":{"n":"明德北路三段","v":"斗六市","w":3.4,"c":3.4,"r":3},"geometry":{"type":"MultiPolygon","coordinates":[[[[120.529381,23.704841],[120.529363,23.704846],[120.529352,23.70506],[120.529373,23.705278],[120.529384,23.705362],[120.5294,23.705379],[120.529446,23.705384],[120.529381,23.704841]]]]}},{"type":"Feature","properties":{"n":"明德北路三段","v":"斗六市","w":4.8,"c":1.8,"r":1},"geometry":{"type":"MultiPolygon","coordinates":[[[[120.529008,23.705038],[120.529059,23.705419],[120.529104,23.705402],[120.529058,23.705068],[120.529008,23.705038]]]]}},{"type":"Feature","properties":{"n":"明德北路三段","v":"斗六市","w":3.4,"c":1.3,"r":3},"geometry":{"type":"MultiPolygon","coordinates":[[[[120.529206,23.706341],[120.529154,23.705961],[120.529128,23.705571],[120.529072,23.705546],[120.529106,23.705991],[120.529162,23.706368],[120.529206,23.706341]]]]}},{"type":"Feature","properties":{"n":"明德北路三段","v":"斗六市","w":3.2,"c":1.1,"r":3},"geometry":{"type":"MultiPolygon","coordinates":[[[[120.529195,23.706512],[120.529264,23.70687],[120.5293,23.706826],[120.529245,23.706539],[120.529195,23.706512]]]]}},{"type":"Feature","properties":{"n":"明德北路三段","v":"斗六市","w":3.2,"c":2.1,"r":2},"geometry":{"type":"MultiPolygon","coordinates":[[[[120.530237,23.709308],[120.530231,23.709287],[120.530067,23.708969],[120.52979,23.708309],[120.529637,23.707878],[120.529535,23.70761],[120.529367,23.707023],[120.529345,23.706998],[120.529305,23.70699],[120.529494,23.707635],[120.52978,23.708377],[120.530045,23.709005],[120.530206,23.709319],[120.530237,23.709308]]]]}},{"type":"Feature","properties":{"n":"明德北路三段","v":"斗六市","w":3.4,"c":1.4,"r":2},"geometry":{"type":"MultiPolygon","coordinates":[[[[120.530291,23.709503],[120.530311,23.709449],[120.530268,23.709359],[120.530233,23.709373],[120.530291,23.709503]]]]}},{"type":"Feature","properties":{"n":"明德北路三段","v":"斗六市","w":3.4,"c":1.3,"r":2},"geometry":{"type":"MultiPolygon","coordinates":[[[[120.53113,23.710977],[120.531124,23.710878],[120.530404,23.70962],[120.530365,23.709599],[120.530328,23.709597],[120.531114,23.710946],[120.53113,23.710977]]]]}},{"type":"Feature","properties":{"n":"明德北路三段","v":"斗六市","w":8,"c":5.4,"r":4},"geometry":{"type":"MultiPolygon","coordinates":[[[[120.532976,23.713596],[120.533011,23.713574],[120.533024,23.713559],[120.533021,23.713537],[120.533,23.71352],[120.532882,23.713389],[120.53282,23.713311],[120.532804,23.713304],[120.532764,23.713321],[120.532976,23.713596]]]]}},{"type":"Feature","properties":{"n":"文化路","v":"斗六市","w":2.1,"c":0.8,"r":0},"geometry":{"type":"MultiPolygon","coordinates":[[[[120.544552,23.711077],[120.544534,23.711094],[120.544527,23.711113],[120.546558,23.711108],[120.546558,23.711066],[120.544552,23.711077]]]]}},{"type":"Feature","properties":{"n":"文化路","v":"斗六市","w":4.3,"c":2.4,"r":4},"geometry":{"type":"MultiPolygon","coordinates":[[[[120.551556,23.711798],[120.55161,23.711808],[120.551646,23.711609],[120.552969,23.711856],[120.552962,23.712043],[120.553004,23.712049],[120.553017,23.711814],[120.551598,23.711558],[120.551556,23.711798]]]]}},{"type":"Feature","properties":{"n":"文化路","v":"斗六市","w":3,"c":3,"r":1},"geometry":{"type":"MultiPolygon","coordinates":[[[[120.557031,23.712938],[120.557008,23.712948],[120.556993,23.712969],[120.559696,23.713999],[120.559709,23.71396],[120.557031,23.712938]]]]}},{"type":"Feature","properties":{"n":"民生路","v":"斗六市","w":2.4,"c":1.6,"r":3},"geometry":{"type":"MultiPolygon","coordinates":[[[[120.544462,23.71306],[120.544799,23.713248],[120.545058,23.713351],[120.545191,23.713391],[120.545363,23.713433],[120.546311,23.713573],[120.546324,23.713529],[120.54538,23.713395],[120.545093,23.713319],[120.544826,23.713211],[120.544467,23.713013],[120.544462,23.71306]]]]}},{"type":"Feature","properties":{"n":"民生路","v":"斗六市","w":3.2,"c":2,"r":1},"geometry":{"type":"MultiPolygon","coordinates":[[[[120.551218,23.714024],[120.549748,23.713935],[120.549783,23.713977],[120.55117,23.71406],[120.551218,23.714024]]]]}},{"type":"Feature","properties":{"n":"育英北街","v":"斗六市","w":4.4,"c":3.2,"r":1},"geometry":{"type":"MultiPolygon","coordinates":[[[[120.551217,23.714013],[120.551408,23.712291],[120.551358,23.712283],[120.551165,23.714013],[120.551217,23.714013]]]]}},{"type":"Feature","properties":{"n":"文華街","v":"斗六市","w":3.3,"c":2.1,"r":1},"geometry":{"type":"MultiPolygon","coordinates":[[[[120.549745,23.713937],[120.549791,23.713938],[120.550038,23.71206],[120.550001,23.71205],[120.549745,23.713937]]]]}},{"type":"Feature","properties":{"n":"五權街","v":"斗六市","w":3.7,"c":2.5,"r":2},"geometry":{"type":"MultiPolygon","coordinates":[[[[120.553591,23.706305],[120.552042,23.706572],[120.552056,23.706611],[120.553612,23.706336],[120.553591,23.706305]]]]}},{"type":"Feature","properties":{"n":"鎮東路","v":"斗六市","w":3,"c":3,"r":1},"geometry":{"type":"MultiPolygon","coordinates":[[[[120.552473,23.708396],[120.552527,23.708386],[120.552329,23.707479],[120.552197,23.707043],[120.552043,23.706571],[120.551982,23.706584],[120.552141,23.707041],[120.552274,23.707491],[120.552473,23.708396]]]]}},{"type":"Feature","properties":{"n":"中華路","v":"斗六市","w":3.6,"c":3.6,"r":1},"geometry":{"type":"MultiPolygon","coordinates":[[[[120.555866,23.708122],[120.555878,23.708096],[120.555876,23.70808],[120.55432,23.708232],[120.553686,23.708269],[120.552478,23.708399],[120.55253,23.708432],[120.553725,23.708311],[120.554321,23.708274],[120.555866,23.708122]]]]}},{"type":"Feature","properties":{"n":"成功路","v":"斗六市","w":3.5,"c":0.7,"r":3},"geometry":{"type":"MultiPolygon","coordinates":[[[[120.548402,23.707255],[120.548425,23.707286],[120.548726,23.707088],[120.548702,23.707057],[120.548402,23.707255]]]]}},{"type":"Feature","properties":{"n":"成功路","v":"斗六市","w":1.8,"c":1.8,"r":1},"geometry":{"type":"MultiPolygon","coordinates":[[[[120.546278,23.707487],[120.547761,23.70747],[120.547851,23.707434],[120.547851,23.707394],[120.547753,23.707432],[120.54628,23.707443],[120.546278,23.707487]]]]}},{"type":"Feature","properties":{"n":"平和街","v":"斗六市","w":2.1,"c":1.4,"r":2},"geometry":{"type":"MultiPolygon","coordinates":[[[[120.546289,23.706487],[120.546282,23.707441],[120.546334,23.70744],[120.546333,23.706486],[120.546289,23.706487]]]]}},{"type":"Feature","properties":{"n":"內環路","v":"斗六市","w":3.5,"c":3.5,"r":2},"geometry":{"type":"MultiPolygon","coordinates":[[[[120.546596,23.705689],[120.546597,23.705735],[120.547373,23.705724],[120.547583,23.705733],[120.547799,23.705771],[120.548002,23.705839],[120.548174,23.705916],[120.548176,23.705866],[120.548021,23.705799],[120.547805,23.705724],[120.547577,23.705687],[120.547359,23.705675],[120.546596,23.705689]]]]}},{"type":"Feature","properties":{"n":"空地巷道","v":"斗六市","w":1.5,"c":1.5,"r":0},"geometry":{"type":"MultiPolygon","coordinates":[[[[120.548842,23.706257],[120.548857,23.706276],[120.549733,23.705643],[120.549683,23.705637],[120.548844,23.706231],[120.548842,23.706257]]]]}},{"type":"Feature","properties":{"n":"空地巷道","v":"斗六市","w":1.5,"c":1.5,"r":0},"geometry":{"type":"MultiPolygon","coordinates":[[[[120.549812,23.705561],[120.549829,23.70558],[120.5507,23.704961],[120.550696,23.704948],[120.550651,23.704944],[120.549816,23.705538],[120.549812,23.705561]]]]}},{"type":"Feature","properties":{"n":"空地巷道","v":"斗六市","w":1.6,"c":1.6,"r":0},"geometry":{"type":"MultiPolygon","coordinates":[[[[120.550777,23.704889],[120.551397,23.704459],[120.551356,23.70444],[120.550783,23.704839],[120.550777,23.704889]]]]}},{"type":"Feature","properties":{"n":"空地巷道","v":"斗六市","w":1.5,"c":1.5,"r":0},"geometry":{"type":"MultiPolygon","coordinates":[[[[120.550668,23.704762],[120.550722,23.704768],[120.551252,23.704385],[120.551217,23.704372],[120.550668,23.704762]]]]}},{"type":"Feature","properties":{"n":"空地巷道","v":"斗六市","w":1.5,"c":1.5,"r":0},"geometry":{"type":"MultiPolygon","coordinates":[[[[120.549722,23.705454],[120.549763,23.705458],[120.550583,23.70487],[120.550591,23.704826],[120.550583,23.704815],[120.549711,23.705441],[120.549722,23.705454]]]]}},{"type":"Feature","properties":{"n":"空地巷道","v":"斗六市","w":1.5,"c":1.5,"r":0},"geometry":{"type":"MultiPolygon","coordinates":[[[[120.548742,23.70615],[120.548787,23.706154],[120.549619,23.705566],[120.549624,23.705512],[120.548732,23.70614],[120.548742,23.70615]]]]}},{"type":"Feature","properties":{"n":"自強街","v":"斗六市","w":4.8,"c":4.8,"r":2},"geometry":{"type":"MultiPolygon","coordinates":[[[[120.548926,23.705354],[120.550627,23.704132],[120.550587,23.704111],[120.548889,23.705341],[120.548926,23.705354]]]]}},{"type":"Feature","properties":{"n":"莊敬路","v":"斗六市","w":2,"c":2,"r":1},"geometry":{"type":"MultiPolygon","coordinates":[[[[120.550631,23.704129],[120.550631,23.704091],[120.549831,23.703772],[120.549823,23.70381],[120.550631,23.704129]]]]}},{"type":"Feature","properties":{"n":"博愛街","v":"斗六市","w":4.3,"c":1.7,"r":1},"geometry":{"type":"MultiPolygon","coordinates":[[[[120.548429,23.704255],[120.548242,23.705078],[120.548275,23.705091],[120.54846,23.704262],[120.548429,23.704255]]]]}},{"type":"Feature","properties":{"n":"自由路","v":"斗六市","w":4.5,"c":1.2,"r":2},"geometry":{"type":"MultiPolygon","coordinates":[[[[120.54824,23.70508],[120.548234,23.705092],[120.548248,23.705117],[120.548872,23.705373],[120.548899,23.705375],[120.548926,23.705361],[120.54824,23.70508]]]]}},{"type":"Feature","properties":{"n":"民權街","v":"斗六市","w":3.6,"c":2,"r":1},"geometry":{"type":"MultiPolygon","coordinates":[[[[120.549156,23.702659],[120.549118,23.70265],[120.548858,23.703367],[120.548896,23.703375],[120.549156,23.702659]]]]}},{"type":"Feature","properties":{"n":"莊敬路","v":"斗六市","w":4.6,"c":3.1,"r":2},"geometry":{"type":"MultiPolygon","coordinates":[[[[120.544559,23.70325],[120.547037,23.703281],[120.548872,23.703447],[120.548885,23.703388],[120.546881,23.703209],[120.544552,23.703214],[120.544559,23.70325]]]]}},{"type":"Feature","properties":{"n":"中正路","v":"斗六市","w":6.7,"c":4.3,"r":2},"geometry":{"type":"MultiPolygon","coordinates":[[[[120.544682,23.702273],[120.544677,23.703189],[120.544702,23.70322],[120.544742,23.703232],[120.544741,23.702202],[120.544682,23.702273]]]]}},{"type":"Feature","properties":{"n":"中正路","v":"斗六市","w":6.8,"c":5.6,"r":2},"geometry":{"type":"MultiPolygon","coordinates":[[[[120.544743,23.702088],[120.544732,23.700414],[120.544909,23.700092],[120.544885,23.700077],[120.544824,23.700111],[120.544665,23.700396],[120.544673,23.702014],[120.544743,23.702088]]]]}},{"type":"Feature","properties":{"n":"中正路","v":"斗六市","w":7.2,"c":6,"r":2},"geometry":{"type":"MultiPolygon","coordinates":[[[[120.54492,23.700013],[120.544968,23.699974],[120.545215,23.699448],[120.545169,23.699424],[120.544864,23.700001],[120.54492,23.700013]]]]}},{"type":"Feature","properties":{"n":"中正路","v":"斗六市","w":6.9,"c":5.8,"r":2},"geometry":{"type":"MultiPolygon","coordinates":[[[[120.544615,23.699941],[120.544695,23.699944],[120.545036,23.699339],[120.544982,23.6993],[120.544615,23.699941]]]]}},{"type":"Feature","properties":{"n":"中正路","v":"斗六市","w":2,"c":1.2,"r":1},"geometry":{"type":"MultiPolygon","coordinates":[[[[120.544532,23.702235],[120.544504,23.70043],[120.544528,23.700342],[120.544644,23.700099],[120.544606,23.700035],[120.544539,23.700111],[120.544429,23.700416],[120.544456,23.701647],[120.54448,23.70221],[120.544493,23.702247],[120.544532,23.702235]]]]}},{"type":"Feature","properties":{"n":"中正路","v":"斗六市","w":2.4,"c":1,"r":1},"geometry":{"type":"MultiPolygon","coordinates":[[[[120.544486,23.703246],[120.544524,23.703217],[120.544522,23.702437],[120.544464,23.702384],[120.544467,23.703246],[120.544486,23.703246]]]]}},{"type":"Feature","properties":{"n":"中正路","v":"斗六市","w":5.1,"c":2,"r":2},"geometry":{"type":"MultiPolygon","coordinates":[[[[120.544502,23.705053],[120.544502,23.704868],[120.544457,23.704825],[120.544451,23.705053],[120.544502,23.705053]]]]}},{"type":"Feature","properties":{"n":"中正路","v":"斗六市","w":3.7,"c":3.7,"r":0},"geometry":{"type":"MultiPolygon","coordinates":[[[[120.544459,23.704381],[120.544507,23.704345],[120.544507,23.704249],[120.544463,23.70422],[120.544459,23.704381]]]]}},{"type":"Feature","properties":{"n":"中正路","v":"斗六市","w":3.6,"c":3.6,"r":0},"geometry":{"type":"MultiPolygon","coordinates":[[[[120.544469,23.704135],[120.544504,23.704091],[120.544501,23.703884],[120.544472,23.703852],[120.544469,23.704135]]]]}},{"type":"Feature","properties":{"n":"林南街","v":"斗六市","w":3.5,"c":3.5,"r":0},"geometry":{"type":"MultiPolygon","coordinates":[[[[120.544471,23.703857],[120.543894,23.703846],[120.543884,23.703857],[120.543886,23.703886],[120.544471,23.703891],[120.544471,23.703857]]]]}},{"type":"Feature","properties":{"n":"公正街","v":"斗六市","w":3,"c":3,"r":0},"geometry":{"type":"MultiPolygon","coordinates":[[[[120.543878,23.704135],[120.543879,23.703869],[120.54384,23.703913],[120.543841,23.704104],[120.543878,23.704135]]]]}},{"type":"Feature","properties":{"n":"公正街","v":"斗六市","w":3.9,"c":3.9,"r":0},"geometry":{"type":"MultiPolygon","coordinates":[[[[120.543882,23.704381],[120.543878,23.704205],[120.543838,23.704241],[120.543838,23.704335],[120.543882,23.704381]]]]}},{"type":"Feature","properties":{"n":"公正街","v":"斗六市","w":5.3,"c":2.1,"r":2},"geometry":{"type":"MultiPolygon","coordinates":[[[[120.543826,23.705128],[120.543882,23.705128],[120.543881,23.70482],[120.543825,23.704868],[120.543826,23.705128]]]]}},{"type":"Feature","properties":{"n":"林北街","v":"斗六市","w":5,"c":2,"r":2},"geometry":{"type":"MultiPolygon","coordinates":[[[[120.543884,23.704817],[120.543889,23.704873],[120.544454,23.704872],[120.544448,23.704823],[120.543884,23.704817]]]]}},{"type":"Feature","properties":{"n":"中正路214巷","v":"斗六市","w":5.4,"c":1.5,"r":0},"geometry":{"type":"MultiPolygon","coordinates":[[[[120.543742,23.703864],[120.543705,23.703841],[120.543355,23.703844],[120.543308,23.703819],[120.543294,23.703857],[120.543354,23.703882],[120.543696,23.70388],[120.543742,23.7039],[120.543742,23.703864]]]]}},{"type":"Feature","properties":{"n":"籽公園","v":"斗六市","w":4.6,"c":2,"r":0},"geometry":{"type":"MultiPolygon","coordinates":[[[[120.543296,23.703858],[120.543279,23.703896],[120.543264,23.704219],[120.543295,23.704226],[120.543314,23.703902],[120.543325,23.703875],[120.543296,23.703858]]]]}},{"type":"Feature","properties":{"n":"府前街","v":"斗六市","w":1.8,"c":1.8,"r":1},"geometry":{"type":"MultiPolygon","coordinates":[[[[120.541461,23.706524],[120.541635,23.706195],[120.54163,23.706168],[120.541434,23.706085],[120.541418,23.706097],[120.541601,23.706186],[120.541601,23.706213],[120.541435,23.70651],[120.541461,23.706524]]]]}},{"type":"Feature","properties":{"n":"府前街","v":"斗六市","w":2,"c":2,"r":0},"geometry":{"type":"MultiPolygon","coordinates":[[[[120.541581,23.706523],[120.541618,23.706538],[120.541785,23.706223],[120.541744,23.706202],[120.541581,23.706523]]]]}},{"type":"Feature","properties":{"n":"鎮南路","v":"斗六市","w":2.2,"c":2.2,"r":0},"geometry":{"type":"MultiPolygon","coordinates":[[[[120.541097,23.702618],[120.54103,23.70216],[120.54085,23.702578],[120.540906,23.702589],[120.541013,23.702318],[120.541054,23.702622],[120.541097,23.702618]]]]}},{"type":"Feature","properties":{"n":"文敬路","v":"斗六市","w":4.1,"c":2.3,"r":0},"geometry":{"type":"MultiPolygon","coordinates":[[[[120.538521,23.698362],[120.538529,23.69841],[120.540445,23.698215],[120.540447,23.698165],[120.538521,23.698362]]]]}},{"type":"Feature","properties":{"n":"中堅東路","v":"斗六市","w":3.4,"c":1.9,"r":0},"geometry":{"type":"MultiPolygon","coordinates":[[[[120.538904,23.699919],[120.539579,23.699864],[120.540233,23.699841],[120.540495,23.699838],[120.540495,23.699786],[120.539586,23.699814],[120.538903,23.699875],[120.538904,23.699919]]]]}},{"type":"Feature","properties":{"n":"樂利街","v":"斗六市","w":1.8,"c":1.8,"r":0},"geometry":{"type":"MultiPolygon","coordinates":[[[[120.535944,23.701654],[120.535368,23.701876],[120.535384,23.701909],[120.535962,23.701696],[120.535944,23.701654]]]]}},{"type":"Feature","properties":{"n":"樂利街","v":"斗六市","w":5.5,"c":5.5,"r":0},"geometry":{"type":"MultiPolygon","coordinates":[[[[120.535522,23.702216],[120.535553,23.702202],[120.535419,23.7019],[120.535386,23.701911],[120.535522,23.702216]]]]}},{"type":"Feature","properties":{"n":"樂利街","v":"斗六市","w":2.3,"c":2.3,"r":0},"geometry":{"type":"MultiPolygon","coordinates":[[[[120.535533,23.702254],[120.536555,23.701903],[120.536543,23.701861],[120.535517,23.702218],[120.535533,23.702254]]]]}},{"type":"Feature","properties":{"n":"民生南路","v":"斗六市","w":2.5,"c":1.6,"r":2},"geometry":{"type":"MultiPolygon","coordinates":[[[[120.536784,23.703021],[120.536904,23.703004],[120.536925,23.702993],[120.536941,23.702972],[120.536948,23.702938],[120.536948,23.702857],[120.536913,23.702859],[120.536914,23.702949],[120.536898,23.702978],[120.536779,23.702991],[120.536784,23.703021]]]]}},{"type":"Feature","properties":{"n":"雲林路二段191巷","v":"斗六市","w":1.2,"c":1.2,"r":1},"geometry":{"type":"MultiPolygon","coordinates":[[[[120.532997,23.70409],[120.533018,23.704063],[120.532848,23.703946],[120.53308,23.70362],[120.533266,23.703754],[120.533295,23.703725],[120.533078,23.703576],[120.53281,23.70394],[120.53282,23.703967],[120.532997,23.70409]]]]}},{"type":"Feature","properties":{"n":"中堅西路","v":"斗六市","w":3.6,"c":1.9,"r":2},"geometry":{"type":"MultiPolygon","coordinates":[[[[120.532613,23.701893],[120.533171,23.701589],[120.533778,23.701295],[120.534154,23.701141],[120.534131,23.701103],[120.533786,23.701253],[120.533148,23.701555],[120.532593,23.701863],[120.532613,23.701893]]]]}},{"type":"Feature","properties":{"n":"明德路","v":"斗六市","w":5.3,"c":3.8,"r":1},"geometry":{"type":"MultiPolygon","coordinates":[[[[120.533281,23.699485],[120.532021,23.700032],[120.531662,23.700203],[120.531697,23.700264],[120.532058,23.700087],[120.533312,23.699541],[120.533281,23.699485]]]]}},{"type":"Feature","properties":{"n":"明德路","v":"斗六市","w":4.7,"c":0.8,"r":1},"geometry":{"type":"MultiPolygon","coordinates":[[[[120.532057,23.699626],[120.532127,23.699641],[120.532208,23.699631],[120.533258,23.699187],[120.533229,23.699134],[120.532163,23.69958],[120.532115,23.699587],[120.532016,23.699562],[120.532057,23.699626]]]]}},{"type":"Feature","properties":{"n":"公明路","v":"斗六市","w":6.3,"c":4.9,"r":2},"geometry":{"type":"MultiPolygon","coordinates":[[[[120.532053,23.699625],[120.531248,23.698357],[120.531248,23.698403],[120.53128,23.698503],[120.531928,23.69954],[120.531968,23.699582],[120.532005,23.699609],[120.532053,23.699625]]]]}},{"type":"Feature","properties":{"n":"公明路","v":"斗六市","w":5,"c":3,"r":3},"geometry":{"type":"MultiPolygon","coordinates":[[[[120.531478,23.697372],[120.531445,23.697381],[120.53142,23.697402],[120.531407,23.697436],[120.531255,23.698227],[120.531249,23.698359],[120.531279,23.698396],[120.531478,23.697372]]]]}},{"type":"Feature","properties":{"n":"公明路","v":"斗六市","w":2.9,"c":2.9,"r":1},"geometry":{"type":"MultiPolygon","coordinates":[[[[120.531645,23.696099],[120.531448,23.697249],[120.531454,23.697276],[120.531485,23.697295],[120.531701,23.696065],[120.531645,23.696099]]]]}},{"type":"Feature","properties":{"n":"公明路","v":"斗六市","w":4.7,"c":4.7,"r":2},"geometry":{"type":"MultiPolygon","coordinates":[[[[120.531473,23.695971],[120.531426,23.695965],[120.531457,23.696064],[120.531255,23.697241],[120.531282,23.697235],[120.531296,23.697222],[120.5315,23.696076],[120.5315,23.69602],[120.531473,23.695971]]]]}},{"type":"Feature","properties":{"n":"公明路","v":"斗六市","w":4.9,"c":4,"r":2},"geometry":{"type":"MultiPolygon","coordinates":[[[[120.531218,23.697335],[120.531088,23.698051],[120.531065,23.698119],[120.531036,23.698165],[120.530996,23.698211],[120.530944,23.698255],[120.53097,23.698293],[120.531068,23.698204],[120.531105,23.698133],[120.531228,23.697545],[120.531253,23.697382],[120.531249,23.697352],[120.531218,23.697335]]]]}},{"type":"Feature","properties":{"n":"公明路","v":"斗六市","w":4,"c":2.5,"r":2},"geometry":{"type":"MultiPolygon","coordinates":[[[[120.531809,23.699717],[120.531818,23.699644],[120.531163,23.698601],[120.531085,23.698568],[120.531795,23.699692],[120.531809,23.699717]]]]}},{"type":"Feature","properties":{"n":"公園路","v":"斗六市","w":3.4,"c":1.6,"r":2},"geometry":{"type":"MultiPolygon","coordinates":[[[[120.527819,23.698307],[120.527769,23.698314],[120.527696,23.698333],[120.528177,23.698421],[120.528163,23.698375],[120.527819,23.698307]]]]}},{"type":"Feature","properties":{"n":"公園路","v":"斗六市","w":5.1,"c":3.2,"r":2},"geometry":{"type":"MultiPolygon","coordinates":[[[[120.528315,23.698418],[120.528298,23.698434],[120.528289,23.698455],[120.528634,23.698513],[120.530885,23.698536],[120.531113,23.698613],[120.531086,23.698568],[120.530883,23.698488],[120.529833,23.698492],[120.528634,23.698469],[120.528315,23.698418]]]]}},{"type":"Feature","properties":{"n":"公園路","v":"斗六市","w":4.9,"c":3.4,"r":1},"geometry":{"type":"MultiPolygon","coordinates":[[[[120.527739,23.698089],[120.527816,23.698159],[120.528417,23.698274],[120.528776,23.698324],[120.53078,23.698351],[120.530863,23.698334],[120.530969,23.698294],[120.530943,23.69826],[120.530888,23.698283],[120.530814,23.6983],[120.530517,23.69831],[120.528781,23.698286],[120.528428,23.698233],[120.527839,23.698117],[120.527739,23.698089]]]]}},{"type":"Feature","properties":{"n":"府文路","v":"斗六市","w":3.4,"c":3.4,"r":2},"geometry":{"type":"MultiPolygon","coordinates":[[[[120.527845,23.695339],[120.52795,23.696722],[120.527684,23.697966],[120.527705,23.698029],[120.527739,23.698089],[120.527807,23.698104],[120.527763,23.698028],[120.527743,23.697963],[120.528007,23.696721],[120.527896,23.695352],[120.527845,23.695339]]]]}},{"type":"Feature","properties":{"n":"府文路","v":"斗六市","w":4.4,"c":2.5,"r":2},"geometry":{"type":"MultiPolygon","coordinates":[[[[120.527766,23.696661],[120.527783,23.696651],[120.527785,23.6966],[120.527679,23.695319],[120.527627,23.695309],[120.527748,23.696659],[120.527766,23.696661]]]]}},{"type":"Feature","properties":{"n":"府文路","v":"斗六市","w":3.57,"c":2.05,"r":2},"geometry":{"type":"MultiPolygon","coordinates":[[[[120.527667,23.697299],[120.527779,23.69676],[120.527737,23.696753],[120.52763,23.697291],[120.527667,23.697299]]]]}},{"type":"Feature","properties":{"n":"府文路","v":"斗六市","w":1.5,"c":1.5,"r":0},"geometry":{"type":"MultiPolygon","coordinates":[[[[120.5275,23.698109],[120.527661,23.697339],[120.527621,23.697333],[120.527463,23.698095],[120.5275,23.698109]]]]}},{"type":"Feature","properties":{"n":"府文路","v":"斗六市","w":3.2,"c":2.6,"r":10},"geometry":{"type":"MultiPolygon","coordinates":[[[[120.526758,23.699699],[120.527239,23.699098],[120.527296,23.699016],[120.52731,23.69897],[120.527467,23.698271],[120.527429,23.698264],[120.527273,23.698938],[120.527248,23.699005],[120.527208,23.699066],[120.526727,23.699676],[120.526758,23.699699]]]]}},{"type":"Feature","properties":{"n":"埤口路","v":"斗六市","w":3.6,"c":2.3,"r":2},"geometry":{"type":"MultiPolygon","coordinates":[[[[120.527736,23.696748],[120.526678,23.696563],[120.526668,23.696573],[120.526657,23.696601],[120.527728,23.696787],[120.527736,23.696748]]]]}},{"type":"Feature","properties":{"n":"埤口路","v":"斗六市","w":10.8,"c":2.28,"r":2},"geometry":{"type":"MultiPolygon","coordinates":[[[[120.526684,23.696465],[120.527746,23.696659],[120.527744,23.696611],[120.526695,23.696424],[120.526684,23.696465]]]]}},{"type":"Feature","properties":{"n":"埤口路","v":"斗六市","w":5.65,"c":2.7,"r":1},"geometry":{"type":"MultiPolygon","coordinates":[[[[120.526533,23.696439],[120.52654,23.696405],[120.526186,23.696339],[120.526175,23.696379],[120.526533,23.696439]]]]}},{"type":"Feature","properties":{"n":"埤口路","v":"斗六市","w":3.5,"c":2,"r":2},"geometry":{"type":"MultiPolygon","coordinates":[[[[120.52529,23.696223],[120.526052,23.696357],[120.526064,23.696315],[120.525286,23.696179],[120.525282,23.696204],[120.52529,23.696223]]]]}},{"type":"Feature","properties":{"n":"雲林路二段421巷","v":"斗六市","w":2.9,"c":2.9,"r":2},"geometry":{"type":"MultiPolygon","coordinates":[[[[120.528701,23.700008],[120.528674,23.700005],[120.52863,23.700263],[120.528601,23.700278],[120.528619,23.700291],[120.528652,23.700282],[120.528701,23.700008]]]]}},{"type":"Feature","properties":{"n":"雲林路二段421巷","v":"斗六市","w":4,"c":1.4,"r":1},"geometry":{"type":"MultiPolygon","coordinates":[[[[120.527842,23.699624],[120.527846,23.699671],[120.528022,23.699875],[120.528382,23.700145],[120.528403,23.700122],[120.528049,23.699856],[120.527842,23.699624]]]]}},{"type":"Feature","properties":{"n":"雲林路二段421巷","v":"斗六市","w":2.9,"c":2.9,"r":1},"geometry":{"type":"MultiPolygon","coordinates":[[[[120.528366,23.700868],[120.52861,23.7005],[120.528594,23.700454],[120.528323,23.700852],[120.52835,23.70087],[120.528366,23.700868]]]]}},{"type":"Feature","properties":{"n":"雲林路二段","v":"斗六市","w":2.8,"c":2.8,"r":1},"geometry":{"type":"MultiPolygon","coordinates":[[[[120.525764,23.6991],[120.526666,23.699711],[120.526762,23.699706],[120.526725,23.699677],[120.526683,23.699679],[120.525791,23.69907],[120.525764,23.6991]]]]}},{"type":"Feature","properties":{"n":"雲林路二段","v":"斗六市","w":3.7,"c":3.7,"r":0},"geometry":{"type":"MultiPolygon","coordinates":[[[[120.529512,23.70147],[120.529402,23.701546],[120.529386,23.701571],[120.529396,23.701603],[120.529885,23.701954],[120.52991,23.701933],[120.529423,23.70159],[120.529415,23.701575],[120.529432,23.701556],[120.529529,23.701489],[120.529512,23.70147]]]]}},{"type":"Feature","properties":{"n":"雲林路二段","v":"斗六市","w":3.9,"c":2.8,"r":1},"geometry":{"type":"MultiPolygon","coordinates":[[[[120.537214,23.706993],[120.537352,23.707147],[120.539188,23.708077],[120.539267,23.70806],[120.537392,23.707108],[120.537265,23.706995],[120.537214,23.706993]]]]}},{"type":"Feature","properties":{"n":"民生南路","v":"斗六市","w":4.9,"c":3.1,"r":2},"geometry":{"type":"MultiPolygon","coordinates":[[[[120.537213,23.706998],[120.537266,23.706994],[120.537268,23.70652],[120.537233,23.706548],[120.537203,23.706604],[120.5372,23.706944],[120.537213,23.706998]]]]}},{"type":"Feature","properties":{"n":"西平路","v":"斗六市","w":3.3,"c":1.9,"r":1},"geometry":{"type":"MultiPolygon","coordinates":[[[[120.539593,23.707062],[120.53955,23.707047],[120.539222,23.708034],[120.539268,23.708055],[120.539593,23.707062]]]]}},{"type":"Feature","properties":{"n":"保源二街","v":"斗六市","w":3.2,"c":1.7,"r":1},"geometry":{"type":"MultiPolygon","coordinates":[[[[120.533334,23.70939],[120.533292,23.709388],[120.532543,23.709813],[120.532452,23.709925],[120.532474,23.709942],[120.532558,23.709834],[120.533334,23.70939]]]]}},{"type":"Feature","properties":{"n":"保源二街","v":"斗六市","w":3.1,"c":1.6,"r":1},"geometry":{"type":"MultiPolygon","coordinates":[[[[120.533451,23.70932],[120.534221,23.708874],[120.53434,23.708799],[120.534319,23.708778],[120.534211,23.708849],[120.533456,23.709288],[120.533451,23.70932]]]]}},{"type":"Feature","properties":{"n":"保源二街","v":"斗六市","w":1.5,"c":1.5,"r":0},"geometry":{"type":"MultiPolygon","coordinates":[[[[120.534268,23.708724],[120.534255,23.708697],[120.53335,23.709224],[120.533414,23.709214],[120.534268,23.708724]]]]}},{"type":"Feature","properties":{"n":"保源二街","v":"斗六市","w":1.5,"c":1.5,"r":1},"geometry":{"type":"MultiPolygon","coordinates":[[[[120.533212,23.709311],[120.533189,23.709288],[120.533131,23.709336],[120.53248,23.70972],[120.532502,23.709739],[120.533149,23.709361],[120.533212,23.709311]]]]}},{"type":"Feature","properties":{"n":"保源二街","v":"斗六市","w":1.5,"c":0.7,"r":0},"geometry":{"type":"MultiPolygon","coordinates":[[[[120.531424,23.710659],[120.532382,23.709855],[120.532386,23.709809],[120.532378,23.7098],[120.531402,23.710624],[120.531424,23.710659]]]]}},{"type":"Feature","properties":{"n":"保水路","v":"斗六市","w":1.6,"c":0.6,"r":1},"geometry":{"type":"MultiPolygon","coordinates":[[[[120.531102,23.710088],[120.531119,23.710115],[120.531555,23.709885],[120.531539,23.70986],[120.531102,23.710088]]]]}},{"type":"Feature","properties":{"n":"保水路","v":"斗六市","w":1.5,"c":1.5,"r":1},"geometry":{"type":"MultiPolygon","coordinates":[[[[120.532275,23.709427],[120.532287,23.709448],[120.532828,23.709149],[120.532984,23.709093],[120.532957,23.709077],[120.532822,23.709126],[120.532275,23.709427]]]]}},{"type":"Feature","properties":{"n":"保水路","v":"斗六市","w":2.1,"c":2.1,"r":0},"geometry":{"type":"MultiPolygon","coordinates":[[[[120.531055,23.709975],[120.531662,23.709679],[120.532066,23.709472],[120.532093,23.709409],[120.531036,23.709935],[120.531055,23.709975]]]]}},{"type":"Feature","properties":{"n":"雲林路二段6巷","v":"斗六市","w":1.4,"c":0.5,"r":1},"geometry":{"type":"MultiPolygon","coordinates":[[[[120.530708,23.709313],[120.530731,23.709354],[120.531965,23.709227],[120.531925,23.709198],[120.530708,23.709313]]]]}},{"type":"Feature","properties":{"n":"雲林路二段6巷","v":"斗六市","w":1.3,"c":1.3,"r":0},"geometry":{"type":"MultiPolygon","coordinates":[[[[120.532672,23.709042],[120.532694,23.709015],[120.532452,23.70903],[120.532478,23.709055],[120.532672,23.709042]]]]}},{"type":"Feature","properties":{"n":"雲林路二段6巷","v":"斗六市","w":1.4,"c":1.4,"r":1},"geometry":{"type":"MultiPolygon","coordinates":[[[[120.532239,23.709088],[120.532239,23.70906],[120.531539,23.709123],[120.531539,23.709154],[120.532239,23.709088]]]]}},{"type":"Feature","properties":{"n":"雲林路二段6巷","v":"斗六市","w":1.4,"c":1.4,"r":0},"geometry":{"type":"MultiPolygon","coordinates":[[[[120.531426,23.70916],[120.531427,23.709129],[120.531089,23.709159],[120.531091,23.709193],[120.531426,23.70916]]]]}},{"type":"Feature","properties":{"n":"雲林路二段6巷","v":"斗六市","w":9.2,"c":9.2,"r":0},"geometry":{"type":"MultiPolygon","coordinates":[[[[120.530592,23.70924],[120.530707,23.709231],[120.530707,23.709193],[120.530576,23.709204],[120.530592,23.70924]]]]}},{"type":"Feature","properties":{"n":"南京西路","v":"斗六市","w":1.5,"c":1.5,"r":1},"geometry":{"type":"MultiPolygon","coordinates":[[[[120.533453,23.709325],[120.533577,23.709458],[120.533593,23.709448],[120.533471,23.709314],[120.533453,23.709325]]]]}},{"type":"Feature","properties":{"n":"南京西路","v":"斗六市","w":1.5,"c":1.5,"r":0},"geometry":{"type":"MultiPolygon","coordinates":[[[[120.533343,23.709224],[120.533351,23.709214],[120.53312,23.708978],[120.533117,23.708998],[120.53313,23.709042],[120.533314,23.709225],[120.533343,23.709224]]]]}},{"type":"Feature","properties":{"n":"南京西路","v":"斗六市","w":1.5,"c":0.4,"r":2},"geometry":{"type":"MultiPolygon","coordinates":[[[[120.533214,23.709313],[120.533218,23.709279],[120.5332,23.70925],[120.533024,23.709081],[120.532986,23.709066],[120.532966,23.709077],[120.533214,23.709313]]]]}},{"type":"Feature","properties":{"n":"南京西路","v":"斗六市","w":1.5,"c":1.5,"r":2},"geometry":{"type":"MultiPolygon","coordinates":[[[[120.533337,23.709391],[120.533318,23.709404],[120.533459,23.709527],[120.53348,23.709517],[120.533337,23.709391]]]]}},{"type":"Feature","properties":{"n":"巷道","v":"斗六市","w":2.2,"c":2.2,"r":2},"geometry":{"type":"MultiPolygon","coordinates":[[[[120.532498,23.709743],[120.532271,23.709434],[120.532268,23.709499],[120.532419,23.70971],[120.532458,23.709739],[120.532498,23.709743]]]]}},{"type":"Feature","properties":{"n":"巷道","v":"斗六市","w":2.8,"c":2.2,"r":1},"geometry":{"type":"MultiPolygon","coordinates":[[[[120.532093,23.709401],[120.531966,23.709225],[120.531929,23.709231],[120.532061,23.709418],[120.532093,23.709401]]]]}},{"type":"Feature","properties":{"n":"慶生路","v":"斗六市","w":4,"c":2.3,"r":2},"geometry":{"type":"MultiPolygon","coordinates":[[[[120.539776,23.713239],[120.53979,23.713249],[120.540201,23.712719],[120.540187,23.712709],[120.540153,23.712721],[120.539774,23.713213],[120.539776,23.713239]]]]}},{"type":"Feature","properties":{"n":"慶生路","v":"斗六市","w":4.6,"c":3,"r":2},"geometry":{"type":"MultiPolygon","coordinates":[[[[120.540283,23.712602],[120.540581,23.712208],[120.540563,23.712204],[120.540542,23.712209],[120.540275,23.712558],[120.540273,23.712585],[120.540283,23.712602]]]]}},{"type":"Feature","properties":{"n":"慶生路","v":"斗六市","w":4,"c":2.3,"r":2},"geometry":{"type":"MultiPolygon","coordinates":[[[[120.540131,23.712511],[120.540177,23.712496],[120.540452,23.712143],[120.540442,23.712112],[120.540131,23.712511]]]]}},{"type":"Feature","properties":{"n":"慶生路","v":"斗六市","w":3.6,"c":1.9,"r":2},"geometry":{"type":"MultiPolygon","coordinates":[[[[120.540058,23.712648],[120.540056,23.712633],[120.540037,23.712613],[120.539629,23.713153],[120.539645,23.713159],[120.53967,23.713153],[120.540058,23.712648]]]]}},{"type":"Feature","properties":{"n":"武昌路","v":"斗六市","w":3.7,"c":3.7,"r":10},"geometry":{"type":"MultiPolygon","coordinates":[[[[120.539791,23.711531],[120.540885,23.712262],[120.541867,23.712823],[120.542363,23.713115],[120.542415,23.713111],[120.540935,23.712228],[120.539819,23.711498],[120.539791,23.711531]]]]}},{"type":"Feature","properties":{"n":"民生路","v":"斗六市","w":5.9,"c":3.9,"r":2},"geometry":{"type":"MultiPolygon","coordinates":[[[[120.541731,23.711619],[120.541403,23.711417],[120.541388,23.711442],[120.541714,23.711646],[120.541731,23.711619]]]]}},{"type":"Feature","properties":{"n":"民生路","v":"斗六市","w":7,"c":7,"r":2},"geometry":{"type":"MultiPolygon","coordinates":[[[[120.541255,23.711322],[120.540936,23.711111],[120.54089,23.71117],[120.541216,23.711373],[120.541255,23.711322]]]]}},{"type":"Feature","properties":{"n":"北平路","v":"斗六市","w":7.4,"c":5.3,"r":8},"geometry":{"type":"MultiPolygon","coordinates":[[[[120.537768,23.714282],[120.537743,23.714327],[120.539324,23.715326],[120.539357,23.71529],[120.537768,23.714282]]]]}},{"type":"Feature","properties":{"n":"斗六二路","v":"斗六市","w":1.5,"c":0.8,"r":2},"geometry":{"type":"MultiPolygon","coordinates":[[[[120.539856,23.7218],[120.53987,23.721829],[120.539891,23.721844],[120.540026,23.721304],[120.540591,23.720524],[120.540543,23.720533],[120.540508,23.720546],[120.539989,23.721273],[120.539856,23.7218]]]]}},{"type":"Feature","properties":{"n":"棒球一街","v":"斗六市","w":1.6,"c":0.8,"r":2},"geometry":{"type":"MultiPolygon","coordinates":[[[[120.541438,23.71898],[120.541456,23.719091],[120.540588,23.720333],[120.540629,23.72036],[120.541499,23.719101],[120.541479,23.718961],[120.541438,23.71898]]]]}},{"type":"Feature","properties":{"n":"棒球一街","v":"斗六市","w":1.5,"c":0.8,"r":1},"geometry":{"type":"MultiPolygon","coordinates":[[[[120.540967,23.719613],[120.54105,23.719524],[120.541366,23.719064],[120.541362,23.719012],[120.541024,23.719499],[120.540938,23.719596],[120.540967,23.719613]]]]}},{"type":"Feature","properties":{"n":"棒球一街","v":"斗六市","w":1.5,"c":1.5,"r":2},"geometry":{"type":"MultiPolygon","coordinates":[[[[120.540509,23.720275],[120.540881,23.719772],[120.540881,23.719732],[120.540864,23.71972],[120.540472,23.720254],[120.540509,23.720275]]]]}},{"type":"Feature","properties":{"n":"斗六二路","v":"斗六市","w":1.7,"c":0.8,"r":1},"geometry":{"type":"MultiPolygon","coordinates":[[[[120.539814,23.721116],[120.539856,23.721105],[120.539893,23.721061],[120.540344,23.720441],[120.540344,23.720399],[120.540332,23.720368],[120.539791,23.721116],[120.539814,23.721116]]]]}},{"type":"Feature","properties":{"n":"斗六二路","v":"斗六市","w":1.5,"c":0.9,"r":1},"geometry":{"type":"MultiPolygon","coordinates":[[[[120.539599,23.721759],[120.539628,23.721744],[120.539649,23.721687],[120.539773,23.721274],[120.539773,23.721225],[120.539746,23.721194],[120.539582,23.721752],[120.539599,23.721759]]]]}},{"type":"Feature","properties":{"n":"棒球三街","v":"斗六市","w":1.4,"c":0.8,"r":2},"geometry":{"type":"MultiPolygon","coordinates":[[[[120.538338,23.721404],[120.538371,23.721412],[120.53865,23.720501],[120.538615,23.720508],[120.53859,23.720529],[120.538569,23.720571],[120.538338,23.721404]]]]}},{"type":"Feature","properties":{"n":"棒球三街","v":"斗六市","w":1.6,"c":0.8,"r":2},"geometry":{"type":"MultiPolygon","coordinates":[[[[120.538676,23.720363],[120.538705,23.720385],[120.539241,23.719692],[120.539212,23.719675],[120.539177,23.71969],[120.538697,23.720319],[120.538676,23.720363]]]]}},{"type":"Feature","properties":{"n":"棒球三街","v":"斗六市","w":1.4,"c":0.6,"r":2},"geometry":{"type":"MultiPolygon","coordinates":[[[[120.539311,23.719506],[120.539352,23.719535],[120.539759,23.719016],[120.539736,23.718999],[120.539696,23.719001],[120.539311,23.719506]]]]}},{"type":"Feature","properties":{"n":"棒球三街","v":"斗六市","w":1.5,"c":0.9,"r":2},"geometry":{"type":"MultiPolygon","coordinates":[[[[120.54034,23.718239],[120.540275,23.718241],[120.53994,23.71867],[120.539815,23.718851],[120.53985,23.718874],[120.54034,23.718239]]]]}},{"type":"Feature","properties":{"n":"棒球三街","v":"斗六市","w":1.5,"c":1.5,"r":1},"geometry":{"type":"MultiPolygon","coordinates":[[[[120.540365,23.718155],[120.540384,23.718131],[120.540281,23.71805],[120.539712,23.718786],[120.539735,23.718805],[120.54029,23.718098],[120.540365,23.718155]]]]}},{"type":"Feature","properties":{"n":"棒球三街","v":"斗六市","w":1.5,"c":0.9,"r":2},"geometry":{"type":"MultiPolygon","coordinates":[[[[120.539619,23.71895],[120.539625,23.718931],[120.539598,23.71891],[120.539195,23.719449],[120.539226,23.71947],[120.539619,23.71895]]]]}},{"type":"Feature","properties":{"n":"棒球三街","v":"斗六市","w":1.6,"c":0.7,"r":2},"geometry":{"type":"MultiPolygon","coordinates":[[[[120.538591,23.720298],[120.539104,23.719644],[120.5391,23.719607],[120.539081,23.719596],[120.538557,23.720273],[120.538591,23.720298]]]]}},{"type":"Feature","properties":{"n":"棒球三街","v":"斗六市","w":1.5,"c":1.5,"r":1},"geometry":{"type":"MultiPolygon","coordinates":[[[[120.538338,23.720863],[120.538392,23.72084],[120.538513,23.720435],[120.538474,23.720411],[120.538338,23.720863]]]]}},{"type":"Feature","properties":{"n":"棒球三街","v":"斗六市","w":1.5,"c":0.9,"r":1},"geometry":{"type":"MultiPolygon","coordinates":[[[[120.53823,23.721377],[120.538356,23.721004],[120.538337,23.720945],[120.538317,23.720928],[120.538188,23.721359],[120.53823,23.721377]]]]}},{"type":"Feature","properties":{"n":"斗六三路","v":"斗六市","w":2.5,"c":2.5,"r":1},"geometry":{"type":"MultiPolygon","coordinates":[[[[120.53687,23.720918],[120.536903,23.720933],[120.537148,23.720403],[120.537119,23.720404],[120.537081,23.720427],[120.53687,23.720918]]]]}},{"type":"Feature","properties":{"n":"斗六三路","v":"斗六市","w":2,"c":2,"r":2},"geometry":{"type":"MultiPolygon","coordinates":[[[[120.537177,23.720309],[120.537459,23.719729],[120.53742,23.719731],[120.537382,23.719748],[120.537152,23.720275],[120.537177,23.720309]]]]}},{"type":"Feature","properties":{"n":"斗六三路","v":"斗六市","w":2.1,"c":2.1,"r":2},"geometry":{"type":"MultiPolygon","coordinates":[[[[120.537477,23.719578],[120.537472,23.719612],[120.537493,23.719637],[120.538056,23.718894],[120.538002,23.718886],[120.537477,23.719578]]]]}},{"type":"Feature","properties":{"n":"斗六三路","v":"斗六市","w":2.4,"c":1.5,"r":2},"geometry":{"type":"MultiPolygon","coordinates":[[[[120.5381,23.718797],[120.538568,23.718204],[120.538533,23.718202],[120.538506,23.718217],[120.538097,23.718747],[120.538087,23.718772],[120.5381,23.718797]]]]}},{"type":"Feature","properties":{"n":"斗六三路","v":"斗六市","w":2.5,"c":2.5,"r":2},"geometry":{"type":"MultiPolygon","coordinates":[[[[120.538603,23.718142],[120.539057,23.717574],[120.539021,23.717559],[120.538888,23.717707],[120.538594,23.718089],[120.53859,23.718123],[120.538603,23.718142]]]]}},{"type":"Feature","properties":{"n":"斗六三路","v":"斗六市","w":2.5,"c":2.5,"r":2},"geometry":{"type":"MultiPolygon","coordinates":[[[[120.536858,23.720394],[120.536889,23.720367],[120.537113,23.719869],[120.537185,23.71968],[120.537185,23.719652],[120.537158,23.719636],[120.537074,23.719848],[120.536827,23.720405],[120.536858,23.720394]]]]}},{"type":"Feature","properties":{"n":"斗六三路","v":"斗六市","w":2.3,"c":1.8,"r":2},"geometry":{"type":"MultiPolygon","coordinates":[[[[120.5368,23.720574],[120.536782,23.720513],[120.536639,23.720849],[120.536672,23.720866],[120.5368,23.720574]]]]}},{"type":"Feature","properties":{"n":"棒球九街","v":"斗六市","w":1.6,"c":0.7,"r":2},"geometry":{"type":"MultiPolygon","coordinates":[[[[120.535629,23.719597],[120.535669,23.719626],[120.536146,23.718991],[120.536105,23.718964],[120.535629,23.719597]]]]}},{"type":"Feature","properties":{"n":"棒球九街","v":"斗六市","w":1.8,"c":1.1,"r":2},"geometry":{"type":"MultiPolygon","coordinates":[[[[120.535549,23.719541],[120.53603,23.718906],[120.535993,23.718885],[120.535511,23.719516],[120.535549,23.719541]]]]}},{"type":"Feature","properties":{"n":"棒球十街","v":"斗六市","w":1.6,"c":0.9,"r":2},"geometry":{"type":"MultiPolygon","coordinates":[[[[120.53461,23.720068],[120.534652,23.720088],[120.53511,23.719487],[120.535067,23.719462],[120.53461,23.720068]]]]}},{"type":"Feature","properties":{"n":"棒球十街","v":"斗六市","w":1.5,"c":0.9,"r":1},"geometry":{"type":"MultiPolygon","coordinates":[[[[120.534509,23.720047],[120.534704,23.719804],[120.534704,23.719781],[120.53469,23.719756],[120.534479,23.720028],[120.534509,23.720047]]]]}},{"type":"Feature","properties":{"n":"棒球十街","v":"斗六市","w":1.5,"c":0.8,"r":1},"geometry":{"type":"MultiPolygon","coordinates":[[[[120.534724,23.719684],[120.534748,23.719683],[120.534794,23.719665],[120.53484,23.719612],[120.534988,23.719402],[120.534949,23.719375],[120.534724,23.719684]]]]}},{"type":"Feature","properties":{"n":"棒球十二街","v":"斗六市","w":1.6,"c":0.9,"r":1},"geometry":{"type":"MultiPolygon","coordinates":[[[[120.534744,23.719082],[120.535269,23.718419],[120.535228,23.71839],[120.534744,23.719021],[120.534734,23.719061],[120.534744,23.719082]]]]}},{"type":"Feature","properties":{"n":"棒球十二街","v":"斗六市","w":1.7,"c":0.7,"r":2},"geometry":{"type":"MultiPolygon","coordinates":[[[[120.535145,23.718353],[120.535112,23.718327],[120.534611,23.71899],[120.534657,23.718983],[120.534676,23.718965],[120.535145,23.718353]]]]}},{"type":"Feature","properties":{"n":"斗六五路","v":"斗六市","w":1.8,"c":1.8,"r":2},"geometry":{"type":"MultiPolygon","coordinates":[[[[120.532913,23.719299],[120.533173,23.71894],[120.533107,23.718949],[120.532902,23.719228],[120.532896,23.719268],[120.532913,23.719299]]]]}},{"type":"Feature","properties":{"n":"斗六五路","v":"斗六市","w":2.5,"c":2.5,"r":2},"geometry":{"type":"MultiPolygon","coordinates":[[[[120.533211,23.718812],[120.533226,23.718869],[120.533574,23.718439],[120.533487,23.718442],[120.533211,23.718812]]]]}},{"type":"Feature","properties":{"n":"斗六五路","v":"斗六市","w":2.6,"c":1.9,"r":2},"geometry":{"type":"MultiPolygon","coordinates":[[[[120.53361,23.718284],[120.533605,23.718324],[120.533618,23.718358],[120.534124,23.717691],[120.534089,23.71766],[120.53361,23.718284]]]]}},{"type":"Feature","properties":{"n":"斗六五路","v":"斗六市","w":3.6,"c":2.1,"r":2},"geometry":{"type":"MultiPolygon","coordinates":[[[[120.534291,23.717435],[120.534295,23.717476],[120.534317,23.717497],[120.535663,23.715759],[120.535603,23.715713],[120.534291,23.717435]]]]}},{"type":"Feature","properties":{"n":"斗六五路","v":"斗六市","w":3,"c":1.8,"r":1},"geometry":{"type":"MultiPolygon","coordinates":[[[[120.534615,23.716561],[120.534646,23.716565],[120.534696,23.716548],[120.535463,23.715499],[120.53541,23.715461],[120.534615,23.716561]]]]}},{"type":"Feature","properties":{"n":"斗六五路","v":"斗六市","w":3.1,"c":1.1,"r":2},"geometry":{"type":"MultiPolygon","coordinates":[[[[120.533989,23.717362],[120.534017,23.717372],[120.534069,23.717351],[120.534566,23.716701],[120.534578,23.716664],[120.534576,23.716636],[120.534562,23.716622],[120.533989,23.717362]]]]}},{"type":"Feature","properties":{"n":"斗六五路","v":"斗六市","w":2.5,"c":1.8,"r":2},"geometry":{"type":"MultiPolygon","coordinates":[[[[120.533554,23.718026],[120.533921,23.717549],[120.533926,23.717488],[120.533915,23.717461],[120.533506,23.717991],[120.533554,23.718026]]]]}},{"type":"Feature","properties":{"n":"斗六五路","v":"斗六市","w":0.7,"c":1.9,"r":2},"geometry":{"type":"MultiPolygon","coordinates":[[[[120.533039,23.718703],[120.533314,23.718344],[120.533313,23.718273],[120.532958,23.718702],[120.533008,23.718708],[120.533039,23.718703]]]]}},{"type":"Feature","properties":{"n":"斗六五路","v":"斗六市","w":2.2,"c":1.5,"r":2},"geometry":{"type":"MultiPolygon","coordinates":[[[[120.53271,23.719137],[120.532944,23.718834],[120.532927,23.718769],[120.532637,23.719149],[120.532685,23.719149],[120.53271,23.719137]]]]}},{"type":"Feature","properties":{"n":"棒球十三街","v":"斗六市","w":1.6,"c":1.6,"r":0},"geometry":{"type":"MultiPolygon","coordinates":[[[[120.531517,23.717679],[120.531538,23.717712],[120.531789,23.717535],[120.53176,23.717522],[120.531731,23.71752],[120.531517,23.717679]]]]}},{"type":"Feature","properties":{"n":"棒球十三街","v":"斗六市","w":1.5,"c":0.7,"r":1},"geometry":{"type":"MultiPolygon","coordinates":[[[[120.531862,23.717482],[120.532128,23.717308],[120.532111,23.717297],[120.532068,23.717291],[120.53187,23.717428],[120.53186,23.717457],[120.531862,23.717482]]]]}},{"type":"Feature","properties":{"n":"棒球十三街","v":"斗六市","w":1.7,"c":1.7,"r":2},"geometry":{"type":"MultiPolygon","coordinates":[[[[120.532387,23.717059],[120.532408,23.717082],[120.53282,23.716808],[120.532787,23.716777],[120.532387,23.717059]]]]}},{"type":"Feature","properties":{"n":"棒球十三街","v":"斗六市","w":1.4,"c":1.4,"r":0},"geometry":{"type":"MultiPolygon","coordinates":[[[[120.53321,23.716481],[120.532981,23.716653],[120.533008,23.716676],[120.533237,23.716508],[120.53321,23.716481]]]]}},{"type":"Feature","properties":{"n":"棒球十三街","v":"斗六市","w":1.7,"c":1.7,"r":0},"geometry":{"type":"MultiPolygon","coordinates":[[[[120.533269,23.71644],[120.533296,23.716464],[120.533793,23.71613],[120.533764,23.716116],[120.533714,23.716118],[120.533269,23.71644]]]]}},{"type":"Feature","properties":{"n":"棒球十三街","v":"斗六市","w":1.4,"c":0.7,"r":1},"geometry":{"type":"MultiPolygon","coordinates":[[[[120.533799,23.71603],[120.533832,23.716055],[120.534681,23.714966],[120.534639,23.714939],[120.533799,23.71603]]]]}},{"type":"Feature","properties":{"n":"棒球十三街","v":"斗六市","w":1.4,"c":0.7,"r":1},"geometry":{"type":"MultiPolygon","coordinates":[[[[120.534544,23.714857],[120.534498,23.714824],[120.534219,23.715204],[120.534256,23.71521],[120.534293,23.715194],[120.534544,23.714857]]]]}},{"type":"Feature","properties":{"n":"棒球十三街","v":"斗六市","w":1.6,"c":0.8,"r":1},"geometry":{"type":"MultiPolygon","coordinates":[[[[120.533788,23.715846],[120.53382,23.715825],[120.533947,23.715659],[120.533914,23.715638],[120.533778,23.715817],[120.533788,23.715846]]]]}},{"type":"Feature","properties":{"n":"棒球十三街","v":"斗六市","w":1.4,"c":0.7,"r":2},"geometry":{"type":"MultiPolygon","coordinates":[[[[120.532741,23.716698],[120.532717,23.716664],[120.531462,23.717562],[120.531482,23.717599],[120.531499,23.717598],[120.531695,23.717457],[120.532741,23.716698]]]]}},{"type":"Feature","properties":{"n":"西平路","v":"斗六市","w":2.1,"c":0.8,"r":1},"geometry":{"type":"MultiPolygon","coordinates":[[[[120.52951,23.716471],[120.529535,23.716502],[120.530459,23.715847],[120.530409,23.715833],[120.52951,23.716471]]]]}},{"type":"Feature","properties":{"n":"西平路","v":"斗六市","w":3.3,"c":2,"r":2},"geometry":{"type":"MultiPolygon","coordinates":[[[[120.530598,23.715731],[120.53061,23.715787],[120.532119,23.714684],[120.532065,23.714673],[120.530598,23.715731]]]]}},{"type":"Feature","properties":{"n":"西平路","v":"斗六市","w":4.8,"c":3.5,"r":1},"geometry":{"type":"MultiPolygon","coordinates":[[[[120.532215,23.714516],[120.532206,23.714549],[120.532211,23.714581],[120.532995,23.713997],[120.532977,23.71398],[120.532941,23.71397],[120.532215,23.714516]]]]}},{"type":"Feature","properties":{"n":"西平路","v":"斗六市","w":1.2,"c":1.2,"r":0},"geometry":{"type":"MultiPolygon","coordinates":[[[[120.533202,23.713818],[120.533081,23.71393],[120.533102,23.713974],[120.533239,23.713849],[120.533202,23.713818]]]]}},{"type":"Feature","properties":{"n":"西平路","v":"斗六市","w":6.1,"c":1.2,"r":2},"geometry":{"type":"MultiPolygon","coordinates":[[[[120.532982,23.713593],[120.532947,23.713547],[120.532252,23.714046],[120.532274,23.714069],[120.532314,23.714075],[120.532982,23.713593]]]]}},{"type":"Feature","properties":{"n":"西平路","v":"斗六市","w":3,"c":1.8,"r":2},"geometry":{"type":"MultiPolygon","coordinates":[[[[120.532161,23.714158],[120.532172,23.714125],[120.532162,23.714087],[120.531044,23.714888],[120.531093,23.7149],[120.532161,23.714158]]]]}},{"type":"Feature","properties":{"n":"西平路","v":"斗六市","w":3.4,"c":2,"r":2},"geometry":{"type":"MultiPolygon","coordinates":[[[[120.530753,23.715159],[120.531022,23.714959],[120.53098,23.714946],[120.530724,23.715128],[120.530753,23.715159]]]]}},{"type":"Feature","properties":{"n":"西平路","v":"斗六市","w":3.3,"c":2,"r":3},"geometry":{"type":"MultiPolygon","coordinates":[[[[120.530277,23.715513],[120.530687,23.715222],[120.530697,23.715187],[120.530685,23.715164],[120.530231,23.715501],[120.530277,23.715513]]]]}},{"type":"Feature","properties":{"n":"西平路","v":"斗六市","w":3.3,"c":1.9,"r":1},"geometry":{"type":"MultiPolygon","coordinates":[[[[120.529571,23.716024],[120.530166,23.715605],[120.530171,23.715579],[120.530156,23.715557],[120.52958,23.715972],[120.529571,23.716024]]]]}},{"type":"Feature","properties":{"n":"西平路","v":"斗六市","w":3.3,"c":1.9,"r":1},"geometry":{"type":"MultiPolygon","coordinates":[[[[120.529505,23.716089],[120.529522,23.716024],[120.529289,23.716218],[120.529316,23.716249],[120.529505,23.716089]]]]}},{"type":"Feature","properties":{"n":"正義街","v":"斗六市","w":1.5,"c":0.7,"r":2},"geometry":{"type":"MultiPolygon","coordinates":[[[[120.529866,23.714525],[120.529924,23.714539],[120.531532,23.713441],[120.531501,23.71341],[120.529866,23.714525]]]]}},{"type":"Feature","properties":{"n":"正義街","v":"斗六市","w":1.5,"c":0.7,"r":1},"geometry":{"type":"MultiPolygon","coordinates":[[[[120.529701,23.71449],[120.531449,23.71334],[120.531418,23.713298],[120.529641,23.714474],[120.529701,23.71449]]]]}},{"type":"Feature","properties":{"n":"正心二路","v":"斗六市","w":1.3,"c":1.3,"r":0},"geometry":{"type":"MultiPolygon","coordinates":[[[[120.528767,23.714068],[120.528729,23.714091],[120.528743,23.71425],[120.528767,23.714297],[120.528786,23.714305],[120.528767,23.714068]]]]}},{"type":"Feature","properties":{"n":"正心二路","v":"斗六市","w":3.1,"c":1.9,"r":0},"geometry":{"type":"MultiPolygon","coordinates":[[[[120.528761,23.71399],[120.528762,23.713802],[120.52871,23.713839],[120.52871,23.713919],[120.528728,23.713969],[120.528761,23.71399]]]]}},{"type":"Feature","properties":{"n":"正心二路","v":"斗六市","w":1.8,"c":1.8,"r":0},"geometry":{"type":"MultiPolygon","coordinates":[[[[120.528764,23.713793],[120.52877,23.713838],[120.529053,23.713787],[120.529375,23.713712],[120.529475,23.71368],[120.529739,23.713573],[120.529936,23.713461],[120.53014,23.71333],[120.530217,23.713265],[120.530359,23.713161],[120.530455,23.713082],[120.530434,23.713075],[120.530394,23.713082],[120.530138,23.713284],[120.529988,23.713393],[120.529747,23.713528],[120.529597,23.71359],[120.529317,23.713689],[120.528881,23.713779],[120.528764,23.713793]]]]}},{"type":"Feature","properties":{"n":"正心二路","v":"斗六市","w":2.95,"c":2.1,"r":2},"geometry":{"type":"MultiPolygon","coordinates":[[[[120.530496,23.713022],[120.530856,23.712601],[120.530796,23.712597],[120.530744,23.712637],[120.530496,23.712951],[120.530496,23.713022]]]]}},{"type":"Feature","properties":{"n":"正心二路","v":"斗六市","w":3,"c":2.05,"r":2},"geometry":{"type":"MultiPolygon","coordinates":[[[[120.530874,23.71244],[120.530907,23.712502],[120.531157,23.712032],[120.531074,23.712042],[120.530888,23.712385],[120.530874,23.71244]]]]}},{"type":"Feature","properties":{"n":"正心二路","v":"斗六市","w":3,"c":2.05,"r":1},"geometry":{"type":"MultiPolygon","coordinates":[[[[120.531193,23.711952],[120.531446,23.711563],[120.531419,23.711519],[120.531375,23.711538],[120.531181,23.711849],[120.531193,23.711952]]]]}},{"type":"Feature","properties":{"n":"正心二路","v":"斗六市","w":11,"c":6,"r":2},"geometry":{"type":"MultiPolygon","coordinates":[[[[120.53136,23.711377],[120.531214,23.711465],[120.530711,23.712358],[120.530754,23.712375],[120.530813,23.712324],[120.53136,23.711377]]]]}},{"type":"Feature","properties":{"n":"正心二路","v":"斗六市","w":11,"c":6,"r":2},"geometry":{"type":"MultiPolygon","coordinates":[[[[120.530641,23.712487],[120.530455,23.712754],[120.530303,23.712928],[120.530158,23.713059],[120.529918,23.713223],[120.529584,23.7134],[120.52943,23.713458],[120.529197,23.713529],[120.528993,23.713576],[120.528632,23.71363],[120.528636,23.713726],[120.528884,23.713694],[120.529152,23.713649],[120.529389,23.713579],[120.529614,23.713495],[120.529968,23.713297],[120.53018,23.713132],[120.530344,23.712986],[120.530667,23.712607],[120.530657,23.712496],[120.530641,23.712487]]]]}},{"type":"Feature","properties":{"n":"正心二路","v":"斗六市","w":1.3,"c":0.5,"r":0},"geometry":{"type":"MultiPolygon","coordinates":[[[[120.528638,23.713731],[120.528612,23.713731],[120.528642,23.714328],[120.528668,23.714328],[120.528638,23.713731]]]]}},{"type":"Feature","properties":{"n":"正義一街","v":"斗六市","w":1.4,"c":0.7,"r":3},"geometry":{"type":"MultiPolygon","coordinates":[[[[120.529745,23.71463],[120.52973,23.714663],[120.530933,23.714972],[120.530969,23.714947],[120.529745,23.71463]]]]}},{"type":"Feature","properties":{"n":"正義一街","v":"斗六市","w":2.1,"c":0.7,"r":1},"geometry":{"type":"MultiPolygon","coordinates":[[[[120.530639,23.714767],[120.530686,23.714741],[120.529865,23.714529],[120.52986,23.714559],[120.529885,23.71458],[120.530639,23.714767]]]]}},{"type":"Feature","properties":{"n":"正義一街","v":"斗六市","w":1.9,"c":1.9,"r":1},"geometry":{"type":"MultiPolygon","coordinates":[[[[120.529699,23.714489],[120.528787,23.71426],[120.528794,23.714306],[120.529587,23.714504],[120.529658,23.714508],[120.529699,23.714489]]]]}},{"type":"Feature","properties":{"n":"正心一路","v":"斗六市","w":3,"c":2.2,"r":2},"geometry":{"type":"MultiPolygon","coordinates":[[[[120.53145,23.713338],[120.531456,23.713303],[120.531448,23.713273],[120.530861,23.7126],[120.53083,23.71264],[120.53145,23.713338]]]]}},{"type":"Feature","properties":{"n":"正心一路","v":"斗六市","w":1.5,"c":0.7,"r":2},"geometry":{"type":"MultiPolygon","coordinates":[[[[120.531507,23.713409],[120.531892,23.713854],[120.531896,23.713783],[120.531588,23.713427],[120.531507,23.713409]]]]}},{"type":"Feature","properties":{"n":"正心一路","v":"斗六市","w":2.9,"c":2.2,"r":0},"geometry":{"type":"MultiPolygon","coordinates":[[[[120.532159,23.714088],[120.53203,23.713939],[120.531947,23.713925],[120.532113,23.71412],[120.532159,23.714088]]]]}},{"type":"Feature","properties":{"n":"正心一路","v":"斗六市","w":3.1,"c":2.25,"r":2},"geometry":{"type":"MultiPolygon","coordinates":[[[[120.532107,23.713877],[120.53225,23.714044],[120.532296,23.714013],[120.532122,23.713801],[120.532128,23.71386],[120.532107,23.713877]]]]}},{"type":"Feature","properties":{"n":"正心一路","v":"斗六市","w":2.65,"c":1.75,"r":2},"geometry":{"type":"MultiPolygon","coordinates":[[[[120.531986,23.713746],[120.531993,23.713718],[120.532024,23.713712],[120.531259,23.712827],[120.531251,23.712897],[120.531986,23.713746]]]]}},{"type":"Feature","properties":{"n":"正心一路","v":"斗六市","w":2.65,"c":1.75,"r":2},"geometry":{"type":"MultiPolygon","coordinates":[[[[120.530908,23.712499],[120.531133,23.712758],[120.53121,23.712764],[120.530939,23.712444],[120.530908,23.712499]]]]}},{"type":"Feature","properties":{"n":"斗六二路","v":"斗六市","w":1.5,"c":0.7,"r":0},"geometry":{"type":"MultiPolygon","coordinates":[[[[120.530649,23.716264],[120.530661,23.71623],[120.530655,23.71618],[120.53051,23.715853],[120.530463,23.715849],[120.530649,23.716264]]]]}},{"type":"Feature","properties":{"n":"斗六二路","v":"斗六市","w":2.4,"c":0.7,"r":0},"geometry":{"type":"MultiPolygon","coordinates":[[[[120.535123,23.720441],[120.534273,23.720104],[120.533761,23.719888],[120.53189,23.71887],[120.530767,23.716403],[120.530738,23.716372],[120.530705,23.716353],[120.530672,23.716353],[120.531848,23.718919],[120.53374,23.719938],[120.535106,23.72049],[120.535123,23.720441]]]]}},{"type":"Feature","properties":{"n":"斗六二路","v":"斗六市","w":2.4,"c":0.7,"r":0},"geometry":{"type":"MultiPolygon","coordinates":[[[[120.53516,23.72046],[120.535144,23.720509],[120.5377,23.721454],[120.537716,23.721408],[120.53516,23.72046]]]]}},{"type":"Feature","properties":{"n":"斗六二路","v":"斗六市","w":1.4,"c":0.7,"r":1},"geometry":{"type":"MultiPolygon","coordinates":[[[[120.540466,23.722042],[120.539709,23.721917],[120.537763,23.721424],[120.537745,23.721465],[120.539698,23.721965],[120.540438,23.722074],[120.540466,23.722042]]]]}},{"type":"Feature","properties":{"n":"斗六二路","v":"斗六市","w":1.8,"c":1.8,"r":1},"geometry":{"type":"MultiPolygon","coordinates":[[[[120.540537,23.721927],[120.54055,23.72191],[120.540486,23.721906],[120.540165,23.721859],[120.53999,23.721824],[120.539907,23.721803],[120.539897,23.721845],[120.540155,23.721901],[120.540483,23.721942],[120.540537,23.721927]]]]}},{"type":"Feature","properties":{"n":"斗六二路","v":"斗六市","w":1.5,"c":0.7,"r":1},"geometry":{"type":"MultiPolygon","coordinates":[[[[120.539575,23.721767],[120.53959,23.721727],[120.539179,23.721624],[120.539163,23.721666],[120.539575,23.721767]]]]}},{"type":"Feature","properties":{"n":"斗六二路","v":"斗六市","w":1.6,"c":1.6,"r":2},"geometry":{"type":"MultiPolygon","coordinates":[[[[120.538336,23.721408],[120.538342,23.721425],[120.538361,23.721444],[120.539103,23.721653],[120.539116,23.721615],[120.538342,23.721402],[120.538336,23.721408]]]]}},{"type":"Feature","properties":{"n":"斗六二路","v":"斗六市","w":1.5,"c":1.5,"r":2},"geometry":{"type":"MultiPolygon","coordinates":[[[[120.538232,23.721375],[120.538155,23.721362],[120.537817,23.721279],[120.537326,23.721113],[120.536872,23.720928],[120.536892,23.720986],[120.5373,23.721151],[120.537816,23.721329],[120.538142,23.721412],[120.538208,23.721399],[120.538232,23.721375]]]]}},{"type":"Feature","properties":{"n":"斗六二路","v":"斗六市","w":1.6,"c":0.8,"r":2},"geometry":{"type":"MultiPolygon","coordinates":[[[[120.53461,23.72007],[120.534613,23.720109],[120.534652,23.720129],[120.535162,23.720348],[120.536588,23.72087],[120.536628,23.720876],[120.536674,23.720868],[120.535191,23.720318],[120.53461,23.72007]]]]}},{"type":"Feature","properties":{"n":"斗六二路","v":"斗六市","w":1.5,"c":0.7,"r":2},"geometry":{"type":"MultiPolygon","coordinates":[[[[120.532917,23.719297],[120.533812,23.719802],[120.534449,23.720056],[120.534507,23.720051],[120.533841,23.719762],[120.532942,23.719262],[120.532917,23.719297]]]]}},{"type":"Feature","properties":{"n":"斗六二路","v":"斗六市","w":1.5,"c":0.7,"r":1},"geometry":{"type":"MultiPolygon","coordinates":[[[[120.531521,23.717682],[120.531498,23.717738],[120.531963,23.718769],[120.532002,23.718806],[120.532634,23.719149],[120.532659,23.719113],[120.532011,23.718753],[120.531521,23.717682]]]]}},{"type":"Feature","properties":{"n":"斗六二路","v":"斗六市","w":1.5,"c":0.9,"r":2},"geometry":{"type":"MultiPolygon","coordinates":[[[[120.53148,23.717603],[120.531307,23.71717],[120.531284,23.717197],[120.531271,23.717228],[120.531416,23.717568],[120.531439,23.717589],[120.53148,23.717603]]]]}},{"type":"Feature","properties":{"n":"斗六二路","v":"斗六市","w":1.5,"c":0.9,"r":1},"geometry":{"type":"MultiPolygon","coordinates":[[[[120.531283,23.717093],[120.531099,23.71668],[120.53106,23.716718],[120.53106,23.716749],[120.531192,23.717045],[120.53121,23.717076],[120.531256,23.717095],[120.531283,23.717093]]]]}},{"type":"Feature","properties":{"n":"斗六二路","v":"斗六市","w":1.5,"c":0,"r":0},"geometry":{"type":"MultiPolygon","coordinates":[[[[120.531046,23.716585],[120.530881,23.716215],[120.53085,23.716238],[120.530854,23.716259],[120.530852,23.716299],[120.530959,23.716548],[120.53099,23.716583],[120.531019,23.716594],[120.531046,23.716585]]]]}},{"type":"Feature","properties":{"n":"斗六二路","v":"斗六市","w":2.5,"c":1.7,"r":2},"geometry":{"type":"MultiPolygon","coordinates":[[[[120.530611,23.715786],[120.530751,23.716104],[120.530798,23.716133],[120.530648,23.71576],[120.530611,23.715786]]]]}},{"type":"Feature","properties":{"n":"棒球八街","v":"斗六市","w":1.5,"c":0.7,"r":2},"geometry":{"type":"MultiPolygon","coordinates":[[[[120.532133,23.717307],[120.532087,23.717341],[120.532478,23.717802],[120.533277,23.718312],[120.533308,23.718268],[120.532515,23.71775],[120.532133,23.717307]]]]}},{"type":"Feature","properties":{"n":"棒球八街","v":"斗六市","w":1.5,"c":0.8,"r":2},"geometry":{"type":"MultiPolygon","coordinates":[[[[120.533579,23.718435],[120.533549,23.718481],[120.534988,23.719395],[120.535004,23.719368],[120.534994,23.719353],[120.533579,23.718435]]]]}},{"type":"Feature","properties":{"n":"棒球八街","v":"斗六市","w":1.5,"c":0.7,"r":2},"geometry":{"type":"MultiPolygon","coordinates":[[[[120.535074,23.719462],[120.536764,23.720537],[120.53678,23.720516],[120.536755,23.720487],[120.535136,23.719443],[120.535096,23.719448],[120.535074,23.719462]]]]}},{"type":"Feature","properties":{"n":"棒球八街","v":"斗六市","w":1.4,"c":0.4,"r":2},"geometry":{"type":"MultiPolygon","coordinates":[[[[120.53563,23.719599],[120.53563,23.719634],[120.53565,23.719669],[120.536065,23.71995],[120.53675,23.720387],[120.536787,23.720403],[120.536827,23.720413],[120.536835,23.720384],[120.53563,23.719599]]]]}},{"type":"Feature","properties":{"n":"棒球八街","v":"斗六市","w":1.7,"c":1,"r":2},"geometry":{"type":"MultiPolygon","coordinates":[[[[120.534748,23.719084],[120.53546,23.719545],[120.5355,23.719553],[120.535547,23.719543],[120.534781,23.719042],[120.534748,23.719084]]]]}},{"type":"Feature","properties":{"n":"棒球八街","v":"斗六市","w":1.5,"c":1.5,"r":1},"geometry":{"type":"MultiPolygon","coordinates":[[[[120.533437,23.718182],[120.532594,23.717648],[120.532238,23.717219],[120.532238,23.7172],[120.53234,23.717129],[120.532328,23.71711],[120.532213,23.717183],[120.532201,23.717228],[120.532558,23.717677],[120.532604,23.717711],[120.53336,23.718197],[120.533393,23.718205],[120.533437,23.718182]]]]}},{"type":"Feature","properties":{"n":"斗六六路","v":"斗六市","w":1.45,"c":0.7,"r":1},"geometry":{"type":"MultiPolygon","coordinates":[[[[120.532129,23.714677],[120.532093,23.714707],[120.532379,23.71562],[120.532408,23.715578],[120.532129,23.714677]]]]}},{"type":"Feature","properties":{"n":"斗六六路","v":"斗六市","w":1.45,"c":0.75,"r":1},"geometry":{"type":"MultiPolygon","coordinates":[[[[120.532415,23.715732],[120.532409,23.715735],[120.532557,23.716168],[120.532578,23.716113],[120.532455,23.715742],[120.532434,23.71573],[120.532415,23.715732]]]]}},{"type":"Feature","properties":{"n":"斗六六路","v":"斗六市","w":1.45,"c":0.75,"r":2},"geometry":{"type":"MultiPolygon","coordinates":[[[[120.532742,23.716697],[120.532765,23.716647],[120.532752,23.716584],[120.532664,23.716305],[120.532621,23.716259],[120.532564,23.716255],[120.532624,23.716316],[120.532742,23.716697]]]]}},{"type":"Feature","properties":{"n":"斗六六路","v":"斗六市","w":1.3,"c":0.7,"r":2},"geometry":{"type":"MultiPolygon","coordinates":[[[[120.532785,23.716772],[120.533881,23.717496],[120.53391,23.717458],[120.532866,23.716779],[120.532833,23.716773],[120.532785,23.716772]]]]}},{"type":"Feature","properties":{"n":"斗六六路","v":"斗六市","w":2.5,"c":2.5,"r":2},"geometry":{"type":"MultiPolygon","coordinates":[[[[120.534092,23.717658],[120.534446,23.717931],[120.53514,23.718346],[120.535145,23.718307],[120.535122,23.718279],[120.53449,23.717895],[120.53415,23.71766],[120.534092,23.717658]]]]}},{"type":"Feature","properties":{"n":"斗六六路","v":"斗六市","w":2.3,"c":1.8,"r":2},"geometry":{"type":"MultiPolygon","coordinates":[[[[120.535232,23.718384],[120.536029,23.718907],[120.536021,23.718861],[120.535294,23.718387],[120.535257,23.718373],[120.535232,23.718384]]]]}},{"type":"Feature","properties":{"n":"斗六六路","v":"斗六市","w":2.4,"c":2.4,"r":2},"geometry":{"type":"MultiPolygon","coordinates":[[[[120.536108,23.718965],[120.537183,23.719652],[120.537173,23.719609],[120.53651,23.719169],[120.536158,23.718948],[120.536123,23.718948],[120.536108,23.718965]]]]}},{"type":"Feature","properties":{"n":"斗六六路","v":"斗六市","w":1.4,"c":1.4,"r":2},"geometry":{"type":"MultiPolygon","coordinates":[[[[120.538509,23.72043],[120.538493,23.720382],[120.537466,23.719731],[120.537442,23.719773],[120.538509,23.72043]]]]}},{"type":"Feature","properties":{"n":"斗六六路","v":"斗六市","w":1.5,"c":0.8,"r":1},"geometry":{"type":"MultiPolygon","coordinates":[[[[120.538655,23.720503],[120.538642,23.720555],[120.538888,23.720686],[120.539729,23.721237],[120.539744,23.721195],[120.538913,23.720644],[120.538655,23.720503]]]]}},{"type":"Feature","properties":{"n":"斗六六路","v":"斗六市","w":1.5,"c":0.7,"r":1},"geometry":{"type":"MultiPolygon","coordinates":[[[[120.538677,23.720365],[120.538683,23.720398],[120.5387,23.720421],[120.539783,23.721117],[120.539814,23.721079],[120.538677,23.720365]]]]}},{"type":"Feature","properties":{"n":"斗六六路","v":"斗六市","w":1.5,"c":0.8,"r":2},"geometry":{"type":"MultiPolygon","coordinates":[[[[120.537499,23.719634],[120.538029,23.719984],[120.538528,23.720303],[120.538559,23.720305],[120.53859,23.720298],[120.537526,23.719601],[120.537499,23.719634]]]]}},{"type":"Feature","properties":{"n":"斗六六路","v":"斗六市","w":3.6,"c":1.6,"r":2},"geometry":{"type":"MultiPolygon","coordinates":[[[[120.537346,23.719381],[120.534356,23.717453],[120.534322,23.717497],[120.537276,23.719405],[120.53733,23.719402],[120.537346,23.719381]]]]}},{"type":"Feature","properties":{"n":"斗六六路","v":"斗六市","w":1.7,"c":1.7,"r":0},"geometry":{"type":"MultiPolygon","coordinates":[[[[120.532981,23.716651],[120.532979,23.716707],[120.533981,23.717364],[120.534006,23.71733],[120.532981,23.716651]]]]}},{"type":"Feature","properties":{"n":"長沙街","v":"斗六市","w":1.5,"c":0.7,"r":2},"geometry":{"type":"MultiPolygon","coordinates":[[[[120.534613,23.716563],[120.534638,23.716529],[120.533863,23.716024],[120.533834,23.716058],[120.534613,23.716563]]]]}},{"type":"Feature","properties":{"n":"長沙街","v":"斗六市","w":1.4,"c":0.7,"r":0},"geometry":{"type":"MultiPolygon","coordinates":[[[[120.533793,23.715849],[120.53357,23.715199],[120.533529,23.715208],[120.533736,23.715832],[120.533764,23.715849],[120.533793,23.715849]]]]}},{"type":"Feature","properties":{"n":"長沙街","v":"斗六市","w":1.6,"c":0.8,"r":1},"geometry":{"type":"MultiPolygon","coordinates":[[[[120.533099,23.713973],[120.533134,23.714044],[120.533389,23.714796],[120.533424,23.71481],[120.533445,23.714812],[120.53318,23.714026],[120.533139,23.713943],[120.533099,23.713973]]]]}},{"type":"Feature","properties":{"n":"斗六一路","v":"斗六市","w":1.5,"c":0.8,"r":2},"geometry":{"type":"MultiPolygon","coordinates":[[[[120.539101,23.71961],[120.539083,23.719559],[120.538053,23.718896],[120.538027,23.71894],[120.539098,23.719616],[120.539101,23.71961]]]]}},{"type":"Feature","properties":{"n":"斗六一路","v":"斗六市","w":1.2,"c":1.2,"r":2},"geometry":{"type":"MultiPolygon","coordinates":[[[[120.539216,23.719669],[120.53921,23.719677],[120.540301,23.720406],[120.540329,23.720372],[120.539272,23.719675],[120.539216,23.719669]]]]}},{"type":"Feature","properties":{"n":"斗六一路","v":"斗六市","w":1.4,"c":1.4,"r":2},"geometry":{"type":"MultiPolygon","coordinates":[[[[120.539312,23.719507],[120.539312,23.719565],[120.54043,23.72029],[120.540507,23.720283],[120.539312,23.719507]]]]}},{"type":"Feature","properties":{"n":"斗六一路","v":"斗六市","w":1.5,"c":0.9,"r":2},"geometry":{"type":"MultiPolygon","coordinates":[[[[120.538102,23.718794],[120.539148,23.719478],[120.53921,23.719482],[120.539225,23.719474],[120.538133,23.718756],[120.538102,23.718794]]]]}},{"type":"Feature","properties":{"n":"棒球五街","v":"斗六市","w":1.4,"c":1.4,"r":2},"geometry":{"type":"MultiPolygon","coordinates":[[[[120.538571,23.718207],[120.538546,23.718239],[120.539625,23.718933],[120.539617,23.718894],[120.539601,23.718873],[120.538571,23.718207]]]]}},{"type":"Feature","properties":{"n":"棒球五街","v":"斗六市","w":1.5,"c":0.8,"r":2},"geometry":{"type":"MultiPolygon","coordinates":[[[[120.539739,23.718992],[120.539719,23.718996],[120.540883,23.719745],[120.540866,23.719695],[120.53977,23.718989],[120.539739,23.718992]]]]}},{"type":"Feature","properties":{"n":"棒球五街","v":"斗六市","w":1.4,"c":0.7,"r":1},"geometry":{"type":"MultiPolygon","coordinates":[[[[120.539817,23.718855],[120.539813,23.718899],[120.539855,23.718939],[120.540903,23.719619],[120.540932,23.719625],[120.540965,23.719614],[120.539817,23.718855]]]]}},{"type":"Feature","properties":{"n":"棒球五街","v":"斗六市","w":1.4,"c":0.8,"r":2},"geometry":{"type":"MultiPolygon","coordinates":[[[[120.538609,23.71814],[120.539655,23.718813],[120.539694,23.718823],[120.539736,23.71881],[120.538636,23.718105],[120.538609,23.71814]]]]}},{"type":"Feature","properties":{"n":"棒球一街","v":"斗六市","w":1.6,"c":1.6,"r":1},"geometry":{"type":"MultiPolygon","coordinates":[[[[120.541361,23.719009],[120.540349,23.718236],[120.540321,23.718276],[120.54133,23.719046],[120.541361,23.719009]]]]}},{"type":"Feature","properties":{"n":"棒球一街","v":"斗六市","w":1.5,"c":0.8,"r":0},"geometry":{"type":"MultiPolygon","coordinates":[[[[120.540565,23.718294],[120.541416,23.718948],[120.541439,23.718981],[120.541479,23.718958],[120.541456,23.71892],[120.540609,23.718281],[120.540565,23.718294]]]]}},{"type":"Feature","properties":{"n":"斗六一路","v":"斗六市","w":1.6,"c":0.6,"r":2},"geometry":{"type":"MultiPolygon","coordinates":[[[[120.540593,23.720529],[120.540557,23.720583],[120.541191,23.720969],[120.541204,23.72095],[120.541171,23.720896],[120.540593,23.720529]]]]}},{"type":"Feature","properties":{"n":"斗六一路","v":"斗六市","w":1.6,"c":0.7,"r":2},"geometry":{"type":"MultiPolygon","coordinates":[[[[120.540586,23.720337],[120.540579,23.720359],[120.540606,23.720409],[120.541252,23.720814],[120.541335,23.720806],[120.540586,23.720337]]]]}},{"type":"Feature","properties":{"n":"中山路","v":"斗六市","w":4.9,"c":4.3,"r":2},"geometry":{"type":"MultiPolygon","coordinates":[[[[120.537889,23.696582],[120.538077,23.694199],[120.538034,23.694184],[120.537835,23.696601],[120.537889,23.696582]]]]}},{"type":"Feature","properties":{"n":"龍潭路","v":"斗六市","w":2.2,"c":2.2,"r":0},"geometry":{"type":"MultiPolygon","coordinates":[[[[120.535848,23.69381],[120.535838,23.693859],[120.537408,23.694212],[120.537414,23.694174],[120.535848,23.69381]]]]}},{"type":"Feature","properties":{"n":"龍潭路","v":"斗六市","w":1.8,"c":1.8,"r":0},"geometry":{"type":"MultiPolygon","coordinates":[[[[120.53548,23.693723],[120.533674,23.69329],[120.533671,23.693326],[120.535475,23.693754],[120.535479,23.693733],[120.53548,23.693723]]]]}},{"type":"Feature","properties":{"n":"龍潭路","v":"斗六市","w":4.5,"c":2.3,"r":1},"geometry":{"type":"MultiPolygon","coordinates":[[[[120.529826,23.692204],[120.53022,23.692375],[120.531216,23.692598],[120.532092,23.692833],[120.533479,23.693084],[120.533479,23.69305],[120.532841,23.692934],[120.532099,23.692786],[120.53122,23.692554],[120.530235,23.692335],[120.529866,23.692191],[120.529826,23.692204]]]]}},{"type":"Feature","properties":{"n":"四維路","v":"斗六市","w":2.3,"c":2.3,"r":1},"geometry":{"type":"MultiPolygon","coordinates":[[[[120.529904,23.695279],[120.52995,23.695288],[120.529808,23.692417],[120.529815,23.69227],[120.529855,23.692221],[120.52983,23.692205],[120.529782,23.692259],[120.529777,23.692419],[120.529904,23.695279]]]]}},{"type":"Feature","properties":{"n":"四維路","v":"斗六市","w":3.9,"c":2.7,"r":2},"geometry":{"type":"MultiPolygon","coordinates":[[[[120.52963,23.692848],[120.529659,23.692848],[120.529688,23.692815],[120.529683,23.692471],[120.529669,23.69245],[120.529623,23.69245],[120.52963,23.692848]]]]}},{"type":"Feature","properties":{"n":"和平路","v":"斗六市","w":3.5,"c":3.5,"r":2},"geometry":{"type":"MultiPolygon","coordinates":[[[[120.529619,23.692453],[120.528748,23.692499],[120.528748,23.692532],[120.52962,23.692481],[120.529619,23.692453]]]]}},{"type":"Feature","properties":{"n":"八德路","v":"斗六市","w":3.4,"c":3.4,"r":2},"geometry":{"type":"MultiPolygon","coordinates":[[[[120.528747,23.692501],[120.528726,23.692509],[120.528714,23.692528],[120.528742,23.692866],[120.528752,23.692887],[120.528781,23.692895],[120.528747,23.692501]]]]}},{"type":"Feature","properties":{"n":"信義路","v":"斗六市","w":3,"c":2,"r":2},"geometry":{"type":"MultiPolygon","coordinates":[[[[120.528781,23.692901],[120.529632,23.69285],[120.52963,23.692813],[120.528779,23.692868],[120.528781,23.692901]]]]}},{"type":"Feature","properties":{"n":"嘉新路","v":"斗六市","w":2.2,"c":2.2,"r":1},"geometry":{"type":"MultiPolygon","coordinates":[[[[120.55353,23.680931],[120.554789,23.681268],[120.554779,23.681239],[120.554748,23.681212],[120.553582,23.680906],[120.55353,23.680931]]]]}},{"type":"Feature","properties":{"n":"嘉新路","v":"斗六市","w":4.4,"c":4.4,"r":2},"geometry":{"type":"MultiPolygon","coordinates":[[[[120.552248,23.680702],[120.552277,23.680713],[120.552315,23.680661],[120.552421,23.680625],[120.553381,23.680893],[120.55336,23.680857],[120.552415,23.680591],[120.5523,23.680629],[120.552248,23.680702]]]]}},{"type":"Feature","properties":{"n":"延平路二段","v":"斗南鎮","w":2.4,"c":1.2,"r":0},"geometry":{"type":"MultiPolygon","coordinates":[[[[120.481538,23.683098],[120.481511,23.683093],[120.48153,23.683375],[120.481492,23.683596],[120.481522,23.683596],[120.481551,23.683385],[120.481538,23.683098]]]]}},{"type":"Feature","properties":{"n":"延平路二段","v":"斗南鎮","w":2.3,"c":1.2,"r":0},"geometry":{"type":"MultiPolygon","coordinates":[[[[120.481413,23.683084],[120.481457,23.683082],[120.481476,23.682939],[120.481214,23.681533],[120.481165,23.681528],[120.481424,23.682944],[120.481413,23.683084]]]]}},{"type":"Feature","properties":{"n":"延平路二段","v":"斗南鎮","w":2,"c":2,"r":0},"geometry":{"type":"MultiPolygon","coordinates":[[[[120.480991,23.680606],[120.481164,23.681509],[120.48121,23.681512],[120.481037,23.680606],[120.480991,23.680606]]]]}},{"type":"Feature","properties":{"n":"延平路二段","v":"斗南鎮","w":2,"c":2,"r":0},"geometry":{"type":"MultiPolygon","coordinates":[[[[120.481077,23.680534],[120.481101,23.68053],[120.481007,23.679965],[120.481031,23.67981],[120.481061,23.679771],[120.481047,23.679761],[120.48102,23.679802],[120.480988,23.679965],[120.481077,23.680534]]]]}},{"type":"Feature","properties":{"n":"延平路二段","v":"斗南鎮","w":2.4,"c":1,"r":2},"geometry":{"type":"MultiPolygon","coordinates":[[[[120.480759,23.678984],[120.480727,23.678999],[120.48084,23.679264],[120.480877,23.679249],[120.480759,23.678984]]]]}},{"type":"Feature","properties":{"n":"延平路二段","v":"斗南鎮","w":2.4,"c":1,"r":0},"geometry":{"type":"MultiPolygon","coordinates":[[[[120.47924,23.678361],[120.479974,23.678497],[120.48045,23.678738],[120.480571,23.678963],[120.480571,23.678898],[120.480481,23.678704],[120.47999,23.678457],[120.479253,23.67832],[120.47924,23.678361]]]]}},{"type":"Feature","properties":{"n":"延平路二段","v":"斗南鎮","w":3.2,"c":2.6,"r":0},"geometry":{"type":"MultiPolygon","coordinates":[[[[120.47788,23.678069],[120.479215,23.67835],[120.479223,23.678307],[120.477896,23.678028],[120.47788,23.678069]]]]}},{"type":"Feature","properties":{"n":"延平路二段","v":"斗南鎮","w":2.2,"c":1,"r":1},"geometry":{"type":"MultiPolygon","coordinates":[[[[120.47688,23.677885],[120.477857,23.678058],[120.47787,23.67802],[120.476901,23.677852],[120.47688,23.677885]]]]}},{"type":"Feature","properties":{"n":"延平路二段","v":"斗南鎮","w":4.1,"c":1.6,"r":4},"geometry":{"type":"MultiPolygon","coordinates":[[[[120.476264,23.67678],[120.476268,23.677041],[120.476352,23.677428],[120.476499,23.677631],[120.476861,23.677869],[120.476877,23.677836],[120.476528,23.677603],[120.476389,23.677407],[120.476317,23.677036],[120.476316,23.676778],[120.476264,23.67678]]]]}},{"type":"Feature","properties":{"n":"延平路二段","v":"斗南鎮","w":2.2,"c":1,"r":3},"geometry":{"type":"MultiPolygon","coordinates":[[[[120.476323,23.676149],[120.47627,23.676744],[120.476318,23.676753],[120.476375,23.676142],[120.476323,23.676149]]]]}},{"type":"Feature","properties":{"n":"延平路二段","v":"斗南鎮","w":2.8,"c":1.2,"r":3},"geometry":{"type":"MultiPolygon","coordinates":[[[[120.47637,23.675057],[120.476328,23.676127],[120.476378,23.676118],[120.476421,23.675066],[120.47637,23.675057]]]]}},{"type":"Feature","properties":{"n":"延平路二段","v":"斗南鎮","w":2.2,"c":1.3,"r":1},"geometry":{"type":"MultiPolygon","coordinates":[[[[120.476366,23.674603],[120.47637,23.675033],[120.476424,23.675045],[120.476426,23.674605],[120.476366,23.674603]]]]}},{"type":"Feature","properties":{"n":"延平路二段","v":"斗南鎮","w":2.4,"c":1.3,"r":0},"geometry":{"type":"MultiPolygon","coordinates":[[[[120.476469,23.674052],[120.476442,23.674047],[120.476437,23.674514],[120.476461,23.674514],[120.476469,23.674052]]]]}},{"type":"Feature","properties":{"n":"延平路二段","v":"斗南鎮","w":2.4,"c":2.4,"r":2},"geometry":{"type":"MultiPolygon","coordinates":[[[[120.476391,23.673478],[120.476412,23.673478],[120.47638,23.673112],[120.476353,23.673115],[120.476391,23.673478]]]]}},{"type":"Feature","properties":{"n":"延平路二段","v":"斗南鎮","w":2.4,"c":1,"r":0},"geometry":{"type":"MultiPolygon","coordinates":[[[[120.476146,23.67241],[120.476269,23.673064],[120.476321,23.673063],[120.476199,23.672415],[120.476146,23.67241]]]]}},{"type":"Feature","properties":{"n":"延平路二段","v":"斗南鎮","w":2.3,"c":1.4,"r":0},"geometry":{"type":"MultiPolygon","coordinates":[[[[120.476169,23.671404],[120.476126,23.671407],[120.476177,23.671807],[120.476201,23.671805],[120.476169,23.671404]]]]}},{"type":"Feature","properties":{"n":"延平路二段","v":"斗南鎮","w":2,"c":2,"r":2},"geometry":{"type":"MultiPolygon","coordinates":[[[[120.47582,23.670112],[120.475928,23.671006],[120.475977,23.670996],[120.475877,23.670112],[120.47582,23.670112]]]]}},{"type":"Feature","properties":{"n":"延平路二段","v":"斗南鎮","w":2.4,"c":1.5,"r":0},"geometry":{"type":"MultiPolygon","coordinates":[[[[120.47571,23.669391],[120.475821,23.670087],[120.475878,23.670087],[120.475772,23.669384],[120.47571,23.669391]]]]}},{"type":"Feature","properties":{"n":"延平路二段","v":"斗南鎮","w":2.4,"c":2.4,"r":0},"geometry":{"type":"MultiPolygon","coordinates":[[[[120.47563,23.668858],[120.475705,23.669366],[120.475765,23.669357],[120.475689,23.668858],[120.47563,23.668858]]]]}},{"type":"Feature","properties":{"n":"延平路二段","v":"斗南鎮","w":3,"c":1.4,"r":1},"geometry":{"type":"MultiPolygon","coordinates":[[[[120.475402,23.667383],[120.475633,23.668837],[120.47569,23.668836],[120.475463,23.66739],[120.475402,23.667383]]]]}},{"type":"Feature","properties":{"n":"延平路二段","v":"斗南鎮","w":2.5,"c":1.1,"r":0},"geometry":{"type":"MultiPolygon","coordinates":[[[[120.474382,23.662717],[120.475128,23.666274],[120.475401,23.667362],[120.475458,23.667367],[120.475178,23.666266],[120.474432,23.662708],[120.474382,23.662717]]]]}},{"type":"Feature","properties":{"n":"延平路二段","v":"斗南鎮","w":2.5,"c":1.2,"r":0},"geometry":{"type":"MultiPolygon","coordinates":[[[[120.474467,23.663621],[120.474599,23.664323],[120.474623,23.664316],[120.474497,23.663613],[120.474467,23.663621]]]]}},{"type":"Feature","properties":{"n":"延平路二段","v":"斗南鎮","w":2.5,"c":1.2,"r":1},"geometry":{"type":"MultiPolygon","coordinates":[[[[120.474963,23.666025],[120.475,23.66602],[120.474772,23.664991],[120.474743,23.664993],[120.474963,23.666025]]]]}},{"type":"Feature","properties":{"n":"延平路二段","v":"斗南鎮","w":2.4,"c":1.1,"r":1},"geometry":{"type":"MultiPolygon","coordinates":[[[[120.475499,23.668231],[120.475378,23.667384],[120.475107,23.666292],[120.475037,23.666306],[120.475313,23.66741],[120.475426,23.668237],[120.475499,23.668231]]]]}},{"type":"Feature","properties":{"n":"延平路二段","v":"斗南鎮","w":2.4,"c":1.5,"r":0},"geometry":{"type":"MultiPolygon","coordinates":[[[[120.475619,23.66896],[120.475503,23.668254],[120.47543,23.668257],[120.475547,23.668971],[120.475619,23.66896]]]]}},{"type":"Feature","properties":{"n":"延平路二段","v":"斗南鎮","w":2.4,"c":1.4,"r":1},"geometry":{"type":"MultiPolygon","coordinates":[[[[120.475777,23.670008],[120.475621,23.668975],[120.475553,23.668994],[120.47571,23.670024],[120.475777,23.670008]]]]}},{"type":"Feature","properties":{"n":"延平路二段","v":"斗南鎮","w":2.4,"c":0.8,"r":1},"geometry":{"type":"MultiPolygon","coordinates":[[[[120.47572,23.670236],[120.475806,23.670894],[120.475836,23.670877],[120.475747,23.670236],[120.47572,23.670236]]]]}},{"type":"Feature","properties":{"n":"延平路二段","v":"斗南鎮","w":2.4,"c":1.4,"r":1},"geometry":{"type":"MultiPolygon","coordinates":[[[[120.476117,23.672381],[120.475902,23.671037],[120.475843,23.671049],[120.476051,23.672376],[120.476079,23.672378],[120.476117,23.672381]]]]}},{"type":"Feature","properties":{"n":"延平路二段","v":"斗南鎮","w":2.6,"c":1.3,"r":3},"geometry":{"type":"MultiPolygon","coordinates":[[[[120.476241,23.673079],[120.476187,23.673081],[120.476281,23.67348],[120.476293,23.673839],[120.476355,23.673848],[120.476335,23.673488],[120.476241,23.673079]]]]}},{"type":"Feature","properties":{"n":"延平路二段","v":"斗南鎮","w":1.4,"c":0.8,"r":0},"geometry":{"type":"MultiPolygon","coordinates":[[[[120.47634,23.674659],[120.476353,23.673882],[120.476288,23.673863],[120.476274,23.674644],[120.47634,23.674659]]]]}},{"type":"Feature","properties":{"n":"延平路二段","v":"斗南鎮","w":1.4,"c":0.8,"r":2},"geometry":{"type":"MultiPolygon","coordinates":[[[[120.476167,23.674687],[120.476154,23.675083],[120.476183,23.67508],[120.476199,23.674687],[120.476167,23.674687]]]]}},{"type":"Feature","properties":{"n":"延平路二段","v":"斗南鎮","w":2.7,"c":1.4,"r":0},"geometry":{"type":"MultiPolygon","coordinates":[[[[120.476294,23.676138],[120.476329,23.675216],[120.476253,23.675218],[120.476219,23.676145],[120.476294,23.676138]]]]}},{"type":"Feature","properties":{"n":"延平路二段","v":"斗南鎮","w":2.4,"c":1,"r":3},"geometry":{"type":"MultiPolygon","coordinates":[[[[120.476085,23.676258],[120.476072,23.676656],[120.476101,23.676658],[120.476115,23.676258],[120.476085,23.676258]]]]}},{"type":"Feature","properties":{"n":"延平路二段","v":"斗南鎮","w":2.4,"c":1.4,"r":3},"geometry":{"type":"MultiPolygon","coordinates":[[[[120.476846,23.677899],[120.476481,23.677649],[120.476331,23.677443],[120.476247,23.677049],[120.476248,23.676774],[120.476183,23.676803],[120.476188,23.677077],[120.476279,23.677486],[120.476432,23.677683],[120.476809,23.677944],[120.476846,23.677899]]]]}},{"type":"Feature","properties":{"n":"延平路二段","v":"斗南鎮","w":2.6,"c":1.3,"r":2},"geometry":{"type":"MultiPolygon","coordinates":[[[[120.477848,23.678091],[120.476876,23.677904],[120.476836,23.677952],[120.477829,23.678148],[120.477848,23.678091]]]]}},{"type":"Feature","properties":{"n":"延平路二段","v":"斗南鎮","w":2.5,"c":2.5,"r":2},"geometry":{"type":"MultiPolygon","coordinates":[[[[120.479212,23.67838],[120.477877,23.678094],[120.477856,23.67816],[120.479196,23.678435],[120.479212,23.67838]]]]}},{"type":"Feature","properties":{"n":"延平路二段","v":"斗南鎮","w":2.4,"c":2.4,"r":2},"geometry":{"type":"MultiPolygon","coordinates":[[[[120.480704,23.679991],[120.480677,23.679751],[120.480538,23.679144],[120.480444,23.678945],[120.480363,23.678849],[120.480074,23.678662],[120.479867,23.678603],[120.479604,23.678557],[120.479234,23.678473],[120.479224,23.678517],[120.479376,23.678544],[120.480023,23.678682],[120.480304,23.678866],[120.480388,23.67895],[120.480463,23.679092],[120.480519,23.679291],[120.480559,23.679473],[120.480624,23.679726],[120.480653,23.679989],[120.480699,23.679994],[120.480704,23.679991]]]]}},{"type":"Feature","properties":{"n":"延平路二段","v":"斗南鎮","w":1.2,"c":1.2,"r":0},"geometry":{"type":"MultiPolygon","coordinates":[[[[120.481158,23.682419],[120.481206,23.682429],[120.480817,23.680161],[120.480772,23.680159],[120.481158,23.682419]]]]}},{"type":"Feature","properties":{"n":"延平路二段","v":"斗南鎮","w":2.5,"c":1.5,"r":0},"geometry":{"type":"MultiPolygon","coordinates":[[[[120.481281,23.683859],[120.481407,23.68347],[120.481391,23.682945],[120.481308,23.682459],[120.48124,23.682454],[120.481321,23.68294],[120.481345,23.683475],[120.481224,23.683852],[120.481281,23.683859]]]]}},{"type":"Feature","properties":{"n":"長榮路","v":"斗南鎮","w":4.5,"c":2.3,"r":2},"geometry":{"type":"MultiPolygon","coordinates":[[[[120.479923,23.669407],[120.479923,23.669467],[120.480593,23.669452],[120.480562,23.6694],[120.479923,23.669407]]]]}},{"type":"Feature","properties":{"n":"長榮路","v":"斗南鎮","w":4.5,"c":2.3,"r":2},"geometry":{"type":"MultiPolygon","coordinates":[[[[120.47993,23.669387],[120.480231,23.669382],[120.480229,23.669318],[120.479933,23.669331],[120.47993,23.669387]]]]}},{"type":"Feature","properties":{"n":"建國一路","v":"斗南鎮","w":2,"c":0.62,"r":0},"geometry":{"type":"MultiPolygon","coordinates":[[[[120.478382,23.683608],[120.478699,23.683636],[120.478701,23.683585],[120.478385,23.683556],[120.478382,23.683608]]]]}},{"type":"Feature","properties":{"n":"建國一路","v":"斗南鎮","w":5.6,"c":4.6,"r":0},"geometry":{"type":"MultiPolygon","coordinates":[[[[120.475615,23.683378],[120.478359,23.683605],[120.478364,23.683552],[120.475621,23.683333],[120.475615,23.683378]]]]}},{"type":"Feature","properties":{"n":"建國一路","v":"斗南鎮","w":3,"c":2.1,"r":2},"geometry":{"type":"MultiPolygon","coordinates":[[[[120.473302,23.682584],[120.474858,23.683208],[120.475597,23.683366],[120.475605,23.683325],[120.474879,23.683168],[120.473323,23.682543],[120.473302,23.682584]]]]}},{"type":"Feature","properties":{"n":"建國一路","v":"斗南鎮","w":3.2,"c":1.8,"r":1},"geometry":{"type":"MultiPolygon","coordinates":[[[[120.481025,23.683982],[120.481004,23.683955],[120.481069,23.683936],[120.477058,23.683567],[120.475384,23.68343],[120.474949,23.683317],[120.473394,23.682693],[120.473329,23.682781],[120.474831,23.683371],[120.475368,23.683503],[120.477468,23.683673],[120.481025,23.683982]]]]}},{"type":"Feature","properties":{"n":"順安街","v":"斗南鎮","w":1.2,"c":1.2,"r":1},"geometry":{"type":"MultiPolygon","coordinates":[[[[120.475803,23.681392],[120.475751,23.681389],[120.475667,23.682299],[120.475551,23.683312],[120.475606,23.683324],[120.475691,23.682531],[120.475803,23.681392]]]]}},{"type":"Feature","properties":{"n":"大同路","v":"斗南鎮","w":6.5,"c":3.3,"r":2},"geometry":{"type":"MultiPolygon","coordinates":[[[[120.473992,23.681119],[120.473322,23.682544],[120.473383,23.682568],[120.474061,23.681136],[120.473992,23.681119]]]]}},{"type":"Feature","properties":{"n":"文昌路","v":"斗南鎮","w":4.3,"c":2.7,"r":0},"geometry":{"type":"MultiPolygon","coordinates":[[[[120.47858,23.679903],[120.478578,23.679961],[120.480815,23.680152],[120.4808,23.680092],[120.47858,23.679903]]]]}},{"type":"Feature","properties":{"n":"文化街","v":"斗南鎮","w":1.5,"c":1.5,"r":2},"geometry":{"type":"MultiPolygon","coordinates":[[[[120.47858,23.679961],[120.478479,23.681821],[120.478544,23.681824],[120.478647,23.679964],[120.47858,23.679961]]]]}},{"type":"Feature","properties":{"n":"長安路二段","v":"斗南鎮","w":2.5,"c":2.5,"r":2},"geometry":{"type":"MultiPolygon","coordinates":[[[[120.473657,23.673845],[120.473703,23.673836],[120.473645,23.673401],[120.473599,23.673408],[120.473657,23.673845]]]]}},{"type":"Feature","properties":{"n":"長安路二段","v":"斗南鎮","w":2.5,"c":0.9,"r":2},"geometry":{"type":"MultiPolygon","coordinates":[[[[120.473591,23.673384],[120.473636,23.673377],[120.473608,23.673179],[120.473591,23.672885],[120.473542,23.672884],[120.473556,23.673176],[120.473591,23.673384]]]]}},{"type":"Feature","properties":{"n":"長安路二段","v":"斗南鎮","w":2.6,"c":1.5,"r":2},"geometry":{"type":"MultiPolygon","coordinates":[[[[120.473619,23.672252],[120.473524,23.672661],[120.473539,23.672862],[120.473586,23.672863],[120.473581,23.672658],[120.473674,23.67228],[120.473619,23.672252]]]]}},{"type":"Feature","properties":{"n":"長安路二段","v":"斗南鎮","w":2.5,"c":1.5,"r":2},"geometry":{"type":"MultiPolygon","coordinates":[[[[120.47432,23.671485],[120.47396,23.671728],[120.473657,23.672124],[120.47363,23.672226],[120.473679,23.672253],[120.473711,23.672141],[120.474005,23.671755],[120.474364,23.671522],[120.47432,23.671485]]]]}},{"type":"Feature","properties":{"n":"長安路二段","v":"斗南鎮","w":2.6,"c":2.6,"r":1},"geometry":{"type":"MultiPolygon","coordinates":[[[[120.474351,23.671553],[120.474362,23.671577],[120.474537,23.671491],[120.474588,23.671491],[120.474655,23.671528],[120.474684,23.671508],[120.474614,23.671462],[120.474531,23.671459],[120.474351,23.671553]]]]}},{"type":"Feature","properties":{"n":"長安路二段","v":"斗南鎮","w":2,"c":2,"r":1},"geometry":{"type":"MultiPolygon","coordinates":[[[[120.475371,23.671139],[120.474894,23.67123],[120.474585,23.671366],[120.474621,23.671404],[120.474912,23.671276],[120.475405,23.671184],[120.475371,23.671139]]]]}},{"type":"Feature","properties":{"n":"長安路二段","v":"斗南鎮","w":1.3,"c":1.3,"r":1},"geometry":{"type":"MultiPolygon","coordinates":[[[[120.475423,23.671189],[120.475855,23.671132],[120.475844,23.671086],[120.47542,23.671157],[120.475423,23.671189]]]]}},{"type":"Feature","properties":{"n":"長安路二段","v":"斗南鎮","w":2.4,"c":1.4,"r":2},"geometry":{"type":"MultiPolygon","coordinates":[[[[120.475841,23.671025],[120.475831,23.67098],[120.474865,23.671165],[120.474527,23.67131],[120.474568,23.671348],[120.47488,23.671208],[120.475841,23.671025]]]]}},{"type":"Feature","properties":{"n":"長安路二段","v":"斗南鎮","w":2.9,"c":0.9,"r":2},"geometry":{"type":"MultiPolygon","coordinates":[[[[120.474177,23.671552],[120.47432,23.671449],[120.474539,23.671362],[120.474497,23.671321],[120.474276,23.671421],[120.474139,23.671511],[120.474177,23.671552]]]]}},{"type":"Feature","properties":{"n":"長安路二段","v":"斗南鎮","w":1.5,"c":0.9,"r":2},"geometry":{"type":"MultiPolygon","coordinates":[[[[120.473528,23.673148],[120.473498,23.672653],[120.473635,23.672116],[120.473941,23.671713],[120.474143,23.671578],[120.474107,23.67153],[120.473891,23.671668],[120.473573,23.672104],[120.473428,23.672655],[120.473463,23.673158],[120.473528,23.673148]]]]}},{"type":"Feature","properties":{"n":"長安路二段","v":"斗南鎮","w":2.5,"c":1.4,"r":2},"geometry":{"type":"MultiPolygon","coordinates":[[[[120.473636,23.673853],[120.473533,23.673181],[120.473465,23.6732],[120.473571,23.673867],[120.473636,23.673853]]]]}},{"type":"Feature","properties":{"n":"長安路一段","v":"斗南鎮","w":10,"c":3.5,"r":1},"geometry":{"type":"MultiPolygon","coordinates":[[[[120.473756,23.676158],[120.473699,23.676182],[120.473673,23.67734],[120.473728,23.677342],[120.473756,23.676158]]]]}},{"type":"Feature","properties":{"n":"長安路一段","v":"斗南鎮","w":10,"c":4,"r":0},"geometry":{"type":"MultiPolygon","coordinates":[[[[120.473725,23.677866],[120.47373,23.677366],[120.473673,23.677364],[120.473671,23.677858],[120.473725,23.677866]]]]}},{"type":"Feature","properties":{"n":"長安路一段","v":"斗南鎮","w":10,"c":4,"r":1},"geometry":{"type":"MultiPolygon","coordinates":[[[[120.473701,23.678426],[120.473724,23.677888],[120.473669,23.677886],[120.473644,23.678426],[120.473701,23.678426]]]]}},{"type":"Feature","properties":{"n":"長安路一段","v":"斗南鎮","w":10,"c":6.6,"r":2},"geometry":{"type":"MultiPolygon","coordinates":[[[[120.473675,23.679325],[120.473699,23.678451],[120.473645,23.678453],[120.473618,23.679323],[120.473675,23.679325]]]]}},{"type":"Feature","properties":{"n":"文昌路","v":"斗南鎮","w":8,"c":4.4,"r":2},"geometry":{"type":"MultiPolygon","coordinates":[[[[120.469761,23.679229],[120.47019,23.679261],[120.470142,23.679185],[120.469798,23.679168],[120.469761,23.679229]]]]}},{"type":"Feature","properties":{"n":"文昌路","v":"斗南鎮","w":8,"c":4.4,"r":2},"geometry":{"type":"MultiPolygon","coordinates":[[[[120.471188,23.679212],[120.470239,23.679142],[120.470236,23.679192],[120.47118,23.679265],[120.471188,23.679212]]]]}},{"type":"Feature","properties":{"n":"文昌路","v":"斗南鎮","w":7,"c":3.3,"r":2},"geometry":{"type":"MultiPolygon","coordinates":[[[[120.4726,23.679337],[120.472603,23.679285],[120.471356,23.679212],[120.471206,23.679216],[120.471208,23.679266],[120.47138,23.679263],[120.472026,23.679307],[120.4726,23.679337]]]]}},{"type":"Feature","properties":{"n":"文昌路","v":"斗南鎮","w":6.7,"c":1.8,"r":2},"geometry":{"type":"MultiPolygon","coordinates":[[[[120.47271,23.679335],[120.473139,23.679372],[120.473179,23.679369],[120.474644,23.679519],[120.47466,23.679441],[120.473204,23.679308],[120.472713,23.679286],[120.47271,23.679335]]]]}},{"type":"Feature","properties":{"n":"建國二路","v":"斗南鎮","w":2.1,"c":2.1,"r":2},"geometry":{"type":"MultiPolygon","coordinates":[[[[120.469631,23.679083],[120.469698,23.679081],[120.469348,23.67771],[120.469281,23.677729],[120.469631,23.679083]]]]}},{"type":"Feature","properties":{"n":"建國二路","v":"斗南鎮","w":2.1,"c":0.6,"r":1},"geometry":{"type":"MultiPolygon","coordinates":[[[[120.469164,23.677119],[120.469129,23.676986],[120.469384,23.674535],[120.469317,23.674525],[120.469049,23.677008],[120.469271,23.677684],[120.469338,23.677669],[120.469164,23.677119]]]]}},{"type":"Feature","properties":{"n":"建國三路","v":"斗南鎮","w":2,"c":2,"r":2},"geometry":{"type":"MultiPolygon","coordinates":[[[[120.469499,23.672776],[120.469494,23.673648],[120.46944,23.674414],[120.469472,23.674417],[120.469529,23.673862],[120.469539,23.673667],[120.469546,23.672631],[120.469495,23.672644],[120.469492,23.672781],[120.469499,23.672776]]]]}},{"type":"Feature","properties":{"n":"建國三路","v":"斗南鎮","w":2,"c":2,"r":2},"geometry":{"type":"MultiPolygon","coordinates":[[[[120.469305,23.670821],[120.46941,23.672622],[120.469467,23.672595],[120.469368,23.670822],[120.469305,23.670821]]]]}},{"type":"Feature","properties":{"n":"建國三路","v":"斗南鎮","w":1.8,"c":1.8,"r":0},"geometry":{"type":"MultiPolygon","coordinates":[[[[120.470924,23.668866],[120.469656,23.669901],[120.469416,23.67028],[120.4693,23.670763],[120.469305,23.670791],[120.469362,23.670794],[120.469362,23.670765],[120.469481,23.670285],[120.469705,23.66994],[120.470978,23.668902],[120.470924,23.668866]]]]}},{"type":"Feature","properties":{"n":"建國三路","v":"斗南鎮","w":2,"c":2,"r":0},"geometry":{"type":"MultiPolygon","coordinates":[[[[120.471613,23.668311],[120.47096,23.668837],[120.471012,23.66887],[120.471655,23.668354],[120.471613,23.668311]]]]}},{"type":"Feature","properties":{"n":"建國三路","v":"斗南鎮","w":4.2,"c":3.2,"r":1},"geometry":{"type":"MultiPolygon","coordinates":[[[[120.472827,23.66733],[120.471628,23.668294],[120.471671,23.668342],[120.472871,23.667376],[120.472827,23.66733]]]]}},{"type":"Feature","properties":{"n":"建國三路","v":"斗南鎮","w":5.9,"c":4.1,"r":2},"geometry":{"type":"MultiPolygon","coordinates":[[[[120.475039,23.666311],[120.474026,23.666517],[120.473566,23.666728],[120.472845,23.667323],[120.472889,23.667369],[120.473608,23.666783],[120.47406,23.666582],[120.475051,23.666375],[120.475039,23.666311]]]]}},{"type":"Feature","properties":{"n":"建國三路","v":"斗南鎮","w":2.5,"c":1.4,"r":1},"geometry":{"type":"MultiPolygon","coordinates":[[[[120.475021,23.666285],[120.475011,23.666216],[120.474002,23.666425],[120.473511,23.666648],[120.472774,23.667257],[120.47283,23.667305],[120.473545,23.666715],[120.474019,23.66649],[120.475021,23.666285]]]]}},{"type":"Feature","properties":{"n":"建國三路","v":"斗南鎮","w":6.6,"c":5.4,"r":1},"geometry":{"type":"MultiPolygon","coordinates":[[[[120.472814,23.667314],[120.472763,23.667266],[120.471568,23.668227],[120.471617,23.668277],[120.472814,23.667314]]]]}},{"type":"Feature","properties":{"n":"建國三路","v":"斗南鎮","w":2.2,"c":1.3,"r":2},"geometry":{"type":"MultiPolygon","coordinates":[[[[120.471595,23.668294],[120.47155,23.668246],[120.469578,23.669852],[120.469327,23.67024],[120.469214,23.670773],[120.469313,23.672632],[120.469228,23.674485],[120.469297,23.674505],[120.469381,23.672651],[120.469279,23.670763],[120.469392,23.670269],[120.46963,23.66989],[120.471595,23.668294]]]]}},{"type":"Feature","properties":{"n":"建國二路","v":"斗南鎮","w":2.2,"c":1.3,"r":1},"geometry":{"type":"MultiPolygon","coordinates":[[[[120.469111,23.676191],[120.469301,23.67453],[120.469224,23.674515],[120.469046,23.676185],[120.469111,23.676191]]]]}},{"type":"Feature","properties":{"n":"建國二路","v":"斗南鎮","w":2.3,"c":1.3,"r":1},"geometry":{"type":"MultiPolygon","coordinates":[[[[120.469109,23.676224],[120.469039,23.676224],[120.468934,23.67701],[120.469176,23.67773],[120.469251,23.677711],[120.469021,23.677005],[120.469109,23.676224]]]]}},{"type":"Feature","properties":{"n":"建國二路","v":"斗南鎮","w":2.5,"c":1.1,"r":1},"geometry":{"type":"MultiPolygon","coordinates":[[[[120.469259,23.677741],[120.469184,23.677758],[120.469531,23.679094],[120.469609,23.67909],[120.469259,23.677741]]]]}},{"type":"Feature","properties":{"n":"橋真街","v":"斗南鎮","w":3.4,"c":2,"r":2},"geometry":{"type":"MultiPolygon","coordinates":[[[[120.472959,23.66745],[120.473905,23.668428],[120.473967,23.668402],[120.473027,23.667424],[120.472959,23.66745]]]]}},{"type":"Feature","properties":{"n":"文昌路","v":"斗南鎮","w":3.5,"c":2.1,"r":2},"geometry":{"type":"MultiPolygon","coordinates":[[[[120.469698,23.679084],[120.471075,23.679182],[120.471078,23.679112],[120.469683,23.679019],[120.469698,23.679084]]]]}},{"type":"Feature","properties":{"n":"延平北路","v":"斗南鎮","w":3.4,"c":3.4,"r":2},"geometry":{"type":"MultiPolygon","coordinates":[[[[120.484426,23.70206],[120.484476,23.702064],[120.484508,23.701758],[120.484456,23.701743],[120.484426,23.70206]]]]}},{"type":"Feature","properties":{"n":"延平北路","v":"斗南鎮","w":3.5,"c":3.5,"r":2},"geometry":{"type":"MultiPolygon","coordinates":[[[[120.484434,23.701691],[120.484373,23.701689],[120.48434,23.702093],[120.484401,23.702094],[120.484434,23.701691]]]]}},{"type":"Feature","properties":{"n":"延平路一段","v":"斗南鎮","w":3.4,"c":3.4,"r":2},"geometry":{"type":"MultiPolygon","coordinates":[[[[120.48083,23.696075],[120.480969,23.696256],[120.481012,23.696227],[120.480867,23.696043],[120.48083,23.696075]]]]}},{"type":"Feature","properties":{"n":"延平路一段","v":"斗南鎮","w":3.7,"c":2.5,"r":0},"geometry":{"type":"MultiPolygon","coordinates":[[[[120.479892,23.693629],[120.479853,23.694188],[120.479858,23.694236],[120.47992,23.69424],[120.479918,23.694183],[120.479956,23.693641],[120.479892,23.693629]]]]}},{"type":"Feature","properties":{"n":"延平路一段","v":"斗南鎮","w":2.8,"c":1.4,"r":2},"geometry":{"type":"MultiPolygon","coordinates":[[[[120.480022,23.692225],[120.479961,23.692837],[120.479898,23.6936],[120.479956,23.693614],[120.480029,23.692806],[120.480091,23.692252],[120.480022,23.692225]]]]}},{"type":"Feature","properties":{"n":"延平路一段","v":"斗南鎮","w":3.6,"c":0.8,"r":2},"geometry":{"type":"MultiPolygon","coordinates":[[[[120.480263,23.689244],[120.480137,23.69077],[120.480025,23.692205],[120.480092,23.692229],[120.480212,23.690758],[120.480343,23.689251],[120.480263,23.689244]]]]}},{"type":"Feature","properties":{"n":"延平路一段","v":"斗南鎮","w":3.9,"c":2.9,"r":0},"geometry":{"type":"MultiPolygon","coordinates":[[[[120.480412,23.687191],[120.480323,23.688119],[120.480264,23.689225],[120.480337,23.689231],[120.480396,23.688093],[120.480488,23.687181],[120.480412,23.687191]]]]}},{"type":"Feature","properties":{"n":"延平路一段","v":"斗南鎮","w":2.9,"c":2.9,"r":0},"geometry":{"type":"MultiPolygon","coordinates":[[[[120.480415,23.687165],[120.48049,23.687163],[120.480549,23.686595],[120.480731,23.686],[120.480643,23.685998],[120.480464,23.686594],[120.480415,23.687165]]]]}},{"type":"Feature","properties":{"n":"延平路一段","v":"斗南鎮","w":4.2,"c":4.2,"r":0},"geometry":{"type":"MultiPolygon","coordinates":[[[[120.480615,23.685436],[120.480513,23.685731],[120.480559,23.685741],[120.480664,23.685443],[120.480615,23.685436]]]]}},{"type":"Feature","properties":{"n":"延平路一段","v":"斗南鎮","w":3.8,"c":1.5,"r":0},"geometry":{"type":"MultiPolygon","coordinates":[[[[120.480248,23.687034],[120.480291,23.686612],[120.480371,23.686206],[120.480323,23.686187],[120.480256,23.686589],[120.480202,23.687066],[120.480248,23.687071],[120.480248,23.687044],[120.480248,23.687034]]]]}},{"type":"Feature","properties":{"n":"延平路一段","v":"斗南鎮","w":2.9,"c":1.5,"r":1},"geometry":{"type":"MultiPolygon","coordinates":[[[[120.480068,23.689221],[120.480105,23.689221],[120.480256,23.687104],[120.480197,23.687079],[120.480068,23.689221]]]]}},{"type":"Feature","properties":{"n":"延平路一段","v":"斗南鎮","w":3,"c":1.3,"r":1},"geometry":{"type":"MultiPolygon","coordinates":[[[[120.480113,23.690763],[120.48023,23.689407],[120.480149,23.689399],[120.480027,23.690758],[120.480113,23.690763]]]]}},{"type":"Feature","properties":{"n":"延平路一段","v":"斗南鎮","w":3.9,"c":2,"r":2},"geometry":{"type":"MultiPolygon","coordinates":[[[[120.479838,23.692118],[120.479878,23.692123],[120.47998,23.690915],[120.479945,23.690912],[120.479838,23.692118]]]]}},{"type":"Feature","properties":{"n":"延平路一段","v":"斗南鎮","w":3.9,"c":2.5,"r":2},"geometry":{"type":"MultiPolygon","coordinates":[[[[120.479936,23.692802],[120.480001,23.692226],[120.479923,23.692217],[120.479863,23.692795],[120.479936,23.692802]]]]}},{"type":"Feature","properties":{"n":"文安路","v":"斗南鎮","w":3.3,"c":1.8,"r":2},"geometry":{"type":"MultiPolygon","coordinates":[[[[120.48009,23.692232],[120.48108,23.69256],[120.481707,23.692651],[120.48172,23.692596],[120.481096,23.692501],[120.480101,23.692163],[120.48009,23.692232]]]]}},{"type":"Feature","properties":{"n":"光華路","v":"斗南鎮","w":1.4,"c":1,"r":0},"geometry":{"type":"MultiPolygon","coordinates":[[[[120.487705,23.684738],[120.48769,23.684685],[120.486112,23.685089],[120.486135,23.685143],[120.487705,23.684738]]]]}},{"type":"Feature","properties":{"n":"光華路","v":"斗南鎮","w":1.5,"c":1.5,"r":0},"geometry":{"type":"MultiPolygon","coordinates":[[[[120.480684,23.685859],[120.481886,23.685833],[120.482623,23.685809],[120.484091,23.685738],[120.48545,23.685316],[120.48611,23.685147],[120.486084,23.685099],[120.485432,23.685257],[120.484084,23.685676],[120.482604,23.685748],[120.481882,23.685769],[120.480704,23.685796],[120.480684,23.685859]]]]}},{"type":"Feature","properties":{"n":"光華路","v":"斗南鎮","w":1.2,"c":1.2,"r":2},"geometry":{"type":"MultiPolygon","coordinates":[[[[120.480678,23.685889],[120.480655,23.685955],[120.482639,23.685905],[120.482616,23.685835],[120.480678,23.685889]]]]}},{"type":"Feature","properties":{"n":"光華路","v":"斗南鎮","w":1.4,"c":1,"r":0},"geometry":{"type":"MultiPolygon","coordinates":[[[[120.482636,23.685837],[120.482661,23.685902],[120.484068,23.685832],[120.484078,23.685763],[120.482636,23.685837]]]]}},{"type":"Feature","properties":{"n":"光華路","v":"斗南鎮","w":2.5,"c":1,"r":0},"geometry":{"type":"MultiPolygon","coordinates":[[[[120.485437,23.68535],[120.484099,23.685762],[120.484094,23.685834],[120.485421,23.685427],[120.485437,23.68535]]]]}},{"type":"Feature","properties":{"n":"光華路","v":"斗南鎮","w":2.5,"c":2.5,"r":0},"geometry":{"type":"MultiPolygon","coordinates":[[[[120.485454,23.685462],[120.486452,23.68519],[120.48645,23.685163],[120.485449,23.685435],[120.485454,23.685462]]]]}},{"type":"Feature","properties":{"n":"光華路","v":"斗南鎮","w":1.7,"c":1.4,"r":0},"geometry":{"type":"MultiPolygon","coordinates":[[[[120.487694,23.684766],[120.486453,23.685087],[120.486476,23.685158],[120.487652,23.684847],[120.487694,23.684766]]]]}},{"type":"Feature","properties":{"n":"大橋南路","v":"西螺鎮","w":2.5,"c":1.5,"r":0},"geometry":{"type":"MultiPolygon","coordinates":[[[[120.471937,23.797051],[120.472012,23.797084],[120.472063,23.79675],[120.471982,23.79674],[120.471937,23.797051]]]]}},{"type":"Feature","properties":{"n":"大橋南路","v":"西螺鎮","w":2.4,"c":1.5,"r":1},"geometry":{"type":"MultiPolygon","coordinates":[[[[120.47199,23.796696],[120.472064,23.796707],[120.472033,23.796059],[120.471616,23.794574],[120.471539,23.794574],[120.471957,23.796061],[120.47199,23.796696]]]]}},{"type":"Feature","properties":{"n":"大橋南路","v":"西螺鎮","w":2.5,"c":2.5,"r":2},"geometry":{"type":"MultiPolygon","coordinates":[[[[120.470755,23.792017],[120.471084,23.793046],[120.471435,23.794212],[120.47153,23.79455],[120.47161,23.794553],[120.47151,23.794192],[120.471036,23.792637],[120.470836,23.792016],[120.470755,23.792017]]]]}},{"type":"Feature","properties":{"n":"大橋南路","v":"西螺鎮","w":2.5,"c":2.5,"r":2},"geometry":{"type":"MultiPolygon","coordinates":[[[[120.470548,23.791117],[120.470586,23.791373],[120.470752,23.791995],[120.470833,23.791992],[120.470666,23.791361],[120.470634,23.791113],[120.470548,23.791117]]]]}},{"type":"Feature","properties":{"n":"大橋南路","v":"西螺鎮","w":2.5,"c":2.5,"r":0},"geometry":{"type":"MultiPolygon","coordinates":[[[[120.47046,23.790354],[120.470542,23.790341],[120.471293,23.78901],[120.471205,23.789003],[120.47046,23.790354]]]]}},{"type":"Feature","properties":{"n":"大橋南路","v":"西螺鎮","w":2.5,"c":1.1,"r":2},"geometry":{"type":"MultiPolygon","coordinates":[[[[120.472322,23.787178],[120.472254,23.787152],[120.471232,23.788964],[120.471342,23.788986],[120.471839,23.788078],[120.472322,23.787178]]]]}},{"type":"Feature","properties":{"n":"大橋南路","v":"西螺鎮","w":2.5,"c":1.1,"r":0},"geometry":{"type":"MultiPolygon","coordinates":[[[[120.472239,23.787142],[120.472158,23.787106],[120.471468,23.788325],[120.471556,23.788323],[120.472239,23.787142]]]]}},{"type":"Feature","properties":{"n":"大橋南路","v":"西螺鎮","w":2.4,"c":2.4,"r":0},"geometry":{"type":"MultiPolygon","coordinates":[[[[120.47155,23.788342],[120.471453,23.788341],[120.470342,23.790327],[120.470437,23.790357],[120.47155,23.788342]]]]}},{"type":"Feature","properties":{"n":"大橋南路","v":"西螺鎮","w":2.5,"c":2.5,"r":2},"geometry":{"type":"MultiPolygon","coordinates":[[[[120.470733,23.792006],[120.470561,23.79137],[120.470486,23.791374],[120.470652,23.792005],[120.470733,23.792006]]]]}},{"type":"Feature","properties":{"n":"大橋南路","v":"西螺鎮","w":1.4,"c":1.4,"r":0},"geometry":{"type":"MultiPolygon","coordinates":[[[[120.471013,23.792928],[120.470731,23.792022],[120.470651,23.792024],[120.470933,23.792945],[120.471013,23.792928]]]]}},{"type":"Feature","properties":{"n":"大橋南路","v":"西螺鎮","w":1.4,"c":1.4,"r":1},"geometry":{"type":"MultiPolygon","coordinates":[[[[120.4713,23.793865],[120.471023,23.792949],[120.470938,23.792974],[120.471211,23.793835],[120.4713,23.793865]]]]}},{"type":"Feature","properties":{"n":"大橋南路","v":"西螺鎮","w":2.4,"c":2.4,"r":1},"geometry":{"type":"MultiPolygon","coordinates":[[[[120.471325,23.793943],[120.471318,23.794103],[120.471839,23.796052],[120.471883,23.796663],[120.471832,23.797],[120.471915,23.797043],[120.47196,23.796688],[120.471924,23.796059],[120.471325,23.793943]]]]}},{"type":"Feature","properties":{"n":"光復東路63巷","v":"西螺鎮","w":2.5,"c":1.5,"r":0},"geometry":{"type":"MultiPolygon","coordinates":[[[[120.471187,23.798647],[120.47112,23.798644],[120.471003,23.799397],[120.470126,23.799867],[120.470159,23.799914],[120.471057,23.79944],[120.471187,23.798647]]]]}},{"type":"Feature","properties":{"n":"水源路","v":"西螺鎮","w":2.7,"c":1.7,"r":0},"geometry":{"type":"MultiPolygon","coordinates":[[[[120.470131,23.799931],[120.470094,23.799881],[120.468591,23.800669],[120.468564,23.800757],[120.470131,23.799931]]]]}},{"type":"Feature","properties":{"n":"水源路","v":"西螺鎮","w":2.4,"c":1,"r":0},"geometry":{"type":"MultiPolygon","coordinates":[[[[120.468511,23.800788],[120.46841,23.800771],[120.467215,23.801376],[120.466222,23.80176],[120.466256,23.80181],[120.467223,23.801429],[120.468511,23.800788]]]]}},{"type":"Feature","properties":{"n":"水源路","v":"西螺鎮","w":5,"c":1.7,"r":2},"geometry":{"type":"MultiPolygon","coordinates":[[[[120.464623,23.802697],[120.466239,23.801816],[120.466201,23.801766],[120.464644,23.802611],[120.464623,23.802697]]]]}},{"type":"Feature","properties":{"n":"大橋路","v":"西螺鎮","w":4.9,"c":3.5,"r":0},"geometry":{"type":"MultiPolygon","coordinates":[[[[120.462681,23.803814],[120.462606,23.80377],[120.462083,23.803995],[120.461003,23.804158],[120.461015,23.804219],[120.4621,23.804061],[120.462681,23.803814]]]]}},{"type":"Feature","properties":{"n":"大橋路","v":"西螺鎮","w":3.9,"c":2.4,"r":1},"geometry":{"type":"MultiPolygon","coordinates":[[[[120.45958,23.804554],[120.459674,23.804469],[120.460004,23.804367],[120.460979,23.80422],[120.460966,23.804167],[120.459984,23.804319],[120.459646,23.804423],[120.459528,23.804523],[120.45958,23.804554]]]]}},{"type":"Feature","properties":{"n":"大橋路","v":"西螺鎮","w":2,"c":1,"r":2},"geometry":{"type":"MultiPolygon","coordinates":[[[[120.459297,23.804648],[120.459274,23.804591],[120.459069,23.804657],[120.45812,23.804809],[120.457699,23.804906],[120.457707,23.804968],[120.45812,23.804868],[120.459076,23.804709],[120.459297,23.804648]]]]}},{"type":"Feature","properties":{"n":"大橋路","v":"西螺鎮","w":1.9,"c":1.9,"r":0},"geometry":{"type":"MultiPolygon","coordinates":[[[[120.457065,23.805006],[120.457675,23.804972],[120.45767,23.804908],[120.457062,23.804946],[120.457065,23.805006]]]]}},{"type":"Feature","properties":{"n":"巷道","v":"西螺鎮","w":2,"c":1.2,"r":0},"geometry":{"type":"MultiPolygon","coordinates":[[[[120.457035,23.805009],[120.457035,23.804947],[120.456407,23.804966],[120.456407,23.805033],[120.457035,23.805009]]]]}},{"type":"Feature","properties":{"n":"巷道","v":"西螺鎮","w":2,"c":1,"r":1},"geometry":{"type":"MultiPolygon","coordinates":[[[[120.456095,23.805053],[120.456381,23.805036],[120.456371,23.804965],[120.456101,23.804978],[120.456095,23.805053]]]]}},{"type":"Feature","properties":{"n":"大橋路","v":"西螺鎮","w":1.9,"c":1.9,"r":2},"geometry":{"type":"MultiPolygon","coordinates":[[[[120.454502,23.805115],[120.456068,23.805049],[120.456068,23.804984],[120.454517,23.805055],[120.454502,23.805115]]]]}},{"type":"Feature","properties":{"n":"巷道","v":"西螺鎮","w":9.5,"c":5,"r":1},"geometry":{"type":"MultiPolygon","coordinates":[[[[120.454502,23.805129],[120.45448,23.8052],[120.456083,23.805141],[120.457049,23.805089],[120.457701,23.805059],[120.458184,23.804942],[120.458727,23.804846],[120.459091,23.804787],[120.459325,23.804721],[120.459304,23.804661],[120.459078,23.80473],[120.45872,23.804786],[120.458158,23.804884],[120.457696,23.804991],[120.456085,23.805071],[120.454502,23.805129]]]]}},{"type":"Feature","properties":{"n":"大橋路","v":"西螺鎮","w":4.7,"c":3.6,"r":1},"geometry":{"type":"MultiPolygon","coordinates":[[[[120.459374,23.804797],[120.459436,23.804833],[120.459723,23.804543],[120.460045,23.804444],[120.462132,23.804151],[120.462766,23.803868],[120.462696,23.803824],[120.462116,23.804084],[120.460033,23.804384],[120.4597,23.804483],[120.459374,23.804797]]]]}},{"type":"Feature","properties":{"n":"公正路","v":"西螺鎮","w":3.5,"c":3.4,"r":0},"geometry":{"type":"MultiPolygon","coordinates":[[[[120.462602,23.803766],[120.46247,23.803691],[120.461522,23.803623],[120.461517,23.803693],[120.462449,23.803753],[120.462524,23.803801],[120.462602,23.803766]]]]}},{"type":"Feature","properties":{"n":"中市路","v":"西螺鎮","w":3.7,"c":2.2,"r":0},"geometry":{"type":"MultiPolygon","coordinates":[[[[120.459888,23.802078],[120.459776,23.803539],[120.459836,23.803544],[120.459953,23.80208],[120.459888,23.802078]]]]}},{"type":"Feature","properties":{"n":"修文路","v":"西螺鎮","w":3.8,"c":2.1,"r":0},"geometry":{"type":"MultiPolygon","coordinates":[[[[120.459895,23.802015],[120.459886,23.802073],[120.460372,23.80211],[120.460385,23.80205],[120.459895,23.802015]]]]}},{"type":"Feature","properties":{"n":"中市路","v":"西螺鎮","w":3.7,"c":1.5,"r":0},"geometry":{"type":"MultiPolygon","coordinates":[[[[120.459874,23.802007],[120.45982,23.802],[120.459787,23.802509],[120.459839,23.802523],[120.459874,23.802007]]]]}},{"type":"Feature","properties":{"n":"延平路","v":"西螺鎮","w":2.7,"c":2.3,"r":0},"geometry":{"type":"MultiPolygon","coordinates":[[[[120.464407,23.802865],[120.464459,23.802814],[120.462672,23.801774],[120.461789,23.801228],[120.461767,23.801288],[120.462644,23.80184],[120.463696,23.80246],[120.464407,23.802865]]]]}},{"type":"Feature","properties":{"n":"延平路","v":"西螺鎮","w":2.8,"c":2.6,"r":0},"geometry":{"type":"MultiPolygon","coordinates":[[[[120.461734,23.801283],[120.461755,23.801214],[120.4606,23.801174],[120.460593,23.801239],[120.461734,23.801283]]]]}},{"type":"Feature","properties":{"n":"延平路","v":"西螺鎮","w":3.2,"c":2.8,"r":0},"geometry":{"type":"MultiPolygon","coordinates":[[[[120.460562,23.801236],[120.460566,23.801168],[120.459974,23.801102],[120.459969,23.801164],[120.460562,23.801236]]]]}},{"type":"Feature","properties":{"n":"延平路","v":"西螺鎮","w":2.7,"c":2.6,"r":0},"geometry":{"type":"MultiPolygon","coordinates":[[[[120.459949,23.801166],[120.459954,23.801099],[120.45922,23.801005],[120.459219,23.801072],[120.459949,23.801166]]]]}},{"type":"Feature","properties":{"n":"延平路","v":"西螺鎮","w":2.7,"c":2.6,"r":0},"geometry":{"type":"MultiPolygon","coordinates":[[[[120.4589,23.801026],[120.459191,23.801065],[120.459191,23.801005],[120.458877,23.800973],[120.4589,23.801026]]]]}},{"type":"Feature","properties":{"n":"延平路","v":"西螺鎮","w":2.7,"c":2.3,"r":0},"geometry":{"type":"MultiPolygon","coordinates":[[[[120.457318,23.800845],[120.458873,23.80102],[120.458852,23.800974],[120.457311,23.800804],[120.457318,23.800845]]]]}},{"type":"Feature","properties":{"n":"延平路","v":"西螺鎮","w":2.5,"c":1.8,"r":0},"geometry":{"type":"MultiPolygon","coordinates":[[[[120.456616,23.800764],[120.457289,23.800838],[120.457278,23.800803],[120.456622,23.800724],[120.456616,23.800764]]]]}},{"type":"Feature","properties":{"n":"延平路","v":"西螺鎮","w":2.7,"c":2.6,"r":0},"geometry":{"type":"MultiPolygon","coordinates":[[[[120.459182,23.801145],[120.45918,23.801088],[120.45665,23.800789],[120.456656,23.800833],[120.457981,23.800995],[120.459182,23.801145]]]]}},{"type":"Feature","properties":{"n":"延平路","v":"西螺鎮","w":2.8,"c":2.1,"r":0},"geometry":{"type":"MultiPolygon","coordinates":[[[[120.459954,23.801188],[120.459219,23.801095],[120.45922,23.801147],[120.459944,23.801243],[120.459954,23.801188]]]]}},{"type":"Feature","properties":{"n":"延平路","v":"西螺鎮","w":2.7,"c":1.8,"r":0},"geometry":{"type":"MultiPolygon","coordinates":[[[[120.461731,23.801307],[120.460575,23.801265],[120.459973,23.801188],[120.459968,23.801248],[120.46057,23.801329],[120.46171,23.801374],[120.461731,23.801307]]]]}},{"type":"Feature","properties":{"n":"延平路","v":"西螺鎮","w":2.5,"c":1.7,"r":0},"geometry":{"type":"MultiPolygon","coordinates":[[[[120.462667,23.801883],[120.46176,23.801309],[120.461742,23.801381],[120.46262,23.801938],[120.462667,23.801883]]]]}},{"type":"Feature","properties":{"n":"延平路","v":"西螺鎮","w":2.5,"c":1.7,"r":0},"geometry":{"type":"MultiPolygon","coordinates":[[[[120.463671,23.802472],[120.462694,23.801898],[120.462642,23.801955],[120.463634,23.802528],[120.46365,23.802507],[120.463671,23.802472]]]]}},{"type":"Feature","properties":{"n":"延平路","v":"西螺鎮","w":2.8,"c":2.5,"r":0},"geometry":{"type":"MultiPolygon","coordinates":[[[[120.464379,23.802876],[120.463693,23.802479],[120.463653,23.802539],[120.464311,23.802914],[120.464379,23.802876]]]]}},{"type":"Feature","properties":{"n":"大同路","v":"西螺鎮","w":3.4,"c":3.4,"r":2},"geometry":{"type":"MultiPolygon","coordinates":[[[[120.467822,23.795179],[120.467753,23.79515],[120.467055,23.796476],[120.467126,23.796492],[120.467822,23.795179]]]]}},{"type":"Feature","properties":{"n":"興農西路","v":"西螺鎮","w":4.9,"c":2.9,"r":0},"geometry":{"type":"MultiPolygon","coordinates":[[[[120.467751,23.795155],[120.467398,23.795004],[120.466979,23.794874],[120.465187,23.794507],[120.465172,23.794578],[120.466956,23.79495],[120.467368,23.795076],[120.467716,23.795226],[120.467751,23.795155]]]]}},{"type":"Feature","properties":{"n":"新街路","v":"西螺鎮","w":2.5,"c":2.5,"r":0},"geometry":{"type":"MultiPolygon","coordinates":[[[[120.465171,23.794582],[120.464867,23.795969],[120.464953,23.795987],[120.465265,23.794598],[120.465171,23.794582]]]]}},{"type":"Feature","properties":{"n":"光明西路","v":"西螺鎮","w":2,"c":2,"r":0},"geometry":{"type":"MultiPolygon","coordinates":[[[[120.46705,23.796474],[120.467092,23.796397],[120.465707,23.796015],[120.464973,23.795905],[120.464949,23.795989],[120.465671,23.796103],[120.46705,23.796474]]]]}},{"type":"Feature","properties":{"n":"水源路","v":"西螺鎮","w":4.2,"c":1.1,"r":1},"geometry":{"type":"MultiPolygon","coordinates":[[[[120.464625,23.802715],[120.464669,23.802777],[120.466282,23.801885],[120.466244,23.801832],[120.464625,23.802715]]]]}},{"type":"Feature","properties":{"n":"福興路","v":"西螺鎮","w":2.2,"c":2.2,"r":0},"geometry":{"type":"MultiPolygon","coordinates":[[[[120.46087,23.793604],[120.46094,23.791488],[120.460842,23.791486],[120.460775,23.793581],[120.46087,23.793604]]]]}},{"type":"Feature","properties":{"n":"福興路","v":"西螺鎮","w":2.2,"c":2.2,"r":0},"geometry":{"type":"MultiPolygon","coordinates":[[[[120.46094,23.791434],[120.46096,23.790375],[120.460869,23.79038],[120.460847,23.791431],[120.46094,23.791434]]]]}},{"type":"Feature","properties":{"n":"興農西路","v":"西螺鎮","w":8.1,"c":3.4,"r":0},"geometry":{"type":"MultiPolygon","coordinates":[[[[120.457667,23.792911],[120.460769,23.793581],[120.460774,23.793479],[120.457671,23.792808],[120.457667,23.792911]]]]}},{"type":"Feature","properties":{"n":"延平路","v":"西螺鎮","w":2.5,"c":2.5,"r":0},"geometry":{"type":"MultiPolygon","coordinates":[[[[120.454123,23.800405],[120.45467,23.80048],[120.454678,23.800417],[120.454128,23.800348],[120.454123,23.800405]]]]}},{"type":"Feature","properties":{"n":"延平路","v":"西螺鎮","w":4.8,"c":3.9,"r":2},"geometry":{"type":"MultiPolygon","coordinates":[[[[120.451334,23.800043],[120.451323,23.800119],[120.452083,23.800214],[120.453638,23.80043],[120.453651,23.800365],[120.452091,23.800144],[120.451334,23.800043]]]]}},{"type":"Feature","properties":{"n":"福來路","v":"西螺鎮","w":3.6,"c":2.6,"r":2},"geometry":{"type":"MultiPolygon","coordinates":[[[[120.450429,23.799913],[120.449969,23.802324],[120.450048,23.802334],[120.450518,23.799929],[120.450429,23.799913]]]]}},{"type":"Feature","properties":{"n":"福來路","v":"西螺鎮","w":3.7,"c":2.7,"r":2},"geometry":{"type":"MultiPolygon","coordinates":[[[[120.450662,23.798716],[120.450437,23.799891],[120.450525,23.799898],[120.450758,23.798729],[120.450662,23.798716]]]]}},{"type":"Feature","properties":{"n":"福來路","v":"西螺鎮","w":3.6,"c":3.6,"r":0},"geometry":{"type":"MultiPolygon","coordinates":[[[[120.450808,23.797955],[120.450668,23.79869],[120.450761,23.798705],[120.450896,23.797998],[120.450808,23.797955]]]]}},{"type":"Feature","properties":{"n":"福來路","v":"西螺鎮","w":3.6,"c":2.6,"r":0},"geometry":{"type":"MultiPolygon","coordinates":[[[[120.450814,23.797927],[120.450899,23.797973],[120.451,23.797519],[120.450936,23.797309],[120.450834,23.797342],[120.450893,23.797514],[120.450814,23.797927]]]]}},{"type":"Feature","properties":{"n":"福來路","v":"西螺鎮","w":3.7,"c":3.7,"r":0},"geometry":{"type":"MultiPolygon","coordinates":[[[[120.450357,23.795874],[120.450819,23.797297],[120.45091,23.797262],[120.450468,23.795844],[120.450357,23.795874]]]]}},{"type":"Feature","properties":{"n":"福來路","v":"西螺鎮","w":3.6,"c":2.5,"r":2},"geometry":{"type":"MultiPolygon","coordinates":[[[[120.450282,23.79565],[120.4504,23.795648],[120.449633,23.793345],[120.449534,23.793359],[120.450282,23.79565]]]]}},{"type":"Feature","properties":{"n":"福來路","v":"西螺鎮","w":3.6,"c":2.5,"r":2},"geometry":{"type":"MultiPolygon","coordinates":[[[[120.449524,23.79334],[120.449626,23.793326],[120.449308,23.792348],[120.449201,23.792347],[120.449524,23.79334]]]]}},{"type":"Feature","properties":{"n":"福來路","v":"西螺鎮","w":3.7,"c":2.7,"r":2},"geometry":{"type":"MultiPolygon","coordinates":[[[[120.449133,23.792151],[120.449261,23.792151],[120.448623,23.790237],[120.448506,23.790232],[120.449133,23.792151]]]]}},{"type":"Feature","properties":{"n":"福來路","v":"西螺鎮","w":3.6,"c":2.5,"r":2},"geometry":{"type":"MultiPolygon","coordinates":[[[[120.448499,23.790223],[120.448598,23.790221],[120.448266,23.788908],[120.448157,23.788872],[120.448499,23.790223]]]]}},{"type":"Feature","properties":{"n":"福來路","v":"西螺鎮","w":1,"c":0.9,"r":1},"geometry":{"type":"MultiPolygon","coordinates":[[[[120.448133,23.788868],[120.448047,23.78888],[120.448397,23.790216],[120.44848,23.790219],[120.448133,23.788868]]]]}},{"type":"Feature","properties":{"n":"福來路","v":"西螺鎮","w":3.6,"c":2.5,"r":2},"geometry":{"type":"MultiPolygon","coordinates":[[[[120.449028,23.792145],[120.449116,23.792148],[120.448485,23.790242],[120.448389,23.790234],[120.449028,23.792145]]]]}},{"type":"Feature","properties":{"n":"福來路","v":"西螺鎮","w":3.7,"c":2.7,"r":2},"geometry":{"type":"MultiPolygon","coordinates":[[[[120.449072,23.792342],[120.4494,23.793356],[120.449501,23.793342],[120.449175,23.792345],[120.449072,23.792342]]]]}},{"type":"Feature","properties":{"n":"福來路","v":"西螺鎮","w":3.6,"c":2.5,"r":2},"geometry":{"type":"MultiPolygon","coordinates":[[[[120.449405,23.793382],[120.45014,23.795648],[120.450262,23.795648],[120.44951,23.793366],[120.449405,23.793382]]]]}},{"type":"Feature","properties":{"n":"福來路","v":"西螺鎮","w":3.7,"c":2.7,"r":2},"geometry":{"type":"MultiPolygon","coordinates":[[[[120.450145,23.795668],[120.450755,23.797507],[120.450691,23.797875],[120.450792,23.797921],[120.450869,23.797515],[120.450262,23.795671],[120.450145,23.795668]]]]}},{"type":"Feature","properties":{"n":"福來路","v":"西螺鎮","w":3.6,"c":2.5,"r":2},"geometry":{"type":"MultiPolygon","coordinates":[[[[120.450686,23.797892],[120.450537,23.79867],[120.450643,23.79869],[120.450793,23.79794],[120.450686,23.797892]]]]}},{"type":"Feature","properties":{"n":"福來路","v":"西螺鎮","w":3.6,"c":2.5,"r":0},"geometry":{"type":"MultiPolygon","coordinates":[[[[120.450417,23.799885],[120.450643,23.798716],[120.450534,23.798701],[120.450313,23.799871],[120.450417,23.799885]]]]}},{"type":"Feature","properties":{"n":"福來路","v":"西螺鎮","w":3.7,"c":2.7,"r":2},"geometry":{"type":"MultiPolygon","coordinates":[[[[120.45011,23.800903],[120.450206,23.800917],[120.450403,23.799917],[120.450301,23.799902],[120.45011,23.800903]]]]}},{"type":"Feature","properties":{"n":"福來路","v":"西螺鎮","w":3.7,"c":1.1,"r":2},"geometry":{"type":"MultiPolygon","coordinates":[[[[120.450172,23.801138],[120.450209,23.800956],[120.450105,23.800939],[120.449842,23.802305],[120.449945,23.802319],[120.450172,23.801138]]]]}},{"type":"Feature","properties":{"n":"雲28-2鄉道","v":"西螺鎮","w":1.7,"c":2.5,"r":2},"geometry":{"type":"MultiPolygon","coordinates":[[[[120.440376,23.798483],[120.440231,23.798908],[120.440603,23.799378],[120.440653,23.799357],[120.440296,23.798894],[120.440441,23.798503],[120.440376,23.798483]]]]}},{"type":"Feature","properties":{"n":"埔心路","v":"西螺鎮","w":2.1,"c":1.1,"r":0},"geometry":{"type":"MultiPolygon","coordinates":[[[[120.434794,23.797263],[120.440537,23.79788],[120.440488,23.79782],[120.4348,23.797194],[120.434794,23.797263]]]]}},{"type":"Feature","properties":{"n":"興農西路","v":"西螺鎮","w":2,"c":1.8,"r":0},"geometry":{"type":"MultiPolygon","coordinates":[[[[120.43539,23.793467],[120.435079,23.79456],[120.434801,23.797189],[120.434903,23.797205],[120.435167,23.794571],[120.435473,23.793495],[120.43539,23.793467]]]]}},{"type":"Feature","properties":{"n":"興農西路","v":"西螺鎮","w":2,"c":1.3,"r":0},"geometry":{"type":"MultiPolygon","coordinates":[[[[120.436674,23.79232],[120.436164,23.792572],[120.435701,23.792957],[120.435398,23.793441],[120.435478,23.793472],[120.435774,23.792988],[120.436209,23.792634],[120.436721,23.792376],[120.436674,23.79232]]]]}},{"type":"Feature","properties":{"n":"興農西路","v":"西螺鎮","w":1.9,"c":1.9,"r":0},"geometry":{"type":"MultiPolygon","coordinates":[[[[120.438823,23.79185],[120.438219,23.791835],[120.437376,23.791986],[120.436701,23.79231],[120.436744,23.792369],[120.437402,23.792055],[120.438218,23.791912],[120.438799,23.791923],[120.438823,23.79185]]]]}},{"type":"Feature","properties":{"n":"興農西路","v":"西螺鎮","w":1.9,"c":1.3,"r":0},"geometry":{"type":"MultiPolygon","coordinates":[[[[120.442799,23.791994],[120.438845,23.791848],[120.438824,23.791919],[120.4428,23.792071],[120.442799,23.791994]]]]}},{"type":"Feature","properties":{"n":"興農西路","v":"西螺鎮","w":1.9,"c":1.1,"r":0},"geometry":{"type":"MultiPolygon","coordinates":[[[[120.44519,23.792086],[120.442823,23.791996],[120.442816,23.79207],[120.445202,23.792155],[120.44519,23.792086]]]]}},{"type":"Feature","properties":{"n":"興農西路","v":"西螺鎮","w":1.9,"c":1.2,"r":0},"geometry":{"type":"MultiPolygon","coordinates":[[[[120.445201,23.79209],[120.445218,23.792151],[120.448125,23.792278],[120.448131,23.792205],[120.445201,23.79209]]]]}},{"type":"Feature","properties":{"n":"興農西路","v":"西螺鎮","w":2.4,"c":1.2,"r":1},"geometry":{"type":"MultiPolygon","coordinates":[[[[120.448146,23.79221],[120.448147,23.792283],[120.44917,23.792344],[120.449152,23.792267],[120.448146,23.79221]]]]}},{"type":"Feature","properties":{"n":"興農西路","v":"西螺鎮","w":2,"c":2,"r":1},"geometry":{"type":"MultiPolygon","coordinates":[[[[120.449202,23.792354],[120.452455,23.792515],[120.452466,23.792431],[120.449173,23.79227],[120.449202,23.792354]]]]}},{"type":"Feature","properties":{"n":"興農西路","v":"西螺鎮","w":0.6,"c":1.3,"r":1},"geometry":{"type":"MultiPolygon","coordinates":[[[[120.449162,23.792243],[120.452455,23.792407],[120.45246,23.792323],[120.449132,23.79215],[120.449162,23.792243]]]]}},{"type":"Feature","properties":{"n":"興農西路","v":"西螺鎮","w":1.7,"c":1.1,"r":0},"geometry":{"type":"MultiPolygon","coordinates":[[[[120.449116,23.792155],[120.448156,23.792097],[120.44815,23.792183],[120.449147,23.792244],[120.449116,23.792155]]]]}},{"type":"Feature","properties":{"n":"興農西路","v":"西螺鎮","w":1.85,"c":1.15,"r":2},"geometry":{"type":"MultiPolygon","coordinates":[[[[120.44813,23.792186],[120.448135,23.792096],[120.445187,23.791993],[120.445197,23.792067],[120.44813,23.792186]]]]}},{"type":"Feature","properties":{"n":"興農西路","v":"西螺鎮","w":2.4,"c":0.8,"r":0},"geometry":{"type":"MultiPolygon","coordinates":[[[[120.442822,23.791976],[120.44518,23.792061],[120.445162,23.791992],[120.442825,23.7919],[120.442822,23.791976]]]]}},{"type":"Feature","properties":{"n":"興農西路","v":"西螺鎮","w":1.8,"c":1.2,"r":0},"geometry":{"type":"MultiPolygon","coordinates":[[[[120.43885,23.79183],[120.442798,23.79197],[120.442799,23.791895],[120.438876,23.791754],[120.43885,23.79183]]]]}},{"type":"Feature","properties":{"n":"興農西路","v":"西螺鎮","w":1.8,"c":1.2,"r":0},"geometry":{"type":"MultiPolygon","coordinates":[[[[120.436687,23.792289],[120.437372,23.79196],[120.438213,23.791815],[120.438829,23.791829],[120.43885,23.791757],[120.438188,23.791753],[120.437348,23.791888],[120.436638,23.792222],[120.436687,23.792289]]]]}},{"type":"Feature","properties":{"n":"興農西路","v":"西螺鎮","w":1.9,"c":1.9,"r":0},"geometry":{"type":"MultiPolygon","coordinates":[[[[120.435375,23.793441],[120.435678,23.792945],[120.436153,23.792553],[120.43666,23.792301],[120.436614,23.792232],[120.436109,23.792486],[120.435598,23.792897],[120.435292,23.79341],[120.435375,23.793441]]]]}},{"type":"Feature","properties":{"n":"興農西路","v":"西螺鎮","w":2,"c":1.3,"r":0},"geometry":{"type":"MultiPolygon","coordinates":[[[[120.434769,23.797257],[120.435048,23.794579],[120.435368,23.79346],[120.435275,23.793426],[120.434929,23.7946],[120.434676,23.797251],[120.434769,23.797257]]]]}},{"type":"Feature","properties":{"n":"建國路","v":"土庫鎮","w":2.95,"c":2.4,"r":0},"geometry":{"type":"MultiPolygon","coordinates":[[[[120.395962,23.679175],[120.397119,23.679384],[120.397128,23.679354],[120.395971,23.679149],[120.395962,23.679175]]]]}},{"type":"Feature","properties":{"n":"林森路","v":"土庫鎮","w":3.45,"c":3.45,"r":0},"geometry":{"type":"MultiPolygon","coordinates":[[[[120.39582,23.675439],[120.395872,23.675439],[120.395803,23.673711],[120.395709,23.673378],[120.395676,23.673439],[120.395757,23.673726],[120.39582,23.675439]]]]}},{"type":"Feature","properties":{"n":"成功路","v":"土庫鎮","w":4.25,"c":2.8,"r":0},"geometry":{"type":"MultiPolygon","coordinates":[[[[120.396488,23.673181],[120.395713,23.673377],[120.39573,23.673427],[120.396501,23.673229],[120.396499,23.67322],[120.396488,23.673181]]]]}},{"type":"Feature","properties":{"n":"林森路","v":"土庫鎮","w":11,"c":4.3,"r":1},"geometry":{"type":"MultiPolygon","coordinates":[[[[120.391155,23.67114],[120.393324,23.671875],[120.39482,23.672393],[120.39495,23.672485],[120.395165,23.67273],[120.395231,23.672857],[120.395376,23.67334],[120.395388,23.673334],[120.395409,23.673303],[120.395268,23.672844],[120.3952,23.672707],[120.395087,23.672564],[120.39498,23.672451],[120.394839,23.672357],[120.394719,23.672304],[120.391243,23.671112],[120.391196,23.671112],[120.391155,23.67114]]]]}},{"type":"Feature","properties":{"n":"林森路","v":"土庫鎮","w":10,"c":3,"r":0},"geometry":{"type":"MultiPolygon","coordinates":[[[[120.391079,23.671122],[120.391079,23.671086],[120.391067,23.671063],[120.390267,23.670781],[120.390248,23.670836],[120.391079,23.671122]]]]}},{"type":"Feature","properties":{"n":"林森路","v":"土庫鎮","w":10,"c":3,"r":2},"geometry":{"type":"MultiPolygon","coordinates":[[[[120.390192,23.670819],[120.390213,23.670765],[120.39,23.670686],[120.389934,23.670694],[120.389911,23.670724],[120.390192,23.670819]]]]}},{"type":"Feature","properties":{"n":"林森路","v":"土庫鎮","w":10,"c":2,"r":1},"geometry":{"type":"MultiPolygon","coordinates":[[[[120.389768,23.670671],[120.38975,23.670607],[120.389636,23.670568],[120.388042,23.67056],[120.387922,23.670609],[120.387895,23.670639],[120.387886,23.670666],[120.387896,23.670682],[120.388057,23.670612],[120.389627,23.670628],[120.389768,23.670671]]]]}},{"type":"Feature","properties":{"n":"林森路","v":"土庫鎮","w":10,"c":2,"r":2},"geometry":{"type":"MultiPolygon","coordinates":[[[[120.387752,23.670727],[120.387728,23.670704],[120.387684,23.670699],[120.38675,23.671037],[120.386709,23.671102],[120.387752,23.670727]]]]}},{"type":"Feature","properties":{"n":"大同路105巷","v":"土庫鎮","w":5.1,"c":67,"r":0},"geometry":{"type":"MultiPolygon","coordinates":[[[[120.392596,23.675681],[120.392639,23.675681],[120.392669,23.675094],[120.39263,23.675092],[120.392596,23.675681]]]]}},{"type":"Feature","properties":{"n":"文化路","v":"土庫鎮","w":1.35,"c":1.35,"r":2},"geometry":{"type":"MultiPolygon","coordinates":[[[[120.389406,23.676532],[120.390046,23.675802],[120.390024,23.675779],[120.389385,23.676511],[120.389406,23.676532]]]]}},{"type":"Feature","properties":{"n":"中正路","v":"土庫鎮","w":3.7,"c":3.7,"r":3},"geometry":{"type":"MultiPolygon","coordinates":[[[[120.390073,23.675763],[120.389404,23.675107],[120.389371,23.675139],[120.390046,23.675798],[120.390073,23.675763]]]]}},{"type":"Feature","properties":{"n":"新建路","v":"土庫鎮","w":3.9,"c":3.9,"r":1},"geometry":{"type":"MultiPolygon","coordinates":[[[[120.388388,23.675968],[120.389151,23.676728],[120.389211,23.67674],[120.388411,23.67595],[120.388388,23.675968]]]]}},{"type":"Feature","properties":{"n":"新建路","v":"土庫鎮","w":3.2,"c":1.8,"r":2},"geometry":{"type":"MultiPolygon","coordinates":[[[[120.389063,23.676919],[120.389065,23.676865],[120.38746,23.675288],[120.387432,23.675316],[120.389063,23.676919]]]]}},{"type":"Feature","properties":{"n":"光復路","v":"土庫鎮","w":3.8,"c":2.7,"r":1},"geometry":{"type":"MultiPolygon","coordinates":[[[[120.386763,23.675267],[120.386978,23.675022],[120.387114,23.674936],[120.387069,23.674923],[120.386953,23.67498],[120.386755,23.675216],[120.386763,23.675267]]]]}},{"type":"Feature","properties":{"n":"新建路","v":"土庫鎮","w":3.5,"c":2.9,"r":0},"geometry":{"type":"MultiPolygon","coordinates":[[[[120.390805,23.678643],[120.391317,23.679155],[120.39134,23.679138],[120.390857,23.678643],[120.390805,23.678643]]]]}},{"type":"Feature","properties":{"n":"中興路","v":"土庫鎮","w":3.7,"c":3.1,"r":0},"geometry":{"type":"MultiPolygon","coordinates":[[[[120.390808,23.678648],[120.390498,23.678957],[120.39052,23.67898],[120.390831,23.67867],[120.390808,23.678648]]]]}},{"type":"Feature","properties":{"n":"中興路","v":"土庫鎮","w":4.75,"c":3.3,"r":1},"geometry":{"type":"MultiPolygon","coordinates":[[[[120.388347,23.685911],[120.388341,23.685938],[120.390255,23.686197],[120.390518,23.686219],[120.390524,23.68616],[120.39027,23.686144],[120.388393,23.685883],[120.388354,23.685896],[120.388347,23.685911]]]]}},{"type":"Feature","properties":{"n":"華勝路","v":"北港鎮","w":3.5,"c":2.4,"r":0},"geometry":{"type":"MultiPolygon","coordinates":[[[[120.302521,23.594183],[120.301867,23.592324],[120.30181,23.592342],[120.302467,23.5942],[120.302521,23.594183]]]]}},{"type":"Feature","properties":{"n":"新南路","v":"北港鎮","w":2.6,"c":2.6,"r":0},"geometry":{"type":"MultiPolygon","coordinates":[[[[120.30627,23.581512],[120.306267,23.581464],[120.305691,23.581624],[120.305679,23.581681],[120.30627,23.581512]]]]}},{"type":"Feature","properties":{"n":"太平路","v":"北港鎮","w":4.05,"c":1.8,"r":1},"geometry":{"type":"MultiPolygon","coordinates":[[[[120.305946,23.578919],[120.305883,23.579573],[120.305833,23.580191],[120.305779,23.580761],[120.305721,23.581277],[120.305691,23.581622],[120.305762,23.581605],[120.305795,23.581268],[120.30592,23.580181],[120.305964,23.57956],[120.306025,23.578918],[120.305946,23.578919]]]]}},{"type":"Feature","properties":{"n":"太平路","v":"北港鎮","w":2.2,"c":1.8,"r":1},"geometry":{"type":"MultiPolygon","coordinates":[[[[120.306076,23.577645],[120.305948,23.578894],[120.306021,23.578897],[120.306155,23.57765],[120.306076,23.577645]]]]}},{"type":"Feature","properties":{"n":"太平路","v":"北港鎮","w":2.2,"c":1.8,"r":1},"geometry":{"type":"MultiPolygon","coordinates":[[[[120.306096,23.577345],[120.306077,23.57763],[120.306149,23.577635],[120.306174,23.577351],[120.306096,23.577345]]]]}},{"type":"Feature","properties":{"n":"太平路","v":"北港鎮","w":2.2,"c":1.8,"r":1},"geometry":{"type":"MultiPolygon","coordinates":[[[[120.306013,23.577067],[120.3061,23.577328],[120.306175,23.577326],[120.306086,23.577053],[120.306013,23.577067]]]]}},{"type":"Feature","properties":{"n":"太平路","v":"北港鎮","w":2.2,"c":1.8,"r":1},"geometry":{"type":"MultiPolygon","coordinates":[[[[120.305957,23.576695],[120.305953,23.576795],[120.306006,23.577044],[120.306071,23.577032],[120.306016,23.576786],[120.306021,23.576695],[120.305957,23.576695]]]]}},{"type":"Feature","properties":{"n":"太平路","v":"北港鎮","w":2.2,"c":1.8,"r":0},"geometry":{"type":"MultiPolygon","coordinates":[[[[120.30596,23.576328],[120.30598,23.576385],[120.305961,23.576677],[120.30602,23.576679],[120.306048,23.576371],[120.306027,23.576321],[120.30596,23.576328]]]]}},{"type":"Feature","properties":{"n":"文化路","v":"北港鎮","w":2.2,"c":1.8,"r":0},"geometry":{"type":"MultiPolygon","coordinates":[[[[120.304615,23.575323],[120.305007,23.575255],[120.30518,23.575318],[120.305891,23.576095],[120.305958,23.576305],[120.306025,23.576299],[120.305966,23.576093],[120.305222,23.575275],[120.30501,23.5752],[120.304589,23.575274],[120.304615,23.575323]]]]}},{"type":"Feature","properties":{"n":"文化路","v":"北港鎮","w":2.4,"c":0.6,"r":0},"geometry":{"type":"MultiPolygon","coordinates":[[[[120.304605,23.57534],[120.304631,23.57539],[120.304989,23.575327],[120.305121,23.575368],[120.3057,23.576004],[120.30576,23.575988],[120.305162,23.575328],[120.305002,23.57527],[120.304605,23.57534]]]]}},{"type":"Feature","properties":{"n":"文化路","v":"北港鎮","w":2.49,"c":0.87,"r":0},"geometry":{"type":"MultiPolygon","coordinates":[[[[120.305987,23.577048],[120.305937,23.576807],[120.305961,23.576389],[120.305874,23.576114],[120.305775,23.575999],[120.305713,23.576015],[120.305827,23.576147],[120.305896,23.576406],[120.305871,23.576809],[120.305924,23.577062],[120.305987,23.577048]]]]}},{"type":"Feature","properties":{"n":"太平路","v":"北港鎮","w":2.4,"c":0.75,"r":0},"geometry":{"type":"MultiPolygon","coordinates":[[[[120.30605,23.577622],[120.306067,23.577326],[120.305999,23.57708],[120.305934,23.577091],[120.306003,23.577343],[120.305986,23.577617],[120.30605,23.577622]]]]}},{"type":"Feature","properties":{"n":"太平路","v":"北港鎮","w":2.4,"c":0.75,"r":0},"geometry":{"type":"MultiPolygon","coordinates":[[[[120.305857,23.579558],[120.306051,23.577643],[120.305984,23.577642],[120.30579,23.579568],[120.305857,23.579558]]]]}},{"type":"Feature","properties":{"n":"太平路","v":"北港鎮","w":2.4,"c":0.75,"r":0},"geometry":{"type":"MultiPolygon","coordinates":[[[[120.305809,23.580186],[120.305861,23.579584],[120.305786,23.579591],[120.305736,23.58019],[120.305809,23.580186]]]]}},{"type":"Feature","properties":{"n":"文仁路","v":"北港鎮","w":3.5,"c":3.5,"r":0},"geometry":{"type":"MultiPolygon","coordinates":[[[[120.305788,23.57959],[120.30455,23.579792],[120.304242,23.579698],[120.304234,23.579762],[120.304547,23.579854],[120.305782,23.579654],[120.305788,23.57959]]]]}},{"type":"Feature","properties":{"n":"文仁路","v":"北港鎮","w":4,"c":2.4,"r":1},"geometry":{"type":"MultiPolygon","coordinates":[[[[120.303105,23.579324],[120.304552,23.579768],[120.305787,23.579568],[120.305792,23.579506],[120.304552,23.579701],[120.303129,23.57926],[120.303105,23.579324]]]]}},{"type":"Feature","properties":{"n":"北辰路","v":"北港鎮","w":4,"c":2.4,"r":3},"geometry":{"type":"MultiPolygon","coordinates":[[[[120.303347,23.577336],[120.303602,23.57789],[120.30313,23.579257],[120.303209,23.579284],[120.303696,23.577883],[120.303432,23.577318],[120.303347,23.577336]]]]}},{"type":"Feature","properties":{"n":"成功路","v":"北港鎮","w":3,"c":2,"r":0},"geometry":{"type":"MultiPolygon","coordinates":[[[[120.303338,23.577315],[120.304962,23.576969],[120.305237,23.576968],[120.305918,23.577064],[120.305911,23.576997],[120.305245,23.576906],[120.304947,23.576909],[120.30331,23.577258],[120.303338,23.577315]]]]}},{"type":"Feature","properties":{"n":"北辰路","v":"北港鎮","w":3,"c":1.1,"r":2},"geometry":{"type":"MultiPolygon","coordinates":[[[[120.302482,23.575408],[120.30331,23.577259],[120.303393,23.57724],[120.302547,23.575354],[120.302482,23.575408]]]]}},{"type":"Feature","properties":{"n":"北辰路","v":"北港鎮","w":4,"c":0.9,"r":2},"geometry":{"type":"MultiPolygon","coordinates":[[[[120.303023,23.579222],[120.303104,23.579251],[120.303572,23.577896],[120.303321,23.577336],[120.303236,23.577314],[120.303474,23.577896],[120.303047,23.579165],[120.303023,23.579222]]]]}},{"type":"Feature","properties":{"n":"成功路","v":"北港鎮","w":4,"c":1.1,"r":0},"geometry":{"type":"MultiPolygon","coordinates":[[[[120.301672,23.576887],[120.301649,23.576954],[120.303269,23.577389],[120.303236,23.577312],[120.301672,23.576887]]]]}},{"type":"Feature","properties":{"n":"公園路","v":"北港鎮","w":4.3,"c":3,"r":2},"geometry":{"type":"MultiPolygon","coordinates":[[[[120.301051,23.578614],[120.301139,23.57864],[120.301663,23.577197],[120.301734,23.576983],[120.301646,23.576954],[120.30158,23.577156],[120.301286,23.577972],[120.301051,23.578614]]]]}},{"type":"Feature","properties":{"n":"文仁路","v":"北港鎮","w":4,"c":2.6,"r":3},"geometry":{"type":"MultiPolygon","coordinates":[[[[120.301027,23.578677],[120.302134,23.579007],[120.302478,23.5791],[120.303089,23.579317],[120.303108,23.579253],[120.302489,23.579035],[120.30105,23.578613],[120.301027,23.578677]]]]}},{"type":"Feature","properties":{"n":"文仁路","v":"北港鎮","w":2.6,"c":1.8,"r":1},"geometry":{"type":"MultiPolygon","coordinates":[[[[120.298185,23.57784],[120.298193,23.577771],[120.297295,23.577557],[120.297274,23.577616],[120.298185,23.57784]]]]}},{"type":"Feature","properties":{"n":"文仁路","v":"北港鎮","w":2.6,"c":1.8,"r":1},"geometry":{"type":"MultiPolygon","coordinates":[[[[120.295681,23.576912],[120.297245,23.577607],[120.297266,23.577547],[120.295718,23.576855],[120.295681,23.576912]]]]}},{"type":"Feature","properties":{"n":"文仁路","v":"北港鎮","w":2.6,"c":1.8,"r":1},"geometry":{"type":"MultiPolygon","coordinates":[[[[120.294922,23.57636],[120.295348,23.576699],[120.295661,23.576901],[120.295695,23.576846],[120.295395,23.576661],[120.294982,23.576327],[120.294922,23.57636]]]]}},{"type":"Feature","properties":{"n":"文仁路","v":"北港鎮","w":2.4,"c":1.4,"r":1},"geometry":{"type":"MultiPolygon","coordinates":[[[[120.29451,23.575985],[120.294915,23.576345],[120.29497,23.576315],[120.294565,23.57594],[120.29451,23.575985]]]]}},{"type":"Feature","properties":{"n":"文仁路","v":"北港鎮","w":2.4,"c":1.6,"r":1},"geometry":{"type":"MultiPolygon","coordinates":[[[[120.293622,23.575163],[120.294491,23.57597],[120.294543,23.575923],[120.293676,23.575116],[120.293622,23.575163]]]]}},{"type":"Feature","properties":{"n":"文仁路","v":"北港鎮","w":2.4,"c":1.6,"r":0},"geometry":{"type":"MultiPolygon","coordinates":[[[[120.292859,23.574513],[120.292954,23.574664],[120.293264,23.57485],[120.293609,23.575142],[120.293656,23.575099],[120.293311,23.574803],[120.293003,23.574616],[120.292923,23.574491],[120.292859,23.574513]]]]}},{"type":"Feature","properties":{"n":"文仁路","v":"北港鎮","w":1.8,"c":1,"r":0},"geometry":{"type":"MultiPolygon","coordinates":[[[[120.292688,23.573751],[120.292854,23.574494],[120.292919,23.57447],[120.292759,23.573734],[120.292688,23.573751]]]]}},{"type":"Feature","properties":{"n":"文仁路","v":"北港鎮","w":1.8,"c":1,"r":0},"geometry":{"type":"MultiPolygon","coordinates":[[[[120.292616,23.57346],[120.292687,23.573728],[120.292757,23.573711],[120.292686,23.573443],[120.292616,23.57346]]]]}},{"type":"Feature","properties":{"n":"文仁路","v":"北港鎮","w":1.8,"c":1,"r":0},"geometry":{"type":"MultiPolygon","coordinates":[[[[120.292512,23.573127],[120.292612,23.573441],[120.292677,23.573427],[120.292585,23.573114],[120.292512,23.573127]]]]}},{"type":"Feature","properties":{"n":"文仁路","v":"北港鎮","w":2.5,"c":2.5,"r":0},"geometry":{"type":"MultiPolygon","coordinates":[[[[120.292419,23.57249],[120.292512,23.5731],[120.292582,23.57309],[120.292492,23.572486],[120.292419,23.57249]]]]}},{"type":"Feature","properties":{"n":"文仁路","v":"北港鎮","w":2.4,"c":2.1,"r":0},"geometry":{"type":"MultiPolygon","coordinates":[[[[120.292275,23.571684],[120.292421,23.572476],[120.292488,23.572472],[120.292348,23.57168],[120.292275,23.571684]]]]}},{"type":"Feature","properties":{"n":"文仁路","v":"北港鎮","w":1.8,"c":1,"r":0},"geometry":{"type":"MultiPolygon","coordinates":[[[[120.292249,23.571691],[120.292171,23.571705],[120.29232,23.572497],[120.29241,23.573118],[120.292485,23.573104],[120.292395,23.572488],[120.292249,23.571691]]]]}},{"type":"Feature","properties":{"n":"文仁路","v":"北港鎮","w":1.8,"c":1,"r":0},"geometry":{"type":"MultiPolygon","coordinates":[[[[120.292827,23.574507],[120.292665,23.573737],[120.292591,23.573452],[120.292486,23.573134],[120.292414,23.573148],[120.292521,23.573486],[120.292592,23.57377],[120.292756,23.574526],[120.292827,23.574507]]]]}},{"type":"Feature","properties":{"n":"文仁路","v":"北港鎮","w":2.4,"c":1.4,"r":1},"geometry":{"type":"MultiPolygon","coordinates":[[[[120.293227,23.574853],[120.292936,23.574681],[120.292845,23.574526],[120.292771,23.574549],[120.292876,23.574731],[120.293174,23.5749],[120.293227,23.574853]]]]}},{"type":"Feature","properties":{"n":"文仁路","v":"北港鎮","w":2.4,"c":1.4,"r":2},"geometry":{"type":"MultiPolygon","coordinates":[[[[120.294468,23.575976],[120.293604,23.575173],[120.293253,23.574866],[120.2932,23.574911],[120.293556,23.575228],[120.294366,23.575972],[120.294468,23.575976]]]]}},{"type":"Feature","properties":{"n":"文仁路","v":"北港鎮","w":2.4,"c":1.4,"r":2},"geometry":{"type":"MultiPolygon","coordinates":[[[[120.294882,23.576352],[120.294483,23.57599],[120.294381,23.575987],[120.294786,23.576357],[120.294882,23.576352]]]]}},{"type":"Feature","properties":{"n":"文仁路","v":"北港鎮","w":2.4,"c":1.4,"r":2},"geometry":{"type":"MultiPolygon","coordinates":[[[[120.295651,23.576922],[120.295336,23.576727],[120.294907,23.576372],[120.294801,23.576383],[120.295266,23.576763],[120.295612,23.576987],[120.295651,23.576922]]]]}},{"type":"Feature","properties":{"n":"文仁路","v":"北港鎮","w":2.4,"c":1.4,"r":2},"geometry":{"type":"MultiPolygon","coordinates":[[[[120.298183,23.577859],[120.297251,23.577635],[120.295676,23.57693],[120.295635,23.576999],[120.29722,23.577709],[120.298163,23.577923],[120.298183,23.577859]]]]}},{"type":"Feature","properties":{"n":"大同路","v":"北港鎮","w":4,"c":1.2,"r":0},"geometry":{"type":"MultiPolygon","coordinates":[[[[120.29425,23.574314],[120.29432,23.574314],[120.294329,23.57408],[120.295622,23.573687],[120.296826,23.573286],[120.296986,23.573421],[120.297064,23.573399],[120.29685,23.573205],[120.295606,23.573617],[120.294256,23.574041],[120.29425,23.574314]]]]}},{"type":"Feature","properties":{"n":"巷道","v":"北港鎮","w":3.5,"c":3.5,"r":0},"geometry":{"type":"MultiPolygon","coordinates":[[[[120.287608,23.576093],[120.287504,23.576128],[120.287241,23.575631],[120.286848,23.575331],[120.286611,23.574697],[120.286415,23.57386],[120.286266,23.573895],[120.286462,23.574726],[120.286685,23.575378],[120.287072,23.575684],[120.287393,23.576265],[120.287672,23.576165],[120.287608,23.576093]]]]}},{"type":"Feature","properties":{"n":"中央公路","v":"北港鎮","w":3.5,"c":3.5,"r":0},"geometry":{"type":"MultiPolygon","coordinates":[[[[120.300097,23.572209],[120.300161,23.572185],[120.300206,23.572096],[120.300173,23.571896],[120.299732,23.570513],[120.299668,23.570539],[120.300121,23.571917],[120.300146,23.572096],[120.300097,23.572209]]]]}},{"type":"Feature","properties":{"n":"中央公路","v":"北港鎮","w":3.85,"c":2.1,"r":0},"geometry":{"type":"MultiPolygon","coordinates":[[[[120.299693,23.570933],[120.29977,23.570929],[120.299639,23.570524],[120.299256,23.569082],[120.299194,23.569113],[120.299573,23.570555],[120.299672,23.570864],[120.299693,23.570933]]]]}},{"type":"Feature","properties":{"n":"光復一路","v":"北港鎮","w":3.2,"c":2.1,"r":0},"geometry":{"type":"MultiPolygon","coordinates":[[[[120.298916,23.570928],[120.299694,23.57093],[120.299673,23.570863],[120.298919,23.570864],[120.298916,23.570928]]]]}},{"type":"Feature","properties":{"n":"中央公路","v":"北港鎮","w":4,"c":4,"r":0},"geometry":{"type":"MultiPolygon","coordinates":[[[[120.300017,23.572232],[120.300076,23.572213],[120.300121,23.572094],[120.300098,23.571931],[120.30007,23.571845],[120.300001,23.571869],[120.300028,23.57196],[120.300045,23.572098],[120.299998,23.572239],[120.300017,23.572232]]]]}},{"type":"Feature","properties":{"n":"民生路","v":"北港鎮","w":5,"c":1.7,"r":0},"geometry":{"type":"MultiPolygon","coordinates":[[[[120.298512,23.566067],[120.298579,23.566067],[120.29858,23.565819],[120.298806,23.565726],[120.301746,23.565068],[120.301736,23.565011],[120.299852,23.565428],[120.298794,23.56567],[120.298511,23.56579],[120.298512,23.566067]]]]}},{"type":"Feature","properties":{"n":"光明路","v":"北港鎮","w":3,"c":1.6,"r":3},"geometry":{"type":"MultiPolygon","coordinates":[[[[120.30006,23.566866],[120.301074,23.566761],[120.302008,23.566619],[120.301985,23.566562],[120.301051,23.566708],[120.300053,23.566809],[120.30006,23.566866]]]]}},{"type":"Feature","properties":{"n":"民生路","v":"北港鎮","w":2.7,"c":1,"r":0},"geometry":{"type":"MultiPolygon","coordinates":[[[[120.305606,23.564289],[120.305624,23.564347],[120.30607,23.564265],[120.306548,23.564463],[120.30691,23.564677],[120.307041,23.564833],[120.307098,23.564936],[120.307163,23.56492],[120.307099,23.564795],[120.306949,23.564618],[120.30658,23.564411],[120.306081,23.564198],[120.305606,23.564289]]]]}},{"type":"Feature","properties":{"n":"益安路","v":"北港鎮","w":2.6,"c":1.7,"r":1},"geometry":{"type":"MultiPolygon","coordinates":[[[[120.305678,23.565406],[120.305742,23.565395],[120.305634,23.564804],[120.305567,23.564811],[120.305678,23.565406]]]]}},{"type":"Feature","properties":{"n":"東興街","v":"北港鎮","w":2.6,"c":1.7,"r":3},"geometry":{"type":"MultiPolygon","coordinates":[[[[120.306512,23.565244],[120.306498,23.565184],[120.305733,23.565336],[120.305741,23.565394],[120.306512,23.565244]]]]}},{"type":"Feature","properties":{"n":"太平路","v":"北港鎮","w":2.4,"c":0.75,"r":0},"geometry":{"type":"MultiPolygon","coordinates":[[[[120.305751,23.580754],[120.305811,23.58021],[120.305741,23.580217],[120.305685,23.580764],[120.305751,23.580754]]]]}},{"type":"Feature","properties":{"n":"太平路","v":"北港鎮","w":2.4,"c":0.75,"r":0},"geometry":{"type":"MultiPolygon","coordinates":[[[[120.305693,23.581275],[120.305756,23.580771],[120.305686,23.580778],[120.305626,23.58128],[120.305693,23.581275]]]]}},{"type":"Feature","properties":{"n":"太平路","v":"北港鎮","w":2.4,"c":0.75,"r":0},"geometry":{"type":"MultiPolygon","coordinates":[[[[120.305651,23.581695],[120.305697,23.581292],[120.305627,23.581299],[120.305584,23.581712],[120.305651,23.581695]]]]}},{"type":"Feature","properties":{"n":"中華路","v":"古坑鄉","w":3.98,"c":3.03,"r":null},"geometry":{"type":"MultiPolygon","coordinates":[[[[120.562227,23.642493],[120.561811,23.642484],[120.561792,23.642506],[120.561803,23.642523],[120.562219,23.642533],[120.562227,23.642493]]]]}},{"type":"Feature","properties":{"n":"中山路","v":"古坑鄉","w":3.5,"c":2.55,"r":null},"geometry":{"type":"MultiPolygon","coordinates":[[[[120.561947,23.642873],[120.561977,23.642858],[120.561794,23.642507],[120.561773,23.642536],[120.561947,23.642873]]]]}},{"type":"Feature","properties":{"n":"古興路","v":"古坑鄉","w":3.46,"c":2.06,"r":11},"geometry":{"type":"MultiPolygon","coordinates":[[[[120.552872,23.646508],[120.552892,23.64658],[120.558078,23.644746],[120.558072,23.644656],[120.552872,23.646508]]]]}},{"type":"Feature","properties":{"n":"古興路","v":"古坑鄉","w":3.74,"c":2.34,"r":5},"geometry":{"type":"MultiPolygon","coordinates":[[[[120.558158,23.644715],[120.558748,23.644487],[120.558805,23.644415],[120.558809,23.644384],[120.558165,23.644625],[120.558158,23.644715]]]]}},{"type":"Feature","properties":{"n":"古興路","v":"古坑鄉","w":3.45,"c":2.05,"r":3},"geometry":{"type":"MultiPolygon","coordinates":[[[[120.560448,23.643606],[120.560227,23.643778],[120.559919,23.64396],[120.559527,23.64413],[120.559546,23.644179],[120.559913,23.644024],[120.560249,23.643825],[120.560501,23.643631],[120.560448,23.643606]]]]}},{"type":"Feature","properties":{"n":"中華路","v":"古坑鄉","w":3.2,"c":2.2,"r":0},"geometry":{"type":"MultiPolygon","coordinates":[[[[120.560909,23.64281],[120.560971,23.642685],[120.561064,23.642392],[120.561087,23.642254],[120.561103,23.642042],[120.561082,23.641836],[120.561085,23.641748],[120.561044,23.641762],[120.561044,23.641839],[120.561061,23.642042],[120.561039,23.642266],[120.561012,23.642391],[120.560869,23.642813],[120.560909,23.64281]]]]}},{"type":"Feature","properties":{"n":"巷道","v":"古坑鄉","w":3.5,"c":2.24,"r":8},"geometry":{"type":"MultiPolygon","coordinates":[[[[120.559533,23.635756],[120.559801,23.636683],[120.560211,23.638143],[120.560898,23.640662],[120.560952,23.640662],[120.560555,23.639241],[120.560308,23.638297],[120.559816,23.636572],[120.559561,23.6357],[120.559533,23.635756]]]]}},{"type":"Feature","properties":{"n":"巷道","v":"古坑鄉","w":3.4,"c":2,"r":3},"geometry":{"type":"MultiPolygon","coordinates":[[[[120.559459,23.635788],[120.559412,23.635789],[120.559821,23.637199],[120.560484,23.639583],[120.560731,23.640422],[120.560771,23.640405],[120.560731,23.640292],[120.560509,23.639517],[120.560015,23.637712],[120.55961,23.636277],[120.559459,23.635788]]]]}},{"type":"Feature","properties":{"n":"中華路","v":"古坑鄉","w":4.36,"c":3.02,"r":2},"geometry":{"type":"MultiPolygon","coordinates":[[[[120.559305,23.644053],[120.559357,23.644062],[120.559367,23.644079],[120.559388,23.644087],[120.559704,23.643975],[120.559899,23.643888],[120.560148,23.643743],[120.560313,23.643625],[120.560554,23.643402],[120.560635,23.643399],[120.560656,23.643361],[120.560519,23.64337],[120.560284,23.643593],[120.560103,23.643722],[120.559864,23.643853],[120.559687,23.643933],[120.559427,23.644024],[120.559305,23.644053]]]]}},{"type":"Feature","properties":{"n":"巷道","v":"古坑鄉","w":3.48,"c":2.08,"r":17},"geometry":{"type":"MultiPolygon","coordinates":[[[[120.552492,23.646582],[120.559138,23.644181],[120.559176,23.644151],[120.559193,23.644115],[120.55919,23.6441],[120.552472,23.646539],[120.552476,23.646576],[120.552492,23.646582]]]]}},{"type":"Feature","properties":{"n":"中山路","v":"古坑鄉","w":3.17,"c":1.17,"r":0},"geometry":{"type":"MultiPolygon","coordinates":[[[[120.561259,23.647119],[120.561427,23.646588],[120.561403,23.646595],[120.561202,23.646708],[120.561242,23.646733],[120.56136,23.646674],[120.561197,23.647187],[120.561237,23.647195],[120.561259,23.647119]]]]}},{"type":"Feature","properties":{"n":"中山路","v":"古坑鄉","w":3.09,"c":1.09,"r":0},"geometry":{"type":"MultiPolygon","coordinates":[[[[120.561185,23.647187],[120.561204,23.647143],[120.561167,23.647143],[120.561236,23.646743],[120.561193,23.646718],[120.561121,23.647146],[120.561132,23.647192],[120.561185,23.647187]]]]}},{"type":"Feature","properties":{"n":"中華路","v":"古坑鄉","w":6.1,"c":4.09,"r":0},"geometry":{"type":"MultiPolygon","coordinates":[[[[120.561211,23.641591],[120.561189,23.641707],[120.561195,23.641951],[120.561184,23.642228],[120.56116,23.642391],[120.561095,23.64259],[120.561128,23.642607],[120.561197,23.642408],[120.561221,23.642248],[120.56124,23.641941],[120.561221,23.641685],[120.561211,23.641591]]]]}},{"type":"Feature","properties":{"n":"刺桐北路一段","v":"莿桐鄉","w":0,"c":1.4,"r":1},"geometry":{"type":"MultiPolygon","coordinates":[[[[120.509763,23.765349],[120.509694,23.765372],[120.507058,23.765978],[120.506549,23.766108],[120.506515,23.766119],[120.506424,23.766197],[120.506355,23.766263],[120.506337,23.76636],[120.506369,23.766449],[120.506438,23.766419],[120.506424,23.766341],[120.506436,23.766283],[120.506555,23.766171],[120.507093,23.766016],[120.509707,23.765405],[120.509778,23.765377],[120.509763,23.765349]]]]}},{"type":"Feature","properties":{"n":"刺桐北路一段","v":"莿桐鄉","w":0,"c":0,"r":0},"geometry":{"type":"MultiPolygon","coordinates":[[[[120.510066,23.765221],[120.510211,23.765193],[120.510617,23.764917],[120.510909,23.764605],[120.511143,23.764195],[120.511223,23.763952],[120.511293,23.76362],[120.511416,23.762657],[120.511354,23.762624],[120.511229,23.763627],[120.511165,23.763946],[120.511079,23.764168],[120.510952,23.764414],[120.510847,23.764576],[120.510574,23.764871],[120.510418,23.764993],[120.510241,23.765121],[120.510066,23.765221]]]]}},{"type":"Feature","properties":{"n":"刺桐北路一段","v":"莿桐鄉","w":0,"c":0,"r":0},"geometry":{"type":"MultiPolygon","coordinates":[[[[120.51137,23.762525],[120.511426,23.762558],[120.511534,23.761536],[120.511477,23.761574],[120.51137,23.762525]]]]}},{"type":"Feature","properties":{"n":"刺桐北路一段","v":"莿桐鄉","w":0,"c":0,"r":0},"geometry":{"type":"MultiPolygon","coordinates":[[[[120.511504,23.761398],[120.511515,23.761435],[120.511544,23.761456],[120.511603,23.760774],[120.511599,23.760621],[120.511479,23.760148],[120.511397,23.759969],[120.511343,23.759886],[120.509139,23.756951],[120.509097,23.756966],[120.511297,23.759899],[120.511362,23.759999],[120.511441,23.760175],[120.511532,23.760519],[120.511555,23.760619],[120.511562,23.760762],[120.511504,23.761398]]]]}},{"type":"Feature","properties":{"n":"刺桐北路一段","v":"莿桐鄉","w":0,"c":0,"r":0},"geometry":{"type":"MultiPolygon","coordinates":[[[[120.509068,23.756922],[120.50912,23.756901],[120.508215,23.755675],[120.508153,23.755718],[120.509068,23.756922]]]]}},{"type":"Feature","properties":{"n":"刺桐北路一段","v":"莿桐鄉","w":0,"c":0,"r":0},"geometry":{"type":"MultiPolygon","coordinates":[[[[120.508094,23.755652],[120.508146,23.755607],[120.507894,23.755279],[120.507548,23.754955],[120.507192,23.754692],[120.50673,23.754393],[120.506698,23.754436],[120.507144,23.754719],[120.507494,23.754976],[120.50769,23.755158],[120.50784,23.755319],[120.508094,23.755652]]]]}},{"type":"Feature","properties":{"n":"刺桐北路一段","v":"莿桐鄉","w":0,"c":0,"r":0},"geometry":{"type":"MultiPolygon","coordinates":[[[[120.506039,23.754093],[120.506062,23.754047],[120.505031,23.753578],[120.504627,23.753492],[120.501583,23.753047],[120.501583,23.753107],[120.504163,23.753481],[120.504811,23.75359],[120.505007,23.753637],[120.505167,23.753693],[120.505604,23.753903],[120.506039,23.754093]]]]}},{"type":"Feature","properties":{"n":"刺桐北路一段","v":"莿桐鄉","w":0.9,"c":0.9,"r":0},"geometry":{"type":"MultiPolygon","coordinates":[[[[120.50148,23.753085],[120.501487,23.753041],[120.500025,23.752769],[120.497618,23.751838],[120.497597,23.75188],[120.499208,23.752507],[120.499527,23.752641],[120.50001,23.752822],[120.50148,23.753085]]]]}},{"type":"Feature","properties":{"n":"刺桐北路一段","v":"莿桐鄉","w":0,"c":0,"r":2},"geometry":{"type":"MultiPolygon","coordinates":[[[[120.501441,23.753302],[120.499969,23.753043],[120.498138,23.752336],[120.498032,23.75232],[120.49788,23.75236],[120.497804,23.752409],[120.497719,23.752514],[120.497671,23.752678],[120.497719,23.752691],[120.497763,23.752529],[120.497826,23.752453],[120.497903,23.752402],[120.49804,23.752366],[120.498142,23.752381],[120.499948,23.753093],[120.501436,23.753346],[120.501438,23.753307],[120.501441,23.753302]]]]}},{"type":"Feature","properties":{"n":"刺桐北路一段","v":"莿桐鄉","w":0,"c":0,"r":0},"geometry":{"type":"MultiPolygon","coordinates":[[[[120.501528,23.753308],[120.501508,23.753322],[120.501499,23.753354],[120.502329,23.75349],[120.50234,23.753452],[120.501528,23.753308]]]]}},{"type":"Feature","properties":{"n":"刺桐北路一段","v":"莿桐鄉","w":0,"c":0,"r":0},"geometry":{"type":"MultiPolygon","coordinates":[[[[120.504295,23.753759],[120.504272,23.753724],[120.502398,23.753458],[120.502383,23.753496],[120.504295,23.753759]]]]}},{"type":"Feature","properties":{"n":"刺桐北路一段","v":"莿桐鄉","w":0,"c":0,"r":0},"geometry":{"type":"MultiPolygon","coordinates":[[[[120.504375,23.753738],[120.50436,23.753766],[120.504879,23.753867],[120.505227,23.754002],[120.505888,23.754358],[120.505915,23.754316],[120.505238,23.753953],[120.504891,23.75382],[120.504375,23.753738]]]]}},{"type":"Feature","properties":{"n":"刺桐北路一段","v":"莿桐鄉","w":3.1,"c":1.9,"r":3},"geometry":{"type":"MultiPolygon","coordinates":[[[[120.508824,23.756998],[120.507612,23.755414],[120.507311,23.755136],[120.506969,23.754873],[120.506575,23.754653],[120.506546,23.754699],[120.506942,23.75492],[120.507571,23.755454],[120.50877,23.757027],[120.508824,23.756998]]]]}},{"type":"Feature","properties":{"n":"刺桐北路一段","v":"莿桐鄉","w":3,"c":1.8,"r":7},"geometry":{"type":"MultiPolygon","coordinates":[[[[120.508875,23.757057],[120.508822,23.757089],[120.511049,23.760056],[120.511129,23.760219],[120.511215,23.760432],[120.511267,23.760676],[120.511259,23.76094],[120.511204,23.761412],[120.511237,23.761401],[120.511254,23.761383],[120.511306,23.76095],[120.511314,23.760682],[120.511272,23.760432],[120.511213,23.76025],[120.511093,23.760003],[120.508875,23.757057]]]]}},{"type":"Feature","properties":{"n":"刺桐北路一段","v":"莿桐鄉","w":3.3,"c":2.1,"r":0},"geometry":{"type":"MultiPolygon","coordinates":[[[[120.511239,23.761506],[120.511198,23.761483],[120.511086,23.762362],[120.511132,23.762394],[120.511239,23.761506]]]]}},{"type":"Feature","properties":{"n":"刺桐北路一段","v":"莿桐鄉","w":3.2,"c":1.9,"r":10},"geometry":{"type":"MultiPolygon","coordinates":[[[[120.511122,23.762472],[120.511078,23.762441],[120.510914,23.763662],[120.510838,23.763973],[120.510757,23.764145],[120.510635,23.764343],[120.510496,23.764532],[120.510368,23.764682],[120.51005,23.764909],[120.509846,23.765017],[120.509652,23.765099],[120.509662,23.76512],[120.509673,23.765129],[120.509694,23.765127],[120.509847,23.765065],[120.510084,23.764944],[120.510391,23.764723],[120.510531,23.764579],[120.51068,23.764389],[120.510804,23.764187],[120.510896,23.763989],[120.510982,23.763668],[120.511038,23.763137],[120.511122,23.762472]]]]}},{"type":"Feature","properties":{"n":"刺桐北路一段","v":"莿桐鄉","w":3.2,"c":1.9,"r":12},"geometry":{"type":"MultiPolygon","coordinates":[[[[120.509629,23.765151],[120.50961,23.765109],[120.509323,23.765192],[120.506735,23.765812],[120.506224,23.765881],[120.506127,23.765848],[120.506077,23.765816],[120.506031,23.765773],[120.505985,23.765815],[120.506031,23.765859],[120.506099,23.765902],[120.50621,23.765941],[120.506746,23.765879],[120.509345,23.765236],[120.509629,23.765151]]]]}},{"type":"Feature","properties":{"n":"刺桐北路二段","v":"莿桐鄉","w":3.2,"c":0.8,"r":17},"geometry":{"type":"MultiPolygon","coordinates":[[[[120.505713,23.765861],[120.505664,23.765872],[120.505672,23.76592],[120.505601,23.766017],[120.505507,23.766073],[120.503925,23.766538],[120.503593,23.766594],[120.503458,23.766599],[120.502033,23.766562],[120.501392,23.766533],[120.501066,23.766509],[120.500731,23.766444],[120.500407,23.766339],[120.500074,23.766178],[120.49979,23.765992],[120.499486,23.765727],[120.499262,23.765491],[120.498335,23.764119],[120.49826,23.764119],[120.499211,23.765526],[120.499438,23.765767],[120.499757,23.766039],[120.500046,23.766223],[120.50038,23.766381],[120.500714,23.76649],[120.501056,23.766558],[120.50134,23.766583],[120.502026,23.766618],[120.502975,23.766638],[120.503446,23.766657],[120.503608,23.766653],[120.503939,23.766601],[120.50449,23.766442],[120.505531,23.766126],[120.505648,23.766062],[120.505712,23.765966],[120.505723,23.765919],[120.505713,23.765861]]]]}},{"type":"Feature","properties":{"n":"刺桐北路二段","v":"莿桐鄉","w":3.2,"c":0.8,"r":2},"geometry":{"type":"MultiPolygon","coordinates":[[[[120.498215,23.764058],[120.498284,23.764064],[120.49653,23.761459],[120.496487,23.761378],[120.496475,23.761264],[120.496483,23.761174],[120.496504,23.761103],[120.496542,23.761048],[120.496507,23.761023],[120.496465,23.761088],[120.49644,23.761166],[120.496435,23.761267],[120.496447,23.761382],[120.496482,23.761457],[120.498215,23.764058]]]]}},{"type":"Feature","properties":{"n":"延平路","v":"莿桐鄉","w":3,"c":1.5,"r":1},"geometry":{"type":"MultiPolygon","coordinates":[[[[120.496864,23.75759],[120.496895,23.757587],[120.496927,23.756259],[120.496888,23.756253],[120.496864,23.75759]]]]}},{"type":"Feature","properties":{"n":"延平路","v":"莿桐鄉","w":3,"c":1.5,"r":0},"geometry":{"type":"MultiPolygon","coordinates":[[[[120.496886,23.756189],[120.496917,23.756194],[120.496947,23.755501],[120.49691,23.75548],[120.496886,23.756189]]]]}},{"type":"Feature","properties":{"n":"延平路","v":"莿桐鄉","w":3,"c":1.5,"r":0},"geometry":{"type":"MultiPolygon","coordinates":[[[[120.496905,23.755394],[120.496945,23.755417],[120.497019,23.753971],[120.496973,23.75397],[120.496905,23.755394]]]]}},{"type":"Feature","properties":{"n":"延平路","v":"莿桐鄉","w":2,"c":1,"r":0},"geometry":{"type":"MultiPolygon","coordinates":[[[[120.496973,23.75393],[120.497012,23.753931],[120.497045,23.753313],[120.49706,23.752796],[120.497024,23.752793],[120.497012,23.752957],[120.49701,23.753361],[120.496973,23.75393]]]]}},{"type":"Feature","properties":{"n":"延平路","v":"莿桐鄉","w":1,"c":1,"r":0},"geometry":{"type":"MultiPolygon","coordinates":[[[[120.496732,23.751621],[120.496683,23.751592],[120.496606,23.752815],[120.496673,23.752743],[120.496732,23.751621]]]]}},{"type":"Feature","properties":{"n":"延平路","v":"莿桐鄉","w":1.9,"c":1.9,"r":0},"geometry":{"type":"MultiPolygon","coordinates":[[[[120.496629,23.753898],[120.496657,23.752935],[120.496603,23.752883],[120.496579,23.753896],[120.496629,23.753898]]]]}},{"type":"Feature","properties":{"n":"延平路","v":"莿桐鄉","w":1.1,"c":1.1,"r":0},"geometry":{"type":"MultiPolygon","coordinates":[[[[120.496591,23.754817],[120.496632,23.753929],[120.496578,23.753925],[120.496543,23.754817],[120.496591,23.754817]]]]}},{"type":"Feature","properties":{"n":"延平路","v":"莿桐鄉","w":1.1,"c":1.1,"r":0},"geometry":{"type":"MultiPolygon","coordinates":[[[[120.49651,23.755308],[120.496566,23.755266],[120.496587,23.754856],[120.496537,23.754853],[120.49651,23.755308]]]]}},{"type":"Feature","properties":{"n":"延平路","v":"莿桐鄉","w":1,"c":1,"r":0},"geometry":{"type":"MultiPolygon","coordinates":[[[[120.496553,23.756111],[120.496567,23.755499],[120.496553,23.755421],[120.49653,23.755396],[120.496519,23.755392],[120.496497,23.756105],[120.496553,23.756111]]]]}},{"type":"Feature","properties":{"n":"延平路","v":"莿桐鄉","w":2,"c":1.3,"r":0},"geometry":{"type":"MultiPolygon","coordinates":[[[[120.496485,23.75616],[120.496461,23.757628],[120.496509,23.757586],[120.496558,23.756157],[120.496485,23.75616]]]]}},{"type":"Feature","properties":{"n":"延平路","v":"莿桐鄉","w":2,"c":2,"r":0},"geometry":{"type":"MultiPolygon","coordinates":[[[[120.496465,23.758618],[120.496505,23.757824],[120.496453,23.757774],[120.496415,23.758621],[120.496465,23.758618]]]]}},{"type":"Feature","properties":{"n":"延平路","v":"莿桐鄉","w":2,"c":2,"r":0},"geometry":{"type":"MultiPolygon","coordinates":[[[[120.496306,23.760008],[120.496409,23.759657],[120.496452,23.75941],[120.496468,23.759059],[120.496467,23.758696],[120.496417,23.758692],[120.49642,23.759055],[120.4964,23.759408],[120.49636,23.759643],[120.496254,23.760006],[120.496306,23.760008]]]]}},{"type":"Feature","properties":{"n":"延平路","v":"莿桐鄉","w":1,"c":1,"r":0},"geometry":{"type":"MultiPolygon","coordinates":[[[[120.495695,23.76094],[120.495873,23.760744],[120.496017,23.760555],[120.496111,23.760419],[120.496257,23.760147],[120.496289,23.760066],[120.496239,23.760068],[120.496207,23.760152],[120.496069,23.760398],[120.495842,23.760719],[120.495669,23.760902],[120.495695,23.76094]]]]}},{"type":"Feature","properties":{"n":"縱貫公路","v":"莿桐鄉","w":2,"c":1,"r":0},"geometry":{"type":"MultiPolygon","coordinates":[[[[120.494869,23.761537],[120.495299,23.761285],[120.495618,23.761016],[120.495608,23.760966],[120.495279,23.76125],[120.494848,23.761503],[120.494869,23.761537]]]]}},{"type":"Feature","properties":{"n":"縱貫公路","v":"莿桐鄉","w":2,"c":1.2,"r":1},"geometry":{"type":"MultiPolygon","coordinates":[[[[120.495063,23.761828],[120.495086,23.761863],[120.495737,23.76152],[120.49571,23.761474],[120.495063,23.761828]]]]}},{"type":"Feature","properties":{"n":"莿桐北路二段","v":"莿桐鄉","w":2,"c":1.1,"r":2},"geometry":{"type":"MultiPolygon","coordinates":[[[[120.506199,23.766531],[120.50599,23.766219],[120.504027,23.766807],[120.503751,23.766857],[120.503469,23.766878],[120.501382,23.766804],[120.501039,23.76678],[120.500815,23.766745],[120.500626,23.766698],[120.500303,23.766592],[120.499936,23.76643],[120.499611,23.766217],[120.499263,23.765916],[120.499093,23.765743],[120.498825,23.76537],[120.496258,23.761541],[120.496167,23.761489],[120.496026,23.761437],[120.495916,23.761425],[120.495814,23.761438],[120.495721,23.761468],[120.495747,23.761511],[120.495824,23.761482],[120.495924,23.761467],[120.49603,23.761477],[120.496154,23.761527],[120.496223,23.761562],[120.49906,23.765799],[120.49925,23.765982],[120.499581,23.766266],[120.499915,23.766483],[120.500317,23.766654],[120.500603,23.766741],[120.500815,23.76679],[120.501041,23.766825],[120.501191,23.766839],[120.503475,23.766934],[120.503765,23.766914],[120.504061,23.766848],[120.505969,23.766284],[120.506169,23.766578],[120.506199,23.766531]]]]}},{"type":"Feature","properties":{"n":"南安路","v":"莿桐鄉","w":3.8,"c":2.3,"r":2},"geometry":{"type":"MultiPolygon","coordinates":[[[[120.498195,23.756],[120.498192,23.756046],[120.4987,23.756256],[120.4992,23.756267],[120.499186,23.756228],[120.498702,23.756212],[120.498195,23.756]]]]}},{"type":"Feature","properties":{"n":"中正路","v":"莿桐鄉","w":3.2,"c":2.3,"r":0},"geometry":{"type":"MultiPolygon","coordinates":[[[[120.496898,23.757581],[120.498521,23.757389],[120.499988,23.757245],[120.500023,23.757205],[120.498156,23.757392],[120.496903,23.757544],[120.496898,23.757581]]]]}},{"type":"Feature","properties":{"n":"中正東路","v":"林內鄉","w":2.09,"c":2.09,"r":3},"geometry":{"type":"MultiPolygon","coordinates":[[[[120.626663,23.766832],[120.6267,23.766806],[120.625383,23.765969],[120.625357,23.766009],[120.626663,23.766832]]]]}},{"type":"Feature","properties":{"n":"中正東路","v":"林內鄉","w":1.08,"c":1.08,"r":4},"geometry":{"type":"MultiPolygon","coordinates":[[[[120.623815,23.765347],[120.624733,23.765658],[120.625352,23.765943],[120.625379,23.765901],[120.624749,23.765624],[120.623855,23.765305],[120.623815,23.765347]]]]}},{"type":"Feature","properties":{"n":"中正東路","v":"林內鄉","w":1,"c":1,"r":2},"geometry":{"type":"MultiPolygon","coordinates":[[[[120.623094,23.765169],[120.623758,23.765372],[120.623781,23.765329],[120.623094,23.765122],[120.623094,23.765169]]]]}},{"type":"Feature","properties":{"n":"中正東路","v":"林內鄉","w":1.14,"c":1.14,"r":2},"geometry":{"type":"MultiPolygon","coordinates":[[[[120.62199,23.764279],[120.622577,23.764932],[120.623075,23.765158],[120.623072,23.76512],[120.622603,23.764904],[120.622023,23.764257],[120.62199,23.764279]]]]}},{"type":"Feature","properties":{"n":"中正東路","v":"林內鄉","w":1.88,"c":1.88,"r":2},"geometry":{"type":"MultiPolygon","coordinates":[[[[120.621764,23.76403],[120.621806,23.76401],[120.620885,23.762936],[120.620802,23.762821],[120.620768,23.762849],[120.620841,23.762952],[120.621764,23.76403]]]]}},{"type":"Feature","properties":{"n":"中正東路","v":"林內鄉","w":1.83,"c":1.83,"r":0},"geometry":{"type":"MultiPolygon","coordinates":[[[[120.620133,23.762081],[120.620752,23.762847],[120.620785,23.762814],[120.62018,23.762067],[120.620133,23.762081]]]]}},{"type":"Feature","properties":{"n":"中正路","v":"林內鄉","w":2.05,"c":2.05,"r":0},"geometry":{"type":"MultiPolygon","coordinates":[[[[120.620114,23.762056],[120.620163,23.762042],[120.619814,23.761573],[120.619516,23.76133],[120.619489,23.761369],[120.61976,23.761585],[120.620114,23.762056]]]]}},{"type":"Feature","properties":{"n":"中正路","v":"林內鄉","w":0.95,"c":0.95,"r":0},"geometry":{"type":"MultiPolygon","coordinates":[[[[120.62012,23.762175],[120.620152,23.762144],[120.619723,23.761579],[120.619315,23.761267],[120.619291,23.761289],[120.619702,23.761611],[120.62012,23.762175]]]]}},{"type":"Feature","properties":{"n":"中正東路","v":"林內鄉","w":1.2,"c":1.2,"r":0},"geometry":{"type":"MultiPolygon","coordinates":[[[[120.620167,23.762162],[120.620134,23.762191],[120.620767,23.762971],[120.620809,23.762947],[120.620167,23.762162]]]]}},{"type":"Feature","properties":{"n":"中正東路","v":"林內鄉","w":1.18,"c":1.18,"r":1},"geometry":{"type":"MultiPolygon","coordinates":[[[[120.620817,23.762968],[120.620781,23.76299],[120.621273,23.763557],[120.621312,23.763533],[120.620817,23.762968]]]]}},{"type":"Feature","properties":{"n":"中正東路","v":"林內鄉","w":0.94,"c":0.94,"r":2},"geometry":{"type":"MultiPolygon","coordinates":[[[[120.621291,23.763573],[120.62172,23.764081],[120.621744,23.76404],[120.621319,23.76354],[120.621291,23.763573]]]]}},{"type":"Feature","properties":{"n":"中正東路","v":"林內鄉","w":1.17,"c":1.17,"r":1},"geometry":{"type":"MultiPolygon","coordinates":[[[[120.622161,23.764615],[120.621767,23.764134],[120.621729,23.764159],[120.622121,23.76465],[120.622161,23.764615]]]]}},{"type":"Feature","properties":{"n":"中正路","v":"林內鄉","w":1.47,"c":1.47,"r":1},"geometry":{"type":"MultiPolygon","coordinates":[[[[120.613252,23.755627],[120.613577,23.756153],[120.613636,23.756118],[120.613284,23.755568],[120.613252,23.755627]]]]}},{"type":"Feature","properties":{"n":"中正路","v":"林內鄉","w":2.3,"c":2.3,"r":9},"geometry":{"type":"MultiPolygon","coordinates":[[[[120.613087,23.755397],[120.613157,23.755412],[120.612626,23.754516],[120.612567,23.754538],[120.613087,23.755397]]]]}},{"type":"Feature","properties":{"n":"中正路","v":"林內鄉","w":2.55,"c":2.55,"r":0},"geometry":{"type":"MultiPolygon","coordinates":[[[[120.612516,23.754482],[120.612562,23.754462],[120.611672,23.753039],[120.611621,23.753063],[120.612516,23.754482]]]]}},{"type":"Feature","properties":{"n":"中正路","v":"林內鄉","w":2.48,"c":2.48,"r":17},"geometry":{"type":"MultiPolygon","coordinates":[[[[120.613532,23.756497],[120.612349,23.754524],[120.611523,23.753208],[120.611475,23.753242],[120.613485,23.756527],[120.613532,23.756497]]]]}},{"type":"Feature","properties":{"n":"西濱路二段","v":"麥寮鄉","w":1.9,"c":1.9,"r":1},"geometry":{"type":"MultiPolygon","coordinates":[[[[120.262462,23.750578],[120.262495,23.750589],[120.262763,23.749544],[120.262727,23.749534],[120.262462,23.750578]]]]}},{"type":"Feature","properties":{"n":"西濱路二段","v":"麥寮鄉","w":2.02,"c":2.02,"r":2},"geometry":{"type":"MultiPolygon","coordinates":[[[[120.262732,23.749516],[120.262772,23.749525],[120.26289,23.749108],[120.26297,23.748499],[120.262927,23.748494],[120.262852,23.749113],[120.262732,23.749516]]]]}},{"type":"Feature","properties":{"n":"西濱路二段","v":"麥寮鄉","w":2.25,"c":1.25,"r":5},"geometry":{"type":"MultiPolygon","coordinates":[[[[120.262879,23.747801],[120.262925,23.747802],[120.262886,23.747505],[120.262766,23.747125],[120.26237,23.746385],[120.261997,23.745912],[120.261947,23.745924],[120.262316,23.746396],[120.262711,23.747122],[120.262834,23.747495],[120.262879,23.747801]]]]}},{"type":"Feature","properties":{"n":"西濱路二段","v":"麥寮鄉","w":2.2,"c":1.2,"r":0},"geometry":{"type":"MultiPolygon","coordinates":[[[[120.260252,23.743914],[120.261848,23.745833],[120.261897,23.745812],[120.260286,23.743888],[120.260252,23.743914]]]]}},{"type":"Feature","properties":{"n":"西濱路二段","v":"麥寮鄉","w":2.06,"c":1.01,"r":3},"geometry":{"type":"MultiPolygon","coordinates":[[[[120.260245,23.743899],[120.260284,23.74387],[120.258903,23.742392],[120.258862,23.742421],[120.260245,23.743899]]]]}},{"type":"Feature","properties":{"n":"西濱路二段","v":"麥寮鄉","w":2.3,"c":1.21,"r":2},"geometry":{"type":"MultiPolygon","coordinates":[[[[120.258848,23.742407],[120.258889,23.742376],[120.258477,23.741882],[120.25781,23.741408],[120.257763,23.741437],[120.258427,23.741908],[120.258848,23.742407]]]]}},{"type":"Feature","properties":{"n":"西濱路二段","v":"麥寮鄉","w":2.25,"c":1.29,"r":0},"geometry":{"type":"MultiPolygon","coordinates":[[[[120.256588,23.741084],[120.256578,23.741138],[120.256925,23.741187],[120.257316,23.741304],[120.257707,23.741487],[120.258348,23.741956],[120.258776,23.742458],[120.258825,23.742422],[120.258403,23.741931],[120.257749,23.741455],[120.257342,23.741257],[120.256946,23.741143],[120.256588,23.741084]]]]}},{"type":"Feature","properties":{"n":"西濱路二段","v":"麥寮鄉","w":2.2,"c":1.25,"r":0},"geometry":{"type":"MultiPolygon","coordinates":[[[[120.258795,23.742478],[120.260191,23.743956],[120.26023,23.743923],[120.258835,23.742442],[120.258795,23.742478]]]]}},{"type":"Feature","properties":{"n":"西濱路二段","v":"麥寮鄉","w":2.69,"c":1.64,"r":11},"geometry":{"type":"MultiPolygon","coordinates":[[[[120.262804,23.747812],[120.262849,23.747805],[120.262806,23.74751],[120.26268,23.747122],[120.262281,23.746403],[120.261814,23.745823],[120.260243,23.743936],[120.260208,23.743975],[120.261771,23.745876],[120.262227,23.746443],[120.262629,23.74716],[120.262753,23.747505],[120.262804,23.747812]]]]}},{"type":"Feature","properties":{"n":"西濱路二段","v":"麥寮鄉","w":3,"c":3,"r":3},"geometry":{"type":"MultiPolygon","coordinates":[[[[120.262859,23.747831],[120.262809,23.747838],[120.262863,23.748385],[120.262766,23.749071],[120.262647,23.749493],[120.262704,23.74951],[120.262823,23.74909],[120.262918,23.748383],[120.262859,23.747831]]]]}},{"type":"Feature","properties":{"n":"西濱路二段","v":"麥寮鄉","w":2.28,"c":2.28,"r":1},"geometry":{"type":"MultiPolygon","coordinates":[[[[120.26244,23.750569],[120.262704,23.749533],[120.262644,23.749515],[120.262384,23.750549],[120.26244,23.750569]]]]}},{"type":"Feature","properties":{"n":"光復南路","v":"麥寮鄉","w":4.1,"c":3.22,"r":1},"geometry":{"type":"MultiPolygon","coordinates":[[[[120.256183,23.744365],[120.256119,23.745044],[120.256342,23.745071],[120.256348,23.74503],[120.256161,23.745003],[120.256224,23.74437],[120.256183,23.744365]]]]}},{"type":"Feature","properties":{"n":"明志街","v":"麥寮鄉","w":2.6,"c":1.7,"r":3},"geometry":{"type":"MultiPolygon","coordinates":[[[[120.254085,23.749167],[120.254206,23.749562],[120.253897,23.750087],[120.253773,23.750154],[120.25341,23.750207],[120.253491,23.750732],[120.253541,23.750728],[120.253466,23.750245],[120.253783,23.750196],[120.253915,23.750132],[120.254256,23.749577],[120.254139,23.749149],[120.254085,23.749167]]]]}},{"type":"Feature","properties":{"n":"明德街","v":"麥寮鄉","w":2,"c":2,"r":0},"geometry":{"type":"MultiPolygon","coordinates":[[[[120.254619,23.751101],[120.254627,23.751154],[120.255551,23.751024],[120.255546,23.750974],[120.254619,23.751101]]]]}},{"type":"Feature","properties":{"n":"元東路","v":"元長鄉","w":2.8,"c":1.8,"r":0},"geometry":{"type":"MultiPolygon","coordinates":[[[[120.316192,23.653005],[120.316163,23.653015],[120.316148,23.653043],[120.316898,23.653391],[120.320619,23.655619],[120.320656,23.655571],[120.316906,23.653343],[120.316192,23.653005]]]]}},{"type":"Feature","properties":{"n":"元長外環道","v":"元長鄉","w":2.7,"c":1.7,"r":5},"geometry":{"type":"MultiPolygon","coordinates":[[[[120.312558,23.659112],[120.312431,23.659125],[120.311994,23.6591],[120.311817,23.659067],[120.31169,23.659007],[120.311427,23.658857],[120.311367,23.658792],[120.309603,23.656704],[120.309477,23.656717],[120.309476,23.656738],[120.310978,23.658509],[120.31124,23.658808],[120.311344,23.658908],[120.311531,23.659022],[120.311797,23.659139],[120.311984,23.659179],[120.312454,23.659203],[120.312554,23.659152],[120.312558,23.659112]]]]}},{"type":"Feature","properties":{"n":"元長外環道","v":"元長鄉","w":2.7,"c":1.6,"r":8},"geometry":{"type":"MultiPolygon","coordinates":[[[[120.307355,23.652079],[120.307342,23.652086],[120.307411,23.652713],[120.307645,23.653666],[120.307792,23.654074],[120.308098,23.654809],[120.308398,23.655327],[120.30887,23.656025],[120.3092,23.656445],[120.309305,23.656543],[120.309348,23.656457],[120.308929,23.655978],[120.308211,23.654799],[120.307937,23.654126],[120.307733,23.653656],[120.307503,23.652703],[120.307427,23.652074],[120.307355,23.652079]]]]}},{"type":"Feature","properties":{"n":"元長外環道","v":"元長鄉","w":2.7,"c":1.7,"r":3},"geometry":{"type":"MultiPolygon","coordinates":[[[[120.307242,23.651272],[120.307371,23.651908],[120.307443,23.651886],[120.307253,23.651051],[120.307336,23.649877],[120.307277,23.649881],[120.307199,23.651063],[120.307242,23.651272]]]]}},{"type":"Feature","properties":{"n":"元長外環道","v":"元長鄉","w":2.7,"c":1.7,"r":0},"geometry":{"type":"MultiPolygon","coordinates":[[[[120.307337,23.649805],[120.307461,23.648237],[120.307519,23.647839],[120.307434,23.647852],[120.307387,23.648223],[120.307379,23.648414],[120.307283,23.649813],[120.307337,23.649805]]]]}},{"type":"Feature","properties":{"n":"元長外環道","v":"元長鄉","w":2.7,"c":1.7,"r":0},"geometry":{"type":"MultiPolygon","coordinates":[[[[120.307531,23.647757],[120.307637,23.647354],[120.307776,23.646986],[120.308071,23.646414],[120.308276,23.646113],[120.308663,23.645629],[120.30856,23.645644],[120.308398,23.645821],[120.308212,23.646059],[120.307993,23.646379],[120.307876,23.646587],[120.307689,23.646968],[120.307558,23.647348],[120.307493,23.647568],[120.307446,23.64777],[120.307531,23.647757]]]]}},{"type":"Feature","properties":{"n":"元長外環道","v":"元長鄉","w":2.7,"c":1.6,"r":0},"geometry":{"type":"MultiPolygon","coordinates":[[[[120.308714,23.645565],[120.309339,23.645056],[120.309622,23.644876],[120.310072,23.644639],[120.310406,23.644507],[120.310884,23.644352],[120.311332,23.644247],[120.312521,23.644066],[120.312515,23.644045],[120.312503,23.644033],[120.312472,23.644023],[120.31243,23.644026],[120.31204,23.644091],[120.311332,23.644197],[120.310866,23.6443],[120.310392,23.644447],[120.310049,23.644587],[120.309595,23.644822],[120.309306,23.645008],[120.309091,23.645164],[120.308852,23.645362],[120.308608,23.645584],[120.308714,23.645565]]]]}},{"type":"Feature","properties":{"n":"元長外環道","v":"元長鄉","w":2.8,"c":1.6,"r":0},"geometry":{"type":"MultiPolygon","coordinates":[[[[120.308156,23.64565],[120.308233,23.645641],[120.308631,23.645243],[120.308846,23.645066],[120.309208,23.644802],[120.309671,23.644518],[120.31017,23.644294],[120.31049,23.644183],[120.310851,23.644074],[120.311215,23.643999],[120.312438,23.643804],[120.312465,23.643771],[120.312465,23.643741],[120.310843,23.644012],[120.310118,23.644246],[120.30964,23.644468],[120.309138,23.644773],[120.308584,23.645199],[120.308156,23.64565]]]]}},{"type":"Feature","properties":{"n":"元長外環道","v":"元長鄉","w":2.8,"c":1.6,"r":0},"geometry":{"type":"MultiPolygon","coordinates":[[[[120.308113,23.645709],[120.307924,23.64595],[120.307759,23.646209],[120.307488,23.646669],[120.307312,23.647113],[120.307187,23.647516],[120.307136,23.647818],[120.307202,23.647807],[120.307247,23.647574],[120.307348,23.647204],[120.307542,23.646723],[120.30782,23.646212],[120.307979,23.645972],[120.308194,23.645702],[120.308113,23.645709]]]]}},{"type":"Feature","properties":{"n":"元長外環道","v":"元長鄉","w":2.8,"c":1.6,"r":0},"geometry":{"type":"MultiPolygon","coordinates":[[[[120.307121,23.647901],[120.307077,23.648334],[120.30699,23.649858],[120.307039,23.649848],[120.307137,23.648331],[120.307187,23.647886],[120.307121,23.647901]]]]}},{"type":"Feature","properties":{"n":"元長外環道","v":"元長鄉","w":2.7,"c":1.6,"r":0},"geometry":{"type":"MultiPolygon","coordinates":[[[[120.306986,23.64993],[120.30695,23.650394],[120.306909,23.651065],[120.307088,23.651941],[120.307127,23.651935],[120.30696,23.651059],[120.307038,23.649922],[120.306986,23.64993]]]]}},{"type":"Feature","properties":{"n":"元長外環道","v":"元長鄉","w":2.7,"c":1.6,"r":13},"geometry":{"type":"MultiPolygon","coordinates":[[[[120.307087,23.652111],[120.307128,23.65271],[120.307278,23.653393],[120.307455,23.653965],[120.308052,23.655187],[120.308322,23.655645],[120.308611,23.656045],[120.309249,23.656805],[120.309252,23.656791],[120.309267,23.656773],[120.309265,23.656756],[120.308878,23.656282],[120.308591,23.655912],[120.308413,23.655661],[120.308079,23.655108],[120.307767,23.654489],[120.307513,23.653914],[120.307354,23.653403],[120.307201,23.652737],[120.307153,23.652168],[120.307142,23.652136],[120.307115,23.652119],[120.307087,23.652111]]]]}},{"type":"Feature","properties":{"n":"元長外環道","v":"元長鄉","w":2.6,"c":1.6,"r":7},"geometry":{"type":"MultiPolygon","coordinates":[[[[120.312504,23.659723],[120.312581,23.659723],[120.312563,23.659539],[120.31249,23.659431],[120.312415,23.659387],[120.31234,23.659364],[120.312007,23.659345],[120.311686,23.659264],[120.311511,23.659192],[120.311264,23.659038],[120.311063,23.658863],[120.30988,23.657463],[120.309352,23.656849],[120.309309,23.656866],[120.309824,23.65747],[120.310476,23.658301],[120.310994,23.65892],[120.311211,23.659111],[120.311479,23.659278],[120.311983,23.659431],[120.312345,23.659453],[120.312429,23.659482],[120.312485,23.659558],[120.312504,23.659723]]]]}},{"type":"Feature","properties":{"n":"元西路","v":"元長鄉","w":3.6,"c":2.1,"r":4},"geometry":{"type":"MultiPolygon","coordinates":[[[[120.308581,23.65186],[120.310132,23.651525],[120.310124,23.651469],[120.308567,23.651789],[120.308581,23.65186]]]]}},{"type":"Feature","properties":{"n":"關聖路","v":"四湖鄉","w":2.55,"c":0.65,"r":0},"geometry":{"type":"MultiPolygon","coordinates":[[[[120.22943,23.639325],[120.229902,23.639416],[120.229912,23.63939],[120.229441,23.639296],[120.22943,23.639325]]]]}},{"type":"Feature","properties":{"n":"關聖路","v":"四湖鄉","w":2.55,"c":0.65,"r":0},"geometry":{"type":"MultiPolygon","coordinates":[[[[120.229035,23.639256],[120.229408,23.639325],[120.229419,23.639291],[120.229035,23.639227],[120.229035,23.639256]]]]}},{"type":"Feature","properties":{"n":"關聖路","v":"四湖鄉","w":2.55,"c":0.65,"r":0},"geometry":{"type":"MultiPolygon","coordinates":[[[[120.229038,23.639277],[120.229035,23.639313],[120.22962,23.639411],[120.229636,23.639385],[120.229038,23.639277]]]]}},{"type":"Feature","properties":{"n":"關聖路","v":"四湖鄉","w":2.55,"c":0.65,"r":0},"geometry":{"type":"MultiPolygon","coordinates":[[[[120.229638,23.639421],[120.22988,23.639463],[120.229896,23.639439],[120.22966,23.639396],[120.229638,23.639421]]]]}},{"type":"Feature","properties":{"n":"中山東路","v":"四湖鄉","w":2.95,"c":1.05,"r":0},"geometry":{"type":"MultiPolygon","coordinates":[[[[120.230684,23.637135],[120.23068,23.637101],[120.227629,23.637399],[120.227629,23.637431],[120.230684,23.637135]]]]}},{"type":"Feature","properties":{"n":"中山東路","v":"四湖鄉","w":1.4,"c":1.4,"r":0},"geometry":{"type":"MultiPolygon","coordinates":[[[[120.227818,23.637431],[120.227823,23.637459],[120.228814,23.637378],[120.228809,23.637342],[120.227818,23.637431]]]]}},{"type":"Feature","properties":{"n":"中山東路","v":"四湖鄉","w":1.4,"c":1.4,"r":0},"geometry":{"type":"MultiPolygon","coordinates":[[[[120.228828,23.637377],[120.230211,23.637229],[120.230206,23.63719],[120.228823,23.637336],[120.228828,23.637377]]]]}},{"type":"Feature","properties":{"n":"中山東路","v":"四湖鄉","w":1.4,"c":1.4,"r":0},"geometry":{"type":"MultiPolygon","coordinates":[[[[120.230226,23.637193],[120.230231,23.637231],[120.230695,23.637186],[120.230695,23.637147],[120.230226,23.637193]]]]}},{"type":"Feature","properties":{"n":"下鹿場路","v":"四湖鄉","w":1.8,"c":1.1,"r":0},"geometry":{"type":"MultiPolygon","coordinates":[[[[120.233048,23.637026],[120.233089,23.637018],[120.233121,23.636963],[120.233133,23.636741],[120.233133,23.636588],[120.2331,23.636586],[120.233107,23.636743],[120.233085,23.636963],[120.233048,23.637026]]]]}},{"type":"Feature","properties":{"n":"環湖東路","v":"四湖鄉","w":2,"c":0.8,"r":0},"geometry":{"type":"MultiPolygon","coordinates":[[[[120.229421,23.635335],[120.23054,23.635705],[120.232872,23.636352],[120.233001,23.636438],[120.233084,23.636583],[120.233079,23.63651],[120.233043,23.636419],[120.232888,23.636322],[120.230548,23.635673],[120.229432,23.635302],[120.229421,23.635335]]]]}},{"type":"Feature","properties":{"n":"環湖東路","v":"四湖鄉","w":2,"c":0.8,"r":0},"geometry":{"type":"MultiPolygon","coordinates":[[[[120.225596,23.634042],[120.22632,23.634266],[120.227472,23.634698],[120.229392,23.635325],[120.229403,23.635293],[120.22748,23.634665],[120.226383,23.63425],[120.225611,23.634007],[120.225596,23.634042]]]]}},{"type":"Feature","properties":{"n":"環湖東路","v":"四湖鄉","w":2,"c":0.8,"r":0},"geometry":{"type":"MultiPolygon","coordinates":[[[[120.225581,23.634061],[120.225568,23.634099],[120.226093,23.634267],[120.226104,23.634229],[120.225581,23.634061]]]]}},{"type":"Feature","properties":{"n":"環湖東路","v":"四湖鄉","w":2,"c":0.8,"r":0},"geometry":{"type":"MultiPolygon","coordinates":[[[[120.226123,23.634234],[120.226112,23.634276],[120.226342,23.634343],[120.226353,23.634301],[120.226123,23.634234]]]]}},{"type":"Feature","properties":{"n":"環湖東路","v":"四湖鄉","w":2,"c":0.8,"r":0},"geometry":{"type":"MultiPolygon","coordinates":[[[[120.226364,23.634353],[120.227448,23.634763],[120.228002,23.634935],[120.228013,23.634894],[120.227475,23.634729],[120.226383,23.634318],[120.226364,23.634353]]]]}},{"type":"Feature","properties":{"n":"環湖東路","v":"四湖鄉","w":2,"c":0.8,"r":0},"geometry":{"type":"MultiPolygon","coordinates":[[[[120.22803,23.634902],[120.228024,23.63494],[120.230519,23.635765],[120.230512,23.635719],[120.22803,23.634902]]]]}},{"type":"Feature","properties":{"n":"環湖東路","v":"四湖鄉","w":2,"c":0.8,"r":1},"geometry":{"type":"MultiPolygon","coordinates":[[[[120.231738,23.636069],[120.230547,23.635729],[120.230549,23.635765],[120.231732,23.6361],[120.231738,23.636069]]]]}},{"type":"Feature","properties":{"n":"環湖東路","v":"四湖鄉","w":2,"c":0.8,"r":2},"geometry":{"type":"MultiPolygon","coordinates":[[[[120.231757,23.636106],[120.231749,23.636106],[120.232818,23.636398],[120.232947,23.636478],[120.233014,23.636605],[120.233042,23.636782],[120.233028,23.636896],[120.232991,23.63703],[120.233027,23.63703],[120.233072,23.636901],[120.233083,23.636777],[120.233058,23.636593],[120.232981,23.636456],[120.232839,23.636365],[120.231765,23.636071],[120.231757,23.636106]]]]}},{"type":"Feature","properties":{"n":"中山西路","v":"四湖鄉","w":6.4,"c":0.8,"r":0},"geometry":{"type":"MultiPolygon","coordinates":[[[[120.224642,23.637634],[120.224105,23.637629],[120.224104,23.637677],[120.224655,23.637677],[120.224642,23.637634]]]]}},{"type":"Feature","properties":{"n":"環湖西路","v":"四湖鄉","w":3.15,"c":1.75,"r":0},"geometry":{"type":"MultiPolygon","coordinates":[[[[120.22445,23.634175],[120.224443,23.634138],[120.221727,23.634517],[120.221097,23.634576],[120.221102,23.634614],[120.221722,23.634555],[120.22445,23.634175]]]]}},{"type":"Feature","properties":{"n":"雲158縣道","v":"虎尾鎮","w":3.5,"c":3.5,"r":0},"geometry":{"type":"MultiPolygon","coordinates":[[[[120.449933,23.707448],[120.449968,23.70749],[120.451679,23.706541],[120.451648,23.706495],[120.449933,23.707448]]]]}},{"type":"Feature","properties":{"n":"行政路","v":"虎尾鎮","w":3.6,"c":1.6,"r":11},"geometry":{"type":"MultiPolygon","coordinates":[[[[120.444526,23.707978],[120.444956,23.709422],[120.445029,23.709412],[120.444594,23.707948],[120.444526,23.707978]]]]}},{"type":"Feature","properties":{"n":"光復路","v":"虎尾鎮","w":3.8,"c":2.3,"r":1},"geometry":{"type":"MultiPolygon","coordinates":[[[[120.444956,23.709422],[120.444974,23.709476],[120.44637,23.709354],[120.446471,23.709302],[120.444956,23.709422]]]]}},{"type":"Feature","properties":{"n":"成德五街","v":"虎尾鎮","w":1,"c":1,"r":0},"geometry":{"type":"MultiPolygon","coordinates":[[[[120.450829,23.709697],[120.449598,23.710565],[120.44966,23.710604],[120.450855,23.709753],[120.450829,23.709697]]]]}},{"type":"Feature","properties":{"n":"成德五街","v":"虎尾鎮","w":1,"c":1,"r":0},"geometry":{"type":"MultiPolygon","coordinates":[[[[120.44957,23.710553],[120.450822,23.709668],[120.450788,23.709611],[120.449512,23.710519],[120.44957,23.710553]]]]}},{"type":"Feature","properties":{"n":"成德三街","v":"虎尾鎮","w":1,"c":1,"r":0},"geometry":{"type":"MultiPolygon","coordinates":[[[[120.448998,23.710162],[120.449053,23.710195],[120.450331,23.709163],[120.450282,23.70913],[120.448998,23.710162]]]]}},{"type":"Feature","properties":{"n":"成和一街","v":"虎尾鎮","w":1,"c":1,"r":0},"geometry":{"type":"MultiPolygon","coordinates":[[[[120.446871,23.710006],[120.446889,23.710054],[120.447794,23.709606],[120.448189,23.709383],[120.448164,23.709339],[120.447768,23.709563],[120.446871,23.710006]]]]}},{"type":"Feature","properties":{"n":"成和五街","v":"虎尾鎮","w":1,"c":0.8,"r":0},"geometry":{"type":"MultiPolygon","coordinates":[[[[120.447488,23.711425],[120.447509,23.711473],[120.448507,23.711653],[120.448818,23.711093],[120.448441,23.710549],[120.447396,23.711191],[120.447416,23.711255],[120.447453,23.711236],[120.447442,23.711198],[120.448426,23.710604],[120.448766,23.711095],[120.448486,23.71161],[120.44754,23.711435],[120.447525,23.711394],[120.447483,23.711408],[120.447488,23.711425]]]]}},{"type":"Feature","properties":{"n":"成德三街","v":"虎尾鎮","w":1,"c":0.8,"r":0},"geometry":{"type":"MultiPolygon","coordinates":[[[[120.447383,23.711175],[120.448429,23.710536],[120.448106,23.710069],[120.448052,23.710102],[120.448346,23.710521],[120.447365,23.711125],[120.447383,23.711175]]]]}},{"type":"Feature","properties":{"n":"光復路","v":"虎尾鎮","w":4.7,"c":2.5,"r":2},"geometry":{"type":"MultiPolygon","coordinates":[[[[120.442518,23.709718],[120.441205,23.709841],[120.441208,23.709903],[120.44253,23.709779],[120.442518,23.709718]]]]}},{"type":"Feature","properties":{"n":"弘道路","v":"虎尾鎮","w":3.6,"c":1.8,"r":2},"geometry":{"type":"MultiPolygon","coordinates":[[[[120.441207,23.709903],[120.441283,23.710945],[120.441345,23.711588],[120.441423,23.712142],[120.441468,23.712594],[120.441528,23.713342],[120.441555,23.713526],[120.441602,23.713595],[120.441685,23.713679],[120.441744,23.713668],[120.441649,23.713567],[120.441615,23.713509],[120.441587,23.71333],[120.441488,23.712133],[120.441415,23.711576],[120.441353,23.710928],[120.441285,23.709898],[120.441207,23.709903]]]]}},{"type":"Feature","properties":{"n":"東仁路","v":"虎尾鎮","w":3.4,"c":2.1,"r":0},"geometry":{"type":"MultiPolygon","coordinates":[[[[120.440278,23.712725],[120.439255,23.712815],[120.439115,23.712845],[120.439122,23.712895],[120.439262,23.712867],[120.44028,23.712778],[120.440278,23.712725]]]]}},{"type":"Feature","properties":{"n":"東仁路","v":"虎尾鎮","w":3.4,"c":2,"r":0},"geometry":{"type":"MultiPolygon","coordinates":[[[[120.439111,23.712844],[120.438392,23.713346],[120.438428,23.713383],[120.439117,23.712898],[120.439111,23.712844]]]]}},{"type":"Feature","properties":{"n":"林森路一段203巷","v":"虎尾鎮","w":2.9,"c":2.9,"r":0},"geometry":{"type":"MultiPolygon","coordinates":[[[[120.438391,23.713342],[120.438339,23.71338],[120.439068,23.714224],[120.439078,23.714269],[120.439049,23.71432],[120.43909,23.71437],[120.439124,23.714305],[120.43913,23.714215],[120.438391,23.713342]]]]}},{"type":"Feature","properties":{"n":"東明路","v":"虎尾鎮","w":3.4,"c":2.1,"r":0},"geometry":{"type":"MultiPolygon","coordinates":[[[[120.440414,23.714392],[120.440373,23.714348],[120.439545,23.714911],[120.439592,23.714956],[120.440414,23.714392]]]]}},{"type":"Feature","properties":{"n":"博愛路","v":"虎尾鎮","w":2.6,"c":1.7,"r":0},"geometry":{"type":"MultiPolygon","coordinates":[[[[120.436757,23.714611],[120.436697,23.714587],[120.436474,23.71584],[120.436531,23.715836],[120.436757,23.714611]]]]}},{"type":"Feature","properties":{"n":"明正路","v":"虎尾鎮","w":4,"c":2.5,"r":0},"geometry":{"type":"MultiPolygon","coordinates":[[[[120.432878,23.714069],[120.433583,23.714791],[120.43467,23.716042],[120.434725,23.716009],[120.433627,23.714746],[120.432938,23.714029],[120.432878,23.714069]]]]}},{"type":"Feature","properties":{"n":"明正路","v":"虎尾鎮","w":4.4,"c":3.8,"r":0},"geometry":{"type":"MultiPolygon","coordinates":[[[[120.43568,23.715965],[120.434952,23.716127],[120.434659,23.716066],[120.434427,23.715795],[120.434372,23.71584],[120.434623,23.716119],[120.434939,23.716188],[120.435687,23.716023],[120.43568,23.715965]]]]}},{"type":"Feature","properties":{"n":"博愛路","v":"虎尾鎮","w":4,"c":2.5,"r":0},"geometry":{"type":"MultiPolygon","coordinates":[[[[120.43653,23.715859],[120.436465,23.715867],[120.436334,23.716681],[120.436396,23.716686],[120.43653,23.715859]]]]}},{"type":"Feature","properties":{"n":"明正路","v":"虎尾鎮","w":4.7,"c":2.7,"r":2},"geometry":{"type":"MultiPolygon","coordinates":[[[[120.431468,23.712468],[120.431404,23.712505],[120.432793,23.714122],[120.433026,23.714369],[120.433085,23.714323],[120.432853,23.714081],[120.431468,23.712468]]]]}},{"type":"Feature","properties":{"n":"水源路","v":"虎尾鎮","w":6.4,"c":2,"r":4},"geometry":{"type":"MultiPolygon","coordinates":[[[[120.434205,23.712866],[120.434127,23.712782],[120.433871,23.712719],[120.433335,23.712342],[120.433137,23.712083],[120.433079,23.712119],[120.433283,23.712385],[120.433839,23.712774],[120.434156,23.712856],[120.434205,23.712866]]]]}},{"type":"Feature","properties":{"n":"水源路","v":"虎尾鎮","w":6.5,"c":1.9,"r":0},"geometry":{"type":"MultiPolygon","coordinates":[[[[120.433069,23.712105],[120.433118,23.712074],[120.432803,23.711746],[120.432751,23.711777],[120.433069,23.712105]]]]}},{"type":"Feature","properties":{"n":"水源路","v":"虎尾鎮","w":3.2,"c":1.7,"r":2},"geometry":{"type":"MultiPolygon","coordinates":[[[[120.432731,23.711761],[120.432777,23.711735],[120.432263,23.711327],[120.432252,23.711382],[120.432731,23.711761]]]]}},{"type":"Feature","properties":{"n":"水源路","v":"虎尾鎮","w":3.3,"c":1.8,"r":0},"geometry":{"type":"MultiPolygon","coordinates":[[[[120.432268,23.711302],[120.432806,23.711717],[120.432864,23.711684],[120.432292,23.711242],[120.432268,23.711302]]]]}},{"type":"Feature","properties":{"n":"水源路","v":"虎尾鎮","w":2.6,"c":2.1,"r":1},"geometry":{"type":"MultiPolygon","coordinates":[[[[120.432883,23.7117],[120.432823,23.711733],[120.433156,23.712067],[120.433357,23.712318],[120.433888,23.712695],[120.434124,23.712761],[120.434126,23.712689],[120.433914,23.712638],[120.43342,23.712283],[120.433213,23.712029],[120.43296,23.711774],[120.432883,23.7117]]]]}},{"type":"Feature","properties":{"n":"新興路","v":"虎尾鎮","w":2.1,"c":1.8,"r":0},"geometry":{"type":"MultiPolygon","coordinates":[[[[120.434259,23.712215],[120.4343,23.712172],[120.433975,23.711819],[120.433919,23.71186],[120.434259,23.712215]]]]}},{"type":"Feature","properties":{"n":"公安路","v":"虎尾鎮","w":3.1,"c":0.8,"r":2},"geometry":{"type":"MultiPolygon","coordinates":[[[[120.433165,23.709043],[120.432898,23.709568],[120.432637,23.710105],[120.432704,23.710138],[120.432971,23.70959],[120.433233,23.709079],[120.433165,23.709043]]]]}},{"type":"Feature","properties":{"n":"復興路","v":"虎尾鎮","w":2.9,"c":1.6,"r":0},"geometry":{"type":"MultiPolygon","coordinates":[[[[120.432971,23.709584],[120.433282,23.709703],[120.433841,23.70996],[120.434009,23.710121],[120.434064,23.710069],[120.433906,23.70992],[120.433323,23.70965],[120.433002,23.709532],[120.432971,23.709584]]]]}},{"type":"Feature","properties":{"n":"林森路一段","v":"虎尾鎮","w":1.5,"c":1.5,"r":0},"geometry":{"type":"MultiPolygon","coordinates":[[[[120.43174,23.708879],[120.431792,23.708896],[120.43196,23.708562],[120.432573,23.708843],[120.432607,23.708801],[120.431931,23.708495],[120.43174,23.708879]]]]}},{"type":"Feature","properties":{"n":"林森路一段","v":"虎尾鎮","w":3.2,"c":2.3,"r":2},"geometry":{"type":"MultiPolygon","coordinates":[[[[120.433231,23.709083],[120.433205,23.709143],[120.433544,23.709285],[120.433977,23.709511],[120.434013,23.709466],[120.433578,23.70924],[120.433231,23.709083]]]]}},{"type":"Feature","properties":{"n":"林森路一段","v":"虎尾鎮","w":1.2,"c":1.2,"r":2},"geometry":{"type":"MultiPolygon","coordinates":[[[[120.43315,23.709018],[120.433183,23.708956],[120.431968,23.708421],[120.431937,23.708483],[120.43315,23.709018]]]]}},{"type":"Feature","properties":{"n":"中山路","v":"虎尾鎮","w":1.4,"c":0.7,"r":0},"geometry":{"type":"MultiPolygon","coordinates":[[[[120.433595,23.709224],[120.433653,23.709256],[120.434067,23.708512],[120.43401,23.708483],[120.433595,23.709224]]]]}},{"type":"Feature","properties":{"n":"中山路","v":"虎尾鎮","w":1.2,"c":0.8,"r":0},"geometry":{"type":"MultiPolygon","coordinates":[[[[120.434017,23.708466],[120.434072,23.708493],[120.434334,23.707949],[120.434274,23.707918],[120.434017,23.708466]]]]}},{"type":"Feature","properties":{"n":"中山路","v":"虎尾鎮","w":1.1,"c":0.9,"r":0},"geometry":{"type":"MultiPolygon","coordinates":[[[[120.434276,23.707904],[120.434341,23.707932],[120.434603,23.707429],[120.434543,23.707396],[120.434276,23.707904]]]]}},{"type":"Feature","properties":{"n":"中山路","v":"虎尾鎮","w":1.1,"c":0.8,"r":0},"geometry":{"type":"MultiPolygon","coordinates":[[[[120.434865,23.706863],[120.434561,23.707377],[120.434614,23.707402],[120.434927,23.706889],[120.434865,23.706863]]]]}},{"type":"Feature","properties":{"n":"中山路","v":"虎尾鎮","w":6.6,"c":0.9,"r":0},"geometry":{"type":"MultiPolygon","coordinates":[[[[120.434875,23.706845],[120.434937,23.706868],[120.435335,23.706134],[120.435741,23.705342],[120.436303,23.704191],[120.436233,23.704169],[120.435681,23.705297],[120.435268,23.706098],[120.434875,23.706845]]]]}},{"type":"Feature","properties":{"n":"中山路","v":"虎尾鎮","w":2,"c":1.1,"r":0},"geometry":{"type":"MultiPolygon","coordinates":[[[[120.436557,23.703555],[120.436619,23.703578],[120.436995,23.70289],[120.436923,23.702873],[120.436557,23.703555]]]]}},{"type":"Feature","properties":{"n":"中山路","v":"虎尾鎮","w":1.2,"c":1,"r":0},"geometry":{"type":"MultiPolygon","coordinates":[[[[120.434535,23.707365],[120.434846,23.706852],[120.434778,23.706818],[120.43447,23.707331],[120.434535,23.707365]]]]}},{"type":"Feature","properties":{"n":"中山路","v":"虎尾鎮","w":1.2,"c":0.9,"r":0},"geometry":{"type":"MultiPolygon","coordinates":[[[[120.434469,23.707355],[120.434189,23.707859],[120.434259,23.707887],[120.434527,23.707384],[120.434469,23.707355]]]]}},{"type":"Feature","properties":{"n":"中山路","v":"虎尾鎮","w":1.2,"c":1.2,"r":0},"geometry":{"type":"MultiPolygon","coordinates":[[[[120.434247,23.707912],[120.434176,23.707881],[120.433935,23.708427],[120.434001,23.708456],[120.434247,23.707912]]]]}},{"type":"Feature","properties":{"n":"中山路","v":"虎尾鎮","w":1.9,"c":0,"r":0},"geometry":{"type":"MultiPolygon","coordinates":[[[[120.433925,23.708448],[120.43351,23.709184],[120.433572,23.709214],[120.433988,23.708476],[120.433925,23.708448]]]]}},{"type":"Feature","properties":{"n":"新生路","v":"虎尾鎮","w":5.9,"c":3.9,"r":1},"geometry":{"type":"MultiPolygon","coordinates":[[[[120.435746,23.707211],[120.43572,23.707261],[120.436583,23.707649],[120.436617,23.707599],[120.435746,23.707211]]]]}},{"type":"Feature","properties":{"n":"民主路","v":"虎尾鎮","w":3.5,"c":3.5,"r":0},"geometry":{"type":"MultiPolygon","coordinates":[[[[120.433955,23.703106],[120.433114,23.702776],[120.433048,23.702733],[120.432956,23.702874],[120.433014,23.702896],[120.433061,23.702817],[120.433929,23.703159],[120.433955,23.703106]]]]}},{"type":"Feature","properties":{"n":"民主路","v":"虎尾鎮","w":2.6,"c":2.6,"r":2},"geometry":{"type":"MultiPolygon","coordinates":[[[[120.433124,23.702748],[120.433155,23.702694],[120.432238,23.702258],[120.432207,23.702315],[120.433124,23.702748]]]]}},{"type":"Feature","properties":{"n":"民主路","v":"虎尾鎮","w":2,"c":2,"r":2},"geometry":{"type":"MultiPolygon","coordinates":[[[[120.430865,23.701553],[120.43082,23.701704],[120.431618,23.702042],[120.43219,23.702306],[120.432216,23.702244],[120.43152,23.701919],[120.430906,23.701668],[120.430935,23.701587],[120.430865,23.701553]]]]}},{"type":"Feature","properties":{"n":"文化路","v":"虎尾鎮","w":1.7,"c":13,"r":2},"geometry":{"type":"MultiPolygon","coordinates":[[[[120.430018,23.704311],[120.430088,23.70433],[120.43034,23.703645],[120.43027,23.703626],[120.430018,23.704311]]]]}},{"type":"Feature","properties":{"n":"文化路","v":"虎尾鎮","w":1.5,"c":1.5,"r":2},"geometry":{"type":"MultiPolygon","coordinates":[[[[120.430862,23.70183],[120.430792,23.701796],[120.430328,23.703471],[120.430275,23.703602],[120.430351,23.703619],[120.430398,23.703495],[120.430669,23.702534],[120.430862,23.70183]]]]}},{"type":"Feature","properties":{"n":"民主路","v":"虎尾鎮","w":2,"c":2,"r":2},"geometry":{"type":"MultiPolygon","coordinates":[[[[120.430794,23.701778],[120.430791,23.701795],[120.431563,23.702118],[120.431597,23.702061],[120.430805,23.701728],[120.430794,23.701778]]]]}},{"type":"Feature","properties":{"n":"文化路","v":"虎尾鎮","w":4,"c":2.2,"r":3},"geometry":{"type":"MultiPolygon","coordinates":[[[[120.429994,23.704309],[120.430241,23.703624],[120.430166,23.703595],[120.429925,23.70429],[120.429994,23.704309]]]]}},{"type":"Feature","properties":{"n":"文化路","v":"虎尾鎮","w":2,"c":2,"r":2},"geometry":{"type":"MultiPolygon","coordinates":[[[[120.430253,23.70359],[120.430303,23.703452],[120.430793,23.701698],[120.430851,23.70154],[120.43077,23.701511],[120.430715,23.701676],[120.430183,23.703569],[120.430253,23.70359]]]]}},{"type":"Feature","properties":{"n":"長春路","v":"虎尾鎮","w":3.4,"c":1.8,"r":0},"geometry":{"type":"MultiPolygon","coordinates":[[[[120.428674,23.70074],[120.430748,23.701572],[120.430764,23.701524],[120.428695,23.700678],[120.428671,23.70074],[120.428674,23.70074]]]]}},{"type":"Feature","properties":{"n":"八德街","v":"虎尾鎮","w":2,"c":1,"r":1},"geometry":{"type":"MultiPolygon","coordinates":[[[[120.427944,23.702776],[120.428013,23.702819],[120.428756,23.700772],[120.428671,23.700741],[120.427944,23.702776]]]]}},{"type":"Feature","properties":{"n":"安慶圳","v":"虎尾鎮","w":5.3,"c":2.6,"r":1},"geometry":{"type":"MultiPolygon","coordinates":[[[[120.429022,23.703536],[120.42908,23.703469],[120.428045,23.702732],[120.428016,23.702816],[120.429022,23.703536]]]]}},{"type":"Feature","properties":{"n":"工專路","v":"虎尾鎮","w":2.7,"c":2.7,"r":0},"geometry":{"type":"MultiPolygon","coordinates":[[[[120.425407,23.701247],[120.425326,23.701242],[120.425037,23.70222],[120.424805,23.703182],[120.42488,23.703195],[120.425113,23.702235],[120.425407,23.701247]]]]}},{"type":"Feature","properties":{"n":"工專一街","v":"虎尾鎮","w":3.1,"c":2.41,"r":2},"geometry":{"type":"MultiPolygon","coordinates":[[[[120.425327,23.701246],[120.424775,23.701225],[120.424116,23.70122],[120.424053,23.701224],[120.423324,23.701207],[120.423323,23.701277],[120.424062,23.701295],[120.424119,23.701291],[120.424768,23.701286],[120.425305,23.70131],[120.425327,23.701246]]]]}},{"type":"Feature","properties":{"n":"工專路105巷","v":"虎尾鎮","w":3,"c":1.2,"r":0},"geometry":{"type":"MultiPolygon","coordinates":[[[[120.424805,23.703188],[120.424821,23.703119],[120.424232,23.703019],[120.423654,23.702909],[120.423465,23.702851],[120.422952,23.70262],[120.422903,23.702656],[120.423439,23.702904],[120.423628,23.702964],[120.424206,23.703079],[120.424805,23.703188]]]]}},{"type":"Feature","properties":{"n":"忠孝路","v":"虎尾鎮","w":2.4,"c":0.9,"r":2},"geometry":{"type":"MultiPolygon","coordinates":[[[[120.427538,23.707164],[120.428768,23.706443],[120.428732,23.70639],[120.427484,23.707126],[120.427538,23.707164]]]]}},{"type":"Feature","properties":{"n":"林森路二段","v":"虎尾鎮","w":2.3,"c":2.3,"r":1},"geometry":{"type":"MultiPolygon","coordinates":[[[[120.423286,23.697097],[120.423349,23.697061],[120.422704,23.696385],[120.422644,23.696425],[120.423286,23.697097]]]]}},{"type":"Feature","properties":{"n":"成德五街","v":"虎尾鎮","w":1,"c":1,"r":0},"geometry":{"type":"MultiPolygon","coordinates":[[[[120.448841,23.711103],[120.448901,23.711141],[120.449637,23.71062],[120.449573,23.71058],[120.448841,23.711103]]]]}},{"type":"Feature","properties":{"n":"成德三街","v":"虎尾鎮","w":1,"c":1,"r":0},"geometry":{"type":"MultiPolygon","coordinates":[[[[120.450256,23.709119],[120.450191,23.709083],[120.448931,23.710099],[120.448983,23.710147],[120.450256,23.709119]]]]}},{"type":"Feature","properties":{"n":"成和一街","v":"虎尾鎮","w":1,"c":1,"r":0},"geometry":{"type":"MultiPolygon","coordinates":[[[[120.44686,23.709979],[120.447763,23.70954],[120.44815,23.709321],[120.448114,23.709271],[120.447724,23.709504],[120.446837,23.709924],[120.44686,23.709979]]]]}},{"type":"Feature","properties":{"n":"成德一街","v":"虎尾鎮","w":1,"c":1,"r":0},"geometry":{"type":"MultiPolygon","coordinates":[[[[120.448186,23.709331],[120.448222,23.709372],[120.449434,23.708667],[120.449377,23.708633],[120.448186,23.709331]]]]}},{"type":"Feature","properties":{"n":"成德一街","v":"虎尾鎮","w":1,"c":1,"r":0},"geometry":{"type":"MultiPolygon","coordinates":[[[[120.448169,23.709311],[120.44936,23.70862],[120.449322,23.708562],[120.44813,23.70926],[120.448169,23.709311]]]]}},{"type":"Feature","properties":{"n":"新興路","v":"虎尾鎮","w":3,"c":2.5,"r":2},"geometry":{"type":"MultiPolygon","coordinates":[[[[120.433933,23.711854],[120.434262,23.712219],[120.434301,23.712171],[120.433973,23.71182],[120.433933,23.711854]]]]}},{"type":"Feature","properties":{"n":"公安路75巷","v":"虎尾鎮","w":1.4,"c":1,"r":0},"geometry":{"type":"MultiPolygon","coordinates":[[[[120.43094,23.710349],[120.432222,23.711364],[120.43224,23.711302],[120.430968,23.710295],[120.43094,23.710349]]]]}},{"type":"Feature","properties":{"n":"公安路75巷","v":"虎尾鎮","w":1.5,"c":1.2,"r":0},"geometry":{"type":"MultiPolygon","coordinates":[[[[120.430973,23.710278],[120.432247,23.711286],[120.432266,23.711222],[120.431004,23.710219],[120.430973,23.710278]]]]}},{"type":"Feature","properties":{"n":"公正路","v":"西螺鎮","w":3.5,"c":2.8,"r":0},"geometry":{"type":"MultiPolygon","coordinates":[[[[120.462287,23.803662],[120.462287,23.803619],[120.461597,23.803569],[120.461592,23.803344],[120.46153,23.803344],[120.461532,23.803607],[120.462287,23.803662]]]]}},{"type":"Feature","properties":{"n":"公正路","v":"西螺鎮","w":2.2,"c":1.2,"r":0},"geometry":{"type":"MultiPolygon","coordinates":[[[[120.461537,23.802163],[120.461534,23.803311],[120.461593,23.803315],[120.461601,23.802189],[120.461537,23.802163]]]]}},{"type":"Feature","properties":{"n":"公正路","v":"西螺鎮","w":2.2,"c":1.3,"r":0},"geometry":{"type":"MultiPolygon","coordinates":[[[[120.46154,23.80214],[120.461602,23.802169],[120.461805,23.801424],[120.461741,23.801378],[120.46154,23.80214]]]]}},{"type":"Feature","properties":{"n":"公正路","v":"西螺鎮","w":1.5,"c":1.2,"r":0},"geometry":{"type":"MultiPolygon","coordinates":[[[[120.461787,23.801225],[120.461849,23.801263],[120.46192,23.801029],[120.461918,23.800981],[120.461853,23.800976],[120.461853,23.801017],[120.461787,23.801225]]]]}},{"type":"Feature","properties":{"n":"青雲路","v":"虎尾鎮","w":2,"c":0.7,"r":3},"geometry":{"type":"MultiPolygon","coordinates":[[[[120.427041,23.737755],[120.427119,23.737805],[120.428305,23.736469],[120.428267,23.736362],[120.427041,23.737755]]]]}},{"type":"Feature","properties":{"n":"青雲路","v":"虎尾鎮","w":1.9,"c":1.1,"r":2},"geometry":{"type":"MultiPolygon","coordinates":[[[[120.428962,23.735565],[120.429015,23.735612],[120.429628,23.734947],[120.429629,23.734851],[120.428962,23.735565]]]]}},{"type":"Feature","properties":{"n":"青雲路","v":"虎尾鎮","w":1.9,"c":1,"r":2},"geometry":{"type":"MultiPolygon","coordinates":[[[[120.429752,23.73466],[120.429801,23.734736],[120.43014,23.734351],[120.43048,23.733863],[120.430415,23.733803],[120.430063,23.734339],[120.429752,23.73466]]]]}},{"type":"Feature","properties":{"n":"青雲路","v":"虎尾鎮","w":2,"c":1,"r":2},"geometry":{"type":"MultiPolygon","coordinates":[[[[120.430565,23.733632],[120.430645,23.733674],[120.431598,23.732367],[120.43156,23.732271],[120.430565,23.733632]]]]}},{"type":"Feature","properties":{"n":"青雲路","v":"虎尾鎮","w":1.9,"c":1,"r":2},"geometry":{"type":"MultiPolygon","coordinates":[[[[120.431659,23.732134],[120.431724,23.73217],[120.432167,23.731598],[120.432129,23.731526],[120.431659,23.732134]]]]}},{"type":"Feature","properties":{"n":"青雲路","v":"虎尾鎮","w":2,"c":1,"r":1},"geometry":{"type":"MultiPolygon","coordinates":[[[[120.432248,23.731299],[120.432315,23.731311],[120.432487,23.730464],[120.43241,23.730476],[120.432248,23.731299]]]]}},{"type":"Feature","properties":{"n":"青雲路","v":"虎尾鎮","w":1.9,"c":1,"r":1},"geometry":{"type":"MultiPolygon","coordinates":[[[[120.432408,23.730309],[120.432473,23.730333],[120.432632,23.729461],[120.432568,23.729425],[120.432408,23.730309]]]]}},{"type":"Feature","properties":{"n":"興隆街","v":"虎尾鎮","w":1.1,"c":1.1,"r":2},"geometry":{"type":"MultiPolygon","coordinates":[[[[120.429702,23.733619],[120.429775,23.733618],[120.42982,23.732209],[120.429729,23.732197],[120.429702,23.733619]]]]}},{"type":"Feature","properties":{"n":"興隆街","v":"虎尾鎮","w":1.2,"c":1.2,"r":2},"geometry":{"type":"MultiPolygon","coordinates":[[[[120.429765,23.732079],[120.429843,23.73208],[120.429858,23.731435],[120.42978,23.731446],[120.429765,23.732079]]]]}},{"type":"Feature","properties":{"n":"興隆街","v":"虎尾鎮","w":1.2,"c":0.7,"r":2},"geometry":{"type":"MultiPolygon","coordinates":[[[[120.429755,23.731207],[120.429833,23.731231],[120.429888,23.730419],[120.429784,23.730407],[120.429755,23.731207]]]]}},{"type":"Feature","properties":{"n":"興隆街","v":"虎尾鎮","w":1.2,"c":1.2,"r":1},"geometry":{"type":"MultiPolygon","coordinates":[[[[120.429791,23.730241],[120.429912,23.730245],[120.429942,23.729359],[120.429825,23.729359],[120.429791,23.730241]]]]}},{"type":"Feature","properties":{"n":"興隆街","v":"虎尾鎮","w":1.2,"c":0.6,"r":2},"geometry":{"type":"MultiPolygon","coordinates":[[[[120.429665,23.730237],[120.429703,23.729351],[120.4296,23.729363],[120.429576,23.730235],[120.429665,23.730237]]]]}},{"type":"Feature","properties":{"n":"興隆街","v":"虎尾鎮","w":1.2,"c":0.7,"r":1},"geometry":{"type":"MultiPolygon","coordinates":[[[[120.429684,23.731177],[120.42967,23.730407],[120.429568,23.730407],[120.429596,23.731183],[120.429684,23.731177]]]]}},{"type":"Feature","properties":{"n":"興隆街","v":"虎尾鎮","w":1.2,"c":0.7,"r":2},"geometry":{"type":"MultiPolygon","coordinates":[[[[120.42961,23.733574],[120.429655,23.731411],[120.429561,23.731446],[120.429531,23.733572],[120.42961,23.733574]]]]}},{"type":"Feature","properties":{"n":"學府東路","v":"虎尾鎮","w":1.9,"c":0.9,"r":1},"geometry":{"type":"MultiPolygon","coordinates":[[[[120.427837,23.735634],[120.42791,23.735625],[120.427939,23.734789],[120.427862,23.734789],[120.427837,23.735634]]]]}},{"type":"Feature","properties":{"n":"學府東路","v":"虎尾鎮","w":2,"c":1.2,"r":2},"geometry":{"type":"MultiPolygon","coordinates":[[[[120.427846,23.734568],[120.427937,23.734557],[120.427992,23.733816],[120.427889,23.733804],[120.427846,23.734568]]]]}},{"type":"Feature","properties":{"n":"學府東路","v":"虎尾鎮","w":2,"c":0.9,"r":2},"geometry":{"type":"MultiPolygon","coordinates":[[[[120.427903,23.73347],[120.427994,23.73347],[120.428055,23.73144],[120.427951,23.731427],[120.427903,23.73347]]]]}},{"type":"Feature","properties":{"n":"學府東路","v":"虎尾鎮","w":1.8,"c":0.9,"r":2},"geometry":{"type":"MultiPolygon","coordinates":[[[[120.427933,23.731164],[120.428017,23.731168],[120.428059,23.73038],[120.427956,23.730367],[120.427933,23.731164]]]]}},{"type":"Feature","properties":{"n":"學府東路","v":"虎尾鎮","w":1.9,"c":1.1,"r":2},"geometry":{"type":"MultiPolygon","coordinates":[[[[120.427969,23.730149],[120.428086,23.73015],[120.428116,23.729361],[120.427999,23.729361],[120.427969,23.730149]]]]}},{"type":"Feature","properties":{"n":"學府東路","v":"虎尾鎮","w":4,"c":4,"r":2},"geometry":{"type":"MultiPolygon","coordinates":[[[[120.428006,23.72904],[120.428108,23.729032],[120.428148,23.728853],[120.428031,23.728853],[120.428006,23.72904]]]]}},{"type":"Feature","properties":{"n":"學府東路","v":"虎尾鎮","w":4,"c":4,"r":2},"geometry":{"type":"MultiPolygon","coordinates":[[[[120.427858,23.729014],[120.427871,23.728871],[120.427754,23.72887],[120.427754,23.729013],[120.427858,23.729014]]]]}},{"type":"Feature","properties":{"n":"學府東路","v":"虎尾鎮","w":2.7,"c":1.9,"r":2},"geometry":{"type":"MultiPolygon","coordinates":[[[[120.427634,23.735571],[120.427791,23.729324],[120.427675,23.729336],[120.427531,23.735559],[120.427634,23.735571]]]]}},{"type":"Feature","properties":{"n":"永興北三路","v":"虎尾鎮","w":2.8,"c":1.8,"r":0},"geometry":{"type":"MultiPolygon","coordinates":[[[[120.422181,23.742157],[120.421696,23.740447],[120.421618,23.740494],[120.422103,23.74219],[120.422181,23.742157]]]]}},{"type":"Feature","properties":{"n":"永興北三路","v":"虎尾鎮","w":2.8,"c":1.8,"r":0},"geometry":{"type":"MultiPolygon","coordinates":[[[[120.42167,23.740363],[120.421415,23.739477],[120.421324,23.739513],[120.421579,23.740385],[120.42167,23.740363]]]]}},{"type":"Feature","properties":{"n":"永興北三路","v":"虎尾鎮","w":2.8,"c":1.8,"r":1},"geometry":{"type":"MultiPolygon","coordinates":[[[[120.421371,23.73935],[120.421,23.737983],[120.42088,23.738031],[120.421306,23.73939],[120.421371,23.73935]]]]}},{"type":"Feature","properties":{"n":"永興北三路","v":"虎尾鎮","w":3,"c":1.9,"r":2},"geometry":{"type":"MultiPolygon","coordinates":[[[[120.420682,23.737922],[120.420604,23.737969],[120.420706,23.738339],[120.420784,23.738315],[120.420682,23.737922]]]]}},{"type":"Feature","properties":{"n":"永興北三路","v":"虎尾鎮","w":3,"c":1.9,"r":2},"geometry":{"type":"MultiPolygon","coordinates":[[[[120.421001,23.739046],[120.420848,23.738472],[120.420768,23.73852],[120.420921,23.739056],[120.421001,23.739046]]]]}},{"type":"Feature","properties":{"n":"永興北三路","v":"虎尾鎮","w":3,"c":2,"r":2},"geometry":{"type":"MultiPolygon","coordinates":[[[[120.42127,23.740003],[120.421129,23.739465],[120.421038,23.739477],[120.421205,23.740051],[120.42127,23.740003]]]]}},{"type":"Feature","properties":{"n":"永興北三路","v":"虎尾鎮","w":3,"c":1.9,"r":2},"geometry":{"type":"MultiPolygon","coordinates":[[[[120.421461,23.740673],[120.421319,23.74017],[120.421224,23.740242],[120.421377,23.740708],[120.421461,23.740673]]]]}},{"type":"Feature","properties":{"n":"永興北三路","v":"虎尾鎮","w":3,"c":2,"r":2},"geometry":{"type":"MultiPolygon","coordinates":[[[[120.421653,23.741426],[120.421525,23.740863],[120.421447,23.740911],[120.421588,23.741436],[120.421653,23.741426]]]]}},{"type":"Feature","properties":{"n":"永興北三路","v":"虎尾鎮","w":3,"c":1.9,"r":2},"geometry":{"type":"MultiPolygon","coordinates":[[[[120.42202,23.742669],[120.421743,23.741568],[120.421671,23.741675],[120.421923,23.74267],[120.42202,23.742669]]]]}},{"type":"Feature","properties":{"n":"永興南九路","v":"虎尾鎮","w":2,"c":1.1,"r":1},"geometry":{"type":"MultiPolygon","coordinates":[[[[120.421292,23.728598],[120.421368,23.728494],[120.421504,23.72417],[120.421413,23.724038],[120.421292,23.728598]]]]}},{"type":"Feature","properties":{"n":"永興南九路","v":"虎尾鎮","w":2.9,"c":1.3,"r":1},"geometry":{"type":"MultiPolygon","coordinates":[[[[120.421258,23.724174],[120.421164,23.724269],[120.42112,23.726132],[120.421207,23.726216],[120.421258,23.724174]]]]}},{"type":"Feature","properties":{"n":"永興南九路","v":"虎尾鎮","w":1.9,"c":0.8,"r":2},"geometry":{"type":"MultiPolygon","coordinates":[[[[120.421141,23.728569],[120.421192,23.726418],[120.421117,23.726514],[120.421069,23.728425],[120.421141,23.728569]]]]}},{"type":"Feature","properties":{"n":"學府西路","v":"虎尾鎮","w":3,"c":1.4,"r":2},"geometry":{"type":"MultiPolygon","coordinates":[[[[120.419856,23.737529],[120.41995,23.737451],[120.420008,23.736113],[120.419918,23.736029],[120.419856,23.737529]]]]}},{"type":"Feature","properties":{"n":"學府西路","v":"虎尾鎮","w":2.8,"c":2,"r":3},"geometry":{"type":"MultiPolygon","coordinates":[[[[120.419915,23.735363],[120.419993,23.735292],[120.420175,23.729356],[120.420085,23.729201],[120.419915,23.735363]]]]}},{"type":"Feature","properties":{"n":"學府西路","v":"虎尾鎮","w":4,"c":4.6,"r":2},"geometry":{"type":"MultiPolygon","coordinates":[[[[120.420034,23.728829],[120.420086,23.728842],[120.420113,23.728686],[120.420035,23.728662],[120.420034,23.728829]]]]}},{"type":"Feature","properties":{"n":"學府西路","v":"虎尾鎮","w":4.1,"c":4.1,"r":2},"geometry":{"type":"MultiPolygon","coordinates":[[[[120.419866,23.728819],[120.419867,23.728679],[120.419817,23.728679],[120.419777,23.728816],[120.419866,23.728819]]]]}},{"type":"Feature","properties":{"n":"學府西路","v":"虎尾鎮","w":3,"c":2,"r":2},"geometry":{"type":"MultiPolygon","coordinates":[[[[120.419646,23.733698],[120.419792,23.729133],[120.419688,23.72924],[120.419558,23.733516],[120.419646,23.733698]]]]}},{"type":"Feature","properties":{"n":"學府西路","v":"虎尾鎮","w":3,"c":2,"r":2},"geometry":{"type":"MultiPolygon","coordinates":[[[[120.419611,23.735375],[120.419651,23.734086],[120.419563,23.734193],[120.419533,23.73528],[120.419611,23.735375]]]]}},{"type":"Feature","properties":{"n":"學府西路","v":"虎尾鎮","w":3,"c":2,"r":2},"geometry":{"type":"MultiPolygon","coordinates":[[[[120.419568,23.737512],[120.419613,23.736031],[120.419509,23.736138],[120.419473,23.737416],[120.419568,23.737512]]]]}},{"type":"Feature","properties":{"n":"永興南七路","v":"虎尾鎮","w":2.3,"c":1.4,"r":2},"geometry":{"type":"MultiPolygon","coordinates":[[[[120.420042,23.728516],[120.42014,23.728442],[120.420213,23.726543],[120.420123,23.7264],[120.420042,23.728516]]]]}},{"type":"Feature","properties":{"n":"永興南七路","v":"虎尾鎮","w":1.9,"c":0.9,"r":1},"geometry":{"type":"MultiPolygon","coordinates":[[[[120.420101,23.726185],[120.420194,23.726061],[120.420267,23.724269],[120.42019,23.724125],[120.420101,23.726185]]]]}},{"type":"Feature","properties":{"n":"永興南七路","v":"虎尾鎮","w":1.5,"c":0.9,"r":1},"geometry":{"type":"MultiPolygon","coordinates":[[[[120.419972,23.725168],[120.420014,23.724111],[120.419927,23.724266],[120.419897,23.72503],[120.419972,23.725168]]]]}},{"type":"Feature","properties":{"n":"永興南七路","v":"虎尾鎮","w":2,"c":1.2,"r":2},"geometry":{"type":"MultiPolygon","coordinates":[[[[120.419924,23.726178],[120.419961,23.725296],[120.419882,23.725379],[120.419842,23.726048],[120.419924,23.726178]]]]}},{"type":"Feature","properties":{"n":"永興南七路","v":"虎尾鎮","w":2.1,"c":1.1,"r":2},"geometry":{"type":"MultiPolygon","coordinates":[[[[120.419898,23.728533],[120.419922,23.727473],[120.419812,23.727602],[120.419794,23.72844],[120.419898,23.728533]]]]}},{"type":"Feature","properties":{"n":"永興北一街","v":"虎尾鎮","w":1.2,"c":0.6,"r":2},"geometry":{"type":"MultiPolygon","coordinates":[[[[120.420777,23.742824],[120.42082,23.742731],[120.420577,23.742026],[120.420485,23.74199],[120.420777,23.742824]]]]}},{"type":"Feature","properties":{"n":"永興北一街","v":"虎尾鎮","w":1.2,"c":0.7,"r":1},"geometry":{"type":"MultiPolygon","coordinates":[[[[120.420148,23.741136],[120.4202,23.741031],[120.420046,23.740636],[120.419956,23.740588],[120.420148,23.741136]]]]}},{"type":"Feature","properties":{"n":"永興北一街","v":"虎尾鎮","w":1.2,"c":0.7,"r":2},"geometry":{"type":"MultiPolygon","coordinates":[[[[120.419911,23.740462],[120.419951,23.740352],[120.419784,23.739897],[120.419687,23.739885],[120.419911,23.740462]]]]}},{"type":"Feature","properties":{"n":"永興北一街","v":"虎尾鎮","w":1.2,"c":0.7,"r":2},"geometry":{"type":"MultiPolygon","coordinates":[[[[120.419546,23.73959],[120.419572,23.739447],[120.419393,23.738956],[120.419302,23.73892],[120.419546,23.73959]]]]}},{"type":"Feature","properties":{"n":"永興北一街","v":"虎尾鎮","w":1.1,"c":0.6,"r":2},"geometry":{"type":"MultiPolygon","coordinates":[[[[120.419248,23.738841],[120.419287,23.738726],[120.419005,23.737925],[120.418892,23.737864],[120.419248,23.738841]]]]}},{"type":"Feature","properties":{"n":"永興北一街","v":"虎尾鎮","w":1.1,"c":0.8,"r":2},"geometry":{"type":"MultiPolygon","coordinates":[[[[120.419121,23.738848],[120.418788,23.737855],[120.418722,23.737998],[120.418991,23.738787],[120.419121,23.738848]]]]}},{"type":"Feature","properties":{"n":"永興北一街","v":"虎尾鎮","w":1.2,"c":1.2,"r":1},"geometry":{"type":"MultiPolygon","coordinates":[[[[120.419429,23.739602],[120.419211,23.738955],[120.419171,23.739087],[120.419325,23.739517],[120.419429,23.739602]]]]}},{"type":"Feature","properties":{"n":"永興北一街","v":"虎尾鎮","w":1.2,"c":0.7,"r":2},"geometry":{"type":"MultiPolygon","coordinates":[[[[120.419775,23.740511],[120.419557,23.739877],[120.419531,23.739961],[120.419672,23.740439],[120.419775,23.740511]]]]}},{"type":"Feature","properties":{"n":"永興北一街","v":"虎尾鎮","w":1.2,"c":0.7,"r":2},"geometry":{"type":"MultiPolygon","coordinates":[[[[120.420301,23.741887],[120.420081,23.741288],[120.420027,23.741395],[120.420194,23.741838],[120.420301,23.741887]]]]}},{"type":"Feature","properties":{"n":"永興北一街","v":"虎尾鎮","w":1.3,"c":0.6,"r":0},"geometry":{"type":"MultiPolygon","coordinates":[[[[120.420669,23.742836],[120.420357,23.742003],[120.420299,23.742122],[120.420578,23.742792],[120.420669,23.742836]]]]}},{"type":"Feature","properties":{"n":"站前東路","v":"虎尾鎮","w":3,"c":2.1,"r":2},"geometry":{"type":"MultiPolygon","coordinates":[[[[120.418867,23.737545],[120.418932,23.737414],[120.418406,23.73605],[120.418303,23.736002],[120.418867,23.737545]]]]}},{"type":"Feature","properties":{"n":"站前東路","v":"虎尾鎮","w":2.9,"c":1.9,"r":3},"geometry":{"type":"MultiPolygon","coordinates":[[[[120.418033,23.735392],[120.418072,23.735272],[120.417675,23.734112],[120.417559,23.73404],[120.418033,23.735392]]]]}},{"type":"Feature","properties":{"n":"站前東路","v":"虎尾鎮","w":1.9,"c":1,"r":2},"geometry":{"type":"MultiPolygon","coordinates":[[[[120.417391,23.733675],[120.417481,23.733561],[120.417618,23.729165],[120.417527,23.729046],[120.417391,23.733675]]]]}},{"type":"Feature","properties":{"n":"站前東路","v":"虎尾鎮","w":1.9,"c":1.1,"r":2},"geometry":{"type":"MultiPolygon","coordinates":[[[[120.417305,23.729942],[120.417322,23.729058],[120.417256,23.729165],[120.41724,23.729894],[120.417305,23.729942]]]]}},{"type":"Feature","properties":{"n":"站前東路","v":"虎尾鎮","w":1.8,"c":1,"r":1},"geometry":{"type":"MultiPolygon","coordinates":[[[[120.417262,23.731035],[120.41728,23.730122],[120.417174,23.730229],[120.417173,23.730957],[120.417262,23.731035]]]]}},{"type":"Feature","properties":{"n":"站前東路","v":"虎尾鎮","w":2,"c":1.1,"r":2},"geometry":{"type":"MultiPolygon","coordinates":[[[[120.417216,23.732358],[120.417248,23.731262],[120.417157,23.731405],[120.417154,23.732254],[120.417216,23.732358]]]]}},{"type":"Feature","properties":{"n":"站前東路","v":"虎尾鎮","w":2,"c":1.1,"r":3},"geometry":{"type":"MultiPolygon","coordinates":[[[[120.417171,23.73368],[120.417228,23.732474],[120.417121,23.732617],[120.417076,23.733585],[120.417171,23.73368]]]]}},{"type":"Feature","properties":{"n":"站前東路","v":"虎尾鎮","w":2.9,"c":1.7,"r":2},"geometry":{"type":"MultiPolygon","coordinates":[[[[120.41776,23.735451],[120.417196,23.734027],[120.417156,23.734182],[120.417669,23.73551],[120.41776,23.735451]]]]}},{"type":"Feature","properties":{"n":"站前東路","v":"虎尾鎮","w":3,"c":2.1,"r":2},"geometry":{"type":"MultiPolygon","coordinates":[[[[120.41855,23.737552],[120.417975,23.735993],[120.417874,23.736064],[120.41842,23.737464],[120.41855,23.737552]]]]}},{"type":"Feature","properties":{"n":"永興南五街","v":"虎尾鎮","w":1.2,"c":1.2,"r":2},"geometry":{"type":"MultiPolygon","coordinates":[[[[120.417936,23.728497],[120.418054,23.728399],[120.418097,23.727554],[120.417984,23.727471],[120.417936,23.728497]]]]}},{"type":"Feature","properties":{"n":"永興南五街","v":"虎尾鎮","w":1.2,"c":0.6,"r":2},"geometry":{"type":"MultiPolygon","coordinates":[[[[120.418032,23.72614],[120.418108,23.726004],[120.41815,23.725299],[120.41806,23.725203],[120.418032,23.72614]]]]}},{"type":"Feature","properties":{"n":"永興南五街","v":"虎尾鎮","w":1.2,"c":0.8,"r":1},"geometry":{"type":"MultiPolygon","coordinates":[[[[120.418079,23.725082],[120.41817,23.724975],[120.418187,23.724162],[120.418096,23.724078],[120.418079,23.725082]]]]}},{"type":"Feature","properties":{"n":"永興路","v":"虎尾鎮","w":2,"c":0.9,"r":2},"geometry":{"type":"MultiPolygon","coordinates":[[[[120.419056,23.742944],[120.419122,23.742854],[120.419003,23.742519],[120.418893,23.742495],[120.419056,23.742944]]]]}},{"type":"Feature","properties":{"n":"永興路","v":"虎尾鎮","w":2,"c":1.1,"r":2},"geometry":{"type":"MultiPolygon","coordinates":[[[[120.418833,23.742335],[120.418898,23.742252],[120.418744,23.741821],[120.41864,23.741797],[120.418833,23.742335]]]]}},{"type":"Feature","properties":{"n":"永興路","v":"虎尾鎮","w":1.9,"c":1.1,"r":2},"geometry":{"type":"MultiPolygon","coordinates":[[[[120.418574,23.741659],[120.418633,23.741545],[120.418492,23.741163],[120.418377,23.741126],[120.418574,23.741659]]]]}},{"type":"Feature","properties":{"n":"永興路","v":"虎尾鎮","w":1.1,"c":1.1,"r":1},"geometry":{"type":"MultiPolygon","coordinates":[[[[120.418322,23.740967],[120.418368,23.740844],[120.418214,23.740437],[120.418095,23.740365],[120.418322,23.740967]]]]}},{"type":"Feature","properties":{"n":"永興路","v":"虎尾鎮","w":2,"c":0.9,"r":2},"geometry":{"type":"MultiPolygon","coordinates":[[[[120.417979,23.740084],[120.418007,23.739906],[120.417874,23.739552],[120.417741,23.739456],[120.417979,23.740084]]]]}},{"type":"Feature","properties":{"n":"永興路","v":"虎尾鎮","w":2,"c":1.1,"r":2},"geometry":{"type":"MultiPolygon","coordinates":[[[[120.41767,23.739299],[120.417745,23.739184],[120.417427,23.738409],[120.417315,23.738361],[120.41767,23.739299]]]]}},{"type":"Feature","properties":{"n":"永興路","v":"虎尾鎮","w":2,"c":1.1,"r":2},"geometry":{"type":"MultiPolygon","coordinates":[[[[120.415715,23.734152],[120.415773,23.733984],[120.415444,23.733161],[120.415319,23.733094],[120.415715,23.734152]]]]}},{"type":"Feature","properties":{"n":"永興路","v":"虎尾鎮","w":2,"c":1.1,"r":2},"geometry":{"type":"MultiPolygon","coordinates":[[[[120.415248,23.732945],[120.415309,23.73284],[120.415032,23.732055],[120.414914,23.732016],[120.415248,23.732945]]]]}},{"type":"Feature","properties":{"n":"永興路","v":"虎尾鎮","w":2,"c":1.2,"r":2},"geometry":{"type":"MultiPolygon","coordinates":[[[[120.414821,23.731808],[120.414869,23.731682],[120.414622,23.73107],[120.414534,23.731012],[120.414821,23.731808]]]]}},{"type":"Feature","properties":{"n":"永興路","v":"虎尾鎮","w":2,"c":1.1,"r":2},"geometry":{"type":"MultiPolygon","coordinates":[[[[120.414454,23.730868],[120.414522,23.730759],[120.414296,23.730118],[120.414143,23.730088],[120.414454,23.730868]]]]}},{"type":"Feature","properties":{"n":"永興路","v":"虎尾鎮","w":4,"c":4,"r":2},"geometry":{"type":"MultiPolygon","coordinates":[[[[120.413427,23.730054],[120.413499,23.730025],[120.413474,23.729858],[120.413381,23.72987],[120.413427,23.730054]]]]}},{"type":"Feature","properties":{"n":"永興路","v":"虎尾鎮","w":6,"c":6,"r":2},"geometry":{"type":"MultiPolygon","coordinates":[[[[120.413221,23.730086],[120.413164,23.729934],[120.413082,23.729963],[120.413156,23.7301],[120.413221,23.730086]]]]}},{"type":"Feature","properties":{"n":"永興路","v":"虎尾鎮","w":4,"c":3.1,"r":2},"geometry":{"type":"MultiPolygon","coordinates":[[[[120.413948,23.729568],[120.413995,23.729457],[120.412764,23.726212],[120.412656,23.726174],[120.413948,23.729568]]]]}},{"type":"Feature","properties":{"n":"永興路","v":"虎尾鎮","w":2.3,"c":1.3,"r":2},"geometry":{"type":"MultiPolygon","coordinates":[[[[120.412586,23.725984],[120.412633,23.725895],[120.412356,23.72512],[120.412235,23.725091],[120.412586,23.725984]]]]}},{"type":"Feature","properties":{"n":"永興路","v":"虎尾鎮","w":2,"c":1.1,"r":2},"geometry":{"type":"MultiPolygon","coordinates":[[[[120.411805,23.723985],[120.412173,23.724929],[120.412225,23.724811],[120.411928,23.724026],[120.411805,23.723985]]]]}},{"type":"Feature","properties":{"n":"永興路","v":"虎尾鎮","w":2,"c":0.9,"r":2},"geometry":{"type":"MultiPolygon","coordinates":[[[[120.411355,23.725163],[120.410997,23.724221],[120.410963,23.724383],[120.411271,23.72514],[120.411355,23.725163]]]]}},{"type":"Feature","properties":{"n":"永興路","v":"虎尾鎮","w":2,"c":0.9,"r":2},"geometry":{"type":"MultiPolygon","coordinates":[[[[120.411734,23.726195],[120.411416,23.725335],[120.411348,23.725459],[120.41162,23.726167],[120.411734,23.726195]]]]}},{"type":"Feature","properties":{"n":"永興路","v":"虎尾鎮","w":2,"c":0.7,"r":2},"geometry":{"type":"MultiPolygon","coordinates":[[[[120.412062,23.727023],[120.411823,23.726367],[120.411769,23.726491],[120.41193,23.72697],[120.412062,23.727023]]]]}},{"type":"Feature","properties":{"n":"永興路","v":"虎尾鎮","w":2,"c":0.9,"r":2},"geometry":{"type":"MultiPolygon","coordinates":[[[[120.412381,23.727879],[120.412126,23.727162],[120.412092,23.727314],[120.412287,23.727831],[120.412381,23.727879]]]]}},{"type":"Feature","properties":{"n":"永興路","v":"虎尾鎮","w":2,"c":0.9,"r":0},"geometry":{"type":"MultiPolygon","coordinates":[[[[120.412775,23.728849],[120.412445,23.727973],[120.412407,23.728135],[120.412639,23.728767],[120.412775,23.728849]]]]}},{"type":"Feature","properties":{"n":"永興路","v":"虎尾鎮","w":2,"c":1.1,"r":1},"geometry":{"type":"MultiPolygon","coordinates":[[[[120.413136,23.729829],[120.41282,23.72895],[120.412772,23.729093],[120.413024,23.729801],[120.413136,23.729829]]]]}},{"type":"Feature","properties":{"n":"永興路","v":"虎尾鎮","w":2,"c":1,"r":2},"geometry":{"type":"MultiPolygon","coordinates":[[[[120.413653,23.731154],[120.413347,23.730296],[120.413324,23.730468],[120.41356,23.731109],[120.413653,23.731154]]]]}},{"type":"Feature","properties":{"n":"永興路","v":"虎尾鎮","w":2,"c":1,"r":2},"geometry":{"type":"MultiPolygon","coordinates":[[[[120.414007,23.732102],[120.413699,23.731274],[120.413646,23.731398],[120.413893,23.73204],[120.414007,23.732102]]]]}},{"type":"Feature","properties":{"n":"永興路","v":"虎尾鎮","w":2,"c":1,"r":2},"geometry":{"type":"MultiPolygon","coordinates":[[[[120.41443,23.733226],[120.414082,23.732257],[120.414052,23.73239],[120.414339,23.733166],[120.41443,23.733226]]]]}},{"type":"Feature","properties":{"n":"永興路","v":"虎尾鎮","w":2,"c":1,"r":2},"geometry":{"type":"MultiPolygon","coordinates":[[[[120.414896,23.734449],[120.414504,23.733363],[120.414453,23.733496],[120.41478,23.734405],[120.414896,23.734449]]]]}},{"type":"Feature","properties":{"n":"永興路","v":"虎尾鎮","w":2,"c":1.1,"r":2},"geometry":{"type":"MultiPolygon","coordinates":[[[[120.416851,23.739573],[120.416503,23.73862],[120.416466,23.738744],[120.416756,23.739529],[120.416851,23.739573]]]]}},{"type":"Feature","properties":{"n":"永興路","v":"虎尾鎮","w":2,"c":1.2,"r":2},"geometry":{"type":"MultiPolygon","coordinates":[[[[120.417179,23.740344],[120.416934,23.739689],[120.416873,23.739804],[120.417085,23.740325],[120.417179,23.740344]]]]}},{"type":"Feature","properties":{"n":"永興路","v":"虎尾鎮","w":2,"c":0.9,"r":2},"geometry":{"type":"MultiPolygon","coordinates":[[[[120.417513,23.741231],[120.417296,23.740657],[120.417249,23.740762],[120.417397,23.741202],[120.417513,23.741231]]]]}},{"type":"Feature","properties":{"n":"永興路","v":"虎尾鎮","w":1.9,"c":1,"r":2},"geometry":{"type":"MultiPolygon","coordinates":[[[[120.417779,23.74192],[120.417574,23.741385],[120.417542,23.741499],[120.417685,23.741901],[120.417779,23.74192]]]]}},{"type":"Feature","properties":{"n":"永興路","v":"虎尾鎮","w":2,"c":1,"r":2},"geometry":{"type":"MultiPolygon","coordinates":[[[[120.418172,23.742993],[120.417831,23.742046],[120.417784,23.742142],[120.41805,23.742955],[120.418172,23.742993]]]]}},{"type":"Feature","properties":{"n":"永興北二街","v":"虎尾鎮","w":1.5,"c":1.1,"r":2},"geometry":{"type":"MultiPolygon","coordinates":[[[[120.416626,23.743198],[120.416661,23.743065],[120.416507,23.742599],[120.4164,23.742527],[120.416626,23.743198]]]]}},{"type":"Feature","properties":{"n":"永興北二街","v":"虎尾鎮","w":1.2,"c":0.7,"r":2},"geometry":{"type":"MultiPolygon","coordinates":[[[[120.416326,23.742368],[120.416369,23.742266],[120.416253,23.741908],[120.416139,23.741847],[120.416326,23.742368]]]]}},{"type":"Feature","properties":{"n":"永興北二街","v":"虎尾鎮","w":1.2,"c":0.7,"r":2},"geometry":{"type":"MultiPolygon","coordinates":[[[[120.416084,23.741704],[120.416137,23.741608],[120.415983,23.741153],[120.415867,23.741081],[120.416084,23.741704]]]]}},{"type":"Feature","properties":{"n":"永興北二街","v":"虎尾鎮","w":1.1,"c":0.7,"r":2},"geometry":{"type":"MultiPolygon","coordinates":[[[[120.415497,23.740186],[120.415743,23.740804],[120.415821,23.740698],[120.415603,23.740219],[120.415497,23.740186]]]]}},{"type":"Feature","properties":{"n":"永興北二街","v":"虎尾鎮","w":1.2,"c":0.6,"r":2},"geometry":{"type":"MultiPolygon","coordinates":[[[[120.415429,23.740024],[120.415511,23.739887],[120.415216,23.739086],[120.415101,23.739062],[120.415429,23.740024]]]]}},{"type":"Feature","properties":{"n":"永興北二街","v":"虎尾鎮","w":1.2,"c":0.7,"r":2},"geometry":{"type":"MultiPolygon","coordinates":[[[[120.415319,23.740048],[120.414977,23.739099],[120.414939,23.739266],[120.415188,23.739948],[120.415319,23.740048]]]]}},{"type":"Feature","properties":{"n":"永興北二街","v":"虎尾鎮","w":1.2,"c":0.7,"r":2},"geometry":{"type":"MultiPolygon","coordinates":[[[[120.415634,23.740854],[120.415403,23.740184],[120.415351,23.740303],[120.415505,23.740794],[120.415634,23.740854]]]]}},{"type":"Feature","properties":{"n":"永興北二街","v":"虎尾鎮","w":1.2,"c":1.2,"r":2},"geometry":{"type":"MultiPolygon","coordinates":[[[[120.416512,23.743196],[120.415744,23.741147],[120.415714,23.741338],[120.416387,23.743109],[120.416512,23.743196]]]]}},{"type":"Feature","properties":{"n":"站前西路","v":"虎尾鎮","w":3,"c":1.9,"r":2},"geometry":{"type":"MultiPolygon","coordinates":[[[[120.415045,23.738739],[120.415093,23.738621],[120.414555,23.737173],[120.414465,23.737209],[120.415045,23.738739]]]]}},{"type":"Feature","properties":{"n":"站前西路","v":"虎尾鎮","w":3,"c":2.1,"r":2},"geometry":{"type":"MultiPolygon","coordinates":[[[[120.41427,23.736693],[120.414381,23.736659],[120.413842,23.735235],[120.413706,23.735187],[120.41427,23.736693]]]]}},{"type":"Feature","properties":{"n":"站前西路","v":"虎尾鎮","w":3,"c":2,"r":2},"geometry":{"type":"MultiPolygon","coordinates":[[[[120.413388,23.735267],[120.413349,23.735412],[120.413836,23.736692],[120.413953,23.73674],[120.413388,23.735267]]]]}},{"type":"Feature","properties":{"n":"站前西路","v":"虎尾鎮","w":2.8,"c":1.8,"r":1},"geometry":{"type":"MultiPolygon","coordinates":[[[[120.414733,23.738815],[120.414177,23.737303],[120.414141,23.73747],[120.414601,23.738738],[120.414733,23.738815]]]]}},{"type":"Feature","properties":{"n":"永興南二街","v":"虎尾鎮","w":1.3,"c":0.7,"r":2},"geometry":{"type":"MultiPolygon","coordinates":[[[[120.412997,23.733687],[120.413063,23.733567],[120.412781,23.732777],[120.412634,23.732741],[120.412997,23.733687]]]]}},{"type":"Feature","properties":{"n":"永興南二街","v":"虎尾鎮","w":1.2,"c":1.2,"r":2},"geometry":{"type":"MultiPolygon","coordinates":[[[[120.41259,23.732569],[120.412644,23.732467],[120.412388,23.731786],[120.412277,23.731749],[120.41259,23.732569]]]]}},{"type":"Feature","properties":{"n":"永興南二街","v":"虎尾鎮","w":1.2,"c":1.2,"r":2},"geometry":{"type":"MultiPolygon","coordinates":[[[[120.412224,23.731619],[120.412276,23.731524],[120.412032,23.73089],[120.411916,23.730829],[120.412224,23.731619]]]]}},{"type":"Feature","properties":{"n":"永興南二街","v":"虎尾鎮","w":1.2,"c":1.2,"r":2},"geometry":{"type":"MultiPolygon","coordinates":[[[[120.411698,23.730303],[120.411737,23.730172],[120.411507,23.729515],[120.41139,23.729454],[120.411698,23.730303]]]]}},{"type":"Feature","properties":{"n":"永興南二街","v":"虎尾鎮","w":1.2,"c":0.6,"r":2},"geometry":{"type":"MultiPolygon","coordinates":[[[[120.411326,23.72931],[120.411378,23.729203],[120.411122,23.728545],[120.411005,23.728449],[120.411326,23.72931]]]]}},{"type":"Feature","properties":{"n":"永興南二街","v":"虎尾鎮","w":1.2,"c":0.7,"r":2},"geometry":{"type":"MultiPolygon","coordinates":[[[[120.41096,23.728317],[120.411019,23.728233],[120.410801,23.727707],[120.410704,23.727647],[120.41096,23.728317]]]]}},{"type":"Feature","properties":{"n":"永興南二街","v":"虎尾鎮","w":1.1,"c":0.6,"r":2},"geometry":{"type":"MultiPolygon","coordinates":[[[[120.410651,23.727523],[120.410703,23.72741],[120.410485,23.726896],[120.410389,23.726836],[120.410651,23.727523]]]]}},{"type":"Feature","properties":{"n":"永興南二街","v":"虎尾鎮","w":1.2,"c":0.8,"r":2},"geometry":{"type":"MultiPolygon","coordinates":[[[[120.411605,23.730324],[120.41029,23.726864],[120.410277,23.727055],[120.411455,23.730273],[120.411605,23.730324]]]]}},{"type":"Feature","properties":{"n":"永興南二街","v":"虎尾鎮","w":1.2,"c":1.2,"r":2},"geometry":{"type":"MultiPolygon","coordinates":[[[[120.412109,23.731661],[120.411834,23.730847],[120.411771,23.73099],[120.411992,23.731612],[120.412109,23.731661]]]]}},{"type":"Feature","properties":{"n":"永興南二街","v":"虎尾鎮","w":1.5,"c":1.5,"r":2},"geometry":{"type":"MultiPolygon","coordinates":[[[[120.412454,23.732572],[120.412161,23.731779],[120.412128,23.731922],[120.412373,23.732533],[120.412454,23.732572]]]]}},{"type":"Feature","properties":{"n":"永興南二街","v":"虎尾鎮","w":1.1,"c":0.7,"r":2},"geometry":{"type":"MultiPolygon","coordinates":[[[[120.412884,23.733734],[120.412524,23.732751],[120.412486,23.732882],[120.412776,23.733695],[120.412884,23.733734]]]]}},{"type":"Feature","properties":{"n":"永興南二街","v":"虎尾鎮","w":1.2,"c":1.2,"r":2},"geometry":{"type":"MultiPolygon","coordinates":[[[[120.413364,23.734932],[120.412953,23.733856],[120.412914,23.733999],[120.413247,23.734873],[120.413364,23.734932]]]]}},{"type":"Feature","properties":{"n":"六十甲路","v":"虎尾鎮","w":2,"c":1,"r":2},"geometry":{"type":"MultiPolygon","coordinates":[[[[120.414224,23.741286],[120.41427,23.741162],[120.414116,23.740719],[120.413997,23.740671],[120.414224,23.741286]]]]}},{"type":"Feature","properties":{"n":"六十甲路","v":"虎尾鎮","w":2,"c":1.1,"r":1},"geometry":{"type":"MultiPolygon","coordinates":[[[[120.413925,23.74051],[120.413971,23.740376],[120.413714,23.739658],[120.413583,23.739574],[120.413925,23.74051]]]]}},{"type":"Feature","properties":{"n":"六十甲路","v":"虎尾鎮","w":1.8,"c":1,"r":1},"geometry":{"type":"MultiPolygon","coordinates":[[[[120.413434,23.739238],[120.413493,23.739147],[120.412967,23.737819],[120.412864,23.737759],[120.413434,23.739238]]]]}},{"type":"Feature","properties":{"n":"六十甲路","v":"虎尾鎮","w":1.9,"c":1,"r":2},"geometry":{"type":"MultiPolygon","coordinates":[[[[120.412651,23.737194],[120.412706,23.737094],[120.412193,23.73573],[120.412092,23.73567],[120.412651,23.737194]]]]}},{"type":"Feature","properties":{"n":"六十甲路","v":"虎尾鎮","w":1.9,"c":1,"r":2},"geometry":{"type":"MultiPolygon","coordinates":[[[[120.411945,23.735368],[120.411974,23.735239],[120.411692,23.734426],[120.411542,23.734306],[120.411945,23.735368]]]]}},{"type":"Feature","properties":{"n":"六十甲路","v":"虎尾鎮","w":1.9,"c":1,"r":2},"geometry":{"type":"MultiPolygon","coordinates":[[[[120.411506,23.734155],[120.411564,23.734042],[120.411255,23.733312],[120.411144,23.733252],[120.411506,23.734155]]]]}},{"type":"Feature","properties":{"n":"六十甲路","v":"虎尾鎮","w":1.9,"c":1.3,"r":2},"geometry":{"type":"MultiPolygon","coordinates":[[[[120.411062,23.733072],[120.411102,23.732941],[120.410884,23.732295],[120.410755,23.732211],[120.411062,23.733072]]]]}},{"type":"Feature","properties":{"n":"六十甲路","v":"虎尾鎮","w":1.9,"c":0.9,"r":2},"geometry":{"type":"MultiPolygon","coordinates":[[[[120.410707,23.732081],[120.410755,23.731975],[120.410524,23.731365],[120.410404,23.731281],[120.410707,23.732081]]]]}},{"type":"Feature","properties":{"n":"六十甲路","v":"虎尾鎮","w":1.8,"c":0.9,"r":2},"geometry":{"type":"MultiPolygon","coordinates":[[[[120.410221,23.731352],[120.410191,23.731561],[120.410818,23.733068],[120.410922,23.733078],[120.410221,23.731352]]]]}},{"type":"Feature","properties":{"n":"六十甲路","v":"虎尾鎮","w":2,"c":1.1,"r":2},"geometry":{"type":"MultiPolygon","coordinates":[[[[120.411792,23.735416],[120.410984,23.733263],[120.410957,23.733407],[120.411701,23.73538],[120.411792,23.735416]]]]}},{"type":"Feature","properties":{"n":"六十甲路","v":"虎尾鎮","w":2,"c":1.1,"r":2},"geometry":{"type":"MultiPolygon","coordinates":[[[[120.412497,23.737234],[120.411946,23.735727],[120.411906,23.73587],[120.412406,23.737186],[120.412497,23.737234]]]]}},{"type":"Feature","properties":{"n":"六十甲路","v":"虎尾鎮","w":2,"c":1.1,"r":2},"geometry":{"type":"MultiPolygon","coordinates":[[[[120.413279,23.739292],[120.412715,23.737772],[120.412663,23.737868],[120.413189,23.739243],[120.413279,23.739292]]]]}},{"type":"Feature","properties":{"n":"六十甲路","v":"虎尾鎮","w":2,"c":1.1,"r":2},"geometry":{"type":"MultiPolygon","coordinates":[[[[120.414059,23.741338],[120.413409,23.73959],[120.413352,23.739686],[120.413965,23.741325],[120.414059,23.741338]]]]}},{"type":"Feature","properties":{"n":"科園路","v":"虎尾鎮","w":3.1,"c":2.1,"r":1},"geometry":{"type":"MultiPolygon","coordinates":[[[[120.414,23.743619],[120.414052,23.743512],[120.413501,23.742016],[120.413384,23.741944],[120.414,23.743619]]]]}},{"type":"Feature","properties":{"n":"科園路","v":"虎尾鎮","w":2.9,"c":1.1,"r":2},"geometry":{"type":"MultiPolygon","coordinates":[[[[120.413249,23.741613],[120.413289,23.741485],[120.412699,23.739906],[120.412601,23.739894],[120.413249,23.741613]]]]}},{"type":"Feature","properties":{"n":"科園路","v":"虎尾鎮","w":3.1,"c":2.1,"r":2},"geometry":{"type":"MultiPolygon","coordinates":[[[[120.412427,23.73956],[120.412471,23.73946],[120.411971,23.738132],[120.411875,23.738084],[120.412427,23.73956]]]]}},{"type":"Feature","properties":{"n":"科園路","v":"虎尾鎮","w":3,"c":2,"r":2},"geometry":{"type":"MultiPolygon","coordinates":[[[[120.411648,23.737501],[120.411686,23.737364],[120.411212,23.736048],[120.4111,23.735988],[120.411648,23.737501]]]]}},{"type":"Feature","properties":{"n":"科園路","v":"虎尾鎮","w":3,"c":2.1,"r":2},"geometry":{"type":"MultiPolygon","coordinates":[[[[120.410975,23.735678],[120.411024,23.735572],[120.410267,23.733634],[120.410136,23.733562],[120.410975,23.735678]]]]}},{"type":"Feature","properties":{"n":"科園路","v":"虎尾鎮","w":3,"c":2.1,"r":2},"geometry":{"type":"MultiPolygon","coordinates":[[[[120.410062,23.733391],[120.410127,23.733248],[120.409551,23.731681],[120.409421,23.731633],[120.410062,23.733391]]]]}},{"type":"Feature","properties":{"n":"科園路","v":"虎尾鎮","w":1.7,"c":0.8,"r":1},"geometry":{"type":"MultiPolygon","coordinates":[[[[120.409291,23.73104],[120.40938,23.730938],[120.409409,23.727283],[120.409319,23.727175],[120.409291,23.73104]]]]}},{"type":"Feature","properties":{"n":"科園路","v":"虎尾鎮","w":1.5,"c":0.3,"r":2},"geometry":{"type":"MultiPolygon","coordinates":[[[[120.409311,23.726979],[120.409374,23.726878],[120.409378,23.726078],[120.409314,23.72603],[120.409311,23.726979]]]]}},{"type":"Feature","properties":{"n":"科園路","v":"虎尾鎮","w":1.9,"c":1,"r":2},"geometry":{"type":"MultiPolygon","coordinates":[[[[120.409305,23.725879],[120.409384,23.725754],[120.409415,23.724703],[120.409311,23.724595],[120.409305,23.725879]]]]}},{"type":"Feature","properties":{"n":"科園路","v":"虎尾鎮","w":1.9,"c":1,"r":2},"geometry":{"type":"MultiPolygon","coordinates":[[[[120.409147,23.725893],[120.409177,23.724647],[120.409074,23.724742],[120.409055,23.725781],[120.409147,23.725893]]]]}},{"type":"Feature","properties":{"n":"科園路","v":"虎尾鎮","w":2.1,"c":1.1,"r":2},"geometry":{"type":"MultiPolygon","coordinates":[[[[120.40916,23.727004],[120.409181,23.726044],[120.409102,23.726127],[120.409076,23.72694],[120.40916,23.727004]]]]}},{"type":"Feature","properties":{"n":"科園路","v":"虎尾鎮","w":1.7,"c":0.7,"r":2},"geometry":{"type":"MultiPolygon","coordinates":[[[[120.409127,23.727908],[120.409158,23.727184],[120.409081,23.727255],[120.409058,23.72784],[120.409127,23.727908]]]]}},{"type":"Feature","properties":{"n":"科園路","v":"虎尾鎮","w":2.8,"c":1,"r":2},"geometry":{"type":"MultiPolygon","coordinates":[[[[120.409129,23.72878],[120.409139,23.728044],[120.409073,23.728127],[120.409071,23.728701],[120.409064,23.728696],[120.409071,23.72876],[120.409129,23.72878]]]]}},{"type":"Feature","properties":{"n":"科園路","v":"虎尾鎮","w":1.9,"c":1.1,"r":2},"geometry":{"type":"MultiPolygon","coordinates":[[[[120.409135,23.731117],[120.409155,23.728883],[120.409069,23.729026],[120.409042,23.731057],[120.409135,23.731117]]]]}},{"type":"Feature","properties":{"n":"科園路","v":"虎尾鎮","w":2.9,"c":2,"r":2},"geometry":{"type":"MultiPolygon","coordinates":[[[[120.40947,23.73338],[120.40886,23.731727],[120.408823,23.731846],[120.409377,23.733305],[120.40947,23.73338]]]]}},{"type":"Feature","properties":{"n":"科園路","v":"虎尾鎮","w":3,"c":2.1,"r":1},"geometry":{"type":"MultiPolygon","coordinates":[[[[120.410388,23.735781],[120.409568,23.733556],[120.409503,23.733651],[120.410259,23.735673],[120.410388,23.735781]]]]}},{"type":"Feature","properties":{"n":"科園路","v":"虎尾鎮","w":3,"c":2,"r":2},"geometry":{"type":"MultiPolygon","coordinates":[[[[120.411074,23.737564],[120.410491,23.735996],[120.410464,23.736164],[120.410983,23.737539],[120.411074,23.737564]]]]}},{"type":"Feature","properties":{"n":"科園路","v":"虎尾鎮","w":2.8,"c":1.8,"r":1},"geometry":{"type":"MultiPolygon","coordinates":[[[[120.411896,23.739641],[120.411325,23.738118],[120.411279,23.738213],[120.411786,23.739577],[120.411896,23.739641]]]]}},{"type":"Feature","properties":{"n":"科園路","v":"虎尾鎮","w":1.9,"c":1,"r":2},"geometry":{"type":"MultiPolygon","coordinates":[[[[120.412672,23.741715],[120.412031,23.739968],[120.411991,23.740123],[120.412542,23.74163],[120.412672,23.741715]]]]}},{"type":"Feature","properties":{"n":"科園路","v":"虎尾鎮","w":3,"c":2.1,"r":2},"geometry":{"type":"MultiPolygon","coordinates":[[[[120.412794,23.741999],[120.412771,23.74216],[120.413352,23.743668],[120.413443,23.743683],[120.412794,23.741999]]]]}},{"type":"Feature","properties":{"n":"松園路","v":"虎尾鎮","w":1.8,"c":0.9,"r":2},"geometry":{"type":"MultiPolygon","coordinates":[[[[120.411076,23.739972],[120.411748,23.741715],[120.411814,23.741591],[120.411224,23.740048],[120.411076,23.739972]]]]}},{"type":"Feature","properties":{"n":"松園路","v":"虎尾鎮","w":2.1,"c":1.1,"r":2},"geometry":{"type":"MultiPolygon","coordinates":[[[[120.41094,23.739666],[120.410975,23.739534],[120.410462,23.738254],[120.410361,23.738146],[120.41094,23.739666]]]]}},{"type":"Feature","properties":{"n":"松園路","v":"虎尾鎮","w":2.1,"c":1.1,"r":2},"geometry":{"type":"MultiPolygon","coordinates":[[[[120.410165,23.737581],[120.410214,23.737494],[120.409675,23.736142],[120.409528,23.735986],[120.410165,23.737581]]]]}},{"type":"Feature","properties":{"n":"松園路","v":"虎尾鎮","w":1.9,"c":1.1,"r":2},"geometry":{"type":"MultiPolygon","coordinates":[[[[120.40944,23.735781],[120.409506,23.735666],[120.408763,23.733645],[120.408622,23.73356],[120.40944,23.735781]]]]}},{"type":"Feature","properties":{"n":"松園路","v":"虎尾鎮","w":2,"c":1,"r":0},"geometry":{"type":"MultiPolygon","coordinates":[[[[120.40844,23.733551],[120.408421,23.733731],[120.408723,23.734472],[120.408814,23.73452],[120.40844,23.733551]]]]}},{"type":"Feature","properties":{"n":"松園路","v":"虎尾鎮","w":1.9,"c":1,"r":2},"geometry":{"type":"MultiPolygon","coordinates":[[[[120.409281,23.735779],[120.408879,23.734645],[120.408858,23.734812],[120.409174,23.735697],[120.409281,23.735779]]]]}},{"type":"Feature","properties":{"n":"松園路","v":"虎尾鎮","w":2,"c":1,"r":2},"geometry":{"type":"MultiPolygon","coordinates":[[[[120.409645,23.736698],[120.409375,23.735992],[120.409349,23.736112],[120.409541,23.73665],[120.409645,23.736698]]]]}},{"type":"Feature","properties":{"n":"松園路","v":"虎尾鎮","w":2,"c":1,"r":2},"geometry":{"type":"MultiPolygon","coordinates":[[[[120.409965,23.737559],[120.409722,23.736866],[120.409682,23.736997],[120.409849,23.737476],[120.409965,23.737559]]]]}},{"type":"Feature","properties":{"n":"松園路","v":"虎尾鎮","w":2,"c":1.1,"r":2},"geometry":{"type":"MultiPolygon","coordinates":[[[[120.410453,23.738815],[120.410183,23.738145],[120.410157,23.738265],[120.410349,23.738779],[120.410453,23.738815]]]]}},{"type":"Feature","properties":{"n":"松園路","v":"虎尾鎮","w":1.9,"c":1.1,"r":2},"geometry":{"type":"MultiPolygon","coordinates":[[[[120.410773,23.739653],[120.410543,23.738983],[120.41049,23.739102],[120.410657,23.739593],[120.410773,23.739653]]]]}},{"type":"Feature","properties":{"n":"松園路","v":"虎尾鎮","w":2,"c":1.1,"r":2},"geometry":{"type":"MultiPolygon","coordinates":[[[[120.411558,23.7417],[120.410906,23.73999],[120.410841,23.740086],[120.411446,23.741653],[120.411558,23.7417]]]]}},{"type":"Feature","properties":{"n":"松園三路","v":"虎尾鎮","w":2,"c":1.1,"r":0},"geometry":{"type":"MultiPolygon","coordinates":[[[[120.408573,23.738163],[120.408553,23.738593],[120.408802,23.738833],[120.408854,23.738761],[120.40866,23.738557],[120.408649,23.738223],[120.408573,23.738163]]]]}},{"type":"Feature","properties":{"n":"科虎路","v":"虎尾鎮","w":1.9,"c":1,"r":2},"geometry":{"type":"MultiPolygon","coordinates":[[[[120.411139,23.742103],[120.411318,23.742508],[120.411419,23.743212],[120.411533,23.743914],[120.41161,23.744015],[120.411637,23.743872],[120.411409,23.74251],[120.411191,23.742007],[120.411139,23.742103]]]]}},{"type":"Feature","properties":{"n":"科虎路","v":"虎尾鎮","w":2,"c":1.1,"r":2},"geometry":{"type":"MultiPolygon","coordinates":[[[[120.410943,23.74172],[120.41099,23.741601],[120.410797,23.74129],[120.41037,23.740846],[120.409401,23.740078],[120.409183,23.740017],[120.409558,23.740306],[120.410279,23.740882],[120.41069,23.741313],[120.410943,23.74172]]]]}},{"type":"Feature","properties":{"n":"科虎路","v":"虎尾鎮","w":2.1,"c":1.1,"r":2},"geometry":{"type":"MultiPolygon","coordinates":[[[[120.408788,23.739705],[120.408814,23.739598],[120.407146,23.738385],[120.407146,23.738277],[120.407082,23.738217],[120.407029,23.738277],[120.407042,23.738432],[120.408788,23.739705]]]]}},{"type":"Feature","properties":{"n":"科虎路","v":"虎尾鎮","w":1.9,"c":1,"r":2},"geometry":{"type":"MultiPolygon","coordinates":[[[[120.407022,23.736893],[120.40702,23.737451],[120.407123,23.737522],[120.407201,23.737465],[120.407124,23.737393],[120.407125,23.737011],[120.407022,23.736893]]]]}},{"type":"Feature","properties":{"n":"科虎路","v":"虎尾鎮","w":1.7,"c":0.8,"r":1},"geometry":{"type":"MultiPolygon","coordinates":[[[[120.407013,23.736698],[120.407106,23.736613],[120.407109,23.7361],[120.407032,23.735968],[120.407013,23.736698]]]]}},{"type":"Feature","properties":{"n":"科虎路","v":"虎尾鎮","w":2.1,"c":1.1,"r":2},"geometry":{"type":"MultiPolygon","coordinates":[[[[120.407023,23.735759],[120.40711,23.735631],[120.407127,23.734771],[120.40705,23.734663],[120.407023,23.735759]]]]}},{"type":"Feature","properties":{"n":"科虎路","v":"虎尾鎮","w":2,"c":1.1,"r":2},"geometry":{"type":"MultiPolygon","coordinates":[[[[120.407042,23.734541],[120.407143,23.734415],[120.407159,23.733602],[120.407069,23.733518],[120.407042,23.734541]]]]}},{"type":"Feature","properties":{"n":"科虎路","v":"虎尾鎮","w":1.6,"c":0.8,"r":2},"geometry":{"type":"MultiPolygon","coordinates":[[[[120.407063,23.733383],[120.407153,23.733256],[120.40716,23.731811],[120.40707,23.731763],[120.407063,23.733383]]]]}},{"type":"Feature","properties":{"n":"科虎路","v":"虎尾鎮","w":1.7,"c":0.6,"r":1},"geometry":{"type":"MultiPolygon","coordinates":[[[[120.407067,23.73135],[120.407153,23.731268],[120.407181,23.730767],[120.407078,23.730659],[120.407067,23.73135]]]]}},{"type":"Feature","properties":{"n":"科虎路","v":"虎尾鎮","w":1.7,"c":0.6,"r":2},"geometry":{"type":"MultiPolygon","coordinates":[[[[120.407049,23.73053],[120.407139,23.730334],[120.407171,23.729044],[120.407094,23.728841],[120.407049,23.73053]]]]}},{"type":"Feature","properties":{"n":"科虎路","v":"虎尾鎮","w":1.7,"c":0.8,"r":1},"geometry":{"type":"MultiPolygon","coordinates":[[[[120.40709,23.728745],[120.407173,23.72859],[120.407175,23.728124],[120.407097,23.728016],[120.40709,23.728745]]]]}},{"type":"Feature","properties":{"n":"科虎路","v":"虎尾鎮","w":2,"c":0.9,"r":1},"geometry":{"type":"MultiPolygon","coordinates":[[[[120.407064,23.72791],[120.407142,23.727806],[120.407158,23.727292],[120.407093,23.727196],[120.407064,23.72791]]]]}},{"type":"Feature","properties":{"n":"科虎路","v":"虎尾鎮","w":1.8,"c":1.8,"r":1},"geometry":{"type":"MultiPolygon","coordinates":[[[[120.40708,23.727026],[120.407159,23.726922],[120.407176,23.726133],[120.407086,23.726037],[120.40708,23.727026]]]]}},{"type":"Feature","properties":{"n":"科虎路","v":"虎尾鎮","w":1.8,"c":1.1,"r":2},"geometry":{"type":"MultiPolygon","coordinates":[[[[120.407081,23.725918],[120.40718,23.725839],[120.407182,23.725361],[120.407105,23.725278],[120.407081,23.725918]]]]}},{"type":"Feature","properties":{"n":"科虎路","v":"虎尾鎮","w":2.1,"c":1.1,"r":1},"geometry":{"type":"MultiPolygon","coordinates":[[[[120.406852,23.73138],[120.406911,23.725266],[120.406826,23.725313],[120.406773,23.731383],[120.406852,23.73138]]]]}},{"type":"Feature","properties":{"n":"科虎路","v":"虎尾鎮","w":2,"c":1.1,"r":6},"geometry":{"type":"MultiPolygon","coordinates":[[[[120.406838,23.735094],[120.406881,23.731698],[120.406785,23.731697],[120.406749,23.735101],[120.406838,23.735094]]]]}},{"type":"Feature","properties":{"n":"科虎路","v":"虎尾鎮","w":2,"c":1.1,"r":2},"geometry":{"type":"MultiPolygon","coordinates":[[[[120.406824,23.737585],[120.406827,23.73533],[120.406752,23.735342],[120.406731,23.737587],[120.406824,23.737585]]]]}},{"type":"Feature","properties":{"n":"科虎路","v":"虎尾鎮","w":1.9,"c":1,"r":2},"geometry":{"type":"MultiPolygon","coordinates":[[[[120.408371,23.739696],[120.406831,23.738571],[120.406805,23.73844],[120.40671,23.738547],[120.406721,23.738631],[120.408209,23.739709],[120.408371,23.739696]]]]}},{"type":"Feature","properties":{"n":"科虎路","v":"虎尾鎮","w":1.9,"c":1.1,"r":2},"geometry":{"type":"MultiPolygon","coordinates":[[[[120.410743,23.741735],[120.410338,23.741223],[120.409625,23.740576],[120.408797,23.739987],[120.408638,23.739999],[120.409614,23.740683],[120.410273,23.741283],[120.410634,23.741745],[120.410743,23.741735]]]]}},{"type":"Feature","properties":{"n":"科虎路","v":"虎尾鎮","w":1.9,"c":0.9,"r":2},"geometry":{"type":"MultiPolygon","coordinates":[[[[120.411236,23.744114],[120.41128,23.743746],[120.411234,23.743304],[120.411129,23.742671],[120.410902,23.742049],[120.410769,23.742024],[120.411029,23.742599],[120.411105,23.742993],[120.411168,23.743412],[120.411152,23.744128],[120.411236,23.744114]]]]}},{"type":"Feature","properties":{"n":"虎興北路","v":"虎尾鎮","w":2,"c":1.1,"r":1},"geometry":{"type":"MultiPolygon","coordinates":[[[[120.411113,23.744337],[120.416201,23.743424],[120.418836,23.743183],[120.421679,23.742943],[120.421731,23.743039],[120.421783,23.742944],[120.421705,23.742884],[120.418759,23.743135],[120.416214,23.743365],[120.411108,23.744289],[120.411113,23.744337]]]]}},{"type":"Feature","properties":{"n":"虎興北路","v":"虎尾鎮","w":2,"c":1.1,"r":2},"geometry":{"type":"MultiPolygon","coordinates":[[[[120.420796,23.742818],[120.422022,23.742736],[120.422048,23.742676],[120.420854,23.742731],[120.420796,23.742818]]]]}},{"type":"Feature","properties":{"n":"虎興北路","v":"虎尾鎮","w":2.1,"c":1.2,"r":2},"geometry":{"type":"MultiPolygon","coordinates":[[[[120.419102,23.742977],[120.420673,23.742846],[120.420582,23.742798],[120.419128,23.7429],[120.419102,23.742977]]]]}},{"type":"Feature","properties":{"n":"虎興北路","v":"虎尾鎮","w":1.8,"c":0.9,"r":2},"geometry":{"type":"MultiPolygon","coordinates":[[[[120.418424,23.743031],[120.418863,23.742989],[120.418812,23.742893],[120.418414,23.742952],[120.418424,23.743031]]]]}},{"type":"Feature","properties":{"n":"虎興北路","v":"虎尾鎮","w":1.9,"c":0.8,"r":2},"geometry":{"type":"MultiPolygon","coordinates":[[[[120.416649,23.743199],[120.418155,23.743061],[120.418155,23.74299],[120.418038,23.742977],[120.416688,23.743115],[120.416649,23.743199]]]]}},{"type":"Feature","properties":{"n":"虎興北路","v":"虎尾鎮","w":2,"c":0.7,"r":2},"geometry":{"type":"MultiPolygon","coordinates":[[[[120.41404,23.743645],[120.41625,23.743237],[120.416484,23.743191],[120.416354,23.743142],[120.415835,23.743212],[120.414068,23.743552],[120.41404,23.743645]]]]}},{"type":"Feature","properties":{"n":"虎興北路","v":"虎尾鎮","w":1.5,"c":0.4,"r":2},"geometry":{"type":"MultiPolygon","coordinates":[[[[120.413556,23.743724],[120.413723,23.743665],[120.413697,23.743605],[120.413535,23.743676],[120.413556,23.743724]]]]}},{"type":"Feature","properties":{"n":"虎興北路","v":"虎尾鎮","w":2,"c":1.1,"r":2},"geometry":{"type":"MultiPolygon","coordinates":[[[[120.411591,23.744032],[120.411741,23.744061],[120.413416,23.743737],[120.4133,23.743701],[120.411741,23.743994],[120.411625,23.743957],[120.411591,23.744032]]]]}},{"type":"Feature","properties":{"n":"虎興東十ㄧ街","v":"虎尾鎮","w":1.2,"c":1.2,"r":2},"geometry":{"type":"MultiPolygon","coordinates":[[[[120.418902,23.742443],[120.41901,23.742516],[120.420296,23.742102],[120.420349,23.741983],[120.418902,23.742443]]]]}},{"type":"Feature","properties":{"n":"虎興東十一街","v":"虎尾鎮","w":1.1,"c":0.7,"r":2},"geometry":{"type":"MultiPolygon","coordinates":[[[[120.420469,23.741962],[120.420585,23.742],[120.421637,23.741658],[120.421742,23.741539],[120.420469,23.741962]]]]}},{"type":"Feature","properties":{"n":"虎興東十ㄧ街","v":"虎尾鎮","w":1.2,"c":0.7,"r":2},"geometry":{"type":"MultiPolygon","coordinates":[[[[120.420426,23.74184],[120.421631,23.741486],[120.42154,23.741438],[120.420462,23.74172],[120.420426,23.74184]]]]}},{"type":"Feature","properties":{"n":"虎興東十ㄧ街","v":"虎尾鎮","w":1.2,"c":1.2,"r":1},"geometry":{"type":"MultiPolygon","coordinates":[[[[120.418884,23.742367],[120.420287,23.741889],[120.420131,23.741865],[120.418923,23.742254],[120.418884,23.742367]]]]}},{"type":"Feature","properties":{"n":"虎興西十二街","v":"虎尾鎮","w":1.2,"c":0.7,"r":2},"geometry":{"type":"MultiPolygon","coordinates":[[[[120.416386,23.742493],[120.41649,23.742553],[120.417751,23.742139],[120.417803,23.742032],[120.416386,23.742493]]]]}},{"type":"Feature","properties":{"n":"虎興西十二街","v":"虎尾鎮","w":1.2,"c":1.2,"r":2},"geometry":{"type":"MultiPolygon","coordinates":[[[[120.416341,23.742374],[120.417744,23.741949],[120.417628,23.741889],[120.41638,23.742278],[120.416341,23.742374]]]]}},{"type":"Feature","properties":{"n":"虎興東十街","v":"虎尾鎮","w":1.1,"c":0.7,"r":2},"geometry":{"type":"MultiPolygon","coordinates":[[[[120.418622,23.741763],[120.418747,23.741795],[120.419994,23.741399],[120.420047,23.741291],[120.418622,23.741763]]]]}},{"type":"Feature","properties":{"n":"虎興東十街","v":"虎尾鎮","w":1.2,"c":0.6,"r":2},"geometry":{"type":"MultiPolygon","coordinates":[[[[120.420212,23.741273],[120.420328,23.741295],[120.421485,23.740892],[120.421446,23.740832],[120.420212,23.741273]]]]}},{"type":"Feature","properties":{"n":"虎興東十街","v":"虎尾鎮","w":1.2,"c":0.6,"r":1},"geometry":{"type":"MultiPolygon","coordinates":[[[[120.420157,23.74115],[120.421439,23.740728],[120.421439,23.74068],[120.420205,23.74107],[120.420157,23.74115]]]]}},{"type":"Feature","properties":{"n":"虎興東十街","v":"虎尾鎮","w":1.2,"c":0.7,"r":1},"geometry":{"type":"MultiPolygon","coordinates":[[[[120.418576,23.741665],[120.420044,23.741193],[120.419901,23.741157],[120.418667,23.741558],[120.418576,23.741665]]]]}},{"type":"Feature","properties":{"n":"虎興西十一街","v":"虎尾鎮","w":1.2,"c":0.7,"r":2},"geometry":{"type":"MultiPolygon","coordinates":[[[[120.416123,23.741835],[120.416291,23.74187],[120.417474,23.74147],[120.417539,23.741351],[120.416123,23.741835]]]]}},{"type":"Feature","properties":{"n":"虎興西十一街","v":"虎尾鎮","w":2.1,"c":0.9,"r":2},"geometry":{"type":"MultiPolygon","coordinates":[[[[120.416084,23.741716],[120.417475,23.741267],[120.417397,23.741231],[120.41615,23.74162],[120.416084,23.741716]]]]}},{"type":"Feature","properties":{"n":"虎興東九街","v":"虎尾鎮","w":1.1,"c":0.6,"r":2},"geometry":{"type":"MultiPolygon","coordinates":[[[[120.418392,23.74108],[120.418493,23.741149],[120.419771,23.74075],[120.419803,23.740607],[120.418392,23.74108]]]]}},{"type":"Feature","properties":{"n":"虎興東九街","v":"虎尾鎮","w":1.2,"c":0.7,"r":2},"geometry":{"type":"MultiPolygon","coordinates":[[[[120.419956,23.740601],[120.420111,23.740643],[120.42119,23.740241],[120.421307,23.740122],[120.419956,23.740601]]]]}},{"type":"Feature","properties":{"n":"虎興東九街","v":"虎尾鎮","w":1.2,"c":1.2,"r":2},"geometry":{"type":"MultiPolygon","coordinates":[[[[120.419918,23.740476],[120.42123,23.740051],[120.421153,23.73999],[120.41997,23.74038],[120.419918,23.740476]]]]}},{"type":"Feature","properties":{"n":"虎興東九街","v":"虎尾鎮","w":1.2,"c":0.7,"r":2},"geometry":{"type":"MultiPolygon","coordinates":[[[[120.419775,23.740511],[120.419646,23.740442],[120.418372,23.740855],[120.41832,23.740974],[120.419775,23.740511]]]]}},{"type":"Feature","properties":{"n":"學府二路","v":"虎尾鎮","w":2.9,"c":2,"r":2},"geometry":{"type":"MultiPolygon","coordinates":[[[[120.412774,23.74199],[120.411217,23.742008],[120.411294,23.742139],[120.412774,23.742109],[120.412774,23.74199]]]]}},{"type":"Feature","properties":{"n":"學府二路","v":"虎尾鎮","w":3.4,"c":3,"r":2},"geometry":{"type":"MultiPolygon","coordinates":[[[[120.412941,23.742006],[120.412953,23.742092],[120.413134,23.742064],[120.413109,23.74201],[120.412941,23.742006]]]]}},{"type":"Feature","properties":{"n":"學府二路","v":"虎尾鎮","w":3,"c":2,"r":2},"geometry":{"type":"MultiPolygon","coordinates":[[[[120.413383,23.74191],[120.413498,23.741986],[120.415681,23.741263],[120.415708,23.741131],[120.413383,23.74191]]]]}},{"type":"Feature","properties":{"n":"學府二路","v":"虎尾鎮","w":3,"c":2.1,"r":2},"geometry":{"type":"MultiPolygon","coordinates":[[[[120.41588,23.74107],[120.415996,23.741117],[120.417218,23.74074],[120.417283,23.740621],[120.41588,23.74107]]]]}},{"type":"Feature","properties":{"n":"學府二路","v":"虎尾鎮","w":3,"c":2,"r":2},"geometry":{"type":"MultiPolygon","coordinates":[[[[120.417482,23.740566],[120.417516,23.740669],[120.417893,23.740502],[120.417842,23.740419],[120.417482,23.740566]]]]}},{"type":"Feature","properties":{"n":"學府二路","v":"虎尾鎮","w":3,"c":2.1,"r":2},"geometry":{"type":"MultiPolygon","coordinates":[[[[120.418115,23.740361],[120.418231,23.740412],[120.419479,23.739984],[120.419544,23.739877],[120.418115,23.740361]]]]}},{"type":"Feature","properties":{"n":"學府二路","v":"虎尾鎮","w":2.9,"c":1.8,"r":2},"geometry":{"type":"MultiPolygon","coordinates":[[[[120.419661,23.739842],[120.41979,23.739879],[120.421077,23.739453],[120.421064,23.739393],[120.419661,23.739842]]]]}},{"type":"Feature","properties":{"n":"學府二路","v":"虎尾鎮","w":3,"c":1.9,"r":2},"geometry":{"type":"MultiPolygon","coordinates":[[[[120.419546,23.73959],[120.420988,23.73913],[120.420988,23.739046],[120.419598,23.739482],[120.419546,23.73959]]]]}},{"type":"Feature","properties":{"n":"學府二路","v":"虎尾鎮","w":2.8,"c":1.9,"r":2},"geometry":{"type":"MultiPolygon","coordinates":[[[[120.418012,23.740086],[120.419442,23.739638],[120.419299,23.739554],[120.418039,23.739967],[120.418012,23.740086]]]]}},{"type":"Feature","properties":{"n":"學府二路","v":"虎尾鎮","w":2.9,"c":2,"r":2},"geometry":{"type":"MultiPolygon","coordinates":[[[[120.417395,23.740283],[120.417752,23.740148],[120.417726,23.740064],[120.417356,23.740194],[120.417395,23.740283]]]]}},{"type":"Feature","properties":{"n":"學府二路","v":"虎尾鎮","w":3,"c":2,"r":2},"geometry":{"type":"MultiPolygon","coordinates":[[[[120.415751,23.740818],[120.417141,23.74037],[120.417038,23.74031],[120.415842,23.740699],[120.415751,23.740818]]]]}},{"type":"Feature","properties":{"n":"學府二路","v":"虎尾鎮","w":3.1,"c":2,"r":2},"geometry":{"type":"MultiPolygon","coordinates":[[[[120.414231,23.741326],[120.415595,23.740878],[120.415453,23.740829],[120.414296,23.741195],[120.414231,23.741326]]]]}},{"type":"Feature","properties":{"n":"學府二路","v":"虎尾鎮","w":2.8,"c":1.8,"r":2},"geometry":{"type":"MultiPolygon","coordinates":[[[[120.413251,23.741619],[120.414052,23.741381],[120.413923,23.741321],[120.413325,23.741497],[120.413251,23.741619]]]]}},{"type":"Feature","properties":{"n":"學府二路","v":"虎尾鎮","w":4.4,"c":3,"r":2},"geometry":{"type":"MultiPolygon","coordinates":[[[[120.412789,23.741721],[120.412958,23.741692],[120.412946,23.741597],[120.412778,23.741632],[120.412789,23.741721]]]]}},{"type":"Feature","properties":{"n":"學府二路","v":"虎尾鎮","w":3,"c":2.1,"r":2},"geometry":{"type":"MultiPolygon","coordinates":[[[[120.411763,23.741711],[120.412633,23.741743],[120.412516,23.741659],[120.411816,23.741621],[120.411763,23.741711]]]]}},{"type":"Feature","properties":{"n":"學府二路","v":"虎尾鎮","w":3,"c":2.1,"r":2},"geometry":{"type":"MultiPolygon","coordinates":[[[[120.411545,23.741739],[120.411408,23.741636],[120.411032,23.741623],[120.410977,23.74173],[120.411545,23.741739]]]]}},{"type":"Feature","properties":{"n":"虎興西十街","v":"虎尾鎮","w":1.1,"c":0.7,"r":2},"geometry":{"type":"MultiPolygon","coordinates":[[[[120.414016,23.740661],[120.414172,23.740699],[120.415316,23.740315],[120.415369,23.740184],[120.414016,23.740661]]]]}},{"type":"Feature","properties":{"n":"虎興西十街","v":"虎尾鎮","w":1.2,"c":0.7,"r":2},"geometry":{"type":"MultiPolygon","coordinates":[[[[120.416859,23.739724],[120.415494,23.740149],[120.415637,23.740209],[120.416832,23.739843],[120.416859,23.739724]]]]}},{"type":"Feature","properties":{"n":"虎興西十街","v":"虎尾鎮","w":1.2,"c":0.7,"r":2},"geometry":{"type":"MultiPolygon","coordinates":[[[[120.416821,23.739604],[120.416719,23.739544],[120.415549,23.739898],[120.415444,23.740053],[120.416821,23.739604]]]]}},{"type":"Feature","properties":{"n":"虎興西十街","v":"虎尾鎮","w":1.2,"c":1.2,"r":2},"geometry":{"type":"MultiPolygon","coordinates":[[[[120.415326,23.740075],[120.415234,23.739987],[120.414,23.740425],[120.413961,23.740534],[120.415326,23.740075]]]]}},{"type":"Feature","properties":{"n":"虎興東八街","v":"虎尾鎮","w":1.2,"c":0.7,"r":2},"geometry":{"type":"MultiPolygon","coordinates":[[[[120.419186,23.738977],[120.417759,23.739425],[120.417883,23.739474],[120.419131,23.739072],[120.419186,23.738977]]]]}},{"type":"Feature","properties":{"n":"虎興東八街","v":"虎尾鎮","w":1.2,"c":0.8,"r":2},"geometry":{"type":"MultiPolygon","coordinates":[[[[120.420779,23.738427],[120.419313,23.738892],[120.419411,23.738931],[120.420841,23.738473],[120.420779,23.738427]]]]}},{"type":"Feature","properties":{"n":"虎興東八街","v":"虎尾鎮","w":1.2,"c":0.7,"r":2},"geometry":{"type":"MultiPolygon","coordinates":[[[[120.420719,23.73835],[120.420667,23.738272],[120.419329,23.738697],[120.419263,23.738819],[120.420719,23.73835]]]]}},{"type":"Feature","properties":{"n":"虎興東八街","v":"虎尾鎮","w":1.2,"c":0.7,"r":2},"geometry":{"type":"MultiPolygon","coordinates":[[[[120.419069,23.73886],[120.418965,23.738788],[120.41777,23.73919],[120.417704,23.739309],[120.419069,23.73886]]]]}},{"type":"Feature","properties":{"n":"學府一路","v":"虎尾鎮","w":3,"c":2,"r":2},"geometry":{"type":"MultiPolygon","coordinates":[[[[120.410898,23.739958],[120.409201,23.740006],[120.409405,23.74006],[120.410833,23.740036],[120.410898,23.739958]]]]}},{"type":"Feature","properties":{"n":"學府一路","v":"虎尾鎮","w":2.8,"c":1.9,"r":2},"geometry":{"type":"MultiPolygon","coordinates":[[[[120.411984,23.739949],[120.411091,23.739984],[120.411277,23.740049],[120.411991,23.740045],[120.411984,23.739949]]]]}},{"type":"Feature","properties":{"n":"學府一路","v":"虎尾鎮","w":3.5,"c":3.5,"r":2},"geometry":{"type":"MultiPolygon","coordinates":[[[[120.41229,23.739945],[120.412147,23.739945],[120.412173,23.740026],[120.412342,23.740015],[120.41229,23.739945]]]]}},{"type":"Feature","properties":{"n":"學府一路","v":"虎尾鎮","w":3,"c":1.9,"r":2},"geometry":{"type":"MultiPolygon","coordinates":[[[[120.414917,23.739088],[120.413558,23.739533],[120.413716,23.739604],[120.414912,23.739206],[120.414917,23.739088]]]]}},{"type":"Feature","properties":{"n":"學府一路","v":"虎尾鎮","w":3,"c":2.1,"r":2},"geometry":{"type":"MultiPolygon","coordinates":[[[[120.416709,23.738505],[120.41676,23.738603],[120.417098,23.73847],[120.417059,23.738387],[120.416709,23.738505]]]]}},{"type":"Feature","properties":{"n":"學府一路","v":"虎尾鎮","w":2.9,"c":1.5,"r":2},"geometry":{"type":"MultiPolygon","coordinates":[[[[120.418749,23.737855],[120.417319,23.738328],[120.417462,23.738376],[120.418696,23.737987],[120.418749,23.737855]]]]}},{"type":"Feature","properties":{"n":"學府一路","v":"虎尾鎮","w":4.1,"c":3,"r":2},"geometry":{"type":"MultiPolygon","coordinates":[[[[120.42063,23.737886],[120.418917,23.737844],[120.419099,23.737928],[120.420539,23.73797],[120.42063,23.737886]]]]}},{"type":"Feature","properties":{"n":"學府一路","v":"虎尾鎮","w":2,"c":0.9,"r":2},"geometry":{"type":"MultiPolygon","coordinates":[[[[120.426793,23.738029],[120.426755,23.737944],[120.42102,23.737791],[120.420876,23.738018],[120.421019,23.738007],[120.421084,23.737876],[120.426793,23.738029]]]]}},{"type":"Feature","properties":{"n":"學府一路","v":"虎尾鎮","w":3,"c":1.8,"r":2},"geometry":{"type":"MultiPolygon","coordinates":[[[[120.427015,23.737767],[120.427104,23.73766],[120.419981,23.737442],[120.419878,23.737561],[120.427015,23.737767]]]]}},{"type":"Feature","properties":{"n":"學府一路","v":"虎尾鎮","w":3,"c":1.5,"r":2},"geometry":{"type":"MultiPolygon","coordinates":[[[[120.418892,23.737562],[120.419567,23.737557],[120.419451,23.737461],[120.418945,23.737471],[120.418892,23.737562]]]]}},{"type":"Feature","properties":{"n":"學府一路","v":"虎尾鎮","w":3,"c":2.1,"r":1},"geometry":{"type":"MultiPolygon","coordinates":[[[[120.417009,23.738088],[120.416958,23.737966],[120.416529,23.738131],[120.41658,23.738251],[120.417009,23.738088]]]]}},{"type":"Feature","properties":{"n":"學府一路","v":"虎尾鎮","w":3,"c":2.1,"r":2},"geometry":{"type":"MultiPolygon","coordinates":[[[[120.416385,23.738324],[120.416334,23.738217],[120.415138,23.738582],[120.415086,23.738737],[120.416385,23.738324]]]]}},{"type":"Feature","properties":{"n":"學府一路","v":"虎尾鎮","w":3,"c":2,"r":2},"geometry":{"type":"MultiPolygon","coordinates":[[[[120.413255,23.739325],[120.413139,23.739271],[120.412515,23.739471],[120.41246,23.73957],[120.413255,23.739325]]]]}},{"type":"Feature","properties":{"n":"學府一路","v":"虎尾鎮","w":3.4,"c":3.4,"r":2},"geometry":{"type":"MultiPolygon","coordinates":[[[[120.412022,23.739653],[120.412168,23.739637],[120.412194,23.73953],[120.411964,23.739553],[120.412022,23.739653]]]]}},{"type":"Feature","properties":{"n":"松園三路","v":"虎尾鎮","w":2,"c":1.1,"r":2},"geometry":{"type":"MultiPolygon","coordinates":[[[[120.41053,23.738983],[120.408804,23.738964],[120.408816,23.739084],[120.410439,23.739078],[120.41053,23.738983]]]]}},{"type":"Feature","properties":{"n":"松園三路","v":"虎尾鎮","w":2,"c":1.1,"r":0},"geometry":{"type":"MultiPolygon","coordinates":[[[[120.410436,23.738836],[120.41031,23.738767],[120.408883,23.73875],[120.408821,23.738836],[120.410436,23.738836]]]]}},{"type":"Feature","properties":{"n":"學府路","v":"虎尾鎮","w":3.6,"c":2.8,"r":2},"geometry":{"type":"MultiPolygon","coordinates":[[[[120.408405,23.738139],[120.407186,23.738122],[120.407095,23.738217],[120.407185,23.738253],[120.407224,23.738206],[120.408288,23.73821],[120.408405,23.738139]]]]}},{"type":"Feature","properties":{"n":"學府路","v":"虎尾鎮","w":3,"c":1.9,"r":2},"geometry":{"type":"MultiPolygon","coordinates":[[[[120.410169,23.738129],[120.408604,23.738118],[120.408668,23.738214],[120.410108,23.738222],[120.410169,23.738129]]]]}},{"type":"Feature","properties":{"n":"學府路","v":"虎尾鎮","w":3.2,"c":2.3,"r":1},"geometry":{"type":"MultiPolygon","coordinates":[[[[120.411324,23.738141],[120.410375,23.738133],[120.410465,23.738217],[120.411256,23.738219],[120.411324,23.738141]]]]}},{"type":"Feature","properties":{"n":"學府路","v":"虎尾鎮","w":4,"c":2.6,"r":2},"geometry":{"type":"MultiPolygon","coordinates":[[[[120.412715,23.737761],[120.411883,23.738054],[120.412013,23.738112],[120.412637,23.737875],[120.412715,23.737761]]]]}},{"type":"Feature","properties":{"n":"學府路","v":"虎尾鎮","w":3,"c":1.9,"r":0},"geometry":{"type":"MultiPolygon","coordinates":[[[[120.414158,23.737312],[120.412871,23.737725],[120.413001,23.737782],[120.414105,23.737427],[120.414158,23.737312]]]]}},{"type":"Feature","properties":{"n":"學府路","v":"虎尾鎮","w":4.5,"c":2.7,"r":2},"geometry":{"type":"MultiPolygon","coordinates":[[[[120.419587,23.736007],[120.418303,23.735943],[120.418419,23.73604],[120.419535,23.736081],[120.419587,23.736007]]]]}},{"type":"Feature","properties":{"n":"學府路","v":"虎尾鎮","w":5.4,"c":2.7,"r":3},"geometry":{"type":"MultiPolygon","coordinates":[[[[120.428246,23.736197],[120.428072,23.736111],[120.42675,23.736074],[120.424829,23.736076],[120.421246,23.735977],[120.420183,23.735958],[120.419906,23.73592],[120.420061,23.736031],[120.420418,23.736043],[120.423459,23.736126],[120.424865,23.736156],[120.426746,23.736151],[120.428061,23.736188],[120.428252,23.736347],[120.428246,23.73621],[120.428241,23.736225],[120.428246,23.736197]]]]}},{"type":"Feature","properties":{"n":"學府路","v":"虎尾鎮","w":2.3,"c":2.3,"r":1},"geometry":{"type":"MultiPolygon","coordinates":[[[[120.42897,23.735628],[120.428942,23.735563],[120.428695,23.735598],[120.427942,23.735548],[120.427866,23.735631],[120.428709,23.735666],[120.42897,23.735628]]]]}},{"type":"Feature","properties":{"n":"學府路","v":"虎尾鎮","w":3.4,"c":2.5,"r":3},"geometry":{"type":"MultiPolygon","coordinates":[[[[120.427627,23.735601],[120.420106,23.735414],[120.420031,23.735331],[120.419929,23.73538],[120.420047,23.735517],[120.422654,23.735581],[120.427607,23.735693],[120.427627,23.735601]]]]}},{"type":"Feature","properties":{"n":"學府路","v":"虎尾鎮","w":4.8,"c":2.8,"r":2},"geometry":{"type":"MultiPolygon","coordinates":[[[[120.419551,23.735433],[120.419603,23.735386],[120.419526,23.735326],[120.418124,23.735309],[120.418046,23.735393],[120.419551,23.735433]]]]}},{"type":"Feature","properties":{"n":"學府路","v":"虎尾鎮","w":3,"c":2.9,"r":2},"geometry":{"type":"MultiPolygon","coordinates":[[[[120.413955,23.736763],[120.413802,23.73673],[120.412749,23.737085],[120.412655,23.737203],[120.413955,23.736763]]]]}},{"type":"Feature","properties":{"n":"學府路","v":"虎尾鎮","w":4.2,"c":3.3,"r":2},"geometry":{"type":"MultiPolygon","coordinates":[[[[120.412418,23.737277],[120.412463,23.737242],[120.412334,23.737205],[120.411736,23.737406],[120.411698,23.737506],[120.412418,23.737277]]]]}},{"type":"Feature","properties":{"n":"學府路","v":"虎尾鎮","w":4,"c":2.8,"r":2},"geometry":{"type":"MultiPolygon","coordinates":[[[[120.411071,23.737604],[120.410959,23.737542],[120.410246,23.737527],[120.410152,23.737605],[120.411071,23.737604]]]]}},{"type":"Feature","properties":{"n":"學府路","v":"虎尾鎮","w":4.2,"c":3.3,"r":2},"geometry":{"type":"MultiPolygon","coordinates":[[[[120.409908,23.737606],[120.409825,23.737511],[120.407295,23.737501],[120.407217,23.737489],[120.407144,23.73756],[120.407198,23.737596],[120.409908,23.737606]]]]}},{"type":"Feature","properties":{"n":"松園二路","v":"虎尾鎮","w":2.1,"c":1.1,"r":2},"geometry":{"type":"MultiPolygon","coordinates":[[[[120.409704,23.736863],[120.40706,23.736865],[120.407159,23.736975],[120.409637,23.73697],[120.409704,23.736863]]]]}},{"type":"Feature","properties":{"n":"松園二路","v":"虎尾鎮","w":2,"c":1.1,"r":2},"geometry":{"type":"MultiPolygon","coordinates":[[[[120.409645,23.736722],[120.409502,23.73665],[120.407128,23.736641],[120.407023,23.736736],[120.409645,23.736722]]]]}},{"type":"Feature","properties":{"n":"大隆路","v":"虎尾鎮","w":2.1,"c":1,"r":1},"geometry":{"type":"MultiPolygon","coordinates":[[[[120.409349,23.73597],[120.407065,23.735952],[120.407141,23.736048],[120.409295,23.736049],[120.409349,23.73597]]]]}},{"type":"Feature","properties":{"n":"大隆路","v":"虎尾鎮","w":2,"c":1.1,"r":2},"geometry":{"type":"MultiPolygon","coordinates":[[[[120.410491,23.735984],[120.409557,23.735981],[120.409661,23.736065],[120.410439,23.736068],[120.410491,23.735984]]]]}},{"type":"Feature","properties":{"n":"大隆路","v":"虎尾鎮","w":2,"c":2,"r":2},"geometry":{"type":"MultiPolygon","coordinates":[[[[120.410833,23.73599],[120.410773,23.735963],[120.410643,23.735987],[120.41063,23.736046],[120.410816,23.736033],[120.410833,23.73599]]]]}},{"type":"Feature","properties":{"n":"大隆路","v":"虎尾鎮","w":3,"c":2,"r":2},"geometry":{"type":"MultiPolygon","coordinates":[[[[120.411894,23.735709],[120.41114,23.735971],[120.411244,23.736023],[120.411881,23.73581],[120.411894,23.735709]]]]}},{"type":"Feature","properties":{"n":"大隆路","v":"虎尾鎮","w":3,"c":2,"r":2},"geometry":{"type":"MultiPolygon","coordinates":[[[[120.413349,23.735231],[120.412089,23.735644],[120.412206,23.735691],[120.413362,23.735313],[120.413349,23.735231]]]]}},{"type":"Feature","properties":{"n":"大隆路","v":"虎尾鎮","w":3,"c":2.1,"r":2},"geometry":{"type":"MultiPolygon","coordinates":[[[[120.415013,23.734712],[120.413726,23.735128],[120.413843,23.735178],[120.415038,23.734813],[120.415013,23.734712]]]]}},{"type":"Feature","properties":{"n":"大隆路","v":"虎尾鎮","w":3,"c":2.1,"r":2},"geometry":{"type":"MultiPolygon","coordinates":[[[[120.415623,23.734499],[120.415195,23.73463],[120.415233,23.734719],[120.415649,23.734578],[120.415623,23.734499]]]]}},{"type":"Feature","properties":{"n":"大隆路","v":"虎尾鎮","w":3,"c":2.1,"r":2},"geometry":{"type":"MultiPolygon","coordinates":[[[[120.417173,23.734007],[120.41583,23.734427],[120.415872,23.734523],[120.417133,23.734113],[120.417133,23.734125],[120.417198,23.73403],[120.417173,23.734007]]]]}},{"type":"Feature","properties":{"n":"大隆路","v":"虎尾鎮","w":2.6,"c":1.7,"r":2},"geometry":{"type":"MultiPolygon","coordinates":[[[[120.419652,23.73402],[120.417593,23.733959],[120.417567,23.733995],[120.417648,23.734048],[120.419542,23.73411],[120.419646,23.73407],[120.419652,23.73402]]]]}},{"type":"Feature","properties":{"n":"大隆路","v":"虎尾鎮","w":3,"c":2,"r":2},"geometry":{"type":"MultiPolygon","coordinates":[[[[120.419649,23.733728],[120.419553,23.733622],[120.417529,23.733579],[120.417439,23.733686],[120.419649,23.733728]]]]}},{"type":"Feature","properties":{"n":"大隆路","v":"虎尾鎮","w":3.1,"c":2.1,"r":3},"geometry":{"type":"MultiPolygon","coordinates":[[[[120.417144,23.733696],[120.417046,23.733626],[120.415811,23.734039],[120.415735,23.734167],[120.417144,23.733696]]]]}},{"type":"Feature","properties":{"n":"大隆路","v":"虎尾鎮","w":3,"c":2.1,"r":2},"geometry":{"type":"MultiPolygon","coordinates":[[[[120.415524,23.734242],[120.415475,23.734176],[120.415058,23.734306],[120.415085,23.734388],[120.415524,23.734242]]]]}},{"type":"Feature","properties":{"n":"大隆路","v":"虎尾鎮","w":2.8,"c":1.8,"r":2},"geometry":{"type":"MultiPolygon","coordinates":[[[[120.413364,23.734956],[120.413221,23.734908],[120.412013,23.735274],[120.41196,23.735393],[120.413364,23.734956]]]]}},{"type":"Feature","properties":{"n":"大隆路","v":"虎尾鎮","w":2,"c":2,"r":2},"geometry":{"type":"MultiPolygon","coordinates":[[[[120.410739,23.735782],[120.410726,23.735723],[120.410505,23.735746],[120.410531,23.735793],[120.410739,23.735782]]]]}},{"type":"Feature","properties":{"n":"大隆路","v":"虎尾鎮","w":2.1,"c":1.1,"r":2},"geometry":{"type":"MultiPolygon","coordinates":[[[[120.410362,23.735798],[120.410245,23.73571],[120.409532,23.735695],[120.409466,23.735798],[120.410362,23.735798]]]]}},{"type":"Feature","properties":{"n":"大隆路","v":"虎尾鎮","w":2,"c":1.1,"r":2},"geometry":{"type":"MultiPolygon","coordinates":[[[[120.409243,23.735785],[120.40913,23.735697],[120.407132,23.735677],[120.407043,23.735772],[120.409243,23.735785]]]]}},{"type":"Feature","properties":{"n":"松園一街","v":"虎尾鎮","w":1,"c":0.6,"r":2},"geometry":{"type":"MultiPolygon","coordinates":[[[[120.408862,23.734643],[120.407072,23.734651],[120.407136,23.734738],[120.408836,23.734735],[120.408862,23.734643]]]]}},{"type":"Feature","properties":{"n":"松園一街","v":"虎尾鎮","w":1.2,"c":1.2,"r":2},"geometry":{"type":"MultiPolygon","coordinates":[[[[120.408788,23.734541],[120.408678,23.734454],[120.407173,23.734448],[120.407078,23.734532],[120.408788,23.734541]]]]}},{"type":"Feature","properties":{"n":"虎興西九街","v":"虎尾鎮","w":1.2,"c":1.2,"r":2},"geometry":{"type":"MultiPolygon","coordinates":[[[[120.412941,23.733844],[120.411565,23.734292],[120.411669,23.734352],[120.412891,23.733951],[120.412941,23.733844]]]]}},{"type":"Feature","properties":{"n":"虎興西九街","v":"虎尾鎮","w":1,"c":0.6,"r":2},"geometry":{"type":"MultiPolygon","coordinates":[[[[120.4145,23.733336],[120.413083,23.733796],[120.413174,23.733847],[120.414421,23.733446],[120.4145,23.733336]]]]}},{"type":"Feature","properties":{"n":"虎興西九街","v":"虎尾鎮","w":1.2,"c":0.7,"r":2},"geometry":{"type":"MultiPolygon","coordinates":[[[[120.414418,23.733248],[120.414314,23.733194],[120.41308,23.733608],[120.413031,23.733706],[120.414418,23.733248]]]]}},{"type":"Feature","properties":{"n":"虎興西九街","v":"虎尾鎮","w":1.2,"c":0.7,"r":2},"geometry":{"type":"MultiPolygon","coordinates":[[[[120.412876,23.733748],[120.41272,23.733723],[120.41159,23.734077],[120.411525,23.734185],[120.412876,23.733748]]]]}},{"type":"Feature","properties":{"n":"虎興東七街","v":"虎尾鎮","w":1.2,"c":0.7,"r":2},"geometry":{"type":"MultiPolygon","coordinates":[[[[120.417216,23.732438],[120.415322,23.733052],[120.415399,23.7331],[120.417141,23.732546],[120.417216,23.732438]]]]}},{"type":"Feature","properties":{"n":"虎興東七街","v":"虎尾鎮","w":1.2,"c":0.6,"r":3},"geometry":{"type":"MultiPolygon","coordinates":[[[[120.417177,23.732355],[120.417126,23.732295],[120.415345,23.732861],[120.41528,23.732957],[120.417177,23.732355]]]]}},{"type":"Feature","properties":{"n":"虎興西八路","v":"虎尾鎮","w":1.8,"c":0.9,"r":1},"geometry":{"type":"MultiPolygon","coordinates":[[[[120.408413,23.73354],[120.407116,23.733535],[120.407193,23.73361],[120.4084,23.733628],[120.408413,23.73354]]]]}},{"type":"Feature","properties":{"n":"虎興西八路","v":"虎尾鎮","w":1.9,"c":1.9,"r":1},"geometry":{"type":"MultiPolygon","coordinates":[[[[120.409568,23.733532],[120.408634,23.733541],[120.408763,23.733601],[120.409503,23.733604],[120.409568,23.733532]]]]}},{"type":"Feature","properties":{"n":"虎興西八路","v":"虎尾鎮","w":1.9,"c":1.9,"r":2},"geometry":{"type":"MultiPolygon","coordinates":[[[[120.409672,23.733569],[120.409687,23.733599],[120.409894,23.733599],[120.409869,23.733536],[120.409726,23.733535],[120.409672,23.733569]]]]}},{"type":"Feature","properties":{"n":"虎興西八路","v":"虎尾鎮","w":2,"c":1,"r":2},"geometry":{"type":"MultiPolygon","coordinates":[[[[120.410977,23.733251],[120.410133,23.733535],[120.410236,23.733572],[120.410938,23.733336],[120.410977,23.733251]]]]}},{"type":"Feature","properties":{"n":"虎興西八路","v":"虎尾鎮","w":2,"c":1.1,"r":2},"geometry":{"type":"MultiPolygon","coordinates":[[[[120.41251,23.732767],[120.411164,23.733217],[120.411274,23.73327],[120.412443,23.732881],[120.41251,23.732767]]]]}},{"type":"Feature","properties":{"n":"虎興西八路","v":"虎尾鎮","w":2,"c":1.1,"r":2},"geometry":{"type":"MultiPolygon","coordinates":[[[[120.414046,23.732248],[120.412653,23.732711],[120.412804,23.732752],[120.414025,23.73234],[120.414046,23.732248]]]]}},{"type":"Feature","properties":{"n":"虎興西八路","v":"虎尾鎮","w":1.8,"c":0.8,"r":2},"geometry":{"type":"MultiPolygon","coordinates":[[[[120.413986,23.732127],[120.413898,23.732094],[120.412677,23.732495],[120.412637,23.732567],[120.413986,23.732127]]]]}},{"type":"Feature","properties":{"n":"虎興西八路","v":"虎尾鎮","w":2,"c":1.2,"r":2},"geometry":{"type":"MultiPolygon","coordinates":[[[[120.412478,23.732598],[120.412347,23.73256],[120.411151,23.732938],[120.411099,23.733058],[120.412478,23.732598]]]]}},{"type":"Feature","properties":{"n":"虎興西八路","v":"虎尾鎮","w":2,"c":1,"r":2},"geometry":{"type":"MultiPolygon","coordinates":[[[[120.410934,23.733106],[120.410809,23.733081],[120.410146,23.733281],[120.410105,23.733377],[120.410934,23.733106]]]]}},{"type":"Feature","properties":{"n":"虎興西八路","v":"虎尾鎮","w":3,"c":3,"r":0},"geometry":{"type":"MultiPolygon","coordinates":[[[[120.409789,23.733378],[120.409777,23.73332],[120.409582,23.733343],[120.409595,23.733367],[120.40966,23.733391],[120.409724,23.733391],[120.409789,23.733378]]]]}},{"type":"Feature","properties":{"n":"虎興西八路","v":"虎尾鎮","w":1.8,"c":0.8,"r":2},"geometry":{"type":"MultiPolygon","coordinates":[[[[120.409464,23.733372],[120.409341,23.733294],[120.407161,23.733274],[120.407084,23.733373],[120.409464,23.733372]]]]}},{"type":"Feature","properties":{"n":"虎興東六路","v":"虎尾鎮","w":2,"c":1.1,"r":2},"geometry":{"type":"MultiPolygon","coordinates":[[[[120.417262,23.731239],[120.417202,23.731211],[120.414926,23.731979],[120.415071,23.732029],[120.41715,23.731316],[120.417262,23.731239]]]]}},{"type":"Feature","properties":{"n":"虎興東六路","v":"虎尾鎮","w":2,"c":1.5,"r":2},"geometry":{"type":"MultiPolygon","coordinates":[[[[120.417242,23.731033],[120.417172,23.731007],[120.414911,23.731727],[120.414864,23.731829],[120.417229,23.731076],[120.417242,23.731033]]]]}},{"type":"Feature","properties":{"n":"虎興西七街","v":"虎尾鎮","w":1.2,"c":0.6,"r":0},"geometry":{"type":"MultiPolygon","coordinates":[[[[120.412142,23.731747],[120.410774,23.732193],[120.410914,23.732277],[120.412096,23.731884],[120.412142,23.731747]]]]}},{"type":"Feature","properties":{"n":"虎興西七街","v":"虎尾鎮","w":1.2,"c":0.6,"r":2},"geometry":{"type":"MultiPolygon","coordinates":[[[[120.413666,23.731266],[120.412301,23.731715],[120.412418,23.731755],[120.413587,23.731389],[120.413666,23.731266]]]]}},{"type":"Feature","properties":{"n":"虎興西七街","v":"虎尾鎮","w":1.2,"c":1.2,"r":2},"geometry":{"type":"MultiPolygon","coordinates":[[[[120.413627,23.73117],[120.413523,23.731134],[120.412328,23.731512],[120.412263,23.731607],[120.413627,23.73117]]]]}},{"type":"Feature","properties":{"n":"虎興西七街","v":"虎尾鎮","w":1.1,"c":1.1,"r":2},"geometry":{"type":"MultiPolygon","coordinates":[[[[120.412094,23.731678],[120.411964,23.73163],[120.410795,23.731996],[120.410729,23.732115],[120.412094,23.731678]]]]}},{"type":"Feature","properties":{"n":"虎興東五街","v":"虎尾鎮","w":1.2,"c":0.7,"r":3},"geometry":{"type":"MultiPolygon","coordinates":[[[[120.417252,23.730109],[120.414549,23.730983],[120.41464,23.731043],[120.417148,23.730216],[120.417252,23.730109]]]]}},{"type":"Feature","properties":{"n":"虎興東五街","v":"虎尾鎮","w":1.1,"c":0.7,"r":2},"geometry":{"type":"MultiPolygon","coordinates":[[[[120.417296,23.729953],[120.417201,23.729928],[120.414564,23.730802],[120.414481,23.730909],[120.417196,23.730012],[120.417296,23.729953]]]]}},{"type":"Feature","properties":{"n":"建成路","v":"虎尾鎮","w":3,"c":3,"r":2},"geometry":{"type":"MultiPolygon","coordinates":[[[[120.408966,23.731714],[120.408992,23.731774],[120.409187,23.731751],[120.409161,23.731703],[120.408966,23.731714]]]]}},{"type":"Feature","properties":{"n":"建成路","v":"虎尾鎮","w":2.8,"c":1.8,"r":2},"geometry":{"type":"MultiPolygon","coordinates":[[[[120.410227,23.731313],[120.409434,23.731596],[120.409564,23.731647],[120.410187,23.731434],[120.410227,23.731313]]]]}},{"type":"Feature","properties":{"n":"建成路","v":"虎尾鎮","w":3.6,"c":3.6,"r":2},"geometry":{"type":"MultiPolygon","coordinates":[[[[120.411786,23.730807],[120.410435,23.731251],[120.410564,23.731326],[120.411746,23.730926],[120.411786,23.730807]]]]}},{"type":"Feature","properties":{"n":"建成路","v":"虎尾鎮","w":3,"c":2.1,"r":2},"geometry":{"type":"MultiPolygon","coordinates":[[[[120.413317,23.730305],[120.411912,23.730773],[120.411988,23.730833],[120.4133,23.730392],[120.413317,23.730305]]]]}},{"type":"Feature","properties":{"n":"建成路","v":"虎尾鎮","w":3,"c":2.1,"r":2},"geometry":{"type":"MultiPolygon","coordinates":[[[[120.413527,23.730274],[120.413566,23.730358],[120.413969,23.730193],[120.413956,23.730121],[120.413527,23.730274]]]]}},{"type":"Feature","properties":{"n":"建成路","v":"虎尾鎮","w":2.7,"c":1.7,"r":2},"geometry":{"type":"MultiPolygon","coordinates":[[[[120.417277,23.729016],[120.414151,23.730049],[120.414314,23.730074],[120.417224,23.729123],[120.417277,23.729016]]]]}},{"type":"Feature","properties":{"n":"建成路","v":"虎尾鎮","w":3,"c":1.6,"r":2},"geometry":{"type":"MultiPolygon","coordinates":[[[[120.419802,23.729071],[120.41756,23.72903],[120.417665,23.729119],[120.419702,23.729154],[120.419802,23.729071]]]]}},{"type":"Feature","properties":{"n":"建成路","v":"虎尾鎮","w":0.8,"c":1.4,"r":2},"geometry":{"type":"MultiPolygon","coordinates":[[[[120.427792,23.729253],[120.420124,23.729093],[120.420098,23.729188],[120.427623,23.729337],[120.427792,23.729253]]]]}},{"type":"Feature","properties":{"n":"建成路","v":"虎尾鎮","w":3,"c":2.1,"r":2},"geometry":{"type":"MultiPolygon","coordinates":[[[[120.429686,23.729307],[120.427999,23.729277],[120.427999,23.729349],[120.429582,23.729379],[120.429686,23.729307]]]]}},{"type":"Feature","properties":{"n":"建成路","v":"虎尾鎮","w":2.9,"c":2.1,"r":1},"geometry":{"type":"MultiPolygon","coordinates":[[[[120.432592,23.729378],[120.429868,23.729296],[120.429867,23.729332],[120.429984,23.729393],[120.43254,23.729449],[120.432592,23.729378]]]]}},{"type":"Feature","properties":{"n":"建成路","v":"虎尾鎮","w":2.3,"c":1.5,"r":1},"geometry":{"type":"MultiPolygon","coordinates":[[[[120.421333,23.728583],[120.432931,23.728881],[120.432931,23.728796],[120.42141,23.728515],[120.421333,23.728583]]]]}},{"type":"Feature","properties":{"n":"建成路","v":"虎尾鎮","w":2.9,"c":1.9,"r":2},"geometry":{"type":"MultiPolygon","coordinates":[[[[120.421152,23.728574],[120.421077,23.728494],[120.420156,23.728479],[120.420038,23.728562],[120.421152,23.728574]]]]}},{"type":"Feature","properties":{"n":"建成路","v":"虎尾鎮","w":3,"c":2,"r":0},"geometry":{"type":"MultiPolygon","coordinates":[[[[120.419883,23.728546],[120.41978,23.728455],[120.418093,23.728436],[120.417972,23.728531],[120.419883,23.728546]]]]}},{"type":"Feature","properties":{"n":"建成路","v":"虎尾鎮","w":2.9,"c":1.7,"r":2},"geometry":{"type":"MultiPolygon","coordinates":[[[[120.417884,23.728493],[120.417771,23.728422],[120.417213,23.728408],[120.414029,23.72946],[120.413975,23.72956],[120.417195,23.728502],[120.417884,23.728493]]]]}},{"type":"Feature","properties":{"n":"建成路","v":"虎尾鎮","w":2.9,"c":2,"r":2},"geometry":{"type":"MultiPolygon","coordinates":[[[[120.413329,23.729767],[120.413753,23.729621],[120.413714,23.72955],[120.413309,23.729703],[120.413329,23.729767]]]]}},{"type":"Feature","properties":{"n":"建成路","v":"虎尾鎮","w":2.9,"c":2.1,"r":2},"geometry":{"type":"MultiPolygon","coordinates":[[[[120.413119,23.729831],[120.412974,23.729808],[120.411778,23.730197],[120.411721,23.730304],[120.413119,23.729831]]]]}},{"type":"Feature","properties":{"n":"建成路","v":"虎尾鎮","w":1.9,"c":1.1,"r":2},"geometry":{"type":"MultiPolygon","coordinates":[[[[120.411592,23.730315],[120.411387,23.730308],[120.409438,23.730934],[120.409323,23.731064],[120.411592,23.730315]]]]}},{"type":"Feature","properties":{"n":"建成路","v":"虎尾鎮","w":3,"c":1.8,"r":2},"geometry":{"type":"MultiPolygon","coordinates":[[[[120.409141,23.731122],[120.409031,23.731071],[120.408654,23.731201],[120.408563,23.731129],[120.408278,23.731116],[120.408251,23.731295],[120.407213,23.731279],[120.407106,23.731374],[120.408299,23.731386],[120.408313,23.731164],[120.408469,23.731177],[120.40865,23.731292],[120.409141,23.731122]]]]}},{"type":"Feature","properties":{"n":"虎興西六街","v":"虎尾鎮","w":1.2,"c":0.7,"r":2},"geometry":{"type":"MultiPolygon","coordinates":[[[[120.412781,23.728946],[120.411407,23.729421],[120.411537,23.729465],[120.412746,23.72904],[120.412781,23.728946]]]]}},{"type":"Feature","properties":{"n":"虎興西六街","v":"虎尾鎮","w":1.2,"c":1.2,"r":0},"geometry":{"type":"MultiPolygon","coordinates":[[[[120.412755,23.728838],[120.412626,23.728801],[120.411391,23.729191],[120.411339,23.729298],[120.412755,23.728838]]]]}},{"type":"Feature","properties":{"n":"虎興西五街","v":"虎尾鎮","w":1.1,"c":1.1,"r":2},"geometry":{"type":"MultiPolygon","coordinates":[[[[120.409148,23.728864],[120.407138,23.72886],[120.40719,23.728959],[120.409071,23.728972],[120.409148,23.728864]]]]}},{"type":"Feature","properties":{"n":"虎興西五街","v":"虎尾鎮","w":1.2,"c":0.7,"r":2},"geometry":{"type":"MultiPolygon","coordinates":[[[[120.409055,23.728766],[120.409048,23.728679],[120.40718,23.728672],[120.407108,23.72877],[120.409055,23.728766]]]]}},{"type":"Feature","properties":{"n":"虎興西五街","v":"虎尾鎮","w":1.2,"c":1.2,"r":2},"geometry":{"type":"MultiPolygon","coordinates":[[[[120.41242,23.727953],[120.411027,23.728426],[120.411142,23.728496],[120.412402,23.728059],[120.41242,23.727953]]]]}},{"type":"Feature","properties":{"n":"虎興西五街","v":"虎尾鎮","w":1.2,"c":0.8,"r":2},"geometry":{"type":"MultiPolygon","coordinates":[[[[120.412335,23.72787],[120.412247,23.727813],[120.411052,23.728226],[120.410986,23.728339],[120.412335,23.72787]]]]}},{"type":"Feature","properties":{"n":"虎興西三街","v":"虎尾鎮","w":1.2,"c":1.2,"r":1},"geometry":{"type":"MultiPolygon","coordinates":[[[[120.409128,23.728008],[120.407099,23.728012],[120.407204,23.728123],[120.409047,23.728104],[120.409128,23.728008]]]]}},{"type":"Feature","properties":{"n":"虎興西三街","v":"虎尾鎮","w":1.2,"c":1.2,"r":0},"geometry":{"type":"MultiPolygon","coordinates":[[[[120.409129,23.727926],[120.409019,23.72784],[120.407177,23.727833],[120.407096,23.727916],[120.409129,23.727926]]]]}},{"type":"Feature","properties":{"n":"虎興西三街","v":"虎尾鎮","w":1.2,"c":0.7,"r":1},"geometry":{"type":"MultiPolygon","coordinates":[[[[120.412094,23.727134],[120.410736,23.727614],[120.410833,23.727662],[120.412094,23.727208],[120.412094,23.727134]]]]}},{"type":"Feature","properties":{"n":"虎興西三街","v":"虎尾鎮","w":1.2,"c":0.7,"r":2},"geometry":{"type":"MultiPolygon","coordinates":[[[[120.412052,23.727052],[120.411918,23.727013],[120.410761,23.727415],[120.41069,23.727523],[120.412052,23.727052]]]]}},{"type":"Feature","properties":{"n":"虎興西二路","v":"虎尾鎮","w":2,"c":0.9,"r":2},"geometry":{"type":"MultiPolygon","coordinates":[[[[120.409143,23.72717],[120.407106,23.727186],[120.407196,23.727283],[120.409064,23.727267],[120.409143,23.72717]]]]}},{"type":"Feature","properties":{"n":"虎興西二路","v":"虎尾鎮","w":1.8,"c":0.7,"r":2},"geometry":{"type":"MultiPolygon","coordinates":[[[[120.410273,23.726863],[120.409324,23.72717],[120.409441,23.727254],[120.410246,23.726983],[120.410273,23.726863]]]]}},{"type":"Feature","properties":{"n":"虎興西二路","v":"虎尾鎮","w":1.9,"c":0.8,"r":2},"geometry":{"type":"MultiPolygon","coordinates":[[[[120.411797,23.726353],[120.410416,23.726822],[120.410516,23.726884],[120.411724,23.726466],[120.411797,23.726353]]]]}},{"type":"Feature","properties":{"n":"虎興西二路","v":"虎尾鎮","w":2,"c":1,"r":0},"geometry":{"type":"MultiPolygon","coordinates":[[[[120.411716,23.726212],[120.411562,23.726187],[120.409418,23.726896],[120.409352,23.727003],[120.411716,23.726212]]]]}},{"type":"Feature","properties":{"n":"虎興西二路","v":"虎尾鎮","w":2.1,"c":1.1,"r":0},"geometry":{"type":"MultiPolygon","coordinates":[[[[120.40915,23.727014],[120.409024,23.726918],[120.407194,23.726935],[120.407122,23.727042],[120.40915,23.727014]]]]}},{"type":"Feature","properties":{"n":"虎興西一街","v":"虎尾鎮","w":1.2,"c":1.2,"r":2},"geometry":{"type":"MultiPolygon","coordinates":[[[[120.409165,23.726003],[120.407118,23.726006],[120.407239,23.726101],[120.409068,23.726095],[120.409165,23.726003]]]]}},{"type":"Feature","properties":{"n":"虎興西一街","v":"虎尾鎮","w":1,"c":0.7,"r":2},"geometry":{"type":"MultiPolygon","coordinates":[[[[120.411383,23.725309],[120.40933,23.725982],[120.409407,23.726044],[120.411291,23.725442],[120.411383,23.725309]]]]}},{"type":"Feature","properties":{"n":"虎興西一街","v":"虎尾鎮","w":1.2,"c":1.2,"r":2},"geometry":{"type":"MultiPolygon","coordinates":[[[[120.411357,23.725201],[120.411241,23.725165],[120.409421,23.725767],[120.409343,23.725886],[120.411357,23.725201]]]]}},{"type":"Feature","properties":{"n":"虎興西一街","v":"虎尾鎮","w":1,"c":1,"r":2},"geometry":{"type":"MultiPolygon","coordinates":[[[[120.407124,23.725926],[120.409135,23.725909],[120.409045,23.725813],[120.407215,23.725842],[120.407124,23.725926]]]]}},{"type":"Feature","properties":{"n":"虎興南路","v":"虎尾鎮","w":2,"c":1.1,"r":1},"geometry":{"type":"MultiPolygon","coordinates":[[[[120.409149,23.724616],[120.407616,23.724977],[120.407142,23.725283],[120.407215,23.725334],[120.407644,23.725046],[120.409047,23.724729],[120.409149,23.724616]]]]}},{"type":"Feature","properties":{"n":"虎興南路","v":"虎尾鎮","w":2,"c":1,"r":2},"geometry":{"type":"MultiPolygon","coordinates":[[[[120.410944,23.7242],[120.409356,23.724584],[120.409457,23.724686],[120.410886,23.724314],[120.410951,23.724338],[120.411003,23.724254],[120.410944,23.7242]]]]}},{"type":"Feature","properties":{"n":"虎興南路","v":"虎尾鎮","w":1.9,"c":0.9,"r":2},"geometry":{"type":"MultiPolygon","coordinates":[[[[120.411161,23.724137],[120.411194,23.724233],[120.411649,23.724115],[120.411571,23.724019],[120.411161,23.724137]]]]}},{"type":"Feature","properties":{"n":"虎興南路","v":"虎尾鎮","w":1.9,"c":0.9,"r":0},"geometry":{"type":"MultiPolygon","coordinates":[[[[120.413791,23.723362],[120.413086,23.723608],[120.411817,23.723932],[120.411959,23.724016],[120.413219,23.723678],[120.413869,23.723441],[120.413791,23.723362]]]]}},{"type":"Feature","properties":{"n":"虎興南路","v":"虎尾鎮","w":1.9,"c":1.9,"r":0},"geometry":{"type":"MultiPolygon","coordinates":[[[[120.413665,23.723122],[120.413565,23.723204],[120.412538,23.723499],[120.409239,23.724335],[120.407472,23.724758],[120.407093,23.724948],[120.407095,23.725028],[120.407496,23.724835],[120.409107,23.724447],[120.409307,23.724386],[120.410925,23.724011],[120.412577,23.723567],[120.41373,23.723283],[120.413665,23.723122]]]]}},{"type":"Feature","properties":{"n":"虎興東二路","v":"虎尾鎮","w":2,"c":1.1,"r":2},"geometry":{"type":"MultiPolygon","coordinates":[[[[120.419929,23.726356],[120.418034,23.726301],[120.418151,23.726415],[120.419837,23.726448],[120.419929,23.726356]]]]}},{"type":"Feature","properties":{"n":"虎興東二路","v":"虎尾鎮","w":1.7,"c":0.9,"r":2},"geometry":{"type":"MultiPolygon","coordinates":[[[[120.4212,23.726373],[120.420146,23.726369],[120.420236,23.726492],[120.421118,23.726483],[120.4212,23.726373]]]]}},{"type":"Feature","properties":{"n":"虎興東二路","v":"虎尾鎮","w":2,"c":1.1,"r":2},"geometry":{"type":"MultiPolygon","coordinates":[[[[120.421175,23.72623],[120.421119,23.726158],[120.42025,23.726119],[120.420146,23.72619],[120.421175,23.72623]]]]}},{"type":"Feature","properties":{"n":"虎興東二路","v":"虎尾鎮","w":2,"c":1.1,"r":2},"geometry":{"type":"MultiPolygon","coordinates":[[[[120.419912,23.726199],[120.41981,23.726078],[120.418124,23.726036],[120.418088,23.726155],[120.419912,23.726199]]]]}},{"type":"Feature","properties":{"n":"虎興東一街","v":"虎尾鎮","w":1.2,"c":0.8,"r":0},"geometry":{"type":"MultiPolygon","coordinates":[[[[120.419946,23.725257],[120.418078,23.725215],[120.418208,23.725311],[120.419855,23.725353],[120.419946,23.725257]]]]}},{"type":"Feature","properties":{"n":"虎興東一街","v":"虎尾鎮","w":1.2,"c":0.5,"r":0},"geometry":{"type":"MultiPolygon","coordinates":[[[[120.41996,23.725174],[120.419869,23.725053],[120.418196,23.724987],[120.418118,23.725107],[120.41996,23.725174]]]]}},{"type":"Feature","properties":{"n":"虎興南路","v":"虎尾鎮","w":2,"c":1.1,"r":2},"geometry":{"type":"MultiPolygon","coordinates":[[[[120.420003,23.724099],[120.418148,23.72408],[120.418239,23.724176],[120.419925,23.724206],[120.420003,23.724099]]]]}},{"type":"Feature","properties":{"n":"虎興南路","v":"虎尾鎮","w":1.9,"c":1,"r":0},"geometry":{"type":"MultiPolygon","coordinates":[[[[120.421236,23.724127],[120.420198,23.724112],[120.420262,23.724222],[120.421197,23.724228],[120.421236,23.724127]]]]}},{"type":"Feature","properties":{"n":"虎興南路","v":"虎尾鎮","w":2,"c":1,"r":0},"geometry":{"type":"MultiPolygon","coordinates":[[[[120.421283,23.723999],[120.421152,23.723907],[120.418025,23.723835],[120.418018,23.723931],[120.421283,23.723999]]]]}},{"type":"Feature","properties":{"n":"清雲六街","v":"虎尾鎮","w":1.2,"c":1.2,"r":1},"geometry":{"type":"MultiPolygon","coordinates":[[[[120.429623,23.734826],[120.427962,23.734724],[120.427962,23.734808],[120.429571,23.7349],[120.429623,23.734826]]]]}},{"type":"Feature","properties":{"n":"清雲六街","v":"虎尾鎮","w":1.2,"c":1.2,"r":2},"geometry":{"type":"MultiPolygon","coordinates":[[[[120.429794,23.734726],[120.429736,23.734649],[120.427958,23.734571],[120.427891,23.734642],[120.429794,23.734726]]]]}},{"type":"Feature","properties":{"n":"清雲五路","v":"虎尾鎮","w":2,"c":1.1,"r":1},"geometry":{"type":"MultiPolygon","coordinates":[[[[120.430393,23.733777],[120.427941,23.733721],[120.427979,23.733804],[120.430354,23.733849],[120.430393,23.733777]]]]}},{"type":"Feature","properties":{"n":"清雲五路","v":"虎尾鎮","w":2.1,"c":1.1,"r":2},"geometry":{"type":"MultiPolygon","coordinates":[[[[120.430627,23.733683],[120.430576,23.733587],[120.429797,23.733548],[120.429797,23.733632],[120.430627,23.733683]]]]}},{"type":"Feature","properties":{"n":"清雲五路","v":"虎尾鎮","w":1.9,"c":1,"r":2},"geometry":{"type":"MultiPolygon","coordinates":[[[[120.42955,23.733643],[120.429525,23.733547],[120.427903,23.733482],[120.427903,23.733577],[120.42955,23.733643]]]]}},{"type":"Feature","properties":{"n":"清雲三街","v":"虎尾鎮","w":1.2,"c":1.2,"r":1},"geometry":{"type":"MultiPolygon","coordinates":[[[[120.431555,23.732253],[120.429829,23.732211],[120.429816,23.732307],[120.431476,23.732346],[120.431555,23.732253]]]]}},{"type":"Feature","properties":{"n":"清雲三街","v":"虎尾鎮","w":1.2,"c":1.2,"r":2},"geometry":{"type":"MultiPolygon","coordinates":[[[[120.431708,23.732166],[120.431693,23.732043],[120.431654,23.732091],[120.429841,23.731977],[120.429843,23.732084],[120.431708,23.732166]]]]}},{"type":"Feature","properties":{"n":"清雲二路","v":"虎尾鎮","w":2,"c":1.1,"r":2},"geometry":{"type":"MultiPolygon","coordinates":[[[[120.429625,23.731398],[120.427988,23.731368],[120.428079,23.731466],[120.429545,23.731472],[120.429625,23.731398]]]]}},{"type":"Feature","properties":{"n":"清雲二路","v":"虎尾鎮","w":2.1,"c":1.1,"r":1},"geometry":{"type":"MultiPolygon","coordinates":[[[[120.432123,23.731529],[120.432053,23.731436],[120.429778,23.731416],[120.429863,23.731476],[120.43199,23.731507],[120.432123,23.731529]]]]}},{"type":"Feature","properties":{"n":"清雲二路","v":"虎尾鎮","w":1.9,"c":1.9,"r":1},"geometry":{"type":"MultiPolygon","coordinates":[[[[120.432239,23.731283],[120.432239,23.731182],[120.429877,23.731162],[120.429845,23.731269],[120.432239,23.731283]]]]}},{"type":"Feature","properties":{"n":"清雲二路","v":"虎尾鎮","w":2,"c":1.1,"r":0},"geometry":{"type":"MultiPolygon","coordinates":[[[[120.429625,23.731244],[120.429533,23.731162],[120.428067,23.731132],[120.428015,23.731228],[120.429625,23.731244]]]]}},{"type":"Feature","properties":{"n":"清雲一街","v":"虎尾鎮","w":1.2,"c":1.2,"r":0},"geometry":{"type":"MultiPolygon","coordinates":[[[[120.429668,23.730358],[120.428008,23.730316],[120.428046,23.730401],[120.429551,23.730432],[120.429668,23.730358]]]]}},{"type":"Feature","properties":{"n":"清雲一街","v":"虎尾鎮","w":1.1,"c":1.1,"r":1},"geometry":{"type":"MultiPolygon","coordinates":[[[[120.432487,23.73043],[120.429796,23.730357],[120.429905,23.730453],[120.432357,23.730513],[120.432487,23.73043]]]]}},{"type":"Feature","properties":{"n":"清雲一街","v":"虎尾鎮","w":1.1,"c":1.1,"r":1},"geometry":{"type":"MultiPolygon","coordinates":[[[[120.432453,23.730309],[120.432426,23.730196],[120.429949,23.730104],[120.429941,23.730235],[120.432453,23.730309]]]]}},{"type":"Feature","properties":{"n":"清雲一街","v":"虎尾鎮","w":1.2,"c":1.2,"r":1},"geometry":{"type":"MultiPolygon","coordinates":[[[[120.429545,23.730235],[120.429557,23.730149],[120.428104,23.730108],[120.428007,23.730203],[120.429545,23.730235]]]]}},{"type":"Feature","properties":{"n":"明德北路一段","v":"斗六市","w":5.2,"c":3,"r":1},"geometry":{"type":"MultiPolygon","coordinates":[[[[120.551777,23.71717],[120.553014,23.716586],[120.552928,23.716583],[120.551788,23.717129],[120.551777,23.71717]]]]}},{"type":"Feature","properties":{"n":"大學路三段","v":"斗六市","w":5,"c":2,"r":0},"geometry":{"type":"MultiPolygon","coordinates":[[[[120.538061,23.696725],[120.542197,23.697592],[120.542222,23.697547],[120.538074,23.696682],[120.538061,23.696725]]]]}},{"type":"Feature","properties":{"n":"明德北路三段","v":"斗六市","w":1.6,"c":1.6,"r":2},"geometry":{"type":"MultiPolygon","coordinates":[[[[120.529371,23.704785],[120.529357,23.70451],[120.529322,23.704028],[120.529301,23.703478],[120.529312,23.703166],[120.529293,23.703147],[120.529274,23.70323],[120.529263,23.703658],[120.529336,23.704787],[120.529371,23.704785]]]]}},{"type":"Feature","properties":{"n":"正心二路","v":"斗六市","w":9.1,"c":5.5,"r":0},"geometry":{"type":"MultiPolygon","coordinates":[[[[120.531641,23.710944],[120.531639,23.71094],[120.531666,23.710978],[120.532772,23.71],[120.533503,23.709581],[120.533477,23.709547],[120.532735,23.709965],[120.531641,23.710944]]]]}},{"type":"Feature","properties":{"n":"保源二街","v":"斗六市","w":2.8,"c":1.4,"r":2},"geometry":{"type":"MultiPolygon","coordinates":[[[[120.530514,23.712244],[120.530525,23.712249],[120.530538,23.712268],[120.531088,23.711313],[120.531061,23.711286],[120.530514,23.712244]]]]}},{"type":"Feature","properties":{"n":"保源二街","v":"斗六市","w":1.5,"c":1.5,"r":2},"geometry":{"type":"MultiPolygon","coordinates":[[[[120.531121,23.711017],[120.531083,23.710984],[120.530959,23.711143],[120.530984,23.711188],[120.531121,23.711017]]]]}},{"type":"Feature","properties":{"n":"保源二街","v":"斗六市","w":1.5,"c":0.7,"r":1},"geometry":{"type":"MultiPolygon","coordinates":[[[[120.530955,23.711246],[120.530905,23.711201],[120.530546,23.711724],[120.530596,23.711758],[120.530955,23.711246]]]]}},{"type":"Feature","properties":{"n":"長春路","v":"斗六市","w":2.2,"c":2.2,"r":2},"geometry":{"type":"MultiPolygon","coordinates":[[[[120.538229,23.716707],[120.538262,23.716733],[120.539304,23.715348],[120.539267,23.715303],[120.538229,23.716707]]]]}},{"type":"Feature","properties":{"n":"慶生路","v":"斗六市","w":4,"c":2.8,"r":2},"geometry":{"type":"MultiPolygon","coordinates":[[[[120.539696,23.713363],[120.539645,23.713352],[120.539273,23.713875],[120.539323,23.713897],[120.539696,23.713363]]]]}},{"type":"Feature","properties":{"n":"慶生路","v":"斗六市","w":4,"c":2,"r":4},"geometry":{"type":"MultiPolygon","coordinates":[[[[120.539531,23.713269],[120.539146,23.713795],[120.539171,23.713807],[120.539544,23.713296],[120.539531,23.713269]]]]}},{"type":"Feature","properties":{"n":"慶生路","v":"斗六市","w":1.6,"c":1.6,"r":0},"geometry":{"type":"MultiPolygon","coordinates":[[[[120.538749,23.714297],[120.538754,23.714314],[120.539114,23.713855],[120.539102,23.713849],[120.538749,23.714297]]]]}},{"type":"Feature","properties":{"n":"明德路","v":"斗六市","w":1.5,"c":1.5,"r":4},"geometry":{"type":"MultiPolygon","coordinates":[[[[120.529007,23.701362],[120.52904,23.701385],[120.530507,23.700502],[120.530483,23.700462],[120.529007,23.701362]]]]}},{"type":"Feature","properties":{"n":"明德路","v":"斗六市","w":1.5,"c":1.5,"r":2},"geometry":{"type":"MultiPolygon","coordinates":[[[[120.530512,23.700449],[120.53053,23.700478],[120.531786,23.699794],[120.531768,23.699748],[120.530512,23.700449]]]]}},{"type":"Feature","properties":{"n":"明德路","v":"斗六市","w":1.6,"c":1.6,"r":2},"geometry":{"type":"MultiPolygon","coordinates":[[[[120.529531,23.701454],[120.529555,23.70147],[120.530434,23.700951],[120.530422,23.700928],[120.529531,23.701454]]]]}},{"type":"Feature","properties":{"n":"明德路","v":"斗六市","w":3.4,"c":0.8,"r":1},"geometry":{"type":"MultiPolygon","coordinates":[[[[120.530434,23.700902],[120.530446,23.700919],[120.531536,23.700291],[120.531542,23.700257],[120.530434,23.700902]]]]}},{"type":"Feature","properties":{"n":"嘉新路","v":"斗六市","w":2.9,"c":1.7,"r":0},"geometry":{"type":"MultiPolygon","coordinates":[[[[120.554917,23.681325],[120.555711,23.681512],[120.556102,23.681532],[120.562127,23.681487],[120.562121,23.681399],[120.559702,23.681414],[120.556092,23.681448],[120.555711,23.681428],[120.554938,23.681266],[120.554917,23.681325]]]]}},{"type":"Feature","properties":{"n":"嘉新路","v":"斗六市","w":4.6,"c":2,"r":0},"geometry":{"type":"MultiPolygon","coordinates":[[[[120.55241,23.680487],[120.555524,23.681323],[120.555895,23.681359],[120.558252,23.681359],[120.560132,23.681342],[120.562125,23.68131],[120.562168,23.681246],[120.561173,23.681276],[120.55998,23.681286],[120.555908,23.681305],[120.55554,23.681268],[120.552437,23.680438],[120.55241,23.680487]]]]}},{"type":"Feature","properties":{"n":"文化路","v":"台西鄉","w":1.52,"c":0.32,"r":0},"geometry":{"type":"MultiPolygon","coordinates":[[[[120.199207,23.698744],[120.199215,23.69877],[120.199589,23.698721],[120.199584,23.698695],[120.199207,23.698744]]]]}},{"type":"Feature","properties":{"n":"文化路","v":"台西鄉","w":1.5,"c":0.5,"r":0},"geometry":{"type":"MultiPolygon","coordinates":[[[[120.1986,23.698816],[120.198601,23.698835],[120.199098,23.698778],[120.199095,23.698762],[120.1986,23.698816]]]]}},{"type":"Feature","properties":{"n":"文化路","v":"台西鄉","w":1.5,"c":0.5,"r":0},"geometry":{"type":"MultiPolygon","coordinates":[[[[120.198537,23.698826],[120.196713,23.69934],[120.196712,23.699362],[120.198538,23.69886],[120.198537,23.698826]]]]}},{"type":"Feature","properties":{"n":"文化路","v":"台西鄉","w":1.6,"c":0.6,"r":0},"geometry":{"type":"MultiPolygon","coordinates":[[[[120.196117,23.699475],[120.196122,23.699489],[120.196676,23.699358],[120.196674,23.699339],[120.196117,23.699475]]]]}},{"type":"Feature","properties":{"n":"文化路","v":"台西鄉","w":1.6,"c":0.2,"r":0},"geometry":{"type":"MultiPolygon","coordinates":[[[[120.196085,23.699458],[120.196668,23.699318],[120.196663,23.699302],[120.196079,23.699447],[120.196085,23.699458]]]]}},{"type":"Feature","properties":{"n":"文化路","v":"台西鄉","w":1.54,"c":0.74,"r":0},"geometry":{"type":"MultiPolygon","coordinates":[[[[120.196695,23.699289],[120.198539,23.698781],[120.198533,23.698753],[120.196683,23.699273],[120.196695,23.699289]]]]}},{"type":"Feature","properties":{"n":"文化路","v":"台西鄉","w":1.5,"c":1.5,"r":0},"geometry":{"type":"MultiPolygon","coordinates":[[[[120.19862,23.698779],[120.199097,23.698714],[120.199091,23.698691],[120.198621,23.698751],[120.19862,23.698779]]]]}},{"type":"Feature","properties":{"n":"文化路","v":"台西鄉","w":1.97,"c":0.91,"r":0},"geometry":{"type":"MultiPolygon","coordinates":[[[[120.199205,23.698708],[120.19957,23.698654],[120.199558,23.698631],[120.199199,23.698686],[120.199205,23.698708]]]]}},{"type":"Feature","properties":{"n":"民族路30巷","v":"台西鄉","w":1.8,"c":1,"r":0},"geometry":{"type":"MultiPolygon","coordinates":[[[[120.196057,23.699451],[120.195749,23.699221],[120.195489,23.698844],[120.194981,23.698028],[120.194819,23.697691],[120.194804,23.697708],[120.194941,23.698005],[120.195522,23.698941],[120.19573,23.699238],[120.196038,23.699463],[120.196057,23.699451]]]]}},{"type":"Feature","properties":{"n":"民族路30巷","v":"台西鄉","w":15,"c":0.7,"r":0},"geometry":{"type":"MultiPolygon","coordinates":[[[[120.195788,23.699192],[120.195808,23.699167],[120.195575,23.698869],[120.195049,23.698002],[120.194872,23.697654],[120.19485,23.697671],[120.195019,23.698008],[120.195552,23.698881],[120.195788,23.699192]]]]}},{"type":"Feature","properties":{"n":"斗六三路","v":"斗六市","w":3.5,"c":1.5,"r":2},"geometry":{"type":"MultiPolygon","coordinates":[[[[120.537375,23.719358],[120.538658,23.717647],[120.538615,23.717618],[120.53733,23.719327],[120.537375,23.719358]]]]}},{"type":"Feature","properties":{"n":"中山路","v":"莿桐鄉","w":2,"c":2,"r":2},"geometry":{"type":"MultiPolygon","coordinates":[[[[120.499909,23.758859],[120.496299,23.760867],[120.496302,23.760921],[120.499939,23.758911],[120.499909,23.758859]]]]}},{"type":"Feature","properties":{"n":"延平路","v":"莿桐鄉","w":0.9,"c":0.9,"r":1},"geometry":{"type":"MultiPolygon","coordinates":[[[[120.496943,23.75163],[120.49758,23.751867],[120.49759,23.751831],[120.496953,23.751603],[120.496943,23.75163]]]]}},{"type":"Feature","properties":{"n":"崙前路","v":"崙背鄉","w":0.9,"c":0.9,"r":null},"geometry":{"type":"MultiPolygon","coordinates":[[[[120.351397,23.755343],[120.351789,23.755473],[120.352242,23.755717],[120.352477,23.755885],[120.352655,23.756163],[120.35266,23.756151],[120.352477,23.75588],[120.352249,23.755709],[120.351796,23.755469],[120.351397,23.755336],[120.351402,23.755343],[120.351397,23.755343]]]]}},{"type":"Feature","properties":{"n":"崙前路2","v":"崙背鄉","w":0.9,"c":0.9,"r":null},"geometry":{"type":"MultiPolygon","coordinates":[[[[120.352667,23.756158],[120.353228,23.756091],[120.353604,23.75615],[120.353726,23.756143],[120.353723,23.756129],[120.353601,23.75614],[120.353222,23.756084],[120.352667,23.756146],[120.352669,23.756153],[120.352667,23.756158]]]]}},{"type":"Feature","properties":{"n":"崙前村","v":"崙背鄉","w":0.9,"c":0.9,"r":null},"geometry":{"type":"MultiPolygon","coordinates":[[[[120.353843,23.756714],[120.353803,23.756704],[120.353516,23.757295],[120.353508,23.757703],[120.353444,23.757767],[120.353363,23.757794],[120.353143,23.757882],[120.352953,23.757948],[120.352773,23.758],[120.352655,23.758051],[120.352663,23.758101],[120.352808,23.758037],[120.352993,23.757983],[120.353457,23.757816],[120.353554,23.757727],[120.353564,23.757315],[120.353843,23.756714]]]]}},{"type":"Feature","properties":{"n":"新生路","v":"古坑鄉","w":1.3,"c":1.3,"r":null},"geometry":{"type":"MultiPolygon","coordinates":[[[[120.559393,23.644339],[120.559383,23.644341],[120.559217,23.645999],[120.559091,23.647164],[120.559112,23.647164],[120.559281,23.645461],[120.559393,23.644339]]]]}},{"type":"Feature","properties":{"n":"自強路","v":"麥寮鄉","w":2.3,"c":2.3,"r":4},"geometry":{"type":"MultiPolygon","coordinates":[[[[120.251749,23.746387],[120.25279,23.746356],[120.253504,23.746343],[120.254399,23.746335],[120.255268,23.746335],[120.255879,23.746617],[120.255882,23.746601],[120.255276,23.746321],[120.253833,23.746326],[120.251881,23.746364],[120.251733,23.74637],[120.251749,23.746387]]]]}},{"type":"Feature","properties":{"n":"自強路","v":"麥寮鄉","w":2.19,"c":0.98,"r":10},"geometry":{"type":"MultiPolygon","coordinates":[[[[120.251767,23.746406],[120.25178,23.74643],[120.251967,23.746419],[120.252888,23.746393],[120.254404,23.746371],[120.255253,23.746371],[120.255874,23.746651],[120.255877,23.746636],[120.255253,23.746352],[120.255136,23.746349],[120.254126,23.746353],[120.253117,23.74637],[120.251767,23.746406]]]]}},{"type":"Feature","properties":{"n":"朝陽路","v":"古坑鄉","w":3.7,"c":2.4,"r":0},"geometry":{"type":"MultiPolygon","coordinates":[[[[120.566204,23.646007],[120.566204,23.646002],[120.567047,23.646],[120.568182,23.646099],[120.568175,23.646063],[120.567034,23.645971],[120.566201,23.645983],[120.566204,23.646007]]]]}},{"type":"Feature","properties":{"n":"朝陽路","v":"古坑鄉","w":4.66,"c":1.53,"r":3},"geometry":{"type":"MultiPolygon","coordinates":[[[[120.567396,23.645883],[120.567401,23.645861],[120.566991,23.645841],[120.565181,23.645876],[120.565181,23.645903],[120.56612,23.645872],[120.566997,23.645862],[120.567396,23.645883]]]]}},{"type":"Feature","properties":{"n":"文學路23巷","v":"古坑鄉","w":1.06,"c":1.06,"r":0},"geometry":{"type":"MultiPolygon","coordinates":[[[[120.565083,23.644909],[120.565157,23.645876],[120.56521,23.645869],[120.565116,23.644876],[120.565083,23.644909]]]]}},{"type":"Feature","properties":{"n":"文學路29巷","v":"古坑鄉","w":3.92,"c":2.54,"r":0},"geometry":{"type":"MultiPolygon","coordinates":[[[[120.567279,23.644197],[120.566576,23.644152],[120.566526,23.644184],[120.56728,23.644229],[120.567279,23.644197]]]]}},{"type":"Feature","properties":{"n":"新生路","v":"古坑鄉","w":1.3,"c":1.3,"r":null},"geometry":{"type":"MultiPolygon","coordinates":[[[[120.559306,23.644041],[120.559148,23.643692],[120.55899,23.643539],[120.558871,23.643472],[120.557702,23.64323],[120.556725,23.643012],[120.555702,23.642794],[120.554558,23.642785],[120.554558,23.64282],[120.555667,23.642818],[120.558887,23.643496],[120.559158,23.643741],[120.559267,23.644064],[120.559306,23.644041]]]]}},{"type":"Feature","properties":{"n":"東側人行道","v":"古坑鄉","w":4,"c":4,"r":6},"geometry":{"type":"MultiPolygon","coordinates":[[[[120.54276,23.654317],[120.542024,23.656167],[120.541312,23.658023],[120.540797,23.659386],[120.54276,23.654317]]]]}},{"type":"Feature","properties":{"n":"西側人行道","v":"古坑鄉","w":3.8,"c":3.8,"r":5},"geometry":{"type":"MultiPolygon","coordinates":[[[[120.540891,23.659287],[120.54211,23.656125],[120.542699,23.654569],[120.542809,23.654316],[120.542899,23.65397],[120.540891,23.659287]]]]}},{"type":"Feature","properties":{"n":"停車場人行道","v":"古坑鄉","w":2.5,"c":2.5,"r":0},"geometry":{"type":"MultiPolygon","coordinates":[[[[120.540926,23.65922],[120.542597,23.657044],[120.542591,23.65705],[120.540926,23.65922]]]]}},{"type":"Feature","properties":{"n":"古坑綠色隧道","v":"古坑鄉","w":4,"c":4,"r":6},"geometry":{"type":"MultiPolygon","coordinates":[[[[120.5409,23.659229],[120.540856,23.659329],[120.540898,23.659274],[120.54164,23.657328],[120.542805,23.654319],[120.542894,23.653961],[120.542884,23.653956],[120.542794,23.654317],[120.542177,23.655871],[120.5409,23.659229]]]]}},{"type":"Feature","properties":{"n":"古坑綠色隧道","v":"古坑鄉","w":3.8,"c":3.8,"r":5},"geometry":{"type":"MultiPolygon","coordinates":[[[[120.542022,23.6562],[120.542008,23.656193],[120.540793,23.659387],[120.540812,23.659382],[120.542022,23.6562]]]]}},{"type":"Feature","properties":{"n":"古坑綠色隧道","v":"古坑鄉","w":3.8,"c":3.8,"r":2},"geometry":{"type":"MultiPolygon","coordinates":[[[[120.542033,23.656171],[120.542775,23.654311],[120.542762,23.654311],[120.542019,23.656166],[120.542029,23.656171],[120.542033,23.656171]]]]}},{"type":"Feature","properties":{"n":"雲林縣水林鄉水燦林國小及水林國中通學步道改善工程","v":"水林鄉","w":2.5,"c":2,"r":2},"geometry":{"type":"MultiPolygon","coordinates":[[[[120.248049,23.572254],[120.248698,23.572144],[120.248704,23.572132],[120.248049,23.572254]]]]}},{"type":"Feature","properties":{"n":"雲林縣水林鄉水燦林國小及水林國中通學步道改善工程","v":"水林鄉","w":283.6,"c":1,"r":2},"geometry":{"type":"MultiPolygon","coordinates":[[[[120.247227,23.574781],[120.24723,23.574779],[120.247225,23.574779],[120.247232,23.574791],[120.247528,23.574749],[120.248083,23.574757],[120.248355,23.574796],[120.248702,23.574863],[120.248872,23.574911],[120.248952,23.57495],[120.248981,23.574983],[120.248991,23.574971],[120.248965,23.574945],[120.248906,23.574914],[120.248743,23.574865],[120.24837,23.574787],[120.248204,23.57476],[120.248062,23.574745],[120.247525,23.574742],[120.247339,23.57476],[120.247227,23.574781]]]]}},{"type":"Feature","properties":{"n":"武昌巷","v":"崙背鄉","w":4.3,"c":2.2,"r":0},"geometry":{"type":"MultiPolygon","coordinates":[[[[120.346457,23.761089],[120.347757,23.761895],[120.34775,23.761889],[120.346457,23.761089]]]]}},{"type":"Feature","properties":{"n":"縣道156線","v":"崙背鄉","w":1.7,"c":1.7,"r":null},"geometry":{"type":"MultiPolygon","coordinates":[[[[120.347827,23.761854],[120.347587,23.762076],[120.34759,23.762073],[120.347827,23.761854]]]]}},{"type":"Feature","properties":{"n":"泰順路","v":"麥寮鄉","w":3,"c":0.81,"r":2},"geometry":{"type":"MultiPolygon","coordinates":[[[[120.251902,23.752483],[120.251934,23.752566],[120.255785,23.752],[120.255766,23.751928],[120.251902,23.752483]]]]}},{"type":"Feature","properties":{"n":"延平北路","v":"四湖鄉","w":2,"c":1.4,"r":null},"geometry":{"type":"MultiPolygon","coordinates":[[[[120.156983,23.652448],[120.157044,23.652675],[120.157042,23.654512],[120.157254,23.655051],[120.157262,23.655049],[120.157047,23.654513],[120.157049,23.652671],[120.156985,23.652448],[120.156983,23.652448]]]]}},{"type":"Feature","properties":{"n":"延平南路","v":"四湖鄉","w":2.3,"c":1.7,"r":null},"geometry":{"type":"MultiPolygon","coordinates":[[[[120.156979,23.65243],[120.156987,23.65243],[120.156553,23.650409],[120.156592,23.649991],[120.156863,23.649484],[120.15686,23.649472],[120.156587,23.649989],[120.156546,23.650409],[120.156979,23.65243]]]]}},{"type":"Feature","properties":{"n":"海清路35巷","v":"四湖鄉","w":1,"c":1,"r":null},"geometry":{"type":"MultiPolygon","coordinates":[[[[120.155328,23.653275],[120.155261,23.653198],[120.155088,23.652318],[120.155091,23.652213],[120.155168,23.651922],[120.154995,23.650726],[120.154701,23.649859],[120.154696,23.649869],[120.154981,23.650723],[120.155158,23.651921],[120.155083,23.652202],[120.15508,23.652317],[120.155253,23.653195],[120.15532,23.653276],[120.155328,23.653275]]]]}},{"type":"Feature","properties":{"n":"崙前路(雲林縣崙背鄉崙前村順天宮周邊步道改善工)","v":"崙背鄉","w":0.9,"c":0.9,"r":null},"geometry":{"type":"MultiPolygon","coordinates":[[[[120.351401,23.755345],[120.351792,23.755475],[120.352245,23.755716],[120.352475,23.755891],[120.352651,23.75616],[120.352661,23.756155],[120.352476,23.755875],[120.352245,23.755702],[120.351792,23.755468],[120.351398,23.755337],[120.351401,23.755345]]]]}},{"type":"Feature","properties":{"n":"光明路","v":"虎尾鎮","w":2.6,"c":2,"r":2},"geometry":{"type":"MultiPolygon","coordinates":[[[[120.444607,23.707951],[120.444625,23.707999],[120.444913,23.707844],[120.4452,23.707659],[120.445539,23.707285],[120.446,23.706866],[120.446835,23.706184],[120.447732,23.706978],[120.447782,23.706947],[120.44689,23.706134],[120.446768,23.706121],[120.44568,23.707063],[120.445114,23.70763],[120.444854,23.707827],[120.444607,23.707951]]]]}},{"type":"Feature","properties":{"n":"內環東、西路北側","v":"東勢鄉","w":1.7,"c":1.7,"r":null},"geometry":{"type":"MultiPolygon","coordinates":[[[[120.251011,23.677479],[120.25407,23.677374],[120.255526,23.677331],[120.256555,23.677353],[120.25704,23.677415],[120.257377,23.677491],[120.257519,23.677503],[120.257883,23.677472],[120.260471,23.67719],[120.260767,23.677139],[120.261019,23.677035],[120.261206,23.676924],[120.26217,23.676102],[120.262158,23.676094],[120.261193,23.676919],[120.261001,23.677028],[120.260764,23.677127],[120.260471,23.677181],[120.257525,23.677494],[120.257379,23.677479],[120.257058,23.677408],[120.256574,23.677344],[120.255508,23.677319],[120.251014,23.677465],[120.251011,23.677479]]]]}},{"type":"Feature","properties":{"n":"內環東、西路南側","v":"東勢鄉","w":1.38,"c":1.38,"r":null},"geometry":{"type":"MultiPolygon","coordinates":[[[[120.251003,23.677384],[120.251003,23.677396],[120.254249,23.677273],[120.255489,23.677238],[120.256449,23.677253],[120.256908,23.677303],[120.257408,23.677403],[120.257589,23.677406],[120.258103,23.677363],[120.260525,23.677105],[120.260764,23.677053],[120.26099,23.676957],[120.261169,23.676852],[120.262108,23.676052],[120.2621,23.676042],[120.261164,23.676843],[120.26099,23.676947],[120.260764,23.677044],[120.260525,23.677095],[120.25943,23.677207],[120.258132,23.677351],[120.257587,23.677394],[120.257413,23.677389],[120.256915,23.677293],[120.256438,23.677243],[120.255492,23.677229],[120.254267,23.677261],[120.2531,23.677311],[120.251987,23.677346],[120.251003,23.677384]]]]}},{"type":"Feature","properties":{"n":"德興路","v":"虎尾鎮","w":2.8,"c":2.4,"r":2},"geometry":{"type":"MultiPolygon","coordinates":[[[[120.431901,23.708493],[120.431899,23.708496],[120.431876,23.708484],[120.431606,23.70898],[120.431637,23.708992],[120.431901,23.708493]]]]}},{"type":"Feature","properties":{"n":"德興路","v":"虎尾鎮","w":2.8,"c":2.8,"r":2},"geometry":{"type":"MultiPolygon","coordinates":[[[[120.431622,23.709023],[120.431611,23.709035],[120.431593,23.709015],[120.430918,23.710241],[120.430949,23.710253],[120.431622,23.709023]]]]}},{"type":"Feature","properties":{"n":"德興路","v":"虎尾鎮","w":2.1,"c":2,"r":2},"geometry":{"type":"MultiPolygon","coordinates":[[[[120.430939,23.710284],[120.430928,23.710291],[120.430913,23.710279],[120.430667,23.710782],[120.430693,23.710797],[120.430939,23.710284]]]]}},{"type":"Feature","properties":{"n":"德興路","v":"虎尾鎮","w":2.1,"c":2,"r":2},"geometry":{"type":"MultiPolygon","coordinates":[[[[120.430685,23.710835],[120.430659,23.71083],[120.430374,23.711393],[120.429757,23.712468],[120.42978,23.712492],[120.430394,23.711407],[120.430685,23.710835]]]]}},{"type":"Feature","properties":{"n":"林森路","v":"虎尾鎮","w":3.5,"c":3.5,"r":null},"geometry":{"type":"MultiPolygon","coordinates":[[[[120.431868,23.70848],[120.431319,23.708199],[120.431151,23.707995],[120.43111,23.708016],[120.431295,23.708227],[120.431852,23.708499],[120.431863,23.70849],[120.431868,23.70848]]]]}},{"type":"Feature","properties":{"n":"林森路","v":"虎尾鎮","w":3.5,"c":3.5,"r":null},"geometry":{"type":"MultiPolygon","coordinates":[[[[120.431909,23.708454],[120.431941,23.708418],[120.431374,23.708161],[120.431229,23.707978],[120.431195,23.707983],[120.431355,23.708177],[120.431909,23.708454]]]]}},{"type":"Feature","properties":{"n":"德興路","v":"虎尾鎮","w":2.4,"c":2.4,"r":0},"geometry":{"type":"MultiPolygon","coordinates":[[[[120.431653,23.709038],[120.431394,23.709515],[120.431427,23.709532],[120.431678,23.70906],[120.431653,23.709043],[120.431653,23.709038]]]]}},{"type":"Feature","properties":{"n":"德興路","v":"虎尾鎮","w":2.8,"c":2.3,"r":0},"geometry":{"type":"MultiPolygon","coordinates":[[[[120.431375,23.709553],[120.431022,23.710214],[120.431053,23.710238],[120.431417,23.709568],[120.431388,23.709558],[120.431375,23.709553]]]]}},{"type":"Feature","properties":{"n":"德興路","v":"虎尾鎮","w":2.1,"c":1.5,"r":0},"geometry":{"type":"MultiPolygon","coordinates":[[[[120.430941,23.710371],[120.430732,23.71082],[120.430765,23.710844],[120.430967,23.710398],[120.430941,23.710381],[120.430941,23.710371]]]]}},{"type":"Feature","properties":{"n":"德興路","v":"虎尾鎮","w":2,"c":1.6,"r":0},"geometry":{"type":"MultiPolygon","coordinates":[[[[120.430713,23.710858],[120.430436,23.711411],[120.430477,23.711433],[120.430742,23.710875],[120.430729,23.710867],[120.430713,23.710858]]]]}},{"type":"Feature","properties":{"n":"德興路","v":"虎尾鎮","w":2.4,"c":1.7,"r":0},"geometry":{"type":"MultiPolygon","coordinates":[[[[120.43042,23.711444],[120.429808,23.71252],[120.429839,23.712558],[120.430459,23.711473],[120.43043,23.711459],[120.43042,23.711444]]]]}},{"type":"Feature","properties":{"n":"城頂街","v":"斗六市","w":1.5,"c":1.5,"r":2},"geometry":{"type":"MultiPolygon","coordinates":[[[[120.538598,23.706342],[120.539374,23.706373],[120.539649,23.706421],[120.539649,23.706407],[120.539374,23.706358],[120.538593,23.706325],[120.538598,23.706342]]]]}},{"type":"Feature","properties":{"n":"城頂街","v":"斗六市","w":2.1,"c":1.5,"r":1},"geometry":{"type":"MultiPolygon","coordinates":[[[[120.541144,23.706892],[120.54057,23.706315],[120.540463,23.706224],[120.540363,23.706148],[120.540286,23.706126],[120.540197,23.706113],[120.540143,23.706113],[120.539978,23.706156],[120.53987,23.706203],[120.539798,23.706223],[120.539779,23.70624],[120.539798,23.70622],[120.53975,23.70624],[120.539763,23.706269],[120.539994,23.706191],[120.540141,23.706149],[120.540249,23.706149],[120.540313,23.706173],[120.540348,23.706195],[120.540439,23.706284],[120.540534,23.706352],[120.540657,23.70649],[120.541102,23.706914],[120.541144,23.706892]]]]}},{"type":"Feature","properties":{"n":"城頂街","v":"斗六市","w":4.5,"c":2.1,"r":2},"geometry":{"type":"MultiPolygon","coordinates":[[[[120.54114,23.706964],[120.541285,23.707103],[120.54164,23.707269],[120.541791,23.707279],[120.541985,23.707256],[120.54198,23.707234],[120.541785,23.70726],[120.541645,23.70725],[120.541296,23.707084],[120.541161,23.70695],[120.54114,23.706964]]]]}},{"type":"Feature","properties":{"n":"大學路二段","v":"斗六市","w":5.5,"c":3.2,"r":1},"geometry":{"type":"MultiPolygon","coordinates":[[[[120.542337,23.69758],[120.542376,23.697634],[120.542441,23.697682],[120.543225,23.697929],[120.544047,23.698296],[120.544779,23.698656],[120.544837,23.698675],[120.544896,23.698657],[120.544067,23.69823],[120.543238,23.697858],[120.542337,23.69758]]]]}},{"type":"Feature","properties":{"n":"大學路二段","v":"斗六市","w":5,"c":2.3,"r":0},"geometry":{"type":"MultiPolygon","coordinates":[[[[120.544986,23.698699],[120.545012,23.698753],[120.54509,23.698854],[120.545866,23.699269],[120.546715,23.699648],[120.546799,23.699672],[120.546884,23.69963],[120.546359,23.699402],[120.545873,23.699179],[120.544986,23.698699]]]]}},{"type":"Feature","properties":{"n":"福民路","v":"虎尾鎮","w":2.8,"c":1.4,"r":0},"geometry":{"type":"MultiPolygon","coordinates":[[[[120.434615,23.709388],[120.43548,23.709752],[120.435498,23.709724],[120.434633,23.709353],[120.434615,23.709388]]]]}},{"type":"Feature","properties":{"n":"福民路","v":"虎尾鎮","w":3.5,"c":1.3,"r":0},"geometry":{"type":"MultiPolygon","coordinates":[[[[120.434584,23.709441],[120.434584,23.709448],[120.435459,23.70981],[120.435477,23.709779],[120.434597,23.709417],[120.434584,23.709441]]]]}},{"type":"Feature","properties":{"n":"外湖溪與楓湖路旁","v":"斗六市","w":2.05,"c":1.05,"r":2},"geometry":{"type":"MultiPolygon","coordinates":[[[[120.607441,23.718123],[120.607524,23.718166],[120.607574,23.718171],[120.607659,23.718171],[120.607748,23.71814],[120.607935,23.718035],[120.608254,23.717826],[120.608429,23.717745],[120.608704,23.717686],[120.609225,23.717656],[120.610238,23.717646],[120.610502,23.717697],[120.61101,23.717827],[120.611563,23.717941],[120.611734,23.71791],[120.611892,23.717836],[120.613631,23.717834],[120.613605,23.7178],[120.613553,23.717793],[120.611872,23.7178],[120.611716,23.717872],[120.611558,23.717898],[120.611003,23.717777],[120.610513,23.717642],[120.610238,23.717588],[120.608709,23.717632],[120.608411,23.717699],[120.608208,23.717789],[120.607727,23.718086],[120.607649,23.718122],[120.607488,23.718114],[120.607457,23.718121],[120.607441,23.718123]]]]}},{"type":"Feature","properties":{"n":"府文路","v":"斗六市","w":3.57,"c":3.57,"r":2},"geometry":{"type":"MultiPolygon","coordinates":[[[[120.527647,23.69739],[120.527676,23.69725],[120.527663,23.697257],[120.527655,23.697269],[120.527645,23.697273],[120.527632,23.697271],[120.527613,23.697359],[120.527642,23.697374],[120.527647,23.69739]]]]}},{"type":"Feature","properties":{"n":"嘉南大圳水岸步道(小田支線)","v":"土庫鎮","w":5.5,"c":5.5,"r":1},"geometry":{"type":"MultiPolygon","coordinates":[[[[120.388978,23.677347],[120.388967,23.677374],[120.389308,23.677529],[120.389715,23.677956],[120.390407,23.678863],[120.390432,23.678846],[120.389748,23.677934],[120.389321,23.677504],[120.388978,23.677347]]]]}},{"type":"Feature","properties":{"n":"嘉南大圳水岸步道(小田支線)","v":"土庫鎮","w":4.9,"c":4,"r":1},"geometry":{"type":"MultiPolygon","coordinates":[[[[120.386779,23.675295],[120.387235,23.675988],[120.38761,23.676504],[120.387862,23.67686],[120.388135,23.677051],[120.388473,23.677199],[120.38887,23.677346],[120.388881,23.677326],[120.388484,23.677184],[120.388162,23.677046],[120.387883,23.67684],[120.387416,23.676196],[120.386794,23.675287],[120.386779,23.675295]]]]}},{"type":"Feature","properties":{"n":"仁德路","v":"麥寮鄉","w":2.5,"c":5,"r":2},"geometry":{"type":"MultiPolygon","coordinates":[[[[120.273911,23.797009],[120.274683,23.796834],[120.274676,23.796817],[120.273904,23.796988],[120.273911,23.797009]]]]}},{"type":"Feature","properties":{"n":"仁德路309巷","v":"麥寮鄉","w":1.8,"c":1.8,"r":null},"geometry":{"type":"MultiPolygon","coordinates":[[[[120.271291,23.795513],[120.271756,23.795405],[120.271759,23.795398],[120.271291,23.795506],[120.271291,23.795513]]]]}},{"type":"Feature","properties":{"n":"口湖鄉文昌路","v":"口湖鄉","w":1.8,"c":1.5,"r":2},"geometry":{"type":"MultiPolygon","coordinates":[[[[120.184928,23.582497],[120.18589,23.583682],[120.186366,23.58428],[120.186389,23.584261],[120.184935,23.58249],[120.184925,23.582497],[120.184928,23.582497]]]]}},{"type":"Feature","properties":{"n":"順興路","v":"口湖鄉","w":1.8,"c":1.5,"r":7},"geometry":{"type":"MultiPolygon","coordinates":[[[[120.198716,23.549919],[120.197554,23.545015],[120.19766,23.545565],[120.198716,23.549919]]]]}},{"type":"Feature","properties":{"n":"文安街","v":"口湖鄉","w":1.2,"c":1.2,"r":null},"geometry":{"type":"MultiPolygon","coordinates":[[[[120.182595,23.585788],[120.182642,23.586591],[120.182638,23.586378],[120.182607,23.585898],[120.182595,23.585788]]]]}},{"type":"Feature","properties":{"n":"雲林縣口湖鄉漁港路道路改善工程","v":"口湖鄉","w":1.5,"c":1.5,"r":4},"geometry":{"type":"MultiPolygon","coordinates":[[[[120.144341,23.618647],[120.158936,23.618882],[120.15893,23.618858],[120.144341,23.618629],[120.144334,23.618647],[120.144341,23.618647]]]]}},{"type":"Feature","properties":{"n":"崙豐路","v":"台西鄉","w":5.78,"c":3.95,"r":66},"geometry":{"type":"MultiPolygon","coordinates":[[[[120.208739,23.720153],[120.208732,23.720153],[120.209739,23.721089],[120.209791,23.72106],[120.208798,23.720117],[120.208739,23.720153]]]]}},{"type":"Feature","properties":{"n":"光復路","v":"土庫鎮","w":2.1,"c":1.5,"r":22},"geometry":{"type":"MultiPolygon","coordinates":[[[[120.384103,23.678335],[120.384116,23.678344],[120.38554,23.676644],[120.386721,23.675024],[120.38734,23.674483],[120.387731,23.674007],[120.388502,23.672797],[120.388444,23.672738],[120.388431,23.67263],[120.388373,23.67263],[120.388398,23.672743],[120.388424,23.672827],[120.387706,23.673929],[120.387308,23.674429],[120.386715,23.674959],[120.385749,23.676251],[120.385508,23.676596],[120.38406,23.678305],[120.384103,23.678335]]]]}},{"type":"Feature","properties":{"n":"崙豐路","v":"台西鄉","w":5.29,"c":4.4,"r":65},"geometry":{"type":"MultiPolygon","coordinates":[[[[120.208796,23.720308],[120.208796,23.72032],[120.208744,23.720368],[120.209363,23.721004],[120.20948,23.720921],[120.208796,23.720308]]]]}},{"type":"Feature","properties":{"n":"中正路","v":"二崙鄉","w":1.7,"c":1.7,"r":0},"geometry":{"type":"MultiPolygon","coordinates":[[[[120.408807,23.772489],[120.408928,23.772484],[120.409827,23.771173],[120.409784,23.771126],[120.408807,23.772489]]]]}},{"type":"Feature","properties":{"n":"中正路","v":"四湖鄉","w":3,"c":3,"r":null},"geometry":{"type":"MultiPolygon","coordinates":[[[[120.225737,23.633603],[120.226393,23.632354],[120.226375,23.632345],[120.225721,23.633598],[120.225734,23.633603],[120.225737,23.633603]]]]}},{"type":"Feature","properties":{"n":"中正路","v":"四湖鄉","w":3.4,"c":3.4,"r":null},"geometry":{"type":"MultiPolygon","coordinates":[[[[120.226495,23.632158],[120.227814,23.629624],[120.227799,23.629614],[120.226479,23.632145],[120.226492,23.632152],[120.226495,23.632158]]]]}},{"type":"Feature","properties":{"n":"延平路","v":"西螺鎮","w":5.25,"c":5,"r":6},"geometry":{"type":"MultiPolygon","coordinates":[[[[120.453652,23.800369],[120.453644,23.800426],[120.455177,23.800644],[120.455188,23.800592],[120.453652,23.800369]]]]}},{"type":"Feature","properties":{"n":"南昌路","v":"西螺鎮","w":4.3,"c":2.2,"r":2},"geometry":{"type":"MultiPolygon","coordinates":[[[[120.451317,23.800123],[120.451306,23.800134],[120.451314,23.800126],[120.450946,23.802461],[120.451011,23.802468],[120.451377,23.800135],[120.451317,23.800123]]]]}},{"type":"Feature","properties":{"n":"中正路","v":"四湖鄉","w":2.75,"c":2.75,"r":null},"geometry":{"type":"MultiPolygon","coordinates":[[[[120.225737,23.633837],[120.225747,23.633842],[120.226516,23.632381],[120.226505,23.632374],[120.225737,23.633837]]]]}},{"type":"Feature","properties":{"n":"東南路","v":"西螺鎮","w":2.6,"c":2.6,"r":2},"geometry":{"type":"MultiPolygon","coordinates":[[[[120.451045,23.802361],[120.451038,23.802451],[120.454814,23.80296],[120.45484,23.802835],[120.451045,23.802361]]]]}},{"type":"Feature","properties":{"n":"中正路","v":"四湖鄉","w":2.1,"c":2.1,"r":null},"geometry":{"type":"MultiPolygon","coordinates":[[[[120.226599,23.632173],[120.226615,23.632186],[120.228488,23.628578],[120.228478,23.628571],[120.226599,23.632173]]]]}},{"type":"Feature","properties":{"n":"中正路","v":"四湖鄉","w":3.2,"c":3.2,"r":null},"geometry":{"type":"MultiPolygon","coordinates":[[[[120.227912,23.629415],[120.228386,23.628524],[120.228376,23.628522],[120.227901,23.629406],[120.227909,23.629413],[120.227912,23.629415]]]]}},{"type":"Feature","properties":{"n":"154線","v":"二崙鄉","w":5,"c":2.5,"r":4},"geometry":{"type":"MultiPolygon","coordinates":[[[[120.419612,23.795912],[120.418305,23.796091],[120.417313,23.796243],[120.416927,23.796374],[120.416943,23.796411],[120.417313,23.796288],[120.418281,23.796129],[120.41962,23.795947],[120.419612,23.795912]]]]}},{"type":"Feature","properties":{"n":"環湖西路","v":"四湖鄉","w":46.7,"c":1.4,"r":1},"geometry":{"type":"MultiPolygon","coordinates":[[[[120.225595,23.63398],[120.225356,23.634022],[120.225361,23.634045],[120.225592,23.633999],[120.22559,23.633984],[120.225595,23.63398]]]]}},{"type":"Feature","properties":{"n":"環湖西路","v":"四湖鄉","w":2.6,"c":2.6,"r":null},"geometry":{"type":"MultiPolygon","coordinates":[[[[120.225346,23.634024],[120.225172,23.634059],[120.22518,23.63408],[120.225348,23.634048],[120.225346,23.634029],[120.225346,23.634024]]]]}},{"type":"Feature","properties":{"n":"環湖西路","v":"四湖鄉","w":2.9,"c":1.7,"r":2},"geometry":{"type":"MultiPolygon","coordinates":[[[[120.225164,23.634061],[120.22478,23.634133],[120.224785,23.63415],[120.225167,23.634078],[120.225164,23.634059],[120.225164,23.634061]]]]}},{"type":"Feature","properties":{"n":"環湖西路","v":"四湖鄉","w":2.75,"c":2.75,"r":null},"geometry":{"type":"MultiPolygon","coordinates":[[[[120.224759,23.634182],[120.223002,23.634436],[120.223007,23.63446],[120.224761,23.634204],[120.224756,23.634185],[120.224759,23.634182]]]]}},{"type":"Feature","properties":{"n":"環湖西路","v":"四湖鄉","w":2.7,"c":2.7,"r":2},"geometry":{"type":"MultiPolygon","coordinates":[[[[120.22299,23.634442],[120.22209,23.634564],[120.222095,23.634591],[120.222993,23.634466],[120.22299,23.634445],[120.22299,23.634442]]]]}},{"type":"Feature","properties":{"n":"環湖西路","v":"四湖鄉","w":2.7,"c":2.7,"r":null},"geometry":{"type":"MultiPolygon","coordinates":[[[[120.222079,23.634574],[120.221841,23.634604],[120.221846,23.634623],[120.222084,23.634595],[120.222082,23.634574],[120.222079,23.634574]]]]}},{"type":"Feature","properties":{"n":"南昌路8","v":"崙背鄉","w":0.9,"c":0.9,"r":null},"geometry":{"type":"MultiPolygon","coordinates":[[[[120.353733,23.756141],[120.353227,23.756091],[120.353608,23.756152],[120.353733,23.756141]]]]}},{"type":"Feature","properties":{"n":"南昌路9","v":"崙背鄉","w":0.9,"c":0.9,"r":null},"geometry":{"type":"MultiPolygon","coordinates":[[[[120.353222,23.756093],[120.352664,23.756148],[120.352656,23.756153],[120.353222,23.756093]]]]}},{"type":"Feature","properties":{"n":"南昌路10","v":"崙背鄉","w":0.9,"c":0.9,"r":null},"geometry":{"type":"MultiPolygon","coordinates":[[[[120.352651,23.756151],[120.352653,23.756153],[120.352483,23.755897],[120.352478,23.755899],[120.352651,23.756151]]]]}},{"type":"Feature","properties":{"n":"面前厝","v":"崙背鄉","w":0.9,"c":0.9,"r":null},"geometry":{"type":"MultiPolygon","coordinates":[[[[120.353754,23.7561],[120.355655,23.75387],[120.353749,23.756093],[120.353754,23.7561]]]]}},{"type":"Feature","properties":{"n":"中興路二段","v":"口湖鄉","w":1.8,"c":1.8,"r":8},"geometry":{"type":"MultiPolygon","coordinates":[[[[120.164506,23.623769],[120.163947,23.626876],[120.163962,23.626881],[120.164526,23.623774],[120.164506,23.623769]]]]}},{"type":"Feature","properties":{"n":"港後路","v":"二崙鄉","w":2.8,"c":0.94,"r":3},"geometry":{"type":"MultiPolygon","coordinates":[[[[120.389845,23.795137],[120.389855,23.795158],[120.390427,23.795079],[120.391026,23.795093],[120.391032,23.795074],[120.390427,23.795062],[120.389845,23.795137]]]]}},{"type":"Feature","properties":{"n":"港後路","v":"二崙鄉","w":1.23,"c":1.23,"r":5},"geometry":{"type":"MultiPolygon","coordinates":[[[[120.393251,23.795313],[120.391051,23.795089],[120.391054,23.795124],[120.393254,23.795357],[120.393251,23.795313]]]]}},{"type":"Feature","properties":{"n":"永定國小側門","v":"二崙鄉","w":1.7,"c":1.7,"r":2},"geometry":{"type":"MultiPolygon","coordinates":[[[[120.418505,23.797362],[120.41818,23.797468],[120.418011,23.797647],[120.417698,23.797777],[120.417956,23.798172],[120.417983,23.798125],[120.41775,23.797789],[120.41801,23.797683],[120.418206,23.797504],[120.418479,23.79741],[120.418479,23.797386],[120.418505,23.797362]]]]}},{"type":"Feature","properties":{"n":"永定綠化公園","v":"二崙鄉","w":1.7,"c":1.7,"r":2},"geometry":{"type":"MultiPolygon","coordinates":[[[[120.417881,23.798318],[120.417895,23.798199],[120.417869,23.798127],[120.417617,23.797857],[120.417598,23.797881],[120.41785,23.798151],[120.417876,23.798199],[120.417856,23.798312],[120.417881,23.798312],[120.417881,23.798318]]]]}},{"type":"Feature","properties":{"n":"圳之徑-橙鄉鐵馬道(人行道)","v":"古坑鄉","w":3.63,"c":3.63,"r":null},"geometry":{"type":"MultiPolygon","coordinates":[[[[120.565209,23.646064],[120.565198,23.646178],[120.565132,23.647442],[120.564929,23.650746],[120.564822,23.652697],[120.564793,23.652838],[120.564746,23.653572],[120.564758,23.653758],[120.564953,23.654616],[120.564911,23.654623],[120.564801,23.6542],[120.564699,23.653679],[120.564738,23.652809],[120.564715,23.652817],[120.564746,23.65216],[120.564828,23.650793],[120.56493,23.648882],[120.565004,23.647602],[120.565078,23.646446],[120.5651,23.646009],[120.565051,23.646006],[120.565004,23.646888],[120.564931,23.647924],[120.56487,23.648956],[120.564831,23.649778],[120.564757,23.651178],[120.564721,23.651679],[120.564663,23.652752],[120.564683,23.652886],[120.564683,23.652986],[120.564652,23.6537],[120.564703,23.653982],[120.564885,23.654721],[120.565015,23.654702],[120.564843,23.653952],[120.564797,23.653732],[120.564795,23.653536],[120.564849,23.652941],[120.564926,23.651732],[120.565009,23.650201],[120.565118,23.648407],[120.565204,23.646778],[120.565251,23.646004],[120.565207,23.645997],[120.565207,23.646021],[120.565209,23.646064]]]]}},{"type":"Feature","properties":{"n":"蔡厝路","v":"四湖鄉","w":2,"c":2,"r":4},"geometry":{"type":"MultiPolygon","coordinates":[[[[120.219743,23.613021],[120.219206,23.611908],[120.219203,23.611908],[120.219201,23.611903],[120.219743,23.613021]]]]}},{"type":"Feature","properties":{"n":"仁德路309巷","v":"麥寮鄉","w":1.8,"c":1.8,"r":null},"geometry":{"type":"MultiPolygon","coordinates":[[[[120.271782,23.797129],[120.271441,23.79602],[120.271323,23.795532],[120.271313,23.795532],[120.271423,23.796008],[120.271554,23.796425],[120.271766,23.797129],[120.271782,23.797129]]]]}},{"type":"Feature","properties":{"n":"土庫鎮通學步道","v":"土庫鎮","w":2.1,"c":2.1,"r":4},"geometry":{"type":"MultiPolygon","coordinates":[[[[120.379389,23.667106],[120.379415,23.667118],[120.379389,23.667166],[120.383181,23.668829],[120.386077,23.670764],[120.386915,23.671699],[120.387535,23.672263],[120.38848,23.672756],[120.388455,23.672613],[120.388377,23.672613],[120.387794,23.672359],[120.387342,23.672047],[120.386116,23.670716],[120.383246,23.668782],[120.379389,23.667106]]]]}},{"type":"Feature","properties":{"n":"土庫鎮通學步道(聯美路)","v":"土庫鎮","w":2.4,"c":2.4,"r":4},"geometry":{"type":"MultiPolygon","coordinates":[[[[120.392097,23.661817],[120.390692,23.668405],[120.389955,23.670719],[120.388909,23.672579],[120.389038,23.672627],[120.390033,23.670744],[120.390848,23.668262],[120.392201,23.661889],[120.392123,23.661888],[120.392097,23.661817]]]]}},{"type":"Feature","properties":{"n":"雲4","v":"麥寮鄉","w":1.8,"c":0.9,"r":null},"geometry":{"type":"MultiPolygon","coordinates":[[[[120.275458,23.798696],[120.275442,23.798701],[120.275744,23.799617],[120.276192,23.801127],[120.276399,23.802205],[120.276079,23.804623],[120.276105,23.804629],[120.27643,23.802217],[120.276235,23.801183],[120.275483,23.798683],[120.27545,23.798701],[120.275458,23.798696]]]]}},{"type":"Feature","properties":{"n":"雲4","v":"麥寮鄉","w":1,"c":1,"r":null},"geometry":{"type":"MultiPolygon","coordinates":[[[[120.276078,23.804636],[120.275957,23.805464],[120.275972,23.805469],[120.276096,23.804641],[120.276078,23.804636]]]]}},{"type":"Feature","properties":{"n":"大同路","v":"斗南鎮","w":1.4,"c":1.4,"r":1},"geometry":{"type":"MultiPolygon","coordinates":[[[[120.47332,23.682706],[120.47329,23.682691],[120.472657,23.683887],[120.472681,23.6839],[120.47332,23.682706]]]]}},{"type":"Feature","properties":{"n":"大同路","v":"斗南鎮","w":1.4,"c":1.4,"r":1},"geometry":{"type":"MultiPolygon","coordinates":[[[[120.472512,23.683801],[120.472542,23.683811],[120.47314,23.682676],[120.473116,23.682666],[120.472512,23.683801]]]]}},{"type":"Feature","properties":{"n":"中山路200巷","v":"麥寮鄉","w":2.12,"c":2.12,"r":0},"geometry":{"type":"MultiPolygon","coordinates":[[[[120.25548,23.750254],[120.255502,23.750899],[120.255554,23.750899],[120.255545,23.75023],[120.25548,23.750254]]]]}},{"type":"Feature","properties":{"n":"泰順路333巷","v":"麥寮鄉","w":1.22,"c":1.22,"r":null},"geometry":{"type":"MultiPolygon","coordinates":[[[[120.253593,23.751298],[120.25358,23.751321],[120.253554,23.751321],[120.253718,23.752122],[120.25377,23.752111],[120.253593,23.751298]]]]}},{"type":"Feature","properties":{"n":"明德街","v":"麥寮鄉","w":1.15,"c":1.15,"r":null},"geometry":{"type":"MultiPolygon","coordinates":[[[[120.253609,23.7512],[120.253596,23.751224],[120.25431,23.75112],[120.254298,23.751096],[120.253609,23.7512]]]]}},{"type":"Feature","properties":{"n":"小田支線","v":"土庫鎮","w":4.9,"c":4,"r":null},"geometry":{"type":"MultiPolygon","coordinates":[[[[120.390453,23.678935],[120.390414,23.678971],[120.391554,23.680522],[120.391587,23.680451],[120.390453,23.678935]]]]}},{"type":"Feature","properties":{"n":"小田支線","v":"土庫鎮","w":5.4,"c":4.5,"r":null},"geometry":{"type":"MultiPolygon","coordinates":[[[[120.391605,23.680545],[120.393245,23.681469],[120.393874,23.681297],[120.39384,23.681242],[120.393266,23.681388],[120.391641,23.680483],[120.391605,23.680545]]]]}},{"type":"Feature","properties":{"n":"元北路","v":"元長鄉","w":1.1,"c":1.1,"r":null},"geometry":{"type":"MultiPolygon","coordinates":[[[[120.3138,23.654521],[120.313846,23.654511],[120.313811,23.654374],[120.313516,23.653806],[120.313063,23.653541],[120.313041,23.653585],[120.313481,23.653833],[120.313768,23.654376],[120.3138,23.654521]]]]}},{"type":"Feature","properties":{"n":"中山路211巷","v":"元長鄉","w":1,"c":1,"r":0},"geometry":{"type":"MultiPolygon","coordinates":[[[[120.310702,23.653457],[120.310735,23.653504],[120.310826,23.653411],[120.310893,23.653381],[120.311346,23.653312],[120.311598,23.653462],[120.311864,23.653531],[120.312282,23.653553],[120.313009,23.653583],[120.313009,23.653548],[120.311875,23.653489],[120.311612,23.653425],[120.311354,23.653285],[120.31089,23.653347],[120.310807,23.653374],[120.310727,23.653443],[120.310702,23.653457]]]]}},{"type":"Feature","properties":{"n":"賜福宮旁巷道","v":"二崙鄉","w":2,"c":2,"r":2},"geometry":{"type":"MultiPolygon","coordinates":[[[[120.416309,23.755849],[120.416329,23.755849],[120.416379,23.755687],[120.416356,23.755682],[120.416356,23.755691],[120.416309,23.755849]]]]}},{"type":"Feature","properties":{"n":"中正路1段","v":"口湖鄉","w":2.1,"c":2.1,"r":36},"geometry":{"type":"MultiPolygon","coordinates":[[[[120.185675,23.581807],[120.185693,23.581831],[120.189377,23.578344],[120.190592,23.577179],[120.191013,23.576986],[120.19646,23.577683],[120.196843,23.577654],[120.197329,23.577499],[120.198244,23.57703],[120.198234,23.577011],[120.197332,23.577475],[120.196836,23.577632],[120.19646,23.577657],[120.192968,23.577225],[120.191018,23.576962],[120.190587,23.577155],[120.185675,23.581807]]]]}},{"type":"Feature","properties":{"n":"過港村庄內道路A","v":"口湖鄉","w":6,"c":6,"r":null},"geometry":{"type":"MultiPolygon","coordinates":[[[[120.19157,23.570428],[120.191455,23.570413],[120.191593,23.570751],[120.191205,23.570971],[120.191018,23.571028],[120.190928,23.570967],[120.190694,23.570687],[120.190674,23.570541],[120.190756,23.570307],[120.191447,23.570401],[120.191843,23.570468],[120.191926,23.57049],[120.19196,23.570445],[120.19207,23.570245],[120.192157,23.570006],[120.192389,23.569895],[120.192451,23.569895],[120.192606,23.569968],[120.192747,23.570143],[120.192789,23.570167],[120.19291,23.570192],[120.193004,23.57019],[120.193154,23.570159],[120.19324,23.570148],[120.193359,23.570144],[120.193354,23.570089],[120.193276,23.570103],[120.19311,23.570121],[120.192986,23.570144],[120.192885,23.570134],[120.192786,23.570105],[120.192606,23.569894],[120.192464,23.569833],[120.192407,23.569838],[120.192067,23.569987],[120.192011,23.570201],[120.19189,23.570397],[120.191852,23.570394],[120.190857,23.570245],[120.19078,23.570216],[120.190716,23.570226],[120.19064,23.570371],[120.190608,23.570509],[120.190602,23.570593],[120.19061,23.570648],[120.190648,23.570732],[120.190939,23.571073],[120.19098,23.571099],[120.19104,23.571102],[120.19169,23.570811],[120.19157,23.570428]]]]}},{"type":"Feature","properties":{"n":"過港村庄內道路B","v":"口湖鄉","w":1.8,"c":1.8,"r":null},"geometry":{"type":"MultiPolygon","coordinates":[[[[120.191191,23.570283],[120.191256,23.570295],[120.191237,23.570188],[120.191245,23.570014],[120.191111,23.569673],[120.191015,23.569386],[120.190954,23.568759],[120.19088,23.568245],[120.191171,23.568252],[120.191203,23.568378],[120.191268,23.568372],[120.191256,23.568211],[120.19123,23.568175],[120.190802,23.568191],[120.19097,23.569386],[120.191193,23.570026],[120.191198,23.570217],[120.191191,23.570283]]]]}},{"type":"Feature","properties":{"n":"過港村庄內道路C","v":"口湖鄉","w":5,"c":5,"r":null},"geometry":{"type":"MultiPolygon","coordinates":[[[[120.192066,23.569985],[120.192125,23.569956],[120.192089,23.569436],[120.192152,23.568785],[120.192159,23.568564],[120.192085,23.56802],[120.192026,23.568062],[120.192102,23.568498],[120.192093,23.568863],[120.192038,23.569418],[120.192066,23.569985]]]]}},{"type":"Feature","properties":{"n":"過港村庄內道路D","v":"口湖鄉","w":3,"c":3,"r":null},"geometry":{"type":"MultiPolygon","coordinates":[[[[120.191308,23.568708],[120.191542,23.568657],[120.191641,23.568514],[120.191784,23.568427],[120.192092,23.568509],[120.192082,23.56845],[120.192059,23.568469],[120.19202,23.568466],[120.191963,23.568449],[120.191836,23.568398],[120.19179,23.568396],[120.191738,23.568412],[120.191641,23.568471],[120.19156,23.568566],[120.191516,23.56864],[120.191308,23.568675],[120.191308,23.568708]]]]}},{"type":"Feature","properties":{"n":"聖安路","v":"口湖鄉","w":14,"c":14,"r":null},"geometry":{"type":"MultiPolygon","coordinates":[[[[120.178906,23.5893],[120.179408,23.589367],[120.179789,23.589398],[120.179824,23.589166],[120.179117,23.589072],[120.179026,23.589069],[120.178986,23.589205],[120.178906,23.5893]]]]}},{"type":"Feature","properties":{"n":"聖安路","v":"口湖鄉","w":21,"c":21,"r":null},"geometry":{"type":"MultiPolygon","coordinates":[[[[120.162493,23.597441],[120.162406,23.597901],[120.16444,23.598007],[120.164412,23.597338],[120.162493,23.597441]]]]}},{"type":"Feature","properties":{"n":"雲28縣道","v":"西螺鎮","w":1.5,"c":1.5,"r":null},"geometry":{"type":"MultiPolygon","coordinates":[[[[120.440109,23.788473],[120.440449,23.788446],[120.442215,23.78845],[120.446316,23.787416],[120.447617,23.787351],[120.447617,23.787344],[120.446319,23.787409],[120.442215,23.788443],[120.440452,23.788439],[120.440112,23.788466],[120.440109,23.788473]]]]}},{"type":"Feature","properties":{"n":"雲28縣道","v":"西螺鎮","w":3.1,"c":2,"r":2},"geometry":{"type":"MultiPolygon","coordinates":[[[[120.444045,23.788008],[120.444051,23.788017],[120.444417,23.787918],[120.444412,23.787909],[120.444045,23.788008]]]]}},{"type":"Feature","properties":{"n":"福天宮前產業道路","v":"西螺鎮","w":2.7,"c":1.5,"r":2},"geometry":{"type":"MultiPolygon","coordinates":[[[[120.440173,23.78812],[120.440193,23.788126],[120.440373,23.786968],[120.44036,23.786968],[120.440173,23.78812]]]]}},{"type":"Feature","properties":{"n":"中正路","v":"褒忠鄉","w":2.9,"c":1.8,"r":3},"geometry":{"type":"MultiPolygon","coordinates":[[[[120.303231,23.691115],[120.305904,23.692439],[120.305917,23.692432],[120.303241,23.691106],[120.303236,23.691111],[120.303231,23.691115]]]]}},{"type":"Feature","properties":{"n":"雲86線鄉道","v":"大埤鄉","w":1.2,"c":1.2,"r":null},"geometry":{"type":"MultiPolygon","coordinates":[[[[120.398881,23.649942],[120.399514,23.650033],[120.399787,23.650287],[120.399844,23.650292],[120.399529,23.64999],[120.398887,23.649899],[120.398881,23.649942]]]]}},{"type":"Feature","properties":{"n":"雲9","v":"褒忠鄉","w":1.5,"c":1.5,"r":2},"geometry":{"type":"MultiPolygon","coordinates":[[[[120.310161,23.716889],[120.310174,23.716889],[120.310198,23.71617],[120.310185,23.716174],[120.310161,23.716889]]]]}},{"type":"Feature","properties":{"n":"廟前路","v":"水林鄉","w":1.8,"c":1.8,"r":null},"geometry":{"type":"MultiPolygon","coordinates":[[[[120.241333,23.573982],[120.241049,23.573813],[120.241035,23.573957],[120.241333,23.573982]]]]}},{"type":"Feature","properties":{"n":"164縣道","v":"水林鄉","w":1.5,"c":1.5,"r":null},"geometry":{"type":"MultiPolygon","coordinates":[[[[120.248065,23.57217],[120.249855,23.571868],[120.254993,23.570841],[120.248065,23.57217]]]]}},{"type":"Feature","properties":{"n":"博愛路","v":"虎尾鎮","w":350,"c":2.3,"r":2},"geometry":{"type":"MultiPolygon","coordinates":[[[[120.436506,23.715874],[120.436237,23.717622],[120.436237,23.717628],[120.436506,23.715874]]]]}},{"type":"Feature","properties":{"n":"義民路","v":"北港鎮","w":1.75,"c":1.75,"r":2},"geometry":{"type":"MultiPolygon","coordinates":[[[[120.301982,23.56656],[120.301934,23.566421],[120.30164,23.565094],[120.301619,23.565095],[120.301917,23.566435],[120.30196,23.566569],[120.301973,23.566566],[120.301982,23.56656]]]]}},{"type":"Feature","properties":{"n":"北辰路","v":"北港鎮","w":1.5,"c":1.5,"r":6},"geometry":{"type":"MultiPolygon","coordinates":[[[[120.302789,23.576239],[120.30281,23.576232],[120.30249,23.575526],[120.302392,23.575458],[120.302299,23.575429],[120.302285,23.57546],[120.302389,23.575494],[120.302472,23.575554],[120.302784,23.576241],[120.302789,23.576239]]]]}},{"type":"Feature","properties":{"n":"公園路","v":"北港鎮","w":2.8,"c":1.5,"r":2},"geometry":{"type":"MultiPolygon","coordinates":[[[[120.302292,23.575433],[120.302271,23.575423],[120.302048,23.576026],[120.302074,23.576039],[120.302292,23.575433]]]]}},{"type":"Feature","properties":{"n":"公園路","v":"北港鎮","w":1.9,"c":1.9,"r":2},"geometry":{"type":"MultiPolygon","coordinates":[[[[120.30205,23.576081],[120.302027,23.576072],[120.301977,23.576212],[120.302031,23.576229],[120.302011,23.576189],[120.30205,23.576081]]]]}},{"type":"Feature","properties":{"n":"公園路","v":"北港鎮","w":2.1,"c":2.1,"r":2},"geometry":{"type":"MultiPolygon","coordinates":[[[[120.301991,23.576316],[120.301934,23.576302],[120.301837,23.57659],[120.301863,23.5766],[120.301947,23.576337],[120.301991,23.576316]]]]}},{"type":"Feature","properties":{"n":"明正路","v":"虎尾鎮","w":4.9,"c":3.4,"r":1},"geometry":{"type":"MultiPolygon","coordinates":[[[[120.432132,23.713186],[120.434656,23.71602],[120.434954,23.716087],[120.436506,23.715818],[120.436506,23.71574],[120.434961,23.716028],[120.434683,23.715967],[120.432191,23.713144],[120.432132,23.713186]]]]}},{"type":"Feature","properties":{"n":"明正路","v":"虎尾鎮","w":2.2,"c":2.2,"r":2},"geometry":{"type":"MultiPolygon","coordinates":[[[[120.433015,23.714357],[120.43459,23.716137],[120.434947,23.716192],[120.436472,23.715959],[120.436492,23.715857],[120.43496,23.716138],[120.434655,23.716072],[120.43308,23.714322],[120.433015,23.714357]]]]}},{"type":"Feature","properties":{"n":"濁幹線","v":"虎尾鎮","w":3,"c":3,"r":10},"geometry":{"type":"MultiPolygon","coordinates":[[[[120.452522,23.713299],[120.452524,23.71324],[120.452325,23.713232],[120.447443,23.713149],[120.444183,23.71316],[120.443702,23.713187],[120.443469,23.713241],[120.443297,23.713317],[120.44309,23.713435],[120.441594,23.714451],[120.439363,23.716117],[120.437991,23.717199],[120.437658,23.717373],[120.437292,23.717488],[120.436485,23.717562],[120.436023,23.71752],[120.435593,23.717379],[120.433743,23.716332],[120.433426,23.7162],[120.431697,23.715399],[120.430936,23.714578],[120.429051,23.712421],[120.428135,23.711247],[120.426455,23.709071],[120.426153,23.708817],[120.425837,23.708625],[120.42557,23.708507],[120.425422,23.708465],[120.425021,23.708375],[120.424698,23.708338],[120.423244,23.708218],[120.423239,23.708254],[120.42425,23.708328],[120.425015,23.708403],[120.425469,23.708512],[120.425851,23.708675],[120.426142,23.708855],[120.426407,23.709077],[120.426633,23.709353],[120.427549,23.710604],[120.428864,23.712293],[120.429833,23.713432],[120.43164,23.715439],[120.432592,23.715891],[120.433686,23.716355],[120.43456,23.716866],[120.435589,23.717419],[120.436016,23.717552],[120.436483,23.717601],[120.43732,23.717521],[120.437684,23.717403],[120.438022,23.717225],[120.439558,23.716012],[120.442057,23.714193],[120.443306,23.713361],[120.443709,23.713226],[120.444182,23.713203],[120.447653,23.71321],[120.449586,23.71327],[120.452522,23.713299]]]]}},{"type":"Feature","properties":{"n":"水源路","v":"虎尾鎮","w":7.1,"c":1.5,"r":0},"geometry":{"type":"MultiPolygon","coordinates":[[[[120.432888,23.714075],[120.432906,23.714098],[120.433369,23.713777],[120.433614,23.71357],[120.433911,23.713289],[120.43389,23.713277],[120.433562,23.713576],[120.43339,23.713721],[120.433184,23.713861],[120.432888,23.714075]]]]}},{"type":"Feature","properties":{"n":"博愛路","v":"虎尾鎮","w":2.1,"c":0.8,"r":1},"geometry":{"type":"MultiPolygon","coordinates":[[[[120.436481,23.715869],[120.436206,23.717629],[120.436248,23.717629],[120.436528,23.715859],[120.436481,23.715869]]]]}},{"type":"Feature","properties":{"n":"民主三路","v":"虎尾鎮","w":6,"c":3.2,"r":null},"geometry":{"type":"MultiPolygon","coordinates":[[[[120.434466,23.702632],[120.435499,23.703125],[120.435513,23.703102],[120.434477,23.702603],[120.434466,23.702632]]]]}},{"type":"Feature","properties":{"n":"民主三路","v":"虎尾鎮","w":6,"c":3.2,"r":null},"geometry":{"type":"MultiPolygon","coordinates":[[[[120.434453,23.702625],[120.434461,23.702603],[120.43347,23.702136],[120.433462,23.702155],[120.434453,23.702625]]]]}},{"type":"Feature","properties":{"n":"民主三路","v":"虎尾鎮","w":8.3,"c":6.9,"r":null},"geometry":{"type":"MultiPolygon","coordinates":[[[[120.435509,23.703131],[120.436404,23.703514],[120.436414,23.703497],[120.435523,23.703107],[120.435509,23.703131]]]]}},{"type":"Feature","properties":{"n":" 中正路一段","v":"口湖鄉","w":1.5,"c":1.5,"r":16},"geometry":{"type":"MultiPolygon","coordinates":[[[[120.185187,23.582323],[120.185166,23.582307],[120.185169,23.582309],[120.182913,23.584459],[120.182783,23.584552],[120.182609,23.584639],[120.180908,23.585034],[120.180716,23.585102],[120.1804,23.585043],[120.176281,23.583449],[120.176265,23.583464],[120.180387,23.585058],[120.180716,23.585117],[120.180914,23.585051],[120.182611,23.584658],[120.182788,23.584576],[120.182923,23.584476],[120.183163,23.584255],[120.184876,23.58263],[120.185187,23.582323]]]]}},{"type":"Feature","properties":{"n":"東明路","v":"虎尾鎮","w":2,"c":1.5,"r":1},"geometry":{"type":"MultiPolygon","coordinates":[[[[120.441751,23.713663],[120.441974,23.713599],[120.442471,23.713333],[120.443304,23.712727],[120.443302,23.712677],[120.44244,23.713302],[120.441959,23.713566],[120.441712,23.713622],[120.441751,23.713663]]]]}},{"type":"Feature","properties":{"n":"154乙","v":"古坑鄉","w":2.42,"c":1.17,"r":3},"geometry":{"type":"MultiPolygon","coordinates":[[[[120.557335,23.635706],[120.557317,23.635738],[120.557618,23.636037],[120.558442,23.637274],[120.560368,23.640267],[120.56066,23.640665],[120.560689,23.640643],[120.560574,23.640506],[120.560472,23.640365],[120.559491,23.638863],[120.558973,23.638049],[120.558447,23.637238],[120.557858,23.63634],[120.557625,23.635993],[120.557335,23.635706]]]]}},{"type":"Feature","properties":{"n":"154乙","v":"古坑鄉","w":2.55,"c":2.55,"r":0},"geometry":{"type":"MultiPolygon","coordinates":[[[[120.558484,23.637124],[120.559071,23.637989],[120.559098,23.637976],[120.558518,23.637105],[120.558484,23.637124]]]]}},{"type":"Feature","properties":{"n":"小田支線二期","v":"土庫鎮","w":3.8,"c":3.8,"r":null},"geometry":{"type":"MultiPolygon","coordinates":[[[[120.386566,23.675125],[120.386645,23.675042],[120.386254,23.67258],[120.385931,23.672244],[120.382864,23.67099],[120.382449,23.670892],[120.381943,23.67089],[120.380463,23.671326],[120.380488,23.671446],[120.381787,23.671009],[120.381969,23.670986],[120.382695,23.671025],[120.383407,23.671302],[120.385931,23.672364],[120.38615,23.672603],[120.386566,23.675125]]]]}},{"type":"Feature","properties":{"n":"仁德路","v":"麥寮鄉","w":5.8,"c":4,"r":3},"geometry":{"type":"MultiPolygon","coordinates":[[[[120.270778,23.79432],[120.267332,23.795032],[120.267337,23.795056],[120.270789,23.794347],[120.270778,23.79432]]]]}},{"type":"Feature","properties":{"n":"文化路","v":"麥寮鄉","w":7.8,"c":6.4,"r":1},"geometry":{"type":"MultiPolygon","coordinates":[[[[120.276982,23.793176],[120.276961,23.793154],[120.275392,23.793481],[120.2754,23.7935],[120.276982,23.793176]]]]}},{"type":"Feature","properties":{"n":"文化路","v":"麥寮鄉","w":7.7,"c":6.1,"r":null},"geometry":{"type":"MultiPolygon","coordinates":[[[[120.277272,23.793125],[120.277527,23.793066],[120.277521,23.793041],[120.27724,23.793098],[120.277272,23.793125]]]]}},{"type":"Feature","properties":{"n":"中央路","v":"台西鄉","w":3.6,"c":3.6,"r":16},"geometry":{"type":"MultiPolygon","coordinates":[[[[120.171882,23.721759],[120.193333,23.719236],[120.193328,23.719163],[120.171882,23.721675],[120.171882,23.721759]]]]}},{"type":"Feature","properties":{"n":"中央路","v":"台西鄉","w":3.6,"c":3.6,"r":4},"geometry":{"type":"MultiPolygon","coordinates":[[[[120.197299,23.717718],[120.196505,23.71818],[120.195304,23.718651],[120.193351,23.719143],[120.193398,23.719225],[120.195008,23.718822],[120.195877,23.718538],[120.196488,23.718292],[120.197314,23.717801],[120.197299,23.717718]]]]}},{"type":"Feature","properties":{"n":"中山路","v":"麥寮鄉","w":4.15,"c":4.15,"r":2},"geometry":{"type":"MultiPolygon","coordinates":[[[[120.25416,23.749218],[120.254613,23.749081],[120.254605,23.749056],[120.254155,23.749198],[120.25416,23.749218]]]]}},{"type":"Feature","properties":{"n":"榮譽路","v":"斗六市","w":3.2,"c":3.2,"r":2},"geometry":{"type":"MultiPolygon","coordinates":[[[[120.557239,23.704261],[120.557239,23.704278],[120.559503,23.703924],[120.559503,23.703897],[120.557239,23.704261]]]]}},{"type":"Feature","properties":{"n":"榮譽路","v":"斗六市","w":1.8,"c":1.8,"r":2},"geometry":{"type":"MultiPolygon","coordinates":[[[[120.559586,23.703895],[120.559586,23.703912],[120.560694,23.703745],[120.560681,23.703728],[120.559586,23.703895]]]]}},{"type":"Feature","properties":{"n":"仁義路四巷","v":"斗六市","w":3.9,"c":2.7,"r":1},"geometry":{"type":"MultiPolygon","coordinates":[[[[120.529652,23.688284],[120.529762,23.688247],[120.530299,23.688227],[120.530771,23.68808],[120.531068,23.688021],[120.531186,23.688019],[120.531624,23.68807],[120.532624,23.688171],[120.532801,23.688183],[120.533013,23.688183],[120.533399,23.688139],[120.533574,23.688127],[120.533662,23.688127],[120.533877,23.688163],[120.534368,23.688301],[120.534545,23.688335],[120.534775,23.688355],[120.535634,23.688338],[120.536637,23.688326],[120.536988,23.688387],[120.538361,23.688726],[120.53838,23.688716],[120.537012,23.688355],[120.536653,23.688299],[120.535853,23.688306],[120.534874,23.688326],[120.534671,23.688323],[120.53448,23.688299],[120.534011,23.688171],[120.533676,23.688095],[120.53348,23.688097],[120.533029,23.688151],[120.532211,23.6881],[120.531514,23.688026],[120.531194,23.687987],[120.531039,23.687994],[120.530822,23.688026],[120.530309,23.688198],[120.529751,23.688222],[120.529652,23.688284]]]]}},{"type":"Feature","properties":{"n":"梅南橋","v":"斗六市","w":2.4,"c":2.4,"r":0},"geometry":{"type":"MultiPolygon","coordinates":[[[[120.599948,23.701085],[120.599972,23.701085],[120.599875,23.700076],[120.599854,23.700078],[120.599948,23.701085]]]]}},{"type":"Feature","properties":{"n":"梅南橋","v":"斗六市","w":2.6,"c":2.4,"r":0},"geometry":{"type":"MultiPolygon","coordinates":[[[[120.600061,23.701078],[120.600087,23.701076],[120.599977,23.700061],[120.599959,23.700064],[120.600061,23.701078]]]]}},{"type":"Feature","properties":{"n":"新興路","v":"虎尾鎮","w":1.7,"c":1.7,"r":2},"geometry":{"type":"MultiPolygon","coordinates":[[[[120.436003,23.706801],[120.435979,23.706787],[120.43581,23.707116],[120.435834,23.707131],[120.436003,23.706801]]]]}},{"type":"Feature","properties":{"n":"鎮安路","v":"褒忠鄉","w":1.8,"c":1.5,"r":2},"geometry":{"type":"MultiPolygon","coordinates":[[[[120.279281,23.700148],[120.279305,23.700143],[120.279069,23.699554],[120.278951,23.69934],[120.278836,23.699168],[120.278795,23.699121],[120.278782,23.699131],[120.278833,23.699188],[120.279053,23.699568],[120.279281,23.700148]]]]}},{"type":"Feature","properties":{"n":"鎮安路","v":"褒忠鄉","w":1.5,"c":1.5,"r":2},"geometry":{"type":"MultiPolygon","coordinates":[[[[120.278699,23.69909],[120.278707,23.699072],[120.278018,23.698888],[120.277886,23.698881],[120.2778,23.698903],[120.277741,23.698937],[120.277693,23.698979],[120.277677,23.699063],[120.277674,23.699148],[120.277747,23.699274],[120.277765,23.699259],[120.277696,23.699144],[120.277701,23.69905],[120.277709,23.699001],[120.277741,23.698964],[120.27779,23.69893],[120.277892,23.698903],[120.27802,23.698915],[120.27828,23.698979],[120.278699,23.69909]]]]}},{"type":"Feature","properties":{"n":"雲141-1","v":"口湖鄉","w":1.5,"c":1.5,"r":null},"geometry":{"type":"MultiPolygon","coordinates":[[[[120.187785,23.601126],[120.187788,23.601136],[120.188839,23.60119],[120.188839,23.601181],[120.187785,23.601126]]]]}},{"type":"Feature","properties":{"n":"福安路","v":"口湖鄉","w":3,"c":3,"r":4},"geometry":{"type":"MultiPolygon","coordinates":[[[[120.161874,23.614511],[120.162861,23.614231],[120.162856,23.614231],[120.162845,23.614216],[120.161869,23.614491],[120.161874,23.614511]]]]}},{"type":"Feature","properties":{"n":"南山路","v":"元長鄉","w":2.25,"c":2.25,"r":3},"geometry":{"type":"MultiPolygon","coordinates":[[[[120.312935,23.678989],[120.311066,23.679546],[120.311077,23.679565],[120.31294,23.679009],[120.312935,23.678989]]]]}},{"type":"Feature","properties":{"n":"雲33","v":"二崙鄉","w":2.8,"c":2.8,"r":null},"geometry":{"type":"MultiPolygon","coordinates":[[[[120.418768,23.760795],[120.418806,23.760795],[120.418967,23.759396],[120.418924,23.75944],[120.418768,23.760795]]]]}},{"type":"Feature","properties":{"n":"懷恩堂旁往雲217農路","v":"古坑鄉","w":3,"c":1.5,"r":2},"geometry":{"type":"MultiPolygon","coordinates":[[[[120.603535,23.690694],[120.604688,23.690094],[120.604663,23.690022],[120.604532,23.689915],[120.603776,23.690102],[120.603734,23.690035],[120.603307,23.690106],[120.603345,23.690387],[120.603535,23.690694]]]]}},{"type":"Feature","properties":{"n":"文昌路","v":"斗南鎮","w":1.8,"c":1.8,"r":2},"geometry":{"type":"MultiPolygon","coordinates":[[[[120.47744,23.679898],[120.478508,23.679967],[120.478513,23.67993],[120.477446,23.679864],[120.47744,23.679898]]]]}},{"type":"Feature","properties":{"n":"文昌路","v":"斗南鎮","w":2.3,"c":2.3,"r":2},"geometry":{"type":"MultiPolygon","coordinates":[[[[120.47747,23.679756],[120.478749,23.679849],[120.478765,23.679805],[120.477481,23.679709],[120.47747,23.679756]]]]}},{"type":"Feature","properties":{"n":"饒平路","v":"莿桐鄉","w":560,"c":260,"r":6},"geometry":{"type":"MultiPolygon","coordinates":[[[[120.521164,23.777443],[120.522795,23.776829],[120.522789,23.776829],[120.521164,23.777443]]]]}},{"type":"Feature","properties":{"n":"無名路","v":"莿桐鄉","w":200,"c":200,"r":2},"geometry":{"type":"MultiPolygon","coordinates":[[[[120.522725,23.779149],[120.523948,23.777607],[120.523948,23.777602],[120.522725,23.779149]]]]}},{"type":"Feature","properties":{"n":"草瑞公路往永利飯店","v":"古坑鄉","w":1.5,"c":1.5,"r":null},"geometry":{"type":"MultiPolygon","coordinates":[[[[120.694902,23.583816],[120.694831,23.583857],[120.695134,23.583737],[120.695231,23.583575],[120.694902,23.583816]]]]}},{"type":"Feature","properties":{"n":"10號道路","v":"莿桐鄉","w":1.3,"c":1.3,"r":null},"geometry":{"type":"MultiPolygon","coordinates":[[[[120.508564,23.760855],[120.508585,23.760816],[120.505216,23.758675],[120.505173,23.758705],[120.508564,23.760855]]]]}},{"type":"Feature","properties":{"n":"中山路","v":"斗南鎮","w":4.9,"c":4.9,"r":1},"geometry":{"type":"MultiPolygon","coordinates":[[[[120.477626,23.679125],[120.477589,23.679117],[120.477447,23.679753],[120.477479,23.679758],[120.477626,23.679125]]]]}},{"type":"Feature","properties":{"n":"中山路","v":"斗南鎮","w":5.1,"c":5.1,"r":2},"geometry":{"type":"MultiPolygon","coordinates":[[[[120.477697,23.678734],[120.477726,23.678739],[120.477849,23.678243],[120.47782,23.678235],[120.477697,23.678734]]]]}},{"type":"Feature","properties":{"n":"中山路","v":"斗南鎮","w":1.8,"c":1.8,"r":1},"geometry":{"type":"MultiPolygon","coordinates":[[[[120.477195,23.680653],[120.477227,23.680662],[120.477442,23.679876],[120.47741,23.679862],[120.477195,23.680653]]]]}},{"type":"Feature","properties":{"n":"福德街","v":"斗南鎮","w":3.3,"c":1.3,"r":1},"geometry":{"type":"MultiPolygon","coordinates":[[[[120.478764,23.67982],[120.478799,23.679822],[120.479027,23.678958],[120.478992,23.678953],[120.478764,23.67982]]]]}},{"type":"Feature","properties":{"n":"元北路2巷","v":"元長鄉","w":1.5,"c":1.5,"r":2},"geometry":{"type":"MultiPolygon","coordinates":[[[[120.316143,23.653068],[120.31602,23.653513],[120.316017,23.653712],[120.316116,23.654243],[120.316309,23.654609],[120.316548,23.654923],[120.31657,23.654906],[120.316339,23.654604],[120.316146,23.654235],[120.316057,23.653707],[120.31606,23.653523],[120.316181,23.653088],[120.316143,23.653068]]]]}},{"type":"Feature","properties":{"n":"154乙","v":"古坑鄉","w":1.3,"c":1.3,"r":6},"geometry":{"type":"MultiPolygon","coordinates":[[[[120.552043,23.630621],[120.555122,23.633569],[120.555122,23.63356],[120.552043,23.630621]]]]}},{"type":"Feature","properties":{"n":"虎尾糖鐵綠廊人本環境改善工程","v":"虎尾鎮","w":2,"c":1.5,"r":5},"geometry":{"type":"MultiPolygon","coordinates":[[[[120.427139,23.709942],[120.427678,23.709615],[120.428156,23.709365],[120.429094,23.708856],[120.430285,23.70822],[120.431052,23.707985],[120.430988,23.707948],[120.430242,23.708181],[120.429143,23.70877],[120.427732,23.709537],[120.427123,23.709922],[120.427134,23.709939],[120.427139,23.709942]]]]}},{"type":"Feature","properties":{"n":"港墘路","v":"斗南鎮","w":1,"c":1,"r":5},"geometry":{"type":"MultiPolygon","coordinates":[[[[120.44665,23.676558],[120.446835,23.678088],[120.447197,23.678073],[120.447194,23.678049],[120.446851,23.678064],[120.446668,23.676558],[120.44665,23.676558]]]]}},{"type":"Feature","properties":{"n":"港墘路","v":"斗南鎮","w":4,"c":1.6,"r":7},"geometry":{"type":"MultiPolygon","coordinates":[[[[120.446587,23.677094],[120.446619,23.677094],[120.446434,23.67523],[120.446391,23.675036],[120.446209,23.674817],[120.445439,23.674486],[120.445436,23.67451],[120.446206,23.674854],[120.446372,23.675051],[120.446418,23.675259],[120.446587,23.677092],[120.446587,23.677094]]]]}},{"type":"Feature","properties":{"n":"開元街","v":"麥寮鄉","w":18.7,"c":18.7,"r":null},"geometry":{"type":"MultiPolygon","coordinates":[[[[120.24216,23.796326],[120.242275,23.796581],[120.242482,23.796458],[120.242468,23.796299],[120.242409,23.796326],[120.24216,23.796326]]]]}},{"type":"Feature","properties":{"n":"大溝路","v":"水林鄉","w":1.71,"c":1.56,"r":2},"geometry":{"type":"MultiPolygon","coordinates":[[[[120.21026,23.565613],[120.211569,23.565387],[120.211579,23.565377],[120.21026,23.565613]]]]}},{"type":"Feature","properties":{"n":"中興路32巷","v":"二崙鄉","w":1.6,"c":1.6,"r":2},"geometry":{"type":"MultiPolygon","coordinates":[[[[120.413264,23.771139],[120.413251,23.771178],[120.413806,23.771453],[120.415268,23.771782],[120.415592,23.771524],[120.415573,23.771504],[120.415278,23.77174],[120.413838,23.771419],[120.413264,23.771139]]]]}},{"type":"Feature","properties":{"n":"中山路一段176巷","v":"二崙鄉","w":1.5,"c":1.5,"r":0},"geometry":{"type":"MultiPolygon","coordinates":[[[[120.415268,23.772591],[120.415276,23.772598],[120.415592,23.771933],[120.415579,23.771928],[120.415268,23.772591]]]]}},{"type":"Feature","properties":{"n":"民族路","v":"大埤鄉","w":1.7,"c":1.7,"r":4},"geometry":{"type":"MultiPolygon","coordinates":[[[[120.433378,23.643617],[120.434461,23.642069],[120.434429,23.642059],[120.433329,23.643583],[120.433378,23.643617]]]]}},{"type":"Feature","properties":{"n":"番溝里環湖人行道","v":"北港鎮","w":1.5,"c":1.5,"r":4},"geometry":{"type":"MultiPolygon","coordinates":[[[[120.277931,23.621655],[120.278167,23.621877],[120.278306,23.621709],[120.278585,23.621631],[120.279095,23.620938],[120.279352,23.620446],[120.279427,23.619891],[120.2791,23.619729],[120.278886,23.619773],[120.278784,23.619999],[120.278564,23.62081],[120.278526,23.620987],[120.277915,23.62165],[120.277931,23.621655]]]]}},{"type":"Feature","properties":{"n":"延平路一段","v":"斗南鎮","w":3.4,"c":3.4,"r":2},"geometry":{"type":"MultiPolygon","coordinates":[[[[120.480582,23.696253],[120.480729,23.696435],[120.480751,23.69642],[120.480606,23.696239],[120.480582,23.696253]]]]}},{"type":"Feature","properties":{"n":"延平路二段","v":"斗南鎮","w":2.4,"c":1.9,"r":0},"geometry":{"type":"MultiPolygon","coordinates":[[[[120.47625,23.672323],[120.476228,23.671923],[120.476201,23.671925],[120.476225,23.672323],[120.47625,23.672323]]]]}},{"type":"Feature","properties":{"n":"僑真街","v":"斗南鎮","w":1.6,"c":1.2,"r":2},"geometry":{"type":"MultiPolygon","coordinates":[[[[120.473933,23.668361],[120.473954,23.668381],[120.474086,23.668334],[120.475397,23.668224],[120.475397,23.668197],[120.474083,23.668312],[120.473933,23.668361]]]]}},{"type":"Feature","properties":{"n":"立仁街","v":"虎尾鎮","w":2.5,"c":2.5,"r":2},"geometry":{"type":"MultiPolygon","coordinates":[[[[120.42871,23.706393],[120.427696,23.704964],[120.427648,23.704998],[120.428672,23.706418],[120.42871,23.706393]]]]}},{"type":"Feature","properties":{"n":"自強街","v":"虎尾鎮","w":3.8,"c":3.8,"r":2},"geometry":{"type":"MultiPolygon","coordinates":[[[[120.427634,23.704982],[120.426792,23.705493],[120.426008,23.705945],[120.426057,23.706009],[120.427671,23.705041],[120.427634,23.704982]]]]}},{"type":"Feature","properties":{"n":"復興路","v":"虎尾鎮","w":4.8,"c":2.4,"r":2},"geometry":{"type":"MultiPolygon","coordinates":[[[[120.427553,23.707065],[120.427103,23.706799],[120.426754,23.706564],[120.426062,23.706028],[120.425992,23.705964],[120.425939,23.706009],[120.426395,23.706367],[120.42699,23.706804],[120.427494,23.707109],[120.427553,23.707065]]]]}},{"type":"Feature","properties":{"n":"棋盤村新厝議天宮","v":"古坑鄉","w":12,"c":12,"r":null},"geometry":{"type":"MultiPolygon","coordinates":[[[[120.60569,23.694895],[120.605926,23.6949],[120.605918,23.695124],[120.605778,23.695131],[120.605797,23.695185],[120.605998,23.695131],[120.606014,23.694824],[120.605735,23.694795],[120.60569,23.694895]]]]}},{"type":"Feature","properties":{"n":"棋盤南天宮廣場","v":"古坑鄉","w":17,"c":17,"r":null},"geometry":{"type":"MultiPolygon","coordinates":[[[[120.608117,23.688722],[120.608244,23.688695],[120.608233,23.688609],[120.608388,23.688501],[120.608292,23.68825],[120.608152,23.68828],[120.608233,23.688447],[120.60804,23.688533],[120.608117,23.688722]]]]}},{"type":"Feature","properties":{"n":"棋盤玉天宮廣場","v":"古坑鄉","w":12,"c":12,"r":null},"geometry":{"type":"MultiPolygon","coordinates":[[[[120.60466,23.684931],[120.604783,23.68484],[120.604694,23.684722],[120.604576,23.684833],[120.60466,23.684931]]]]}},{"type":"Feature","properties":{"n":"154乙","v":"古坑鄉","w":2.35,"c":2.35,"r":10},"geometry":{"type":"MultiPolygon","coordinates":[[[[120.557419,23.635584],[120.557767,23.635942],[120.558025,23.636328],[120.558461,23.637048],[120.558496,23.637028],[120.557949,23.636139],[120.557814,23.63594],[120.557451,23.635547],[120.557419,23.635584]]]]}},{"type":"Feature","properties":{"n":"文化路(雲201)","v":"古坑鄉","w":2.9,"c":2,"r":4},"geometry":{"type":"MultiPolygon","coordinates":[[[[120.566309,23.686884],[120.566329,23.686879],[120.567563,23.685187],[120.568148,23.684553],[120.568121,23.684543],[120.567644,23.685054],[120.567585,23.685123],[120.566309,23.686884]]]]}},{"type":"Feature","properties":{"n":"文化路(雲198)","v":"古坑鄉","w":2.9,"c":2,"r":12},"geometry":{"type":"MultiPolygon","coordinates":[[[[120.566972,23.68475],[120.566988,23.684736],[120.565991,23.683871],[120.565975,23.683891],[120.566972,23.68475]]]]}},{"type":"Feature","properties":{"n":"中正路","v":"麥寮鄉","w":5.54,"c":5.43,"r":0},"geometry":{"type":"MultiPolygon","coordinates":[[[[120.255112,23.747861],[120.255133,23.747876],[120.255289,23.748274],[120.255281,23.748303],[120.255211,23.748323],[120.255246,23.748406],[120.255361,23.748389],[120.255525,23.748399],[120.255651,23.748438],[120.255737,23.748544],[120.25583,23.748524],[120.255798,23.748512],[120.255761,23.748455],[120.255718,23.748418],[120.255589,23.748369],[120.255447,23.74835],[120.255364,23.748352],[120.255189,23.7479],[120.255203,23.747851],[120.255112,23.747861]]]]}},{"type":"Feature","properties":{"n":"中勝路","v":"褒忠鄉","w":2.8,"c":1.8,"r":5},"geometry":{"type":"MultiPolygon","coordinates":[[[[120.309702,23.69879],[120.31004,23.70198],[120.310089,23.701975],[120.309726,23.698795],[120.309732,23.698795],[120.309702,23.69879]]]]}},{"type":"Feature","properties":{"n":"民生路","v":"崙背鄉","w":5,"c":2.4,"r":2},"geometry":{"type":"MultiPolygon","coordinates":[[[[120.354484,23.764904],[120.35451,23.764904],[120.354543,23.764],[120.354518,23.76401],[120.354513,23.76402],[120.354484,23.764904]]]]}},{"type":"Feature","properties":{"n":"民權路","v":"崙背鄉","w":1.2,"c":1.2,"r":null},"geometry":{"type":"MultiPolygon","coordinates":[[[[120.351693,23.764201],[120.351703,23.764201],[120.351727,23.763975],[120.351719,23.763975],[120.351717,23.76398],[120.351693,23.764201]]]]}},{"type":"Feature","properties":{"n":"中興路","v":"斗南鎮","w":4.4,"c":3.1,"r":2},"geometry":{"type":"MultiPolygon","coordinates":[[[[120.469396,23.677807],[120.469458,23.677731],[120.469595,23.677701],[120.470139,23.677552],[120.471145,23.677218],[120.47114,23.677181],[120.470126,23.677527],[120.46938,23.677714],[120.469396,23.677807]]]]}},{"type":"Feature","properties":{"n":"明德北路三段","v":"斗六市","w":7.6,"c":4.8,"r":2},"geometry":{"type":"MultiPolygon","coordinates":[[[[120.531636,23.710945],[120.531582,23.710938],[120.531507,23.710805],[120.531539,23.710677],[120.531411,23.71079],[120.531593,23.711073],[120.53166,23.710977],[120.531639,23.710945],[120.531636,23.710945]]]]}},{"type":"Feature","properties":{"n":"明德北路三段","v":"斗六市","w":7.6,"c":4.8,"r":3},"geometry":{"type":"MultiPolygon","coordinates":[[[[120.531297,23.711504],[120.531407,23.711329],[120.531404,23.711307],[120.531385,23.711263],[120.531289,23.711143],[120.531187,23.711064],[120.531144,23.711101],[120.531071,23.71128],[120.531205,23.711175],[120.531227,23.711189],[120.53134,23.711317],[120.531356,23.711349],[120.531216,23.711452],[120.531297,23.711504]]]]}},{"type":"Feature","properties":{"n":"中興路","v":"斗南鎮","w":2.8,"c":1.9,"r":2},"geometry":{"type":"MultiPolygon","coordinates":[[[[120.469357,23.677602],[120.469362,23.677629],[120.469859,23.677507],[120.469851,23.677485],[120.469357,23.677602]]]]}},{"type":"Feature","properties":{"n":"中興路","v":"斗南鎮","w":4.1,"c":2.9,"r":4},"geometry":{"type":"MultiPolygon","coordinates":[[[[120.46991,23.677465],[120.469918,23.677485],[120.470835,23.67719],[120.470824,23.67717],[120.46991,23.677465]]]]}},{"type":"Feature","properties":{"n":"中興路","v":"斗南鎮","w":3.2,"c":2.1,"r":2},"geometry":{"type":"MultiPolygon","coordinates":[[[[120.470937,23.677148],[120.470942,23.677168],[120.472138,23.67674],[120.472133,23.676721],[120.470937,23.677148]]]]}},{"type":"Feature","properties":{"n":"中興路","v":"斗南鎮","w":3.5,"c":2.3,"r":2},"geometry":{"type":"MultiPolygon","coordinates":[[[[120.472179,23.676703],[120.472189,23.676725],[120.473584,23.676153],[120.473571,23.676133],[120.472179,23.676703]]]]}},{"type":"Feature","properties":{"n":"長安路一段","v":"斗南鎮","w":3.5,"c":3.5,"r":null},"geometry":{"type":"MultiPolygon","coordinates":[[[[120.473573,23.676136],[120.473608,23.676136],[120.473614,23.675981],[120.473579,23.675979],[120.473573,23.676136]]]]}},{"type":"Feature","properties":{"n":"中正路","v":"斗南鎮","w":1.5,"c":1.5,"r":null},"geometry":{"type":"MultiPolygon","coordinates":[[[[120.47386,23.67576],[120.473858,23.675797],[120.473933,23.675826],[120.47411,23.675858],[120.474475,23.675861],[120.474485,23.675821],[120.474319,23.675834],[120.474083,23.675826],[120.47393,23.675797],[120.47386,23.67576]]]]}},{"type":"Feature","properties":{"n":"中正路","v":"斗南鎮","w":2.5,"c":2.5,"r":0},"geometry":{"type":"MultiPolygon","coordinates":[[[[120.473846,23.67628],[120.473849,23.676172],[120.474272,23.675971],[120.474466,23.675971],[120.474463,23.675939],[120.474267,23.675951],[120.473819,23.676155],[120.473819,23.67628],[120.473846,23.67628]]]]}},{"type":"Feature","properties":{"n":"信義路","v":"斗南鎮","w":3.1,"c":1.9,"r":2},"geometry":{"type":"MultiPolygon","coordinates":[[[[120.4834,23.67506],[120.482297,23.673579],[120.482284,23.673596],[120.483384,23.67507],[120.4834,23.67506]]]]}},{"type":"Feature","properties":{"n":"信義路","v":"斗南鎮","w":3.7,"c":2.5,"r":2},"geometry":{"type":"MultiPolygon","coordinates":[[[[120.482198,23.673461],[120.481635,23.672685],[120.481249,23.672193],[120.481141,23.671989],[120.481123,23.672004],[120.48123,23.672196],[120.481654,23.672751],[120.482185,23.673473],[120.482198,23.673461]]]]}},{"type":"Feature","properties":{"n":"信義路","v":"斗南鎮","w":3.4,"c":2.2,"r":1},"geometry":{"type":"MultiPolygon","coordinates":[[[[120.481112,23.671865],[120.481077,23.671745],[120.480868,23.67031],[120.480849,23.670313],[120.481058,23.671735],[120.481098,23.671878],[120.481112,23.671865]]]]}},{"type":"Feature","properties":{"n":"信義路","v":"斗南鎮","w":2.3,"c":1.3,"r":null},"geometry":{"type":"MultiPolygon","coordinates":[[[[120.480869,23.6703],[120.480754,23.669529],[120.480743,23.669529],[120.480855,23.670303],[120.480869,23.6703]]]]}},{"type":"Feature","properties":{"n":"明德北路三段","v":"斗六市","w":8,"c":5.5,"r":2},"geometry":{"type":"MultiPolygon","coordinates":[[[[120.532772,23.713274],[120.53278,23.713264],[120.532783,23.713249],[120.532769,23.713222],[120.532573,23.712965],[120.532557,23.71297],[120.532541,23.712982],[120.532772,23.713274]]]]}},{"type":"Feature","properties":{"n":"明德北路三段","v":"斗六市","w":3.6,"c":1.4,"r":4},"geometry":{"type":"MultiPolygon","coordinates":[[[[120.532492,23.712956],[120.53253,23.712934],[120.532532,23.712897],[120.532291,23.712593],[120.532087,23.712315],[120.532006,23.71222],[120.53177,23.711871],[120.531545,23.711549],[120.531489,23.711505],[120.531432,23.711507],[120.531419,23.711515],[120.532492,23.712956]]]]}},{"type":"Feature","properties":{"n":"明德北路二段","v":"斗六市","w":7.85,"c":5.45,"r":2},"geometry":{"type":"MultiPolygon","coordinates":[[[[120.534048,23.714506],[120.534083,23.714477],[120.534086,23.714447],[120.534073,23.71443],[120.533638,23.714086],[120.533606,23.714094],[120.533574,23.714116],[120.534048,23.714506]]]]}},{"type":"Feature","properties":{"n":"明德北路二段","v":"斗六市","w":4.8,"c":2,"r":2},"geometry":{"type":"MultiPolygon","coordinates":[[[[120.534553,23.714847],[120.534553,23.714803],[120.534183,23.71454],[120.534209,23.714504],[120.534137,23.714494],[120.534105,23.714531],[120.534094,23.714536],[120.534553,23.714847]]]]}},{"type":"Feature","properties":{"n":"明德北路三段","v":"斗六市","w":8.2,"c":5.4,"r":2},"geometry":{"type":"MultiPolygon","coordinates":[[[[120.530588,23.709249],[120.530363,23.70878],[120.530336,23.708819],[120.530336,23.708834],[120.530467,23.709136],[120.530529,23.709244],[120.530551,23.709246],[120.530588,23.709249]]]]}},{"type":"Feature","properties":{"n":"大學路一段","v":"斗六市","w":8,"c":3,"r":2},"geometry":{"type":"MultiPolygon","coordinates":[[[[120.556986,23.711878],[120.557069,23.711918],[120.556943,23.710825],[120.556854,23.710795],[120.556986,23.711878]]]]}},{"type":"Feature","properties":{"n":"大學路一段","v":"斗六市","w":7.7,"c":4.7,"r":3},"geometry":{"type":"MultiPolygon","coordinates":[[[[120.557063,23.712595],[120.557144,23.712635],[120.55716,23.712598],[120.557106,23.712566],[120.557047,23.711962],[120.556991,23.71194],[120.557063,23.712595]]]]}},{"type":"Feature","properties":{"n":"大學路一段","v":"斗六市","w":8,"c":6,"r":3},"geometry":{"type":"MultiPolygon","coordinates":[[[[120.556658,23.712473],[120.556602,23.712446],[120.556575,23.712487],[120.556642,23.712509],[120.556677,23.712495],[120.556717,23.712463],[120.556632,23.711753],[120.556578,23.711726],[120.556594,23.711903],[120.556658,23.712473]]]]}},{"type":"Feature","properties":{"n":"大學路一段","v":"斗六市","w":8.4,"c":6.4,"r":2},"geometry":{"type":"MultiPolygon","coordinates":[[[[120.556573,23.711657],[120.556632,23.711655],[120.556505,23.710687],[120.556438,23.710643],[120.556573,23.711657]]]]}},{"type":"Feature","properties":{"n":"大學路一段","v":"斗六市","w":8.2,"c":3.3,"r":2},"geometry":{"type":"MultiPolygon","coordinates":[[[[120.55623,23.709567],[120.556295,23.70958],[120.556174,23.709074],[120.556152,23.709079],[120.556136,23.709093],[120.556128,23.709125],[120.55623,23.709567]]]]}},{"type":"Feature","properties":{"n":"明德北路二段","v":"斗六市","w":8,"c":8,"r":1},"geometry":{"type":"MultiPolygon","coordinates":[[[[120.534145,23.71458],[120.534207,23.714509],[120.534177,23.714494],[120.534137,23.714496],[120.534113,23.714509],[120.534094,23.714536],[120.534145,23.71458]]]]}},{"type":"Feature","properties":{"n":"明德北路二段","v":"斗六市","w":7.8,"c":7.8,"r":1},"geometry":{"type":"MultiPolygon","coordinates":[[[[120.535465,23.715488],[120.535497,23.715444],[120.535508,23.715422],[120.535508,23.7154],[120.53546,23.715353],[120.535452,23.715353],[120.535403,23.715403],[120.535465,23.715488]]]]}},{"type":"Feature","properties":{"n":"明德北路二段","v":"斗六市","w":3.9,"c":1.1,"r":2},"geometry":{"type":"MultiPolygon","coordinates":[[[[120.538515,23.717288],[120.538711,23.717382],[120.538729,23.717377],[120.538748,23.717347],[120.538695,23.717313],[120.538166,23.717053],[120.537893,23.716895],[120.536562,23.716043],[120.536125,23.715753],[120.535884,23.715601],[120.535811,23.715547],[120.535755,23.715535],[120.535749,23.715542],[120.535731,23.71555],[120.535723,23.715562],[120.535728,23.715582],[120.535757,23.715601],[120.536484,23.716046],[120.537884,23.716967],[120.538281,23.717183],[120.538534,23.717298],[120.538515,23.717288]]]]}},{"type":"Feature","properties":{"n":"明德北路二段","v":"斗六市","w":8,"c":3.1,"r":2},"geometry":{"type":"MultiPolygon","coordinates":[[[[120.541659,23.717988],[120.541702,23.717951],[120.541495,23.717919],[120.541482,23.717951],[120.541659,23.717988]]]]}},{"type":"Feature","properties":{"n":"明德北路二段","v":"斗六市","w":8.4,"c":5.7,"r":3},"geometry":{"type":"MultiPolygon","coordinates":[[[[120.536689,23.715799],[120.536719,23.715774],[120.536215,23.715443],[120.536185,23.71548],[120.536689,23.715799]]]]}},{"type":"Feature","properties":{"n":"明德北路一段","v":"斗六市","w":4.3,"c":2.1,"r":3},"geometry":{"type":"MultiPolygon","coordinates":[[[[120.551056,23.717531],[120.551683,23.717217],[120.551659,23.717188],[120.551056,23.717492],[120.551056,23.717531]]]]}},{"type":"Feature","properties":{"n":"明德北路一段","v":"斗六市","w":7.8,"c":5.89,"r":2},"geometry":{"type":"MultiPolygon","coordinates":[[[[120.549247,23.718208],[120.549891,23.71798],[120.549859,23.717953],[120.549194,23.718184],[120.549218,23.718204],[120.549247,23.718208]]]]}},{"type":"Feature","properties":{"n":"明德北路一段","v":"斗六市","w":8.4,"c":6.2,"r":3},"geometry":{"type":"MultiPolygon","coordinates":[[[[120.54462,23.718346],[120.545267,23.718381],[120.545283,23.718346],[120.544612,23.718309],[120.54462,23.718346]]]]}},{"type":"Feature","properties":{"n":"明德北路一段","v":"斗六市","w":8.4,"c":8.4,"r":2},"geometry":{"type":"MultiPolygon","coordinates":[[[[120.545344,23.718347],[120.545333,23.718379],[120.545344,23.718396],[120.545406,23.718391],[120.545422,23.718384],[120.545427,23.718369],[120.545425,23.718337],[120.545344,23.718347]]]]}},{"type":"Feature","properties":{"n":"明德北路一段","v":"斗六市","w":8.1,"c":5.5,"r":7},"geometry":{"type":"MultiPolygon","coordinates":[[[[120.545508,23.718342],[120.545505,23.718386],[120.545897,23.718396],[120.547026,23.71833],[120.54768,23.718256],[120.548193,23.718153],[120.548225,23.718126],[120.54823,23.718101],[120.548222,23.718094],[120.547672,23.718204],[120.547029,23.718285],[120.545926,23.718357],[120.545526,23.718352],[120.545508,23.718342]]]]}},{"type":"Feature","properties":{"n":"中央路","v":"台西鄉","w":3.6,"c":3.6,"r":4},"geometry":{"type":"MultiPolygon","coordinates":[[[[120.193316,23.719071],[120.183273,23.720239],[120.183273,23.720298],[120.193326,23.71911],[120.193316,23.719071]]]]}},{"type":"Feature","properties":{"n":"僑真街","v":"斗南鎮","w":1.5,"c":1.5,"r":null},"geometry":{"type":"MultiPolygon","coordinates":[[[[120.47294,23.669586],[120.47294,23.669552],[120.473299,23.669154],[120.473283,23.669134],[120.472932,23.669537],[120.472927,23.669556],[120.47294,23.669586]]]]}},{"type":"Feature","properties":{"n":"僑真街","v":"斗南鎮","w":2.3,"c":2.3,"r":8},"geometry":{"type":"MultiPolygon","coordinates":[[[[120.473396,23.66907],[120.473908,23.668532],[120.474018,23.668436],[120.474112,23.668404],[120.47544,23.668311],[120.475432,23.668284],[120.474128,23.668382],[120.474015,23.668417],[120.473857,23.668549],[120.473377,23.669058],[120.473396,23.66907]]]]}},{"type":"Feature","properties":{"n":"文安路","v":"斗南鎮","w":1.3,"c":1.3,"r":null},"geometry":{"type":"MultiPolygon","coordinates":[[[[120.481779,23.692483],[120.481779,23.692498],[120.482592,23.692498],[120.482589,23.692483],[120.481779,23.692483]]]]}},{"type":"Feature","properties":{"n":"光興路","v":"斗南鎮","w":2,"c":2,"r":0},"geometry":{"type":"MultiPolygon","coordinates":[[[[120.480554,23.689194],[120.480554,23.689214],[120.482479,23.689339],[120.48355,23.68943],[120.484156,23.689454],[120.484188,23.6894],[120.484148,23.689432],[120.483555,23.68941],[120.482683,23.689336],[120.480554,23.689194]]]]}},{"type":"Feature","properties":{"n":"中正路","v":"莿桐鄉","w":1.7,"c":1.7,"r":null},"geometry":{"type":"MultiPolygon","coordinates":[[[[120.503759,23.756476],[120.503794,23.756535],[120.506198,23.754716],[120.506125,23.754691],[120.504124,23.756223],[120.503759,23.756476]]]]}},{"type":"Feature","properties":{"n":"裕民路","v":"二崙鄉","w":1.8,"c":1.3,"r":4},"geometry":{"type":"MultiPolygon","coordinates":[[[[120.409855,23.771225],[120.4117,23.774072],[120.411721,23.774092],[120.409855,23.771225]]]]}},{"type":"Feature","properties":{"n":"中正路","v":"大埤鄉","w":5,"c":3.2,"r":2},"geometry":{"type":"MultiPolygon","coordinates":[[[[120.430853,23.644893],[120.431429,23.644686],[120.431665,23.644713],[120.432215,23.645087],[120.432258,23.645053],[120.431692,23.644677],[120.431435,23.644647],[120.430853,23.644861],[120.430853,23.644893]]]]}},{"type":"Feature","properties":{"n":"寶隆公園","v":"林內鄉","w":4.5,"c":3,"r":5},"geometry":{"type":"MultiPolygon","coordinates":[[[[120.613137,23.764566],[120.613765,23.763565],[120.61451,23.762745],[120.613105,23.761566],[120.61304,23.761616],[120.614403,23.762755],[120.61369,23.76353],[120.613051,23.764537],[120.613137,23.764566]]]]}},{"type":"Feature","properties":{"n":"學府一路","v":"虎尾鎮","w":3,"c":2,"r":2},"geometry":{"type":"MultiPolygon","coordinates":[[[[120.416461,23.738594],[120.41513,23.738996],[120.415235,23.739033],[120.41642,23.738672],[120.416458,23.738598],[120.416461,23.738594]]]]}},{"type":"Feature","properties":{"n":"學府一路","v":"虎尾鎮","w":3,"c":2,"r":2},"geometry":{"type":"MultiPolygon","coordinates":[[[[120.413471,23.739318],[120.414786,23.738871],[120.414582,23.738788],[120.413547,23.739156],[120.413471,23.739318]]]]}},{"type":"Feature","properties":{"n":"永興南五街","v":"虎尾鎮","w":1.2,"c":1.2,"r":2},"geometry":{"type":"MultiPolygon","coordinates":[[[[120.41799,23.727358],[120.418102,23.727284],[120.418118,23.726425],[120.418011,23.726331],[120.41799,23.727358]]]]}},{"type":"Feature","properties":{"n":"大展路","v":"斗南鎮","w":2.6,"c":1.4,"r":2},"geometry":{"type":"MultiPolygon","coordinates":[[[[120.476759,23.693072],[120.476815,23.693143],[120.47696,23.691915],[120.476898,23.691903],[120.476762,23.69306],[120.476759,23.693072]]]]}},{"type":"Feature","properties":{"n":"大展路","v":"斗南鎮","w":4.5,"c":3.4,"r":2},"geometry":{"type":"MultiPolygon","coordinates":[[[[120.476595,23.693086],[120.476654,23.693059],[120.476673,23.692981],[120.476815,23.691893],[120.476764,23.691885],[120.476627,23.692976],[120.476595,23.693086]]]]}},{"type":"Feature","properties":{"n":"大展路","v":"斗南鎮","w":5.2,"c":3.7,"r":2},"geometry":{"type":"MultiPolygon","coordinates":[[[[120.476766,23.691735],[120.476761,23.691784],[120.476842,23.691745],[120.477011,23.690505],[120.476935,23.6905],[120.476769,23.691748],[120.476766,23.691735]]]]}},{"type":"Feature","properties":{"n":"大展路","v":"斗南鎮","w":2.6,"c":1.4,"r":2},"geometry":{"type":"MultiPolygon","coordinates":[[[[120.476906,23.691784],[120.476981,23.691794],[120.477129,23.690524],[120.47707,23.690517],[120.476917,23.691726],[120.476906,23.691784]]]]}},{"type":"Feature","properties":{"n":"大展路","v":"斗南鎮","w":4.4,"c":3.3,"r":2},"geometry":{"type":"MultiPolygon","coordinates":[[[[120.476935,23.6904],[120.477008,23.690407],[120.477169,23.68911],[120.477094,23.689125],[120.476935,23.6904]]]]}},{"type":"Feature","properties":{"n":"大展路","v":"斗南鎮","w":4.5,"c":3.4,"r":2},"geometry":{"type":"MultiPolygon","coordinates":[[[[120.480413,23.685896],[120.480279,23.685889],[120.479673,23.685893],[120.479088,23.685935],[120.478723,23.686029],[120.478221,23.686259],[120.477929,23.686493],[120.477749,23.686687],[120.47758,23.686969],[120.47746,23.687286],[120.477468,23.687328],[120.47754,23.68734],[120.477556,23.687247],[120.477656,23.686996],[120.477819,23.686733],[120.477977,23.686549],[120.478262,23.686316],[120.478541,23.686164],[120.478753,23.68608],[120.479099,23.686004],[120.479399,23.685984],[120.480013,23.685965],[120.480399,23.685972],[120.480413,23.685896]]]]}},{"type":"Feature","properties":{"n":"大展路","v":"斗南鎮","w":2.5,"c":1.3,"r":1},"geometry":{"type":"MultiPolygon","coordinates":[[[[120.477251,23.687863],[120.477323,23.687876],[120.477326,23.687871],[120.477395,23.687367],[120.477489,23.687065],[120.477728,23.686621],[120.478039,23.686328],[120.478275,23.686171],[120.478626,23.685994],[120.479013,23.685901],[120.479329,23.685871],[120.479702,23.685859],[120.480418,23.685847],[120.480434,23.685776],[120.480375,23.685771],[120.479431,23.685803],[120.478999,23.685832],[120.478613,23.685925],[120.478337,23.686051],[120.478149,23.686164],[120.478007,23.686262],[120.477798,23.686453],[120.477666,23.686591],[120.477559,23.68677],[120.477409,23.68705],[120.47732,23.687345],[120.477277,23.687657],[120.477251,23.687863]]]]}},{"type":"Feature","properties":{"n":"大展路","v":"斗南鎮","w":2.5,"c":1.3,"r":2},"geometry":{"type":"MultiPolygon","coordinates":[[[[120.47711,23.689005],[120.477188,23.689015],[120.477325,23.687929],[120.477244,23.687922],[120.47711,23.688995],[120.477137,23.688799],[120.47711,23.689005]]]]}},{"type":"Feature","properties":{"n":"大展路","v":"斗南鎮","w":4.5,"c":3.4,"r":1},"geometry":{"type":"MultiPolygon","coordinates":[[[[120.477371,23.687928],[120.477253,23.689009],[120.477328,23.689009],[120.477443,23.687935],[120.477371,23.687928]]]]}},{"type":"Feature","properties":{"n":"新光一街","v":"斗南鎮","w":5.2,"c":3.8,"r":1},"geometry":{"type":"MultiPolygon","coordinates":[[[[120.477005,23.691798],[120.477002,23.691864],[120.477732,23.691943],[120.477748,23.691886],[120.477005,23.691798]]]]}},{"type":"Feature","properties":{"n":"東科九街","v":"斗南鎮","w":7.4,"c":5.9,"r":1},"geometry":{"type":"MultiPolygon","coordinates":[[[[120.474194,23.68635],[120.474256,23.686357],[120.474328,23.685736],[120.474277,23.685736],[120.474194,23.68635]]]]}},{"type":"Feature","properties":{"n":"東科一街","v":"斗南鎮","w":3.9,"c":3.9,"r":1},"geometry":{"type":"MultiPolygon","coordinates":[[[[120.473049,23.690211],[120.473017,23.690172],[120.473011,23.690228],[120.473875,23.690995],[120.473926,23.690965],[120.473049,23.690211]]]]}},{"type":"Feature","properties":{"n":"興業路","v":"斗南鎮","w":1.6,"c":1.6,"r":1},"geometry":{"type":"MultiPolygon","coordinates":[[[[120.479947,23.690781],[120.479902,23.690742],[120.477142,23.690484],[120.477158,23.690535],[120.479229,23.69071],[120.479947,23.690781]]]]}},{"type":"Feature","properties":{"n":"興業路","v":"斗南鎮","w":1.6,"c":1.6,"r":1},"geometry":{"type":"MultiPolygon","coordinates":[[[[120.478936,23.690582],[120.478933,23.690621],[120.479955,23.690705],[120.479958,23.690663],[120.478936,23.690582]]]]}},{"type":"Feature","properties":{"n":"興業路","v":"斗南鎮","w":1.6,"c":1.6,"r":1},"geometry":{"type":"MultiPolygon","coordinates":[[[[120.477689,23.690469],[120.477683,23.690513],[120.478882,23.690621],[120.478888,23.69057],[120.477689,23.690469]]]]}},{"type":"Feature","properties":{"n":"興業路","v":"斗南鎮","w":1.4,"c":1.4,"r":2},"geometry":{"type":"MultiPolygon","coordinates":[[[[120.47715,23.690454],[120.477598,23.690504],[120.477598,23.690459],[120.477155,23.690408],[120.47715,23.690454]]]]}},{"type":"Feature","properties":{"n":"興業路","v":"斗南鎮","w":1.6,"c":1.6,"r":2},"geometry":{"type":"MultiPolygon","coordinates":[[[[120.47263,23.689885],[120.472657,23.689944],[120.473751,23.690086],[120.473738,23.690037],[120.47263,23.689885]]]]}},{"type":"Feature","properties":{"n":"興業路","v":"斗南鎮","w":1.6,"c":1.6,"r":2},"geometry":{"type":"MultiPolygon","coordinates":[[[[120.473065,23.690081],[120.476908,23.690553],[120.47693,23.690479],[120.473142,23.690054],[120.473065,23.690081]]]]}},{"type":"Feature","properties":{"n":"興業路","v":"斗南鎮","w":1.7,"c":1.7,"r":2},"geometry":{"type":"MultiPolygon","coordinates":[[[[120.473888,23.690106],[120.476932,23.690462],[120.476935,23.690413],[120.473893,23.690047],[120.473888,23.690106]]]]}},{"type":"Feature","properties":{"n":"延平路一段","v":"斗南鎮","w":3.9,"c":3.9,"r":0},"geometry":{"type":"MultiPolygon","coordinates":[[[[120.479762,23.693514],[120.479826,23.693522],[120.479847,23.69304],[120.479786,23.693085],[120.479762,23.693514]]]]}},{"type":"Feature","properties":{"n":"大展路","v":"斗南鎮","w":2.5,"c":1.3,"r":2},"geometry":{"type":"MultiPolygon","coordinates":[[[[120.477108,23.690399],[120.477167,23.690399],[120.477347,23.689112],[120.477275,23.689164],[120.477108,23.690399]]]]}},{"type":"Feature","properties":{"n":"虎興東一街","v":"虎尾鎮","w":1.2,"c":1.2,"r":1},"geometry":{"type":"MultiPolygon","coordinates":[[[[120.412254,23.72484],[120.412203,23.724933],[120.414317,23.724998],[120.414237,23.724926],[120.412254,23.72484]]]]}},{"type":"Feature","properties":{"n":"虎興南路","v":"虎尾鎮","w":2,"c":1,"r":0},"geometry":{"type":"MultiPolygon","coordinates":[[[[120.414289,23.723906],[120.41426,23.724913],[120.414343,23.724992],[120.414386,23.724005],[120.414289,23.723906]]]]}},{"type":"Feature","properties":{"n":"虎興東一街","v":"虎尾鎮","w":1.1,"c":1.1,"r":2},"geometry":{"type":"MultiPolygon","coordinates":[[[[120.414304,23.725111],[120.413194,23.725086],[120.412336,23.725057],[120.412427,23.72513],[120.414239,23.725205],[120.414304,23.725111]]]]}},{"type":"Feature","properties":{"n":"永興南一街","v":"虎尾鎮","w":1.3,"c":1.3,"r":1},"geometry":{"type":"MultiPolygon","coordinates":[[[[120.414312,23.72602],[120.414323,23.725166],[120.414221,23.725259],[120.414216,23.725937],[120.414312,23.72602]]]]}},{"type":"Feature","properties":{"n":"虎興東二路","v":"虎尾鎮","w":1.9,"c":1.1,"r":1},"geometry":{"type":"MultiPolygon","coordinates":[[[[120.412643,23.726028],[120.414247,23.726087],[120.414171,23.725993],[120.412675,23.725939],[120.412643,23.726028]]]]}},{"type":"Feature","properties":{"n":"永興南一街","v":"虎尾鎮","w":1.2,"c":1.2,"r":0},"geometry":{"type":"MultiPolygon","coordinates":[[[[120.414435,23.724993],[120.414513,23.724956],[120.414569,23.72403],[120.414483,23.723981],[120.414435,23.724993]]]]}},{"type":"Feature","properties":{"n":"虎興南路","v":"虎尾鎮","w":1.9,"c":1.1,"r":2},"geometry":{"type":"MultiPolygon","coordinates":[[[[120.414559,23.723958],[120.414639,23.724047],[120.416082,23.724086],[120.416168,23.723988],[120.414559,23.723958]]]]}},{"type":"Feature","properties":{"n":"永興南三街","v":"虎尾鎮","w":1.2,"c":1.2,"r":0},"geometry":{"type":"MultiPolygon","coordinates":[[[[120.416212,23.724056],[120.416116,23.724137],[120.41607,23.725029],[120.416172,23.725073],[120.416212,23.724056]]]]}},{"type":"Feature","properties":{"n":"學府一路","v":"虎尾鎮","w":3.1,"c":2.1,"r":2},"geometry":{"type":"MultiPolygon","coordinates":[[[[120.412601,23.739868],[120.412705,23.739883],[120.413338,23.739677],[120.413387,23.739596],[120.412601,23.739868]]]]}},{"type":"Feature","properties":{"n":"虎興東一街","v":"虎尾鎮","w":1.2,"c":1.2,"r":2},"geometry":{"type":"MultiPolygon","coordinates":[[[[120.414463,23.725033],[120.416105,23.725077],[120.416014,23.724999],[120.414565,23.724969],[120.414463,23.725033]]]]}},{"type":"Feature","properties":{"n":"虎興東一街","v":"虎尾鎮","w":1.2,"c":1.2,"r":2},"geometry":{"type":"MultiPolygon","coordinates":[[[[120.414447,23.725112],[120.414538,23.72521],[120.416057,23.725259],[120.416137,23.725156],[120.414447,23.725112]]]]}},{"type":"Feature","properties":{"n":"虎興東二路","v":"虎尾鎮","w":1.9,"c":1,"r":0},"geometry":{"type":"MultiPolygon","coordinates":[[[[120.414423,23.726087],[120.416135,23.726117],[120.416049,23.726013],[120.414557,23.725989],[120.414423,23.726087]]]]}},{"type":"Feature","properties":{"n":"虎興南路","v":"虎尾鎮","w":1.9,"c":1.1,"r":2},"geometry":{"type":"MultiPolygon","coordinates":[[[[120.417957,23.724055],[120.416328,23.724059],[120.416394,23.72414],[120.417848,23.72414],[120.417957,23.724055]]]]}},{"type":"Feature","properties":{"n":"虎興東一街","v":"虎尾鎮","w":1.2,"c":0.8,"r":0},"geometry":{"type":"MultiPolygon","coordinates":[[[[120.416334,23.725076],[120.417986,23.725106],[120.417905,23.725008],[120.416414,23.725003],[120.416334,23.725076]]]]}},{"type":"Feature","properties":{"n":"永興南三街","v":"虎尾鎮","w":1.2,"c":1.2,"r":2},"geometry":{"type":"MultiPolygon","coordinates":[[[[120.416253,23.725042],[120.416334,23.724983],[120.416366,23.724163],[120.416291,23.724074],[120.416253,23.725042]]]]}},{"type":"Feature","properties":{"n":"虎興東一街","v":"虎尾鎮","w":1.2,"c":1.2,"r":2},"geometry":{"type":"MultiPolygon","coordinates":[[[[120.41794,23.7252],[120.416291,23.725163],[120.416382,23.725257],[120.417806,23.725298],[120.41794,23.7252]]]]}},{"type":"Feature","properties":{"n":"虎興南路","v":"虎尾鎮","w":1.9,"c":0.9,"r":1},"geometry":{"type":"MultiPolygon","coordinates":[[[[120.413874,23.723433],[120.414399,23.72399],[120.414402,23.72387],[120.413887,23.723347],[120.413793,23.723352],[120.413874,23.723433]]]]}},{"type":"Feature","properties":{"n":"大隆路","v":"虎尾鎮","w":3,"c":2.1,"r":2},"geometry":{"type":"MultiPolygon","coordinates":[[[[120.414888,23.734479],[120.414757,23.73442],[120.413504,23.734825],[120.41348,23.734926],[120.414888,23.734479]]]]}},{"type":"Feature","properties":{"n":"大隆路","v":"虎尾鎮","w":3,"c":2.1,"r":2},"geometry":{"type":"MultiPolygon","coordinates":[[[[120.411028,23.735706],[120.411793,23.735461],[120.411696,23.735402],[120.411071,23.735584],[120.411028,23.735706]]]]}},{"type":"Feature","properties":{"n":"永興南三街","v":"虎尾鎮","w":1.2,"c":0.6,"r":2},"geometry":{"type":"MultiPolygon","coordinates":[[[[120.416239,23.725217],[120.416218,23.726137],[120.416314,23.726086],[120.416344,23.725278],[120.416239,23.725217]]]]}},{"type":"Feature","properties":{"n":"虎興東二路","v":"虎尾鎮","w":1.5,"c":1,"r":2},"geometry":{"type":"MultiPolygon","coordinates":[[[[120.41636,23.726135],[120.417924,23.726171],[120.417873,23.726075],[120.416417,23.72606],[120.41636,23.726135]]]]}},{"type":"Feature","properties":{"n":"虎興東二路","v":"虎尾鎮","w":1.5,"c":1,"r":2},"geometry":{"type":"MultiPolygon","coordinates":[[[[120.416256,23.726253],[120.416422,23.726356],[120.417812,23.726376],[120.417935,23.726277],[120.416256,23.726253]]]]}},{"type":"Feature","properties":{"n":"永興南三街","v":"虎尾鎮","w":2.1,"c":1.1,"r":2},"geometry":{"type":"MultiPolygon","coordinates":[[[[120.416198,23.727338],[120.416349,23.727171],[120.416381,23.72639],[120.41622,23.726263],[120.416198,23.727338]]]]}},{"type":"Feature","properties":{"n":"虎興東三街","v":"虎尾鎮","w":1.1,"c":0.6,"r":2},"geometry":{"type":"MultiPolygon","coordinates":[[[[120.416252,23.727358],[120.417915,23.727387],[120.417781,23.727235],[120.416408,23.72722],[120.416252,23.727358]]]]}},{"type":"Feature","properties":{"n":"永興南五街","v":"虎尾鎮","w":3,"c":2,"r":2},"geometry":{"type":"MultiPolygon","coordinates":[[[[120.417872,23.728445],[120.417899,23.727453],[120.417746,23.727552],[120.417722,23.728362],[120.417872,23.728445]]]]}},{"type":"Feature","properties":{"n":"永興南三街","v":"虎尾鎮","w":1.9,"c":1,"r":2},"geometry":{"type":"MultiPolygon","coordinates":[[[[120.416161,23.728691],[120.416311,23.728568],[120.416356,23.727564],[120.416209,23.727453],[120.416161,23.728691]]]]}},{"type":"Feature","properties":{"n":"虎興東三街","v":"虎尾鎮","w":1.1,"c":0.6,"r":2},"geometry":{"type":"MultiPolygon","coordinates":[[[[120.416271,23.727411],[120.416424,23.727526],[120.417692,23.727529],[120.417794,23.727421],[120.416271,23.727411]]]]}},{"type":"Feature","properties":{"n":"永興南三街","v":"虎尾鎮","w":1.9,"c":1,"r":2},"geometry":{"type":"MultiPolygon","coordinates":[[[[120.416031,23.728764],[120.416101,23.72622],[120.415913,23.726333],[120.415881,23.728612],[120.416031,23.728764]]]]}},{"type":"Feature","properties":{"n":"永興南三街","v":"虎尾鎮","w":1.9,"c":1,"r":2},"geometry":{"type":"MultiPolygon","coordinates":[[[[120.416031,23.728764],[120.416101,23.72622],[120.415913,23.726333],[120.415881,23.728612],[120.416031,23.728764]]]]}},{"type":"Feature","properties":{"n":"虎興東三街","v":"虎尾鎮","w":191.2,"c":0.6,"r":2},"geometry":{"type":"MultiPolygon","coordinates":[[[[120.418085,23.72737],[120.419786,23.727404],[120.419721,23.727306],[120.418198,23.727271],[120.418085,23.72737]]]]}},{"type":"Feature","properties":{"n":"虎興東三街","v":"虎尾鎮","w":1.2,"c":0.9,"r":2},"geometry":{"type":"MultiPolygon","coordinates":[[[[120.418042,23.727443],[120.418208,23.727542],[120.419625,23.727581],[120.419775,23.727492],[120.418042,23.727443]]]]}},{"type":"Feature","properties":{"n":"永興南七路","v":"虎尾鎮","w":2.1,"c":0.6,"r":2},"geometry":{"type":"MultiPolygon","coordinates":[[[[120.419946,23.72737],[120.419984,23.726392],[120.419871,23.72649],[120.41985,23.727301],[120.419946,23.72737]]]]}},{"type":"Feature","properties":{"n":"長沙街","v":"斗六市","w":3.7,"c":2.8,"r":null},"geometry":{"type":"MultiPolygon","coordinates":[[[[120.53382,23.716142],[120.533753,23.716193],[120.534493,23.716667],[120.534547,23.716606],[120.53382,23.716142]]]]}},{"type":"Feature","properties":{"n":"中山路","v":"斗六市","w":2,"c":2,"r":0},"geometry":{"type":"MultiPolygon","coordinates":[[[[120.53972,23.706223],[120.539779,23.706218],[120.539671,23.705997],[120.539628,23.706036],[120.53972,23.706223]]]]}},{"type":"Feature","properties":{"n":"府前街","v":"斗六市","w":3,"c":3,"r":0},"geometry":{"type":"MultiPolygon","coordinates":[[[[120.54185,23.706139],[120.541603,23.706016],[120.541678,23.705758],[120.54177,23.705545],[120.541719,23.705525],[120.541534,23.706043],[120.541845,23.706183],[120.54185,23.706139]]]]}},{"type":"Feature","properties":{"n":"六合街","v":"斗六市","w":2.5,"c":2.5,"r":0},"geometry":{"type":"MultiPolygon","coordinates":[[[[120.541417,23.703495],[120.541122,23.70264],[120.541042,23.70264],[120.541374,23.703524],[120.541417,23.703495]]]]}},{"type":"Feature","properties":{"n":"鎮南路","v":"斗六市","w":2.5,"c":2.5,"r":0},"geometry":{"type":"MultiPolygon","coordinates":[[[[120.541132,23.701901],[120.541231,23.701928],[120.541351,23.701437],[120.541276,23.701425],[120.541161,23.701803],[120.541132,23.701901]]]]}},{"type":"Feature","properties":{"n":"鎮南路","v":"斗六市","w":2.2,"c":2.2,"r":0},"geometry":{"type":"MultiPolygon","coordinates":[[[[120.541657,23.699793],[120.541738,23.699817],[120.541952,23.698913],[120.542269,23.698024],[120.542172,23.698039],[120.541866,23.698908],[120.541657,23.699793]]]]}},{"type":"Feature","properties":{"n":"民主街","v":"斗六市","w":2,"c":2,"r":2},"geometry":{"type":"MultiPolygon","coordinates":[[[[120.546736,23.703216],[120.546763,23.701885],[120.546693,23.701865],[120.546666,23.703211],[120.546736,23.703216]]]]}},{"type":"Feature","properties":{"n":"民主街","v":"斗六市","w":2,"c":2,"r":0},"geometry":{"type":"MultiPolygon","coordinates":[[[[120.546768,23.701806],[120.546773,23.701433],[120.546816,23.701286],[120.546956,23.700903],[120.546886,23.700873],[120.546709,23.701394],[120.546688,23.701806],[120.546768,23.701806]]]]}},{"type":"Feature","properties":{"n":"民主街","v":"斗六市","w":3.2,"c":3.2,"r":0},"geometry":{"type":"MultiPolygon","coordinates":[[[[120.546989,23.700838],[120.547241,23.700278],[120.547164,23.700265],[120.546936,23.700818],[120.546989,23.700838]]]]}},{"type":"Feature","properties":{"n":"民主街","v":"斗六市","w":2,"c":1.4,"r":1},"geometry":{"type":"MultiPolygon","coordinates":[[[[120.546829,23.703202],[120.546888,23.703202],[120.546904,23.701876],[120.546834,23.701896],[120.546829,23.703202]]]]}},{"type":"Feature","properties":{"n":"民主街","v":"斗六市","w":2,"c":2,"r":0},"geometry":{"type":"MultiPolygon","coordinates":[[[[120.546844,23.70179],[120.546903,23.701805],[120.546876,23.701466],[120.547096,23.700935],[120.547032,23.700935],[120.546838,23.701446],[120.546844,23.70179]]]]}},{"type":"Feature","properties":{"n":"民主街","v":"斗六市","w":2,"c":2,"r":0},"geometry":{"type":"MultiPolygon","coordinates":[[[[120.547066,23.700847],[120.547109,23.700876],[120.547356,23.700304],[120.547294,23.700319],[120.547066,23.700847]]]]}},{"type":"Feature","properties":{"n":"社口街","v":"斗六市","w":1.9,"c":1.2,"r":1},"geometry":{"type":"MultiPolygon","coordinates":[[[[120.544936,23.700019],[120.546138,23.700569],[120.546916,23.70082],[120.546942,23.700771],[120.546165,23.70052],[120.544984,23.69998],[120.544936,23.700019]]]]}},{"type":"Feature","properties":{"n":"社口街","v":"斗六市","w":2,"c":1.3,"r":0},"geometry":{"type":"MultiPolygon","coordinates":[[[[120.547134,23.700871],[120.548137,23.701134],[120.548111,23.70107],[120.547204,23.700837],[120.547134,23.700871]]]]}},{"type":"Feature","properties":{"n":"社口街","v":"斗六市","w":2.3,"c":1.3,"r":0},"geometry":{"type":"MultiPolygon","coordinates":[[[[120.547108,23.700939],[120.547148,23.701003],[120.548036,23.701239],[120.548114,23.701207],[120.547108,23.700939]]]]}},{"type":"Feature","properties":{"n":"社口街","v":"斗六市","w":2,"c":1.2,"r":0},"geometry":{"type":"MultiPolygon","coordinates":[[[[120.548264,23.701173],[120.549269,23.701433],[120.549869,23.701616],[120.55036,23.701845],[120.550333,23.701771],[120.549898,23.701574],[120.549283,23.701387],[120.548332,23.701142],[120.548264,23.701173]]]]}},{"type":"Feature","properties":{"n":"社口街","v":"斗六市","w":3.1,"c":3.1,"r":0},"geometry":{"type":"MultiPolygon","coordinates":[[[[120.548225,23.701238],[120.548306,23.701302],[120.549323,23.70156],[120.54985,23.701729],[120.550271,23.701931],[120.550349,23.701928],[120.549845,23.701678],[120.549346,23.701517],[120.548225,23.701238]]]]}},{"type":"Feature","properties":{"n":"社口街","v":"斗六市","w":2,"c":1.6,"r":0},"geometry":{"type":"MultiPolygon","coordinates":[[[[120.550487,23.701911],[120.551292,23.702296],[120.552071,23.702659],[120.552055,23.702593],[120.550606,23.701918],[120.550487,23.701911]]]]}},{"type":"Feature","properties":{"n":"社口街","v":"斗六市","w":2,"c":1.4,"r":0},"geometry":{"type":"MultiPolygon","coordinates":[[[[120.552015,23.702726],[120.551311,23.702376],[120.550502,23.701991],[120.550516,23.702055],[120.551928,23.702738],[120.552015,23.702726]]]]}},{"type":"Feature","properties":{"n":"社口街","v":"斗六市","w":2.1,"c":2.1,"r":2},"geometry":{"type":"MultiPolygon","coordinates":[[[[120.544557,23.700028],[120.541795,23.699903],[120.541778,23.699996],[120.544506,23.700101],[120.544557,23.700028]]]]}},{"type":"Feature","properties":{"n":"社口街","v":"斗六市","w":1.9,"c":1.9,"r":2},"geometry":{"type":"MultiPolygon","coordinates":[[[[120.544581,23.699937],[120.544623,23.699857],[120.541788,23.699743],[120.541769,23.699829],[120.544581,23.699937]]]]}},{"type":"Feature","properties":{"n":"社口街","v":"斗六市","w":2.1,"c":2.1,"r":2},"geometry":{"type":"MultiPolygon","coordinates":[[[[120.544939,23.700107],[120.54491,23.700131],[120.544899,23.700148],[120.546033,23.700658],[120.546843,23.700935],[120.546878,23.700874],[120.546092,23.700616],[120.545532,23.700378],[120.545022,23.700129],[120.544939,23.700107]]]]}},{"type":"Feature","properties":{"n":"景文街","v":"斗六市","w":2,"c":1.4,"r":0},"geometry":{"type":"MultiPolygon","coordinates":[[[[120.55178,23.703131],[120.550632,23.702571],[120.550417,23.702483],[120.549274,23.70214],[120.548003,23.701933],[120.546925,23.701884],[120.54693,23.701952],[120.548008,23.702006],[120.549264,23.702215],[120.550282,23.70251],[120.551703,23.703178],[120.55178,23.703131]]]]}},{"type":"Feature","properties":{"n":"景文街","v":"斗六市","w":2,"c":1.4,"r":0},"geometry":{"type":"MultiPolygon","coordinates":[[[[120.548057,23.701866],[120.549388,23.702099],[120.550143,23.702332],[120.550199,23.702293],[120.549409,23.702044],[120.548039,23.701797],[120.548057,23.701866]]]]}},{"type":"Feature","properties":{"n":"景文街","v":"斗六市","w":2,"c":1.4,"r":0},"geometry":{"type":"MultiPolygon","coordinates":[[[[120.550278,23.702375],[120.550567,23.702478],[120.551724,23.703029],[120.551791,23.703024],[120.551805,23.70301],[120.550613,23.702453],[120.55028,23.702328],[120.550278,23.702375]]]]}},{"type":"Feature","properties":{"n":"景文街","v":"斗六市","w":2,"c":1.4,"r":0},"geometry":{"type":"MultiPolygon","coordinates":[[[[120.546922,23.701804],[120.547928,23.701841],[120.547963,23.701801],[120.546914,23.70176],[120.546922,23.701804]]]]}},{"type":"Feature","properties":{"n":"中正㇐街","v":"斗六市","w":2,"c":1.4,"r":0},"geometry":{"type":"MultiPolygon","coordinates":[[[[120.548157,23.701121],[120.548302,23.700654],[120.548219,23.700662],[120.548114,23.701033],[120.548157,23.701121]]]]}},{"type":"Feature","properties":{"n":"中正㇐街","v":"斗六市","w":2,"c":1.4,"r":0},"geometry":{"type":"MultiPolygon","coordinates":[[[[120.547964,23.701796],[120.548141,23.701234],[120.548058,23.701271],[120.547889,23.701796],[120.547964,23.701796]]]]}},{"type":"Feature","properties":{"n":"中正㇐街","v":"斗六市","w":2.2,"c":1.4,"r":0},"geometry":{"type":"MultiPolygon","coordinates":[[[[120.548178,23.701262],[120.548036,23.701785],[120.548114,23.701799],[120.548275,23.701316],[120.548205,23.701254],[120.548178,23.701262]]]]}},{"type":"Feature","properties":{"n":"中正㇐街","v":"斗六市","w":2,"c":1.3,"r":0},"geometry":{"type":"MultiPolygon","coordinates":[[[[120.548248,23.701151],[120.548318,23.701119],[120.548436,23.700751],[120.548398,23.700684],[120.548248,23.701151]]]]}},{"type":"Feature","properties":{"n":"中正三街","v":"斗六市","w":2,"c":2,"r":0},"geometry":{"type":"MultiPolygon","coordinates":[[[[120.550382,23.701847],[120.550578,23.701466],[120.550489,23.701481],[120.550355,23.701766],[120.550382,23.701847]]]]}},{"type":"Feature","properties":{"n":"中正三街","v":"斗六市","w":2,"c":1.4,"r":0},"geometry":{"type":"MultiPolygon","coordinates":[[[[120.550211,23.702283],[120.550358,23.701946],[120.550275,23.701951],[120.550128,23.702258],[120.550211,23.702283]]]]}},{"type":"Feature","properties":{"n":"中正三街","v":"斗六市","w":2,"c":1.4,"r":0},"geometry":{"type":"MultiPolygon","coordinates":[[[[120.550278,23.702317],[120.550335,23.702337],[120.550458,23.702071],[120.550442,23.701976],[120.550278,23.702317]]]]}},{"type":"Feature","properties":{"n":"中正三街","v":"斗六市","w":2.1,"c":2.1,"r":0},"geometry":{"type":"MultiPolygon","coordinates":[[[[120.550478,23.70189],[120.550596,23.701888],[120.550724,23.701603],[120.550657,23.701507],[120.550657,23.701512],[120.550478,23.70189]]]]}},{"type":"Feature","properties":{"n":"中正五街","v":"斗六市","w":2,"c":1,"r":0},"geometry":{"type":"MultiPolygon","coordinates":[[[[120.551797,23.703131],[120.551836,23.703167],[120.552557,23.702358],[120.552517,23.702326],[120.551797,23.703131]]]]}},{"type":"Feature","properties":{"n":"中正五街","v":"斗六市","w":2,"c":1.4,"r":0},"geometry":{"type":"MultiPolygon","coordinates":[[[[120.551804,23.703003],[120.552027,23.70275],[120.551941,23.702765],[120.551753,23.702973],[120.551804,23.703003]]]]}},{"type":"Feature","properties":{"n":"中正五街","v":"斗六市","w":2,"c":2,"r":0},"geometry":{"type":"MultiPolygon","coordinates":[[[[120.552107,23.702664],[120.552343,23.702401],[120.552247,23.702394],[120.552091,23.702588],[120.552107,23.702664]]]]}},{"type":"Feature","properties":{"n":"大學路二段","v":"斗六市","w":1.5,"c":1.5,"r":1},"geometry":{"type":"MultiPolygon","coordinates":[[[[120.542278,23.698041],[120.542261,23.698105],[120.542835,23.698292],[120.543323,23.698508],[120.54493,23.699338],[120.544957,23.699289],[120.543941,23.698756],[120.543244,23.698397],[120.542852,23.698226],[120.542278,23.698041]]]]}},{"type":"Feature","properties":{"n":"大學路二段","v":"斗六市","w":10.5,"c":2.8,"r":2},"geometry":{"type":"MultiPolygon","coordinates":[[[[120.545034,23.699244],[120.545079,23.699165],[120.544141,23.698666],[120.543535,23.698372],[120.542811,23.69805],[120.542258,23.697893],[120.542237,23.697961],[120.542865,23.698173],[120.543256,23.69833],[120.543683,23.698537],[120.544344,23.698883],[120.545034,23.699244]]]]}},{"type":"Feature","properties":{"n":"大學路二段","v":"斗六市","w":9.7,"c":2.7,"r":2},"geometry":{"type":"MultiPolygon","coordinates":[[[[120.545222,23.699347],[120.545858,23.699675],[120.546528,23.69994],[120.547226,23.70019],[120.547263,23.700122],[120.545906,23.699571],[120.545261,23.699269],[120.545222,23.699347]]]]}},{"type":"Feature","properties":{"n":"大學路二段","v":"斗六市","w":2.6,"c":2.6,"r":0},"geometry":{"type":"MultiPolygon","coordinates":[[[[120.547151,23.700241],[120.545815,23.699729],[120.545247,23.699449],[120.545225,23.699498],[120.545805,23.699783],[120.547126,23.700278],[120.547151,23.700241]]]]}},{"type":"Feature","properties":{"n":"大學路二段","v":"斗六市","w":2.3,"c":0.9,"r":0},"geometry":{"type":"MultiPolygon","coordinates":[[[[120.547386,23.700318],[120.547365,23.700307],[120.547335,23.700369],[120.548217,23.700645],[120.548276,23.700618],[120.547386,23.700318]]]]}},{"type":"Feature","properties":{"n":"大學路二段","v":"斗六市","w":10.5,"c":4,"r":2},"geometry":{"type":"MultiPolygon","coordinates":[[[[120.547411,23.700172],[120.547383,23.700245],[120.548944,23.700791],[120.549936,23.701148],[120.550647,23.701414],[120.551447,23.701793],[120.552144,23.7022],[120.552385,23.702333],[120.552423,23.702264],[120.552208,23.702107],[120.551473,23.701709],[120.55113,23.701552],[120.55067,23.701314],[120.550434,23.701235],[120.549533,23.700903],[120.548664,23.700604],[120.547411,23.700172]]]]}},{"type":"Feature","properties":{"n":"大學路二段","v":"斗六市","w":1.7,"c":1.2,"r":0},"geometry":{"type":"MultiPolygon","coordinates":[[[[120.550544,23.701447],[120.549417,23.701026],[120.548433,23.700678],[120.548465,23.700744],[120.549508,23.701103],[120.550468,23.701461],[120.5505,23.701461],[120.550544,23.701447]]]]}},{"type":"Feature","properties":{"n":"大學路二段","v":"斗六市","w":1.8,"c":1.8,"r":0},"geometry":{"type":"MultiPolygon","coordinates":[[[[120.552327,23.702383],[120.551476,23.701878],[120.550717,23.701517],[120.550771,23.701606],[120.551458,23.701937],[120.552205,23.70237],[120.552327,23.702383]]]]}},{"type":"Feature","properties":{"n":"大學路二段","v":"斗六市","w":7.8,"c":5.8,"r":3},"geometry":{"type":"MultiPolygon","coordinates":[[[[120.554903,23.704613],[120.554946,23.704606],[120.554688,23.703955],[120.55442,23.703476],[120.554176,23.703179],[120.554155,23.703179],[120.554144,23.703204],[120.554377,23.703503],[120.554613,23.703921],[120.554814,23.704405],[120.554903,23.704613]]]]}},{"type":"Feature","properties":{"n":"大學路二段","v":"斗六市","w":7.8,"c":3.9,"r":3},"geometry":{"type":"MultiPolygon","coordinates":[[[[120.554585,23.704639],[120.554411,23.704177],[120.55432,23.703976],[120.554188,23.70374],[120.554148,23.703753],[120.554373,23.70419],[120.554556,23.704671],[120.554585,23.704659],[120.554585,23.704639]]]]}},{"type":"Feature","properties":{"n":"大學路二段","v":"斗六市","w":9.5,"c":7.5,"r":3},"geometry":{"type":"MultiPolygon","coordinates":[[[[120.555607,23.706373],[120.555665,23.706364],[120.555003,23.704706],[120.554963,23.704748],[120.555607,23.706373]]]]}},{"type":"Feature","properties":{"n":"大學路二段","v":"斗六市","w":7.7,"c":5.7,"r":2},"geometry":{"type":"MultiPolygon","coordinates":[[[[120.555295,23.706396],[120.554799,23.705117],[120.554759,23.705132],[120.555266,23.706421],[120.555295,23.706396]]]]}},{"type":"Feature","properties":{"n":"四維路","v":"斗六市","w":3.7,"c":1.9,"r":1},"geometry":{"type":"MultiPolygon","coordinates":[[[[120.529786,23.695266],[120.529759,23.694667],[120.529705,23.694662],[120.529748,23.695266],[120.529786,23.695266]]]]}},{"type":"Feature","properties":{"n":"雲林路二段","v":"斗六市","w":2.6,"c":2.6,"r":2},"geometry":{"type":"MultiPolygon","coordinates":[[[[120.535917,23.706338],[120.536158,23.706497],[120.536182,23.706478],[120.535938,23.706315],[120.535917,23.706338]]]]}},{"type":"Feature","properties":{"n":"碑口路","v":"斗六市","w":1.3,"c":1.3,"r":0},"geometry":{"type":"MultiPolygon","coordinates":[[[[120.52653,23.696543],[120.525704,23.69639],[120.525691,23.69643],[120.526517,23.696577],[120.52653,23.696543]]]]}},{"type":"Feature","properties":{"n":"中山路","v":"斗六市","w":5.9,"c":2.5,"r":4},"geometry":{"type":"MultiPolygon","coordinates":[[[[120.538092,23.694063],[120.538292,23.690681],[120.538227,23.690661],[120.53804,23.694075],[120.538093,23.69409],[120.538092,23.694063]]]]}},{"type":"Feature","properties":{"n":"府前街","v":"斗六市","w":5.2,"c":5.2,"r":2},"geometry":{"type":"MultiPolygon","coordinates":[[[[120.541168,23.706882],[120.541313,23.706772],[120.541366,23.706698],[120.541324,23.706676],[120.541139,23.70686],[120.541168,23.706882]]]]}},{"type":"Feature","properties":{"n":"府前街","v":"斗六市","w":5.2,"c":5.2,"r":2},"geometry":{"type":"MultiPolygon","coordinates":[[[[120.541222,23.706963],[120.541241,23.707002],[120.541488,23.706749],[120.541579,23.70657],[120.541542,23.70656],[120.541456,23.706746],[120.541375,23.70683],[120.541222,23.706963]]]]}},{"type":"Feature","properties":{"n":"城頂街","v":"斗六市","w":1.9,"c":2.2,"r":2},"geometry":{"type":"MultiPolygon","coordinates":[[[[120.538028,23.706474],[120.538024,23.706524],[120.538125,23.706515],[120.538473,23.706443],[120.538599,23.706462],[120.539542,23.706512],[120.539456,23.70646],[120.539011,23.70644],[120.538578,23.706413],[120.538476,23.706388],[120.538106,23.706474],[120.538028,23.706474]]]]}},{"type":"Feature","properties":{"n":"城頂街","v":"斗六市","w":3.5,"c":2.2,"r":2},"geometry":{"type":"MultiPolygon","coordinates":[[[[120.538003,23.706478],[120.537279,23.706513],[120.537287,23.706572],[120.537998,23.706535],[120.538003,23.706478]]]]}},{"type":"Feature","properties":{"n":"林中街","v":"斗六市","w":3.6,"c":3.6,"r":0},"geometry":{"type":"MultiPolygon","coordinates":[[[[120.544449,23.704344],[120.543891,23.704347],[120.543891,23.704381],[120.544441,23.704381],[120.544449,23.704344]]]]}},{"type":"Feature","properties":{"n":"六合街","v":"斗六市","w":2.5,"c":2.5,"r":0},"geometry":{"type":"MultiPolygon","coordinates":[[[[120.541123,23.701921],[120.541196,23.702451],[120.541258,23.702434],[120.541225,23.70195],[120.541123,23.701921]]]]}},{"type":"Feature","properties":{"n":"六合街","v":"斗六市","w":4.4,"c":3.2,"r":0},"geometry":{"type":"MultiPolygon","coordinates":[[[[120.541386,23.702879],[120.541453,23.702835],[120.541282,23.702646],[120.541266,23.702449],[120.541196,23.702476],[120.541199,23.70255],[120.541252,23.702705],[120.541386,23.702879]]]]}},{"type":"Feature","properties":{"n":"六合街","v":"斗六市","w":7,"c":4.7,"r":1},"geometry":{"type":"MultiPolygon","coordinates":[[[[120.541362,23.701095],[120.541412,23.70111],[120.541716,23.700014],[120.54174,23.699906],[120.541689,23.699909],[120.541646,23.699965],[120.541362,23.701095]]]]}},{"type":"Feature","properties":{"n":"正心一路","v":"斗六市","w":3,"c":3,"r":2},"geometry":{"type":"MultiPolygon","coordinates":[[[[120.530747,23.712395],[120.530508,23.712264],[120.530484,23.712291],[120.530733,23.712419],[120.530747,23.712395]]]]}},{"type":"Feature","properties":{"n":"正心一路","v":"斗六市","w":3,"c":3,"r":2},"geometry":{"type":"MultiPolygon","coordinates":[[[[120.530631,23.712483],[120.530454,23.712375],[120.53035,23.712363],[120.530347,23.712385],[120.530444,23.712395],[120.53061,23.7125],[120.530631,23.712483]]]]}},{"type":"Feature","properties":{"n":"正義一街","v":"斗六市","w":1.9,"c":1.2,"r":1},"geometry":{"type":"MultiPolygon","coordinates":[[[[120.528738,23.714378],[120.528727,23.714434],[120.529636,23.714651],[120.529652,23.714612],[120.528738,23.714378]]]]}},{"type":"Feature","properties":{"n":"府中街","v":"斗六市","w":4.1,"c":1.5,"r":1},"geometry":{"type":"MultiPolygon","coordinates":[[[[120.527845,23.699618],[120.527872,23.69964],[120.528014,23.699417],[120.527974,23.699404],[120.527947,23.699456],[120.527845,23.699618]]]]}},{"type":"Feature","properties":{"n":"明德北路一段","v":"斗六市","w":2.9,"c":2.9,"r":0},"geometry":{"type":"MultiPolygon","coordinates":[[[[120.554524,23.715587],[120.554546,23.715625],[120.555509,23.714938],[120.555475,23.714903],[120.554524,23.715587]]]]}},{"type":"Feature","properties":{"n":"明德北路一段","v":"斗六市","w":2.9,"c":1.6,"r":1},"geometry":{"type":"MultiPolygon","coordinates":[[[[120.55393,23.715599],[120.554406,23.715296],[120.555031,23.714825],[120.554996,23.714805],[120.554377,23.715267],[120.553881,23.715593],[120.55393,23.715599]]]]}},{"type":"Feature","properties":{"n":"保源三街","v":"斗六市","w":1.7,"c":0.8,"r":0},"geometry":{"type":"MultiPolygon","coordinates":[[[[120.530495,23.711705],[120.529851,23.710635],[120.529758,23.710642],[120.530429,23.711762],[120.530495,23.711705]]]]}},{"type":"Feature","properties":{"n":"大成路","v":"崙背鄉","w":2.7,"c":2.2,"r":0},"geometry":{"type":"MultiPolygon","coordinates":[[[[120.351831,23.75683],[120.350189,23.757492],[120.350251,23.757541],[120.351813,23.756896],[120.351831,23.75683]]]]}},{"type":"Feature","properties":{"n":"中山路","v":"莿桐鄉","w":2,"c":2,"r":null},"geometry":{"type":"MultiPolygon","coordinates":[[[[120.499907,23.758836],[120.499942,23.758892],[120.499971,23.758693],[120.500065,23.757331],[120.500025,23.757331],[120.499939,23.758679],[120.499907,23.758836]]]]}},{"type":"Feature","properties":{"n":"中興路86巷","v":"二崙鄉","w":1.3,"c":1.3,"r":0},"geometry":{"type":"MultiPolygon","coordinates":[[[[120.412547,23.772789],[120.412928,23.773005],[120.412917,23.772956],[120.412571,23.772749],[120.412547,23.772789]]]]}},{"type":"Feature","properties":{"n":"中興路","v":"二崙鄉","w":1,"c":1,"r":null},"geometry":{"type":"MultiPolygon","coordinates":[[[[120.412225,23.773095],[120.412048,23.773341],[120.411815,23.773802],[120.411708,23.774048],[120.411732,23.77409],[120.411836,23.773815],[120.411944,23.773626],[120.41207,23.773378],[120.412263,23.773108],[120.412225,23.773095]]]]}},{"type":"Feature","properties":{"n":"中正路","v":"二崙鄉","w":2.1,"c":1.3,"r":0},"geometry":{"type":"MultiPolygon","coordinates":[[[[120.409452,23.771892],[120.40946,23.771954],[120.409897,23.771315],[120.409873,23.771274],[120.409452,23.771892]]]]}},{"type":"Feature","properties":{"n":"中正路","v":"二崙鄉","w":2.1,"c":1.6,"r":0},"geometry":{"type":"MultiPolygon","coordinates":[[[[120.40869,23.772801],[120.408784,23.772778],[120.409015,23.772572],[120.40938,23.772062],[120.40938,23.771986],[120.408961,23.77254],[120.40869,23.772801]]]]}},{"type":"Feature","properties":{"n":"中正路","v":"二崙鄉","w":2,"c":2,"r":0},"geometry":{"type":"MultiPolygon","coordinates":[[[[120.408653,23.772825],[120.408449,23.773017],[120.407644,23.773824],[120.407695,23.773866],[120.408736,23.77285],[120.408653,23.772825]]]]}},{"type":"Feature","properties":{"n":"中正路","v":"二崙鄉","w":2.1,"c":2.1,"r":9},"geometry":{"type":"MultiPolygon","coordinates":[[[[120.407614,23.773861],[120.406919,23.77459],[120.405085,23.776428],[120.405042,23.776571],[120.406694,23.774929],[120.407654,23.773898],[120.407614,23.773861]]]]}},{"type":"Feature","properties":{"n":"中正路","v":"二崙鄉","w":3.7,"c":2,"r":2},"geometry":{"type":"MultiPolygon","coordinates":[[[[120.404954,23.77637],[120.405002,23.776406],[120.405861,23.775557],[120.405912,23.775501],[120.405834,23.77552],[120.404954,23.77637]]]]}},{"type":"Feature","properties":{"n":"中正路","v":"二崙鄉","w":5,"c":3.8,"r":3},"geometry":{"type":"MultiPolygon","coordinates":[[[[120.407066,23.774187],[120.407117,23.774221],[120.408804,23.772569],[120.408737,23.77253],[120.407042,23.774175],[120.407066,23.774187]]]]}},{"type":"Feature","properties":{"n":"裕民路","v":"二崙鄉","w":1.1,"c":1.1,"r":null},"geometry":{"type":"MultiPolygon","coordinates":[[[[120.409761,23.771124],[120.40983,23.771146],[120.409187,23.77009],[120.408817,23.769447],[120.408768,23.769293],[120.408723,23.768976],[120.408664,23.768981],[120.408715,23.769305],[120.408747,23.76945],[120.409755,23.771129],[120.409761,23.771124]]]]}},{"type":"Feature","properties":{"n":"裕民路","v":"二崙鄉","w":1.2,"c":1.2,"r":0},"geometry":{"type":"MultiPolygon","coordinates":[[[[120.408646,23.768918],[120.40871,23.768915],[120.408721,23.768645],[120.408656,23.768653],[120.408646,23.768918]]]]}},{"type":"Feature","properties":{"n":"中山路","v":"大埤鄉","w":1.3,"c":1.3,"r":null},"geometry":{"type":"MultiPolygon","coordinates":[[[[120.432055,23.645374],[120.432179,23.645296],[120.431106,23.645647],[120.431133,23.645681],[120.4315,23.645561],[120.432055,23.645374]]]]}},{"type":"Feature","properties":{"n":"民權路100巷","v":"大埤鄉","w":3.2,"c":1.5,"r":4},"geometry":{"type":"MultiPolygon","coordinates":[[[[120.429086,23.640574],[120.430811,23.640601],[120.430736,23.640549],[120.429038,23.640539],[120.429086,23.640574]]]]}},{"type":"Feature","properties":{"n":"自立街","v":"大埤鄉","w":1.8,"c":1.8,"r":2},"geometry":{"type":"MultiPolygon","coordinates":[[[[120.429383,23.642289],[120.43037,23.642294],[120.43044,23.642248],[120.429386,23.642235],[120.429383,23.642289]]]]}},{"type":"Feature","properties":{"n":"民權路","v":"大埤鄉","w":2.5,"c":1.9,"r":2},"geometry":{"type":"MultiPolygon","coordinates":[[[[120.43038,23.642234],[120.43045,23.642234],[120.430785,23.641551],[120.430831,23.641377],[120.430844,23.64107],[120.430823,23.640578],[120.430777,23.64064],[120.430793,23.641087],[120.43078,23.641372],[120.430707,23.641569],[120.43045,23.642089],[120.43038,23.642234]]]]}},{"type":"Feature","properties":{"n":"民權路","v":"大埤鄉","w":1.2,"c":1.2,"r":null},"geometry":{"type":"MultiPolygon","coordinates":[[[[120.43044,23.64242],[120.430467,23.642494],[120.430687,23.64202],[120.430636,23.64202],[120.43044,23.64242]]]]}},{"type":"Feature","properties":{"n":"巷道","v":"元長鄉","w":1.1,"c":1.1,"r":null},"geometry":{"type":"MultiPolygon","coordinates":[[[[120.314455,23.654329],[120.31387,23.654443],[120.313902,23.654484],[120.314463,23.654376],[120.314455,23.654329]]]]}},{"type":"Feature","properties":{"n":"行政街","v":"崙背鄉","w":8.7,"c":3.2,"r":0},"geometry":{"type":"MultiPolygon","coordinates":[[[[120.358544,23.762078],[120.359247,23.761709],[120.359172,23.761692],[120.358566,23.762021],[120.358544,23.762078]]]]}},{"type":"Feature","properties":{"n":"行政街","v":"崙背鄉","w":3.6,"c":2.3,"r":0},"geometry":{"type":"MultiPolygon","coordinates":[[[[120.358552,23.762085],[120.359453,23.762303],[120.359437,23.762264],[120.358611,23.762058],[120.358552,23.762085]]]]}},{"type":"Feature","properties":{"n":"行政街","v":"崙背鄉","w":4,"c":2,"r":3},"geometry":{"type":"MultiPolygon","coordinates":[[[[120.359448,23.762252],[120.359464,23.762296],[120.359494,23.762173],[120.359255,23.761714],[120.359209,23.761754],[120.359448,23.762252]]]]}},{"type":"Feature","properties":{"n":"延平路","v":"莿桐鄉","w":3,"c":1.5,"r":0},"geometry":{"type":"MultiPolygon","coordinates":[[[[120.496796,23.759177],[120.49678,23.75945],[120.496711,23.75984],[120.49656,23.760294],[120.496464,23.760503],[120.496311,23.760744],[120.496332,23.760766],[120.496485,23.760525],[120.496582,23.760316],[120.49674,23.75986],[120.496815,23.759452],[120.496831,23.759148],[120.496796,23.759177]]]]}},{"type":"Feature","properties":{"n":"延平路","v":"莿桐鄉","w":3,"c":1.5,"r":0},"geometry":{"type":"MultiPolygon","coordinates":[[[[120.496885,23.757712],[120.496845,23.757726],[120.496799,23.759079],[120.496837,23.759082],[120.496885,23.757712]]]]}},{"type":"Feature","properties":{"n":"崙前路","v":"崙背鄉","w":0.9,"c":0.9,"r":null},"geometry":{"type":"MultiPolygon","coordinates":[[[[120.353917,23.756147],[120.353923,23.756169],[120.355983,23.756493],[120.356203,23.756635],[120.356195,23.756579],[120.356028,23.756473],[120.355658,23.756417],[120.353917,23.756147]]]]}},{"type":"Feature","properties":{"n":"南昌路","v":"崙背鄉","w":0.9,"c":0.9,"r":null},"geometry":{"type":"MultiPolygon","coordinates":[[[[120.35668,23.758081],[120.356731,23.758108],[120.356307,23.756768],[120.35631,23.756861],[120.356667,23.758039],[120.35668,23.758081]]]]}},{"type":"Feature","properties":{"n":"南昌路","v":"崙背鄉","w":0.9,"c":0.9,"r":null},"geometry":{"type":"MultiPolygon","coordinates":[[[[120.357099,23.759348],[120.357144,23.759377],[120.356745,23.75812],[120.356742,23.758218],[120.357099,23.759348]]]]}},{"type":"Feature","properties":{"n":"南昌路","v":"崙背鄉","w":0.9,"c":0.9,"r":null},"geometry":{"type":"MultiPolygon","coordinates":[[[[120.357136,23.759468],[120.357332,23.760057],[120.35738,23.760092],[120.357158,23.759412],[120.357136,23.759468]]]]}},{"type":"Feature","properties":{"n":"南光路","v":"崙背鄉","w":2.4,"c":1.6,"r":0},"geometry":{"type":"MultiPolygon","coordinates":[[[[120.352647,23.758098],[120.353216,23.75922],[120.353229,23.759173],[120.352695,23.75811],[120.352647,23.758098]]]]}},{"type":"Feature","properties":{"n":"中山路","v":"莿桐鄉","w":2,"c":2,"r":0},"geometry":{"type":"MultiPolygon","coordinates":[[[[120.500129,23.757345],[120.500062,23.758867],[120.500089,23.758862],[120.500156,23.757337],[120.500129,23.757345]]]]}},{"type":"Feature","properties":{"n":"和平路","v":"莿桐鄉","w":3,"c":1.5,"r":0},"geometry":{"type":"MultiPolygon","coordinates":[[[[120.505653,23.765793],[120.50572,23.765761],[120.504806,23.764284],[120.504736,23.764294],[120.505412,23.765383],[120.505653,23.765793]]]]}},{"type":"Feature","properties":{"n":"中正路","v":"莿桐鄉","w":1.7,"c":1.7,"r":0},"geometry":{"type":"MultiPolygon","coordinates":[[[[120.503644,23.756535],[120.503596,23.75651],[120.502354,23.756937],[120.502399,23.756964],[120.503644,23.756535]]]]}},{"type":"Feature","properties":{"n":"中正路","v":"莿桐鄉","w":1.7,"c":1.7,"r":0},"geometry":{"type":"MultiPolygon","coordinates":[[[[120.502231,23.757004],[120.502199,23.756984],[120.501198,23.757298],[120.500163,23.757343],[120.500163,23.75737],[120.501206,23.75732],[120.502231,23.757004]]]]}},{"type":"Feature","properties":{"n":"和平路","v":"莿桐鄉","w":2,"c":2,"r":0},"geometry":{"type":"MultiPolygon","coordinates":[[[[120.501957,23.759441],[120.501938,23.75949],[120.503142,23.761376],[120.503196,23.761389],[120.501957,23.759441]]]]}},{"type":"Feature","properties":{"n":"和平路","v":"莿桐鄉","w":2,"c":2,"r":0},"geometry":{"type":"MultiPolygon","coordinates":[[[[120.503249,23.761526],[120.50448,23.763502],[120.504523,23.76348],[120.503289,23.761509],[120.503249,23.761526]]]]}},{"type":"Feature","properties":{"n":"和平路","v":"莿桐鄉","w":3,"c":1.5,"r":1},"geometry":{"type":"MultiPolygon","coordinates":[[[[120.504548,23.763624],[120.505873,23.765777],[120.505916,23.765758],[120.504586,23.763607],[120.504548,23.763624]]]]}},{"type":"Feature","properties":{"n":"和平路","v":"莿桐鄉","w":3,"c":1.3,"r":30},"geometry":{"type":"MultiPolygon","coordinates":[[[[120.502539,23.760813],[120.502917,23.76138],[120.503091,23.761665],[120.504712,23.764228],[120.504765,23.764196],[120.503754,23.76262],[120.503011,23.761449],[120.502571,23.760801],[120.502539,23.760813]]]]}},{"type":"Feature","properties":{"n":"和平路","v":"莿桐鄉","w":2,"c":2,"r":0},"geometry":{"type":"MultiPolygon","coordinates":[[[[120.50248,23.760739],[120.502517,23.760722],[120.501713,23.759419],[120.501667,23.759411],[120.50248,23.760739]]]]}},{"type":"Feature","properties":{"n":"延平路","v":"莿桐鄉","w":2,"c":1,"r":0},"geometry":{"type":"MultiPolygon","coordinates":[[[[120.496675,23.751549],[120.496729,23.751559],[120.496742,23.751238],[120.496691,23.75125],[120.496675,23.751549]]]]}},{"type":"Feature","properties":{"n":"延平路","v":"莿桐鄉","w":3,"c":1.5,"r":0},"geometry":{"type":"MultiPolygon","coordinates":[[[[120.496988,23.751892],[120.496958,23.751892],[120.496939,23.752349],[120.496974,23.752347],[120.496988,23.751892]]]]}},{"type":"Feature","properties":{"n":"延平路","v":"莿桐鄉","w":3,"c":1.5,"r":0},"geometry":{"type":"MultiPolygon","coordinates":[[[[120.497012,23.752453],[120.496998,23.75276],[120.497041,23.752758],[120.497057,23.752431],[120.497012,23.752453]]]]}},{"type":"Feature","properties":{"n":"嘉新一路","v":"斗六市","w":1.6,"c":1.6,"r":2},"geometry":{"type":"MultiPolygon","coordinates":[[[[120.553392,23.683735],[120.553459,23.683735],[120.554374,23.682406],[120.554376,23.682322],[120.553392,23.683735]]]]}},{"type":"Feature","properties":{"n":"嘉新一路","v":"斗六市","w":1.6,"c":1.6,"r":1},"geometry":{"type":"MultiPolygon","coordinates":[[[[120.553596,23.683838],[120.553601,23.683865],[120.554599,23.682384],[120.5545,23.682452],[120.553588,23.683789],[120.553596,23.683838]]]]}},{"type":"Feature","properties":{"n":"嘉新一路","v":"斗六市","w":1.7,"c":0.8,"r":1},"geometry":{"type":"MultiPolygon","coordinates":[[[[120.554435,23.682224],[120.554484,23.682207],[120.554776,23.681325],[120.554789,23.681276],[120.554749,23.681264],[120.554435,23.682224]]]]}},{"type":"Feature","properties":{"n":"嘉新一路","v":"斗六市","w":1.7,"c":0.8,"r":1},"geometry":{"type":"MultiPolygon","coordinates":[[[[120.554642,23.682263],[120.55494,23.681345],[120.554894,23.68133],[120.554612,23.682226],[120.554642,23.682263]]]]}},{"type":"Feature","properties":{"n":"嘉新二路","v":"斗六市","w":2,"c":1.2,"r":1},"geometry":{"type":"MultiPolygon","coordinates":[[[[120.554646,23.682265],[120.55644,23.682559],[120.556414,23.682503],[120.554665,23.682225],[120.554646,23.682265]]]]}},{"type":"Feature","properties":{"n":"嘉新二路","v":"斗六市","w":1.8,"c":0.6,"r":2},"geometry":{"type":"MultiPolygon","coordinates":[[[[120.555196,23.682505],[120.556218,23.682677],[120.556204,23.682616],[120.555239,23.682473],[120.555196,23.682505]]]]}},{"type":"Feature","properties":{"n":"嘉新二路","v":"斗六市","w":1.8,"c":0.8,"r":0},"geometry":{"type":"MultiPolygon","coordinates":[[[[120.554584,23.682422],[120.555054,23.682495],[120.55504,23.682439],[120.554608,23.682385],[120.554584,23.682422]]]]}},{"type":"Feature","properties":{"n":"嘉新二路","v":"斗六市","w":1.5,"c":1.5,"r":1},"geometry":{"type":"MultiPolygon","coordinates":[[[[120.553232,23.681906],[120.553868,23.682061],[120.553916,23.682034],[120.553216,23.681859],[120.553232,23.681906]]]]}},{"type":"Feature","properties":{"n":"嘉新二路","v":"斗六市","w":1.5,"c":1.5,"r":0},"geometry":{"type":"MultiPolygon","coordinates":[[[[120.554037,23.682115],[120.554429,23.682218],[120.554442,23.682176],[120.554034,23.682075],[120.554037,23.682115]]]]}},{"type":"Feature","properties":{"n":"嘉新二路","v":"斗六市","w":1.7,"c":1.7,"r":1},"geometry":{"type":"MultiPolygon","coordinates":[[[[120.553906,23.68226],[120.554343,23.682368],[120.554372,23.682326],[120.553943,23.682233],[120.553906,23.68226]]]]}},{"type":"Feature","properties":{"n":"嘉新二路","v":"斗六市","w":1.7,"c":1.7,"r":2},"geometry":{"type":"MultiPolygon","coordinates":[[[[120.553117,23.682026],[120.553798,23.682228],[120.553782,23.682174],[120.553171,23.682002],[120.553117,23.682026]]]]}},{"type":"Feature","properties":{"n":"嘉新三路","v":"斗六市","w":4.1,"c":2.6,"r":1},"geometry":{"type":"MultiPolygon","coordinates":[[[[120.554179,23.685168],[120.554683,23.684708],[120.554654,23.684684],[120.554142,23.685148],[120.554179,23.685168]]]]}},{"type":"Feature","properties":{"n":"嘉新六路","v":"斗六市","w":1.7,"c":1.7,"r":2},"geometry":{"type":"MultiPolygon","coordinates":[[[[120.553603,23.683873],[120.554209,23.684202],[120.554316,23.684195],[120.553627,23.683841],[120.553603,23.683873]]]]}},{"type":"Feature","properties":{"n":"嘉新六路","v":"斗六市","w":1.7,"c":1.7,"r":1},"geometry":{"type":"MultiPolygon","coordinates":[[[[120.553458,23.683952],[120.554136,23.68435],[120.554131,23.684291],[120.553482,23.683915],[120.553458,23.683952]]]]}},{"type":"Feature","properties":{"n":"嘉新六路","v":"斗六市","w":1.7,"c":1.7,"r":1},"geometry":{"type":"MultiPolygon","coordinates":[[[[120.554386,23.684315],[120.554753,23.684539],[120.554836,23.684534],[120.554388,23.684252],[120.554386,23.684315]]]]}},{"type":"Feature","properties":{"n":"嘉新六路","v":"斗六市","w":1.7,"c":1.7,"r":2},"geometry":{"type":"MultiPolygon","coordinates":[[[[120.554635,23.684679],[120.554659,23.684625],[120.554276,23.684392],[120.554225,23.684404],[120.554635,23.684679]]]]}},{"type":"Feature","properties":{"n":"元西路74巷","v":"元長鄉","w":1.2,"c":1.2,"r":0},"geometry":{"type":"MultiPolygon","coordinates":[[[[120.31063,23.653581],[120.310667,23.653572],[120.310388,23.652508],[120.310281,23.651997],[120.310155,23.651459],[120.310128,23.651469],[120.310364,23.65254],[120.310627,23.653567],[120.31063,23.653581]]]]}},{"type":"Feature","properties":{"n":"惠來路","v":"二崙鄉","w":1.7,"c":0,"r":0},"geometry":{"type":"MultiPolygon","coordinates":[[[[120.407758,23.767697],[120.407745,23.767663],[120.407562,23.767695],[120.407337,23.767751],[120.406978,23.767847],[120.405832,23.768171],[120.40495,23.768426],[120.404073,23.768667],[120.40366,23.768787],[120.40344,23.768819],[120.403298,23.768831],[120.402767,23.768826],[120.402775,23.768856],[120.403295,23.768863],[120.40351,23.768848],[120.403673,23.768819],[120.407251,23.767817],[120.407576,23.767729],[120.407723,23.767704],[120.407758,23.767697]]]]}},{"type":"Feature","properties":{"n":"民生路147巷","v":"二崙鄉","w":1.3,"c":1.3,"r":null},"geometry":{"type":"MultiPolygon","coordinates":[[[[120.410041,23.768492],[120.410057,23.768505],[120.410145,23.768409],[120.411567,23.768112],[120.412388,23.76793],[120.412334,23.767918],[120.410556,23.768311],[120.41014,23.768387],[120.410041,23.768492]]]]}},{"type":"Feature","properties":{"n":"中山路255巷","v":"二崙鄉","w":1.3,"c":1.3,"r":null},"geometry":{"type":"MultiPolygon","coordinates":[[[[120.410108,23.768534],[120.41017,23.768468],[120.412385,23.767987],[120.412449,23.767947],[120.411572,23.768139],[120.410609,23.76834],[120.410153,23.768443],[120.410086,23.768519],[120.410108,23.768534]]]]}},{"type":"Feature","properties":{"n":"民生路35巷","v":"二崙鄉","w":1.3,"c":1.3,"r":null},"geometry":{"type":"MultiPolygon","coordinates":[[[[120.412848,23.767835],[120.41583,23.76718],[120.415948,23.767202],[120.41542,23.768471],[120.415471,23.768481],[120.415988,23.76717],[120.415833,23.76714],[120.412837,23.767808],[120.412848,23.767835]]]]}},{"type":"Feature","properties":{"n":"民族路","v":"二崙鄉","w":1.3,"c":1.3,"r":null},"geometry":{"type":"MultiPolygon","coordinates":[[[[120.414945,23.769686],[120.415009,23.769659],[120.415398,23.768638],[120.415361,23.768638],[120.414945,23.769686]]]]}},{"type":"Feature","properties":{"n":"中華路","v":"二崙鄉","w":1.3,"c":1.3,"r":null},"geometry":{"type":"MultiPolygon","coordinates":[[[[120.415055,23.769794],[120.416962,23.769327],[120.416906,23.769296],[120.415074,23.769745],[120.415055,23.769794]]]]}},{"type":"Feature","properties":{"n":"南光路","v":"崙背鄉","w":1.5,"c":1.5,"r":null},"geometry":{"type":"MultiPolygon","coordinates":[[[[118.754779,0.001088],[118.754779,0.001088],[118.754779,0.001088],[118.754779,0.001088]]]]}},{"type":"Feature","properties":{"n":"崙背國中東側","v":"崙背鄉","w":3.5,"c":2.3,"r":0},"geometry":{"type":"MultiPolygon","coordinates":[[[[120.350166,23.757477],[120.350198,23.757458],[120.349361,23.755714],[120.349107,23.755191],[120.349085,23.755179],[120.349067,23.755209],[120.350166,23.757477]]]]}},{"type":"Feature","properties":{"n":"中勝路","v":"褒忠鄉","w":1.4,"c":1.4,"r":null},"geometry":{"type":"MultiPolygon","coordinates":[[[[120.310095,23.701996],[120.310043,23.701998],[120.309965,23.70244],[120.309869,23.702712],[120.3097,23.702987],[120.309427,23.703511],[120.308922,23.704457],[120.308965,23.704489],[120.309303,23.703831],[120.30963,23.703238],[120.309918,23.702731],[120.310007,23.702488],[120.310068,23.702154],[120.310095,23.701996]]]]}},{"type":"Feature","properties":{"n":"寶隆公園","v":"林內鄉","w":4.5,"c":3,"r":6},"geometry":{"type":"MultiPolygon","coordinates":[[[[120.613131,23.764591],[120.613135,23.764581],[120.612145,23.764086],[120.611219,23.762902],[120.61308,23.761549],[120.613005,23.761481],[120.611124,23.762915],[120.612099,23.764125],[120.613096,23.76464],[120.613131,23.764591]]]]}},{"type":"Feature","properties":{"n":"文學路","v":"古坑鄉","w":3.87,"c":2.52,"r":2},"geometry":{"type":"MultiPolygon","coordinates":[[[[120.566572,23.644209],[120.566513,23.644199],[120.566304,23.644791],[120.565923,23.644877],[120.565711,23.644902],[120.565132,23.644877],[120.565129,23.644922],[120.565719,23.644941],[120.565971,23.644906],[120.566352,23.644823],[120.566572,23.644209]]]]}},{"type":"Feature","properties":{"n":"中華路","v":"古坑鄉","w":4.9,"c":2.53,"r":0},"geometry":{"type":"MultiPolygon","coordinates":[[[[120.561285,23.642603],[120.561521,23.642495],[120.561559,23.642433],[120.561481,23.642217],[120.561433,23.642234],[120.561503,23.642429],[120.561484,23.642461],[120.561264,23.642561],[120.561285,23.642603]]]]}},{"type":"Feature","properties":{"n":"中山路","v":"台西鄉","w":2.64,"c":2.64,"r":2},"geometry":{"type":"MultiPolygon","coordinates":[[[[120.199469,23.700283],[120.1997,23.700188],[120.199689,23.700168],[120.199461,23.700273],[120.199469,23.700283]]]]}},{"type":"Feature","properties":{"n":"中正東路","v":"林內鄉","w":1.06,"c":1.06,"r":7},"geometry":{"type":"MultiPolygon","coordinates":[[[[120.622147,23.764688],[120.622603,23.765118],[120.625181,23.766061],[120.626538,23.766957],[120.626584,23.766898],[120.625216,23.766016],[120.622654,23.765084],[120.622193,23.764654],[120.622147,23.764688]]]]}},{"type":"Feature","properties":{"n":"西濱路二段","v":"麥寮鄉","w":1.89,"c":1.89,"r":2},"geometry":{"type":"MultiPolygon","coordinates":[[[[120.262932,23.748473],[120.262969,23.748483],[120.262983,23.748407],[120.262934,23.747827],[120.262886,23.747835],[120.262945,23.748387],[120.262932,23.748473]]]]}},{"type":"Feature","properties":{"n":"雲林縣東勢鄉同安村西安段(同安路巷內)","v":"東勢鄉","w":1.2,"c":1.2,"r":2},"geometry":{"type":"MultiPolygon","coordinates":[[[[120.266154,23.711231],[120.266172,23.711231],[120.26581,23.710288],[120.264837,23.710317],[120.264842,23.710332],[120.265794,23.710307],[120.266154,23.711231]]]]}},{"type":"Feature","properties":{"n":"雲林縣東勢鄉東勢東路往雲112","v":"東勢鄉","w":2,"c":1.2,"r":4},"geometry":{"type":"MultiPolygon","coordinates":[[[[120.257922,23.674593],[120.257946,23.674598],[120.257936,23.673586],[120.257987,23.673436],[120.258099,23.673318],[120.260063,23.672434],[120.261114,23.672038],[120.261111,23.672021],[120.260065,23.672414],[120.258078,23.673308],[120.257968,23.673439],[120.25792,23.673583],[120.257922,23.674593]]]]}},{"type":"Feature","properties":{"n":"雲林縣東勢鄉東勢東路往莊敬街","v":"東勢鄉","w":0.9,"c":0.9,"r":2},"geometry":{"type":"MultiPolygon","coordinates":[[[[120.257768,23.67469],[120.257755,23.674697],[120.257749,23.675071],[120.257784,23.6751],[120.25802,23.675125],[120.25802,23.67511],[120.257792,23.67509],[120.257763,23.675066],[120.257768,23.67469]]]]}},{"type":"Feature","properties":{"n":"中華路","v":"古坑鄉","w":0,"c":0,"r":0},"geometry":{"type":"MultiPolygon","coordinates":[[[[120.560645,23.643275],[120.560677,23.643295],[120.560873,23.642963],[120.560897,23.642879],[120.560865,23.642874],[120.56084,23.642958],[120.560645,23.643275]]]]}},{"type":"Feature","properties":{"n":"所前街","v":"東勢鄉","w":0,"c":0,"r":0},"geometry":{"type":"MultiPolygon","coordinates":[[[[120.25279,23.675349],[120.252889,23.675445],[120.253013,23.675307],[120.253031,23.675307],[120.253015,23.675172],[120.252181,23.67531],[120.2522,23.675391],[120.252819,23.675287],[120.252822,23.675319],[120.25279,23.675349]]]]}},{"type":"Feature","properties":{"n":"東勢東路","v":"東勢鄉","w":0,"c":0,"r":0},"geometry":{"type":"MultiPolygon","coordinates":[[[[120.253908,23.675043],[120.25416,23.675001],[120.254149,23.674966],[120.253903,23.675006],[120.253903,23.675025],[120.253908,23.675043]]]]}},{"type":"Feature","properties":{"n":"中和路","v":"二崙鄉","w":3.2,"c":3.2,"r":null},"geometry":{"type":"MultiPolygon","coordinates":[[[[120.400287,23.764448],[120.400292,23.764408],[120.399954,23.764285],[120.39997,23.764143],[120.39989,23.763741],[120.399836,23.763731],[120.3999,23.76431],[120.400287,23.764448]]]]}},{"type":"Feature","properties":{"n":"雲9縣","v":"崙背鄉","w":2.4,"c":2.4,"r":4},"geometry":{"type":"MultiPolygon","coordinates":[[[[120.309674,23.764107],[120.309725,23.763294],[120.309685,23.763292],[120.309615,23.764107],[120.309674,23.764107]]]]}},{"type":"Feature","properties":{"n":"154縣道","v":"崙背鄉","w":2.85,"c":2.85,"r":6},"geometry":{"type":"MultiPolygon","coordinates":[[[[120.311426,23.792445],[120.312142,23.792452],[120.312496,23.79243],[120.312617,23.792371],[120.312617,23.792288],[120.312074,23.790315],[120.312029,23.79033],[120.312561,23.79228],[120.312577,23.792356],[120.312497,23.792405],[120.312156,23.792422],[120.311421,23.792412],[120.311426,23.792445]]]]}},{"type":"Feature","properties":{"n":"145甲縣道及明鹿路","v":"元長鄉","w":2,"c":2,"r":3},"geometry":{"type":"MultiPolygon","coordinates":[[[[120.377546,23.647418],[120.377616,23.648942],[120.378313,23.64903],[120.378265,23.647512],[120.377546,23.647418]]]]}},{"type":"Feature","properties":{"n":"華南路口","v":"北港鎮","w":80,"c":3,"r":4},"geometry":{"type":"MultiPolygon","coordinates":[[[[120.299814,23.569241],[120.299825,23.569142],[120.299774,23.56915],[120.299814,23.569241]]]]}},{"type":"Feature","properties":{"n":"福安路","v":"口湖鄉","w":22,"c":22,"r":4},"geometry":{"type":"MultiPolygon","coordinates":[[[[120.158975,23.61307],[120.159243,23.613067],[120.159235,23.612922],[120.159214,23.612868],[120.159157,23.612866],[120.158988,23.61306],[120.158975,23.61307]]]]}},{"type":"Feature","properties":{"n":"四安路","v":"東勢鄉","w":1.35,"c":1,"r":2},"geometry":{"type":"MultiPolygon","coordinates":[[[[120.254643,23.674126],[120.255185,23.674048],[120.25522,23.674035],[120.255223,23.674067],[120.255242,23.674065],[120.255239,23.674018],[120.255255,23.674011],[120.255255,23.673998],[120.255183,23.674033],[120.254907,23.67407],[120.254906,23.674077],[120.254641,23.674116],[120.254643,23.674126]]]]}},{"type":"Feature","properties":{"n":"台糖綠廊1","v":"崙背鄉","w":5,"c":2.5,"r":null},"geometry":{"type":"MultiPolygon","coordinates":[[[[120.351507,23.76645],[120.354661,23.765448],[120.354661,23.765419],[120.35464,23.765389],[120.351507,23.766371],[120.351507,23.76645]]]]}},{"type":"Feature","properties":{"n":"台糖綠廊2","v":"崙背鄉","w":5,"c":2.5,"r":null},"geometry":{"type":"MultiPolygon","coordinates":[[[[120.354759,23.7654],[120.358557,23.764192],[120.358546,23.764143],[120.354727,23.765331],[120.354759,23.7654]]]]}},{"type":"Feature","properties":{"n":"台糖綠廊3","v":"崙背鄉","w":5,"c":2.5,"r":0},"geometry":{"type":"MultiPolygon","coordinates":[[[[120.358729,23.764144],[120.363525,23.762494],[120.363514,23.762464],[120.358719,23.764099],[120.358729,23.764144]]]]}},{"type":"Feature","properties":{"n":"台糖綠廊4","v":"崙背鄉","w":5,"c":2.5,"r":0},"geometry":{"type":"MultiPolygon","coordinates":[[[[120.363654,23.76248],[120.366647,23.76138],[120.366636,23.76135],[120.363638,23.762445],[120.363654,23.76248]]]]}},{"type":"Feature","properties":{"n":"台糖綠廊5","v":"崙背鄉","w":5,"c":2.5,"r":0},"geometry":{"type":"MultiPolygon","coordinates":[[[[120.368512,23.760587],[120.367372,23.760879],[120.367407,23.760916],[120.36856,23.760643],[120.368512,23.760587]]]]}},{"type":"Feature","properties":{"n":"台糖綠廊6","v":"崙背鄉","w":6,"c":2.5,"r":null},"geometry":{"type":"MultiPolygon","coordinates":[[[[120.373846,23.758746],[120.368696,23.760611],[120.368717,23.760661],[120.373878,23.758795],[120.373846,23.758746]]]]}},{"type":"Feature","properties":{"n":"台糖綠廊7","v":"崙背鄉","w":5,"c":2.5,"r":null},"geometry":{"type":"MultiPolygon","coordinates":[[[[120.373964,23.758739],[120.373975,23.758808],[120.37522,23.758455],[120.379157,23.757836],[120.379136,23.757767],[120.375102,23.758415],[120.375069,23.758415],[120.373964,23.758739]]]]}},{"type":"Feature","properties":{"n":"成功路","v":"二崙鄉","w":1.53,"c":1.53,"r":0},"geometry":{"type":"MultiPolygon","coordinates":[[[[120.390012,23.793753],[120.389899,23.795005],[120.38994,23.795004],[120.390052,23.793759],[120.390012,23.793753]]]]}},{"type":"Feature","properties":{"n":"雲19","v":"二崙鄉","w":1.7,"c":0.96,"r":0},"geometry":{"type":"MultiPolygon","coordinates":[[[[120.391107,23.79515],[120.391081,23.795445],[120.391083,23.795604],[120.391683,23.797211],[120.391707,23.797204],[120.391114,23.795599],[120.391152,23.795152],[120.391107,23.79515]]]]}},{"type":"Feature","properties":{"n":"成功路","v":"二崙鄉","w":1.08,"c":0.7,"r":0},"geometry":{"type":"MultiPolygon","coordinates":[[[[120.389439,23.797451],[120.386807,23.797213],[120.386525,23.797052],[120.386364,23.796949],[120.385986,23.796826],[120.385417,23.796765],[120.385415,23.796797],[120.385982,23.796854],[120.38635,23.796974],[120.386822,23.797254],[120.38943,23.797482],[120.389439,23.797451]]]]}},{"type":"Feature","properties":{"n":"成功路","v":"二崙鄉","w":1,"c":0.6,"r":0},"geometry":{"type":"MultiPolygon","coordinates":[[[[120.385328,23.796669],[120.385372,23.795298],[120.385324,23.795303],[120.385253,23.796673],[120.385328,23.796669]]]]}},{"type":"Feature","properties":{"n":"永定路","v":"二崙鄉","w":1.2,"c":0.72,"r":0},"geometry":{"type":"MultiPolygon","coordinates":[[[[120.416893,23.796405],[120.416759,23.79655],[120.416335,23.797053],[120.415889,23.797568],[120.415722,23.797745],[120.415379,23.797983],[120.41435,23.798633],[120.414374,23.798707],[120.415238,23.799281],[120.415278,23.799252],[120.414422,23.79869],[120.414414,23.798653],[120.415768,23.797784],[120.416923,23.796433],[120.416893,23.796405]]]]}},{"type":"Feature","properties":{"n":"大華路","v":"二崙鄉","w":0.8,"c":0.4,"r":0},"geometry":{"type":"MultiPolygon","coordinates":[[[[120.415266,23.79932],[120.415789,23.799661],[120.416478,23.80014],[120.416613,23.800248],[120.416683,23.800442],[120.4168,23.800887],[120.416848,23.801017],[120.417132,23.801404],[120.417478,23.801843],[120.417553,23.801932],[120.417641,23.802096],[120.41766,23.802172],[120.4177,23.802165],[120.417676,23.802091],[120.417593,23.801924],[120.416874,23.800992],[120.416648,23.800215],[120.415299,23.79929],[120.415266,23.79932]]]]}},{"type":"Feature","properties":{"n":"華北路","v":"二崙鄉","w":1.1,"c":0,"r":0},"geometry":{"type":"MultiPolygon","coordinates":[[[[120.428223,23.799122],[120.42803,23.799156],[120.428014,23.7992],[120.427657,23.799205],[120.427046,23.799119],[120.427022,23.799087],[120.426501,23.799095],[120.426453,23.799156],[120.425584,23.799092],[120.425452,23.799046],[120.424491,23.798981],[120.421646,23.800475],[120.419442,23.801589],[120.418997,23.801802],[120.417669,23.802226],[120.417677,23.802256],[120.419005,23.801848],[120.4207,23.800996],[120.423023,23.799803],[120.424483,23.799038],[120.425438,23.799097],[120.42554,23.799136],[120.426495,23.7992],[120.426543,23.799133],[120.426954,23.799134],[120.426989,23.799139],[120.427034,23.79918],[120.427632,23.799252],[120.428063,23.799248],[120.428074,23.799199],[120.428243,23.799172],[120.428254,23.79913],[120.428223,23.799122]]]]}},{"type":"Feature","properties":{"n":"埔心路","v":"二崙鄉","w":1.5,"c":1.5,"r":0},"geometry":{"type":"MultiPolygon","coordinates":[[[[120.428611,23.796683],[120.422987,23.796189],[120.421184,23.796015],[120.420374,23.795914],[120.41998,23.79589],[120.419623,23.795907],[120.419639,23.795944],[120.419985,23.795922],[120.42038,23.795953],[120.420703,23.795993],[120.428615,23.796722],[120.428611,23.796683]]]]}},{"type":"Feature","properties":{"n":"154縣道","v":"莿桐鄉","w":4.6,"c":1.5,"r":10},"geometry":{"type":"MultiPolygon","coordinates":[[[[118.754779,0.00109],[118.754779,0.00109],[118.754779,0.00109],[118.754779,0.00109],[118.754779,0.00109]]]]}},{"type":"Feature","properties":{"n":"巷道","v":"二崙鄉","w":0.9,"c":0.9,"r":0},"geometry":{"type":"MultiPolygon","coordinates":[[[[120.4176,23.797825],[120.417482,23.797919],[120.417168,23.798086],[120.417034,23.798132],[120.416881,23.798218],[120.416586,23.798456],[120.416331,23.798638],[120.416119,23.798885],[120.415853,23.799121],[120.415314,23.799288],[120.415357,23.799317],[120.415867,23.799155],[120.416156,23.79891],[120.416366,23.798662],[120.416891,23.798265],[120.417052,23.798181],[120.417154,23.798142],[120.417498,23.79796],[120.41761,23.797855],[120.4176,23.797825]]]]}},{"type":"Feature","properties":{"n":"參天宮","v":"褒忠鄉","w":4.18,"c":2.18,"r":2},"geometry":{"type":"MultiPolygon","coordinates":[[[[120.285004,23.708468],[120.284076,23.708532],[120.284092,23.708655],[120.283861,23.708665],[120.283875,23.708704],[120.284124,23.708687],[120.284113,23.708557],[120.28502,23.708505],[120.285004,23.708468]]]]}},{"type":"Feature","properties":{"n":"參天宮","v":"褒忠鄉","w":4.1,"c":2.15,"r":2},"geometry":{"type":"MultiPolygon","coordinates":[[[[120.284985,23.708325],[120.284108,23.708389],[120.284089,23.70829],[120.283381,23.708359],[120.283389,23.708403],[120.283657,23.708372],[120.283654,23.708389],[120.28367,23.708428],[120.283681,23.70844],[120.283703,23.708457],[120.283748,23.708462],[120.283796,23.708462],[120.283829,23.70844],[120.283823,23.708367],[120.284054,23.70834],[120.284057,23.70843],[120.28499,23.708364],[120.284985,23.708325]]]]}},{"type":"Feature","properties":{"n":"興工街","v":"元長鄉","w":2.4,"c":1.5,"r":2},"geometry":{"type":"MultiPolygon","coordinates":[[[[120.333537,23.613833],[120.332344,23.614],[120.332263,23.613993],[120.332175,23.613966],[120.332132,23.613916],[120.332097,23.613862],[120.331984,23.613248],[120.331681,23.611502],[120.33163,23.611505],[120.332048,23.613864],[120.332088,23.613945],[120.332145,23.613994],[120.33222,23.614031],[120.332332,23.614043],[120.33355,23.613876],[120.333537,23.613833]]]]}},{"type":"Feature","properties":{"n":"經建街","v":"元長鄉","w":1.7,"c":0.8,"r":2},"geometry":{"type":"MultiPolygon","coordinates":[[[[120.331578,23.611505],[120.331216,23.611559],[120.331122,23.611541],[120.331038,23.611487],[120.331012,23.611394],[120.330851,23.610556],[120.330672,23.609576],[120.330685,23.609396],[120.330744,23.609333],[120.330841,23.609293],[120.331028,23.609281],[120.331321,23.609276],[120.331731,23.609283],[120.331793,23.609306],[120.331884,23.609362],[120.331905,23.609443],[120.33224,23.611217],[120.332272,23.611268],[120.332302,23.611268],[120.332994,23.611175],[120.333055,23.611158],[120.333063,23.611101],[120.332323,23.611229],[120.332296,23.611187],[120.331944,23.609342],[120.331917,23.609312],[120.331759,23.609231],[120.330858,23.609224],[120.330753,23.609268],[120.330697,23.6093],[120.330625,23.609351],[120.330606,23.609536],[120.330845,23.610845],[120.330977,23.611484],[120.331017,23.61155],[120.33106,23.611577],[120.331192,23.611602],[120.331626,23.611565],[120.33161,23.611501],[120.331578,23.611505]]]]}},{"type":"Feature","properties":{"n":"興工街","v":"元長鄉","w":2.2,"c":0.8,"r":2},"geometry":{"type":"MultiPolygon","coordinates":[[[[120.333506,23.613714],[120.333496,23.613662],[120.332356,23.613846],[120.332307,23.613849],[120.332265,23.613827],[120.331984,23.612204],[120.331874,23.611587],[120.331858,23.611563],[120.331858,23.611538],[120.331871,23.611514],[120.331896,23.611501],[120.333084,23.61131],[120.333073,23.61127],[120.333027,23.611275],[120.331853,23.611469],[120.33182,23.611494],[120.33181,23.611523],[120.33181,23.611573],[120.331826,23.611622],[120.33221,23.61383],[120.332234,23.613874],[120.332304,23.613893],[120.332374,23.613893],[120.333506,23.613714]]]]}},{"type":"Feature","properties":{"n":"經建街","v":"元長鄉","w":1.9,"c":0.6,"r":2},"geometry":{"type":"MultiPolygon","coordinates":[[[[120.331191,23.611468],[120.332108,23.611313],[120.332124,23.611288],[120.332114,23.611188],[120.331964,23.610303],[120.331809,23.609522],[120.331737,23.609377],[120.331718,23.609365],[120.331541,23.609357],[120.330865,23.609357],[120.330814,23.609382],[120.330744,23.609507],[120.330926,23.61052],[120.331097,23.611419],[120.331124,23.611451],[120.331161,23.611461],[120.331172,23.611446],[120.331167,23.611414],[120.331129,23.61138],[120.330962,23.610505],[120.33083,23.609714],[120.330777,23.609507],[120.330841,23.609419],[120.330884,23.609397],[120.331678,23.609404],[120.331759,23.609512],[120.332075,23.61125],[120.331192,23.611421],[120.331191,23.611468]]]]}},{"type":"Feature","properties":{"n":"元南路","v":"元長鄉","w":3.1,"c":3.1,"r":0},"geometry":{"type":"MultiPolygon","coordinates":[[[[120.32012,23.643206],[120.317957,23.644448],[120.317984,23.644478],[120.32014,23.643254],[120.32012,23.643206]]]]}},{"type":"Feature","properties":{"n":"元南路","v":"元長鄉","w":1.9,"c":1.9,"r":0},"geometry":{"type":"MultiPolygon","coordinates":[[[[120.317252,23.644873],[120.317273,23.644907],[120.31785,23.644583],[120.317834,23.644539],[120.317252,23.644873]]]]}},{"type":"Feature","properties":{"n":"元南路","v":"元長鄉","w":1.93,"c":0,"r":0},"geometry":{"type":"MultiPolygon","coordinates":[[[[120.317228,23.644884],[120.315696,23.645762],[120.315733,23.645809],[120.317263,23.644922],[120.317236,23.644882],[120.317228,23.644884]]]]}},{"type":"Feature","properties":{"n":"南天府","v":"元長鄉","w":2,"c":2,"r":0},"geometry":{"type":"MultiPolygon","coordinates":[[[[120.310579,23.679253],[120.310526,23.679281],[120.310665,23.679672],[120.31066,23.679709],[120.310166,23.679944],[120.310102,23.67993],[120.310037,23.679596],[120.310172,23.679424],[120.310217,23.679399],[120.310378,23.67934],[120.310493,23.67932],[120.310501,23.679263],[120.310464,23.679041],[120.310357,23.678629],[120.310335,23.678592],[120.310008,23.678739],[120.309949,23.67871],[120.309834,23.678702],[120.309721,23.678702],[120.309536,23.678722],[120.30942,23.678759],[120.309426,23.678801],[120.309442,23.678784],[120.309506,23.678761],[120.309831,23.678725],[120.309965,23.678759],[120.310003,23.678779],[120.310306,23.678641],[120.310378,23.678943],[120.310445,23.679275],[120.310233,23.679341],[120.310139,23.679393],[120.31004,23.67952],[120.31,23.679592],[120.31,23.679648],[120.310053,23.679963],[120.310166,23.679985],[120.310713,23.679729],[120.310713,23.679692],[120.310579,23.679253]]]]}}]}